submitit INFO (2024-09-25 08:38:12,999) - Starting with JobEnvironment(job_id=2021079_4, hostname=gpu21003.pleiades.uni-wuppertal.de, local_rank=0(1), node=0(1), global_rank=0(1))
submitit INFO (2024-09-25 08:38:12,999) - Loading pickle: /beegfs/holzenkamp/dev/active_learning/active/../../experiments/aspirin/candidate_based_al/rmd17_full_rmd17_energy/GPR_soap_atomistic_atomistic_sum1/combinations3_1000-likelihood-no_fast_pred/.submitit/2021079_4/2021079_4_submitted.pkl
[2024-09-25 08:38:16,315][__main__][INFO] - Running on host: gpu21003.pleiades.uni-wuppertal.de
[2024-09-25 08:38:16,315][__main__][INFO] - Init trajectory.
[2024-09-25 08:38:18,201][__main__][INFO] - Run experiment

AL interation 0/1000.

mae: 0.18827431001018463
max_error: 0.8761641616775151
variance: 0.020729227725931547
pearson: 0.09570804232999312
p-valu: 1.0031411248717045e-197

AL interation 1/1000.

mae: 0.18812823896579592
max_error: 0.8758604028568406
variance: 0.020759583213359502
pearson: 0.09806659532037719
p-valu: 1.567569527136502e-207

AL interation 2/1000.

mae: 0.1872753596262324
max_error: 0.8938304067460177
variance: 0.02068508915340235
pearson: 0.08878271172300747
p-valu: 2.5330400089477028e-170

AL interation 3/1000.

mae: 0.1872613637408211
max_error: 0.8936812218293575
variance: 0.020675619914567303
pearson: 0.08963851968782596
p-valu: 1.357030851849905e-173

AL interation 4/1000.

mae: 0.187456794419037
max_error: 0.8894349922656168
variance: 0.02072560681960663
pearson: 0.09133964523525169
p-valu: 3.4234035905304453e-180

AL interation 5/1000.

mae: 0.18708283220816413
max_error: 0.8903670517581403
variance: 0.020638346825669483
pearson: 0.08835747826362557
p-valu: 1.0546625373256426e-168

AL interation 6/1000.

mae: 0.18678732149606675
max_error: 0.8742228550521531
variance: 0.020263324581463443
pearson: 0.08793993311945081
p-valu: 4.00206104815049e-167

AL interation 7/1000.

mae: 0.1871233348333168
max_error: 0.8693021176909195
variance: 0.02026376105030866
pearson: 0.09237188193544782
p-valu: 2.977863461203776e-184

AL interation 8/1000.

mae: 0.18697362983442498
max_error: 0.865646857415415
variance: 0.020313508001246365
pearson: 0.09212440173353674
p-valu: 2.8498136599694544e-183

AL interation 9/1000.

mae: 0.1870623139099418
max_error: 0.86618712654289
variance: 0.020339864774417054
pearson: 0.0932757474375689
p-valu: 7.572944371123196e-188

AL interation 10/1000.

mae: 0.187142776687896
max_error: 0.8636602234609754
variance: 0.020354405286009014
pearson: 0.09508700201660573
p-valu: 3.659230056355771e-195

AL interation 11/1000.

mae: 0.1870695616910628
max_error: 0.8654999529643987
variance: 0.02033174186204281
pearson: 0.09595470948386359
p-valu: 1.0210821215123277e-198

AL interation 12/1000.

mae: 0.18782497459355058
max_error: 0.862157621500625
variance: 0.02047554202674348
pearson: 0.1005445581962507
p-valu: 4.498863788673901e-218

AL interation 13/1000.

mae: 0.18842443375868084
max_error: 0.8598575213865267
variance: 0.020670271747488422
pearson: 0.10478625456073881
p-valu: 8.846336394104362e-237

AL interation 14/1000.

mae: 0.18810561977182869
max_error: 0.8619817736526869
variance: 0.020588543566271024
pearson: 0.10317664943377465
p-valu: 1.3843267156127923e-229

AL interation 15/1000.

mae: 0.18780984510447027
max_error: 0.86153462629062
variance: 0.020525665124878616
pearson: 0.10182552550677908
p-valu: 1.238801288459996e-223

AL interation 16/1000.

mae: 0.18716550796768347
max_error: 0.8442143311231796
variance: 0.020363335232884375
pearson: 0.10329391689625964
p-valu: 4.224341933063881e-230

AL interation 17/1000.

mae: 0.1871652708737764
max_error: 0.8443747285472121
variance: 0.020358228103595218
pearson: 0.1038121428133436
p-valu: 2.1005992883358223e-232

AL interation 18/1000.

mae: 0.18705094843520284
max_error: 0.848585033687872
variance: 0.020336467167179087
pearson: 0.10464113635152042
p-valu: 4.090854384646735e-236

AL interation 19/1000.

mae: 0.18735481178525606
max_error: 0.8490116830801959
variance: 0.02036854724640787
pearson: 0.10780799346974562
p-valu: 1.4227067561905528e-250

AL interation 20/1000.

mae: 0.18773023062407856
max_error: 0.8577013241870617
variance: 0.02048565397091624
pearson: 0.10966048028358141
p-valu: 3.1071516041773307e-259

AL interation 21/1000.

mae: 0.18785744443866428
max_error: 0.8554613740900958
variance: 0.02049808548756902
pearson: 0.10855901568221188
p-valu: 4.6153470614839535e-254

AL interation 22/1000.

mae: 0.18761541932280107
max_error: 0.8689802221405749
variance: 0.020429576025707462
pearson: 0.10489874050950518
p-valu: 2.8943027401360446e-237

AL interation 23/1000.

mae: 0.18748798073018133
max_error: 0.8689584093780418
variance: 0.020448037945373452
pearson: 0.10376236823394436
p-valu: 3.617708692272025e-232

AL interation 24/1000.

mae: 0.18789484730505615
max_error: 0.868369122697068
variance: 0.020559295739134977
pearson: 0.10453940589312358
p-valu: 1.2116991943986327e-235

AL interation 25/1000.

mae: 0.18792762107126262
max_error: 0.8695313678689214
variance: 0.020563094056453186
pearson: 0.10481602007437667
p-valu: 6.942350869710671e-237

AL interation 26/1000.

mae: 0.18717335091868015
max_error: 0.8684171944214327
variance: 0.020509294049869627
pearson: 0.10536134723893487
p-valu: 2.404880001902147e-239

AL interation 27/1000.

mae: 0.1872933141918796
max_error: 0.8672987554490668
variance: 0.02053670307436294
pearson: 0.10637181485497879
p-valu: 6.103746453310782e-244

AL interation 28/1000.

mae: 0.18790536563150226
max_error: 0.8725460427431297
variance: 0.02081290438206001
pearson: 0.10997050123289445
p-valu: 1.1192810601727025e-260

AL interation 29/1000.

mae: 0.1883870705864154
max_error: 0.8792240477287567
variance: 0.020895478550297445
pearson: 0.11204064670593106
p-valu: 1.460229593828948e-270

AL interation 30/1000.

mae: 0.1879080858368522
max_error: 0.8762561884325386
variance: 0.02078574527751897
pearson: 0.11104290181975507
p-valu: 9.035932388486053e-266

AL interation 31/1000.

mae: 0.18737995224295054
max_error: 0.8666146012250096
variance: 0.020592024652476854
pearson: 0.10933299105614885
p-valu: 1.157762522223354e-257

AL interation 32/1000.

mae: 0.18516255892242575
max_error: 0.8646780634768554
variance: 0.02007350168815859
pearson: 0.10450414811845835
p-valu: 1.8232545055201908e-235

AL interation 33/1000.

mae: 0.18517726973791895
max_error: 0.8643072760990691
variance: 0.020068055780081036
pearson: 0.10539364213115118
p-valu: 1.7857798041343642e-239

AL interation 34/1000.

mae: 0.18517167016593783
max_error: 0.8646216188540983
variance: 0.02005922656535927
pearson: 0.10536050004214227
p-valu: 2.5371102731145224e-239

AL interation 35/1000.

mae: 0.1852811003779601
max_error: 0.8668549048198315
variance: 0.020078780260247835
pearson: 0.10537370463192261
p-valu: 2.2231822112228664e-239

AL interation 36/1000.

mae: 0.18537229621158707
max_error: 0.867282978701839
variance: 0.020088941017243546
pearson: 0.10556235777461236
p-valu: 3.1214214088194467e-240

AL interation 37/1000.

mae: 0.18583419324743355
max_error: 0.8707580661197509
variance: 0.02015184427281358
pearson: 0.10751768334167221
p-valu: 3.4882107034917516e-249

AL interation 38/1000.

mae: 0.1856351422401017
max_error: 0.8636003390466964
variance: 0.020044534288344056
pearson: 0.10430483836142267
p-valu: 1.476401690462564e-234

AL interation 39/1000.

mae: 0.18562437251955846
max_error: 0.8636812109134047
variance: 0.01997875371142672
pearson: 0.10382390171889169
p-valu: 2.0975473781439652e-232

AL interation 40/1000.

mae: 0.18580844294439086
max_error: 0.8658162236593436
variance: 0.019973830649492742
pearson: 0.10414867737779736
p-valu: 7.468180304610243e-234

AL interation 41/1000.

mae: 0.18589301544406647
max_error: 0.8633310883045242
variance: 0.019969830336623015
pearson: 0.10414918672218604
p-valu: 7.469753846711684e-234

AL interation 42/1000.

mae: 0.1858601931368619
max_error: 0.8707526767725439
variance: 0.01998470119127105
pearson: 0.1039150893871589
p-valu: 8.35402899648149e-233

AL interation 43/1000.

mae: 0.18579031945530322
max_error: 0.8700296046960436
variance: 0.019967866364975533
pearson: 0.10415635389360435
p-valu: 7.01420506278262e-234

AL interation 44/1000.

mae: 0.18579783639170788
max_error: 0.8701649864914769
variance: 0.01996800909921332
pearson: 0.10442475394620433
p-valu: 4.423955513576088e-235

AL interation 45/1000.

mae: 0.186294568016531
max_error: 0.8717015826635032
variance: 0.02006387284883701
pearson: 0.10163922564974948
p-valu: 9.435925461754987e-223

AL interation 46/1000.

mae: 0.18614392599541482
max_error: 0.8797492923933906
variance: 0.020006683701300168
pearson: 0.09992031605324939
p-valu: 2.5948702846906594e-215

AL interation 47/1000.

mae: 0.18492088800581385
max_error: 0.8727663041066699
variance: 0.01963159012659517
pearson: 0.09983564828129607
p-valu: 6.015623507720247e-215

AL interation 48/1000.

mae: 0.18485126546561953
max_error: 0.8730280849457672
variance: 0.019616544787698555
pearson: 0.1000438894231731
p-valu: 7.729347225904346e-216

AL interation 49/1000.

mae: 0.18479290238570065
max_error: 0.8715267039167505
variance: 0.01960861085912818
pearson: 0.0993176278157469
p-valu: 9.94496382836174e-213

AL interation 50/1000.

mae: 0.1847117610427229
max_error: 0.8773559930332091
variance: 0.019578253636783928
pearson: 0.10051420900169174
p-valu: 7.379050640686069e-218

AL interation 51/1000.

mae: 0.1845557290683801
max_error: 0.8764479933213178
variance: 0.019577207816273815
pearson: 0.10085302302370952
p-valu: 2.545584848070388e-219

AL interation 52/1000.

mae: 0.18441405874380495
max_error: 0.8741784529352911
variance: 0.019563607120315255
pearson: 0.09892332460382738
p-valu: 4.801434333163689e-211

AL interation 53/1000.

mae: 0.1842649357598301
max_error: 0.8724233482343472
variance: 0.01953866415363009
pearson: 0.09846414463686966
p-valu: 4.248248416209024e-209

AL interation 54/1000.

mae: 0.18425905918581317
max_error: 0.8674784776674517
variance: 0.019536824870084207
pearson: 0.0982462739516115
p-valu: 3.5466265624286482e-208

AL interation 55/1000.

mae: 0.18399559410832875
max_error: 0.870217870634771
variance: 0.01948872578080001
pearson: 0.09865223379154639
p-valu: 6.870479370155742e-210

AL interation 56/1000.

mae: 0.1840365698818236
max_error: 0.8706160079030526
variance: 0.019496334978252358
pearson: 0.098443872932287
p-valu: 5.250520296010589e-209

AL interation 57/1000.

mae: 0.18402545522341768
max_error: 0.8715518196905961
variance: 0.019499027884802095
pearson: 0.09904161861769346
p-valu: 1.5473692206675047e-211

AL interation 58/1000.

mae: 0.18429188722273812
max_error: 0.8705525776391078
variance: 0.01963148775478606
pearson: 0.09920535405444714
p-valu: 3.127903364237803e-212

AL interation 59/1000.

mae: 0.18435726355551335
max_error: 0.8757382118651476
variance: 0.01968597440378583
pearson: 0.09902074689879663
p-valu: 1.9167997980220915e-211

AL interation 60/1000.

mae: 0.18435242590820627
max_error: 0.8792511990742455
variance: 0.019689934068581317
pearson: 0.09970573386323635
p-valu: 2.3113583502610775e-214

AL interation 61/1000.

mae: 0.18449340365487274
max_error: 0.873513028612712
variance: 0.019719159370244856
pearson: 0.10022379363374136
p-valu: 1.391199945660142e-216

AL interation 62/1000.

mae: 0.1838827475221493
max_error: 0.8839213030404256
variance: 0.019692393777121744
pearson: 0.09839998277896261
p-valu: 8.284144439386165e-209

AL interation 63/1000.

mae: 0.18383602484430578
max_error: 0.8824800515131002
variance: 0.01966081675383552
pearson: 0.09931866385469063
p-valu: 1.0552483149893521e-212

AL interation 64/1000.

mae: 0.18388468082663606
max_error: 0.8903490583838778
variance: 0.01962739423579979
pearson: 0.09953567901659421
p-valu: 1.2576724776643778e-213

AL interation 65/1000.

mae: 0.18389487692848638
max_error: 0.8949501815636598
variance: 0.019611847233727945
pearson: 0.09876250301779493
p-valu: 2.461669542159224e-210

AL interation 66/1000.

mae: 0.18400857044610358
max_error: 0.8938751333544124
variance: 0.01963371028394393
pearson: 0.09923630260964683
p-valu: 2.402622221954182e-212

AL interation 67/1000.

mae: 0.18427081171142037
max_error: 0.8853368287676613
variance: 0.019686449409332108
pearson: 0.09272207381543351
p-valu: 1.5724755558337186e-185

AL interation 68/1000.

mae: 0.18434053587199806
max_error: 0.8856434157956468
variance: 0.01969706414111442
pearson: 0.0926756105994576
p-valu: 2.4158557720756463e-185

AL interation 69/1000.

mae: 0.18482145804286243
max_error: 0.8866229099065377
variance: 0.01971722255029999
pearson: 0.09102000389552238
p-valu: 7.975196904395065e-179

AL interation 70/1000.

mae: 0.18467214964659262
max_error: 0.8908173142718914
variance: 0.0197406866001408
pearson: 0.09105593162846747
p-valu: 5.799597043316635e-179

AL interation 71/1000.

mae: 0.1847571771898573
max_error: 0.893787746743155
variance: 0.019834891453966882
pearson: 0.09122831588724747
p-valu: 1.2358680003043216e-179

AL interation 72/1000.

mae: 0.1843996570763283
max_error: 0.8976027548657122
variance: 0.019752874704411612
pearson: 0.09068487564937076
p-valu: 1.6283860298930666e-177

AL interation 73/1000.

mae: 0.18438811006479625
max_error: 0.8895204197662423
variance: 0.019714771064532437
pearson: 0.09152056797619973
p-valu: 8.939355917706416e-181

AL interation 74/1000.

mae: 0.18473292967014646
max_error: 0.8783889042309045
variance: 0.019920059799473835
pearson: 0.09314221725558491
p-valu: 3.437382268509302e-187

AL interation 75/1000.

mae: 0.18505677900847278
max_error: 0.8860666092412979
variance: 0.019982225955104498
pearson: 0.0935586220401951
p-valu: 7.44656316413304e-189

AL interation 76/1000.

mae: 0.18504337387552494
max_error: 0.8724376401797009
variance: 0.019934323585987675
pearson: 0.09263237082409391
p-valu: 3.7134482298901434e-185

AL interation 77/1000.

mae: 0.18508676126227439
max_error: 0.873641462348898
variance: 0.019954128350515844
pearson: 0.09332271511411999
p-valu: 6.616424305991036e-188

AL interation 78/1000.

mae: 0.18516396251955575
max_error: 0.875730196393846
variance: 0.01996819102452277
pearson: 0.09372090946258455
p-valu: 1.6838496777730811e-189

AL interation 79/1000.

mae: 0.18516852224993813
max_error: 0.8760181175795161
variance: 0.01996700306583389
pearson: 0.09415584522093648
p-valu: 2.9981142473373216e-191

AL interation 80/1000.

mae: 0.1854376902584383
max_error: 0.8872698634368099
variance: 0.020096284154713817
pearson: 0.0942341074325146
p-valu: 1.454693524420308e-191

AL interation 81/1000.

mae: 0.18511244033123395
max_error: 0.8864368558186397
variance: 0.020080695949035738
pearson: 0.09243942097480651
p-valu: 2.2095990184431554e-184

AL interation 82/1000.

mae: 0.18516932103578246
max_error: 0.8823269078384506
variance: 0.020084960905866228
pearson: 0.09290318565252623
p-valu: 3.194080424709003e-186

AL interation 83/1000.

mae: 0.18454887529562125
max_error: 0.8755422510141972
variance: 0.01985767138013915
pearson: 0.08907783160080379
p-valu: 2.623807695296039e-171

AL interation 84/1000.

mae: 0.1840633676856153
max_error: 0.8701477024313746
variance: 0.019686060275852846
pearson: 0.08514794178584591
p-valu: 1.2003003112631436e-156

AL interation 85/1000.

mae: 0.18354391107588078
max_error: 0.861770669374172
variance: 0.019591293782887754
pearson: 0.08362023638877795
p-valu: 3.968015481498707e-151

AL interation 86/1000.

mae: 0.18365586388338936
max_error: 0.9206167082318188
variance: 0.019577759312384497
pearson: 0.08252682805281811
p-valu: 3.070208327671318e-147

AL interation 87/1000.

mae: 0.18348794699983803
max_error: 0.9199628531514481
variance: 0.01960170626820658
pearson: 0.08131359847048565
p-valu: 5.509708123435229e-143

AL interation 88/1000.

mae: 0.18355311414683798
max_error: 0.9198735297577905
variance: 0.01961013293446203
pearson: 0.08134878132479037
p-valu: 4.170129417852744e-143

AL interation 89/1000.

mae: 0.18386321717090276
max_error: 0.903542375194796
variance: 0.01959916950346144
pearson: 0.08113384864790922
p-valu: 2.3368343898962576e-142

AL interation 90/1000.

mae: 0.18375035364792933
max_error: 0.9016020411640149
variance: 0.01957204280854545
pearson: 0.08178949534658062
p-valu: 1.2162793956450764e-144

AL interation 91/1000.

mae: 0.1835848140894023
max_error: 0.8994062864267498
variance: 0.019549938801774223
pearson: 0.0818916844103981
p-valu: 5.353996785437996e-145

AL interation 92/1000.

mae: 0.18323792775363854
max_error: 0.9010686415243683
variance: 0.019484892218056025
pearson: 0.08266077926798197
p-valu: 1.0536516894865508e-147

AL interation 93/1000.

mae: 0.18299461864181255
max_error: 0.8949006872596676
variance: 0.019454852385316006
pearson: 0.08225267861898548
p-valu: 2.910684640013162e-146

AL interation 94/1000.

mae: 0.18299572721942653
max_error: 0.8956630022640759
variance: 0.019502810739911457
pearson: 0.08283066382720883
p-valu: 2.6558139709952855e-148

AL interation 95/1000.

mae: 0.18259687037969002
max_error: 0.9075747709464963
variance: 0.01944803610686104
pearson: 0.08030117169034084
p-valu: 1.7878470970765862e-139

AL interation 96/1000.

mae: 0.1824626770433928
max_error: 0.9052066942472408
variance: 0.019412758683599995
pearson: 0.08000734687551911
p-valu: 1.824324871502113e-138

AL interation 97/1000.

mae: 0.18240843754176825
max_error: 0.920587895185573
variance: 0.019430609559222507
pearson: 0.07956618281883318
p-valu: 5.861279583690486e-137

AL interation 98/1000.

mae: 0.18218263646052935
max_error: 0.9172780405689593
variance: 0.019396984238072578
pearson: 0.07983165735700615
p-valu: 7.318892837935979e-138

AL interation 99/1000.

mae: 0.18153945026972462
max_error: 0.9082615562305669
variance: 0.01926568416967564
pearson: 0.07832606095634884
p-valu: 9.070655272410229e-133

AL interation 100/1000.

mae: 0.18161985928679514
max_error: 0.8990820758389546
variance: 0.018701803582626086
pearson: 0.0779685501133739
p-valu: 1.4245048005361402e-131

AL interation 101/1000.

mae: 0.18198298619850858
max_error: 0.8982530877710069
variance: 0.01907168266318724
pearson: 0.07970136831222403
p-valu: 2.0563759879298436e-137

AL interation 102/1000.

mae: 0.18210965411863103
max_error: 0.8913009555866864
variance: 0.019090104727059572
pearson: 0.08088613792995104
p-valu: 1.760638409812472e-141

AL interation 103/1000.

mae: 0.18219310983309117
max_error: 0.8923823646278635
variance: 0.01909677994988933
pearson: 0.08093829552039461
p-valu: 1.1656896945784441e-141

AL interation 104/1000.

mae: 0.1820329493183458
max_error: 0.8960087672018062
variance: 0.019099312311295562
pearson: 0.08107746757506677
p-valu: 3.8527833054810976e-142

AL interation 105/1000.

mae: 0.18207998304851525
max_error: 0.8898036550980777
variance: 0.019019051984230356
pearson: 0.0800923465079772
p-valu: 9.60870973175617e-139

AL interation 106/1000.

mae: 0.18141259692133357
max_error: 0.9027667042254421
variance: 0.018984641359895083
pearson: 0.07845993144315
p-valu: 3.298103835128516e-133

AL interation 107/1000.

mae: 0.18163752799792648
max_error: 0.8965778638263444
variance: 0.019010174180884687
pearson: 0.07792372831194935
p-valu: 2.052714034651075e-131

AL interation 108/1000.

mae: 0.18162795796577516
max_error: 0.8920976442481603
variance: 0.01902948170199177
pearson: 0.07922909839934325
p-valu: 8.466642827356632e-136

AL interation 109/1000.

mae: 0.18216742987134762
max_error: 0.8909959346932013
variance: 0.019191562936357966
pearson: 0.08095128632437378
p-valu: 1.0719721123354874e-141

AL interation 110/1000.

mae: 0.18234543959483637
max_error: 0.8799427353041693
variance: 0.019056017208986767
pearson: 0.08243844886319882
p-valu: 6.834223618364282e-147

AL interation 111/1000.

mae: 0.18232264045296218
max_error: 0.8811340659884976
variance: 0.01901306519995855
pearson: 0.08093874011186568
p-valu: 1.1925574288223071e-141

AL interation 112/1000.

mae: 0.1822496103204937
max_error: 0.8818078398909535
variance: 0.019009190958376405
pearson: 0.08034537454558288
p-valu: 1.3316915752441514e-139

AL interation 113/1000.

mae: 0.18205844597889656
max_error: 0.8869836090833019
variance: 0.019002604959819713
pearson: 0.08068996073408743
p-valu: 8.693834053690067e-141

AL interation 114/1000.

mae: 0.1823715675357003
max_error: 0.8815204093732376
variance: 0.01904704919849802
pearson: 0.08071864494920067
p-valu: 6.944263022942344e-141

AL interation 115/1000.

mae: 0.18230756189853253
max_error: 0.8833717729974069
variance: 0.01906335562427413
pearson: 0.08103599245316209
p-valu: 5.5633600098481105e-142

AL interation 116/1000.

mae: 0.18225925301964097
max_error: 0.8810217491674166
variance: 0.0190169534379638
pearson: 0.08103098987980106
p-valu: 5.809083466255701e-142

AL interation 117/1000.

mae: 0.18228292901059046
max_error: 0.8817610508639788
variance: 0.019030435779141434
pearson: 0.081907693457903
p-valu: 5.1362234091614094e-145

AL interation 118/1000.

mae: 0.18250532634331795
max_error: 0.8698301823630814
variance: 0.019095060518946553
pearson: 0.08222564829993627
p-valu: 3.9444761178484077e-146

AL interation 119/1000.

mae: 0.18233444661677198
max_error: 0.8592253694850456
variance: 0.018986527711871197
pearson: 0.07869717074050764
p-valu: 5.478820621361536e-134

AL interation 120/1000.

mae: 0.18251889237189553
max_error: 0.8537329761680112
variance: 0.019028579550884016
pearson: 0.07880095745256303
p-valu: 2.458061941718711e-134

AL interation 121/1000.

mae: 0.18255314973520387
max_error: 0.8492065011059537
variance: 0.0190250845344639
pearson: 0.0788488664437415
p-valu: 1.7001409519840611e-134

AL interation 122/1000.

mae: 0.18248126465143116
max_error: 0.8887477125754515
variance: 0.0188452507080911
pearson: 0.07698322467722216
p-valu: 2.7939170779204053e-128

AL interation 123/1000.

mae: 0.1825942606341427
max_error: 0.8897518523749426
variance: 0.01889737880140932
pearson: 0.07670152205812716
p-valu: 2.3593592117370366e-127

AL interation 124/1000.

mae: 0.1826376195856365
max_error: 0.8921676673792831
variance: 0.01884879121603441
pearson: 0.07763780701763492
p-valu: 1.9299792926196355e-130

AL interation 125/1000.

mae: 0.18246469425313314
max_error: 0.9083748358110881
variance: 0.018794962089078198
pearson: 0.07707572050483416
p-valu: 1.3981005850501703e-128

AL interation 126/1000.

mae: 0.18230794942368955
max_error: 0.9015434452266504
variance: 0.01878654495960317
pearson: 0.0764614639925583
p-valu: 1.4535229856108121e-126

AL interation 127/1000.

mae: 0.18221641195619107
max_error: 0.9033850376431118
variance: 0.018787337816351297
pearson: 0.07647077447384633
p-valu: 1.3591523971055505e-126

AL interation 128/1000.

mae: 0.1817789170209586
max_error: 0.8920799930359422
variance: 0.01866897071635576
pearson: 0.07518569346833957
p-valu: 1.9914959998135515e-122

AL interation 129/1000.

mae: 0.18168300192973896
max_error: 0.8950902017649227
variance: 0.01862224346583197
pearson: 0.07492482540541605
p-valu: 1.3712868094183726e-121

AL interation 130/1000.

mae: 0.18168309272898592
max_error: 0.895086839916587
variance: 0.018622260726173782
pearson: 0.07537477801657358
p-valu: 4.935655800575099e-123

AL interation 131/1000.

mae: 0.1819351369467091
max_error: 0.9152863875491377
variance: 0.018667199683027096
pearson: 0.07550795819961517
p-valu: 1.8416728508381244e-123

AL interation 132/1000.

mae: 0.1820857956610978
max_error: 0.9162097927736923
variance: 0.018697356431112897
pearson: 0.07549544940440046
p-valu: 2.0268268362238928e-123

AL interation 133/1000.

mae: 0.18229961881057558
max_error: 0.9192719792416639
variance: 0.018741681734034732
pearson: 0.07622281508898382
p-valu: 8.912457685720693e-126

AL interation 134/1000.

mae: 0.18233140843847082
max_error: 0.9167024832402433
variance: 0.018734052363387415
pearson: 0.07695377077087083
p-valu: 3.619288438426663e-128

AL interation 135/1000.

mae: 0.18232259392672076
max_error: 0.9169830583495155
variance: 0.018730946103995953
pearson: 0.07675924860969054
p-valu: 1.580839410376359e-127

AL interation 136/1000.

mae: 0.18297471684639055
max_error: 0.93389063124323
variance: 0.01880160059807114
pearson: 0.0785952503721754
p-valu: 1.2714856621114103e-133

AL interation 137/1000.

mae: 0.18273505849450355
max_error: 0.9341345422228287
variance: 0.018795510743185074
pearson: 0.07916798058557586
p-valu: 1.494033259479221e-135

AL interation 138/1000.

mae: 0.18304695383640832
max_error: 0.9409316856455376
variance: 0.018911688140779953
pearson: 0.07966301279242734
p-valu: 3.126415387123937e-137

AL interation 139/1000.

mae: 0.1826574842544004
max_error: 0.9275486189923257
variance: 0.018757175101521945
pearson: 0.07920661402783356
p-valu: 1.1125328507353769e-135

AL interation 140/1000.

mae: 0.1820067172731707
max_error: 0.9379311534688739
variance: 0.018756162009231934
pearson: 0.0792790399465327
p-valu: 6.343567155084433e-136

AL interation 141/1000.

mae: 0.18191220942952646
max_error: 0.9413726977170214
variance: 0.018747837485905843
pearson: 0.07903955769159018
p-valu: 4.112417352140941e-135

AL interation 142/1000.

mae: 0.18219243886190117
max_error: 0.9494639177134445
variance: 0.01883651633373113
pearson: 0.07713825587561424
p-valu: 9.151512530413498e-129

AL interation 143/1000.

mae: 0.18224534276812654
max_error: 0.9495798178614479
variance: 0.018844419001880917
pearson: 0.07776886442406639
p-valu: 7.503922744201433e-131

AL interation 144/1000.

mae: 0.18347312888930495
max_error: 0.9551456682583961
variance: 0.018961681809298768
pearson: 0.07473826469155176
p-valu: 5.6492340109995665e-121

AL interation 145/1000.

mae: 0.18341138185150963
max_error: 0.9546834317220814
variance: 0.018937318899568373
pearson: 0.07427312868235932
p-valu: 1.713364699619367e-119

AL interation 146/1000.

mae: 0.1835007929868319
max_error: 0.9565425462238792
variance: 0.018956131507493933
pearson: 0.07442180234732841
p-valu: 5.791699901187541e-120

AL interation 147/1000.

mae: 0.18329063262105233
max_error: 0.9540799946953129
variance: 0.018964890626254272
pearson: 0.07320205676391257
p-valu: 4.076296833831019e-116

AL interation 148/1000.

mae: 0.1831557920002206
max_error: 0.9668799039681346
variance: 0.018939019959725467
pearson: 0.07014499293371716
p-valu: 9.33510397893226e-107

AL interation 149/1000.

mae: 0.18343489589950862
max_error: 0.9746077758300373
variance: 0.018836751716305982
pearson: 0.06897919647822516
p-valu: 2.7182250596344737e-103

AL interation 150/1000.

mae: 0.18341641843926074
max_error: 0.9654749597320134
variance: 0.018920125162266203
pearson: 0.06672137041766296
p-valu: 9.471594331409827e-97

AL interation 151/1000.

mae: 0.18287593988497888
max_error: 0.9692350361636457
variance: 0.01880550494661376
pearson: 0.06434745340453978
p-valu: 4.159114658447413e-90

AL interation 152/1000.

mae: 0.1824520282525515
max_error: 0.9583757247865492
variance: 0.018777052450084413
pearson: 0.06332991165464635
p-valu: 2.4704110079265673e-87

AL interation 153/1000.

mae: 0.18249566333891032
max_error: 0.9545111844386653
variance: 0.018792751775614375
pearson: 0.0636029007505224
p-valu: 4.5091135440489905e-88

AL interation 154/1000.

mae: 0.18245605726428618
max_error: 0.9531058470859008
variance: 0.018790701674718
pearson: 0.06402618372317763
p-valu: 3.176598839943047e-89

AL interation 155/1000.

mae: 0.18269356575599824
max_error: 0.9611297350175008
variance: 0.01891451901975484
pearson: 0.06316193523881367
p-valu: 7.060942359760486e-87

AL interation 156/1000.

mae: 0.18266356179721038
max_error: 0.9647884981526218
variance: 0.01891337041833664
pearson: 0.062354664245209766
p-valu: 1.0284142655595569e-84

AL interation 157/1000.

mae: 0.1824570311088837
max_error: 0.963500385660673
variance: 0.018850542297748685
pearson: 0.06212028675961722
p-valu: 4.321277670248191e-84

AL interation 158/1000.

mae: 0.18314318639309005
max_error: 0.9649787226663875
variance: 0.019022564916161146
pearson: 0.06340025390381011
p-valu: 1.6135023851001138e-87

AL interation 159/1000.

mae: 0.18327775723155595
max_error: 0.9487032223380254
variance: 0.019062057505740304
pearson: 0.06472674245866573
p-valu: 3.8138974666891476e-91

AL interation 160/1000.

mae: 0.18230075644312457
max_error: 0.9379211072252218
variance: 0.018862184575397362
pearson: 0.06407829418241687
p-valu: 2.316639359356895e-89

AL interation 161/1000.

mae: 0.18229289064937182
max_error: 0.9353555665452831
variance: 0.01885261505589171
pearson: 0.06454803725549721
p-valu: 1.1919216766185905e-90

AL interation 162/1000.

mae: 0.18214505572782508
max_error: 0.9480078683602784
variance: 0.018661053435977123
pearson: 0.06275793656106736
p-valu: 8.72097126226021e-86

AL interation 163/1000.

mae: 0.18227285529806195
max_error: 0.9460593610377259
variance: 0.018702871762030338
pearson: 0.06376771196894099
p-valu: 1.6403158537519434e-88

AL interation 164/1000.

mae: 0.18223248006218
max_error: 0.944653275714046
variance: 0.018701149097193965
pearson: 0.06396729092315737
p-valu: 4.696451761019289e-89

AL interation 165/1000.

mae: 0.1823569887083848
max_error: 0.9429401975560125
variance: 0.018715526405587924
pearson: 0.0645424295032686
p-valu: 1.2454668904222533e-90

AL interation 166/1000.

mae: 0.18230102460778602
max_error: 0.9461440403646577
variance: 0.0187074486935786
pearson: 0.06466680128666545
p-valu: 5.666161478267689e-91

AL interation 167/1000.

mae: 0.18239758238804546
max_error: 0.9519866801173436
variance: 0.018729923657666396
pearson: 0.06415929086426077
p-valu: 1.410812839277085e-89

AL interation 168/1000.

mae: 0.18241329623011016
max_error: 0.9532782762397431
variance: 0.01879229417630835
pearson: 0.06304510377915067
p-valu: 1.495614785377374e-86

AL interation 169/1000.

mae: 0.18230715949095452
max_error: 0.9502056814895639
variance: 0.018792356939283095
pearson: 0.06359328328104814
p-valu: 4.946688663909596e-88

AL interation 170/1000.

mae: 0.1823827919541523
max_error: 0.951584275712591
variance: 0.01882089025667097
pearson: 0.06436841571720227
p-valu: 3.7895048796795555e-90

AL interation 171/1000.

mae: 0.1823224218411306
max_error: 0.9529607933581872
variance: 0.01883569963375381
pearson: 0.06438600574245099
p-valu: 3.397473058037784e-90

AL interation 172/1000.

mae: 0.18239437686931162
max_error: 0.9532139773884865
variance: 0.018776374977108507
pearson: 0.0633910819994894
p-valu: 1.7573569062251827e-87

AL interation 173/1000.

mae: 0.18240548524827904
max_error: 0.9534538127153667
variance: 0.018790781496218784
pearson: 0.06413641686134369
p-valu: 1.6499830026428184e-89

AL interation 174/1000.

mae: 0.18241339171573112
max_error: 0.94974557950259
variance: 0.01878316416194733
pearson: 0.06430892086124364
p-valu: 5.5662419227346115e-90

AL interation 175/1000.

mae: 0.18240202527393012
max_error: 0.9498924193909914
variance: 0.01876593159281132
pearson: 0.06398253079397975
p-valu: 4.3649505515666996e-89

AL interation 176/1000.

mae: 0.18205351283184157
max_error: 0.9418073173040966
variance: 0.018692244951465115
pearson: 0.06393283053034567
p-valu: 5.977624380164033e-89

AL interation 177/1000.

mae: 0.181858855967205
max_error: 0.9515149657597419
variance: 0.01863130048611958
pearson: 0.06354111907153562
p-valu: 6.964340374365788e-88

AL interation 178/1000.

mae: 0.18154693997519172
max_error: 0.9314627465253267
variance: 0.01854709174360704
pearson: 0.06319472265719547
p-valu: 6.032272692584801e-87

AL interation 179/1000.

mae: 0.18145123038970007
max_error: 0.9289128670894797
variance: 0.018461556212357077
pearson: 0.06273474507484073
p-valu: 1.0405594405469086e-85

AL interation 180/1000.

mae: 0.1809211798036363
max_error: 0.9286834510769211
variance: 0.018419980979186023
pearson: 0.06131045758959609
p-valu: 6.131930345194353e-82

AL interation 181/1000.

mae: 0.18086425796304278
max_error: 0.927249953991236
variance: 0.018390391978955235
pearson: 0.06153477591901792
p-valu: 1.5867427605222505e-82

AL interation 182/1000.

mae: 0.18091011661775552
max_error: 0.9272171959098046
variance: 0.01839401792777884
pearson: 0.06186147747280351
p-valu: 2.1940543893918863e-83

AL interation 183/1000.

mae: 0.1810095294534108
max_error: 0.9279944816915986
variance: 0.018423562767095104
pearson: 0.061865711965399334
p-valu: 2.1424192789218113e-83

AL interation 184/1000.

mae: 0.18091598347984
max_error: 0.932436855942413
variance: 0.01842208361551599
pearson: 0.06323845982440277
p-valu: 4.652912966860349e-87

AL interation 185/1000.

mae: 0.18090173324561185
max_error: 0.931627120275138
variance: 0.018406597043837
pearson: 0.06298674484300855
p-valu: 2.220660378701094e-86

AL interation 186/1000.

mae: 0.18070183707937035
max_error: 0.9323008436804514
variance: 0.018407941861139154
pearson: 0.06288876557285465
p-valu: 4.078273280108594e-86

AL interation 187/1000.

mae: 0.1806156324715302
max_error: 0.9323563925334213
variance: 0.018393596565067977
pearson: 0.06343960022062613
p-valu: 1.338812372940991e-87

AL interation 188/1000.

mae: 0.1795698420171064
max_error: 0.9213134360072814
variance: 0.01834673851365274
pearson: 0.0633719617716785
p-valu: 2.044539280581002e-87

AL interation 189/1000.

mae: 0.17938992963242834
max_error: 0.9228929421891223
variance: 0.018298164217945213
pearson: 0.06036221906827908
p-valu: 1.803940497850035e-79

AL interation 190/1000.

mae: 0.179740446070896
max_error: 0.9226862160379312
variance: 0.01837503456843069
pearson: 0.06043154539073252
p-valu: 1.1977826312897756e-79

AL interation 191/1000.

mae: 0.17987651919678535
max_error: 0.9196676005449831
variance: 0.01845461744931233
pearson: 0.06089539247302186
p-valu: 7.562530331888636e-81

AL interation 192/1000.

mae: 0.17828656637545445
max_error: 0.9181611247172299
variance: 0.018211549254043582
pearson: 0.060572706353984304
p-valu: 5.195200775608256e-80

AL interation 193/1000.

mae: 0.1782621352390646
max_error: 0.9185405502037867
variance: 0.018226771783751587
pearson: 0.06159980465020344
p-valu: 1.0954812321904221e-82

AL interation 194/1000.

mae: 0.17879478972156218
max_error: 0.9287430599160018
variance: 0.01834879249914288
pearson: 0.061652334495686655
p-valu: 7.985824068230058e-83

AL interation 195/1000.

mae: 0.1784685941216669
max_error: 0.9290023116469115
variance: 0.018192572025360145
pearson: 0.06038455407812626
p-valu: 1.597585746539323e-79

AL interation 196/1000.

mae: 0.17812771398591087
max_error: 0.9283157061020404
variance: 0.01812748386004141
pearson: 0.06107722585265216
p-valu: 2.5681114330780366e-81

AL interation 197/1000.

mae: 0.17811912095898047
max_error: 0.9263941505863613
variance: 0.018029689068774064
pearson: 0.05983878417322088
p-valu: 4.0237819230959936e-78

AL interation 198/1000.

mae: 0.1779028638836823
max_error: 0.9226571380486916
variance: 0.01799299757653265
pearson: 0.05947551650072286
p-valu: 3.387814311665436e-77

AL interation 199/1000.

mae: 0.178185217913362
max_error: 0.9220828822826945
variance: 0.018053440356370982
pearson: 0.0587828175157823
p-valu: 1.896470608755539e-75

AL interation 200/1000.

mae: 0.17827885793565926
max_error: 0.9171762325735102
variance: 0.01812090694689584
pearson: 0.05978275251114078
p-valu: 5.622654241557308e-78

AL interation 201/1000.

mae: 0.17838087556419696
max_error: 0.9094937308180135
variance: 0.018117940506735767
pearson: 0.05965106030922439
p-valu: 1.219548842785196e-77

AL interation 202/1000.

mae: 0.17850646823306232
max_error: 0.9131476667719056
variance: 0.018162287379705055
pearson: 0.05931938792340419
p-valu: 8.483988162134806e-77

AL interation 203/1000.

mae: 0.17856402920358114
max_error: 0.9133133773141964
variance: 0.018160258140891124
pearson: 0.059395456645096094
p-valu: 5.4545536551651585e-77

AL interation 204/1000.

mae: 0.1785627479649428
max_error: 0.9132397607163085
variance: 0.018159747539925143
pearson: 0.059086815401099294
p-valu: 3.292134762904356e-76

AL interation 205/1000.

mae: 0.17862079758640875
max_error: 0.9087628005839576
variance: 0.01820055937968974
pearson: 0.0589924225251157
p-valu: 5.701104194991371e-76

AL interation 206/1000.

mae: 0.17843328420206933
max_error: 0.9082036230983306
variance: 0.01818383427141741
pearson: 0.05958156996155668
p-valu: 1.848397563482181e-77

AL interation 207/1000.

mae: 0.17847710787903504
max_error: 0.9102850212507008
variance: 0.01819109756514166
pearson: 0.05959658025194796
p-valu: 1.6959627762881524e-77

AL interation 208/1000.

mae: 0.17843377898149795
max_error: 0.9101553198818237
variance: 0.018186250646584308
pearson: 0.06010360836125412
p-valu: 8.625300484452027e-79

AL interation 209/1000.

mae: 0.17884801143878765
max_error: 0.9140530508576319
variance: 0.018285115950542986
pearson: 0.05985074860806626
p-valu: 3.832362593620584e-78

AL interation 210/1000.

mae: 0.17884087700880544
max_error: 0.9150918821492127
variance: 0.01828028402791555
pearson: 0.05952906583761732
p-valu: 2.5308688382139448e-77

AL interation 211/1000.

mae: 0.17907029538237812
max_error: 0.9182047160385736
variance: 0.01833174188827396
pearson: 0.060138222153245845
p-valu: 7.069251074192575e-79

AL interation 212/1000.

mae: 0.1790126230604551
max_error: 0.919618708654113
variance: 0.018285944283717305
pearson: 0.06014129939122383
p-valu: 6.954542842319751e-79

AL interation 213/1000.

mae: 0.17844637998171098
max_error: 0.9188226327867142
variance: 0.018216079431764006
pearson: 0.05837784171215397
p-valu: 1.9969563173511828e-74

AL interation 214/1000.

mae: 0.1783273182458982
max_error: 0.9150125880069595
variance: 0.01805721442739625
pearson: 0.05886141655572013
p-valu: 1.2361113854718676e-75

AL interation 215/1000.

mae: 0.17853308878796742
max_error: 0.9062988984278206
variance: 0.018121086445109787
pearson: 0.060727187450748385
p-valu: 2.1596237786423916e-80

AL interation 216/1000.

mae: 0.17873328874380343
max_error: 0.9090938377613753
variance: 0.018166568988953274
pearson: 0.06068421559109395
p-valu: 2.7954356948423616e-80

AL interation 217/1000.

mae: 0.17874635984557186
max_error: 0.9089266502270448
variance: 0.018192414752562756
pearson: 0.06094128400585615
p-valu: 6.031940900578654e-81

AL interation 218/1000.

mae: 0.17882701116554317
max_error: 0.9093888322366155
variance: 0.018201528601583108
pearson: 0.060883892661654976
p-valu: 8.51873054610355e-81

AL interation 219/1000.

mae: 0.17915123649215176
max_error: 0.9102896963479026
variance: 0.018347233376315095
pearson: 0.06130241879272352
p-valu: 6.927840189401134e-82

AL interation 220/1000.

mae: 0.17909874554334668
max_error: 0.9050414775264386
variance: 0.01832452844439694
pearson: 0.06118296134135008
p-valu: 1.4238275786450072e-81

AL interation 221/1000.

mae: 0.17895719333404236
max_error: 0.8969900108238278
variance: 0.01832422486700394
pearson: 0.06026615850386745
p-valu: 3.3788368580607125e-79

AL interation 222/1000.

mae: 0.17894811875960365
max_error: 0.8971714723935946
variance: 0.018320806877656744
pearson: 0.06040035762731344
p-valu: 1.528393129043869e-79

AL interation 223/1000.

mae: 0.17895168441608664
max_error: 0.8971935689566379
variance: 0.018321823292937273
pearson: 0.05986211023844409
p-valu: 3.6762299858602054e-78

AL interation 224/1000.

mae: 0.1789413138743293
max_error: 0.887948089387308
variance: 0.01828279168393922
pearson: 0.060320543926426044
p-valu: 2.462033146170332e-79

AL interation 225/1000.

mae: 0.17859148834116678
max_error: 0.8845121227848125
variance: 0.01819668351455061
pearson: 0.061464802312072415
p-valu: 2.6326399014668573e-82

AL interation 226/1000.

mae: 0.17834204849045346
max_error: 0.8847429075065207
variance: 0.018137156807643568
pearson: 0.061565231926739586
p-valu: 1.4378921243024893e-82

AL interation 227/1000.

mae: 0.17820549282858356
max_error: 0.8843608217049876
variance: 0.01806011827456711
pearson: 0.060151605097705355
p-valu: 6.724640742780911e-79

AL interation 228/1000.

mae: 0.17826886162195515
max_error: 0.8906346285932614
variance: 0.0179405161492953
pearson: 0.06003890552447179
p-valu: 1.310074708438349e-78

AL interation 229/1000.

mae: 0.17831420467552953
max_error: 0.893275919999823
variance: 0.0179591717747847
pearson: 0.05975351882228381
p-valu: 7.0317905055226335e-78

AL interation 230/1000.

mae: 0.17853245804214823
max_error: 0.9072410119318022
variance: 0.017990085238189513
pearson: 0.06034084755548319
p-valu: 2.2070752897910282e-79

AL interation 231/1000.

mae: 0.1784923394922916
max_error: 0.9072734843649215
variance: 0.017977475726266113
pearson: 0.060344928245724516
p-valu: 2.158291977857587e-79

AL interation 232/1000.

mae: 0.17834752055141634
max_error: 0.8931749847168504
variance: 0.01800395864453699
pearson: 0.061326116468238316
p-valu: 6.155856855457946e-82

AL interation 233/1000.

mae: 0.17800744637258623
max_error: 0.8800178655573774
variance: 0.017970616927184095
pearson: 0.06313882746746387
p-valu: 9.527499383148588e-87

AL interation 234/1000.

mae: 0.1780444259073775
max_error: 0.8811840529552768
variance: 0.017994331041579416
pearson: 0.06368851322142173
p-valu: 3.112940402888207e-88

AL interation 235/1000.

mae: 0.17833559862820864
max_error: 0.8795879699144535
variance: 0.018025020531169
pearson: 0.06281719533356013
p-valu: 6.991982962524412e-86

AL interation 236/1000.

mae: 0.17854722531318898
max_error: 0.843322038173369
variance: 0.018146187727174933
pearson: 0.06331915934158547
p-valu: 3.1282219117616475e-87

AL interation 237/1000.

mae: 0.17880402782942476
max_error: 0.8439996420160583
variance: 0.018295773181627027
pearson: 0.06222341303839978
p-valu: 2.6885982373184984e-84

AL interation 238/1000.

mae: 0.17903806352118448
max_error: 0.8477505840616573
variance: 0.01832631944225317
pearson: 0.062220020831804994
p-valu: 2.7502473074639703e-84

AL interation 239/1000.

mae: 0.1791217454642228
max_error: 0.8548630580314978
variance: 0.018413256698224974
pearson: 0.06210923702980575
p-valu: 5.418869694782978e-84

AL interation 240/1000.

mae: 0.17916316359800882
max_error: 0.8555388292271999
variance: 0.01841761813722861
pearson: 0.06220564404650558
p-valu: 3.014417700734102e-84

AL interation 241/1000.

mae: 0.17915442384221109
max_error: 0.8560129684186109
variance: 0.018418413763982462
pearson: 0.06276930837086965
p-valu: 9.50604524277236e-86

AL interation 242/1000.

mae: 0.17915485036307296
max_error: 0.8560006131123998
variance: 0.01841843180109377
pearson: 0.06368293905120702
p-valu: 3.2763384373917455e-88

AL interation 243/1000.

mae: 0.17929958993931783
max_error: 0.857597433518734
variance: 0.018452380975617803
pearson: 0.06319331543103113
p-valu: 6.932624835084727e-87

AL interation 244/1000.

mae: 0.17926498652737863
max_error: 0.8575725639895353
variance: 0.018439719925058523
pearson: 0.0632442118524189
p-valu: 5.064691099603888e-87

AL interation 245/1000.

mae: 0.1791459945531153
max_error: 0.8502195307398068
variance: 0.01842110822130171
pearson: 0.06157066470961104
p-valu: 1.4426896346524688e-82

AL interation 246/1000.

mae: 0.17920746917543176
max_error: 0.8541851564173157
variance: 0.018476853178415832
pearson: 0.06006753380658532
p-valu: 1.143257988942937e-78

AL interation 247/1000.

mae: 0.1790094451238682
max_error: 0.8507015015966743
variance: 0.018404612792034192
pearson: 0.05943735616274541
p-valu: 4.618212211449939e-77

AL interation 248/1000.

mae: 0.1790718384105199
max_error: 0.8416779546379871
variance: 0.018410503249766175
pearson: 0.05840727496371861
p-valu: 1.791067221402712e-74

AL interation 249/1000.

mae: 0.1788277124863136
max_error: 0.8415619370626928
variance: 0.018369436304166074
pearson: 0.05672399493614735
p-valu: 2.428060804148434e-70

AL interation 250/1000.

mae: 0.17857398747503447
max_error: 0.8446288692810526
variance: 0.01840098681156231
pearson: 0.05635739876831015
p-valu: 1.8607655444656174e-69

AL interation 251/1000.

mae: 0.17829984490644274
max_error: 0.8402587473942447
variance: 0.018379484840989554
pearson: 0.055067409050815884
p-valu: 2.1602273395588193e-66

AL interation 252/1000.

mae: 0.17844687152619848
max_error: 0.9206177854588589
variance: 0.01833377598259679
pearson: 0.05665646031983932
p-valu: 3.552992845984926e-70

AL interation 253/1000.

mae: 0.17821128249824944
max_error: 0.9188046346393435
variance: 0.01826282119380091
pearson: 0.05668789421400647
p-valu: 2.9877558746747026e-70

AL interation 254/1000.

mae: 0.17816020157375823
max_error: 0.9194058695112659
variance: 0.01824633426236182
pearson: 0.05682049142651463
p-valu: 1.429580345008078e-70

AL interation 255/1000.

mae: 0.17815759825849342
max_error: 0.9197910273527867
variance: 0.01825781397529083
pearson: 0.05806494071948233
p-valu: 1.2831547766938034e-73

AL interation 256/1000.

mae: 0.17823777043922764
max_error: 0.9198441279178837
variance: 0.01827196211317152
pearson: 0.05845947059997351
p-valu: 1.3459690704360747e-74

AL interation 257/1000.

mae: 0.1781578074785616
max_error: 0.9254328565956627
variance: 0.018254573520575714
pearson: 0.05879515880869572
p-valu: 1.9531579196507023e-75

AL interation 258/1000.

mae: 0.17808209626843274
max_error: 0.9181764292710852
variance: 0.018250487972933455
pearson: 0.05898448980209226
p-valu: 6.548587748037677e-76

AL interation 259/1000.

mae: 0.17810785852070127
max_error: 0.9178448725174064
variance: 0.018251900475461165
pearson: 0.058902744436300274
p-valu: 1.0527524619400795e-75

AL interation 260/1000.

mae: 0.177737400244206
max_error: 0.9206751446930497
variance: 0.018223888123073188
pearson: 0.059448940964473604
p-valu: 4.4170742130909444e-77

AL interation 261/1000.

mae: 0.17771144524168483
max_error: 0.9203643523565148
variance: 0.018217082685476605
pearson: 0.05942616866523796
p-valu: 5.053702160187581e-77

AL interation 262/1000.

mae: 0.17693724956953566
max_error: 0.9181847273857642
variance: 0.018021096607788077
pearson: 0.05982054631099524
p-valu: 5.034165343686382e-78

AL interation 263/1000.

mae: 0.17641087453921148
max_error: 0.9129758929679213
variance: 0.017882459817023105
pearson: 0.05866561793496801
p-valu: 4.1648184911289177e-75

AL interation 264/1000.

mae: 0.17656002163509013
max_error: 0.9850532151930196
variance: 0.01810237242630717
pearson: 0.060181704430809876
p-valu: 6.02100692081582e-79

AL interation 265/1000.

mae: 0.1768021640409645
max_error: 0.9828064408136896
variance: 0.018133744450905168
pearson: 0.05956038715032515
p-valu: 2.32424877003011e-77

AL interation 266/1000.

mae: 0.176855343961397
max_error: 0.9815447952676521
variance: 0.018157589944899608
pearson: 0.05990666379433308
p-valu: 3.0568719008981343e-78

AL interation 267/1000.

mae: 0.1768490332220053
max_error: 0.981271745457633
variance: 0.018128913885659646
pearson: 0.06043667235247906
p-valu: 1.3381770147570689e-79

AL interation 268/1000.

mae: 0.17680850688311206
max_error: 0.9815366269643278
variance: 0.01812399851238489
pearson: 0.06012690787844948
p-valu: 8.38201397008771e-79

AL interation 269/1000.

mae: 0.17703862207258408
max_error: 0.9731945567888687
variance: 0.018150665105820134
pearson: 0.05981817282513408
p-valu: 5.169453716643322e-78

AL interation 270/1000.

mae: 0.17730233979026497
max_error: 0.9726793459489613
variance: 0.018169906063654623
pearson: 0.05970158169295371
p-valu: 1.0262160664990923e-77

AL interation 271/1000.

mae: 0.17708396988872657
max_error: 0.9646766705293714
variance: 0.018139399309328074
pearson: 0.05735821093647832
p-valu: 7.221661429079189e-72

AL interation 272/1000.

mae: 0.1773900983286121
max_error: 0.962420369124132
variance: 0.01821653189961966
pearson: 0.058602031452811204
p-valu: 6.099294998866784e-75

AL interation 273/1000.

mae: 0.17731363537977463
max_error: 0.962949406844146
variance: 0.018206363391301123
pearson: 0.05789108107110282
p-valu: 3.5578643135385884e-73

AL interation 274/1000.

mae: 0.17763348093278847
max_error: 0.9654020754150423
variance: 0.01833665079347713
pearson: 0.0560888320686517
p-valu: 8.510320926921561e-69

AL interation 275/1000.

mae: 0.17777874234252927
max_error: 0.9566280808195984
variance: 0.018423257533388512
pearson: 0.05818178802260941
p-valu: 6.8155341468410156e-74

AL interation 276/1000.

mae: 0.1779991164488434
max_error: 0.9559778378209813
variance: 0.01841435771634564
pearson: 0.056114210164370966
p-valu: 7.423910866352195e-69

AL interation 277/1000.

mae: 0.17789737334882375
max_error: 0.9445248386133898
variance: 0.018406680666062537
pearson: 0.055518408978648064
p-valu: 1.9444143639271633e-67

AL interation 278/1000.

mae: 0.17774389901526086
max_error: 0.9414657163324591
variance: 0.018464505164725805
pearson: 0.05553594577189537
p-valu: 1.7699301487923634e-67

AL interation 279/1000.

mae: 0.17768869526814582
max_error: 0.9414925606669016
variance: 0.018431834064967796
pearson: 0.05542125067468233
p-valu: 3.3101209009168956e-67

AL interation 280/1000.

mae: 0.17780334231155512
max_error: 0.9426889392551203
variance: 0.01844380111024372
pearson: 0.055556659327877476
p-valu: 1.5858508928179586e-67

AL interation 281/1000.

mae: 0.1777052174457907
max_error: 0.9489634737679609
variance: 0.018457578207793653
pearson: 0.055147006440116046
p-valu: 1.4702556558279297e-66

AL interation 282/1000.

mae: 0.1775904758440512
max_error: 0.9577015405309055
variance: 0.01850055062753762
pearson: 0.05420392866044986
p-valu: 2.3215690831209096e-64

AL interation 283/1000.

mae: 0.17881977069317406
max_error: 0.9544108670911413
variance: 0.018634436066454096
pearson: 0.05174417994921628
p-valu: 8.324165137989113e-59

AL interation 284/1000.

mae: 0.17855861333357237
max_error: 0.955388124363779
variance: 0.018668189945557183
pearson: 0.05228271725015192
p-valu: 5.333054690120016e-60

AL interation 285/1000.

mae: 0.17854195889451385
max_error: 0.9573148549800408
variance: 0.01864867459108706
pearson: 0.05331770701207155
p-valu: 2.502396533544287e-62

AL interation 286/1000.

mae: 0.17868145618146475
max_error: 0.9636145261284526
variance: 0.01863490829332074
pearson: 0.051692633675315125
p-valu: 1.0857350717121998e-58

AL interation 287/1000.

mae: 0.1786885081537418
max_error: 0.968107377474098
variance: 0.018647214798140768
pearson: 0.051790905263725706
p-valu: 6.600534671941083e-59

AL interation 288/1000.

mae: 0.17836593061894856
max_error: 0.9666155530510423
variance: 0.01859029177772144
pearson: 0.053408379934976644
p-valu: 1.5631290922231658e-62

AL interation 289/1000.

mae: 0.17828174503052752
max_error: 0.9679325402560153
variance: 0.018578745381092058
pearson: 0.054148196776545046
p-valu: 3.1546509342454984e-64

AL interation 290/1000.

mae: 0.17817599948434845
max_error: 0.9721475235733976
variance: 0.018535352964826435
pearson: 0.053422072395866556
p-valu: 1.4590445293230585e-62

AL interation 291/1000.

mae: 0.1781727841779859
max_error: 0.9721392346868214
variance: 0.01853519975700005
pearson: 0.054026253220376366
p-valu: 6.044001974346449e-64

AL interation 292/1000.

mae: 0.17817508240445137
max_error: 0.9721335331565228
variance: 0.01853525530929347
pearson: 0.054213214774350246
p-valu: 2.2425376987747993e-64

AL interation 293/1000.

mae: 0.17810899260994653
max_error: 0.9756140240217945
variance: 0.018506773326052543
pearson: 0.053599549689385795
p-valu: 5.770254602013415e-63

AL interation 294/1000.

mae: 0.1781048130903202
max_error: 0.9755878392005854
variance: 0.01850615126625305
pearson: 0.054078574869173855
p-valu: 4.5994871701192325e-64

AL interation 295/1000.

mae: 0.17801443741561346
max_error: 0.9785600423964809
variance: 0.018495149040707197
pearson: 0.05534321958120365
p-valu: 5.1848192330544856e-67

AL interation 296/1000.

mae: 0.17797783623955868
max_error: 0.9775435037933988
variance: 0.018495272066404656
pearson: 0.05541748184002597
p-valu: 3.468473424272771e-67

AL interation 297/1000.

mae: 0.1778678447395086
max_error: 0.9762612567958655
variance: 0.01845998443192352
pearson: 0.05620005981338742
p-valu: 4.782016784090113e-69

AL interation 298/1000.

mae: 0.1781184028423137
max_error: 0.981416469314027
variance: 0.01845643486445454
pearson: 0.0552893357428105
p-valu: 6.978437089818154e-67

AL interation 299/1000.

mae: 0.1780861882175051
max_error: 0.9790542178332657
variance: 0.018453646365991425
pearson: 0.055305899188376105
p-valu: 6.388427908695509e-67

AL interation 300/1000.

mae: 0.17816223844738965
max_error: 0.9902527746015721
variance: 0.018474158135429696
pearson: 0.05507086442187422
p-valu: 2.2846185524031516e-66

AL interation 301/1000.

mae: 0.1781045032551461
max_error: 0.9902711346477275
variance: 0.018460498983535585
pearson: 0.05484904492717297
p-valu: 7.568065754172775e-66

AL interation 302/1000.

mae: 0.17798690382317175
max_error: 0.9942880362927724
variance: 0.018383397752548984
pearson: 0.0541995001229284
p-valu: 2.4481228115612592e-64

AL interation 303/1000.

mae: 0.17780791277825198
max_error: 0.9922706980758136
variance: 0.01833839256972492
pearson: 0.0539708252351298
p-valu: 8.251081756443804e-64

AL interation 304/1000.

mae: 0.17776687738314734
max_error: 0.989130962703328
variance: 0.018366231475967765
pearson: 0.05423305739058776
p-valu: 2.0539407792355468e-64

AL interation 305/1000.

mae: 0.17766881799774073
max_error: 0.9896686721563981
variance: 0.01834271676825325
pearson: 0.05419259963601309
p-valu: 2.5508939856462337e-64

AL interation 306/1000.

mae: 0.17766212425766567
max_error: 0.9895219869821261
variance: 0.018354093546780387
pearson: 0.05442148998655166
p-valu: 7.544912754574262e-65

AL interation 307/1000.

mae: 0.17761254135039073
max_error: 0.9908180989427677
variance: 0.018358219592622543
pearson: 0.05412894656768223
p-valu: 3.588202515509073e-64

AL interation 308/1000.

mae: 0.17761340682191418
max_error: 0.9908098125104914
variance: 0.018358649490978804
pearson: 0.05498475325314828
p-valu: 3.6814408955956804e-66

AL interation 309/1000.

mae: 0.1773302860958682
max_error: 0.9952107571106126
variance: 0.01836003548891714
pearson: 0.05326122067768467
p-valu: 3.4794540826270044e-62

AL interation 310/1000.

mae: 0.17710283154945486
max_error: 0.9963770116778647
variance: 0.01832406577984552
pearson: 0.0535587407724918
p-valu: 7.328609833654865e-63

AL interation 311/1000.

mae: 0.17712858768279946
max_error: 1.0018973828237847
variance: 0.01833780163959467
pearson: 0.05464747008160664
p-valu: 2.2687151406752342e-65

AL interation 312/1000.

mae: 0.17707382081010672
max_error: 1.000522831074548
variance: 0.018312998813205864
pearson: 0.055081571779276514
p-valu: 2.1959771264988634e-66

AL interation 313/1000.

mae: 0.17748504121903427
max_error: 1.000335168213482
variance: 0.018392849501965115
pearson: 0.055475257895848125
p-valu: 2.600378300746256e-67

AL interation 314/1000.

mae: 0.1775265638353103
max_error: 0.9995731629490621
variance: 0.018389800429337105
pearson: 0.05583652303337207
p-valu: 3.6225704192384466e-68

AL interation 315/1000.

mae: 0.17728827786807608
max_error: 0.9997965314052664
variance: 0.01837835255692309
pearson: 0.055724506328352116
p-valu: 6.697634142006916e-68

AL interation 316/1000.

mae: 0.1771435157810762
max_error: 0.9983462377511785
variance: 0.018359024936983395
pearson: 0.05510224256799023
p-valu: 1.9758568720938335e-66

AL interation 317/1000.

mae: 0.17713249236168324
max_error: 0.9885400723399442
variance: 0.018370159154560098
pearson: 0.05429293941477493
p-valu: 1.5222485886264376e-64

AL interation 318/1000.

mae: 0.1770539492463209
max_error: 0.9962030670272668
variance: 0.01834839440296666
pearson: 0.05324947641729127
p-valu: 3.747412141081996e-62

AL interation 319/1000.

mae: 0.1773198903080773
max_error: 0.9989022574110464
variance: 0.01839829657914273
pearson: 0.05335789788196193
p-valu: 2.128694081541733e-62

AL interation 320/1000.

mae: 0.17731695608598297
max_error: 0.9988353353990647
variance: 0.018398053105359656
pearson: 0.05322968710612611
p-valu: 4.16733424881951e-62

AL interation 321/1000.

mae: 0.17728561738995752
max_error: 0.9992742868843578
variance: 0.018390764582203227
pearson: 0.0532251442851534
p-valu: 4.2734534384595435e-62

AL interation 322/1000.

mae: 0.17709949113340492
max_error: 1.000549866906539
variance: 0.018471057105962932
pearson: 0.05290014895973881
p-valu: 2.3234953609101306e-61

AL interation 323/1000.

mae: 0.17708293731977487
max_error: 1.002857310163293
variance: 0.018492314911902223
pearson: 0.05329685393950953
p-valu: 2.9464012335762888e-62

AL interation 324/1000.

mae: 0.1773111441124498
max_error: 1.0210432648940184
variance: 0.0186123015484012
pearson: 0.05210242190160821
p-valu: 1.4183006954118135e-59

AL interation 325/1000.

mae: 0.17728516962092858
max_error: 1.0210530144902066
variance: 0.018608032214874302
pearson: 0.0523297393861846
p-valu: 4.43246642194329e-60

AL interation 326/1000.

mae: 0.17724835984896653
max_error: 1.023510700257674
variance: 0.018561013836767896
pearson: 0.05112790462223269
p-valu: 1.9772019591393797e-57

AL interation 327/1000.

mae: 0.17730932945148273
max_error: 1.0248420469309707
variance: 0.01858570912190186
pearson: 0.051014462009543925
p-valu: 3.495198379982995e-57

AL interation 328/1000.

mae: 0.17687505528175956
max_error: 1.0221025153311984
variance: 0.018536828912279566
pearson: 0.04975724257626475
p-valu: 1.750247664882335e-54

AL interation 329/1000.

mae: 0.17689787108774827
max_error: 1.0197865261469303
variance: 0.018554258511446122
pearson: 0.04992573152674361
p-valu: 7.68811826634565e-55

AL interation 330/1000.

mae: 0.17696038539837694
max_error: 1.021657078410442
variance: 0.018575902560385396
pearson: 0.04981490657719091
p-valu: 1.323903804972687e-54

AL interation 331/1000.

mae: 0.1771884402698862
max_error: 1.0225606169226467
variance: 0.01860491383678482
pearson: 0.050397482106547264
p-valu: 7.562357141165845e-56

AL interation 332/1000.

mae: 0.17778138721517145
max_error: 1.0109297813869915
variance: 0.018739865360742305
pearson: 0.04800769435134517
p-valu: 7.752037488182736e-51

AL interation 333/1000.

mae: 0.17764671672519083
max_error: 1.0072999469191615
variance: 0.01868324374334588
pearson: 0.04849542328883424
p-valu: 7.710750601858511e-52

AL interation 334/1000.

mae: 0.177678306151223
max_error: 1.0077005398356818
variance: 0.018677988999165982
pearson: 0.04849356545985728
p-valu: 7.78841646615077e-52

AL interation 335/1000.

mae: 0.17812038584304848
max_error: 1.0082313702283159
variance: 0.01870983774404639
pearson: 0.047929945384044555
p-valu: 1.1216297816292433e-50

AL interation 336/1000.

mae: 0.1782895220749207
max_error: 1.0060332737741788
variance: 0.018737482301127276
pearson: 0.04728721103925595
p-valu: 2.261015246992612e-49

AL interation 337/1000.

mae: 0.17829232607903603
max_error: 1.0059912036683585
variance: 0.018735794387553246
pearson: 0.04770848837125393
p-valu: 3.1776794668011344e-50

AL interation 338/1000.

mae: 0.17832063740873239
max_error: 1.0059385815964248
variance: 0.01873483628892839
pearson: 0.04783799595909563
p-valu: 1.7336768552537182e-50

AL interation 339/1000.

mae: 0.1787591075955301
max_error: 1.0137770105931736
variance: 0.018848246897588114
pearson: 0.046906886223976096
p-valu: 1.315462058207243e-48

AL interation 340/1000.

mae: 0.17886823376648908
max_error: 1.0144612307014569
variance: 0.01886406769519206
pearson: 0.045575495678061156
p-valu: 5.537361637131863e-46

AL interation 341/1000.

mae: 0.1788206056479073
max_error: 1.0148803657325232
variance: 0.018853249813222818
pearson: 0.045661385619488085
p-valu: 3.773674793574931e-46

AL interation 342/1000.

mae: 0.17881011690874044
max_error: 1.017601964925774
variance: 0.018871439584484048
pearson: 0.04616151331711953
p-valu: 3.968633143733451e-47

AL interation 343/1000.

mae: 0.17844713711830038
max_error: 1.0187647070385708
variance: 0.018828508232836872
pearson: 0.04626913304113209
p-valu: 2.438636552072302e-47

AL interation 344/1000.

mae: 0.17882817115583852
max_error: 1.022062779940157
variance: 0.01886568681323604
pearson: 0.044213183387212564
p-valu: 2.2486383537486126e-43

AL interation 345/1000.

mae: 0.17861056456242863
max_error: 1.0207817379483686
variance: 0.01876371058470019
pearson: 0.04340608868902372
p-valu: 7.23822204608946e-42

AL interation 346/1000.

mae: 0.17858279131104535
max_error: 1.0147065209312984
variance: 0.01871777082780874
pearson: 0.04377434974251958
p-valu: 1.4987478739668123e-42

AL interation 347/1000.

mae: 0.17860867410082162
max_error: 1.0153685903675722
variance: 0.018729078131810815
pearson: 0.04379593562296229
p-valu: 1.3672814286711473e-42

AL interation 348/1000.

mae: 0.17860664590047107
max_error: 1.0164109835682922
variance: 0.01870290504692802
pearson: 0.043253400398258576
p-valu: 1.3896576633182475e-41

AL interation 349/1000.

mae: 0.17841701402330848
max_error: 1.0129116020667368
variance: 0.018653870806750655
pearson: 0.04328873476654755
p-valu: 1.19711707396578e-41

AL interation 350/1000.

mae: 0.17836521225995822
max_error: 1.0127739526523953
variance: 0.018662920386062574
pearson: 0.04348461201557156
p-valu: 5.20311482434323e-42

AL interation 351/1000.

mae: 0.17837567082508585
max_error: 1.0127096758807852
variance: 0.018662769892874104
pearson: 0.04393526357865462
p-valu: 7.53388599992889e-43

AL interation 352/1000.

mae: 0.17858811090353147
max_error: 1.0203012401120475
variance: 0.01870321891995623
pearson: 0.04522156840710825
p-valu: 2.7132970420732546e-45

AL interation 353/1000.

mae: 0.17848675832421593
max_error: 1.0209170424013791
variance: 0.0186919763658492
pearson: 0.04529093045249433
p-valu: 1.9960323919097447e-45

AL interation 354/1000.

mae: 0.17820284202180234
max_error: 1.0198060128936106
variance: 0.01866226652620421
pearson: 0.04625755549074754
p-valu: 2.600840461556056e-47

AL interation 355/1000.

mae: 0.17825669722578466
max_error: 1.0198909078943927
variance: 0.018668274636046773
pearson: 0.04675519917136085
p-valu: 2.6880709761728994e-48

AL interation 356/1000.

mae: 0.17828339094505663
max_error: 1.0200210378595784
variance: 0.01867309496402666
pearson: 0.047174677025002006
p-valu: 3.8951546188623114e-49

AL interation 357/1000.

mae: 0.17832341905483476
max_error: 1.0207133501878332
variance: 0.018678477706273684
pearson: 0.047222834243001534
p-valu: 3.120106835222322e-49

AL interation 358/1000.

mae: 0.17829760195776367
max_error: 1.0202374151898823
variance: 0.018686550803687876
pearson: 0.04749478499787837
p-valu: 8.829568698129606e-50

AL interation 359/1000.

mae: 0.17816433677855548
max_error: 1.0182463405562032
variance: 0.01867744975053235
pearson: 0.047702822043298836
p-valu: 3.3462684918983365e-50

AL interation 360/1000.

mae: 0.17830062062947605
max_error: 1.0150085935667903
variance: 0.018713748907880697
pearson: 0.0481932276582783
p-valu: 3.336764361296018e-51

AL interation 361/1000.

mae: 0.17862900968528356
max_error: 1.016398599482926
variance: 0.018762100309433868
pearson: 0.04820417183786064
p-valu: 3.172205164891805e-51

AL interation 362/1000.

mae: 0.17879382325573379
max_error: 1.012979272582811
variance: 0.018779163940764513
pearson: 0.0477236109173144
p-valu: 3.0464554903405353e-50

AL interation 363/1000.

mae: 0.17897951359463338
max_error: 1.0110017426909792
variance: 0.018794076181968458
pearson: 0.04792058701229052
p-valu: 1.2106024367941686e-50

AL interation 364/1000.

mae: 0.17898070761381876
max_error: 1.009092598284326
variance: 0.01877276506444865
pearson: 0.047834991243633586
p-valu: 1.8116899009746932e-50

AL interation 365/1000.

mae: 0.17891969235080218
max_error: 1.0141550510315938
variance: 0.01874437413893884
pearson: 0.049491847609816085
p-valu: 6.669063166110678e-54

AL interation 366/1000.

mae: 0.17891502008262106
max_error: 1.013928357343815
variance: 0.018742553241741258
pearson: 0.049656122014355306
p-valu: 3.0041922577198264e-54

AL interation 367/1000.

mae: 0.1791849560320965
max_error: 1.0147068257912792
variance: 0.01879599411759453
pearson: 0.048758431102847534
p-valu: 2.289720036678582e-52

AL interation 368/1000.

mae: 0.17918529982516385
max_error: 1.0148169499301503
variance: 0.018796285917775216
pearson: 0.048796043000217865
p-valu: 1.9149439842157664e-52

AL interation 369/1000.

mae: 0.17916618820366761
max_error: 1.0146737812420241
variance: 0.018793006965215252
pearson: 0.04892284697731076
p-valu: 1.0441875697085842e-52

AL interation 370/1000.

mae: 0.1791803701552729
max_error: 1.0163473861903185
variance: 0.018775866276904935
pearson: 0.04943337213327445
p-valu: 8.911079812764873e-54

AL interation 371/1000.

mae: 0.1792238394871917
max_error: 1.0156170399447717
variance: 0.018782213892279152
pearson: 0.04969481207195333
p-valu: 2.5035779899890267e-54

AL interation 372/1000.

mae: 0.1790791876883414
max_error: 1.0136710536911266
variance: 0.018753691225503567
pearson: 0.04993760452946452
p-valu: 7.655421645834634e-55

AL interation 373/1000.

mae: 0.1791630888477398
max_error: 1.014081273134451
variance: 0.018788177750805303
pearson: 0.04991453254410479
p-valu: 8.581679896164319e-55

AL interation 374/1000.

mae: 0.17908924753448796
max_error: 1.0129514013725611
variance: 0.018768325616911323
pearson: 0.049928733950194114
p-valu: 8.015345222706211e-55

AL interation 375/1000.

mae: 0.1790908700346187
max_error: 1.013004648134114
variance: 0.01876106146623696
pearson: 0.05015621556104137
p-valu: 2.628146967225387e-55

AL interation 376/1000.

mae: 0.1790993180831183
max_error: 1.010549046891839
variance: 0.01874883209679516
pearson: 0.05036878411118472
p-valu: 9.229622348606152e-56

AL interation 377/1000.

mae: 0.17910935077772472
max_error: 1.0109856105550534
variance: 0.018758118155880264
pearson: 0.050547071445598245
p-valu: 3.824970029321254e-56

AL interation 378/1000.

mae: 0.1796150974752947
max_error: 1.0123094002643995
variance: 0.018705995475539916
pearson: 0.05230055236598927
p-valu: 5.537860358909603e-60

AL interation 379/1000.

mae: 0.1794248498296266
max_error: 1.0194194287400933
variance: 0.018695326633393714
pearson: 0.05243846010945509
p-valu: 2.731520149659758e-60

AL interation 380/1000.

mae: 0.1792823715030261
max_error: 1.0187912045772123
variance: 0.018646083476720483
pearson: 0.053399277654533193
p-valu: 1.8705227691667773e-62

AL interation 381/1000.

mae: 0.17931339856381884
max_error: 1.0145327748583668
variance: 0.018647088081154548
pearson: 0.05304066660460868
p-valu: 1.2168515704292603e-61

AL interation 382/1000.

mae: 0.17863081559460506
max_error: 0.9976974800229073
variance: 0.01853177391564125
pearson: 0.05313276614299778
p-valu: 7.545148401290399e-62

AL interation 383/1000.

mae: 0.17834215107548693
max_error: 1.0029729948677186
variance: 0.018493306990250518
pearson: 0.05183009142908043
p-valu: 6.156463387226486e-59

AL interation 384/1000.

mae: 0.17782728746224044
max_error: 1.004044634128661
variance: 0.01833245928834598
pearson: 0.049928895008048264
p-valu: 8.110019055462567e-55

AL interation 385/1000.

mae: 0.17780258454368375
max_error: 1.0041151558248202
variance: 0.018335295332843442
pearson: 0.050316849542437266
p-valu: 1.206435254252377e-55

AL interation 386/1000.

mae: 0.1779144087865394
max_error: 1.0047031010836065
variance: 0.018335293181288244
pearson: 0.050308140928104025
p-valu: 1.2609984578330514e-55

AL interation 387/1000.

mae: 0.1780595032345821
max_error: 1.0081430402753426
variance: 0.018366584982379527
pearson: 0.051529422284144054
p-valu: 2.839894323454171e-58

AL interation 388/1000.

mae: 0.17823227511626258
max_error: 1.0082771151891166
variance: 0.018400018234412945
pearson: 0.050882041954040634
p-valu: 7.334963002173915e-57

AL interation 389/1000.

mae: 0.17824475597988915
max_error: 1.0089460903394354
variance: 0.018411100058517333
pearson: 0.05113878289192882
p-valu: 2.033824717940309e-57

AL interation 390/1000.

mae: 0.17851975507391893
max_error: 1.0061788122991402
variance: 0.018393816986645432
pearson: 0.05012538588618363
p-valu: 3.1168150139802923e-55

AL interation 391/1000.

mae: 0.17871354810375362
max_error: 1.0054218511421311
variance: 0.018413707477063522
pearson: 0.04979843508269884
p-valu: 1.5482331513032717e-54

AL interation 392/1000.

mae: 0.17871542191530002
max_error: 1.0045903539310075
variance: 0.018429534863943203
pearson: 0.049711253677539306
p-valu: 2.371838105983371e-54

AL interation 393/1000.

mae: 0.1788727461055456
max_error: 1.0044049470973562
variance: 0.018465748139371567
pearson: 0.04947060627665227
p-valu: 7.652332313970938e-54

AL interation 394/1000.

mae: 0.17772415656268778
max_error: 0.9737766099871408
variance: 0.018278949422539145
pearson: 0.04686394030589915
p-valu: 1.70319794441683e-48

AL interation 395/1000.

mae: 0.17766465300853332
max_error: 0.974970311124963
variance: 0.01828361039309949
pearson: 0.04693567140406115
p-valu: 1.2259223361634407e-48

AL interation 396/1000.

mae: 0.17770377740237717
max_error: 0.9751996465239188
variance: 0.018252533943560356
pearson: 0.047414186238544834
p-valu: 1.341363664513534e-49

AL interation 397/1000.

mae: 0.1778309970655254
max_error: 0.9755024767574412
variance: 0.018276440468907435
pearson: 0.04729765087654343
p-valu: 2.307085604274892e-49

AL interation 398/1000.

mae: 0.17808405733301547
max_error: 0.976725973767401
variance: 0.01832517508176038
pearson: 0.04685972277722824
p-valu: 1.7442192789029506e-48

AL interation 399/1000.

mae: 0.17806663513562174
max_error: 0.9793057902362818
variance: 0.018351282398684735
pearson: 0.046972017748698136
p-valu: 1.0416115755295385e-48

AL interation 400/1000.

mae: 0.17852915018365065
max_error: 0.982102824379524
variance: 0.01845220326834096
pearson: 0.04579296218089034
p-valu: 2.2251733855823177e-46

AL interation 401/1000.

mae: 0.17809943504782014
max_error: 0.9791477576371648
variance: 0.018435785215216233
pearson: 0.04511078113243336
p-valu: 4.6615633815260786e-45

AL interation 402/1000.

mae: 0.17821809263315158
max_error: 0.9718650266583495
variance: 0.018371842318216855
pearson: 0.04480121093169777
p-valu: 1.827257080722871e-44

AL interation 403/1000.

mae: 0.17766151839753844
max_error: 0.9749732080352942
variance: 0.01829411755119246
pearson: 0.04503178372231959
p-valu: 6.623445747734422e-45

AL interation 404/1000.

mae: 0.17756442952964616
max_error: 0.9729793632316017
variance: 0.01826261928068014
pearson: 0.0456087346526928
p-valu: 5.1026338380910526e-46

AL interation 405/1000.

mae: 0.17757998018981933
max_error: 0.9719382104226071
variance: 0.01826708492731095
pearson: 0.04595423900805899
p-valu: 1.0828096384005718e-46

AL interation 406/1000.

mae: 0.17757540273783687
max_error: 0.9734815271523445
variance: 0.018278320950379665
pearson: 0.046076500861662414
p-valu: 6.243193858325103e-47

AL interation 407/1000.

mae: 0.17751095914342227
max_error: 0.9748256229926824
variance: 0.018268055045245077
pearson: 0.045720660890326545
p-valu: 3.100783941493225e-46

AL interation 408/1000.

mae: 0.17700304137877715
max_error: 0.9746815259323682
variance: 0.017990879945920676
pearson: 0.04305203849315328
p-valu: 3.4486663950262943e-41

AL interation 409/1000.

mae: 0.1777450379707111
max_error: 0.9778833958259412
variance: 0.01808910421408948
pearson: 0.04203621886543432
p-valu: 2.396174582418356e-39

AL interation 410/1000.

mae: 0.17772149329381814
max_error: 0.976660418607679
variance: 0.01809052329971875
pearson: 0.042369919279296585
p-valu: 6.022783236607837e-40

AL interation 411/1000.

mae: 0.1777148153573732
max_error: 0.9766173442460087
variance: 0.018085977244200933
pearson: 0.04284676882290364
p-valu: 8.212719870458089e-41

AL interation 412/1000.

mae: 0.1775766025448146
max_error: 0.9645107894563125
variance: 0.018050029974095622
pearson: 0.04334154904237439
p-valu: 1.0150205786717495e-41

AL interation 413/1000.

mae: 0.17724430502292252
max_error: 0.965318406555852
variance: 0.01802513031042798
pearson: 0.04327227646266558
p-valu: 1.3636143404587483e-41

AL interation 414/1000.

mae: 0.17677120152179246
max_error: 0.9670785593797007
variance: 0.017950596487523375
pearson: 0.042542708329052825
p-valu: 2.943033872471299e-40

AL interation 415/1000.

mae: 0.1766467949046432
max_error: 0.9622595698950391
variance: 0.0178386258771467
pearson: 0.042858172080712326
p-valu: 7.857290453461075e-41

AL interation 416/1000.

mae: 0.17668778073952757
max_error: 0.9627098945982056
variance: 0.017845807949880173
pearson: 0.042974553715974924
p-valu: 4.818172350241894e-41

AL interation 417/1000.

mae: 0.17678505653661872
max_error: 0.9624078297994743
variance: 0.01782382462005091
pearson: 0.04300766339613245
p-valu: 4.194152455931541e-41

AL interation 418/1000.

mae: 0.17660404836334123
max_error: 0.9561706938013543
variance: 0.01778245465630532
pearson: 0.042049605009221246
p-valu: 2.2856750066988524e-39

AL interation 419/1000.

mae: 0.1766209277240787
max_error: 0.9564044640320333
variance: 0.01778272152524671
pearson: 0.042252732595035154
p-valu: 9.876144442549075e-40

AL interation 420/1000.

mae: 0.17655975620275602
max_error: 0.9590958065531083
variance: 0.01775821918197707
pearson: 0.04198828679133674
p-valu: 2.948288620074245e-39

AL interation 421/1000.

mae: 0.1765244742793048
max_error: 0.959486062653383
variance: 0.01776886588799565
pearson: 0.04213105226655275
p-valu: 1.6372260169721367e-39

AL interation 422/1000.

mae: 0.17604110301471204
max_error: 0.9609121186344964
variance: 0.01767444992309378
pearson: 0.04128384940223777
p-valu: 5.249524461453787e-38

AL interation 423/1000.

mae: 0.17574301477257367
max_error: 0.9473473070492275
variance: 0.017656940751937297
pearson: 0.04178182694168101
p-valu: 6.905362668153554e-39

AL interation 424/1000.

mae: 0.17574698250363638
max_error: 0.9478633035709265
variance: 0.01765168839119171
pearson: 0.04170331278858766
p-valu: 9.532673951987411e-39

AL interation 425/1000.

mae: 0.17579715301983556
max_error: 0.9486299749064386
variance: 0.01766232546061509
pearson: 0.042022725458007504
p-valu: 2.569576275582674e-39

AL interation 426/1000.

mae: 0.17584580714610587
max_error: 0.9476324627169532
variance: 0.017656628638358582
pearson: 0.04179852716482025
p-valu: 6.46539450702074e-39

AL interation 427/1000.

mae: 0.17520695038524947
max_error: 0.9445249628756898
variance: 0.017610971315102183
pearson: 0.039972505482251425
p-valu: 9.829725786376358e-36

AL interation 428/1000.

mae: 0.17419344646846635
max_error: 0.9630769012487406
variance: 0.017507140609111124
pearson: 0.04026644678859488
p-valu: 3.0921488502703065e-36

AL interation 429/1000.

mae: 0.17426661086205422
max_error: 0.9635691923404721
variance: 0.017524500455949825
pearson: 0.04015711979652646
p-valu: 4.764145116472323e-36

AL interation 430/1000.

mae: 0.17426578637603898
max_error: 0.9639672703225415
variance: 0.01753197743637288
pearson: 0.04046673375674224
p-valu: 1.4008826500599008e-36

AL interation 431/1000.

mae: 0.17430254051028177
max_error: 0.9644427982611603
variance: 0.017568479063607343
pearson: 0.04056670126652383
p-valu: 9.422074948121871e-37

AL interation 432/1000.

mae: 0.17411865125322562
max_error: 0.9562763118977387
variance: 0.017522920220851976
pearson: 0.040376208843321874
p-valu: 2.0093748486972354e-36

AL interation 433/1000.

mae: 0.17409872430491954
max_error: 0.9548916827318266
variance: 0.017513039941617698
pearson: 0.04059736113467434
p-valu: 8.353001106315083e-37

AL interation 434/1000.

mae: 0.1746740860010763
max_error: 0.9616051229717755
variance: 0.017552121882152112
pearson: 0.04006289930992658
p-valu: 6.931301789719604e-36

AL interation 435/1000.

mae: 0.1746364669585135
max_error: 0.9614709599786977
variance: 0.017527912110289874
pearson: 0.04010110904505283
p-valu: 5.968888975762847e-36

AL interation 436/1000.

mae: 0.17468614574916663
max_error: 0.9606779426680703
variance: 0.017543456569637468
pearson: 0.04042534248511448
p-valu: 1.659178505809534e-36

AL interation 437/1000.

mae: 0.17480325007604997
max_error: 0.9625513107800998
variance: 0.01754041721168735
pearson: 0.04102685696445605
p-valu: 1.5009375273819615e-37

AL interation 438/1000.

mae: 0.17490062500797163
max_error: 0.955868361460773
variance: 0.017595525273703155
pearson: 0.041221937481728706
p-valu: 6.837582099811175e-38

AL interation 439/1000.

mae: 0.17490319568320495
max_error: 0.9565327284641825
variance: 0.017612996213705115
pearson: 0.04137634790573683
p-valu: 3.660770428817124e-38

AL interation 440/1000.

mae: 0.17445917300051506
max_error: 0.9445657301985193
variance: 0.017495054123696056
pearson: 0.04262177599361221
p-valu: 2.1660352926675596e-40

AL interation 441/1000.

mae: 0.17447746679892395
max_error: 0.9434366464303565
variance: 0.017488725486924307
pearson: 0.04261146153380623
p-valu: 2.2635284331174087e-40

AL interation 442/1000.

mae: 0.17458996880173738
max_error: 0.9421262437371212
variance: 0.017488686698659123
pearson: 0.04276454169991271
p-valu: 1.1935589678451089e-40

AL interation 443/1000.

mae: 0.17468692361948115
max_error: 0.9461066661052797
variance: 0.017503084373434293
pearson: 0.04164117447619293
p-valu: 1.2495466706315294e-38

AL interation 444/1000.

mae: 0.17464812957987405
max_error: 0.9427215628350041
variance: 0.01741504805936556
pearson: 0.04182239454064862
p-valu: 5.956056645891955e-39

AL interation 445/1000.

mae: 0.17447112267896928
max_error: 0.9373827730513682
variance: 0.017380971469883676
pearson: 0.04100868940844346
p-valu: 1.6257604749507984e-37

AL interation 446/1000.

mae: 0.17440517177343487
max_error: 0.9358839720048451
variance: 0.017370503785232243
pearson: 0.041311270475354864
p-valu: 4.795321623683417e-38

AL interation 447/1000.

mae: 0.17419867047462897
max_error: 0.9450831432907023
variance: 0.017332199920462806
pearson: 0.04144108518360104
p-valu: 2.8337674160723425e-38

AL interation 448/1000.

mae: 0.17417555172799257
max_error: 0.9461258705710662
variance: 0.017315204439545994
pearson: 0.04180874366940604
p-valu: 6.321266036004195e-39

AL interation 449/1000.

mae: 0.17425144427135203
max_error: 0.9552291044031591
variance: 0.017355823784679467
pearson: 0.04186518373062484
p-valu: 5.0188172797397564e-39

AL interation 450/1000.

mae: 0.1741170307107745
max_error: 0.9506330800448808
variance: 0.017414988007171114
pearson: 0.04027068854885699
p-valu: 3.095868784787376e-36

AL interation 451/1000.

mae: 0.1739642426443001
max_error: 0.9493973969745895
variance: 0.017383954375050113
pearson: 0.04019739296145073
p-valu: 4.138047546815665e-36

AL interation 452/1000.

mae: 0.17397195921261363
max_error: 0.9495113604188816
variance: 0.017381426035289003
pearson: 0.04040698963054712
p-valu: 1.8080726198799948e-36

AL interation 453/1000.

mae: 0.1739780120540023
max_error: 0.9495572407930126
variance: 0.01737480911164646
pearson: 0.04091193992647335
p-valu: 2.4145151951399062e-37

AL interation 454/1000.

mae: 0.17385340014864875
max_error: 0.9479707038643568
variance: 0.01733807407430002
pearson: 0.04064097422948647
p-valu: 7.143864902157302e-37

AL interation 455/1000.

mae: 0.1737520499605401
max_error: 0.9450356244634435
variance: 0.017318878729438304
pearson: 0.04095573019875934
p-valu: 2.0286007225869274e-37

AL interation 456/1000.

mae: 0.17377979463841092
max_error: 0.9407564413610743
variance: 0.01732257880253612
pearson: 0.04091849046434752
p-valu: 2.3578149225243736e-37

AL interation 457/1000.

mae: 0.17406127641742727
max_error: 0.9423671820124184
variance: 0.017398707135931862
pearson: 0.04052463588303036
p-valu: 1.1380695065282995e-36

AL interation 458/1000.

mae: 0.17404877234212562
max_error: 0.9430282365304947
variance: 0.01739976697864151
pearson: 0.04114090704958433
p-valu: 9.649030906053507e-38

AL interation 459/1000.

mae: 0.17399346865855642
max_error: 0.9426635275874276
variance: 0.017390382244187104
pearson: 0.04111008503022814
p-valu: 1.0935816283430817e-37

AL interation 460/1000.

mae: 0.17401801749039064
max_error: 0.9430681760794215
variance: 0.0173880984678324
pearson: 0.04117325507941226
p-valu: 8.482235690262699e-38

AL interation 461/1000.

mae: 0.17412486282923847
max_error: 0.9428515555171657
variance: 0.017400659818011675
pearson: 0.040971499645552314
p-valu: 1.9137216437945055e-37

AL interation 462/1000.

mae: 0.17412542982232754
max_error: 0.9428515440257286
variance: 0.017400931701763118
pearson: 0.040972437002318
p-valu: 1.9081379064195143e-37

AL interation 463/1000.

mae: 0.1738643059326062
max_error: 0.9359427387421846
variance: 0.017395542538180635
pearson: 0.03949537210898802
p-valu: 6.500516639034525e-35

AL interation 464/1000.

mae: 0.17385048234477843
max_error: 0.9359433932413737
variance: 0.017396336418281432
pearson: 0.03933899610942334
p-valu: 1.1911144641337961e-34

AL interation 465/1000.

mae: 0.17352644231600206
max_error: 0.9332393817102513
variance: 0.017322450701069282
pearson: 0.03981473391366379
p-valu: 1.8793099128002337e-35

AL interation 466/1000.

mae: 0.17310696085487068
max_error: 0.939474593342112
variance: 0.01725543673236586
pearson: 0.039124234400253186
p-valu: 2.726944236558807e-34

AL interation 467/1000.

mae: 0.17306151658841043
max_error: 0.9395138960394291
variance: 0.017261714658021957
pearson: 0.03937143024193013
p-valu: 1.053357938105331e-34

AL interation 468/1000.

mae: 0.17293344499474353
max_error: 0.9341588258656373
variance: 0.017288915032750582
pearson: 0.03721907487285786
p-valu: 3.4372831145412437e-31

AL interation 469/1000.

mae: 0.17293179903416586
max_error: 0.9337130050075757
variance: 0.01729617913422559
pearson: 0.03724630902450203
p-valu: 3.113756449450981e-31

AL interation 470/1000.

mae: 0.17269266154668356
max_error: 0.9328080134736041
variance: 0.017242843198192276
pearson: 0.03688600019645949
p-valu: 1.1562174340460337e-30

AL interation 471/1000.

mae: 0.17261957095004363
max_error: 0.9327379292501661
variance: 0.017250353302811296
pearson: 0.037232262103208284
p-valu: 3.282424229564783e-31

AL interation 472/1000.

mae: 0.17267514299862763
max_error: 0.9334829170200294
variance: 0.017278684656865016
pearson: 0.03777056376323304
p-valu: 4.5277262761327694e-32

AL interation 473/1000.

mae: 0.1724763638503803
max_error: 0.9336530884107503
variance: 0.01720301063103496
pearson: 0.03722589905412678
p-valu: 3.364352120223469e-31

AL interation 474/1000.

mae: 0.17245811374345005
max_error: 0.9357588075304619
variance: 0.017151715448343475
pearson: 0.03748513713316906
p-valu: 1.3012075245468846e-31

AL interation 475/1000.

mae: 0.17237133072376587
max_error: 0.9362234338376254
variance: 0.017146536149782603
pearson: 0.037623982316404
p-valu: 7.80493068696429e-32

AL interation 476/1000.

mae: 0.17253675839300675
max_error: 0.9248876547089822
variance: 0.017128746651422305
pearson: 0.036640702267987824
p-valu: 2.8142009134825944e-30

AL interation 477/1000.

mae: 0.17262142708247513
max_error: 0.9276858762715818
variance: 0.017148900719160916
pearson: 0.03680707103171065
p-valu: 1.5457134171427836e-30

AL interation 478/1000.

mae: 0.17284701723144855
max_error: 0.9274247024322761
variance: 0.017212269082503683
pearson: 0.03662886105507996
p-valu: 2.9406320784392698e-30

AL interation 479/1000.

mae: 0.17288338610898335
max_error: 0.9278718849770371
variance: 0.017215266175017622
pearson: 0.036120670716647485
p-valu: 1.8072978542488866e-29

AL interation 480/1000.

mae: 0.17286170936821296
max_error: 0.9289023942736918
variance: 0.017212421230619813
pearson: 0.03506325850872858
p-valu: 7.289242912053262e-28

AL interation 481/1000.

mae: 0.17292173090052643
max_error: 0.9263004795270291
variance: 0.01722898891891181
pearson: 0.03496416663643026
p-valu: 1.0256045895409818e-27

AL interation 482/1000.

mae: 0.17289334356655525
max_error: 0.9262457750384527
variance: 0.01724539471848937
pearson: 0.03505491615269869
p-valu: 7.511023029127098e-28

AL interation 483/1000.

mae: 0.17289976589231512
max_error: 0.9260259673266802
variance: 0.01726283288275288
pearson: 0.03468098732349123
p-valu: 2.7055547112759694e-27

AL interation 484/1000.

mae: 0.17292070890840872
max_error: 0.9259732137115435
variance: 0.017263053827389473
pearson: 0.03475586926714415
p-valu: 2.0969660934850432e-27

AL interation 485/1000.

mae: 0.1728035095319953
max_error: 0.9283649324029142
variance: 0.017270618387040065
pearson: 0.033956851186462064
p-valu: 3.1140249649341477e-26

AL interation 486/1000.

mae: 0.17280158643165516
max_error: 0.9284086820640027
variance: 0.01727403383248353
pearson: 0.03430784592216929
p-valu: 9.600251129886271e-27

AL interation 487/1000.

mae: 0.17295857757015443
max_error: 0.9296977827497273
variance: 0.01725884836386346
pearson: 0.034014279991103215
p-valu: 2.5735146444128806e-26

AL interation 488/1000.

mae: 0.17271845724763027
max_error: 0.928888716515246
variance: 0.017201744010721203
pearson: 0.03363967993277926
p-valu: 8.946164491247189e-26

AL interation 489/1000.

mae: 0.17245618646791896
max_error: 0.9273467287023465
variance: 0.017126587594417642
pearson: 0.0336250892306051
p-valu: 9.393593503464946e-26

AL interation 490/1000.

mae: 0.1726273889993796
max_error: 0.9338316048061728
variance: 0.017142723364782196
pearson: 0.03399215466475411
p-valu: 2.775848415312676e-26

AL interation 491/1000.

mae: 0.1725562784457669
max_error: 0.9344655005439932
variance: 0.017159794726858406
pearson: 0.03466116161247364
p-valu: 2.908655856855688e-27

AL interation 492/1000.

mae: 0.17268162652768207
max_error: 0.9379867310811534
variance: 0.017211907347126718
pearson: 0.03435465228206153
p-valu: 8.227355299728365e-27

AL interation 493/1000.

mae: 0.17263684296003368
max_error: 0.9346236936323322
variance: 0.017186020447238076
pearson: 0.03450803085899297
p-valu: 4.899822718873965e-27

AL interation 494/1000.

mae: 0.17228250353942204
max_error: 0.9391643932740408
variance: 0.017095727588151397
pearson: 0.035394212101294516
p-valu: 2.3395352576972383e-28

AL interation 495/1000.

mae: 0.1721265736465998
max_error: 0.9409708344349923
variance: 0.017070779147130916
pearson: 0.03538424140067422
p-valu: 2.4235620203555147e-28

AL interation 496/1000.

mae: 0.17214631680905199
max_error: 0.9393608769842956
variance: 0.017050783389364662
pearson: 0.03566770378054876
p-valu: 9.02054278489928e-29

AL interation 497/1000.

mae: 0.1720555132819566
max_error: 0.940586017312512
variance: 0.01701879833883005
pearson: 0.0359171757603111
p-valu: 3.755975517952008e-29

AL interation 498/1000.

mae: 0.1720686222189666
max_error: 0.9408931634288962
variance: 0.017017864076407756
pearson: 0.036124715034870705
p-valu: 1.8039671194354511e-29

AL interation 499/1000.

mae: 0.17209395327264299
max_error: 0.9403528232028293
variance: 0.017009308767642176
pearson: 0.03571243809785552
p-valu: 7.726471865806327e-29

AL interation 500/1000.

mae: 0.17207443577613607
max_error: 0.9431648909582293
variance: 0.017010515143699667
pearson: 0.03588490406843872
p-valu: 4.216723298105979e-29

AL interation 501/1000.

mae: 0.17232574643584167
max_error: 0.9421557869558939
variance: 0.017064730158844615
pearson: 0.037585697626782544
p-valu: 9.157584155325767e-32

AL interation 502/1000.

mae: 0.17232018449369663
max_error: 0.943250493680523
variance: 0.017065779953384045
pearson: 0.037759656892535146
p-valu: 4.8172564738368493e-32

AL interation 503/1000.

mae: 0.17225558350283737
max_error: 0.9440218497404658
variance: 0.01708368809512695
pearson: 0.03876898159448392
p-valu: 1.090170453770558e-33

AL interation 504/1000.

mae: 0.17224387311617484
max_error: 0.9447756248563621
variance: 0.017085493641715434
pearson: 0.03881662769742823
p-valu: 9.100799465085549e-34

AL interation 505/1000.

mae: 0.17239163790535647
max_error: 0.9458724983010143
variance: 0.017115251587108492
pearson: 0.03879855445162336
p-valu: 9.756395677938587e-34

AL interation 506/1000.

mae: 0.17226302910272068
max_error: 0.9427080665836343
variance: 0.017012649146476107
pearson: 0.0390664896559766
p-valu: 3.5094446920704763e-34

AL interation 507/1000.

mae: 0.1724519271868154
max_error: 0.9411131056493076
variance: 0.017099794099353582
pearson: 0.03825582847779453
p-valu: 7.599660387427901e-33

AL interation 508/1000.

mae: 0.17241423543770215
max_error: 0.9416041237265631
variance: 0.017092078445355714
pearson: 0.037936817334987015
p-valu: 2.5058142095360143e-32

AL interation 509/1000.

mae: 0.172448812727897
max_error: 0.9380153236855762
variance: 0.017064511504874796
pearson: 0.03754594980764706
p-valu: 1.066315318193891e-31

AL interation 510/1000.

mae: 0.17242788356963246
max_error: 0.936490160900874
variance: 0.01705612198193764
pearson: 0.03786878325185958
p-valu: 3.2318993949754274e-32

AL interation 511/1000.

mae: 0.17245501770492147
max_error: 0.9389705095495913
variance: 0.017064693765117545
pearson: 0.034676517337462555
p-valu: 2.794136614317641e-27

AL interation 512/1000.

mae: 0.17250818159430717
max_error: 0.9391573215024351
variance: 0.017103003549040898
pearson: 0.03565656388679981
p-valu: 9.476122272215192e-29

AL interation 513/1000.

mae: 0.17267117999564047
max_error: 0.9362256694442976
variance: 0.01712082753093008
pearson: 0.03569385633451268
p-valu: 8.321086282492457e-29

AL interation 514/1000.

mae: 0.17262902966422683
max_error: 0.9384674827045245
variance: 0.017089450078280773
pearson: 0.036530475972569885
p-valu: 4.289657206382055e-30

AL interation 515/1000.

mae: 0.1723820932126814
max_error: 0.9362829504644026
variance: 0.017056768178777427
pearson: 0.03570650686362667
p-valu: 7.97042103159286e-29

AL interation 516/1000.

mae: 0.17242993034907644
max_error: 0.9357900158642849
variance: 0.01703448095604005
pearson: 0.03457863282815567
p-valu: 3.909737219429542e-27

AL interation 517/1000.

mae: 0.17238849291142602
max_error: 0.9367857951671255
variance: 0.01705136666664467
pearson: 0.035091655383051756
p-valu: 6.763420031253863e-28

AL interation 518/1000.

mae: 0.172376262866614
max_error: 0.9366502437466551
variance: 0.017044178410231214
pearson: 0.03512572746037816
p-valu: 6.017563383733147e-28

AL interation 519/1000.

mae: 0.17193993898603316
max_error: 0.9324147051335814
variance: 0.017012409689681124
pearson: 0.03553540722528456
p-valu: 1.4536756299547614e-28

AL interation 520/1000.

mae: 0.1720392143801499
max_error: 0.9316279072888847
variance: 0.017033372445529982
pearson: 0.035788129944098045
p-valu: 6.004459939339139e-29

AL interation 521/1000.

mae: 0.1721597715646747
max_error: 0.9308445178916003
variance: 0.017052802749390226
pearson: 0.035210477416581454
p-valu: 4.499136290709227e-28

AL interation 522/1000.

mae: 0.17217219588265203
max_error: 0.9297211314332685
variance: 0.017048265590664306
pearson: 0.035096648738194035
p-valu: 6.668713728461967e-28

AL interation 523/1000.

mae: 0.1723869429058512
max_error: 0.930608612886985
variance: 0.017075596955961832
pearson: 0.03656114941824648
p-valu: 3.866094932686609e-30

AL interation 524/1000.

mae: 0.17242695681072787
max_error: 0.9298351452254536
variance: 0.017076801692988135
pearson: 0.03610587441037714
p-valu: 1.96184355830211e-29

AL interation 525/1000.

mae: 0.17236290952257208
max_error: 0.9277255675017244
variance: 0.017075332763735403
pearson: 0.03655410271515244
p-valu: 3.9704311008812596e-30

AL interation 526/1000.

mae: 0.17262128783390568
max_error: 0.9298373546250787
variance: 0.017037372350190236
pearson: 0.03584789185645374
p-valu: 4.885402271217298e-29

AL interation 527/1000.

mae: 0.1724467147046396
max_error: 0.9291768220251839
variance: 0.017074040204487908
pearson: 0.036844428955073935
p-valu: 1.3974238115066925e-30

AL interation 528/1000.

mae: 0.17250461491921862
max_error: 0.9299995992829366
variance: 0.017075974195892688
pearson: 0.0364122286032562
p-valu: 6.611883566176467e-30

AL interation 529/1000.

mae: 0.17245468112941192
max_error: 0.9306830779936348
variance: 0.01707096864313001
pearson: 0.03652354561000834
p-valu: 4.442161343240863e-30

AL interation 530/1000.

mae: 0.17246162345221225
max_error: 0.9132379510366775
variance: 0.0170134142557031
pearson: 0.03578244659903627
p-valu: 6.165229056955672e-29

AL interation 531/1000.

mae: 0.17255965921592423
max_error: 0.9128620277502648
variance: 0.017045350742870106
pearson: 0.035903052769464434
p-valu: 4.035966147102271e-29

AL interation 532/1000.

mae: 0.17256341447965395
max_error: 0.9123944584790564
variance: 0.017052523366351827
pearson: 0.035837247114272205
p-valu: 5.091590285610496e-29

AL interation 533/1000.

mae: 0.17185636310778063
max_error: 0.9201451809956609
variance: 0.017043165924383173
pearson: 0.03485867993273311
p-valu: 1.5203736344563122e-27

AL interation 534/1000.

mae: 0.1717442912083656
max_error: 0.9214618288112035
variance: 0.01703717646689671
pearson: 0.03503781100902398
p-valu: 8.227345144750197e-28

AL interation 535/1000.

mae: 0.17237729449880482
max_error: 0.9234228664477513
variance: 0.017201034337444937
pearson: 0.03149783418328247
p-valu: 8.731133526461704e-23

AL interation 536/1000.

mae: 0.17237169925146753
max_error: 0.9232717639078771
variance: 0.017199615985406223
pearson: 0.03147630145175918
p-valu: 9.337851901855329e-23

AL interation 537/1000.

mae: 0.1725304637192859
max_error: 0.9277601458493194
variance: 0.017276773713763172
pearson: 0.030639462846421456
p-valu: 1.20454688515846e-21

AL interation 538/1000.

mae: 0.17267851398133516
max_error: 0.9334180105351635
variance: 0.017316780424575396
pearson: 0.030241184283357255
p-valu: 3.9734479933861885e-21

AL interation 539/1000.

mae: 0.17267981647256903
max_error: 0.9334297667440552
variance: 0.01731722536682907
pearson: 0.030441750874182265
p-valu: 2.1841197557350688e-21

AL interation 540/1000.

mae: 0.17257841711281008
max_error: 0.9311186698064091
variance: 0.017312445910534543
pearson: 0.02975411196705096
p-valu: 1.6756127723621483e-20

AL interation 541/1000.

mae: 0.1727815788899243
max_error: 0.9288155680535226
variance: 0.017351991197206876
pearson: 0.029441983537339005
p-valu: 4.16295206434937e-20

AL interation 542/1000.

mae: 0.17278492113091476
max_error: 0.9289023337161808
variance: 0.017353727066936137
pearson: 0.029508221393555623
p-valu: 3.4363901935422174e-20

AL interation 543/1000.

mae: 0.17276966877524225
max_error: 0.9295731524277357
variance: 0.017325075043526726
pearson: 0.029133693410506926
p-valu: 1.0137826220530316e-19

AL interation 544/1000.

mae: 0.17276805883955512
max_error: 0.9295769277038346
variance: 0.017353871022223376
pearson: 0.030029426235639905
p-valu: 7.466792719106321e-21

AL interation 545/1000.

mae: 0.1715135869405754
max_error: 0.9280823874034496
variance: 0.01723797161351192
pearson: 0.03128096036347391
p-valu: 1.7139523142413873e-22

AL interation 546/1000.

mae: 0.17162185420837137
max_error: 0.9289513496922268
variance: 0.017216569539490533
pearson: 0.03105618133890571
p-valu: 3.4156819850548477e-22

AL interation 547/1000.

mae: 0.17187705292273153
max_error: 0.9270668458720053
variance: 0.017225817174442503
pearson: 0.03166156728287484
p-valu: 5.2829054550022994e-23

AL interation 548/1000.

mae: 0.1718722723610551
max_error: 0.9270990463334812
variance: 0.017226204818873044
pearson: 0.03191603765217442
p-valu: 2.3860800032891462e-23

AL interation 549/1000.

mae: 0.1715944848590688
max_error: 0.9252076644121416
variance: 0.017192404542122026
pearson: 0.032250025157767294
p-valu: 8.326229107657217e-24

AL interation 550/1000.

mae: 0.17156107423557065
max_error: 0.9246144047764346
variance: 0.017188902554655532
pearson: 0.03233237936599421
p-valu: 6.414432278760144e-24

AL interation 551/1000.

mae: 0.17157979515998897
max_error: 0.9235906821959503
variance: 0.01719515259123415
pearson: 0.03226242700708694
p-valu: 8.013609049616164e-24

AL interation 552/1000.

mae: 0.17153228599790057
max_error: 0.9237464929271795
variance: 0.017190691716874037
pearson: 0.03250609908667071
p-valu: 3.691732435558644e-24

AL interation 553/1000.

mae: 0.17193856412382846
max_error: 0.9212943844945869
variance: 0.01713519085600761
pearson: 0.03224660048827209
p-valu: 8.434809644290912e-24

AL interation 554/1000.

mae: 0.1717724551065448
max_error: 0.9188768551108382
variance: 0.017088893679972444
pearson: 0.03240358960064537
p-valu: 5.124986357701762e-24

AL interation 555/1000.

mae: 0.1714983560852478
max_error: 0.9199352662299418
variance: 0.017068970093537566
pearson: 0.033077055314419
p-valu: 5.874321496082225e-25

AL interation 556/1000.

mae: 0.17136724503177342
max_error: 0.9215286808855581
variance: 0.01702323116475003
pearson: 0.03352678528032962
p-valu: 1.3496965226284662e-25

AL interation 557/1000.

mae: 0.17135462019663825
max_error: 0.9215228100296855
variance: 0.017004723713203294
pearson: 0.033543164681469145
p-valu: 1.2795319378357836e-25

AL interation 558/1000.

mae: 0.17129742719428373
max_error: 0.9219881559795908
variance: 0.017000083458062715
pearson: 0.033711362294745584
p-valu: 7.345721884284093e-26

AL interation 559/1000.

mae: 0.17136378731522703
max_error: 0.9224210412475742
variance: 0.017016207888197084
pearson: 0.03420025889076371
p-valu: 1.4396831689627864e-26

AL interation 560/1000.

mae: 0.1713241074764671
max_error: 0.9224027190982582
variance: 0.0170165620292927
pearson: 0.034439716646843546
p-valu: 6.428077629225717e-27

AL interation 561/1000.

mae: 0.17131498296391037
max_error: 0.9222793606306254
variance: 0.01701625243326879
pearson: 0.03492088648978052
p-valu: 1.2499056265746932e-27

AL interation 562/1000.

mae: 0.17143233114281053
max_error: 0.9226780978443117
variance: 0.017045667687786547
pearson: 0.034570273827173176
p-valu: 4.135438069268267e-27

AL interation 563/1000.

mae: 0.17146989248096622
max_error: 0.9210288593259861
variance: 0.017094684288970673
pearson: 0.034275956443205434
p-valu: 1.1188558034579961e-26

AL interation 564/1000.

mae: 0.17146392152206155
max_error: 0.9203019879767282
variance: 0.01709302227490941
pearson: 0.03444939062515393
p-valu: 6.236098611574922e-27

AL interation 565/1000.

mae: 0.17144900465662927
max_error: 0.9219190315718038
variance: 0.01709994712162062
pearson: 0.03439698631274553
p-valu: 7.448849165366856e-27

AL interation 566/1000.

mae: 0.17138795783759758
max_error: 0.9200073044820982
variance: 0.01706592829231734
pearson: 0.034246469672698884
p-valu: 1.2377256266302427e-26

AL interation 567/1000.

mae: 0.17141126177859278
max_error: 0.9210890915918952
variance: 0.01706929062608618
pearson: 0.034750979318439595
p-valu: 2.242865729458446e-27

AL interation 568/1000.

mae: 0.1714249472238991
max_error: 0.9196378633779574
variance: 0.01708651114849442
pearson: 0.03420057142179859
p-valu: 1.445833028613359e-26

AL interation 569/1000.

mae: 0.17145931535010625
max_error: 0.9193819391191198
variance: 0.017073904540129754
pearson: 0.034146184122707465
p-valu: 1.7363086630078437e-26

AL interation 570/1000.

mae: 0.17138688439694144
max_error: 0.916243501380734
variance: 0.01708505377300006
pearson: 0.034044662793268364
p-valu: 2.4405288855113214e-26

AL interation 571/1000.

mae: 0.1713683792366743
max_error: 0.9190959167342925
variance: 0.017082569563196065
pearson: 0.033903513572722456
p-valu: 3.910503176036615e-26

AL interation 572/1000.

mae: 0.17117134697911573
max_error: 0.9103348978656953
variance: 0.01702364364009812
pearson: 0.032341740131445355
p-valu: 6.299193446689086e-24

AL interation 573/1000.

mae: 0.17094865711834525
max_error: 0.9064991347837292
variance: 0.01696475854964572
pearson: 0.0327887571464613
p-valu: 1.5077956819005718e-24

AL interation 574/1000.

mae: 0.17035987999903462
max_error: 0.9102523954523605
variance: 0.016860954349962425
pearson: 0.03402197342095163
p-valu: 2.63892769648214e-26

AL interation 575/1000.

mae: 0.17014014697469115
max_error: 0.9131610534438721
variance: 0.01680773634609778
pearson: 0.03405181122251244
p-valu: 2.389877811002011e-26

AL interation 576/1000.

mae: 0.17008956513215087
max_error: 0.9112141455297973
variance: 0.01682499100941984
pearson: 0.03422506013457041
p-valu: 1.3379693852521414e-26

AL interation 577/1000.

mae: 0.1700943561458332
max_error: 0.9111451771856025
variance: 0.01683031661404293
pearson: 0.03421229892153241
p-valu: 1.3974012336112514e-26

AL interation 578/1000.

mae: 0.1700187151411357
max_error: 0.9111836490987457
variance: 0.01676812346248737
pearson: 0.03411333263285354
p-valu: 1.948645537291495e-26

AL interation 579/1000.

mae: 0.16997192756242765
max_error: 0.9095285571200549
variance: 0.016751400490448688
pearson: 0.033718272022918765
p-valu: 7.266599620824664e-26

AL interation 580/1000.

mae: 0.17043189336784606
max_error: 0.9110367636977799
variance: 0.016890938704459332
pearson: 0.03344227099242197
p-valu: 1.8065246171814618e-25

AL interation 581/1000.

mae: 0.1702362666469295
max_error: 0.9104699067020476
variance: 0.016869762748697194
pearson: 0.03314446496878845
p-valu: 4.786160194902821e-25

AL interation 582/1000.

mae: 0.17027560674471676
max_error: 0.9122751863212528
variance: 0.01687362199345129
pearson: 0.033006933173255676
p-valu: 7.486358452949819e-25

AL interation 583/1000.

mae: 0.17006323945142784
max_error: 0.9093528207876886
variance: 0.01678441270663169
pearson: 0.03222524499892514
p-valu: 9.168447924235717e-24

AL interation 584/1000.

mae: 0.16949256292587606
max_error: 0.9143504152880695
variance: 0.016790828501702135
pearson: 0.030858078973897064
p-valu: 6.359347395761638e-22

AL interation 585/1000.

mae: 0.16954668892512298
max_error: 0.9144325446666812
variance: 0.016786955347958595
pearson: 0.030911845156060914
p-valu: 5.403890577450228e-22

AL interation 586/1000.

mae: 0.16980706023917602
max_error: 0.9124211536525308
variance: 0.01681489011936267
pearson: 0.030305264733341546
p-valu: 3.3568605599265688e-21

AL interation 587/1000.

mae: 0.17005255852770404
max_error: 0.9164224586593548
variance: 0.016725162842384345
pearson: 0.028689637090389616
p-valu: 3.6571046396661623e-19

AL interation 588/1000.

mae: 0.17006783295749384
max_error: 0.9208404638506664
variance: 0.016717569143077097
pearson: 0.02826939580930553
p-valu: 1.1892071420100983e-18

AL interation 589/1000.

mae: 0.16992571677962917
max_error: 0.9167418664137159
variance: 0.01666624773714775
pearson: 0.028608171891128242
p-valu: 4.605922469614405e-19

AL interation 590/1000.

mae: 0.16992835782096335
max_error: 0.9161759861552667
variance: 0.016707644487067103
pearson: 0.028640166055899606
p-valu: 4.2104493861972073e-19

AL interation 591/1000.

mae: 0.17030479094535514
max_error: 0.9239376703249178
variance: 0.016671438113276607
pearson: 0.02733198717154542
p-valu: 1.5527507704137652e-17

AL interation 592/1000.

mae: 0.1702881889817889
max_error: 0.9239628401330862
variance: 0.016665116784505652
pearson: 0.026981492147014573
p-valu: 3.970511572501997e-17

AL interation 593/1000.

mae: 0.1708095013291415
max_error: 0.9184752091670134
variance: 0.016766784347015014
pearson: 0.026275432449639508
p-valu: 2.537939480482548e-16

AL interation 594/1000.

mae: 0.17113837286155012
max_error: 0.9219041250367752
variance: 0.016843426138103117
pearson: 0.025245146035582554
p-valu: 3.488660937514654e-15

AL interation 595/1000.

mae: 0.17113587584807052
max_error: 0.9222369525462852
variance: 0.016847697218209
pearson: 0.025322388753347004
p-valu: 2.877495540558028e-15

AL interation 596/1000.

mae: 0.1712248773866722
max_error: 0.9308663008636273
variance: 0.016893670550865558
pearson: 0.02522076791039738
p-valu: 3.7096324828019754e-15

AL interation 597/1000.

mae: 0.17121967705089777
max_error: 0.9334440413053073
variance: 0.01693185669097164
pearson: 0.02522025001662254
p-valu: 3.715622643437821e-15

AL interation 598/1000.

mae: 0.17120696816972078
max_error: 0.9339632421834807
variance: 0.016942167610486336
pearson: 0.025939210163233018
p-valu: 6.046083377922936e-16

AL interation 599/1000.

mae: 0.1712089814194279
max_error: 0.9339454552735305
variance: 0.01694198880056505
pearson: 0.025993267525578335
p-valu: 5.2656391310258265e-16

AL interation 600/1000.

mae: 0.17102502037312992
max_error: 0.9395885050988824
variance: 0.01692703239112027
pearson: 0.02582321583759091
p-valu: 8.137138301658683e-16

AL interation 601/1000.

mae: 0.17070113426070951
max_error: 0.9361926467673101
variance: 0.01690084741474879
pearson: 0.025555988215937984
p-valu: 1.6031779999459414e-15

AL interation 602/1000.

mae: 0.17058765028344092
max_error: 0.9356859313315056
variance: 0.016925577363039217
pearson: 0.026469924185491774
p-valu: 1.5348657331574423e-16

AL interation 603/1000.

mae: 0.17055426020848358
max_error: 0.934929973662733
variance: 0.016882301219416643
pearson: 0.02643454852450632
p-valu: 1.68390312310406e-16

AL interation 604/1000.

mae: 0.17046851582410488
max_error: 0.9321354131510162
variance: 0.016849071167864525
pearson: 0.025695437943418196
p-valu: 1.1276645555423447e-15

AL interation 605/1000.

mae: 0.17048372510512444
max_error: 0.9314893989064501
variance: 0.016849045914949595
pearson: 0.026376393270813765
p-valu: 1.960737149846888e-16

AL interation 606/1000.

mae: 0.17043559991048735
max_error: 0.9293625107963095
variance: 0.0168453023224676
pearson: 0.026207177299980546
p-valu: 3.042368137672277e-16

AL interation 607/1000.

mae: 0.17040298041242097
max_error: 0.928911250971737
variance: 0.01683271746870077
pearson: 0.025601761668886065
p-valu: 1.4309973792212165e-15

AL interation 608/1000.

mae: 0.1704457915582924
max_error: 0.9308754947229545
variance: 0.016860999585222605
pearson: 0.024209476612047254
p-valu: 4.404133749938831e-14

AL interation 609/1000.

mae: 0.1702998917231654
max_error: 0.930569437670087
variance: 0.016820905027915813
pearson: 0.024546158650836366
p-valu: 1.9568024683623362e-14

AL interation 610/1000.

mae: 0.1701744274423003
max_error: 0.9378248061285319
variance: 0.01687129540579819
pearson: 0.025789811579555438
p-valu: 8.889915325995716e-16

AL interation 611/1000.

mae: 0.17020265503207413
max_error: 0.9379648461953991
variance: 0.016889592290762912
pearson: 0.025330640206663188
p-valu: 2.833442127649644e-15

AL interation 612/1000.

mae: 0.17020291343979863
max_error: 0.9379747992231984
variance: 0.016889176636781886
pearson: 0.02523350387493379
p-valu: 3.61238528857846e-15

AL interation 613/1000.

mae: 0.17020876659892914
max_error: 0.936565187569883
variance: 0.01688372727713992
pearson: 0.025323583898037554
p-valu: 2.8857766573792983e-15

AL interation 614/1000.

mae: 0.16986537928813858
max_error: 0.930231784267562
variance: 0.016849407877080076
pearson: 0.024435539158866277
p-valu: 2.561678138099483e-14

AL interation 615/1000.

mae: 0.1698202647865863
max_error: 0.9279421490437016
variance: 0.016810315581677462
pearson: 0.023059005112087964
p-valu: 6.507906772035378e-13

AL interation 616/1000.

mae: 0.16962068519453624
max_error: 0.9298212151288396
variance: 0.01679745682099083
pearson: 0.02355349128734701
p-valu: 2.0796797215121445e-13

AL interation 617/1000.

mae: 0.16971999583720607
max_error: 0.9300760538749131
variance: 0.016808131074347036
pearson: 0.023397193534421514
p-valu: 2.991257199355828e-13

AL interation 618/1000.

mae: 0.169600983032128
max_error: 0.9197861188637546
variance: 0.016765685647197104
pearson: 0.023579658516856474
p-valu: 1.9576498654936883e-13

AL interation 619/1000.

mae: 0.16967835620308472
max_error: 0.9159125837362723
variance: 0.016746710799948508
pearson: 0.023499200989275153
p-valu: 2.361934314485856e-13

AL interation 620/1000.

mae: 0.16982655443661726
max_error: 0.9162711925117151
variance: 0.016770041872233903
pearson: 0.022902161284825785
p-valu: 9.31293223329939e-13

AL interation 621/1000.

mae: 0.16963104226898826
max_error: 0.9159344542764387
variance: 0.01675353664323184
pearson: 0.022649889710463368
p-valu: 1.6460938966837947e-12

AL interation 622/1000.

mae: 0.1698617656087284
max_error: 0.9167682344518227
variance: 0.016777658894344953
pearson: 0.022458582996390083
p-valu: 2.525255132673024e-12

AL interation 623/1000.

mae: 0.17000830382417684
max_error: 0.9213604180750536
variance: 0.016768016076494426
pearson: 0.020661154292661712
p-valu: 1.1841316408349933e-10

AL interation 624/1000.

mae: 0.17038605618060867
max_error: 0.9228654175498008
variance: 0.016794699579129792
pearson: 0.01976598033027377
p-valu: 7.174811773252066e-10

AL interation 625/1000.

mae: 0.17035542162503128
max_error: 0.9227346815925159
variance: 0.016795669457970386
pearson: 0.019881842175925542
p-valu: 5.708329673593425e-10

AL interation 626/1000.

mae: 0.17020155098144624
max_error: 0.9180853067325927
variance: 0.01681393392722141
pearson: 0.020065112446106554
p-valu: 3.9650984410279414e-10

AL interation 627/1000.

mae: 0.16974406329320277
max_error: 0.9151645494968221
variance: 0.01675652145941868
pearson: 0.021308039367897262
p-valu: 3.074971009439859e-11

AL interation 628/1000.

mae: 0.16980073740921672
max_error: 0.9160496432430563
variance: 0.016799581869663474
pearson: 0.02151107723154003
p-valu: 1.9973905551177363e-11

AL interation 629/1000.

mae: 0.16992397519031327
max_error: 0.9077367016411131
variance: 0.016686797589241482
pearson: 0.0208471224901673
p-valu: 8.077909483529471e-11

AL interation 630/1000.

mae: 0.1698863082250647
max_error: 0.9021816727341303
variance: 0.01669407650520438
pearson: 0.020834479146152572
p-valu: 8.294153408763147e-11

AL interation 631/1000.

mae: 0.17004246293866374
max_error: 0.9002595427896978
variance: 0.01667175560353196
pearson: 0.021139158064403214
p-valu: 4.394186836071582e-11

AL interation 632/1000.

mae: 0.1700172810740289
max_error: 0.9003666773691066
variance: 0.016671630033094957
pearson: 0.021609070668577514
p-valu: 1.620996986541829e-11

AL interation 633/1000.

mae: 0.16993437911946124
max_error: 0.9003458762228149
variance: 0.01657873601521766
pearson: 0.0223919316016667
p-valu: 2.936845177109881e-12

AL interation 634/1000.

mae: 0.16995449613962962
max_error: 0.9024470714017525
variance: 0.016582426569620556
pearson: 0.02251288841938646
p-valu: 2.2443061248574603e-12

AL interation 635/1000.

mae: 0.16992692212565175
max_error: 0.903145444326114
variance: 0.01659102376367836
pearson: 0.02311673706738658
p-valu: 5.73418225703411e-13

AL interation 636/1000.

mae: 0.17010400108627033
max_error: 0.9054117907342203
variance: 0.01660933935104414
pearson: 0.022701777345456895
p-valu: 1.4707085626796518e-12

AL interation 637/1000.

mae: 0.17012809873003026
max_error: 0.9066054349508619
variance: 0.016619181722698523
pearson: 0.022768456129470125
p-valu: 1.2659380510525726e-12

AL interation 638/1000.

mae: 0.17017244258844677
max_error: 0.9087432002339284
variance: 0.01659842921412084
pearson: 0.02239304215099787
p-valu: 2.933362545669953e-12

AL interation 639/1000.

mae: 0.17039362594857305
max_error: 0.9131756991316706
variance: 0.01662870398514213
pearson: 0.022176681876080545
p-valu: 4.7324286672873186e-12

AL interation 640/1000.

mae: 0.16997828975466756
max_error: 0.9112325865813489
variance: 0.016587820680516414
pearson: 0.02460774087370101
p-valu: 1.701046084622066e-14

AL interation 641/1000.

mae: 0.16972545041936116
max_error: 0.9093417355252598
variance: 0.016588070395738515
pearson: 0.025354988334680188
p-valu: 2.6921720463719716e-15

AL interation 642/1000.

mae: 0.16973255796461575
max_error: 0.9088888243435065
variance: 0.016582711968789625
pearson: 0.025112108344267914
p-valu: 4.932437242511828e-15

AL interation 643/1000.

mae: 0.16973873897535083
max_error: 0.9090624835418879
variance: 0.016579501765815775
pearson: 0.02543652602342742
p-valu: 2.1958650232141937e-15

AL interation 644/1000.

mae: 0.16982213382885733
max_error: 0.9044054059645958
variance: 0.01656715949375699
pearson: 0.025564357744928722
p-valu: 1.5922272688152366e-15

AL interation 645/1000.

mae: 0.1697193005497102
max_error: 0.8937413588526795
variance: 0.01654030720051717
pearson: 0.02546458092956457
p-valu: 2.047767188697075e-15

AL interation 646/1000.

mae: 0.16969872059760674
max_error: 0.8914932776287969
variance: 0.01651482947601336
pearson: 0.024869015356812397
p-valu: 8.999017898020863e-15

AL interation 647/1000.

mae: 0.16963855287720392
max_error: 0.8923069969070809
variance: 0.016540684547749696
pearson: 0.02403513960025257
p-valu: 6.752814836811829e-14

AL interation 648/1000.

mae: 0.1696648391300319
max_error: 0.8959737850307476
variance: 0.016526396531298206
pearson: 0.02388342720794643
p-valu: 9.676610930860444e-14

AL interation 649/1000.

mae: 0.16953571162770317
max_error: 0.8948040099443375
variance: 0.016621898424012835
pearson: 0.02195095025379573
p-valu: 7.774677938540547e-12

AL interation 650/1000.

mae: 0.1694872037259916
max_error: 0.8920571682742207
variance: 0.016599061820563952
pearson: 0.02191769396209737
p-valu: 8.360133616682212e-12

AL interation 651/1000.

mae: 0.16954108698226594
max_error: 0.891131858487725
variance: 0.016608474246999766
pearson: 0.021201955009430253
p-valu: 3.8682326467628595e-11

AL interation 652/1000.

mae: 0.1694000383902346
max_error: 0.8903395748962453
variance: 0.016598391958605036
pearson: 0.01862950575470568
p-valu: 6.360956043556108e-09

AL interation 653/1000.

mae: 0.16935624448133882
max_error: 0.8905485244338678
variance: 0.01656884130239106
pearson: 0.01860542711230135
p-valu: 6.653524116881856e-09

AL interation 654/1000.

mae: 0.16927793286933177
max_error: 0.8877137028712099
variance: 0.016536571311889854
pearson: 0.018603245718561184
p-valu: 6.6817476548083774e-09

AL interation 655/1000.

mae: 0.16913729957138798
max_error: 0.8854524606128251
variance: 0.016524308874779976
pearson: 0.018793624139819897
p-valu: 4.683163688317556e-09

AL interation 656/1000.

mae: 0.16930516980443672
max_error: 0.8860040353831522
variance: 0.01655098441322351
pearson: 0.01709447314047512
p-valu: 9.912834579480742e-08

AL interation 657/1000.

mae: 0.16920880941669056
max_error: 0.8884792814803717
variance: 0.016595790619272865
pearson: 0.01676063019961558
p-valu: 1.7489577486019865e-07

AL interation 658/1000.

mae: 0.1692010248308528
max_error: 0.8929685926166968
variance: 0.01659768638174667
pearson: 0.01639688344967344
p-valu: 3.208064564827473e-07

AL interation 659/1000.

mae: 0.16920284535490504
max_error: 0.8928459093373391
variance: 0.016600406799624885
pearson: 0.016795304276172554
p-valu: 1.6501160084198738e-07

AL interation 660/1000.

mae: 0.1696011470090951
max_error: 0.8918153946754188
variance: 0.016700643904134956
pearson: 0.015632941330700374
p-valu: 1.1013948171650633e-06

AL interation 661/1000.

mae: 0.16931666708523005
max_error: 0.8888538930968934
variance: 0.01670932244295956
pearson: 0.01673093725737316
p-valu: 1.839651917578587e-07

AL interation 662/1000.

mae: 0.16932431508258852
max_error: 0.8947772500997928
variance: 0.016760074047759525
pearson: 0.01600505151827918
p-valu: 6.083578640215282e-07

AL interation 663/1000.

mae: 0.16950540839727832
max_error: 0.8868276563717927
variance: 0.016667728520697873
pearson: 0.016160873837142067
p-valu: 4.726556032999285e-07

AL interation 664/1000.

mae: 0.16952252272424756
max_error: 0.8863627186260459
variance: 0.01666920074259912
pearson: 0.016294728101577973
p-valu: 3.7984131160014003e-07

AL interation 665/1000.

mae: 0.16952025964423445
max_error: 0.8854081723434746
variance: 0.016671586296511456
pearson: 0.01649031347157393
p-valu: 2.7512629524761347e-07

AL interation 666/1000.

mae: 0.16953108968117245
max_error: 0.8854222950681674
variance: 0.016673682518097168
pearson: 0.016618009428908058
p-valu: 2.2246436855977177e-07

AL interation 667/1000.

mae: 0.16956503528519967
max_error: 0.8853157947879708
variance: 0.016674501176264712
pearson: 0.01657467802375812
p-valu: 2.3918201563764037e-07

AL interation 668/1000.

mae: 0.16958195029204148
max_error: 0.889202079204054
variance: 0.01668130899791131
pearson: 0.01657316439712056
p-valu: 2.398202951025177e-07

AL interation 669/1000.

mae: 0.16944133306205544
max_error: 0.8756436215491732
variance: 0.0165056119731779
pearson: 0.012900130714491932
p-valu: 5.806230100899949e-05

AL interation 670/1000.

mae: 0.16945137451029724
max_error: 0.8755641964004752
variance: 0.01650739784610769
pearson: 0.013024689803397271
p-valu: 4.920868771828973e-05

AL interation 671/1000.

mae: 0.16859668986770515
max_error: 0.8741186511404493
variance: 0.016451860121692103
pearson: 0.013231737135104685
p-valu: 3.725626289836858e-05

AL interation 672/1000.

mae: 0.16881497885993546
max_error: 0.8695442271491913
variance: 0.01640611672075294
pearson: 0.011877462840477554
p-valu: 0.0002141279940755796

AL interation 673/1000.

mae: 0.1688106205805936
max_error: 0.8693159497546361
variance: 0.016403929875800877
pearson: 0.011976058453220313
p-valu: 0.00018962712430519346

AL interation 674/1000.

mae: 0.16840870572958522
max_error: 0.8739292218340893
variance: 0.016317928856375202
pearson: 0.011580368528490892
p-valu: 0.00030725930485598084

AL interation 675/1000.

mae: 0.16827474418656826
max_error: 0.8747723125013636
variance: 0.016316910064082167
pearson: 0.011877080849570742
p-valu: 0.0002142767992108791

AL interation 676/1000.

mae: 0.1684071062714865
max_error: 0.8728150416066001
variance: 0.016317901704554584
pearson: 0.011540453177871059
p-valu: 0.00032237418039109784

AL interation 677/1000.

mae: 0.16836607126476946
max_error: 0.8724199570433342
variance: 0.01632717882193202
pearson: 0.011567750746811963
p-valu: 0.00031201689139834476

AL interation 678/1000.

mae: 0.16844031612890153
max_error: 0.8711634870762879
variance: 0.016339544126988407
pearson: 0.01175912137940457
p-valu: 0.00024759048149513294

AL interation 679/1000.

mae: 0.16844208179991052
max_error: 0.871099221786551
variance: 0.01633908455066934
pearson: 0.011518463601542888
p-valu: 0.0003310399773129937

AL interation 680/1000.

mae: 0.16881431915909487
max_error: 0.8729747849438922
variance: 0.01628523944679319
pearson: 0.00900210743001464
p-valu: 0.005024717742525978

AL interation 681/1000.

mae: 0.16872779505436614
max_error: 0.8724505926841175
variance: 0.01626422043929159
pearson: 0.009474479649198227
p-valu: 0.0031506135093496788

AL interation 682/1000.

mae: 0.16866172551471695
max_error: 0.8741177434309009
variance: 0.016215925179640555
pearson: 0.008305293626948559
p-valu: 0.009646405130943812

AL interation 683/1000.

mae: 0.16882434867337154
max_error: 0.872320290847
variance: 0.016240894427482895
pearson: 0.007887157311534028
p-valu: 0.013974087966417775

AL interation 684/1000.

mae: 0.1688122936844881
max_error: 0.8715745576577376
variance: 0.01623930481612166
pearson: 0.007880641144100366
p-valu: 0.014053796484101702

AL interation 685/1000.

mae: 0.1687522876305696
max_error: 0.8722979433484142
variance: 0.016243171305615606
pearson: 0.008357068853434664
p-valu: 0.009204905492042838

AL interation 686/1000.

mae: 0.16875932037382976
max_error: 0.8723996784661239
variance: 0.016244902845389975
pearson: 0.008154202476595932
p-valu: 0.011050008208370064

AL interation 687/1000.

mae: 0.16876419791946723
max_error: 0.8722923070710493
variance: 0.016246226644470445
pearson: 0.008294935144083805
p-valu: 0.009739074342996546

AL interation 688/1000.

mae: 0.1684964737644477
max_error: 0.8709584772504826
variance: 0.016208775919452592
pearson: 0.00779680919441079
p-valu: 0.015110925776080378

AL interation 689/1000.

mae: 0.1686212197033068
max_error: 0.8698664558844058
variance: 0.016232257315243387
pearson: 0.007146453013166987
p-valu: 0.02594573379298297

AL interation 690/1000.

mae: 0.16860259708652794
max_error: 0.8709446559198142
variance: 0.0162368912909644
pearson: 0.007186747855902367
p-valu: 0.025118932099394125

AL interation 691/1000.

mae: 0.16862169944280544
max_error: 0.8720491452670558
variance: 0.016241350819734542
pearson: 0.0069190991721626354
p-valu: 0.031071980203144053

AL interation 692/1000.

mae: 0.1685469602465903
max_error: 0.8721140206225897
variance: 0.016247252902695446
pearson: 0.006883877740834174
p-valu: 0.03193985208785217

AL interation 693/1000.

mae: 0.1685086335567888
max_error: 0.8724037951078003
variance: 0.016250353615983953
pearson: 0.007246147539072708
p-valu: 0.02394286734134658

AL interation 694/1000.

mae: 0.1683384776190012
max_error: 0.8704089032657976
variance: 0.016228347707096465
pearson: 0.0070797722557139195
p-valu: 0.027370962331322114

AL interation 695/1000.

mae: 0.16835915368746998
max_error: 0.8702027192615276
variance: 0.016226555860208748
pearson: 0.00697105328441571
p-valu: 0.029833388097162922

AL interation 696/1000.

mae: 0.16837243898069681
max_error: 0.8698634605885331
variance: 0.01622909012933
pearson: 0.007053030993798171
p-valu: 0.02796119901113428

AL interation 697/1000.

mae: 0.1683839830106993
max_error: 0.8685248071425349
variance: 0.01622610551804199
pearson: 0.0075343602489523626
p-valu: 0.018884060970821476

AL interation 698/1000.

mae: 0.16833637117014627
max_error: 0.8710430874108397
variance: 0.016193358893204713
pearson: 0.005755242665863449
p-valu: 0.07290993261311585

AL interation 699/1000.

mae: 0.1685360381656628
max_error: 0.8748143738372391
variance: 0.016197285261658315
pearson: 0.00564372968107702
p-valu: 0.07863937919953248

AL interation 700/1000.

mae: 0.16862778112412022
max_error: 0.873099152449953
variance: 0.016221674977867025
pearson: 0.005354054673881576
p-valu: 0.0952441546338198

AL interation 701/1000.

mae: 0.16852842571123677
max_error: 0.8704424389558199
variance: 0.01624034402000516
pearson: 0.005937344222241712
p-valu: 0.06429751715891911

AL interation 702/1000.

mae: 0.16850982563199193
max_error: 0.8716088267380258
variance: 0.016237464949220928
pearson: 0.006171103099574534
p-valu: 0.054487165782355164

AL interation 703/1000.

mae: 0.16857948241558612
max_error: 0.8720862863653451
variance: 0.016236566409748805
pearson: 0.00657128207394739
p-valu: 0.04059597655759227

AL interation 704/1000.

mae: 0.168652447594648
max_error: 0.8720252453529724
variance: 0.016247878868511503
pearson: 0.007066732219431146
p-valu: 0.027664656380939148

AL interation 705/1000.

mae: 0.1689192635114671
max_error: 0.8705483851486804
variance: 0.016259240171397325
pearson: 0.006672519381839548
p-valu: 0.03760281902354643

AL interation 706/1000.

mae: 0.16892067411833234
max_error: 0.8709901665222333
variance: 0.016260126480935624
pearson: 0.006921453911204964
p-valu: 0.031027730645324453

AL interation 707/1000.

mae: 0.16862910697571337
max_error: 0.8731540020936563
variance: 0.016214552472382876
pearson: 0.005448447920986097
p-valu: 0.08956185307193792

AL interation 708/1000.

mae: 0.16881759781892594
max_error: 0.874476134460707
variance: 0.01620791914365777
pearson: 0.004666073974318724
p-valu: 0.1459688537161002

AL interation 709/1000.

mae: 0.16858586756752572
max_error: 0.8744546584186423
variance: 0.016175339338249543
pearson: 0.004849842378520515
p-valu: 0.13074447873158332

AL interation 710/1000.

mae: 0.16859788315886617
max_error: 0.8739098683940085
variance: 0.016176473720392465
pearson: 0.0047586154379631405
p-valu: 0.13814375393462028

AL interation 711/1000.

mae: 0.1683952025902287
max_error: 0.8730829571624383
variance: 0.016171114771484713
pearson: 0.00455700339148369
p-valu: 0.15563368326909272

AL interation 712/1000.

mae: 0.16846639873956015
max_error: 0.8743598515058295
variance: 0.016183137753484927
pearson: 0.0053252370859286444
p-valu: 0.0970597419601322

AL interation 713/1000.

mae: 0.1684825568026473
max_error: 0.8731878369057995
variance: 0.016196739733461325
pearson: 0.004773717635606321
p-valu: 0.1369034354593431

AL interation 714/1000.

mae: 0.16859978474744944
max_error: 0.8756856669006652
variance: 0.01620054647948916
pearson: 0.0050053338663338
p-valu: 0.11885846392786097

AL interation 715/1000.

mae: 0.16903623782284163
max_error: 0.8836159523447122
variance: 0.016230789975996775
pearson: 0.006202108377874915
p-valu: 0.053300839567335015

AL interation 716/1000.

mae: 0.16902459399535094
max_error: 0.8838909085935427
variance: 0.016232320224845515
pearson: 0.006386687658165048
p-valu: 0.0465933236563764

AL interation 717/1000.

mae: 0.16872020680123398
max_error: 0.8850608382942085
variance: 0.01619820718907231
pearson: 0.005903434104097145
p-valu: 0.06585741752923881

AL interation 718/1000.

mae: 0.1687266496337265
max_error: 0.8862375028440397
variance: 0.016197408505440967
pearson: 0.006112657677472234
p-valu: 0.05683544274262078

AL interation 719/1000.

mae: 0.1686945863610647
max_error: 0.8868867531541866
variance: 0.016183912466731416
pearson: 0.006231517785652852
p-valu: 0.052185640182445155

AL interation 720/1000.

mae: 0.16841044841094935
max_error: 0.8870504879810142
variance: 0.016181315230260614
pearson: 0.005860386454344871
p-valu: 0.06785754318418769

AL interation 721/1000.

mae: 0.16851883542482626
max_error: 0.8891832417725425
variance: 0.016169695924406893
pearson: 0.0032188375693795062
p-valu: 0.3159095469844881

AL interation 722/1000.

mae: 0.1684262028978141
max_error: 0.8901415094386493
variance: 0.01615978273315277
pearson: 0.0035302514382948313
p-valu: 0.27136619526956085

AL interation 723/1000.

mae: 0.16851537142783896
max_error: 0.8900637438056265
variance: 0.016173955294463613
pearson: 0.0036031279212764755
p-valu: 0.2615979326827597

AL interation 724/1000.

mae: 0.168756748520707
max_error: 0.8882612102889311
variance: 0.016219124176114933
pearson: 0.0026706580905090167
p-valu: 0.40535911137907843

AL interation 725/1000.

mae: 0.16876493149253544
max_error: 0.8885001145618503
variance: 0.01622082776749198
pearson: 0.0030793255367456687
p-valu: 0.3373516835964936

AL interation 726/1000.

mae: 0.16875837718595438
max_error: 0.8883893706799597
variance: 0.016224179912750523
pearson: 0.003004443425595661
p-valu: 0.34923431370763436

AL interation 727/1000.

mae: 0.16873076556424524
max_error: 0.887063967220314
variance: 0.016202774862036372
pearson: 0.0036484173205010486
p-valu: 0.2556596396061686

AL interation 728/1000.

mae: 0.16874145270875812
max_error: 0.8871513500272385
variance: 0.016202757868962397
pearson: 0.0038461968184340754
p-valu: 0.2307906390873058

AL interation 729/1000.

mae: 0.16866306119951033
max_error: 0.8822971067058631
variance: 0.01619022302098128
pearson: 0.004095486430849354
p-valu: 0.20195988400478207

AL interation 730/1000.

mae: 0.1685732156633648
max_error: 0.8829669688269632
variance: 0.016175952218202474
pearson: 0.00428055839997407
p-valu: 0.18232113686532594

AL interation 731/1000.

mae: 0.16871776890519402
max_error: 0.8816022918458941
variance: 0.016166444043827964
pearson: 0.0037312559898688546
p-valu: 0.2450342928658188

AL interation 732/1000.

mae: 0.16871317912066172
max_error: 0.8822858313573363
variance: 0.016167804768644267
pearson: 0.003724512459366302
p-valu: 0.24589069995016366

AL interation 733/1000.

mae: 0.1686339299977975
max_error: 0.8822692696954846
variance: 0.01617004878354339
pearson: 0.0039110225188830824
p-valu: 0.22303758940536553

AL interation 734/1000.

mae: 0.1686842360458617
max_error: 0.885681228037555
variance: 0.0161518137620988
pearson: 0.0031883135030155636
p-valu: 0.32055301328003427

AL interation 735/1000.

mae: 0.16877520353968928
max_error: 0.8840773454717521
variance: 0.01614876633104798
pearson: 0.003102346613882475
p-valu: 0.33377708234172315

AL interation 736/1000.

mae: 0.1685988878311533
max_error: 0.8813261709666165
variance: 0.016015624149615586
pearson: 0.0015433972869469223
p-valu: 0.6306295090336077

AL interation 737/1000.

mae: 0.1686090689825344
max_error: 0.8812647640871774
variance: 0.016009814407529584
pearson: 0.001884109499678043
p-valu: 0.55721306967752

AL interation 738/1000.

mae: 0.16824383687969863
max_error: 0.8785171197954185
variance: 0.015953226582006756
pearson: 0.0018790551384848715
p-valu: 0.5582731577986851

AL interation 739/1000.

mae: 0.1682340311540756
max_error: 0.8776694812032986
variance: 0.015954299019135483
pearson: 0.002014448431157029
p-valu: 0.5302750540715395

AL interation 740/1000.

mae: 0.16828694388454427
max_error: 0.8825064709607773
variance: 0.015989116669097386
pearson: 0.001622728383306387
p-valu: 0.6131754062478725

AL interation 741/1000.

mae: 0.16821823170283773
max_error: 0.8828369447697924
variance: 0.015864279009268657
pearson: 0.0018084017989013173
p-valu: 0.5731707013758155

AL interation 742/1000.

mae: 0.16797882921492346
max_error: 0.8826472952232791
variance: 0.01583340608994203
pearson: 0.0015299702390522622
p-valu: 0.6336162851053134

AL interation 743/1000.

mae: 0.16789009594617824
max_error: 0.8816028568575689
variance: 0.01580071854396971
pearson: 0.0017483645641926115
p-valu: 0.5859747121410499

AL interation 744/1000.

mae: 0.16787214339229173
max_error: 0.8810857897736071
variance: 0.01577149312077109
pearson: 0.002001265035485734
p-valu: 0.53298034826992

AL interation 745/1000.

mae: 0.1677639345948728
max_error: 0.8639494538351471
variance: 0.01577789988178088
pearson: 0.001562887849840476
p-valu: 0.6263358181511438

AL interation 746/1000.

mae: 0.16765233515452704
max_error: 0.8666417859100477
variance: 0.015751895238423873
pearson: 0.0018601431114945118
p-valu: 0.562256869374882

AL interation 747/1000.

mae: 0.16761390280161984
max_error: 0.8666218109748058
variance: 0.015748244269479048
pearson: 0.0019779117959466304
p-valu: 0.5377770039347556

AL interation 748/1000.

mae: 0.167659846012835
max_error: 0.8645237551707226
variance: 0.015698182265587966
pearson: 0.0006461300693137904
p-valu: 0.8404738329802823

AL interation 749/1000.

mae: 0.16759816043663675
max_error: 0.8624507685478022
variance: 0.015661506164923823
pearson: 0.00056371459696383
p-valu: 0.8605989204303438

AL interation 750/1000.

mae: 0.16753395025855247
max_error: 0.8594604396289469
variance: 0.01560752980437981
pearson: -0.0007069626687337121
p-valu: 0.8256872024884232

AL interation 751/1000.

mae: 0.16779330489220937
max_error: 0.8559912812535231
variance: 0.01563978948270997
pearson: -0.0014877636184584182
p-valu: 0.6430256129383283

AL interation 752/1000.

mae: 0.16729361437800053
max_error: 0.8439554714690018
variance: 0.015477580435660443
pearson: 0.00019723316147281873
p-valu: 0.951006945522057

AL interation 753/1000.

mae: 0.16693295955689025
max_error: 0.843661548121247
variance: 0.015399643609289398
pearson: -0.0018345838037216444
p-valu: 0.5676543849301836

AL interation 754/1000.

mae: 0.16691283954950575
max_error: 0.8453803016182633
variance: 0.015409383701160856
pearson: -0.0018432258017022011
p-valu: 0.565833410812156

AL interation 755/1000.

mae: 0.1669175938642509
max_error: 0.8453815945569829
variance: 0.015410402275015682
pearson: -0.001883761645285467
p-valu: 0.5573224099527588

AL interation 756/1000.

mae: 0.167017491717588
max_error: 0.845652584644796
variance: 0.01539945106103257
pearson: -0.0014798602233070902
p-valu: 0.6447995494983426

AL interation 757/1000.

mae: 0.16703549841876822
max_error: 0.8455536824328362
variance: 0.015401276211616086
pearson: -0.001799378405404915
p-valu: 0.5751175364961574

AL interation 758/1000.

mae: 0.16703797487006955
max_error: 0.8451240338109756
variance: 0.015398678712354839
pearson: -0.00160822245749914
p-valu: 0.6163849632342696

AL interation 759/1000.

mae: 0.16716340884929262
max_error: 0.8434607857269611
variance: 0.015389467944943115
pearson: -0.0029809989975153103
p-valu: 0.3530896014153252

AL interation 760/1000.

mae: 0.167249412827617
max_error: 0.8441990630872453
variance: 0.015414898357944799
pearson: -0.0037059400735931234
p-valu: 0.24832165723772726

AL interation 761/1000.

mae: 0.16731164078575114
max_error: 0.8472492148557365
variance: 0.01540865029575453
pearson: -0.0035544101608945564
p-valu: 0.26819600879878047

AL interation 762/1000.

mae: 0.16725833151762062
max_error: 0.8490874507497495
variance: 0.01543972748259999
pearson: -0.00320974857481077
p-valu: 0.3173802002289582

AL interation 763/1000.

mae: 0.1665986969467908
max_error: 0.8493023101970891
variance: 0.015332723836017128
pearson: -0.00043430543194905634
p-valu: 0.8923843962539081

AL interation 764/1000.

mae: 0.16685542241338214
max_error: 0.8475309535253075
variance: 0.015331773176009538
pearson: -0.0019400299090650056
p-valu: 0.5456284007361851

AL interation 765/1000.

mae: 0.16679891513552547
max_error: 0.8468456948175458
variance: 0.015352368779728964
pearson: -0.0015906006175571753
p-valu: 0.6202662452214327

AL interation 766/1000.

mae: 0.1667904628491819
max_error: 0.8466107001619889
variance: 0.015354565532982454
pearson: -0.0014148821235964633
p-valu: 0.6594053628796172

AL interation 767/1000.

mae: 0.16681574654614909
max_error: 0.8466796956833491
variance: 0.015358726199498957
pearson: -0.0013075001102409271
p-valu: 0.6838003045986831

AL interation 768/1000.

mae: 0.16682187503794807
max_error: 0.8470384456759916
variance: 0.01536035783657675
pearson: -0.0008699664062656814
p-valu: 0.7863981491713817

AL interation 769/1000.

mae: 0.16654196701702875
max_error: 0.8450922703374886
variance: 0.015301075942553649
pearson: -0.0001695478881356253
p-valu: 0.9578807863522923

AL interation 770/1000.

mae: 0.16654322748583833
max_error: 0.8451914019941
variance: 0.01530330353922778
pearson: -0.00030829838051897596
p-valu: 0.9234946833777338

AL interation 771/1000.

mae: 0.16651061817469764
max_error: 0.8454284845707036
variance: 0.015304158198997575
pearson: -0.0005102272818415737
p-valu: 0.8737231583124941

AL interation 772/1000.

mae: 0.16625468566579793
max_error: 0.8391764290142305
variance: 0.015266990080896208
pearson: 3.307400621283235e-05
p-valu: 0.9917801833997097

AL interation 773/1000.

mae: 0.16624971867309754
max_error: 0.8419608854072749
variance: 0.015253311883996395
pearson: 0.0001450111606317461
p-valu: 0.9639724656808408

AL interation 774/1000.

mae: 0.16636531092706294
max_error: 0.8465672389310157
variance: 0.01526392526240553
pearson: -1.002602357585053e-05
p-valu: 0.9975082380733212

AL interation 775/1000.

mae: 0.16645615331603889
max_error: 0.8453260346355194
variance: 0.015261954573182846
pearson: -0.0006845934710542282
p-valu: 0.8311396321252204

AL interation 776/1000.

mae: 0.16635647906908466
max_error: 0.8450531787430862
variance: 0.015210552126153892
pearson: -0.0011540650798436735
p-valu: 0.7192424112070245

AL interation 777/1000.

mae: 0.16636309413738326
max_error: 0.8455238423068181
variance: 0.015209284717492744
pearson: -0.0010075922392093848
p-valu: 0.753637961155055

AL interation 778/1000.

mae: 0.1659406750855939
max_error: 0.8499658062406468
variance: 0.015149476041165158
pearson: -0.0014236624913461365
p-valu: 0.6574460958845615

AL interation 779/1000.

mae: 0.16581927244081754
max_error: 0.8449427760169215
variance: 0.0151164815890307
pearson: -0.0010284201276197708
p-valu: 0.7487179897462036

AL interation 780/1000.

mae: 0.16588754456090085
max_error: 0.8491467119005449
variance: 0.015096736972252769
pearson: -0.0010134395722247362
p-valu: 0.7522586832182753

AL interation 781/1000.

mae: 0.1658256150425354
max_error: 0.8486139301133448
variance: 0.015083406927037508
pearson: -0.0005334776865436714
p-valu: 0.8680272410755271

AL interation 782/1000.

mae: 0.16585399163974682
max_error: 0.8491741833193203
variance: 0.015105064316054293
pearson: -0.0011012698713222969
p-valu: 0.7315863790547414

AL interation 783/1000.

mae: 0.16549907344413373
max_error: 0.8600884629731809
variance: 0.015050040996593354
pearson: -0.00041291194808929
p-valu: 0.8976660059436153

AL interation 784/1000.

mae: 0.16519979494493758
max_error: 0.8598669551703892
variance: 0.014979453844716982
pearson: 0.0004916059567770669
p-valu: 0.8783032746487468

AL interation 785/1000.

mae: 0.16517827371392355
max_error: 0.8599509897483983
variance: 0.01497750726700261
pearson: 0.0004230145111488805
p-valu: 0.8951775942906774

AL interation 786/1000.

mae: 0.1651272731339496
max_error: 0.8565832037564576
variance: 0.014964649062018737
pearson: 0.000669397513749958
p-valu: 0.8348424454072031

AL interation 787/1000.

mae: 0.16519870896732225
max_error: 0.8535872673633378
variance: 0.015007952687352418
pearson: 0.0005472523604264248
p-valu: 0.8646562401527528

AL interation 788/1000.

mae: 0.16522436419496608
max_error: 0.8536113520071353
variance: 0.015011665351572456
pearson: 0.0006776798639436238
p-valu: 0.8328306567492666

AL interation 789/1000.

mae: 0.165348372318322
max_error: 0.8543043877116361
variance: 0.015027884549024876
pearson: -3.026965019563906e-05
p-valu: 0.99247778183855

AL interation 790/1000.

mae: 0.16535197961722453
max_error: 0.8563668911986042
variance: 0.015036505500913757
pearson: -0.00035192692432704017
p-valu: 0.9127176815628364

AL interation 791/1000.

mae: 0.16523843425831347
max_error: 0.8597731607296737
variance: 0.015039909800228077
pearson: -0.00015469838632288123
p-valu: 0.9615710733743132

AL interation 792/1000.

mae: 0.16511926367409724
max_error: 0.8595643821788883
variance: 0.0150243883090095
pearson: -8.167113292588434e-05
p-valu: 0.9797063582676725

AL interation 793/1000.

mae: 0.16510725227713488
max_error: 0.8595872136598359
variance: 0.01501868681423295
pearson: -1.0166368346765562e-05
p-valu: 0.9974736057891217

AL interation 794/1000.

mae: 0.1650048126103344
max_error: 0.8608210489628334
variance: 0.015008286711495115
pearson: -1.516281220328541e-05
p-valu: 0.9962319912246562

AL interation 795/1000.

mae: 0.1649348279932624
max_error: 0.8612604515749922
variance: 0.014991375292602617
pearson: -0.0008181675423315675
p-valu: 0.7988620042796246

AL interation 796/1000.

mae: 0.1649452401817527
max_error: 0.8607826177904485
variance: 0.015019202861179972
pearson: -0.0011965456657656954
p-valu: 0.7093977557052642

AL interation 797/1000.

mae: 0.1649510440609988
max_error: 0.8595520679109825
variance: 0.01507549550215397
pearson: -0.0015128277790754851
p-valu: 0.6375200414207605

AL interation 798/1000.

mae: 0.16485659445267356
max_error: 0.8558945432056646
variance: 0.01500399489440436
pearson: -0.0020186301894598597
p-valu: 0.5295469057642479

AL interation 799/1000.

mae: 0.16491770304568565
max_error: 0.8575743453061193
variance: 0.015014868447297056
pearson: -0.0021781734379739772
p-valu: 0.4975283643917271

AL interation 800/1000.

mae: 0.16484495653187686
max_error: 0.8580813995086203
variance: 0.014997989018084277
pearson: -0.002107668558159042
p-valu: 0.5115526957997525

AL interation 801/1000.

mae: 0.16470577534940134
max_error: 0.8590320192680565
variance: 0.014991195972297668
pearson: -0.0018470008542432748
p-valu: 0.5651321995465673

AL interation 802/1000.

mae: 0.16480884992338962
max_error: 0.8600468608429139
variance: 0.014998282524545414
pearson: -0.0022181480732094594
p-valu: 0.4896767066967819

AL interation 803/1000.

mae: 0.16459975119998355
max_error: 0.8609851166434339
variance: 0.014984423185748915
pearson: -0.0032966639723629745
p-valu: 0.3045552304643708

AL interation 804/1000.

mae: 0.16473196279478833
max_error: 0.8631321600391004
variance: 0.014956471636069755
pearson: -0.0035004094783877096
p-valu: 0.27564128346323585

AL interation 805/1000.

mae: 0.16472739044659518
max_error: 0.8628028911702472
variance: 0.014955675471586757
pearson: -0.0034996329236628575
p-valu: 0.27575028936643087

AL interation 806/1000.

mae: 0.16468490477854245
max_error: 0.8599060834962415
variance: 0.014952722401215413
pearson: -0.003604507119680871
p-valu: 0.2616193887883663

AL interation 807/1000.

mae: 0.16461111693547648
max_error: 0.8609041926387988
variance: 0.01494726379969127
pearson: -0.0038323820995581947
p-valu: 0.2326600878869572

AL interation 808/1000.

mae: 0.16460076173745183
max_error: 0.8609134317892426
variance: 0.014949482132240989
pearson: -0.0035116827459608277
p-valu: 0.2741078309550135

AL interation 809/1000.

mae: 0.1646103640828154
max_error: 0.8607282236557978
variance: 0.014949588236281813
pearson: -0.0034347521959460997
p-valu: 0.28476011523974465

AL interation 810/1000.

mae: 0.1646361729482884
max_error: 0.8596413982339755
variance: 0.014952025812245666
pearson: -0.0031165439812461
p-valu: 0.3317565127660485

AL interation 811/1000.

mae: 0.16463213727257203
max_error: 0.8603964806305555
variance: 0.014955925743858815
pearson: -0.0029659647392611815
p-valu: 0.3556517937657074

AL interation 812/1000.

mae: 0.16465922525439494
max_error: 0.8607655108056917
variance: 0.014958381918067767
pearson: -0.0026702582006166865
p-valu: 0.40564237843104717

AL interation 813/1000.

mae: 0.16455686727336946
max_error: 0.8628188537366555
variance: 0.014944882126885032
pearson: -0.003325870216652748
p-valu: 0.3003157593620916

AL interation 814/1000.

mae: 0.16472369991136016
max_error: 0.8666419302539055
variance: 0.014970193013232309
pearson: -0.0012372776219801195
p-valu: 0.7000038294305352

AL interation 815/1000.

mae: 0.1650432512681707
max_error: 0.8611923458421415
variance: 0.014988855402589043
pearson: -0.002597446122689073
p-valu: 0.418573598222111

AL interation 816/1000.

mae: 0.16518878089839356
max_error: 0.8579053435131527
variance: 0.014997636549406472
pearson: -0.0037032513168960782
p-valu: 0.2488016188069624

AL interation 817/1000.

mae: 0.16516563905531223
max_error: 0.8586250800211417
variance: 0.015006362843914968
pearson: -0.0036989140484957614
p-valu: 0.24935872761605862

AL interation 818/1000.

mae: 0.16508205054530253
max_error: 0.8533269762149018
variance: 0.015012361533392304
pearson: -0.0037186294509552794
p-valu: 0.2468468258489418

AL interation 819/1000.

mae: 0.16504360066735355
max_error: 0.8493265179870093
variance: 0.015006606177210731
pearson: -0.00409899718273335
p-valu: 0.20178261042154785

AL interation 820/1000.

mae: 0.16568484302191314
max_error: 0.8438269407174346
variance: 0.01507668858854993
pearson: -0.005766086481084397
p-valu: 0.07255114350150624

AL interation 821/1000.

mae: 0.16545528188479075
max_error: 0.8484720913786816
variance: 0.015027687033345585
pearson: -0.004351094591130861
p-valu: 0.1754229865042698

AL interation 822/1000.

mae: 0.1655626747870554
max_error: 0.8510750026381118
variance: 0.01504052623458182
pearson: -0.004212837759494932
p-valu: 0.18954680014562916

AL interation 823/1000.

mae: 0.16552019513252958
max_error: 0.8525048000626043
variance: 0.015041419180739762
pearson: -0.003606134830700782
p-valu: 0.26144585092475503

AL interation 824/1000.

mae: 0.1654635829164033
max_error: 0.8531409282539073
variance: 0.01503731818311422
pearson: -0.0031220032456668453
p-valu: 0.33094512919263336

AL interation 825/1000.

mae: 0.16547406210469923
max_error: 0.8536620737603187
variance: 0.015035608658771741
pearson: -0.0032311704118455488
p-valu: 0.3143182802725815

AL interation 826/1000.

mae: 0.16579355039518837
max_error: 0.857489567112026
variance: 0.015097192554050627
pearson: -0.004688377436291739
p-valu: 0.14429547459830344

AL interation 827/1000.

mae: 0.1657779151169703
max_error: 0.8630522675662462
variance: 0.015091667581984625
pearson: -0.006609399541650053
p-valu: 0.03957139671942816

AL interation 828/1000.

mae: 0.1658375328284745
max_error: 0.8605905272374628
variance: 0.015076721500721545
pearson: -0.007596042432009313
p-valu: 0.01800884955506091

AL interation 829/1000.

mae: 0.16595030373040578
max_error: 0.8588733102089918
variance: 0.01508293205634259
pearson: -0.00690551354463693
p-valu: 0.03152466590891777

AL interation 830/1000.

mae: 0.1659989281415624
max_error: 0.8576418237077803
variance: 0.015082555038843553
pearson: -0.0070612228607375704
p-valu: 0.027887571518166572

AL interation 831/1000.

mae: 0.16584033265622772
max_error: 0.8542684106246554
variance: 0.01503005646319991
pearson: -0.007240363998172369
p-valu: 0.024156017897706553

AL interation 832/1000.

mae: 0.16598504342681555
max_error: 0.8566114231689426
variance: 0.0150434527292159
pearson: -0.007865986322258524
p-valu: 0.014307469185096828

AL interation 833/1000.

mae: 0.16602811802473355
max_error: 0.8546249649646427
variance: 0.015032361644563456
pearson: -0.008173619337075022
p-valu: 0.010920393130766197

AL interation 834/1000.

mae: 0.1659246061625661
max_error: 0.8541120258090018
variance: 0.01499150853041491
pearson: -0.008033987658966478
p-valu: 0.012358437014824497

AL interation 835/1000.

mae: 0.1658967112063113
max_error: 0.8527085647341437
variance: 0.014988535437673532
pearson: -0.007984052299659775
p-valu: 0.012912340952271199

AL interation 836/1000.

mae: 0.16577420818322286
max_error: 0.8485066400330368
variance: 0.01496514027843894
pearson: -0.008318854542550038
p-valu: 0.009585803082016123

AL interation 837/1000.

mae: 0.1660950030617005
max_error: 0.8629771603268068
variance: 0.01506254749244709
pearson: -0.00866870344205732
p-valu: 0.006947438056098125

AL interation 838/1000.

mae: 0.16644840842843264
max_error: 0.863021397884296
variance: 0.015203068129408253
pearson: -0.009545904614553773
p-valu: 0.00295383202286042

AL interation 839/1000.

mae: 0.1664413617901559
max_error: 0.8588678228485946
variance: 0.01517320222143987
pearson: -0.00976069943766374
p-valu: 0.002370698833059045

AL interation 840/1000.

mae: 0.16646147384300156
max_error: 0.8602729227621637
variance: 0.015162817701482678
pearson: -0.01029432530379007
p-valu: 0.001348131175787567

AL interation 841/1000.

mae: 0.16627537523296476
max_error: 0.8596570077141905
variance: 0.015108320433761466
pearson: -0.011217640735197997
p-valu: 0.00047755359024902086

AL interation 842/1000.

mae: 0.1659013572549304
max_error: 0.8644737417983777
variance: 0.015074889807238012
pearson: -0.011907514985392526
p-valu: 0.000209022171214451

AL interation 843/1000.

mae: 0.1659191377955876
max_error: 0.8647159030537921
variance: 0.015092131332176779
pearson: -0.01174832608545314
p-valu: 0.00025393007144627633

AL interation 844/1000.

mae: 0.16602427060372163
max_error: 0.8656213693395216
variance: 0.015109625170160833
pearson: -0.011462776219312536
p-valu: 0.000357905200982839

AL interation 845/1000.

mae: 0.1658536133110489
max_error: 0.8586591181914969
variance: 0.01507647180642481
pearson: -0.012089943482727187
p-valu: 0.000166811215615138

AL interation 846/1000.

mae: 0.16585778978204327
max_error: 0.8629312700724938
variance: 0.015087087623559422
pearson: -0.012038329630987811
p-valu: 0.0001778848239198984

AL interation 847/1000.

mae: 0.16579260973364768
max_error: 0.8627555682470245
variance: 0.015103829969296352
pearson: -0.01129732182151366
p-valu: 0.00043522996979776393

AL interation 848/1000.

mae: 0.16553355764527095
max_error: 0.8641537951789076
variance: 0.015087511256845067
pearson: -0.010699153122240117
p-valu: 0.000863916768920265

AL interation 849/1000.

mae: 0.16566583785361105
max_error: 0.8605476837459634
variance: 0.015126066578666579
pearson: -0.010985408533586746
p-valu: 0.0006248755387330592

AL interation 850/1000.

mae: 0.16532767733851156
max_error: 0.8607629829675627
variance: 0.015055285439201212
pearson: -0.0110170100084581
p-valu: 0.0006026838952419539

AL interation 851/1000.

mae: 0.16523756698479672
max_error: 0.8588419096930622
variance: 0.015036003755431779
pearson: -0.01153156429116404
p-valu: 0.0003298997872988493

AL interation 852/1000.

mae: 0.16512890220400275
max_error: 0.8561884481355051
variance: 0.015020668229802102
pearson: -0.011584014733565705
p-valu: 0.00030984333562628747

AL interation 853/1000.

mae: 0.164984230682385
max_error: 0.8604168193474742
variance: 0.0149908984782166
pearson: -0.012052770171133063
p-valu: 0.00017481721245087874

AL interation 854/1000.

mae: 0.1653053620522875
max_error: 0.860606885840955
variance: 0.015002042711976894
pearson: -0.013263723402868272
p-valu: 3.6285545277428735e-05

AL interation 855/1000.

mae: 0.16557530709121687
max_error: 0.8610322652694364
variance: 0.015016882558576656
pearson: -0.013563241377771748
p-valu: 2.40869088220799e-05

AL interation 856/1000.

mae: 0.16558999584630066
max_error: 0.861188671091039
variance: 0.015013869024657261
pearson: -0.013389869357438298
p-valu: 3.0569711871081225e-05

AL interation 857/1000.

mae: 0.1655815523866881
max_error: 0.8605160426478236
variance: 0.015008217360060132
pearson: -0.013172446103352067
p-valu: 4.105612392654647e-05

AL interation 858/1000.

mae: 0.165608279356235
max_error: 0.8603385751328041
variance: 0.014995129188555811
pearson: -0.013171818854330969
p-valu: 4.109455693656467e-05

AL interation 859/1000.

mae: 0.16561077726542425
max_error: 0.8603165429845134
variance: 0.014995300843252055
pearson: -0.013150896029407017
p-valu: 4.227122457625182e-05

AL interation 860/1000.

mae: 0.1656625121354585
max_error: 0.8594715548921776
variance: 0.01501236437249644
pearson: -0.013168477493934572
p-valu: 4.128730508984689e-05

AL interation 861/1000.

mae: 0.16554188607023712
max_error: 0.8600595804981737
variance: 0.014996772683575637
pearson: -0.012669457281204777
p-valu: 7.988441639073142e-05

AL interation 862/1000.

mae: 0.1655217000075392
max_error: 0.8604538222683331
variance: 0.014995423691200244
pearson: -0.012593860909646978
p-valu: 8.81138904016257e-05

AL interation 863/1000.

mae: 0.16530224231568194
max_error: 0.8604036027929389
variance: 0.014978595723620949
pearson: -0.012208472592266149
p-valu: 0.0001440174486438601

AL interation 864/1000.

mae: 0.16529517139373306
max_error: 0.8605001735725963
variance: 0.014974432088704777
pearson: -0.012221715045890574
p-valu: 0.00014165037852732355

AL interation 865/1000.

mae: 0.16528558065983465
max_error: 0.8608848758291074
variance: 0.014980518102849076
pearson: -0.012280122706217316
p-valu: 0.00013160493985674607

AL interation 866/1000.

mae: 0.16497200134680637
max_error: 0.8589688975663918
variance: 0.014943847304523913
pearson: -0.011539006762457601
p-valu: 0.0003273275211358189

AL interation 867/1000.

mae: 0.1649663839981145
max_error: 0.8609912671400259
variance: 0.01489406598712776
pearson: -0.011885104729700873
p-valu: 0.00021526058230074202

AL interation 868/1000.

mae: 0.1649672012351831
max_error: 0.8610359402273637
variance: 0.014894571617212287
pearson: -0.011618903765656868
p-valu: 0.00029746941954928726

AL interation 869/1000.

mae: 0.1649350593395775
max_error: 0.8590153532047218
variance: 0.014885829488131287
pearson: -0.011906936676657931
p-valu: 0.0002095975660663656

AL interation 870/1000.

mae: 0.165217983918574
max_error: 0.8530691772623307
variance: 0.014841524935638034
pearson: -0.012211082745306233
p-valu: 0.00014362529523947816

AL interation 871/1000.

mae: 0.16519850080961537
max_error: 0.8530954998150833
variance: 0.014840303150193157
pearson: -0.012167041245140866
p-valu: 0.00015179904005340015

AL interation 872/1000.

mae: 0.16510852206225896
max_error: 0.8542104360712734
variance: 0.014835260285690672
pearson: -0.011687786279290496
p-valu: 0.0002738407363162296

AL interation 873/1000.

mae: 0.1651391995594536
max_error: 0.8528893551735237
variance: 0.014847045280542197
pearson: -0.014726706572622882
p-valu: 4.538344310899573e-06

AL interation 874/1000.

mae: 0.16520262656143173
max_error: 0.8523756678034076
variance: 0.014855496092593365
pearson: -0.015151122081594302
p-valu: 2.391128870097563e-06

AL interation 875/1000.

mae: 0.16501724979473345
max_error: 0.8508371900003375
variance: 0.014849364915065732
pearson: -0.014586196764524018
p-valu: 5.5915949493703255e-06

AL interation 876/1000.

mae: 0.1649524406618142
max_error: 0.8516583448457311
variance: 0.014848755348285865
pearson: -0.014628935279346993
p-valu: 5.249640934231674e-06

AL interation 877/1000.

mae: 0.1649554586788717
max_error: 0.851659511155404
variance: 0.014849069240416147
pearson: -0.014408915962515001
p-valu: 7.256428158543856e-06

AL interation 878/1000.

mae: 0.16478203626247312
max_error: 0.8528336129473573
variance: 0.014834882952576858
pearson: -0.013999919354390917
p-valu: 1.3086479987663837e-05

AL interation 879/1000.

mae: 0.1647909298233031
max_error: 0.8517711419711311
variance: 0.01483103966350154
pearson: -0.01401506701460558
p-valu: 1.2808696302372569e-05

AL interation 880/1000.

mae: 0.16476525721616658
max_error: 0.8515896016198816
variance: 0.014829166920980125
pearson: -0.014098817625523515
p-valu: 1.1366267581521235e-05

AL interation 881/1000.

mae: 0.164795674850796
max_error: 0.8511203709531934
variance: 0.014813403644448655
pearson: -0.014019619072434493
p-valu: 1.2728552897625501e-05

AL interation 882/1000.

mae: 0.16474457834140302
max_error: 0.8538954744643625
variance: 0.014822351419062414
pearson: -0.014146076795352696
p-valu: 1.0623790638647034e-05

AL interation 883/1000.

mae: 0.16467097883683296
max_error: 0.8540800653068885
variance: 0.01481363065095204
pearson: -0.01461926406779513
p-valu: 5.329519007418046e-06

AL interation 884/1000.

mae: 0.16460054155594003
max_error: 0.852115635534151
variance: 0.014816474207469545
pearson: -0.015110189449413275
p-valu: 2.548489405212005e-06

AL interation 885/1000.

mae: 0.16454101489962122
max_error: 0.8525847778866265
variance: 0.014827338671101342
pearson: -0.015440593030469085
p-valu: 1.5316417016568728e-06

AL interation 886/1000.

mae: 0.16457126891812043
max_error: 0.8529553527165668
variance: 0.01484117153949058
pearson: -0.015491245723170092
p-valu: 1.4155053443018776e-06

AL interation 887/1000.

mae: 0.1645217442492099
max_error: 0.8517600982881355
variance: 0.014824464134682153
pearson: -0.0150650396770531
p-valu: 2.7309695505382357e-06

AL interation 888/1000.

mae: 0.16452199856263278
max_error: 0.8517605804695343
variance: 0.014824501491512664
pearson: -0.015065688363350007
p-valu: 2.7285977917825858e-06

AL interation 889/1000.

mae: 0.1644153253195826
max_error: 0.8529111678213237
variance: 0.014785787536989201
pearson: -0.01531514513499787
p-valu: 1.8615225170909814e-06

AL interation 890/1000.

mae: 0.16446069528003363
max_error: 0.8512927063834077
variance: 0.014777564572186255
pearson: -0.015381701161110496
p-valu: 1.6794707717698184e-06

AL interation 891/1000.

mae: 0.16447087907702346
max_error: 0.851809019481621
variance: 0.01477998188493503
pearson: -0.015019306295295047
p-valu: 2.928883004546655e-06

AL interation 892/1000.

mae: 0.16445648578681837
max_error: 0.8520266805976924
variance: 0.014779825496277092
pearson: -0.014664273178781613
p-valu: 4.990609412690907e-06

AL interation 893/1000.

mae: 0.1644011972470419
max_error: 0.8532932832820812
variance: 0.01477838679368549
pearson: -0.014665584866208335
p-valu: 4.981462191119841e-06

AL interation 894/1000.

mae: 0.16439616550572078
max_error: 0.8547887441740407
variance: 0.014785339832874153
pearson: -0.01478738926304923
p-valu: 4.155161948484282e-06

AL interation 895/1000.

mae: 0.1643427435437162
max_error: 0.8548335304174159
variance: 0.014771679911613213
pearson: -0.015071923723542576
p-valu: 2.705065287026636e-06

AL interation 896/1000.

mae: 0.16423905353785592
max_error: 0.8537512728808672
variance: 0.014744030853139283
pearson: -0.014962655080349116
p-valu: 3.193171638636121e-06

AL interation 897/1000.

mae: 0.16422508150694307
max_error: 0.8541788101237877
variance: 0.014747007875575693
pearson: -0.014919007196891848
p-valu: 3.411106410902309e-06

AL interation 898/1000.

mae: 0.16436931261464607
max_error: 0.8527362300980634
variance: 0.01473467562353551
pearson: -0.015129498199941253
p-valu: 2.4785865993476093e-06

AL interation 899/1000.

mae: 0.16449256747913457
max_error: 0.8526121603778449
variance: 0.01475502417674016
pearson: -0.015255271652279124
p-valu: 2.0440755681690965e-06

AL interation 900/1000.

mae: 0.16457978488611685
max_error: 0.8632016038460826
variance: 0.01477906566578964
pearson: -0.01521960141220728
p-valu: 2.159579553683689e-06

AL interation 901/1000.

mae: 0.16437726664558444
max_error: 0.8622469524213585
variance: 0.014818141769173404
pearson: -0.014143126925456231
p-valu: 1.0690141149400593e-05

AL interation 902/1000.

mae: 0.1645558043426117
max_error: 0.8614438489166325
variance: 0.014838658534835378
pearson: -0.015032084916750149
p-valu: 2.8763416773370503e-06

AL interation 903/1000.

mae: 0.16457311469730188
max_error: 0.8592690948480524
variance: 0.0148371275127863
pearson: -0.015488905609071311
p-valu: 1.4237033401566042e-06

AL interation 904/1000.

mae: 0.16456570083106214
max_error: 0.8590563539606038
variance: 0.014883684345332176
pearson: -0.015611496893580365
p-valu: 1.1750482084982997e-06

AL interation 905/1000.

mae: 0.16456914710117082
max_error: 0.858996268366603
variance: 0.014885366450840822
pearson: -0.015473877154202112
p-valu: 1.4578469368795614e-06

AL interation 906/1000.

mae: 0.16454150952643712
max_error: 0.8604911852540837
variance: 0.014886477325812232
pearson: -0.015400000665451438
p-valu: 1.635665841633478e-06

AL interation 907/1000.

mae: 0.16453584062671542
max_error: 0.8621707307137108
variance: 0.014895304725600278
pearson: -0.016144104658847136
p-valu: 5.020139850975979e-07

AL interation 908/1000.

mae: 0.16451005936648413
max_error: 0.8616357723609767
variance: 0.014894339917205577
pearson: -0.016117694223853445
p-valu: 5.240457059755882e-07

AL interation 909/1000.

mae: 0.16455185074975215
max_error: 0.8651914132300504
variance: 0.014919164111836164
pearson: -0.016364704491436812
p-valu: 3.5027389778187825e-07

AL interation 910/1000.

mae: 0.16435222875745853
max_error: 0.8648178954187102
variance: 0.014798449751472943
pearson: -0.017350879957364874
p-valu: 6.620661685803112e-08

AL interation 911/1000.

mae: 0.16436354105386175
max_error: 0.8648366040997608
variance: 0.014801044414556692
pearson: -0.017413166474106588
p-valu: 5.942027963273795e-08

AL interation 912/1000.

mae: 0.16442919034224782
max_error: 0.8649018888515947
variance: 0.014795573948991276
pearson: -0.0182346828740662
p-valu: 1.3765641110236708e-08

AL interation 913/1000.

mae: 0.16440076957736954
max_error: 0.8646997189456513
variance: 0.014794047240791655
pearson: -0.01842319285923947
p-valu: 9.754666173528817e-09

AL interation 914/1000.

mae: 0.1643872830262389
max_error: 0.8650614050390821
variance: 0.014780870932740421
pearson: -0.018163913099446784
p-valu: 1.565858505827424e-08

AL interation 915/1000.

mae: 0.16444627133241357
max_error: 0.8650491909160287
variance: 0.01478677541806364
pearson: -0.01837749829174097
p-valu: 1.0611436666988287e-08

AL interation 916/1000.

mae: 0.1642465911821675
max_error: 0.8652160571554681
variance: 0.014804889976284813
pearson: -0.018321420415030203
p-valu: 1.1760230217852114e-08

AL interation 917/1000.

mae: 0.16424596072784248
max_error: 0.8652207692656866
variance: 0.014804886828914876
pearson: -0.01835728425285663
p-valu: 1.1015502706491695e-08

AL interation 918/1000.

mae: 0.16421074899461446
max_error: 0.8651498749196129
variance: 0.014783324842880372
pearson: -0.018134765872354013
p-valu: 1.651854591656435e-08

AL interation 919/1000.

mae: 0.16416543636345596
max_error: 0.8656299097576969
variance: 0.014770478945855758
pearson: -0.01778249784003792
p-valu: 3.107041906942214e-08

AL interation 920/1000.

mae: 0.16416761417473288
max_error: 0.8651890330580834
variance: 0.014771513036973874
pearson: -0.01781734885627867
p-valu: 2.9208363035929377e-08

AL interation 921/1000.

mae: 0.16415374846676006
max_error: 0.8654486407648214
variance: 0.01476436492372694
pearson: -0.017775025612515993
p-valu: 3.1495749025856107e-08

AL interation 922/1000.

mae: 0.16415146312067694
max_error: 0.8636145095466539
variance: 0.014754055535860169
pearson: -0.01771719898961762
p-valu: 3.4901649997073685e-08

AL interation 923/1000.

mae: 0.16416586088747154
max_error: 0.8622267980310028
variance: 0.014755841951889346
pearson: -0.017391796083686937
p-valu: 6.178791434183267e-08

AL interation 924/1000.

mae: 0.16421076097090406
max_error: 0.8624218731543074
variance: 0.014762221747372685
pearson: -0.017616790216516062
p-valu: 4.1683953253733655e-08

AL interation 925/1000.

mae: 0.16424815737566018
max_error: 0.8592084586963793
variance: 0.014755269552293619
pearson: -0.016670017298331192
p-valu: 2.1165970257035322e-07

AL interation 926/1000.

mae: 0.16411208181130085
max_error: 0.8594621873748309
variance: 0.014732360428886522
pearson: -0.0166087720567341
p-valu: 2.3446785632968435e-07

AL interation 927/1000.

mae: 0.16409352361898846
max_error: 0.8577196216121763
variance: 0.014717388431387556
pearson: -0.01635898498488429
p-valu: 3.5446417224105245e-07

AL interation 928/1000.

mae: 0.16319977919487377
max_error: 0.8560113635285163
variance: 0.014558637045975034
pearson: -0.015872682000819264
p-valu: 7.792113754331982e-07

AL interation 929/1000.

mae: 0.16319995132295473
max_error: 0.8558383779383583
variance: 0.014563559435194925
pearson: -0.015507461597754657
p-valu: 1.3875353804848803e-06

AL interation 930/1000.

mae: 0.163111198012547
max_error: 0.858183971381564
variance: 0.014546834170577193
pearson: -0.015519411364082266
p-valu: 1.3620311577671064e-06

AL interation 931/1000.

mae: 0.1630038815549378
max_error: 0.8585264901266925
variance: 0.014510056447663287
pearson: -0.015062259071011889
p-valu: 2.7568515001403924e-06

AL interation 932/1000.

mae: 0.16307274471119473
max_error: 0.8585137104674914
variance: 0.014529580288970804
pearson: -0.0149517866423266
p-valu: 3.2597097557494245e-06

AL interation 933/1000.

mae: 0.16316968572777069
max_error: 0.8605307032819631
variance: 0.014529889062191095
pearson: -0.015793513669134316
p-valu: 8.845149336834521e-07

AL interation 934/1000.

mae: 0.1632118770679838
max_error: 0.8602660998032086
variance: 0.014539782688624362
pearson: -0.015722392970471365
p-valu: 9.90244197500941e-07

AL interation 935/1000.

mae: 0.16323379180602338
max_error: 0.8608599004561484
variance: 0.014537474586797959
pearson: -0.015828106926526572
p-valu: 8.373733429977354e-07

AL interation 936/1000.

mae: 0.16355169326184982
max_error: 0.8602128080503029
variance: 0.01458133601153649
pearson: -0.017880615032852508
p-valu: 2.6162129925309212e-08

AL interation 937/1000.

mae: 0.16346597851935588
max_error: 0.8606636413411408
variance: 0.014578138903462925
pearson: -0.018082156457349428
p-valu: 1.8224274795890785e-08

AL interation 938/1000.

mae: 0.16326276233387024
max_error: 0.8619992982207236
variance: 0.014562466548885846
pearson: -0.01805603498757964
p-valu: 1.9106353585482788e-08

AL interation 939/1000.

mae: 0.1630557897740114
max_error: 0.8599152748446741
variance: 0.01454145143551114
pearson: -0.017866641197947973
p-valu: 2.6836011155493074e-08

AL interation 940/1000.

mae: 0.1629138470009479
max_error: 0.8532513780657638
variance: 0.014504040717641938
pearson: -0.01763586693950163
p-valu: 4.041004325633142e-08

AL interation 941/1000.

mae: 0.16278065017097715
max_error: 0.8519347048023
variance: 0.014450389410382621
pearson: -0.018068003522767235
p-valu: 1.8708043492148e-08

AL interation 942/1000.

mae: 0.16247894286338785
max_error: 0.8544736588285566
variance: 0.014388716950543298
pearson: -0.018497001867913133
p-valu: 8.559229450508513e-09

AL interation 943/1000.

mae: 0.16237666289629202
max_error: 0.8543547622186765
variance: 0.014382281468093665
pearson: -0.018709833879123648
p-valu: 5.770295658247224e-09

AL interation 944/1000.

mae: 0.162359807340981
max_error: 0.8535933262013238
variance: 0.014377171154938351
pearson: -0.018601742966080505
p-valu: 7.055248443280742e-09

AL interation 945/1000.

mae: 0.16228334236617967
max_error: 0.8537710843403694
variance: 0.014371265313895314
pearson: -0.01842317678692412
p-valu: 9.809616675730825e-09

AL interation 946/1000.

mae: 0.16227759403039732
max_error: 0.8539384190093742
variance: 0.01437261545711886
pearson: -0.018333276811832926
p-valu: 1.1567982835624501e-08

AL interation 947/1000.

mae: 0.16227282777497476
max_error: 0.8526372652088057
variance: 0.014366561047770073
pearson: -0.01826192726773567
p-valu: 1.3178507898790247e-08

AL interation 948/1000.

mae: 0.162197220758589
max_error: 0.850596950629491
variance: 0.01435243789138187
pearson: -0.018310859489569755
p-valu: 1.2055700371755883e-08

AL interation 949/1000.

mae: 0.1621694549356926
max_error: 0.8445498961825528
variance: 0.014346108236760644
pearson: -0.019159796585525357
p-valu: 2.4739046522837528e-09

AL interation 950/1000.

mae: 0.16213380154623594
max_error: 0.8446692654098129
variance: 0.014345210399441432
pearson: -0.019262413783589068
p-valu: 2.033814272637385e-09

AL interation 951/1000.

mae: 0.1621626097815092
max_error: 0.8432251112972651
variance: 0.014342052111789119
pearson: -0.019776001900587564
p-valu: 7.511193196573421e-10

AL interation 952/1000.

mae: 0.1621210258618509
max_error: 0.8437332863214699
variance: 0.01433983227002438
pearson: -0.01996554030659441
p-valu: 5.168628640423146e-10

AL interation 953/1000.

mae: 0.16194828629333102
max_error: 0.8445817177150232
variance: 0.014310323175438596
pearson: -0.02065288062636067
p-valu: 1.294377151821199e-10

AL interation 954/1000.

mae: 0.1618866586932112
max_error: 0.843733208007567
variance: 0.014289181460273782
pearson: -0.020872455517809377
p-valu: 8.240110924744195e-11

AL interation 955/1000.

mae: 0.1618522288254395
max_error: 0.8430810306001142
variance: 0.014275645517518936
pearson: -0.021069504205253116
p-valu: 5.473270717746758e-11

AL interation 956/1000.

mae: 0.16163505832282796
max_error: 0.8419638252501578
variance: 0.014244409503716606
pearson: -0.020481316576104847
p-valu: 1.837709650254198e-10

AL interation 957/1000.

mae: 0.16163496182889062
max_error: 0.8420474275417646
variance: 0.0142346911844884
pearson: -0.020338089593684668
p-valu: 2.456276689516557e-10

AL interation 958/1000.

mae: 0.16159818036445733
max_error: 0.8455216426375856
variance: 0.014224044978266908
pearson: -0.0218627022308656
p-valu: 1.0155763705059533e-11

AL interation 959/1000.

mae: 0.1615756835770265
max_error: 0.8453773455997862
variance: 0.014220966675652457
pearson: -0.021967784108421914
p-valu: 8.089446003507816e-12

AL interation 960/1000.

mae: 0.16160084526178445
max_error: 0.8454328241617333
variance: 0.014218027396351437
pearson: -0.02187709843226291
p-valu: 9.849232247921191e-12

AL interation 961/1000.

mae: 0.1616717584232225
max_error: 0.8454174246865627
variance: 0.014223776661984561
pearson: -0.021739479255889104
p-valu: 1.325625119255315e-11

AL interation 962/1000.

mae: 0.16167319193313423
max_error: 0.8456831599151116
variance: 0.014231113508935432
pearson: -0.021471958562896895
p-valu: 2.3489849112955424e-11

AL interation 963/1000.

mae: 0.16169563455518896
max_error: 0.8452670447603836
variance: 0.014234284612034341
pearson: -0.021613917169687927
p-valu: 1.736055339159261e-11

AL interation 964/1000.

mae: 0.1616986673235435
max_error: 0.8439134347979937
variance: 0.014233730425372145
pearson: -0.021202893891061305
p-valu: 4.1484708169522465e-11

AL interation 965/1000.

mae: 0.16169285662736999
max_error: 0.8439190127483656
variance: 0.0142336380300412
pearson: -0.021090669052235094
p-valu: 5.248603507368219e-11

AL interation 966/1000.

mae: 0.16171855730919718
max_error: 0.8437084618127066
variance: 0.014237825773640267
pearson: -0.02091555054571979
p-valu: 7.557077259528613e-11

AL interation 967/1000.

mae: 0.16172027513084744
max_error: 0.8436188974045002
variance: 0.014238401242325944
pearson: -0.020738207257752987
p-valu: 1.0898883975998693e-10

AL interation 968/1000.

mae: 0.1617760343193275
max_error: 0.8399402380087366
variance: 0.014228115491672662
pearson: -0.020713910815807736
p-valu: 1.145909452333805e-10

AL interation 969/1000.

mae: 0.1618138787839553
max_error: 0.8398985665257435
variance: 0.014236247087112172
pearson: -0.02082112984920889
p-valu: 9.192268463229566e-11

AL interation 970/1000.

mae: 0.16173014821168596
max_error: 0.8395634417789424
variance: 0.014175996755007017
pearson: -0.021220530807916423
p-valu: 4.003147237219318e-11

AL interation 971/1000.

mae: 0.16191816870459458
max_error: 0.8350667525344768
variance: 0.014191840020730647
pearson: -0.022241822049515067
p-valu: 4.458324459772858e-12

AL interation 972/1000.

mae: 0.16231891617709232
max_error: 0.8422004551710032
variance: 0.014208618918940206
pearson: -0.023976753074162648
p-valu: 8.5303044270897e-14

AL interation 973/1000.

mae: 0.1623804154078384
max_error: 0.8421242522765624
variance: 0.014221794989137015
pearson: -0.02382803135169933
p-valu: 1.2113534977803087e-13

AL interation 974/1000.

mae: 0.1623446265498194
max_error: 0.8408099264875588
variance: 0.014214562628218822
pearson: -0.024291147103690028
p-valu: 4.0411185550173913e-14

AL interation 975/1000.

mae: 0.16224354887919445
max_error: 0.8442658996189039
variance: 0.01419812235494064
pearson: -0.023898976450400355
p-valu: 1.025753913713478e-13

AL interation 976/1000.

mae: 0.1624652306644155
max_error: 0.8364618190792683
variance: 0.014224494999559965
pearson: -0.023430054853728576
p-valu: 3.064485663441641e-13

AL interation 977/1000.

mae: 0.16247149783765324
max_error: 0.8366327232377238
variance: 0.014226033921217001
pearson: -0.02304129821035662
p-valu: 7.47349826529337e-13

AL interation 978/1000.

mae: 0.16242512372694973
max_error: 0.8364204709098146
variance: 0.014223169758399105
pearson: -0.0232150930293058
p-valu: 5.027901444620991e-13

AL interation 979/1000.

mae: 0.16253899751453882
max_error: 0.8369775425640178
variance: 0.014209093894330626
pearson: -0.024297576843749207
p-valu: 3.985382518204831e-14

AL interation 980/1000.

mae: 0.16253091306761852
max_error: 0.8369953266098875
variance: 0.014224649944446579
pearson: -0.02437718518787689
p-valu: 3.2939114091412215e-14

AL interation 981/1000.

mae: 0.16254033067613866
max_error: 0.837179245645217
variance: 0.014223554613776524
pearson: -0.023984437762754357
p-valu: 8.398858669862484e-14

AL interation 982/1000.

mae: 0.16243758451807616
max_error: 0.8375418452384764
variance: 0.014233203620231134
pearson: -0.024498666548929952
p-valu: 2.4602755561391377e-14

AL interation 983/1000.

mae: 0.16247884851094052
max_error: 0.837573389478873
variance: 0.014153857161741126
pearson: -0.024603774645934228
p-valu: 1.9087488927933393e-14

AL interation 984/1000.

mae: 0.16211505772995857
max_error: 0.8296784886457047
variance: 0.014091875525744606
pearson: -0.02440066231824535
p-valu: 3.1170463644959007e-14

AL interation 985/1000.

mae: 0.16212572948982534
max_error: 0.829585366040618
variance: 0.014093058170382243
pearson: -0.0240672889536402
p-valu: 6.910951658918553e-14

AL interation 986/1000.

mae: 0.16211543856236643
max_error: 0.8303494097888802
variance: 0.014101743950078138
pearson: -0.024102918961527078
p-valu: 6.352469002559417e-14

AL interation 987/1000.

mae: 0.16208617039431342
max_error: 0.8301388806236858
variance: 0.014092059490563342
pearson: -0.02393726716350637
p-valu: 9.404974727106202e-14

AL interation 988/1000.

mae: 0.16201167477606396
max_error: 0.8320244839418827
variance: 0.014100883853612314
pearson: -0.023753075121174222
p-valu: 1.4504181490554077e-13

AL interation 989/1000.

mae: 0.16202359225199395
max_error: 0.8313168044563248
variance: 0.01411916629519779
pearson: -0.023424184279455283
p-valu: 3.1176430689076593e-13

AL interation 990/1000.

mae: 0.1618924635620653
max_error: 0.8312846949683603
variance: 0.014094407178009747
pearson: -0.022902901986074933
p-valu: 1.0263851850657511e-12

AL interation 991/1000.

mae: 0.16219912747457899
max_error: 0.8319470315962398
variance: 0.01415617239177111
pearson: -0.024385518109860945
p-valu: 3.239404347434581e-14

AL interation 992/1000.

mae: 0.16213078552681193
max_error: 0.8321834257252618
variance: 0.014155163479036765
pearson: -0.024769827409699685
p-valu: 1.2784166802903547e-14

AL interation 993/1000.

mae: 0.16189783230589072
max_error: 0.8326859692100346
variance: 0.014104404677941607
pearson: -0.0249312121749157
p-valu: 8.617113862913416e-15

AL interation 994/1000.

mae: 0.16187313093190522
max_error: 0.831142747383316
variance: 0.014089398677267034
pearson: -0.025042074443542065
p-valu: 6.5629699839186605e-15

AL interation 995/1000.

mae: 0.16173803391580527
max_error: 0.8312165859464766
variance: 0.014090917857088407
pearson: -0.024917575093307526
p-valu: 8.915895348162729e-15

AL interation 996/1000.

mae: 0.16168409275502232
max_error: 0.8283186339097064
variance: 0.0140894585535453
pearson: -0.02559853876188229
p-valu: 1.6420729572372534e-15

AL interation 997/1000.

mae: 0.16166729077908457
max_error: 0.8284200114424944
variance: 0.014087904397824815
pearson: -0.025620962904327388
p-valu: 1.5524202840490696e-15

AL interation 998/1000.

mae: 0.161556243441868
max_error: 0.8329547680109766
variance: 0.014081191904286071
pearson: -0.025917317985688915
p-valu: 7.328940227844615e-16

AL interation 999/1000.

mae: 0.16161486091956426
max_error: 0.8342312139703925
variance: 0.01408836411198975
pearson: -0.026139701356194856
p-valu: 4.150332439578453e-16
[2024-09-26 14:20:55,942][__main__][INFO] - Experiment run time: 106957.74106907845
submitit INFO (2024-09-26 14:20:55,944) - Job completed successfully
[2024-09-26 14:20:55,944][submitit][INFO] - Job completed successfully
submitit INFO (2024-09-26 14:20:55,953) - Exiting after successful completion
[2024-09-26 14:20:55,953][submitit][INFO] - Exiting after successful completion
