submitit INFO (2024-09-04 22:39:45,137) - Starting with JobEnvironment(job_id=1657037_3, hostname=gpu21005.pleiades.uni-wuppertal.de, local_rank=0(1), node=0(1), global_rank=0(1))
submitit INFO (2024-09-04 22:39:45,137) - Loading pickle: /beegfs/holzenkamp/dev/active_learning/active/../../experiments/p-porphyrin/candidate_based_al/dftb_traj1_LC-DFTB/GPR_coulomb_rbf/combinations3_1000-likelihood-no_fast_pred/.submitit/1657037_3/1657037_3_submitted.pkl
[2024-09-04 22:39:48,428][__main__][INFO] - Running on host: gpu21005.pleiades.uni-wuppertal.de
[2024-09-04 22:39:48,429][__main__][INFO] - Init trajectory.
[2024-09-04 22:43:26,424][__main__][INFO] - Run experiment
contexts:  [<torch.autograd.grad_mode.no_grad object at 0x15271df74d50>, <linear_operator.settings.max_cholesky_size object at 0x15271d992b10>, <gpytorch.settings.debug object at 0x15271d46a450>]

AL interation 0/4801.

mae: 0.027636690772721347
max_error: 0.15804646124804317
variance: 0.000514401354850634
pearson: 0.024481973785108375
p-valu: 1.898896415088703e-14

AL interation 1/4801.

mae: 0.027600448179886754
max_error: 0.1586377576034726
variance: 0.0005143821097318889
pearson: 0.009079220254220586
p-valu: 0.004520533190833687

AL interation 2/4801.

mae: 0.02697476050498769
max_error: 0.1410321936722721
variance: 0.00048006122187788206
pearson: 0.0024184486101157562
p-valu: 0.44946638999786626

AL interation 3/4801.

mae: 0.026988359468158345
max_error: 0.14100442204561048
variance: 0.00048024602375804803
pearson: -0.00958956894403324
p-valu: 0.0027092980817435973

AL interation 4/4801.

mae: 0.026966732200998052
max_error: 0.14057940094627858
variance: 0.00047962305272829535
pearson: -0.011164896299936146
p-valu: 0.0004801549238077161

AL interation 5/4801.

mae: 0.026914834320192916
max_error: 0.13931864403583494
variance: 0.00047774830747100423
pearson: -0.014031899001028605
p-valu: 1.142704053782663e-05

AL interation 6/4801.

mae: 0.026929205564538223
max_error: 0.14013707869682612
variance: 0.00047679075294523345
pearson: -0.011655935700072647
p-valu: 0.00026726166823776046

AL interation 7/4801.

mae: 0.026928200729505598
max_error: 0.14012186178217745
variance: 0.0004771625113326862
pearson: -0.007543320040183174
p-valu: 0.018327178277189736

AL interation 8/4801.

mae: 0.026880311443007707
max_error: 0.1397462302392825
variance: 0.0004763511488748976
pearson: -0.014943586352896318
p-valu: 2.9637444907123504e-06

AL interation 9/4801.

mae: 0.026900873562778777
max_error: 0.1395157575184388
variance: 0.0004750629788705108
pearson: -0.012559780384821985
p-valu: 8.574675780984193e-05

AL interation 10/4801.

mae: 0.02689852003652399
max_error: 0.13954468700602113
variance: 0.00047544953208416424
pearson: -0.00933902654403249
p-valu: 0.003495038311089457

AL interation 11/4801.

mae: 0.026890465254598282
max_error: 0.1399258271978453
variance: 0.0004751810804522887
pearson: -0.010965426972368669
p-valu: 0.0006056232968447957

AL interation 12/4801.

mae: 0.026851507591964238
max_error: 0.1392636004880088
variance: 0.0004735282358289788
pearson: -0.010134409194926407
p-valu: 0.001528700304728042

AL interation 13/4801.

mae: 0.026854102796598233
max_error: 0.1392776337127315
variance: 0.00047359176472890627
pearson: -0.01626922948026265
p-valu: 3.6222531366748576e-07

AL interation 14/4801.

mae: 0.026823284794221778
max_error: 0.1386100944751602
variance: 0.0004716283307642792
pearson: -0.016014968352677652
p-valu: 5.492477840236893e-07

AL interation 15/4801.

mae: 0.026780780437940282
max_error: 0.13873704162486625
variance: 0.000467704256892355
pearson: -0.022154752022039283
p-valu: 4.247729799260776e-12

AL interation 16/4801.

mae: 0.026777370523977984
max_error: 0.13880458221622397
variance: 0.0004676270541599206
pearson: -0.020208623595613942
p-valu: 2.6175175019805107e-10

AL interation 17/4801.

mae: 0.026775882636656683
max_error: 0.13876483270817863
variance: 0.0004676214946738261
pearson: -0.01786128829331567
p-valu: 2.3283064636818668e-08

AL interation 18/4801.

mae: 0.026772533311501975
max_error: 0.1387316741199533
variance: 0.00046770823795228743
pearson: -0.015028811094027861
p-valu: 2.6050362845846467e-06

AL interation 19/4801.

mae: 0.026740062169093252
max_error: 0.1389823786775427
variance: 0.0004678428868543782
pearson: -0.012625852617960714
p-valu: 7.87393190711741e-05

AL interation 20/4801.

mae: 0.026674667819130443
max_error: 0.1395319806326512
variance: 0.00046663788274553346
pearson: -0.01024622858107572
p-valu: 0.001355241542547744

AL interation 21/4801.

mae: 0.026640954497588007
max_error: 0.140216541155545
variance: 0.00046644866922129346
pearson: -0.010393993810014905
p-valu: 0.0011531980056045926

AL interation 22/4801.

mae: 0.026651247928417256
max_error: 0.1395876577421774
variance: 0.00046569642881707054
pearson: -0.014681489328466591
p-valu: 4.410994390996656e-06

AL interation 23/4801.

mae: 0.026488238654928203
max_error: 0.1385447519217644
variance: 0.00046124102175763696
pearson: -0.0043406075148491674
p-valu: 0.17469631385202308

AL interation 24/4801.

mae: 0.026534917365913447
max_error: 0.1394570411086233
variance: 0.00046201733735025505
pearson: -0.011246583349161985
p-valu: 0.00043681940107301233

AL interation 25/4801.

mae: 0.026491346714874128
max_error: 0.13767023528948646
variance: 0.0004574611373618786
pearson: -0.014785402405089179
p-valu: 3.7742755646020726e-06

AL interation 26/4801.

mae: 0.02656561575266909
max_error: 0.14230742589571527
variance: 0.0004582671300577807
pearson: -0.009888469114685041
p-valu: 0.0019878265694831363

AL interation 27/4801.

mae: 0.02653930464411927
max_error: 0.14182988756995718
variance: 0.0004581972558859461
pearson: -0.010471222910039484
p-valu: 0.0010593890180873534

AL interation 28/4801.

mae: 0.026534027541749723
max_error: 0.1421195719027813
variance: 0.0004580686247370068
pearson: -0.008150773858595766
p-valu: 0.010814521832599415

AL interation 29/4801.

mae: 0.026521221769848072
max_error: 0.14139632570820504
variance: 0.00045876796647927823
pearson: -0.00654639664800903
p-valu: 0.04066335949882556

AL interation 30/4801.

mae: 0.026511873323628213
max_error: 0.14146809856669057
variance: 0.0004587386231511234
pearson: -0.005235064624711667
p-valu: 0.10165126422354198

AL interation 31/4801.

mae: 0.02651092357304929
max_error: 0.1414892451752286
variance: 0.000458752923553379
pearson: -0.009977579664635267
p-valu: 0.0018095492373754467

AL interation 32/4801.

mae: 0.026418791340235486
max_error: 0.14245293956778687
variance: 0.0004571687472730903
pearson: -0.014167083852835206
p-valu: 9.427167588741556e-06

AL interation 33/4801.

mae: 0.026396660010373177
max_error: 0.14230158932248677
variance: 0.00045604605472474415
pearson: -0.01363636869374453
p-valu: 2.0086723921133502e-05

AL interation 34/4801.

mae: 0.026382539800680525
max_error: 0.14219279819614372
variance: 0.00045564274371684795
pearson: -0.010957767189335568
p-valu: 0.0006118981116678715

AL interation 35/4801.

mae: 0.02637447623292907
max_error: 0.14197731001497577
variance: 0.00045546753758143676
pearson: -0.008751917899121142
p-valu: 0.006209392107947629

AL interation 36/4801.

mae: 0.026334928327991308
max_error: 0.14163163724318284
variance: 0.0004536942017204353
pearson: -0.01167011276402986
p-valu: 0.00026326392147928997

AL interation 37/4801.

mae: 0.026322276087205575
max_error: 0.14179897642371042
variance: 0.0004530313533808308
pearson: -0.011786601667769674
p-valu: 0.0002283378952142929

AL interation 38/4801.

mae: 0.026291152975820953
max_error: 0.1410557350831257
variance: 0.00045309292890305765
pearson: -0.006716505466700056
p-valu: 0.035725241993779515

AL interation 39/4801.

mae: 0.026273122715410976
max_error: 0.1413390004643752
variance: 0.0004524434908787964
pearson: -0.012056467450156639
p-valu: 0.00016340787897083927

AL interation 40/4801.

mae: 0.026273483259371944
max_error: 0.14127498989671128
variance: 0.00045256144178129994
pearson: -0.01262288838123567
p-valu: 7.918473534314886e-05

AL interation 41/4801.

mae: 0.02627898965915647
max_error: 0.14114701709574543
variance: 0.000452290053541669
pearson: -0.005954669604333634
p-valu: 0.06263049129759177

AL interation 42/4801.

mae: 0.0262540293493663
max_error: 0.14079721258517225
variance: 0.00045184080942243263
pearson: -0.0057369039831592005
p-valu: 0.07285978095108188

AL interation 43/4801.

mae: 0.026272479545780072
max_error: 0.14123196904233956
variance: 0.00045183649032656657
pearson: -0.008216527154401047
p-valu: 0.010199263136627418

AL interation 44/4801.

mae: 0.026254940134293664
max_error: 0.14139138795477862
variance: 0.0004505540594946971
pearson: -0.010950289354628167
p-valu: 0.0006175852539150903

AL interation 45/4801.

mae: 0.02624950952255263
max_error: 0.14151401696895932
variance: 0.0004504818996988712
pearson: -0.006045838827768122
p-valu: 0.058721493018346484

AL interation 46/4801.

mae: 0.026251124453444498
max_error: 0.14249233150592772
variance: 0.00045070267081991235
pearson: -0.005000496181242939
p-valu: 0.11795225941568237

AL interation 47/4801.

mae: 0.026279202517965772
max_error: 0.14199509586849382
variance: 0.0004511848497472221
pearson: -0.007447529090809632
p-valu: 0.01988514780868995

AL interation 48/4801.

mae: 0.02626916105805434
max_error: 0.14286305342150887
variance: 0.0004487880364096238
pearson: -0.005552405092959524
p-valu: 0.08256945882914124

AL interation 49/4801.

mae: 0.026281250781538305
max_error: 0.14267983124373293
variance: 0.0004487948768517852
pearson: -0.0029368126639858355
p-valu: 0.35851976501289706

AL interation 50/4801.

mae: 0.026297925735983035
max_error: 0.14208785518791267
variance: 0.00044844719981419897
pearson: -0.0013149549530876905
p-valu: 0.6809878162116614

AL interation 51/4801.

mae: 0.026259566541233736
max_error: 0.141762151660761
variance: 0.0004482044461617911
pearson: -0.001188651132449819
p-valu: 0.7101719151361907

AL interation 52/4801.

mae: 0.026259668296026432
max_error: 0.14175449058902256
variance: 0.00044825420106461974
pearson: -0.002016155355568887
p-valu: 0.5284741001172835

AL interation 53/4801.

mae: 0.026130410185034272
max_error: 0.14420366194132994
variance: 0.0004438375983429224
pearson: 0.00230959553169056
p-valu: 0.470247993935701

AL interation 54/4801.

mae: 0.026042825836092257
max_error: 0.14172726333351704
variance: 0.00043760641736902015
pearson: -0.004720092435479328
p-valu: 0.14002555160087074

AL interation 55/4801.

mae: 0.025977917265460393
max_error: 0.14204491352527332
variance: 0.00043570390756854913
pearson: 0.008256353086298162
p-valu: 0.009843087155718579

AL interation 56/4801.

mae: 0.025985554534147647
max_error: 0.14161966222698522
variance: 0.00043497879451415426
pearson: 0.006171430442894366
p-valu: 0.05367725622042321

AL interation 57/4801.

mae: 0.02598822218992948
max_error: 0.14163920505094169
variance: 0.0004350245328772507
pearson: 0.0005531994248609096
p-valu: 0.8626912099683021

AL interation 58/4801.

mae: 0.025986493182169695
max_error: 0.1415951792278292
variance: 0.0004349401556692878
pearson: 0.0038622846603103052
p-valu: 0.2272462627207487

AL interation 59/4801.

mae: 0.025981667228853103
max_error: 0.14192932525708926
variance: 0.0004345916220505375
pearson: 0.004645390112449413
p-valu: 0.1464172486495983

AL interation 60/4801.

mae: 0.025983205853688105
max_error: 0.1419390481830728
variance: 0.0004347802506146058
pearson: 0.0030886713771552097
p-valu: 0.334237591415633

AL interation 61/4801.

mae: 0.025936267416656025
max_error: 0.1381671786288758
variance: 0.00043441459061668977
pearson: 0.0028314050366726063
p-valu: 0.3760599209458039

AL interation 62/4801.

mae: 0.02587934922255648
max_error: 0.13855976735224562
variance: 0.00043585627702301215
pearson: 0.005117097274671871
p-valu: 0.10965359173369768

AL interation 63/4801.

mae: 0.025883601998425466
max_error: 0.13825091531054542
variance: 0.0004359307746313505
pearson: 0.004609814410010812
p-valu: 0.1495418323778736

AL interation 64/4801.

mae: 0.025886989982922104
max_error: 0.13816719930999277
variance: 0.0004358964811871661
pearson: 0.002142740487930807
p-valu: 0.5029394147783898

AL interation 65/4801.

mae: 0.02585264429439693
max_error: 0.13790665355233941
variance: 0.0004346605757652408
pearson: 0.0033380550471014668
p-valu: 0.296692584388222

AL interation 66/4801.

mae: 0.025842423560520973
max_error: 0.13791709957070247
variance: 0.00043445648596957177
pearson: 0.00732981161376957
p-valu: 0.021935710794700053

AL interation 67/4801.

mae: 0.025839368764757106
max_error: 0.13827154743447387
variance: 0.00043452152567591333
pearson: 0.007896912944800426
p-valu: 0.013558145071898658

AL interation 68/4801.

mae: 0.025800203895042752
max_error: 0.13785110098217052
variance: 0.0004344696218063512
pearson: 0.0045297646779725856
p-valu: 0.1567492975622493

AL interation 69/4801.

mae: 0.02570541955663754
max_error: 0.13814221974635338
variance: 0.0004316878398359069
pearson: 0.014557400031022261
p-valu: 5.336334287567439e-06

AL interation 70/4801.

mae: 0.025690368796104552
max_error: 0.1376032674095503
variance: 0.0004303763930101911
pearson: 0.009928857477216451
p-valu: 0.0019093872436214182

AL interation 71/4801.

mae: 0.025689742103736753
max_error: 0.1376955938322061
variance: 0.0004301707984259202
pearson: 0.006725737959248894
p-valu: 0.035503136029307936

AL interation 72/4801.

mae: 0.025666073162036465
max_error: 0.1374594320439369
variance: 0.0004296179836254629
pearson: 0.00849096252086061
p-valu: 0.007944622565958324

AL interation 73/4801.

mae: 0.025670499312778112
max_error: 0.13750462600333352
variance: 0.0004299474045230388
pearson: 0.006615640627149052
p-valu: 0.038627553424341605

AL interation 74/4801.

mae: 0.0256547259027008
max_error: 0.13828912423899115
variance: 0.0004282165809465757
pearson: 0.004584208910728913
p-valu: 0.1518389797568506

AL interation 75/4801.

mae: 0.025639128414352
max_error: 0.13783620975909472
variance: 0.0004283290446522139
pearson: 0.0041468025776919566
p-valu: 0.19486496304831458

AL interation 76/4801.

mae: 0.025579965717056626
max_error: 0.13842949582560743
variance: 0.0004272787137820345
pearson: 0.00664094561166994
p-valu: 0.037892878882370376

AL interation 77/4801.

mae: 0.0255831276545586
max_error: 0.13847325470027155
variance: 0.0004273616098314517
pearson: 0.004166723226182493
p-valu: 0.19273358515150574

AL interation 78/4801.

mae: 0.025539386243341497
max_error: 0.13866432226502035
variance: 0.0004262356199585993
pearson: 0.0005435758228161528
p-valu: 0.8650711189098815

AL interation 79/4801.

mae: 0.025461224499371642
max_error: 0.13911119438432623
variance: 0.00042441778934462
pearson: -0.0027116991399032246
p-valu: 0.3966175547140395

AL interation 80/4801.

mae: 0.02544812417693072
max_error: 0.13936719092361222
variance: 0.0004228808323686891
pearson: -0.0039031060571202278
p-valu: 0.22242403702959052

AL interation 81/4801.

mae: 0.02552203854835243
max_error: 0.13950875607396435
variance: 0.000424449475150101
pearson: -0.009921936808615157
p-valu: 0.0019245319955153934

AL interation 82/4801.

mae: 0.02544751542776723
max_error: 0.1379401384549332
variance: 0.0004215658907631751
pearson: -0.009485795212195482
p-valu: 0.0030241067214746157

AL interation 83/4801.

mae: 0.025439364663584627
max_error: 0.1377488640958192
variance: 0.00042138298614964153
pearson: -0.011335640415780179
p-valu: 0.0003947667778890118

AL interation 84/4801.

mae: 0.0253425111916754
max_error: 0.13846397501116225
variance: 0.00041842366578872766
pearson: -0.012253827125057166
p-valu: 0.00012783788817917393

AL interation 85/4801.

mae: 0.025331588084691246
max_error: 0.13836897105054796
variance: 0.0004182454178027091
pearson: -0.012000717016711588
p-valu: 0.00017582249799515405

AL interation 86/4801.

mae: 0.025332887098774102
max_error: 0.13836449775327164
variance: 0.0004202223769532602
pearson: -0.01117850651575327
p-valu: 0.00047516328637710824

AL interation 87/4801.

mae: 0.025339989419247148
max_error: 0.13833410718026495
variance: 0.00042036769660499954
pearson: -0.009892510150244857
p-valu: 0.0019858282547051184

AL interation 88/4801.

mae: 0.025346026555095307
max_error: 0.13780444166187888
variance: 0.0004205076935019665
pearson: -0.006817012590544312
p-valu: 0.0330955750373333

AL interation 89/4801.

mae: 0.025327495399400015
max_error: 0.13810472691676184
variance: 0.0004203665255977773
pearson: -0.004401947188477896
p-valu: 0.16882686068656594

AL interation 90/4801.

mae: 0.025235822526322133
max_error: 0.1378971312305915
variance: 0.00041729142151444095
pearson: -0.002795637416842214
p-valu: 0.3821903543254226

AL interation 91/4801.

mae: 0.02523202294450963
max_error: 0.13878678519253235
variance: 0.00041685106638545896
pearson: -0.0003158434494812641
p-valu: 0.921355450739072

AL interation 92/4801.

mae: 0.025159076611574325
max_error: 0.13710248963389499
variance: 0.0004104685797970751
pearson: -0.006341912576650048
p-valu: 0.04743814747313112

AL interation 93/4801.

mae: 0.02516338339415403
max_error: 0.1368138431417184
variance: 0.0004103015248636537
pearson: -0.004451863194448737
p-valu: 0.1640563499620421

AL interation 94/4801.

mae: 0.024933717733043412
max_error: 0.13586532205876747
variance: 0.00040057307173255174
pearson: -0.009766579350023046
p-valu: 0.0022666628929033272

AL interation 95/4801.

mae: 0.024940480453032456
max_error: 0.13594085561754596
variance: 0.0004005779302872455
pearson: -0.01660749382555785
p-valu: 2.0868659332815893e-07

AL interation 96/4801.

mae: 0.024937078663433355
max_error: 0.13591206048843618
variance: 0.000400602886536634
pearson: -0.010814894155578063
p-valu: 0.0007234454909275254

AL interation 97/4801.

mae: 0.024823886038925855
max_error: 0.13552219505562507
variance: 0.0003981461441366037
pearson: -0.01267194479260288
p-valu: 7.462439144093125e-05

AL interation 98/4801.

mae: 0.024793967968075776
max_error: 0.1354406257032134
variance: 0.00039783683123180446
pearson: -0.014789617896423267
p-valu: 3.7817183214286398e-06

AL interation 99/4801.

mae: 0.024794359447050683
max_error: 0.13543640341115146
variance: 0.0003978699967628478
pearson: -0.014752710558334131
p-valu: 3.998310716310855e-06

AL interation 100/4801.

mae: 0.024757303744178765
max_error: 0.1354060767795479
variance: 0.00039557018578802264
pearson: -0.013779441326763989
p-valu: 1.6534215676248628e-05

AL interation 101/4801.

mae: 0.02478498518635215
max_error: 0.1351039864209731
variance: 0.0003957058755674053
pearson: -0.014229727902785247
p-valu: 8.670119052230944e-06

AL interation 102/4801.

mae: 0.024750281982621105
max_error: 0.1355493862599826
variance: 0.0003959474912579682
pearson: -0.012578535556537256
p-valu: 8.433403925927288e-05

AL interation 103/4801.

mae: 0.024698952398498335
max_error: 0.13534447171965103
variance: 0.00039671881633949243
pearson: -0.013500678383579224
p-valu: 2.4432349626123638e-05

AL interation 104/4801.

mae: 0.024698225101680273
max_error: 0.13539177371585998
variance: 0.00039673096742527664
pearson: -0.014785163847225752
p-valu: 3.809801158815743e-06

AL interation 105/4801.

mae: 0.024699348202449897
max_error: 0.1352983077726256
variance: 0.00039667340751862253
pearson: -0.014209878835575687
p-valu: 8.927771604262517e-06

AL interation 106/4801.

mae: 0.02467463023581109
max_error: 0.13549344809856434
variance: 0.0003961583830264108
pearson: -0.011426582078930042
p-valu: 0.00035485053921013404

AL interation 107/4801.

mae: 0.02466829465399408
max_error: 0.13540340797520725
variance: 0.0003959537642377448
pearson: -0.014479208020107215
p-valu: 6.01722657987402e-06

AL interation 108/4801.

mae: 0.024674698242871027
max_error: 0.13581974456050977
variance: 0.0003953905746460512
pearson: -0.010032776532911443
p-valu: 0.0017135373903980299

AL interation 109/4801.

mae: 0.024626801755704537
max_error: 0.13618023754047642
variance: 0.000392295828529875
pearson: -0.005558509115948773
p-valu: 0.08232817814531079

AL interation 110/4801.

mae: 0.02463417596084474
max_error: 0.1348634261870505
variance: 0.00039249526486926235
pearson: -0.006027485089106485
p-valu: 0.05957748159728504

AL interation 111/4801.

mae: 0.02459670641244051
max_error: 0.13422494585294797
variance: 0.0003915550076314608
pearson: -0.006340907322170472
p-valu: 0.04749487430326497

AL interation 112/4801.

mae: 0.024604220789146355
max_error: 0.13401743976099145
variance: 0.0003913708846295105
pearson: -0.008285899249568875
p-valu: 0.009603848006622626

AL interation 113/4801.

mae: 0.02459048943050566
max_error: 0.13412864507114264
variance: 0.00039089867596754825
pearson: -0.005389318048941437
p-valu: 0.09210097229840142

AL interation 114/4801.

mae: 0.024590993246036814
max_error: 0.13408324800942073
variance: 0.0003908862152883429
pearson: -0.004298352414529919
p-valu: 0.17913318920164703

AL interation 115/4801.

mae: 0.02433893223379517
max_error: 0.13366265033639313
variance: 0.0003834521426573345
pearson: -0.010873546798042946
p-valu: 0.0006774643366949271

AL interation 116/4801.

mae: 0.024338201530586655
max_error: 0.13371202980780694
variance: 0.0003834865254937363
pearson: -0.014019254066307557
p-valu: 1.177036163356032e-05

AL interation 117/4801.

mae: 0.024338186438042832
max_error: 0.13371171687522554
variance: 0.0003834866582865697
pearson: -0.013701875064840788
p-valu: 1.847481697271593e-05

AL interation 118/4801.

mae: 0.024318883437927357
max_error: 0.13339501197288384
variance: 0.0003824771181118545
pearson: -0.013788047370015453
p-valu: 1.6363699214028012e-05

AL interation 119/4801.

mae: 0.02431912483555768
max_error: 0.13344613011141837
variance: 0.000382479694186407
pearson: -0.010048250991257938
p-valu: 0.0016865083637980843

AL interation 120/4801.

mae: 0.02430276783333204
max_error: 0.13327970302003223
variance: 0.00038084735626505123
pearson: -0.00844024391695091
p-valu: 0.00834186790320343

AL interation 121/4801.

mae: 0.02431834495457818
max_error: 0.1339994269100384
variance: 0.0003802117043441383
pearson: -0.012101128149032352
p-valu: 0.00015549019717484673

AL interation 122/4801.

mae: 0.02432070321932562
max_error: 0.13349163449215307
variance: 0.0003787461988772457
pearson: -0.011392679388696255
p-valu: 0.0003698974359429847

AL interation 123/4801.

mae: 0.024291629000866295
max_error: 0.13101715747726783
variance: 0.000376437355428238
pearson: -0.014653817981536525
p-valu: 4.649939895834257e-06

AL interation 124/4801.

mae: 0.0242996488822288
max_error: 0.13125113416790923
variance: 0.00037639774167906977
pearson: -0.009536963940517406
p-valu: 0.0028765403298410485

AL interation 125/4801.

mae: 0.024301099340102515
max_error: 0.13113261496565776
variance: 0.0003764837152223346
pearson: -0.007214730902684559
p-valu: 0.024144608979155432

AL interation 126/4801.

mae: 0.024272042074540975
max_error: 0.1305460023101117
variance: 0.00037395802298107443
pearson: -0.0033166582303280623
p-valu: 0.29995053512649944

AL interation 127/4801.

mae: 0.02427541780985486
max_error: 0.13025238907858427
variance: 0.00037453486592568943
pearson: -0.008469742571114106
p-valu: 0.008120091711686967

AL interation 128/4801.

mae: 0.02433146933216652
max_error: 0.13048292705607478
variance: 0.00037559053847026396
pearson: -0.010723098540899402
p-valu: 0.0008043545168646572

AL interation 129/4801.

mae: 0.024325319233419126
max_error: 0.1303694670893012
variance: 0.00037385651686801485
pearson: -0.01024514255800801
p-valu: 0.0013652823595130654

AL interation 130/4801.

mae: 0.02433768354503852
max_error: 0.13053831230653334
variance: 0.0003737389946127874
pearson: -0.012434922555322081
p-valu: 0.00010178900714165609

AL interation 131/4801.

mae: 0.024150117315164265
max_error: 0.13019506755980892
variance: 0.0003694455448790358
pearson: -0.009590355217101294
p-valu: 0.0027246098460763177

AL interation 132/4801.

mae: 0.02416400060353581
max_error: 0.13000304643203786
variance: 0.0003699353678093115
pearson: -0.010694422067169378
p-valu: 0.0008309896198472171

AL interation 133/4801.

mae: 0.02416523204353623
max_error: 0.12986597341240103
variance: 0.0003689217417714708
pearson: -0.012467828860101166
p-valu: 9.758776392033705e-05

AL interation 134/4801.

mae: 0.02409745020031859
max_error: 0.12894759326607041
variance: 0.0003666681594701188
pearson: -0.013018294170744337
p-valu: 4.7308574136858195e-05

AL interation 135/4801.

mae: 0.024027756911845857
max_error: 0.13038091960433085
variance: 0.0003654665612592009
pearson: -0.011627816853926684
p-valu: 0.0002791345878593206

AL interation 136/4801.

mae: 0.02401047693861724
max_error: 0.12994858935779252
variance: 0.0003640895396188586
pearson: -0.01188766374701263
p-valu: 0.0002031024369425528

AL interation 137/4801.

mae: 0.023982021796836898
max_error: 0.12997762188690043
variance: 0.00036334814318829606
pearson: -0.014265548554703729
p-valu: 8.260923567232908e-06

AL interation 138/4801.

mae: 0.023981024988443504
max_error: 0.12990357128764307
variance: 0.000363338818589314
pearson: -0.01576108393669184
p-valu: 8.404744128213528e-07

AL interation 139/4801.

mae: 0.023978645198922316
max_error: 0.12987093967131247
variance: 0.00036378267546024703
pearson: -0.012573931635958891
p-valu: 8.510348295904992e-05

AL interation 140/4801.

mae: 0.02397376893583918
max_error: 0.1302973345240126
variance: 0.00036370227824962406
pearson: -0.010632728037513264
p-valu: 0.0008910514656909633

AL interation 141/4801.

mae: 0.023969784563771888
max_error: 0.12973646219046464
variance: 0.0003624853343884679
pearson: -0.0010665143301503387
p-valu: 0.7389182178995569

AL interation 142/4801.

mae: 0.023986920512132463
max_error: 0.1298020839200209
variance: 0.00036332952997916284
pearson: -0.008889692019870266
p-valu: 0.005468233577940105

AL interation 143/4801.

mae: 0.023987835561316798
max_error: 0.12970743451462097
variance: 0.00036335502817980787
pearson: -0.009932368021316538
p-valu: 0.001909789961553532

AL interation 144/4801.

mae: 0.023957415614168524
max_error: 0.13018562879653817
variance: 0.00036293603136478654
pearson: -0.010961390285852638
p-valu: 0.0006136934846565

AL interation 145/4801.

mae: 0.023956780267934713
max_error: 0.1301905703360775
variance: 0.0003628466434869684
pearson: -0.010681544910023027
p-valu: 0.0008437952489673561

AL interation 146/4801.

mae: 0.023863119700948225
max_error: 0.13105902340018005
variance: 0.00036091628121155233
pearson: -0.010346282955055573
p-valu: 0.0012240269512655108

AL interation 147/4801.

mae: 0.023883788574695905
max_error: 0.13379273941755732
variance: 0.00036117897623828837
pearson: -0.00656617927113755
p-valu: 0.04018008860041918

AL interation 148/4801.

mae: 0.023863853602835713
max_error: 0.13366398921661427
variance: 0.0003617831421526733
pearson: -0.008621614007561987
p-valu: 0.007055541376112864

AL interation 149/4801.

mae: 0.023887947608254842
max_error: 0.13275328121478358
variance: 0.0003617890256545723
pearson: -0.009614098618855834
p-valu: 0.002661436868867829

AL interation 150/4801.

mae: 0.023917221735135833
max_error: 0.13277739144615675
variance: 0.00036195919301440423
pearson: -0.01122712490741935
p-valu: 0.00045075998745204153

AL interation 151/4801.

mae: 0.02390293902028006
max_error: 0.1325690808953508
variance: 0.00036149980043007095
pearson: -0.013646779073600072
p-valu: 2.0025693471835476e-05

AL interation 152/4801.

mae: 0.023899467591700602
max_error: 0.13256081623888805
variance: 0.00036132937325776397
pearson: -0.01574534464725809
p-valu: 8.634353256738353e-07

AL interation 153/4801.

mae: 0.023898495391000134
max_error: 0.13259301789783517
variance: 0.0003613969851362117
pearson: -0.018535203105406427
p-valu: 6.938762132864484e-09

AL interation 154/4801.

mae: 0.02390407290422347
max_error: 0.13239397518911744
variance: 0.00036196780889056514
pearson: -0.015530209246207514
p-valu: 1.2150576916892404e-06

AL interation 155/4801.

mae: 0.02384105839134299
max_error: 0.1325370493062974
variance: 0.00035973445295867947
pearson: -0.012380883748475265
p-valu: 0.00010932654653860661

AL interation 156/4801.

mae: 0.02382243227077312
max_error: 0.13234704147607745
variance: 0.00035906771744657217
pearson: -0.010280708980551731
p-valu: 0.001315559203173779

AL interation 157/4801.

mae: 0.0238071502217398
max_error: 0.1323155652046144
variance: 0.0003585512205206294
pearson: -0.01250418123506836
p-valu: 9.329684952683032e-05

AL interation 158/4801.

mae: 0.023817805204085288
max_error: 0.1350573255235511
variance: 0.0003607566586781539
pearson: -0.013186199970218327
p-valu: 3.7802939196887405e-05

AL interation 159/4801.

mae: 0.02382559663441444
max_error: 0.1328819261263774
variance: 0.0003596768263609202
pearson: -0.014825368537168938
p-valu: 3.6082068279203863e-06

AL interation 160/4801.

mae: 0.023835997771220405
max_error: 0.1306531617738665
variance: 0.00035756323256040846
pearson: -0.01586850187568796
p-valu: 7.095077219572283e-07

AL interation 161/4801.

mae: 0.023855714671612058
max_error: 0.13038187019369818
variance: 0.0003582299400417008
pearson: -0.017926525268255722
p-valu: 2.1198704498381975e-08

AL interation 162/4801.

mae: 0.02384965804037402
max_error: 0.13046385221267098
variance: 0.00035765540427195734
pearson: -0.012511837846617307
p-valu: 9.241581657189796e-05

AL interation 163/4801.

mae: 0.023776755475540447
max_error: 0.12982152959376414
variance: 0.00035518988002150185
pearson: -0.014140156094995
p-valu: 9.937561316261773e-06

AL interation 164/4801.

mae: 0.023771925488897536
max_error: 0.1298665910981771
variance: 0.0003551739514811413
pearson: -0.012648992516177657
p-valu: 7.733640223529694e-05

AL interation 165/4801.

mae: 0.023699745665885716
max_error: 0.12950718311322507
variance: 0.00035457359392468597
pearson: -0.018020573489054236
p-valu: 1.7895838464294087e-08

AL interation 166/4801.

mae: 0.023686007190970203
max_error: 0.12881961891943217
variance: 0.00035421909055506433
pearson: -0.015679550347245306
p-valu: 9.60614434789204e-07

AL interation 167/4801.

mae: 0.023685824204544573
max_error: 0.12880141974085624
variance: 0.00035420976915474117
pearson: -0.0144576553703479
p-valu: 6.25274574473168e-06

AL interation 168/4801.

mae: 0.023663426453351517
max_error: 0.1268953449431196
variance: 0.0003532138021937557
pearson: -0.00913936859463721
p-valu: 0.004293921017326929

AL interation 169/4801.

mae: 0.0236276539334699
max_error: 0.12654580796473436
variance: 0.00035274185420157585
pearson: -0.009128726382486867
p-valu: 0.004339304572841216

AL interation 170/4801.

mae: 0.023609992852613653
max_error: 0.12638197345853075
variance: 0.0003527684632349389
pearson: -0.012549417291418837
p-valu: 8.808350473842023e-05

AL interation 171/4801.

mae: 0.0235996280917942
max_error: 0.12614691743215856
variance: 0.00035298146990715804
pearson: -0.009339369391074544
p-valu: 0.0035209009793631422

AL interation 172/4801.

mae: 0.023588332083826095
max_error: 0.12655561528029846
variance: 0.00035281650057269814
pearson: -0.009279425086688478
p-valu: 0.0037384637314469902

AL interation 173/4801.

mae: 0.023584300091164676
max_error: 0.12618528918053928
variance: 0.00035285775825328735
pearson: -0.008589882052420934
p-valu: 0.007275771443163013

AL interation 174/4801.

mae: 0.023549129535731284
max_error: 0.12448033608884435
variance: 0.0003522540051247886
pearson: -0.006227158846232536
p-valu: 0.05169323004804447

AL interation 175/4801.

mae: 0.023514336769986224
max_error: 0.12427158368877755
variance: 0.00035231161696048634
pearson: -0.0095836477961978
p-valu: 0.002749481051569912

AL interation 176/4801.

mae: 0.02354764570221991
max_error: 0.12433752582753566
variance: 0.00035245897131868135
pearson: -0.00762505812952453
p-valu: 0.017198273420765388

AL interation 177/4801.

mae: 0.023526721228512765
max_error: 0.12379523622094202
variance: 0.0003520848829029267
pearson: -0.005877109372519855
p-valu: 0.06631679803992431

AL interation 178/4801.

mae: 0.023489384761511547
max_error: 0.12380039575356805
variance: 0.000351102694470848
pearson: -0.005466757410434758
p-valu: 0.08762651300402287

AL interation 179/4801.

mae: 0.023497648620291002
max_error: 0.12363666343141477
variance: 0.00035125404814837733
pearson: -0.004441460045283382
p-valu: 0.165229994743177

AL interation 180/4801.

mae: 0.023497583362098007
max_error: 0.12368627622975714
variance: 0.00035131419009238636
pearson: -0.003787853911789
p-valu: 0.23662145487844402

AL interation 181/4801.

mae: 0.023497959678848178
max_error: 0.12363479142775524
variance: 0.0003513949797301245
pearson: -0.0027322864810936406
p-valu: 0.3932893421735516

AL interation 182/4801.

mae: 0.0235094445113174
max_error: 0.12314891080346702
variance: 0.0003519413002433657
pearson: -0.0028817349233179884
p-valu: 0.3679307623490714

AL interation 183/4801.

mae: 0.023509073737804056
max_error: 0.12315217333760453
variance: 0.00035195597790019077
pearson: -0.004269830790781523
p-valu: 0.18218978185325146

AL interation 184/4801.

mae: 0.02356616062160681
max_error: 0.12254231327738085
variance: 0.0003537675543230869
pearson: 0.010236494298172647
p-valu: 0.001382461382586287

AL interation 185/4801.

mae: 0.023570015798464145
max_error: 0.12269371268464524
variance: 0.00035392381461877653
pearson: -0.001457399522416587
p-valu: 0.6488678449577658

AL interation 186/4801.

mae: 0.023584447825405818
max_error: 0.12251860824241001
variance: 0.00035382201592258384
pearson: 0.0005291831633060606
p-valu: 0.8686827861686149

AL interation 187/4801.

mae: 0.023508534611197562
max_error: 0.1222800268763179
variance: 0.0003526912376704232
pearson: -0.004367087478831008
p-valu: 0.17244119385426132

AL interation 188/4801.

mae: 0.023504856033538534
max_error: 0.12232556914442183
variance: 0.00035270566186247805
pearson: -0.004756908059151126
p-valu: 0.13722984584763526

AL interation 189/4801.

mae: 0.0235047910697675
max_error: 0.1224023895692481
variance: 0.0003528101146296756
pearson: -0.009536402736406345
p-valu: 0.00288752284128667

AL interation 190/4801.

mae: 0.023495302315244403
max_error: 0.1227969049663088
variance: 0.00035269006743550186
pearson: -0.009337526248303758
p-valu: 0.0035306227189724378

AL interation 191/4801.

mae: 0.02351336486446361
max_error: 0.12336327283701776
variance: 0.00035323338668589316
pearson: -0.0066660557614109835
p-valu: 0.037284517674837966

AL interation 192/4801.

mae: 0.02353244590612436
max_error: 0.12264330619433217
variance: 0.00035325160184029923
pearson: -0.004671229521385543
p-valu: 0.14445839274010752

AL interation 193/4801.

mae: 0.023476210173636453
max_error: 0.1211854464267621
variance: 0.0003512812767559894
pearson: -0.006184903807012112
p-valu: 0.0533238773085982

AL interation 194/4801.

mae: 0.023413058362314786
max_error: 0.12141024734022965
variance: 0.0003498748631105435
pearson: -0.008325631811397456
p-valu: 0.009292475578557054

AL interation 195/4801.

mae: 0.023493677765680322
max_error: 0.12242957169967639
variance: 0.00035046034670045386
pearson: -0.008495571461764696
p-valu: 0.007950063865280304

AL interation 196/4801.

mae: 0.023454969420753074
max_error: 0.1207756765085134
variance: 0.0003512175416217391
pearson: -0.008483053599041982
p-valu: 0.00804301554840794

AL interation 197/4801.

mae: 0.02345503459306663
max_error: 0.12017818670543301
variance: 0.0003525579709485609
pearson: -0.011885596192792199
p-valu: 0.00020455828416407056

AL interation 198/4801.

mae: 0.023432983271081405
max_error: 0.1206578965943712
variance: 0.0003520590040791851
pearson: -0.009006079066233644
p-valu: 0.0048984219998447305

AL interation 199/4801.

mae: 0.02338946024061775
max_error: 0.12009429895551738
variance: 0.00035004603008597165
pearson: -0.010706340817647974
p-valu: 0.0008233065951819255

AL interation 200/4801.

mae: 0.023404205970277016
max_error: 0.11970401859478308
variance: 0.0003504204414038622
pearson: -0.006062487386780639
p-valu: 0.05822836125317049

AL interation 201/4801.

mae: 0.02343031425699655
max_error: 0.11984548197481937
variance: 0.0003502753871587881
pearson: -0.0030663156416708176
p-valu: 0.33809669343731547

AL interation 202/4801.

mae: 0.023428312769613237
max_error: 0.11998166109444286
variance: 0.0003502471551535562
pearson: -0.007148238547413213
p-valu: 0.02553851658117342

AL interation 203/4801.

mae: 0.023426281884358798
max_error: 0.12027675429008422
variance: 0.0003503367174175977
pearson: -0.011057472474606705
p-valu: 0.0005513692298796316

AL interation 204/4801.

mae: 0.023421420073272182
max_error: 0.12045008118862777
variance: 0.00035009840539064984
pearson: -0.010407654468173745
p-valu: 0.0011482403739497527

AL interation 205/4801.

mae: 0.023418076515358457
max_error: 0.12050675567993174
variance: 0.0003504755268656985
pearson: -0.008603848539476603
p-valu: 0.007190837900902887

AL interation 206/4801.

mae: 0.023411478258938693
max_error: 0.12064061619884381
variance: 0.000350291050440365
pearson: -0.007699235563092117
p-valu: 0.016161450403232976

AL interation 207/4801.

mae: 0.02329688272705075
max_error: 0.11978632090408903
variance: 0.0003486660455479496
pearson: -0.0038387306825708157
p-valu: 0.23044868918045047

AL interation 208/4801.

mae: 0.023509045519086974
max_error: 0.12332509712929784
variance: 0.00035056816044249295
pearson: 0.008851330088409009
p-valu: 0.0056896742806690805

AL interation 209/4801.

mae: 0.023517445404347
max_error: 0.12343814796782082
variance: 0.00035089134557269837
pearson: 0.01521069436217946
p-valu: 2.014465170986952e-06

AL interation 210/4801.

mae: 0.023485040938094472
max_error: 0.12077858338978142
variance: 0.0003507068321517085
pearson: -0.0014513547876232383
p-valu: 0.6502687043055946

AL interation 211/4801.

mae: 0.023389628836350995
max_error: 0.12004040707838648
variance: 0.00034862153669807484
pearson: -0.0014223080729391586
p-valu: 0.6568164919104081

AL interation 212/4801.

mae: 0.023382677987433275
max_error: 0.12032028299941988
variance: 0.000348041705283276
pearson: -0.001088273111073612
p-valu: 0.733884969443269

AL interation 213/4801.

mae: 0.023348103973582036
max_error: 0.12059683534238452
variance: 0.0003467841786405849
pearson: 0.000514705794553663
p-valu: 0.872261580094956

AL interation 214/4801.

mae: 0.023296403281994126
max_error: 0.11971514608931066
variance: 0.0003445976996404965
pearson: -0.003210477666305808
p-valu: 0.3159076236251922

AL interation 215/4801.

mae: 0.023353226001965148
max_error: 0.12040710922326259
variance: 0.0003453568920982827
pearson: 0.00019438493090562833
p-valu: 0.9515803320134937

AL interation 216/4801.

mae: 0.0233377693383916
max_error: 0.1206319766921835
variance: 0.000345090107132056
pearson: 0.0021556680390862576
p-valu: 0.5006997321309826

AL interation 217/4801.

mae: 0.02333439651748852
max_error: 0.12046217937992587
variance: 0.0003450701301864747
pearson: 0.0063334554110493265
p-valu: 0.04787718699469889

AL interation 218/4801.

mae: 0.02325264462993065
max_error: 0.11710812064051268
variance: 0.00034446596444802656
pearson: 0.005172033756842211
p-valu: 0.10617301336654782

AL interation 219/4801.

mae: 0.023262979670293
max_error: 0.11679357359324438
variance: 0.0003443355658433916
pearson: 0.0055471643632714635
p-valu: 0.08312909121230204

AL interation 220/4801.

mae: 0.023249064552764903
max_error: 0.11696300843062524
variance: 0.0003437803732262921
pearson: 0.0029704859885467984
p-valu: 0.35345707798746173

AL interation 221/4801.

mae: 0.023249719489369693
max_error: 0.11694431496848967
variance: 0.00034386979882590273
pearson: 0.007066866074702085
p-valu: 0.027277661023765387

AL interation 222/4801.

mae: 0.02324216258097743
max_error: 0.1163941892310909
variance: 0.0003439366262822213
pearson: 0.015392633233619807
p-valu: 1.5207190512486483e-06

AL interation 223/4801.

mae: 0.023244551474742144
max_error: 0.11640389472453805
variance: 0.000343925967234788
pearson: 0.011557235713587513
p-valu: 0.0003059082510222616

AL interation 224/4801.

mae: 0.023233627762469917
max_error: 0.11650076521721253
variance: 0.00034394306028751075
pearson: 0.017129791393113016
p-valu: 8.738065212093285e-08

AL interation 225/4801.

mae: 0.023248295462850798
max_error: 0.11590107356173363
variance: 0.0003443249599054019
pearson: 0.013003874323740438
p-valu: 4.8624989255015775e-05

AL interation 226/4801.

mae: 0.023245623584023805
max_error: 0.11569815236204306
variance: 0.00034412418811175964
pearson: 0.013175670585559712
p-valu: 3.8585771046839404e-05

AL interation 227/4801.

mae: 0.023239011994927204
max_error: 0.11590707271887268
variance: 0.00034407981498444284
pearson: 0.013636210226716057
p-valu: 2.047541976381263e-05

AL interation 228/4801.

mae: 0.023181484220084727
max_error: 0.11628884221191615
variance: 0.0003408429917867413
pearson: 0.008452580796298263
p-valu: 0.00828314007247909

AL interation 229/4801.

mae: 0.02313961861727497
max_error: 0.11603333605902488
variance: 0.0003399004397947665
pearson: 0.008825143001856918
p-valu: 0.005839297593383218

AL interation 230/4801.

mae: 0.02313714207630529
max_error: 0.11618902306381074
variance: 0.0003403863420419909
pearson: 0.008454970713655526
p-valu: 0.008265570050201645

AL interation 231/4801.

mae: 0.023137684015114797
max_error: 0.11620295177705842
variance: 0.0003404581095244316
pearson: 0.009409554550657163
p-valu: 0.00329061364989377

AL interation 232/4801.

mae: 0.023106670495092466
max_error: 0.1154192425698497
variance: 0.0003393808015239041
pearson: 0.01564636696513561
p-valu: 1.02115968263943e-06

AL interation 233/4801.

mae: 0.023111831662509495
max_error: 0.11598233987140194
variance: 0.00033898137467965934
pearson: 0.01688101160648409
p-valu: 1.3405573705674718e-07

AL interation 234/4801.

mae: 0.023107861530970077
max_error: 0.11605535163365488
variance: 0.0003390106646834148
pearson: 0.012874030266475454
p-valu: 5.785569137097298e-05

AL interation 235/4801.

mae: 0.02310884534679157
max_error: 0.11606763702945955
variance: 0.0003391122709757581
pearson: 0.01614532173232283
p-valu: 4.575247111518476e-07

AL interation 236/4801.

mae: 0.02313146861498928
max_error: 0.11563575376396784
variance: 0.00033860376688779457
pearson: 0.017888709213878626
p-valu: 2.2975766452697508e-08

AL interation 237/4801.

mae: 0.023117501283290712
max_error: 0.11583946511803767
variance: 0.00033839804465325473
pearson: 0.01728374514783265
p-valu: 6.704136207728695e-08

AL interation 238/4801.

mae: 0.023110892440891824
max_error: 0.11593811652767982
variance: 0.0003380591505606832
pearson: 0.018021152980220705
p-valu: 1.809665438501859e-08

AL interation 239/4801.

mae: 0.023110153799768527
max_error: 0.11562570402613215
variance: 0.0003377876936176608
pearson: 0.01713640455271201
p-valu: 8.658506254315878e-08

AL interation 240/4801.

mae: 0.023096957509999235
max_error: 0.11535890741231114
variance: 0.00033710338070408745
pearson: 0.018751521797450106
p-valu: 4.701640327115237e-09

AL interation 241/4801.

mae: 0.023096368380378117
max_error: 0.1154009200012025
variance: 0.0003370987045930442
pearson: 0.017285628394399608
p-valu: 6.686311940014354e-08

AL interation 242/4801.

mae: 0.02308009450617931
max_error: 0.11505025932568635
variance: 0.0003362108320512118
pearson: 0.01965700375172696
p-valu: 8.23982665959672e-10

AL interation 243/4801.

mae: 0.02307967655117019
max_error: 0.11502691604334103
variance: 0.0003362380061330284
pearson: 0.019011683016968935
p-valu: 2.874808237593708e-09

AL interation 244/4801.

mae: 0.02306389094126019
max_error: 0.11441075357458264
variance: 0.0003356187184284275
pearson: 0.012154213471056032
p-valu: 0.00014685206680907747

AL interation 245/4801.

mae: 0.023058925374976516
max_error: 0.11463854288663988
variance: 0.0003356641990918666
pearson: 0.010949079678556396
p-valu: 0.0006265063760724519

AL interation 246/4801.

mae: 0.023076058527128452
max_error: 0.11498852350053212
variance: 0.00033605566057708195
pearson: 0.012346768044910621
p-valu: 0.00011504932406567226

AL interation 247/4801.

mae: 0.02307082485795261
max_error: 0.11497653683974463
variance: 0.00033600926863773306
pearson: 0.013056660340567693
p-valu: 4.5391496722914306e-05

AL interation 248/4801.

mae: 0.0230688723459709
max_error: 0.11499936814530543
variance: 0.00033601846512801536
pearson: 0.015058054049744281
p-valu: 2.55944816004539e-06

AL interation 249/4801.

mae: 0.02301229037942894
max_error: 0.11569426186725895
variance: 0.00033394449577815174
pearson: 0.011667119678330524
p-valu: 0.0002683427015725868

AL interation 250/4801.

mae: 0.022954074645908547
max_error: 0.11579040366141502
variance: 0.000332897031155129
pearson: 0.013572146291528751
p-valu: 2.243889643760624e-05

AL interation 251/4801.

mae: 0.02292383986100183
max_error: 0.11528682492567288
variance: 0.0003317410595136115
pearson: 0.009485712949243132
p-valu: 0.003049677086092881

AL interation 252/4801.

mae: 0.022753076028813938
max_error: 0.12183081491074876
variance: 0.00033353813357290976
pearson: 0.014183635267069972
p-valu: 9.419167795774406e-06

AL interation 253/4801.

mae: 0.022677468570137797
max_error: 0.12176812298396289
variance: 0.0003313426749453145
pearson: 0.01287917170067862
p-valu: 5.755809802426485e-05

AL interation 254/4801.

mae: 0.02268129237043891
max_error: 0.1217032277552832
variance: 0.00033135248832345967
pearson: 0.012874495196425592
p-valu: 5.79213112325993e-05

AL interation 255/4801.

mae: 0.022660339668359068
max_error: 0.12079960626656394
variance: 0.0003302843346649114
pearson: 0.005627584159112361
p-valu: 0.07881398485236134

AL interation 256/4801.

mae: 0.022624491865682998
max_error: 0.1203842228515768
variance: 0.0003290413433841235
pearson: 0.01031316071974558
p-valu: 0.001277199365092423

AL interation 257/4801.

mae: 0.022621462069422497
max_error: 0.12068568454696393
variance: 0.00032904014561778476
pearson: 0.008431048432129579
p-valu: 0.008458762721827714

AL interation 258/4801.

mae: 0.022625463327689027
max_error: 0.12069024347818225
variance: 0.00032899839329564453
pearson: 0.011313738083906854
p-valu: 0.00041003063965192125

AL interation 259/4801.

mae: 0.022617309462455437
max_error: 0.12013495661901707
variance: 0.0003294127405867521
pearson: 0.012407173447572554
p-valu: 0.00010660166056154873

AL interation 260/4801.

mae: 0.022606434003312196
max_error: 0.1204136005006724
variance: 0.00032871528616904125
pearson: 0.007636909977751925
p-valu: 0.017073658249385358

AL interation 261/4801.

mae: 0.022471873183333428
max_error: 0.11408767103355189
variance: 0.00032178113102951595
pearson: 0.011596633275438322
p-valu: 0.00029250702700242304

AL interation 262/4801.

mae: 0.022551058185495406
max_error: 0.11616105594794135
variance: 0.00032123981827754286
pearson: 0.01052261431031372
p-valu: 0.0010148603993044435

AL interation 263/4801.

mae: 0.02254930039222486
max_error: 0.11611201957113337
variance: 0.0003210704672926957
pearson: 0.004493891910483969
p-valu: 0.1604759496743728

AL interation 264/4801.

mae: 0.022580483153918043
max_error: 0.1176162226044184
variance: 0.00032307757981349616
pearson: 0.012479479981981113
p-valu: 9.717577475848749e-05

AL interation 265/4801.

mae: 0.02228180140599428
max_error: 0.10440290613538394
variance: 0.00031152307269268446
pearson: 0.03415095036877779
p-valu: 1.428845786808451e-26

AL interation 266/4801.

mae: 0.022396360226295663
max_error: 0.10987193065468404
variance: 0.00031772966510655
pearson: 0.017041001080055934
p-valu: 1.0246521650439892e-07

AL interation 267/4801.

mae: 0.02237499637430211
max_error: 0.11349105465938436
variance: 0.0003160903267924808
pearson: 0.017257599370149763
p-valu: 7.048599451444292e-08

AL interation 268/4801.

mae: 0.02235919537746957
max_error: 0.11334520255950764
variance: 0.0003162399528086606
pearson: 0.013181228453109334
p-valu: 3.8443802760462194e-05

AL interation 269/4801.

mae: 0.022365123056069275
max_error: 0.11331545970536894
variance: 0.00031619148695167837
pearson: 0.010108647092498245
p-valu: 0.0015941994235094564

AL interation 270/4801.

mae: 0.02238931751915863
max_error: 0.11214560190230571
variance: 0.0003166640987057202
pearson: 0.005570746434490068
p-valu: 0.08190752711268759

AL interation 271/4801.

mae: 0.02253311210970113
max_error: 0.11207060226183074
variance: 0.00032139353477157317
pearson: 0.008459389631672368
p-valu: 0.00824546200060927

AL interation 272/4801.

mae: 0.02252680586299769
max_error: 0.11395902160159466
variance: 0.0003208517415235969
pearson: -0.0018305784734789846
p-valu: 0.5675434166429385

AL interation 273/4801.

mae: 0.022644967642773763
max_error: 0.11255848630622012
variance: 0.000322399416513635
pearson: 0.00430787453340349
p-valu: 0.17852558882787353

AL interation 274/4801.

mae: 0.022425896636195753
max_error: 0.1163691867242207
variance: 0.000319855736717444
pearson: 2.586335075072685e-05
p-valu: 0.9935557145547901

AL interation 275/4801.

mae: 0.02245077009171491
max_error: 0.11305914150630514
variance: 0.00032025157775278406
pearson: 0.0026421611255550716
p-valu: 0.40930847554315536

AL interation 276/4801.

mae: 0.02249765546205966
max_error: 0.11338993087178295
variance: 0.00032092881212339734
pearson: 0.0010354555908614978
p-valu: 0.7464251652334752

AL interation 277/4801.

mae: 0.022780027046870335
max_error: 0.12040501316379704
variance: 0.00032953923582179097
pearson: 0.01299819719124794
p-valu: 4.922343848239578e-05

AL interation 278/4801.

mae: 0.022779961133076548
max_error: 0.12040783465021576
variance: 0.0003295373068698417
pearson: 0.016683050687143007
p-valu: 1.8867340507660632e-07

AL interation 279/4801.

mae: 0.022787837601645638
max_error: 0.1204436237420552
variance: 0.0003295378844185498
pearson: 0.018217981365051178
p-valu: 1.2735620717702776e-08

AL interation 280/4801.

mae: 0.02252989590355737
max_error: 0.12185064362767406
variance: 0.0003237254984781103
pearson: 0.010785338504866253
p-valu: 0.0007568236233970522

AL interation 281/4801.

mae: 0.02253194776990035
max_error: 0.12134783338705546
variance: 0.00032408311394699666
pearson: 0.01224079745905046
p-valu: 0.00013202276710044879

AL interation 282/4801.

mae: 0.022426866745582395
max_error: 0.12189210414725693
variance: 0.0003217394266503793
pearson: 0.0050737253991121126
p-valu: 0.1131012734755294

AL interation 283/4801.

mae: 0.022427542769527173
max_error: 0.12184133491722804
variance: 0.0003217528804449472
pearson: 0.006216497738980253
p-valu: 0.052226277712347294

AL interation 284/4801.

mae: 0.022412172614068852
max_error: 0.12346343533339876
variance: 0.00032051241124949855
pearson: -0.0020149693531082554
p-valu: 0.529206232165895

AL interation 285/4801.

mae: 0.022392757684579236
max_error: 0.12329899852260695
variance: 0.0003202614731521688
pearson: -0.002399537866222386
p-valu: 0.45367365709121016

AL interation 286/4801.

mae: 0.022328803022533747
max_error: 0.122580954210882
variance: 0.00031772187376290597
pearson: -0.007823843590302202
p-valu: 0.014558642030932196

AL interation 287/4801.

mae: 0.022318918895048934
max_error: 0.12260620793255583
variance: 0.0003176126046453716
pearson: -0.0062133489420283135
p-valu: 0.05235043504010833

AL interation 288/4801.

mae: 0.02222484759938447
max_error: 0.12316771533084392
variance: 0.00031449746457923804
pearson: -0.009842639651057274
p-valu: 0.0021150171551710343

AL interation 289/4801.

mae: 0.022228184192792908
max_error: 0.12310927274028671
variance: 0.0003146365337331763
pearson: -0.009109734272738947
p-valu: 0.0044453739962323395

AL interation 290/4801.

mae: 0.022242644135177594
max_error: 0.12375160730356782
variance: 0.0003150121648265012
pearson: -0.009874936303722038
p-valu: 0.0020448374455556803

AL interation 291/4801.

mae: 0.02224301660216023
max_error: 0.12391254882026459
variance: 0.00031519002586740243
pearson: -0.010994940996890358
p-valu: 0.0005960896665729373

AL interation 292/4801.

mae: 0.02224109548793533
max_error: 0.12399296603700094
variance: 0.0003152341699613371
pearson: -0.010603307594977867
p-valu: 0.0009294055860885838

AL interation 293/4801.

mae: 0.02225129477971093
max_error: 0.12391204426716484
variance: 0.00031537540517717616
pearson: -0.009242397717857353
p-valu: 0.0039009034992747507

AL interation 294/4801.

mae: 0.022194020973256023
max_error: 0.12373781248685845
variance: 0.0003137646538830318
pearson: -0.01267089428124207
p-valu: 7.598740067479166e-05

AL interation 295/4801.

mae: 0.0222047031057143
max_error: 0.12438822958005602
variance: 0.0003142402330668432
pearson: -0.01224680138738723
p-valu: 0.0001311681397634509

AL interation 296/4801.

mae: 0.02216925383947804
max_error: 0.1257949730359016
variance: 0.0003147155956199261
pearson: -0.011578056110172999
p-valu: 0.0002998890385383513

AL interation 297/4801.

mae: 0.022172813640970283
max_error: 0.1260690916662881
variance: 0.0003133499509438291
pearson: -0.011108451153050052
p-valu: 0.0005229272983052533

AL interation 298/4801.

mae: 0.022194195298062675
max_error: 0.12513750633956278
variance: 0.0003142588203866578
pearson: -0.012035790476271119
p-valu: 0.0001710711188100687

AL interation 299/4801.

mae: 0.02216857243163824
max_error: 0.12568159999920425
variance: 0.00031423167936945733
pearson: -0.0160418316843738
p-valu: 5.461584535374189e-07

AL interation 300/4801.

mae: 0.022134207096882002
max_error: 0.1251582877363191
variance: 0.0003133421015736258
pearson: -0.01181930887524222
p-valu: 0.00022367329942221703

AL interation 301/4801.

mae: 0.022149625219265518
max_error: 0.1259326263591376
variance: 0.0003138387795643532
pearson: -0.010460343503130447
p-valu: 0.0010897354631336622

AL interation 302/4801.

mae: 0.022145626120208987
max_error: 0.1260143336484063
variance: 0.00031366614380307366
pearson: -0.01476798047817798
p-valu: 3.9987858462471365e-06

AL interation 303/4801.

mae: 0.022198031961841606
max_error: 0.12559638463130085
variance: 0.0003143265301877395
pearson: -0.012958647298981265
p-valu: 5.201308817372226e-05

AL interation 304/4801.

mae: 0.022197933820836412
max_error: 0.12559610156323942
variance: 0.0003143269131975446
pearson: -0.012617037627111319
p-valu: 8.158553400963706e-05

AL interation 305/4801.

mae: 0.022113360187788585
max_error: 0.12682548305701147
variance: 0.0003110515345437944
pearson: -0.014920125543673288
p-valu: 3.1792239463922485e-06

AL interation 306/4801.

mae: 0.02211185539228388
max_error: 0.1267875827475038
variance: 0.00031102194793266073
pearson: -0.016170688051011253
p-valu: 4.431865417528947e-07

AL interation 307/4801.

mae: 0.02210473690238623
max_error: 0.1271950638662176
variance: 0.0003110816020091317
pearson: -0.014263891972225546
p-valu: 8.432108154467207e-06

AL interation 308/4801.

mae: 0.022087657963235134
max_error: 0.12712860965086037
variance: 0.00031100906429132314
pearson: -0.009399505198073185
p-valu: 0.0033365375505409623

AL interation 309/4801.

mae: 0.022065084524508814
max_error: 0.12715548739230798
variance: 0.00031040233153399664
pearson: -0.008639536131856843
p-valu: 0.00698443396297936

AL interation 310/4801.

mae: 0.021995003638148568
max_error: 0.12767647651536862
variance: 0.00030775091246848
pearson: -0.009792339107223401
p-valu: 0.0022316617767579932

AL interation 311/4801.

mae: 0.021972027436800365
max_error: 0.12804577373014325
variance: 0.0003072867966936413
pearson: -0.011330401366927837
p-valu: 0.0004034980098420112

AL interation 312/4801.

mae: 0.02203195867827563
max_error: 0.12809886757212752
variance: 0.0003087329545588792
pearson: -0.011454655342195745
p-valu: 0.00034813700015441727

AL interation 313/4801.

mae: 0.022030377449392347
max_error: 0.12813082989929825
variance: 0.0003087159036476092
pearson: -0.009261952901189963
p-valu: 0.0038294905986820363

AL interation 314/4801.

mae: 0.022021159048185305
max_error: 0.12779599363442884
variance: 0.0003080807639640045
pearson: -0.010981904186796784
p-valu: 0.0006060066434030824

AL interation 315/4801.

mae: 0.021792836130156812
max_error: 0.1261739169797167
variance: 0.00030519441167651255
pearson: -0.01294559131578727
p-valu: 5.298227597907077e-05

AL interation 316/4801.

mae: 0.021778515447774885
max_error: 0.12610525282808993
variance: 0.00030486706284133186
pearson: -0.012680196148807091
p-valu: 7.520959265900147e-05

AL interation 317/4801.

mae: 0.021788593918758804
max_error: 0.12607719753713553
variance: 0.0003051301677415066
pearson: -0.01271688913917828
p-valu: 7.168860831463296e-05

AL interation 318/4801.

mae: 0.021425098945172215
max_error: 0.12614763320413402
variance: 0.0002946833680065364
pearson: -0.010468075435838551
p-valu: 0.0010815685408793274

AL interation 319/4801.

mae: 0.021482507444129686
max_error: 0.12727063232420477
variance: 0.0002945412690217598
pearson: -0.012204908422673261
p-valu: 0.00013857208883533508

AL interation 320/4801.

mae: 0.021483137412366918
max_error: 0.12727387194001238
variance: 0.0002946805251898959
pearson: -0.010730314458070095
p-valu: 0.0008073881976854025

AL interation 321/4801.

mae: 0.02147527661608922
max_error: 0.1271095755157532
variance: 0.000294587712512652
pearson: -0.010465612782000347
p-valu: 0.0010847037195433572

AL interation 322/4801.

mae: 0.021467930003812325
max_error: 0.12694015751207388
variance: 0.00029428925836646894
pearson: -0.011112501309659111
p-valu: 0.0005213338336834794

AL interation 323/4801.

mae: 0.021467967251894305
max_error: 0.12694052595178817
variance: 0.00029428957826030855
pearson: -0.012408556201985404
p-valu: 0.00010696988459812083

AL interation 324/4801.

mae: 0.021415337007996197
max_error: 0.12863838463794508
variance: 0.0002933476254469278
pearson: -0.014021389915654624
p-valu: 1.1988451707785531e-05

AL interation 325/4801.

mae: 0.021417031051130343
max_error: 0.12867051271938834
variance: 0.00029347674057755613
pearson: -0.013759763885000208
p-valu: 1.7384306766902857e-05

AL interation 326/4801.

mae: 0.02142256101621251
max_error: 0.12850107309736103
variance: 0.00029354030049471734
pearson: -0.01128562954265034
p-valu: 0.00042583274916599336

AL interation 327/4801.

mae: 0.02141571660715053
max_error: 0.1281670368646175
variance: 0.00029358327330942087
pearson: -0.010838760599189723
p-valu: 0.0007144079645404185

AL interation 328/4801.

mae: 0.021424213777056042
max_error: 0.12840387510100726
variance: 0.00029350897655275587
pearson: -0.010172625920052053
p-valu: 0.0014932778082017415

AL interation 329/4801.

mae: 0.021299472818949745
max_error: 0.1279145305483027
variance: 0.0002926526011994745
pearson: -0.007632943322044013
p-valu: 0.017170540305201293

AL interation 330/4801.

mae: 0.021297224772211912
max_error: 0.12785221725527407
variance: 0.0002926678126148609
pearson: -0.008413250520266704
p-valu: 0.008623118401702597

AL interation 331/4801.

mae: 0.021289760792783885
max_error: 0.1281391931388427
variance: 0.0002932582003610245
pearson: -0.010300934394560564
p-valu: 0.0012999154394754582

AL interation 332/4801.

mae: 0.021287837097031033
max_error: 0.1279672438451982
variance: 0.00029307253992507233
pearson: -0.00976540199700312
p-valu: 0.0022977347960980877

AL interation 333/4801.

mae: 0.02127002272687126
max_error: 0.1283796565112354
variance: 0.0002914114840781192
pearson: -0.011918369080435594
p-valu: 0.00019846363014560279

AL interation 334/4801.

mae: 0.021257842870855005
max_error: 0.12849709268424903
variance: 0.0002917191120604306
pearson: -0.01205172562942314
p-valu: 0.00016816794150781915

AL interation 335/4801.

mae: 0.021121598719030125
max_error: 0.12719926375392987
variance: 0.0002873471665090961
pearson: -0.012792985698025597
p-valu: 6.49668600382632e-05

AL interation 336/4801.

mae: 0.021122900166915266
max_error: 0.1271864978615369
variance: 0.00028721921611920604
pearson: -0.012423040046206731
p-valu: 0.00010511258611558158

AL interation 337/4801.

mae: 0.0211052834367671
max_error: 0.12693699882225218
variance: 0.00028703534420878885
pearson: -0.012457678383365102
p-valu: 0.0001005455041937244

AL interation 338/4801.

mae: 0.021103978137844873
max_error: 0.12699523125876766
variance: 0.0002871175071268588
pearson: -0.013393500372333889
p-valu: 2.896712436905696e-05

AL interation 339/4801.

mae: 0.02110307886358706
max_error: 0.12651631050760415
variance: 0.0002868842250987659
pearson: -0.011788093962280755
p-valu: 0.00023307342026094327

AL interation 340/4801.

mae: 0.021118006511933032
max_error: 0.12603628879923434
variance: 0.0002871411314215562
pearson: -0.010736571367609641
p-valu: 0.0008027083692159052

AL interation 341/4801.

mae: 0.02115283530547457
max_error: 0.12583223527121135
variance: 0.00028606225073242404
pearson: -0.012194445647020248
p-valu: 0.00014065907199031435

AL interation 342/4801.

mae: 0.02114655628562406
max_error: 0.12563295476012826
variance: 0.00028591815271584547
pearson: -0.009292813349833855
p-valu: 0.003718784286606836

AL interation 343/4801.

mae: 0.02113597180750224
max_error: 0.12570807923571437
variance: 0.0002854776490686945
pearson: -0.010105091027586001
p-valu: 0.0016068641589236066

AL interation 344/4801.

mae: 0.021135044153310554
max_error: 0.12561490292062416
variance: 0.00028521858099458887
pearson: -0.008307715707278996
p-valu: 0.009500191838293712

AL interation 345/4801.

mae: 0.021130295803180637
max_error: 0.12561409900916232
variance: 0.00028503537202168234
pearson: -0.007865026283615916
p-valu: 0.014076966353100243

AL interation 346/4801.

mae: 0.021136061365063956
max_error: 0.12517134871750812
variance: 0.000285234743355575
pearson: -0.00443730943842922
p-valu: 0.1659877769204503

AL interation 347/4801.

mae: 0.02118551591744204
max_error: 0.1259538868885599
variance: 0.0002864714222386167
pearson: -0.0064965663398678045
p-valu: 0.0425542693188473

AL interation 348/4801.

mae: 0.02112984044236174
max_error: 0.12482206844833144
variance: 0.00028563661993284413
pearson: -0.005440286187616305
p-valu: 0.08945089071130435

AL interation 349/4801.

mae: 0.021117587302649937
max_error: 0.125466191615196
variance: 0.00028664588013925133
pearson: -0.009859453618134716
p-valu: 0.002084823246262581

AL interation 350/4801.

mae: 0.021096504580304466
max_error: 0.1254553823267699
variance: 0.00028602753772930846
pearson: -0.008863553895464218
p-valu: 0.005658292458521817

AL interation 351/4801.

mae: 0.021097226258265774
max_error: 0.12444776019116688
variance: 0.00028524151454676375
pearson: -0.009283658354005778
p-valu: 0.003754447378166606

AL interation 352/4801.

mae: 0.021090843908430308
max_error: 0.12425423829113669
variance: 0.00028522510270778694
pearson: -0.009195244479612964
p-valu: 0.004098591481558686

AL interation 353/4801.

mae: 0.021117430749800273
max_error: 0.12397445100412341
variance: 0.00028553208146106366
pearson: -0.005916480667479621
p-valu: 0.06476007211873554

AL interation 354/4801.

mae: 0.021061884641663062
max_error: 0.12386004777555826
variance: 0.00028499515061369623
pearson: -0.0078004436699672846
p-valu: 0.014891009018488433

AL interation 355/4801.

mae: 0.021017920560900617
max_error: 0.12426999410893558
variance: 0.00028530903655674675
pearson: -0.008503094746694863
p-valu: 0.007946007885064546

AL interation 356/4801.

mae: 0.021007872567818508
max_error: 0.12415292573432879
variance: 0.00028512253135140326
pearson: -0.009240525463869375
p-valu: 0.0039197476214001955

AL interation 357/4801.

mae: 0.020998219977245058
max_error: 0.12447607325560028
variance: 0.00028519810280472547
pearson: -0.009221363368824424
p-valu: 0.003995050661532264

AL interation 358/4801.

mae: 0.020987043040340155
max_error: 0.12316943688454529
variance: 0.0002843792512811506
pearson: -0.0077764453028772405
p-valu: 0.015204230417729545

AL interation 359/4801.

mae: 0.02097574261096838
max_error: 0.12262522137205423
variance: 0.00028345690499622967
pearson: -0.0077030420392139335
p-valu: 0.016192343573002456

AL interation 360/4801.

mae: 0.02097455383621986
max_error: 0.12286855255228346
variance: 0.00028323453675325674
pearson: -0.01017450998581949
p-valu: 0.0014929341799075225

AL interation 361/4801.

mae: 0.020891153529993305
max_error: 0.1231675409978763
variance: 0.0002811313327375525
pearson: -0.009640675006710198
p-valu: 0.0026177345765850657

AL interation 362/4801.

mae: 0.02084660424157923
max_error: 0.12298522670169376
variance: 0.00028123160571042296
pearson: -0.008577787103343443
p-valu: 0.007415695234969516

AL interation 363/4801.

mae: 0.020839340512298164
max_error: 0.12298794061148755
variance: 0.0002807671838006607
pearson: -0.0082255544993824
p-valu: 0.010240255151104515

AL interation 364/4801.

mae: 0.02083091517154933
max_error: 0.1227434014893376
variance: 0.00028068984938227207
pearson: -0.006779465766174889
p-valu: 0.034328669488200236

AL interation 365/4801.

mae: 0.02076923303629725
max_error: 0.1227131755974753
variance: 0.00027903665282085936
pearson: -0.0057121805380787455
p-valu: 0.07458226157811507

AL interation 366/4801.

mae: 0.020772846717261956
max_error: 0.12242831639974128
variance: 0.00027927729397953167
pearson: -0.0054411977103154775
p-valu: 0.08942680858643295

AL interation 367/4801.

mae: 0.020766484307385355
max_error: 0.12271318884852889
variance: 0.000278673561025659
pearson: -0.0062846777716293704
p-valu: 0.049796276107617006

AL interation 368/4801.

mae: 0.02077777716732993
max_error: 0.12327729494233353
variance: 0.00027865622323954985
pearson: -0.006260452329078434
p-valu: 0.050684912387096354

AL interation 369/4801.

mae: 0.020787485111439657
max_error: 0.12325547687492389
variance: 0.00027917208550755015
pearson: -0.004972633924732817
p-valu: 0.12062762573696954

AL interation 370/4801.

mae: 0.020789839797592077
max_error: 0.12333829177031674
variance: 0.00027944426850095823
pearson: -0.005527536220481857
p-valu: 0.08446549985367496

AL interation 371/4801.

mae: 0.020774500514356253
max_error: 0.12309144494985702
variance: 0.0002789961764305677
pearson: -0.006569293884637908
p-valu: 0.040314672625255524

AL interation 372/4801.

mae: 0.0207738313640849
max_error: 0.12327227175699562
variance: 0.00027910776322666515
pearson: -0.005958885423127215
p-valu: 0.0628902113318501

AL interation 373/4801.

mae: 0.020590337043885028
max_error: 0.12425928330201685
variance: 0.0002765290425947396
pearson: -0.005721030965250432
p-valu: 0.07414554983066578

AL interation 374/4801.

mae: 0.020585340772920523
max_error: 0.12363409186684038
variance: 0.00027630257283540907
pearson: -0.006021839859573093
p-valu: 0.06016286898956332

AL interation 375/4801.

mae: 0.020601850418830125
max_error: 0.1231759466372111
variance: 0.00027688125194034503
pearson: -0.0054583220646856525
p-valu: 0.08843795198493817

AL interation 376/4801.

mae: 0.02077290455775467
max_error: 0.12377417059854423
variance: 0.00027954425577163614
pearson: -0.0032474421157965548
p-valu: 0.3107699054602156

AL interation 377/4801.

mae: 0.02075687011346647
max_error: 0.12392524205875333
variance: 0.0002794557848577371
pearson: -0.002836152941666604
p-valu: 0.37603306366795197

AL interation 378/4801.

mae: 0.02075279644692889
max_error: 0.12406918064817063
variance: 0.0002791693506625299
pearson: -0.0014859308942157174
p-valu: 0.6427978873832024

AL interation 379/4801.

mae: 0.02075299880773948
max_error: 0.12399250994496214
variance: 0.0002791682953535393
pearson: -0.001576089573755412
p-valu: 0.6227699694918698

AL interation 380/4801.

mae: 0.020702435386851244
max_error: 0.12382079265710644
variance: 0.0002773184920324061
pearson: -0.00186264791746988
p-valu: 0.5609937995155373

AL interation 381/4801.

mae: 0.020706424477906753
max_error: 0.12412159247912058
variance: 0.0002773600018157486
pearson: -0.002292337284008139
p-valu: 0.47431468135603

AL interation 382/4801.

mae: 0.02074004138088219
max_error: 0.12296643544464558
variance: 0.00027764332617986946
pearson: -0.0005803956699166397
p-valu: 0.8562498741661816

AL interation 383/4801.

mae: 0.020734706125127362
max_error: 0.12130266983938753
variance: 0.00027739734082639063
pearson: -0.0021638252040033223
p-valu: 0.49944791043572906

AL interation 384/4801.

mae: 0.02068324854118226
max_error: 0.12229754298044071
variance: 0.00027558724862261446
pearson: -0.00042287424524788044
p-valu: 0.8949970571320924

AL interation 385/4801.

mae: 0.020668975774013613
max_error: 0.12296190068433788
variance: 0.00027518892867455923
pearson: 0.00014181428500799397
p-valu: 0.9646958627547414

AL interation 386/4801.

mae: 0.020628904271224557
max_error: 0.1232289774221087
variance: 0.0002736460516734363
pearson: -0.001072790281008961
p-valu: 0.7377558250531239

AL interation 387/4801.

mae: 0.020603537592396186
max_error: 0.12279277723092008
variance: 0.0002716018058683851
pearson: -0.002231798719169032
p-valu: 0.4860782765991753

AL interation 388/4801.

mae: 0.0205984171360966
max_error: 0.12279091022394795
variance: 0.0002716043519615236
pearson: -0.0032780890256844638
p-valu: 0.30625557412072135

AL interation 389/4801.

mae: 0.020606765716911554
max_error: 0.12207477883992368
variance: 0.00027152498680969877
pearson: 0.001318396553822254
p-valu: 0.6807234204802154

AL interation 390/4801.

mae: 0.02060593877381855
max_error: 0.12208864953191068
variance: 0.0002715126065884691
pearson: -0.0018450927202117513
p-valu: 0.564711740821441

AL interation 391/4801.

mae: 0.020566307519426542
max_error: 0.11270092794438114
variance: 0.0002677561274109916
pearson: -0.003028229922885889
p-valu: 0.34460110625698454

AL interation 392/4801.

mae: 0.02056109812476448
max_error: 0.11268505454511768
variance: 0.0002678276226217337
pearson: -0.003034768195930311
p-valu: 0.3435629045864821

AL interation 393/4801.

mae: 0.020544284997530714
max_error: 0.11268760190858274
variance: 0.0002676496966717363
pearson: -0.002086008711167893
p-valu: 0.5150221870835958

AL interation 394/4801.

mae: 0.02055341194128175
max_error: 0.11268968142262992
variance: 0.0002679235530755375
pearson: -2.980016690581715e-05
p-valu: 0.9925793870754049

AL interation 395/4801.

mae: 0.02053017943904309
max_error: 0.11310078487490927
variance: 0.00026759549325992425
pearson: 9.078872532010873e-06
p-valu: 0.997739229638629

AL interation 396/4801.

mae: 0.020530126924718894
max_error: 0.11310565966214625
variance: 0.0002675824396513496
pearson: -0.000658953963404138
p-valu: 0.837060903370699

AL interation 397/4801.

mae: 0.02054633503519221
max_error: 0.11284330962688927
variance: 0.00026755138818307335
pearson: 0.00236226358578788
p-valu: 0.46097572712613694

AL interation 398/4801.

mae: 0.02051845595627586
max_error: 0.11367235151928701
variance: 0.00026764556133725706
pearson: 0.0023214599747337097
p-valu: 0.4687570260545025

AL interation 399/4801.

mae: 0.02047200907053913
max_error: 0.11347079221319945
variance: 0.00026736195663726927
pearson: 0.004257971963092338
p-valu: 0.18389247519958904

AL interation 400/4801.

mae: 0.020432265367983697
max_error: 0.11382953631514003
variance: 0.00026765728742918823
pearson: -0.0006428813265790106
p-valu: 0.8409846876536551

AL interation 401/4801.

mae: 0.020422453699881785
max_error: 0.11384932712204265
variance: 0.0002678945849758921
pearson: -0.0014993088458202018
p-valu: 0.6398484158668999

AL interation 402/4801.

mae: 0.02035480750966824
max_error: 0.11438092657002419
variance: 0.0002669633769864703
pearson: -0.0008566089897091869
p-valu: 0.7892129792089746

AL interation 403/4801.

mae: 0.02035737007773714
max_error: 0.11440249653068979
variance: 0.0002671179439502592
pearson: -0.0009205984790057054
p-valu: 0.7738816424838942

AL interation 404/4801.

mae: 0.020355179086331988
max_error: 0.11451584802750148
variance: 0.0002680318870615751
pearson: 0.0005039814575761906
p-valu: 0.8750224488119376

AL interation 405/4801.

mae: 0.020351980243405572
max_error: 0.11450740246549884
variance: 0.0002681909052878053
pearson: -0.0014548992624278888
p-valu: 0.6497986859182632

AL interation 406/4801.

mae: 0.020360509013806358
max_error: 0.11496454516304055
variance: 0.00026883384167319284
pearson: -0.003623228193169782
p-valu: 0.2581701481227108

AL interation 407/4801.

mae: 0.020349145388183467
max_error: 0.1146327819066002
variance: 0.0002683591761264758
pearson: -0.0018387043736883975
p-valu: 0.5660941801074154

AL interation 408/4801.

mae: 0.020331516554646194
max_error: 0.11444074662113479
variance: 0.00026795103221087535
pearson: -0.0030771887414717315
p-valu: 0.3368994637871078

AL interation 409/4801.

mae: 0.020328881032564538
max_error: 0.11440746978296801
variance: 0.00026795942193638564
pearson: -0.004315658978497823
p-valu: 0.17804478215050576

AL interation 410/4801.

mae: 0.02033765143684343
max_error: 0.11405014816861869
variance: 0.0002669952294832956
pearson: -0.005137599872424698
p-valu: 0.108868469594633

AL interation 411/4801.

mae: 0.02032672482245299
max_error: 0.114030943556233
variance: 0.00026712081703443336
pearson: -0.005176607236264451
p-valu: 0.10621007388644012

AL interation 412/4801.

mae: 0.02031998044802561
max_error: 0.11410988485650653
variance: 0.000267077597312926
pearson: -0.0043798952988114434
p-valu: 0.17168011815217568

AL interation 413/4801.

mae: 0.02031731371101219
max_error: 0.11430020157101528
variance: 0.00026680032755924636
pearson: -0.001687731705882473
p-valu: 0.5984143012382633

AL interation 414/4801.

mae: 0.02026249544197916
max_error: 0.11565741613665925
variance: 0.0002649144280637822
pearson: -0.00261091745139445
p-valu: 0.41520232101105214

AL interation 415/4801.

mae: 0.020232091472175053
max_error: 0.11462639297564436
variance: 0.0002651453036182236
pearson: -0.005389276491682924
p-valu: 0.09260783129496751

AL interation 416/4801.

mae: 0.020222690306333908
max_error: 0.11489449565703325
variance: 0.0002650062361003458
pearson: -0.004043743533570231
p-valu: 0.20698616434370645

AL interation 417/4801.

mae: 0.02022037569753432
max_error: 0.11467167373688625
variance: 0.00026504136577190087
pearson: -0.0034326405021653963
p-valu: 0.28408501369067257

AL interation 418/4801.

mae: 0.020207049577925698
max_error: 0.11439702663709994
variance: 0.00026594767031458524
pearson: -0.0040176556038122625
p-valu: 0.20993574019353778

AL interation 419/4801.

mae: 0.020161509956853438
max_error: 0.11360384125190848
variance: 0.000265353607666842
pearson: -0.0043072875228233444
p-valu: 0.17891021174155833

AL interation 420/4801.

mae: 0.020169356061217378
max_error: 0.11386100758971196
variance: 0.00026568004487696376
pearson: -0.0045438855437889055
p-valu: 0.15620725206724193

AL interation 421/4801.

mae: 0.020180566540132273
max_error: 0.1138191932192214
variance: 0.0002659394425807698
pearson: -0.004683033089081748
p-valu: 0.14391715912286832

AL interation 422/4801.

mae: 0.020181936691878014
max_error: 0.11409733921583864
variance: 0.00026605545124602044
pearson: -0.0033799576320439027
p-valu: 0.2915532177966118

AL interation 423/4801.

mae: 0.020180705452713135
max_error: 0.11411470698117654
variance: 0.0002660621594935457
pearson: -0.002792345258443561
p-valu: 0.38356313578915535

AL interation 424/4801.

mae: 0.0201695056852263
max_error: 0.11461911646829748
variance: 0.0002661353612578685
pearson: -0.002235248109130479
p-valu: 0.4854874707304037

AL interation 425/4801.

mae: 0.02016407541741278
max_error: 0.11447318849410948
variance: 0.0002664135448066841
pearson: -0.0033797317096131794
p-valu: 0.2915929047230148

AL interation 426/4801.

mae: 0.020172801119834487
max_error: 0.11332304412530192
variance: 0.00026658007901099315
pearson: -0.00401531502060105
p-valu: 0.21022016186949793

AL interation 427/4801.

mae: 0.020140476230424642
max_error: 0.11336252116529266
variance: 0.0002661436508111837
pearson: 0.00022598651740435153
p-valu: 0.9437818591006703

AL interation 428/4801.

mae: 0.02014208449055959
max_error: 0.11335451337037483
variance: 0.0002661737079086091
pearson: -0.0007962848621984644
p-valu: 0.8037681062242723

AL interation 429/4801.

mae: 0.020127395633129406
max_error: 0.11338476194962088
variance: 0.0002657241304798388
pearson: -0.0015657697028824574
p-valu: 0.6251377161127283

AL interation 430/4801.

mae: 0.020133571209865045
max_error: 0.11345314705584286
variance: 0.000265575869979454
pearson: -0.0003572897530383888
p-valu: 0.9112294908555483

AL interation 431/4801.

mae: 0.02011195431104606
max_error: 0.11413165432451677
variance: 0.0002636342889102837
pearson: -0.0026412438853754567
p-valu: 0.40984594672597735

AL interation 432/4801.

mae: 0.020062939908914237
max_error: 0.1148982084600263
variance: 0.00026252624535513173
pearson: -0.004471593862392311
p-valu: 0.1629258982542369

AL interation 433/4801.

mae: 0.020035295146519652
max_error: 0.11508018603720704
variance: 0.0002619409044824513
pearson: -0.0045852863977138975
p-valu: 0.15249685842500915

AL interation 434/4801.

mae: 0.019998549782273018
max_error: 0.1148000607014723
variance: 0.0002612847757357168
pearson: -0.0010875911233086675
p-valu: 0.734336652494711

AL interation 435/4801.

mae: 0.020000121994887432
max_error: 0.11480564737829302
variance: 0.00026129387562433954
pearson: -0.0028677807026003125
p-valu: 0.37087559836573053

AL interation 436/4801.

mae: 0.020000030846068124
max_error: 0.11475003981334742
variance: 0.0002612544797497582
pearson: -0.003121838901334502
p-valu: 0.33000507332027956

AL interation 437/4801.

mae: 0.02039238437290937
max_error: 0.11130976467187992
variance: 0.0002706076320790116
pearson: 0.01578604771336103
p-valu: 8.394236262832039e-07

AL interation 438/4801.

mae: 0.020223904662963053
max_error: 0.11068205372615414
variance: 0.00026791174850328704
pearson: 0.0011531857723499905
p-valu: 0.7189797083216557

AL interation 439/4801.

mae: 0.02026621518966833
max_error: 0.11818351799346094
variance: 0.0002676620505061761
pearson: -0.0005889795959335422
p-valu: 0.8541897059206315

AL interation 440/4801.

mae: 0.02015814829176265
max_error: 0.11166240991466059
variance: 0.00026443433411295136
pearson: -0.0030957206181701164
p-valu: 0.334077147945536

AL interation 441/4801.

mae: 0.0201195781666266
max_error: 0.11272036593973955
variance: 0.00026522770532703884
pearson: -4.836373779956249e-05
p-valu: 0.987960015906046

AL interation 442/4801.

mae: 0.020125532770723726
max_error: 0.11300261805982648
variance: 0.00026550743963097985
pearson: 0.0034837009653875197
p-valu: 0.27704467629988894

AL interation 443/4801.

mae: 0.020122144534317037
max_error: 0.1134381613834734
variance: 0.00026317207822246507
pearson: 0.007871509721232173
p-valu: 0.014046128697845025

AL interation 444/4801.

mae: 0.020021334172710688
max_error: 0.11379796407632914
variance: 0.000263511197834585
pearson: 0.006666944018388183
p-valu: 0.03750617027190001

AL interation 445/4801.

mae: 0.02002733980390862
max_error: 0.11404172136841173
variance: 0.0002627720046280975
pearson: 0.00695225812739808
p-valu: 0.030065572015867157

AL interation 446/4801.

mae: 0.02002926338359057
max_error: 0.11391157639210125
variance: 0.0002629078024764903
pearson: 0.009413664231785782
p-valu: 0.0033114616233893067

AL interation 447/4801.

mae: 0.02002310282987795
max_error: 0.11360116644064822
variance: 0.00026276496247958894
pearson: 0.008498201560861226
p-valu: 0.008011725009843412

AL interation 448/4801.

mae: 0.02005961892217669
max_error: 0.11398337943379322
variance: 0.00026237602033195133
pearson: 0.001444523575095968
p-valu: 0.6522026665528917

AL interation 449/4801.

mae: 0.02005711210221737
max_error: 0.11401876901360031
variance: 0.0002624513962003614
pearson: 0.004229333694111972
p-valu: 0.1869724400743406

AL interation 450/4801.

mae: 0.0200556478931624
max_error: 0.11402257327168575
variance: 0.00026250966813702397
pearson: 0.004367032979871111
p-valu: 0.17302586431134429

AL interation 451/4801.

mae: 0.02010722290937134
max_error: 0.11362136297478576
variance: 0.00026161001341766684
pearson: 0.004736713262465562
p-valu: 0.13943941731002357

AL interation 452/4801.

mae: 0.020185400698905964
max_error: 0.11667018385245176
variance: 0.0002633332170413402
pearson: 0.00801836417922238
p-valu: 0.01235675055129314

AL interation 453/4801.

mae: 0.02017426623684707
max_error: 0.11706519516409064
variance: 0.00026333719957622186
pearson: 0.008607991829699981
p-valu: 0.007236719167595235

AL interation 454/4801.

mae: 0.02019521079608175
max_error: 0.11470433598541097
variance: 0.00026210371649766883
pearson: 0.00712493775671929
p-valu: 0.026215592017271513

AL interation 455/4801.

mae: 0.02021741239962468
max_error: 0.11553889345921964
variance: 0.0002631081025825697
pearson: 0.0077335638992320505
p-valu: 0.01582662024805255

AL interation 456/4801.

mae: 0.020159001640477278
max_error: 0.11483012728629949
variance: 0.00026154129983494426
pearson: 0.006801601755610696
p-valu: 0.0338295898470066

AL interation 457/4801.

mae: 0.02016095669312082
max_error: 0.11482635382552364
variance: 0.0002616339441586189
pearson: 0.010291698104483084
p-valu: 0.0013225685304131924

AL interation 458/4801.

mae: 0.02017760524944768
max_error: 0.11392892973552482
variance: 0.00026173230371215507
pearson: 0.00846822788512935
p-valu: 0.00824001968237435

AL interation 459/4801.

mae: 0.02016426682189684
max_error: 0.11417848400336372
variance: 0.00026210921194536095
pearson: 0.008553077464175511
p-valu: 0.007618316143315241

AL interation 460/4801.

mae: 0.020122279771891207
max_error: 0.11352869927034992
variance: 0.0002615954261880072
pearson: 0.0073363336187768505
p-valu: 0.022085717337236764

AL interation 461/4801.

mae: 0.020116030960108163
max_error: 0.113849170670423
variance: 0.00026115619923348997
pearson: 0.008639312836106625
p-valu: 0.007030163198310655

AL interation 462/4801.

mae: 0.02012070016037152
max_error: 0.11337248101247899
variance: 0.0002611039940842791
pearson: 0.008427375270041995
p-valu: 0.008556764532947118

AL interation 463/4801.

mae: 0.020118052942673003
max_error: 0.11411277521918639
variance: 0.00026114654042726216
pearson: 0.009419235310487925
p-valu: 0.0032956726707874516

AL interation 464/4801.

mae: 0.020118198354480185
max_error: 0.11411691238780297
variance: 0.00026114188180413996
pearson: 0.007771859257764622
p-valu: 0.015319947733350216

AL interation 465/4801.

mae: 0.020122092975046215
max_error: 0.11403102736747717
variance: 0.0002612108780851472
pearson: 0.006477783011530759
p-valu: 0.043282858819116664

AL interation 466/4801.

mae: 0.02009779867242603
max_error: 0.11470419725813774
variance: 0.0002611345621202612
pearson: 0.006598302926521753
p-valu: 0.03953633718723688

AL interation 467/4801.

mae: 0.0200514834347959
max_error: 0.11428722545659586
variance: 0.00026058408799598714
pearson: 0.006721191160616497
p-valu: 0.03600332207049712

AL interation 468/4801.

mae: 0.02005332540524888
max_error: 0.11434202628268797
variance: 0.0002605571153061797
pearson: 0.0035284289169093992
p-valu: 0.2709875189007359

AL interation 469/4801.

mae: 0.02001237449787628
max_error: 0.11405432930499448
variance: 0.00025971208894782366
pearson: 0.0002987471363864269
p-valu: 0.9257433337676265

AL interation 470/4801.

mae: 0.019985291481519753
max_error: 0.11336937360741506
variance: 0.00025914153672733007
pearson: 2.2488199291116357e-05
p-valu: 0.9944023084448772

AL interation 471/4801.

mae: 0.01997838218136276
max_error: 0.11398856851363637
variance: 0.00025910576896556297
pearson: -0.0007464102444375519
p-valu: 0.8158708229612657

AL interation 472/4801.

mae: 0.01997189727868514
max_error: 0.11437676042513378
variance: 0.0002594441998821238
pearson: -0.0016769303435017098
p-valu: 0.6008678440117865

AL interation 473/4801.

mae: 0.019946540646141018
max_error: 0.11403492315756414
variance: 0.00025777140632712
pearson: -0.0009066532254998353
p-valu: 0.7772937175650203

AL interation 474/4801.

mae: 0.019946588883028825
max_error: 0.11398131099011555
variance: 0.00025765751758865
pearson: -0.003616937526330227
p-valu: 0.25916395934507863

AL interation 475/4801.

mae: 0.01995238989372811
max_error: 0.11408117826320852
variance: 0.00025816573946925106
pearson: -0.0018076081203835513
p-valu: 0.572814084571033

AL interation 476/4801.

mae: 0.01994967939540805
max_error: 0.1141604577258335
variance: 0.0002581826264160193
pearson: -0.0017379617589023647
p-valu: 0.5876932665174164

AL interation 477/4801.

mae: 0.01995506487321999
max_error: 0.1140288142028425
variance: 0.00025844248377797856
pearson: 0.001291229506156648
p-valu: 0.6870842203899431

AL interation 478/4801.

mae: 0.0199608762461692
max_error: 0.1140545187411448
variance: 0.00025806934067822373
pearson: -0.0017353098988719595
p-valu: 0.588267081081524

AL interation 479/4801.

mae: 0.01993424670723658
max_error: 0.11347173877337302
variance: 0.00025728998075883044
pearson: 0.0007353434762874464
p-valu: 0.818560256092522

AL interation 480/4801.

mae: 0.019934487446404015
max_error: 0.11355050673708722
variance: 0.00025728447078237596
pearson: 0.0013555917606992399
p-valu: 0.6723775253015659

AL interation 481/4801.

mae: 0.01991636644759999
max_error: 0.11352697618443419
variance: 0.00025647759155391313
pearson: 0.0006528484277561037
p-valu: 0.8386192353911229

AL interation 482/4801.

mae: 0.019928938985203086
max_error: 0.11319817749020733
variance: 0.00025665300182456434
pearson: 0.0019705149031470732
p-valu: 0.5387454352599387

AL interation 483/4801.

mae: 0.019933408841777522
max_error: 0.11332524203683936
variance: 0.000256646678919361
pearson: 0.0049062029392236235
p-valu: 0.1258899055147064

AL interation 484/4801.

mae: 0.019931824214908814
max_error: 0.11335573177464942
variance: 0.0002566862907892318
pearson: 0.004263537258749448
p-valu: 0.18351126712834318

AL interation 485/4801.

mae: 0.019937087141914125
max_error: 0.11310244452309637
variance: 0.0002560949090579644
pearson: 0.004867149120412849
p-valu: 0.12893531035926312

AL interation 486/4801.

mae: 0.01992371192280419
max_error: 0.11404828759694685
variance: 0.0002566259147089555
pearson: 0.004899884723241904
p-valu: 0.12638398172677018

AL interation 487/4801.

mae: 0.019918528590988024
max_error: 0.11215219035424018
variance: 0.0002558588245209742
pearson: 0.004747067524726048
p-valu: 0.13864960439767146

AL interation 488/4801.

mae: 0.019920124269811025
max_error: 0.11169010940764967
variance: 0.00025581484308092407
pearson: 0.004630140847421362
p-valu: 0.1486389537772795

AL interation 489/4801.

mae: 0.01992101448176448
max_error: 0.11171094734575893
variance: 0.00025614011522500166
pearson: 0.004278471288962411
p-valu: 0.1819923263491205

AL interation 490/4801.

mae: 0.019913879050818175
max_error: 0.11173034429978945
variance: 0.0002561569053966369
pearson: 0.004432428695793892
p-valu: 0.1667675313579115

AL interation 491/4801.

mae: 0.019949230691965126
max_error: 0.11470216020669288
variance: 0.00025617552399570027
pearson: 0.007685506531100922
p-valu: 0.016509565217333634

AL interation 492/4801.

mae: 0.019939867042762002
max_error: 0.11425942979443282
variance: 0.00025600672843695873
pearson: 0.009451381493844259
p-valu: 0.0031951268345945328

AL interation 493/4801.

mae: 0.019948286888000957
max_error: 0.11460297652027696
variance: 0.0002564468480447665
pearson: 0.00992408768590945
p-valu: 0.0019630699009545657

AL interation 494/4801.

mae: 0.019916436863066878
max_error: 0.1146906646745578
variance: 0.00025663758322032717
pearson: 0.007764279276389325
p-valu: 0.015435875005960003

AL interation 495/4801.

mae: 0.01989922083446725
max_error: 0.11482264584154511
variance: 0.00025641705707571486
pearson: 0.006806526695773706
p-valu: 0.03373640956098356

AL interation 496/4801.

mae: 0.019901017581126147
max_error: 0.11514391083167941
variance: 0.0002562133277429946
pearson: 0.004956267245739976
p-valu: 0.12209798153074589

AL interation 497/4801.

mae: 0.01990270280233838
max_error: 0.1151111876572799
variance: 0.00025628551817710976
pearson: 0.004167731640340941
p-valu: 0.19358474249421312

AL interation 498/4801.

mae: 0.01989713036015579
max_error: 0.11476792834244809
variance: 0.0002556292910146854
pearson: 0.005734541368608112
p-valu: 0.07364983217673438

AL interation 499/4801.

mae: 0.019905561261983843
max_error: 0.11492983992482952
variance: 0.000255945530913454
pearson: 0.0075044020192054015
p-valu: 0.019239424989201996

AL interation 500/4801.

mae: 0.019840653209757385
max_error: 0.11433846646585555
variance: 0.00025541507603998366
pearson: 0.00813830041770878
p-valu: 0.011130168809273911

AL interation 501/4801.

mae: 0.019808334953642218
max_error: 0.11422428303061172
variance: 0.00025440951215216886
pearson: 0.005691510606896357
p-valu: 0.07584302097762374

AL interation 502/4801.

mae: 0.019810875081140666
max_error: 0.11437584611192908
variance: 0.00025424515774811167
pearson: 0.007186595509527445
p-valu: 0.024981537482922977

AL interation 503/4801.

mae: 0.019791667881569098
max_error: 0.11462387632380744
variance: 0.0002532475331782343
pearson: 0.009033082675983219
p-valu: 0.004837461142151673

AL interation 504/4801.

mae: 0.019788013487404655
max_error: 0.11426187059945225
variance: 0.0002519160227484825
pearson: 0.010618182218978325
p-valu: 0.000925961970023438

AL interation 505/4801.

mae: 0.01979196146808846
max_error: 0.11428378805934192
variance: 0.0002519455370144705
pearson: 0.013700810845297659
p-valu: 1.9223613792312697e-05

AL interation 506/4801.

mae: 0.019777974823478758
max_error: 0.11357159038337561
variance: 0.00025113904684454956
pearson: 0.012965894609061774
p-valu: 5.2448767287354865e-05

AL interation 507/4801.

mae: 0.0197907545877833
max_error: 0.11394978562228464
variance: 0.000250886561616758
pearson: 0.01234966322551675
p-valu: 0.00011706955497506567

AL interation 508/4801.

mae: 0.019785422604650785
max_error: 0.1143264130564916
variance: 0.00025055433189512065
pearson: 0.01365964213878018
p-valu: 2.0368377450858846e-05

AL interation 509/4801.

mae: 0.01977615168998634
max_error: 0.11431912462561233
variance: 0.00025052389522771043
pearson: 0.01397767637615542
p-valu: 1.300596997665318e-05

AL interation 510/4801.

mae: 0.01981966550702851
max_error: 0.11378831103801024
variance: 0.0002503121591368887
pearson: 0.012704121045138864
p-valu: 7.410836951933721e-05

AL interation 511/4801.

mae: 0.019817496315748667
max_error: 0.11357952769302249
variance: 0.0002498752634092955
pearson: 0.011895941461680291
p-valu: 0.000206794188137341

AL interation 512/4801.

mae: 0.019811400211794845
max_error: 0.11344500073599595
variance: 0.0002496784497317953
pearson: 0.01155644077148989
p-valu: 0.0003125783346611998

AL interation 513/4801.

mae: 0.019812348653753385
max_error: 0.113441020958166
variance: 0.0002496421139594634
pearson: 0.011613459360439116
p-valu: 0.0002918665956618977

AL interation 514/4801.

mae: 0.01979410094963803
max_error: 0.11334961760329354
variance: 0.00024921074192029325
pearson: 0.008426638866982094
p-valu: 0.008580249349635392

AL interation 515/4801.

mae: 0.01967328211267169
max_error: 0.11133802489010525
variance: 0.0002464644182402393
pearson: 0.007173465873764208
p-valu: 0.0252573991633952

AL interation 516/4801.

mae: 0.019672715143509996
max_error: 0.11134603086046302
variance: 0.0002464536038917024
pearson: 0.006972573194183973
p-valu: 0.029647297585040977

AL interation 517/4801.

mae: 0.019639876413602018
max_error: 0.11163707260542144
variance: 0.00024409844668018196
pearson: 0.006737325782722361
p-valu: 0.03560729152080827

AL interation 518/4801.

mae: 0.019673484719791592
max_error: 0.11115180520576762
variance: 0.0002447382126478758
pearson: 0.008431170036640252
p-valu: 0.008546020894319521

AL interation 519/4801.

mae: 0.019593792284879365
max_error: 0.11134471609082941
variance: 0.00024346886105185674
pearson: 0.007447495778135081
p-valu: 0.02018619022806028

AL interation 520/4801.

mae: 0.019587925132823335
max_error: 0.11133756794609728
variance: 0.00024318318822642583
pearson: 0.005866555885955416
p-valu: 0.06728645216671279

AL interation 521/4801.

mae: 0.019583506783211368
max_error: 0.11138695820980904
variance: 0.0002429724326832059
pearson: 0.005305738772750127
p-valu: 0.09795937106908466

AL interation 522/4801.

mae: 0.01958944443446131
max_error: 0.11136450532879683
variance: 0.00024297364254751317
pearson: 0.004311475583670938
p-valu: 0.17871785309488467

AL interation 523/4801.

mae: 0.01959602831971028
max_error: 0.11130303540474817
variance: 0.0002433249472770903
pearson: 0.004953922287005022
p-valu: 0.12232658125104896

AL interation 524/4801.

mae: 0.019604833601416807
max_error: 0.11183821943407968
variance: 0.00024308793650649327
pearson: 0.006276064403837427
p-valu: 0.050295505023287126

AL interation 525/4801.

mae: 0.019597961174975045
max_error: 0.11147033610817236
variance: 0.00024278080169514406
pearson: 0.006930938578824079
p-valu: 0.03064250458779048

AL interation 526/4801.

mae: 0.019573288341560514
max_error: 0.11182820840784591
variance: 0.00024244425278169987
pearson: 0.007913084068080943
p-valu: 0.013586982444211767

AL interation 527/4801.

mae: 0.019547513463937634
max_error: 0.11158478442215203
variance: 0.00024207461151735024
pearson: 0.005735321013300581
p-valu: 0.073653606894415

AL interation 528/4801.

mae: 0.019551138334459595
max_error: 0.11149188839252422
variance: 0.00024204923991407132
pearson: 0.005114949530616044
p-valu: 0.1106532365275392

AL interation 529/4801.

mae: 0.019542190011357048
max_error: 0.11154406934068395
variance: 0.00024241483589779698
pearson: 0.0047389164103607715
p-valu: 0.13941400730019693

AL interation 530/4801.

mae: 0.019581116356276844
max_error: 0.1126406457670186
variance: 0.00024349124467090786
pearson: 0.004518813854307803
p-valu: 0.15873967525105426

AL interation 531/4801.

mae: 0.01958405346276932
max_error: 0.11260621107934132
variance: 0.00024350592941039788
pearson: 0.004936691768947588
p-valu: 0.12364716383358061

AL interation 532/4801.

mae: 0.01959460243670253
max_error: 0.11284902716468825
variance: 0.00024364403080185513
pearson: 0.004959413116015431
p-valu: 0.12193020490173545

AL interation 533/4801.

mae: 0.019596829111397897
max_error: 0.11287779847183121
variance: 0.00024364932798673271
pearson: 0.005491363094773469
p-valu: 0.08678275987999484

AL interation 534/4801.

mae: 0.019576201009736845
max_error: 0.10977953406680574
variance: 0.0002412946755614898
pearson: 0.0059851432365515015
p-valu: 0.061956192401435364

AL interation 535/4801.

mae: 0.019571646608692272
max_error: 0.10972559630002654
variance: 0.0002412486450813448
pearson: 0.003962988510845268
p-valu: 0.21648103149613587

AL interation 536/4801.

mae: 0.01956974466830548
max_error: 0.10974624276585421
variance: 0.0002412391510717422
pearson: 0.0035824144568762746
p-valu: 0.26389037199358584

AL interation 537/4801.

mae: 0.01955850962700322
max_error: 0.11123251481174923
variance: 0.00024069473416252226
pearson: 0.0040293021350644356
p-valu: 0.20889558986337842

AL interation 538/4801.

mae: 0.01956717395229339
max_error: 0.11130677322310878
variance: 0.00024083587834489666
pearson: 0.005293883310720275
p-valu: 0.09874140816350682

AL interation 539/4801.

mae: 0.019538207793370097
max_error: 0.11160719509055927
variance: 0.00023998279826505797
pearson: 0.005733175778063536
p-valu: 0.07377926568414077

AL interation 540/4801.

mae: 0.01953859981852861
max_error: 0.11161739830325534
variance: 0.00023997528671990587
pearson: 0.006033658241317496
p-valu: 0.059879216712858174

AL interation 541/4801.

mae: 0.019535616041606335
max_error: 0.11160082240783997
variance: 0.0002399528686742872
pearson: 0.005963252800590047
p-valu: 0.06292585503180408

AL interation 542/4801.

mae: 0.01953644739769415
max_error: 0.11162218679217806
variance: 0.00023988629447221799
pearson: 0.006847341072073621
p-valu: 0.032726384899196964

AL interation 543/4801.

mae: 0.019528774260661866
max_error: 0.1115347322966358
variance: 0.0002394829301840002
pearson: 0.00802572750170038
p-valu: 0.01231748109779946

AL interation 544/4801.

mae: 0.019529249828369486
max_error: 0.11154672806472665
variance: 0.00023947212603213537
pearson: 0.009168486251631906
p-valu: 0.004245800383774619

AL interation 545/4801.

mae: 0.0195541566485617
max_error: 0.11195066304188406
variance: 0.0002400318376067941
pearson: 0.009075172716855368
p-valu: 0.004652166077797173

AL interation 546/4801.

mae: 0.019560744694408043
max_error: 0.11200607003300722
variance: 0.00023971546067412663
pearson: 0.008165738710479807
p-valu: 0.010879606391503403

AL interation 547/4801.

mae: 0.019474729996709614
max_error: 0.11166189225676537
variance: 0.00023927611144024895
pearson: 0.007434612175822337
p-valu: 0.02042125264995732

AL interation 548/4801.

mae: 0.019468507507575755
max_error: 0.11124020837613391
variance: 0.00023995146996970242
pearson: 0.0098858684520008
p-valu: 0.002049466533703097

AL interation 549/4801.

mae: 0.01948994788045293
max_error: 0.11124527945210905
variance: 0.00024012803877588188
pearson: 0.010776941503628443
p-valu: 0.0007770200611328588

AL interation 550/4801.

mae: 0.019471755470967425
max_error: 0.11104616948390178
variance: 0.00024004994767106368
pearson: 0.009821300016264222
p-valu: 0.0021927637589363213

AL interation 551/4801.

mae: 0.01946580940772303
max_error: 0.11120182587640959
variance: 0.0002402741819532219
pearson: 0.008864685540344015
p-valu: 0.0057018714700625564

AL interation 552/4801.

mae: 0.019480005878640214
max_error: 0.11131915255762981
variance: 0.0002405505196414255
pearson: 0.008315453420040015
p-valu: 0.009510035673619011

AL interation 553/4801.

mae: 0.019464181502984925
max_error: 0.11158705945561853
variance: 0.0002402942168086803
pearson: 0.010007005382941494
p-valu: 0.0018044150447142882

AL interation 554/4801.

mae: 0.019360372158670522
max_error: 0.11127027932460298
variance: 0.00023682193735123395
pearson: 0.008999485738665557
p-valu: 0.005009121957029668

AL interation 555/4801.

mae: 0.019364573113230782
max_error: 0.11123064351753276
variance: 0.0002372227802735795
pearson: 0.010432622211058068
p-valu: 0.0011404519923239322

AL interation 556/4801.

mae: 0.01940091699062596
max_error: 0.11160708449782253
variance: 0.00023833046783760373
pearson: 0.011497156358904652
p-valu: 0.00033663648127319374

AL interation 557/4801.

mae: 0.019387637945534948
max_error: 0.11173658621536053
variance: 0.00023769629382181879
pearson: 0.009357615657052176
p-valu: 0.003521855639142962

AL interation 558/4801.

mae: 0.019372357432105036
max_error: 0.11218586221505977
variance: 0.0002366895342856018
pearson: 0.008523132489350731
p-valu: 0.007864371592658516

AL interation 559/4801.

mae: 0.019373749442409903
max_error: 0.11221067118779904
variance: 0.0002367499738268413
pearson: 0.008333842893202192
p-valu: 0.009355170011265694

AL interation 560/4801.

mae: 0.0193601354259471
max_error: 0.11216498909360273
variance: 0.00023652572389740268
pearson: 0.009052778821320379
p-valu: 0.004757963711233645

AL interation 561/4801.

mae: 0.019353955684556945
max_error: 0.11222688692172089
variance: 0.00023651163393693432
pearson: 0.008754755829053551
p-valu: 0.006332904575600858

AL interation 562/4801.

mae: 0.019353994714092628
max_error: 0.11222876974310059
variance: 0.0002365084729383575
pearson: 0.008080473472332702
p-valu: 0.01174403978110731

AL interation 563/4801.

mae: 0.019319803155224025
max_error: 0.11249703488832385
variance: 0.00023604626694589758
pearson: 0.010214280747353647
p-valu: 0.0014468111532294587

AL interation 564/4801.

mae: 0.01930844792456028
max_error: 0.11311364605538476
variance: 0.00023587048801976084
pearson: 0.009359395389185881
p-valu: 0.003516776695385841

AL interation 565/4801.

mae: 0.019315096732511777
max_error: 0.1132806387325076
variance: 0.00023637704056113224
pearson: 0.0097832212145597
p-valu: 0.0022831663345442956

AL interation 566/4801.

mae: 0.019313328291822827
max_error: 0.11328420888210933
variance: 0.00023640315742819867
pearson: 0.010391752432125364
p-valu: 0.0011934530622955352

AL interation 567/4801.

mae: 0.01931345251155431
max_error: 0.11291245066630329
variance: 0.00023649971772678373
pearson: 0.011339087122489891
p-valu: 0.000406471936460171

AL interation 568/4801.

mae: 0.019276052277350793
max_error: 0.11251485106825787
variance: 0.00023505109846214242
pearson: 0.011247608503973152
p-valu: 0.00045267796169099584

AL interation 569/4801.

mae: 0.01925594437835053
max_error: 0.11251258936821107
variance: 0.00023492287508636612
pearson: 0.010958815089512935
p-valu: 0.0006326323335530172

AL interation 570/4801.

mae: 0.019231574860336564
max_error: 0.10410171723882233
variance: 0.0002334514068429252
pearson: 0.00994901577937123
p-valu: 0.0019201568140742868

AL interation 571/4801.

mae: 0.019222698723886076
max_error: 0.10453242534802887
variance: 0.00023344229276064599
pearson: 0.010162134057832785
p-valu: 0.0015309416782019242

AL interation 572/4801.

mae: 0.01922033617026787
max_error: 0.10444959404802323
variance: 0.00023337745391894908
pearson: 0.010969492527722767
p-valu: 0.0006250595505656783

AL interation 573/4801.

mae: 0.019202925849038315
max_error: 0.10474324081727393
variance: 0.00023278638385434928
pearson: 0.012061806400109476
p-valu: 0.0001691611633623122

AL interation 574/4801.

mae: 0.01918860551953281
max_error: 0.10457823532081822
variance: 0.00023248210657550634
pearson: 0.013013477333745166
p-valu: 4.9523816813492535e-05

AL interation 575/4801.

mae: 0.01914099256272963
max_error: 0.10473542223283805
variance: 0.0002311225109708375
pearson: 0.01104182402659004
p-valu: 0.0005752920755165713

AL interation 576/4801.

mae: 0.019145867888744245
max_error: 0.10452348374591058
variance: 0.00023111323591387106
pearson: 0.00924618251934819
p-valu: 0.003938388698951931

AL interation 577/4801.

mae: 0.019175814520171107
max_error: 0.10476451190291702
variance: 0.00023124142270628407
pearson: 0.00939989662269915
p-valu: 0.0033790377458696127

AL interation 578/4801.

mae: 0.019178688626424883
max_error: 0.10477625364390808
variance: 0.0002313534690511864
pearson: 0.00957126943480877
p-valu: 0.002841404915007541

AL interation 579/4801.

mae: 0.019155481417326384
max_error: 0.1056353904414522
variance: 0.00023157068145036985
pearson: 0.009953528809715659
p-valu: 0.0019119754533918965

AL interation 580/4801.

mae: 0.019135117996660393
max_error: 0.10555252150246308
variance: 0.00023201775707049294
pearson: 0.00978146091909374
p-valu: 0.0022891362858275407

AL interation 581/4801.

mae: 0.0191377131698477
max_error: 0.10562135496573721
variance: 0.0002321918974582591
pearson: 0.009304196781473189
p-valu: 0.0037189024476986733

AL interation 582/4801.

mae: 0.01914321821312674
max_error: 0.10556018189007266
variance: 0.00023236418201512076
pearson: 0.010181903148159747
p-valu: 0.0014997152555422443

AL interation 583/4801.

mae: 0.019158659472212063
max_error: 0.10566101801149164
variance: 0.00023266053901417489
pearson: 0.011078669427597805
p-valu: 0.0005516191062169436

AL interation 584/4801.

mae: 0.019079134257439023
max_error: 0.10465678467452055
variance: 0.00023042757794944872
pearson: 0.011743054607789332
p-valu: 0.0002507403458031327

AL interation 585/4801.

mae: 0.01907034813059812
max_error: 0.10463209201455759
variance: 0.00023038775385192086
pearson: 0.012180996790264974
p-valu: 0.00014584241869983186

AL interation 586/4801.

mae: 0.018955198257532432
max_error: 0.10531289752637751
variance: 0.00022796669177299663
pearson: 0.010797834280128857
p-valu: 0.0007606544125933382

AL interation 587/4801.

mae: 0.018942467258876862
max_error: 0.10592506584092409
variance: 0.00022782947343960268
pearson: 0.01085385491551409
p-valu: 0.0007139131065948306

AL interation 588/4801.

mae: 0.018941154751433403
max_error: 0.10574873675367091
variance: 0.00022779595556239628
pearson: 0.010854647721803726
p-valu: 0.0007133157890702171

AL interation 589/4801.

mae: 0.018941283599505625
max_error: 0.10574260229558097
variance: 0.0002277949451192007
pearson: 0.010751193439282138
p-valu: 0.0008019124791622221

AL interation 590/4801.

mae: 0.018944422901842353
max_error: 0.10581513485343241
variance: 0.00022783786104201874
pearson: 0.010353463743699007
p-valu: 0.0012461471265765797

AL interation 591/4801.

mae: 0.018944612901670033
max_error: 0.10581639841237522
variance: 0.00022790283310112288
pearson: 0.012945235458224444
p-valu: 5.4317190474892845e-05

AL interation 592/4801.

mae: 0.018946014561328387
max_error: 0.10579769634685765
variance: 0.00022781064564976513
pearson: 0.011787418222805802
p-valu: 0.000237677180539364

AL interation 593/4801.

mae: 0.018922380488177522
max_error: 0.10570500442898667
variance: 0.0002273671776252777
pearson: 0.009199051120097116
p-valu: 0.004129353698597392

AL interation 594/4801.

mae: 0.01875185568637926
max_error: 0.10453815733015692
variance: 0.0002239460588358346
pearson: 0.012419538050587972
p-valu: 0.00010783623365645696

AL interation 595/4801.

mae: 0.018763155048839696
max_error: 0.1046087560664859
variance: 0.00022405256293533287
pearson: 0.010030247148402532
p-valu: 0.0017645554525296352

AL interation 596/4801.

mae: 0.018754593057165023
max_error: 0.10442165267207604
variance: 0.0002238850032682751
pearson: 0.0084774168505435
p-valu: 0.008215928837810936

AL interation 597/4801.

mae: 0.018698724615448237
max_error: 0.10469362146435235
variance: 0.00022217324765232103
pearson: 0.008973234387072019
p-valu: 0.0051477272858268565

AL interation 598/4801.

mae: 0.01866633529848218
max_error: 0.10536905568577315
variance: 0.00022134616154939255
pearson: 0.008404325370802445
p-valu: 0.00878656189233636

AL interation 599/4801.

mae: 0.018644186744212022
max_error: 0.10526547439443168
variance: 0.00022066093371530792
pearson: 0.007680762474448812
p-valu: 0.01663661853371491

AL interation 600/4801.

mae: 0.01860468617813845
max_error: 0.10604227445904546
variance: 0.00021953224993285893
pearson: 0.009224934278944583
p-valu: 0.0040265520038971075

AL interation 601/4801.

mae: 0.018605840282013453
max_error: 0.10601812240182373
variance: 0.0002193980844823982
pearson: 0.009748422840152763
p-valu: 0.0023714831372812903

AL interation 602/4801.

mae: 0.018606373991289994
max_error: 0.10569321920687291
variance: 0.0002191964830926276
pearson: 0.008994404433425737
p-valu: 0.005044636357750738

AL interation 603/4801.

mae: 0.018631025165701733
max_error: 0.10524875173317416
variance: 0.00021946317160597507
pearson: 0.007738345997064272
p-valu: 0.015841565348787164

AL interation 604/4801.

mae: 0.018607548218501
max_error: 0.1040823631199459
variance: 0.00021980341026707581
pearson: 0.003547669057317049
p-valu: 0.2687177558416083

AL interation 605/4801.

mae: 0.018608232239637226
max_error: 0.10338806332314054
variance: 0.000219619175859969
pearson: 0.0032357353405702417
p-valu: 0.3130867930567241

AL interation 606/4801.

mae: 0.018608478987947628
max_error: 0.10315745900018958
variance: 0.00021976619229768668
pearson: 0.006083791357976668
p-valu: 0.057871103086199784

AL interation 607/4801.

mae: 0.018568243714483103
max_error: 0.10384642563511481
variance: 0.00021923292931286478
pearson: 0.00391808583895068
p-valu: 0.2219030979318731

AL interation 608/4801.

mae: 0.018572288191087662
max_error: 0.10404548597810792
variance: 0.0002196302438307694
pearson: 0.003540691681395538
p-valu: 0.2696702491770167

AL interation 609/4801.

mae: 0.018551799642788462
max_error: 0.10390290020226023
variance: 0.00021916465699925049
pearson: 0.004423936985978672
p-valu: 0.16784166486131602

AL interation 610/4801.

mae: 0.01855442523613577
max_error: 0.10390119732827263
variance: 0.0002191849999527377
pearson: 0.003041829013688952
p-valu: 0.34298202129805866

AL interation 611/4801.

mae: 0.018547329868174638
max_error: 0.10364148187094036
variance: 0.0002186129081199404
pearson: 0.0033392497505618022
p-valu: 0.2978729290464488

AL interation 612/4801.

mae: 0.01850199359689279
max_error: 0.10281744054808262
variance: 0.00021800317089392245
pearson: 0.002050432898834194
p-valu: 0.5226832697802246

AL interation 613/4801.

mae: 0.01850073520914988
max_error: 0.10296486783741732
variance: 0.00021740753604322874
pearson: 0.001863291964949838
p-valu: 0.5613273125805416

AL interation 614/4801.

mae: 0.018504105127292416
max_error: 0.10299278100970644
variance: 0.0002174807864615075
pearson: 0.0018370714661111532
p-valu: 0.566851853482944

AL interation 615/4801.

mae: 0.018523374171387375
max_error: 0.1026994660348095
variance: 0.00021817525651661655
pearson: 0.0015218128258757844
p-valu: 0.6352062470976629

AL interation 616/4801.

mae: 0.01852445662915544
max_error: 0.10268733001069852
variance: 0.0002181547173885427
pearson: 0.0012117776650013585
p-valu: 0.705609581017864

AL interation 617/4801.

mae: 0.018525347402305235
max_error: 0.1023562572094392
variance: 0.0002184880487197485
pearson: 0.0010235492910576972
p-valu: 0.7496664861928581

AL interation 618/4801.

mae: 0.018497969741004285
max_error: 0.10234037239482352
variance: 0.00021769461028625864
pearson: 0.0016169381937399716
p-valu: 0.6142201944194549

AL interation 619/4801.

mae: 0.01846254307730044
max_error: 0.10225182104594244
variance: 0.00021719886269316193
pearson: 0.0008777908823880366
p-valu: 0.7843629071891446

AL interation 620/4801.

mae: 0.01841760680066689
max_error: 0.10133748914782648
variance: 0.00021724763668617232
pearson: 0.0007861669494554659
p-valu: 0.8063989283198246

AL interation 621/4801.

mae: 0.018407114221337204
max_error: 0.1019910105278854
variance: 0.00021610289896601472
pearson: 0.0020854099111698586
p-valu: 0.5156350102796593

AL interation 622/4801.

mae: 0.018418022211378084
max_error: 0.10191941992676168
variance: 0.00021617601277063755
pearson: 0.00251810243957725
p-valu: 0.4324717781180778

AL interation 623/4801.

mae: 0.018422290627303082
max_error: 0.10192464074774255
variance: 0.00021608814313793062
pearson: 0.0028369682756021006
p-valu: 0.3764992497438079

AL interation 624/4801.

mae: 0.018423132566814274
max_error: 0.10206479053980222
variance: 0.00021625920795288192
pearson: 0.002593413655938343
p-valu: 0.4188387760690288

AL interation 625/4801.

mae: 0.01843817473666406
max_error: 0.10256663181340575
variance: 0.0002163948389562994
pearson: 0.001421204712444974
p-valu: 0.6577474218279179

AL interation 626/4801.

mae: 0.018441461302133127
max_error: 0.10249486013620701
variance: 0.00021638611371991133
pearson: 0.001145851237727936
p-valu: 0.7209504690237353

AL interation 627/4801.

mae: 0.01844201798092647
max_error: 0.10194174214931029
variance: 0.0002168477085656693
pearson: 0.00270261516561579
p-valu: 0.3995273386383767

AL interation 628/4801.

mae: 0.018386587667161856
max_error: 0.10037161425910601
variance: 0.00021586201917222806
pearson: 0.0038476484876030638
p-valu: 0.2303746630942187

AL interation 629/4801.

mae: 0.018374982742124586
max_error: 0.10085651474324497
variance: 0.00021476644523414745
pearson: 0.003038941800235707
p-valu: 0.34348748924774664

AL interation 630/4801.

mae: 0.01838581962537561
max_error: 0.10054796637215024
variance: 0.0002144498681688147
pearson: 0.0022398511478174087
p-valu: 0.4850517520928304

AL interation 631/4801.

mae: 0.01837822367747428
max_error: 0.10051004337745728
variance: 0.00021421201263179587
pearson: 0.0036959159070910717
p-valu: 0.2492890655579644

AL interation 632/4801.

mae: 0.01837620327025636
max_error: 0.10055067880935842
variance: 0.0002140931582701375
pearson: 0.0033157520460398385
p-valu: 0.3013379095115503

AL interation 633/4801.

mae: 0.018378736377539194
max_error: 0.10052520482568927
variance: 0.00021406494193984915
pearson: 0.004574631812324665
p-valu: 0.15387525859733472

AL interation 634/4801.

mae: 0.018377785382928773
max_error: 0.10080597936306224
variance: 0.0002144710944834077
pearson: 0.006453577462231985
p-valu: 0.044254791139188586

AL interation 635/4801.

mae: 0.018373243733045802
max_error: 0.10051084864213355
variance: 0.00021434819141030463
pearson: 0.007042476711621706
p-valu: 0.028147061366447332

AL interation 636/4801.

mae: 0.018378796623513806
max_error: 0.10046101974856758
variance: 0.00021443580157969508
pearson: 0.00760958530260137
p-valu: 0.017692169758819612

AL interation 637/4801.

mae: 0.018369300385025364
max_error: 0.10051128205990101
variance: 0.00021543433628413877
pearson: 0.007613506668379779
p-valu: 0.017634305929746644

AL interation 638/4801.

mae: 0.018345295433076666
max_error: 0.10054314192237546
variance: 0.0002152602969458539
pearson: 0.00863192360740832
p-valu: 0.007131150400247318

AL interation 639/4801.

mae: 0.018336971369290866
max_error: 0.10063477680174349
variance: 0.0002151671870981323
pearson: 0.00823384385735861
p-valu: 0.010271466134995392

AL interation 640/4801.

mae: 0.01833939694239708
max_error: 0.10057568077380385
variance: 0.0002151884467733132
pearson: 0.006661456304817879
p-valu: 0.03785646448936094

AL interation 641/4801.

mae: 0.018336591781529958
max_error: 0.10077748647123319
variance: 0.00021527397443075924
pearson: 0.00793490231852523
p-valu: 0.013385559554357641

AL interation 642/4801.

mae: 0.01832303618737714
max_error: 0.10007592676723509
variance: 0.0002151901006157151
pearson: 0.007064196350083867
p-valu: 0.027670838300603864

AL interation 643/4801.

mae: 0.01834002661959497
max_error: 0.09993034581455906
variance: 0.00021508411971834032
pearson: 0.004689726259315701
p-valu: 0.14380212789778526

AL interation 644/4801.

mae: 0.018340481313478853
max_error: 0.09994704077385852
variance: 0.00021509745698552584
pearson: 0.004856800830478789
p-valu: 0.1300645639382667

AL interation 645/4801.

mae: 0.018331735393991962
max_error: 0.09984172961518145
variance: 0.00021482812346057805
pearson: 0.0035327083799834465
p-valu: 0.27084279742704215

AL interation 646/4801.

mae: 0.018331800347101256
max_error: 0.09984732345756986
variance: 0.00021481793180336858
pearson: 0.0038860296214496184
p-valu: 0.22580098208554514

AL interation 647/4801.

mae: 0.018333713575481476
max_error: 0.0998669215297554
variance: 0.0002148538702591819
pearson: 0.004529595288519745
p-valu: 0.15799835498240253

AL interation 648/4801.

mae: 0.018333771294775623
max_error: 0.09986782882927803
variance: 0.00021485530027068252
pearson: 0.0038515380971330246
p-valu: 0.2299517261985442

AL interation 649/4801.

mae: 0.018300481812790866
max_error: 0.09978888426238375
variance: 0.00021400281266275255
pearson: 0.005038093627026936
p-valu: 0.1163416272036562

AL interation 650/4801.

mae: 0.018300958453309625
max_error: 0.09978685030060608
variance: 0.00021405043193219376
pearson: 0.004512702783119671
p-valu: 0.15956127068187562

AL interation 651/4801.

mae: 0.018301148614979675
max_error: 0.09976390311547623
variance: 0.00021405825812532297
pearson: 0.005047767951593177
p-valu: 0.11564586053298585

AL interation 652/4801.

mae: 0.01830092341565328
max_error: 0.0997441457173267
variance: 0.0002140654564618468
pearson: 0.004959264643964153
p-valu: 0.1221717986892558

AL interation 653/4801.

mae: 0.018298460245511215
max_error: 0.09965748039624889
variance: 0.00021392673093453935
pearson: 0.0055351506630093306
p-valu: 0.08448969507213559

AL interation 654/4801.

mae: 0.018295813589199177
max_error: 0.09954992298620202
variance: 0.00021416264783478232
pearson: 0.0055092121008407414
p-valu: 0.08595796018226581

AL interation 655/4801.

mae: 0.018296511758557267
max_error: 0.09955711015530544
variance: 0.00021414347938863022
pearson: 0.00600074354201059
p-valu: 0.06144077080608302

AL interation 656/4801.

mae: 0.018297421424702923
max_error: 0.09953200225564562
variance: 0.00021431797853043255
pearson: 0.005874264411165355
p-valu: 0.06711860739640262

AL interation 657/4801.

mae: 0.018338982909017042
max_error: 0.09938770158513255
variance: 0.0002150403646003846
pearson: 0.004940858970296964
p-valu: 0.12357370388324648

AL interation 658/4801.

mae: 0.018339213852844607
max_error: 0.09940370263692277
variance: 0.00021504175238356668
pearson: 0.006183038138532895
p-valu: 0.053967303310306476

AL interation 659/4801.

mae: 0.018349463038389607
max_error: 0.09954266733362549
variance: 0.00021510127613100889
pearson: 0.005972427245034433
p-valu: 0.0626812225351133

AL interation 660/4801.

mae: 0.018243180548329543
max_error: 0.10107420053171556
variance: 0.00021526020203764163
pearson: 0.006653909697518869
p-valu: 0.03809420666515115

AL interation 661/4801.

mae: 0.018175713119711175
max_error: 0.10080293639774429
variance: 0.0002149032750495106
pearson: 0.008453222826124583
p-valu: 0.008422653139843889

AL interation 662/4801.

mae: 0.018177893372221074
max_error: 0.10100133562937974
variance: 0.00021494116973619793
pearson: 0.008654753075392957
p-valu: 0.006987486071136367

AL interation 663/4801.

mae: 0.01818201961768354
max_error: 0.1011376211251076
variance: 0.00021479785524315277
pearson: 0.008946851928260783
p-valu: 0.00529579469753446

AL interation 664/4801.

mae: 0.018176848791765444
max_error: 0.10172031930747782
variance: 0.0002148711044360463
pearson: 0.010048671101976197
p-valu: 0.0017369511318249288

AL interation 665/4801.

mae: 0.018170039494049096
max_error: 0.10164957465045465
variance: 0.00021496442025362782
pearson: 0.008802651803210208
p-valu: 0.006078891906340153

AL interation 666/4801.

mae: 0.018165974075616965
max_error: 0.10169809539835062
variance: 0.00021492342978564
pearson: 0.009278519503657682
p-valu: 0.003830431042896748

AL interation 667/4801.

mae: 0.01817179774711739
max_error: 0.1017835175205477
variance: 0.00021515548472518368
pearson: 0.008060449151508161
p-valu: 0.012000093981647995

AL interation 668/4801.

mae: 0.01817239295953095
max_error: 0.10219642889072422
variance: 0.00021503108180859312
pearson: 0.006841165694946438
p-valu: 0.03299733658753063

AL interation 669/4801.

mae: 0.01813758426195693
max_error: 0.10204877434356097
variance: 0.0002146019887498894
pearson: 0.008116183545303956
p-valu: 0.011422959274157237

AL interation 670/4801.

mae: 0.018102044789174727
max_error: 0.10254345791944108
variance: 0.0002145017482508597
pearson: 0.007823427618345672
p-valu: 0.014759345695632208

AL interation 671/4801.

mae: 0.018084124749989328
max_error: 0.10244207159010732
variance: 0.0002141870031917888
pearson: 0.009513696565360732
p-valu: 0.00302660797431876

AL interation 672/4801.

mae: 0.01808299645580947
max_error: 0.10243935670738158
variance: 0.00021418542670233027
pearson: 0.010666811820003778
p-valu: 0.0008860815875115527

AL interation 673/4801.

mae: 0.018069748213569832
max_error: 0.102618891153756
variance: 0.0002136686623633925
pearson: 0.011037999600074658
p-valu: 0.0005815514755352529

AL interation 674/4801.

mae: 0.017966953193869498
max_error: 0.10309745203247478
variance: 0.00021073140652443645
pearson: 0.013957306419118225
p-valu: 1.3616445376785402e-05

AL interation 675/4801.

mae: 0.01796658997961167
max_error: 0.10317454786289493
variance: 0.0002107836654736184
pearson: 0.0147744440669645
p-valu: 4.131990353278422e-06

AL interation 676/4801.

mae: 0.017959967193614843
max_error: 0.10304968925109681
variance: 0.00021118817394257807
pearson: 0.020531626528978112
p-valu: 1.5617596525390957e-10

AL interation 677/4801.

mae: 0.01798103347467201
max_error: 0.10366697478824283
variance: 0.00020971055125671074
pearson: 0.016925785462258612
p-valu: 1.3264243697777428e-07

AL interation 678/4801.

mae: 0.017968664623976616
max_error: 0.10349739972471927
variance: 0.00020934058198482277
pearson: 0.014846922829965593
p-valu: 3.707314986532307e-06

AL interation 679/4801.

mae: 0.017975800028701742
max_error: 0.10374529790968556
variance: 0.00020964755979511942
pearson: 0.018401074049872526
p-valu: 9.753132604536489e-09

AL interation 680/4801.

mae: 0.017982860390382875
max_error: 0.10353667746929607
variance: 0.0002081953033720957
pearson: 0.018171891899022206
p-valu: 1.4831792091538071e-08

AL interation 681/4801.

mae: 0.017967431223804634
max_error: 0.10389936136735689
variance: 0.00020709275802664273
pearson: 0.017597057826099168
p-valu: 4.1513964433885956e-08

AL interation 682/4801.

mae: 0.01789927584988413
max_error: 0.1022639700339909
variance: 0.00020693784867192644
pearson: 0.019250620255257554
p-valu: 1.976872988435518e-09

AL interation 683/4801.

mae: 0.017883603281328757
max_error: 0.10263099992929203
variance: 0.0002068655926946121
pearson: 0.017395755457421648
p-valu: 5.910623604385307e-08

AL interation 684/4801.

mae: 0.017985210388692826
max_error: 0.10330265681264739
variance: 0.00020965954192743569
pearson: 0.016250431489219105
p-valu: 4.0955385513107906e-07

AL interation 685/4801.

mae: 0.01796312983095781
max_error: 0.10377493137278582
variance: 0.00021027005493931807
pearson: 0.015868261333357753
p-valu: 7.601953192474594e-07

AL interation 686/4801.

mae: 0.01795642323683881
max_error: 0.10365030629489813
variance: 0.0002101931029953585
pearson: 0.015571701018077326
p-valu: 1.2169391363013758e-06

AL interation 687/4801.

mae: 0.01795124034807227
max_error: 0.10374699274067045
variance: 0.0002099900299259535
pearson: 0.015613650154747794
p-valu: 1.1393175338020684e-06

AL interation 688/4801.

mae: 0.017950590458195265
max_error: 0.10371817143053197
variance: 0.00020994390439556268
pearson: 0.015093655124200576
p-valu: 2.553475354513069e-06

AL interation 689/4801.

mae: 0.017952462942154603
max_error: 0.1037576963584883
variance: 0.00020983315711633742
pearson: 0.015817314380019456
p-valu: 8.250901825666772e-07

AL interation 690/4801.

mae: 0.01794726637289731
max_error: 0.10371372418765934
variance: 0.00020981481735483028
pearson: 0.01704068360197902
p-valu: 1.0925508225895636e-07

AL interation 691/4801.

mae: 0.017948623116301094
max_error: 0.1036822820363199
variance: 0.00020977628459797586
pearson: 0.016777290416511877
p-valu: 1.7089722995883532e-07

AL interation 692/4801.

mae: 0.01797525958139693
max_error: 0.10371653112830193
variance: 0.00021019673086656869
pearson: 0.017593250090363166
p-valu: 4.1867022346241546e-08

AL interation 693/4801.

mae: 0.01797249774413484
max_error: 0.10365547250777074
variance: 0.00021004141503773297
pearson: 0.016930327663162867
p-valu: 1.319345735818078e-07

AL interation 694/4801.

mae: 0.017975182731962944
max_error: 0.10360879511395926
variance: 0.00021003103195230065
pearson: 0.017881638169512284
p-valu: 2.5093584635719862e-08

AL interation 695/4801.

mae: 0.01797414205709123
max_error: 0.10360404752023844
variance: 0.00021001227834424745
pearson: 0.01752464305875086
p-valu: 4.726035567592267e-08

AL interation 696/4801.

mae: 0.017975504721871843
max_error: 0.10347174403401316
variance: 0.0002100793101838994
pearson: 0.01654252984176158
p-valu: 2.533749294766923e-07

AL interation 697/4801.

mae: 0.01797300231721319
max_error: 0.10360386483208406
variance: 0.0002099072695810804
pearson: 0.016905488152305043
p-valu: 1.3770218597508612e-07

AL interation 698/4801.

mae: 0.01796451095839639
max_error: 0.1040289464954498
variance: 0.00020944000591530357
pearson: 0.017015610084717605
p-valu: 1.1417563391404355e-07

AL interation 699/4801.

mae: 0.01798445714433214
max_error: 0.103980588099293
variance: 0.00021020397903660933
pearson: 0.016976939318947958
p-valu: 1.2198051621739927e-07

AL interation 700/4801.

mae: 0.017984257219185475
max_error: 0.10397758070374441
variance: 0.0002102131982820998
pearson: 0.01540565917461803
p-valu: 1.5806386621896363e-06

AL interation 701/4801.

mae: 0.017984100752583877
max_error: 0.10380877857861326
variance: 0.00021010256101155103
pearson: 0.015075204703573365
p-valu: 2.6304616237248517e-06

AL interation 702/4801.

mae: 0.017984776310840906
max_error: 0.1039089747335169
variance: 0.00021015270888594665
pearson: 0.01536583415120301
p-valu: 1.682002799416786e-06

AL interation 703/4801.

mae: 0.017984991235058614
max_error: 0.1039939619302317
variance: 0.00021020683192153684
pearson: 0.01486551497445452
p-valu: 3.6154006818367855e-06

AL interation 704/4801.

mae: 0.01797683717342648
max_error: 0.10359287437759979
variance: 0.00020913489406492236
pearson: 0.016509174367159936
p-valu: 2.6811823221969614e-07

AL interation 705/4801.

mae: 0.017976090236875228
max_error: 0.10359418833380407
variance: 0.0002090658641519575
pearson: 0.016444230222090128
p-valu: 2.9862261045815096e-07

AL interation 706/4801.

mae: 0.017979010591001838
max_error: 0.10313229371698474
variance: 0.0002090184260364651
pearson: 0.016172611210273913
p-valu: 4.664185720597646e-07

AL interation 707/4801.

mae: 0.017982010873938373
max_error: 0.10334159232960194
variance: 0.00020930515853611063
pearson: 0.015464196634190429
p-valu: 1.4440177357278424e-06

AL interation 708/4801.

mae: 0.017981148963608504
max_error: 0.10347783055775328
variance: 0.00020923837246418226
pearson: 0.015476782360873204
p-valu: 1.4160763423228475e-06

AL interation 709/4801.

mae: 0.017985190639766915
max_error: 0.10307404353207805
variance: 0.00020928612720199112
pearson: 0.015618072657689537
p-valu: 1.1345621140210406e-06

AL interation 710/4801.

mae: 0.017934590626301098
max_error: 0.10404942091307423
variance: 0.00020903989236355355
pearson: 0.01757076775751994
p-valu: 4.3683314676818344e-08

AL interation 711/4801.

mae: 0.0179302301676017
max_error: 0.10375576125594255
variance: 0.00020895808968092057
pearson: 0.01605617308257186
p-valu: 5.638101691576129e-07

AL interation 712/4801.

mae: 0.01794206383984647
max_error: 0.10352192752427247
variance: 0.00020892328983962077
pearson: 0.018975025144222488
p-valu: 3.3618881686329506e-09

AL interation 713/4801.

mae: 0.01793046192389999
max_error: 0.1034652909884557
variance: 0.00020890825269985098
pearson: 0.020027196607468947
p-valu: 4.3540256585539256e-10

AL interation 714/4801.

mae: 0.01792006405557001
max_error: 0.10205415491217029
variance: 0.00020854947511093406
pearson: 0.020755530256645924
p-valu: 9.947188698394195e-11

AL interation 715/4801.

mae: 0.017920725477957308
max_error: 0.10182192940434054
variance: 0.00020888378411477247
pearson: 0.020479190939414957
p-valu: 1.7526008568810564e-10

AL interation 716/4801.

mae: 0.017915674967337727
max_error: 0.10176899981800891
variance: 0.0002087914295155558
pearson: 0.019715112491739947
p-valu: 8.076696212324439e-10

AL interation 717/4801.

mae: 0.017908382228122348
max_error: 0.10153575984319052
variance: 0.00020859151211596272
pearson: 0.018808055337687805
p-valu: 4.609643104723544e-09

AL interation 718/4801.

mae: 0.01790842341078414
max_error: 0.10153931155130924
variance: 0.00020859283067974207
pearson: 0.019764076489606184
p-valu: 7.338616038490739e-10

AL interation 719/4801.

mae: 0.017908202373249273
max_error: 0.10143083414814957
variance: 0.0002085537878711423
pearson: 0.02135801420091883
p-valu: 2.8259613627263796e-11

AL interation 720/4801.

mae: 0.017905936865799943
max_error: 0.10167069565378317
variance: 0.00020860342491618063
pearson: 0.021705694976064376
p-valu: 1.3451415738468778e-11

AL interation 721/4801.

mae: 0.0178946887778461
max_error: 0.10126152836145086
variance: 0.0002086576635491504
pearson: 0.020922435601473232
p-valu: 7.052419882189857e-11

AL interation 722/4801.

mae: 0.017889976373620692
max_error: 0.10172589726252856
variance: 0.00020884618005751794
pearson: 0.019528757809309145
p-valu: 1.1638674699897344e-09

AL interation 723/4801.

mae: 0.017887554252458308
max_error: 0.10192337858061085
variance: 0.00020867708443018997
pearson: 0.017276504957049403
p-valu: 7.317131222618753e-08

AL interation 724/4801.

mae: 0.017881351498900435
max_error: 0.10192164821714589
variance: 0.00020853523462474323
pearson: 0.017710235370397478
p-valu: 3.422098931721425e-08

AL interation 725/4801.

mae: 0.01788126011503781
max_error: 0.10181642417390724
variance: 0.00020848150277755163
pearson: 0.01849994853888564
p-valu: 8.19379997138197e-09

AL interation 726/4801.

mae: 0.0178741980445486
max_error: 0.10087625313022675
variance: 0.00020865688102502324
pearson: 0.01561858881672065
p-valu: 1.1360851788227577e-06

AL interation 727/4801.

mae: 0.01786189827242139
max_error: 0.1006683665948771
variance: 0.00020848286920792608
pearson: 0.012284691343954851
p-valu: 0.00012940936619389385

AL interation 728/4801.

mae: 0.017849270307605074
max_error: 0.100412310950307
variance: 0.0002084888791563827
pearson: 0.011706102314807548
p-valu: 0.0002650355180429792

AL interation 729/4801.

mae: 0.017854309794577104
max_error: 0.10065976449729708
variance: 0.0002083317611182916
pearson: 0.011874364389260358
p-valu: 0.00021586656536836605

AL interation 730/4801.

mae: 0.017812847872390434
max_error: 0.1002464634721918
variance: 0.00020721229590782656
pearson: 0.012913472280010661
p-valu: 5.735299460777141e-05

AL interation 731/4801.

mae: 0.017826508597315122
max_error: 0.10004395657293519
variance: 0.0002072632462364555
pearson: 0.01516616898569292
p-valu: 2.2970004061757943e-06

AL interation 732/4801.

mae: 0.01782837948709107
max_error: 0.10000377863926535
variance: 0.00020719032424548867
pearson: 0.017423652477002092
p-valu: 5.6731152414598344e-08

AL interation 733/4801.

mae: 0.01784161677158837
max_error: 0.09963921070041981
variance: 0.0002073920284346611
pearson: 0.017831036939795514
p-valu: 2.764497885612892e-08

AL interation 734/4801.

mae: 0.017849189837094125
max_error: 0.10043814178121413
variance: 0.00020766868367157537
pearson: 0.01783173231522231
p-valu: 2.7615224764166356e-08

AL interation 735/4801.

mae: 0.017850165312166502
max_error: 0.10031291288990762
variance: 0.0002076919469695056
pearson: 0.017864747101962328
p-valu: 2.6038392382700388e-08

AL interation 736/4801.

mae: 0.017838208047376427
max_error: 0.10085641763456299
variance: 0.00020696690292158987
pearson: 0.019737709895218173
p-valu: 7.756981589036939e-10

AL interation 737/4801.

mae: 0.017841176513408438
max_error: 0.10087270390349379
variance: 0.00020693708951470704
pearson: 0.020450472801455052
p-valu: 1.8668132674561716e-10

AL interation 738/4801.

mae: 0.017841255013586806
max_error: 0.10083838716448956
variance: 0.0002069704205048389
pearson: 0.022549999389236863
p-valu: 2.1222746679285233e-12

AL interation 739/4801.

mae: 0.017811325762841706
max_error: 0.1007990311170801
variance: 0.0002067796859259138
pearson: 0.021149493055490357
p-valu: 4.4073058602264657e-11

AL interation 740/4801.

mae: 0.017806617303231714
max_error: 0.10075279289785333
variance: 0.0002068680749942226
pearson: 0.022971046877348435
p-valu: 8.224768533142331e-13

AL interation 741/4801.

mae: 0.017805548289287904
max_error: 0.10064509873498939
variance: 0.00020680894398243522
pearson: 0.02316140902955182
p-valu: 5.328450965782624e-13

AL interation 742/4801.

mae: 0.017767744144049465
max_error: 0.10078489460332496
variance: 0.00020567690257595786
pearson: 0.02172153913618467
p-valu: 1.3069350087251826e-11

AL interation 743/4801.

mae: 0.017732050699540057
max_error: 0.10032065618898689
variance: 0.0002050290256352204
pearson: 0.022062080023534353
p-valu: 6.24426803282144e-12

AL interation 744/4801.

mae: 0.01773188876369071
max_error: 0.10031991225483528
variance: 0.00020504426610765255
pearson: 0.022401793424887392
p-valu: 2.956036601934344e-12

AL interation 745/4801.

mae: 0.01771597140778016
max_error: 0.1001745759624868
variance: 0.00020475409253512935
pearson: 0.022394953032276
p-valu: 3.00199363543347e-12

AL interation 746/4801.

mae: 0.017707201095335735
max_error: 0.10015658744058276
variance: 0.0002045768143488342
pearson: 0.0233515782098887
p-valu: 3.4455177689620563e-13

AL interation 747/4801.

mae: 0.017688570973231014
max_error: 0.10010799782313318
variance: 0.00020385977647365173
pearson: 0.02189713051607356
p-valu: 8.952228949813024e-12

AL interation 748/4801.

mae: 0.01768711897028164
max_error: 0.10005241675199561
variance: 0.00020372701488246653
pearson: 0.022568107579749013
p-valu: 2.0434564417945665e-12

AL interation 749/4801.

mae: 0.017685054926747105
max_error: 0.10087422685731728
variance: 0.00020448318285833526
pearson: 0.0227743275274322
p-valu: 1.2868232542782862e-12

AL interation 750/4801.

mae: 0.017698913279954744
max_error: 0.10085984120999858
variance: 0.00020473515206705973
pearson: 0.023774888943311877
p-valu: 1.2869589677539585e-13

AL interation 751/4801.

mae: 0.017698695451943833
max_error: 0.10080871518519818
variance: 0.00020496325004140241
pearson: 0.02412658487424439
p-valu: 5.6014381588559554e-14

AL interation 752/4801.

mae: 0.017700973269595934
max_error: 0.10119340338647764
variance: 0.0002055299730302803
pearson: 0.022271860354438306
p-valu: 3.948326235702348e-12

AL interation 753/4801.

mae: 0.017686805464774004
max_error: 0.10554661367874307
variance: 0.00020582118830212985
pearson: 0.02068029492369324
p-valu: 1.1712893946928683e-10

AL interation 754/4801.

mae: 0.01764097106061865
max_error: 0.10602546222699805
variance: 0.000205140845445103
pearson: 0.022003455526286405
p-valu: 7.116123190562145e-12

AL interation 755/4801.

mae: 0.01764466308739586
max_error: 0.10609606577284869
variance: 0.0002053037697184946
pearson: 0.021887337798801466
p-valu: 9.162370317490132e-12

AL interation 756/4801.

mae: 0.017646743241894948
max_error: 0.106157362658027
variance: 0.00020532120744687306
pearson: 0.023037912777082434
p-valu: 7.094348390829092e-13

AL interation 757/4801.

mae: 0.01763914169641712
max_error: 0.10693348433884187
variance: 0.00020437424663099227
pearson: 0.024277497666275558
p-valu: 3.9123050883545085e-14

AL interation 758/4801.

mae: 0.017645707787985285
max_error: 0.10714527212499836
variance: 0.0002044731052958311
pearson: 0.023374096801918542
p-valu: 3.2818116361472123e-13

AL interation 759/4801.

mae: 0.017618490902291558
max_error: 0.10550792212692106
variance: 0.00020437556922886906
pearson: 0.023937288655473364
p-valu: 8.799640380095609e-14

AL interation 760/4801.

mae: 0.017627621431562837
max_error: 0.10542615639346598
variance: 0.00020455110100141922
pearson: 0.02623218736226736
p-valu: 3.009294656953622e-16

AL interation 761/4801.

mae: 0.01761700671234282
max_error: 0.10530275993503158
variance: 0.00020459578599972176
pearson: 0.025076404763894056
p-valu: 5.597590624629829e-15

AL interation 762/4801.

mae: 0.017623253074272257
max_error: 0.10545757395940147
variance: 0.00020416464642964314
pearson: 0.02370212924634564
p-valu: 1.531721050434548e-13

AL interation 763/4801.

mae: 0.01760147481254621
max_error: 0.1050030267629467
variance: 0.00020358037035441125
pearson: 0.023314984236024457
p-valu: 3.7667332505731876e-13

AL interation 764/4801.

mae: 0.017632199924726505
max_error: 0.10463389102577314
variance: 0.00020319851908543113
pearson: 0.02288197885298384
p-valu: 1.0130982318860387e-12

AL interation 765/4801.

mae: 0.017632885271691014
max_error: 0.10461918713693596
variance: 0.0002032600767857205
pearson: 0.023038520677974076
p-valu: 7.10179144114477e-13

AL interation 766/4801.

mae: 0.017620550921158846
max_error: 0.10361866880649306
variance: 0.00020309616225311616
pearson: 0.023421064710111142
p-valu: 2.9505541598644903e-13

AL interation 767/4801.

mae: 0.017618902823349943
max_error: 0.1036057315336365
variance: 0.0002030432813783372
pearson: 0.024585917336623627
p-valu: 1.8651033172135106e-14

AL interation 768/4801.

mae: 0.017657418545212935
max_error: 0.10278524804087685
variance: 0.00020381533938180246
pearson: 0.024560792756048368
p-valu: 1.9828912473764073e-14

AL interation 769/4801.

mae: 0.01765239764847661
max_error: 0.10283303505648012
variance: 0.0002035349959463121
pearson: 0.02357450467712137
p-valu: 2.067816926082e-13

AL interation 770/4801.

mae: 0.017647609904513837
max_error: 0.1029391891939071
variance: 0.00020351004479344286
pearson: 0.022945736638658034
p-valu: 8.781878613122051e-13

AL interation 771/4801.

mae: 0.017638499385152513
max_error: 0.10283283540630639
variance: 0.00020342311414350017
pearson: 0.022576026714800416
p-valu: 2.019651713266867e-12

AL interation 772/4801.

mae: 0.017638525579171456
max_error: 0.10282980743480441
variance: 0.00020340685313772455
pearson: 0.023380409245384343
p-valu: 3.2469117703009896e-13

AL interation 773/4801.

mae: 0.017642599600263476
max_error: 0.10289250896719015
variance: 0.0002034375559012836
pearson: 0.0238953968897072
p-valu: 9.754717308698882e-14

AL interation 774/4801.

mae: 0.01760667895439007
max_error: 0.10313574582969243
variance: 0.00020303788366256675
pearson: 0.024881661601230152
p-valu: 9.08218810427509e-15

AL interation 775/4801.

mae: 0.01760795236854237
max_error: 0.10331352267045024
variance: 0.00020300905368206992
pearson: 0.02440904416612664
p-valu: 2.8674237654317036e-14

AL interation 776/4801.

mae: 0.017631101942587206
max_error: 0.10285492814225283
variance: 0.00020326039941067297
pearson: 0.02401189262286304
p-valu: 7.41144206958321e-14

AL interation 777/4801.

mae: 0.017630883135591684
max_error: 0.10286662655804268
variance: 0.00020325393241409648
pearson: 0.0234730074837949
p-valu: 2.6239981778128756e-13

AL interation 778/4801.

mae: 0.017628197126150835
max_error: 0.10255644469359315
variance: 0.00020327641760048467
pearson: 0.023299242003204927
p-valu: 3.9221079509789753e-13

AL interation 779/4801.

mae: 0.01761932908977525
max_error: 0.1032097300530126
variance: 0.0002030046082986305
pearson: 0.02238709261820317
p-valu: 3.081435478061972e-12

AL interation 780/4801.

mae: 0.017621087557584916
max_error: 0.10351535351557861
variance: 0.00020325837906993007
pearson: 0.023096307472131223
p-valu: 6.250078917259607e-13

AL interation 781/4801.

mae: 0.017601032848776187
max_error: 0.10335922795664776
variance: 0.0002033125736874718
pearson: 0.02204283344332748
p-valu: 6.574108543782109e-12

AL interation 782/4801.

mae: 0.01759911297176218
max_error: 0.10332125042853879
variance: 0.00020328435510177055
pearson: 0.02393790587847928
p-valu: 8.845931399086069e-14

AL interation 783/4801.

mae: 0.017468233729518716
max_error: 0.10338715419883049
variance: 0.00020112369560831012
pearson: 0.02218784294116553
p-valu: 4.7877282599718505e-12

AL interation 784/4801.

mae: 0.017463950019561154
max_error: 0.10358979585319905
variance: 0.00020112500785777896
pearson: 0.022087653493276006
p-valu: 5.965181548632521e-12

AL interation 785/4801.

mae: 0.017458437896251247
max_error: 0.1037033801924594
variance: 0.00020110864628340285
pearson: 0.02031003884171346
p-valu: 2.506451003647257e-10

AL interation 786/4801.

mae: 0.017466689495105107
max_error: 0.10374148491573298
variance: 0.0002015394102282273
pearson: 0.020871542769543932
p-valu: 7.952382212320413e-11

AL interation 787/4801.

mae: 0.017420013817288648
max_error: 0.10455747775725688
variance: 0.00019957516905002814
pearson: 0.02195319662043108
p-valu: 8.003876451827996e-12

AL interation 788/4801.

mae: 0.017421004642635025
max_error: 0.10494407935519523
variance: 0.00020011992642705035
pearson: 0.020177952498344403
p-valu: 3.2714710572246956e-10

AL interation 789/4801.

mae: 0.01741267404341422
max_error: 0.10507555613722563
variance: 0.00019998118630162791
pearson: 0.02040486719060035
p-valu: 2.0707518311887675e-10

AL interation 790/4801.

mae: 0.017420250172001012
max_error: 0.10543435601872209
variance: 0.00020009521903650214
pearson: 0.020552621913411548
p-valu: 1.5335333183960624e-10

AL interation 791/4801.

mae: 0.017452141777787363
max_error: 0.10531328699508724
variance: 0.00020075789973018752
pearson: 0.019277684750210175
p-valu: 1.9161524218220687e-09

AL interation 792/4801.

mae: 0.017413301813266172
max_error: 0.10554318920148664
variance: 0.00020052572612019396
pearson: 0.019506318536669762
p-valu: 1.232491680787213e-09

AL interation 793/4801.

mae: 0.01741558242120996
max_error: 0.10558702023652988
variance: 0.0002006974521178451
pearson: 0.01973632460970121
p-valu: 7.867170617932124e-10

AL interation 794/4801.

mae: 0.017406901845653522
max_error: 0.105911067038025
variance: 0.0002004961808219127
pearson: 0.017005067289339374
p-valu: 1.1792928078581506e-07

AL interation 795/4801.

mae: 0.017400580242134006
max_error: 0.10591435802857352
variance: 0.00020032869738964828
pearson: 0.017173136855544002
p-valu: 8.843840790620134e-08

AL interation 796/4801.

mae: 0.017398925503003065
max_error: 0.10595748722025466
variance: 0.00020034950171416747
pearson: 0.016590084265944386
p-valu: 2.3743903281234297e-07

AL interation 797/4801.

mae: 0.017403749258605734
max_error: 0.10590462346604856
variance: 0.00020060652026047515
pearson: 0.01675594620355385
p-valu: 1.7990187213207213e-07

AL interation 798/4801.

mae: 0.017356528131736035
max_error: 0.10561343621245389
variance: 0.00019952822668179717
pearson: 0.01604664897400269
p-valu: 5.792519049437913e-07

AL interation 799/4801.

mae: 0.017346584887950257
max_error: 0.1056755093686974
variance: 0.00019940480297499558
pearson: 0.017258164582467494
p-valu: 7.641983139342314e-08

AL interation 800/4801.

mae: 0.017344177399389506
max_error: 0.1055312773401369
variance: 0.00019943978859316948
pearson: 0.017746980605452142
p-valu: 3.2458615895685354e-08

AL interation 801/4801.

mae: 0.01732470975699103
max_error: 0.10535861843070227
variance: 0.0001995914662896816
pearson: 0.017882669262834355
p-valu: 2.5492867265062522e-08

AL interation 802/4801.

mae: 0.017308808797140078
max_error: 0.10516841748975314
variance: 0.00019906508384914278
pearson: 0.01764997468417943
p-valu: 3.855321837624998e-08

AL interation 803/4801.

mae: 0.017326569586820228
max_error: 0.10492711108273345
variance: 0.00019924510359686158
pearson: 0.016965442894137244
p-valu: 1.2633278188862975e-07

AL interation 804/4801.

mae: 0.017310272118891218
max_error: 0.10501220413832191
variance: 0.00019956016060159037
pearson: 0.016566071559397877
p-valu: 2.474055613080642e-07

AL interation 805/4801.

mae: 0.017303847912417084
max_error: 0.10481116194941653
variance: 0.00019972290164729998
pearson: 0.01709867462825254
p-valu: 1.0065613676497045e-07

AL interation 806/4801.

mae: 0.01730331493483771
max_error: 0.10485765458557528
variance: 0.00019968475852455777
pearson: 0.0179397483665896
p-valu: 2.3035158446313093e-08

AL interation 807/4801.

mae: 0.017303460582956585
max_error: 0.10486059387332891
variance: 0.00019968263058657606
pearson: 0.018288289202374835
p-valu: 1.2261299171414093e-08

AL interation 808/4801.

mae: 0.017302284426068036
max_error: 0.10435337246233023
variance: 0.00019951494120098632
pearson: 0.02012382387060684
p-valu: 3.6612652386340435e-10

AL interation 809/4801.

mae: 0.017298989174364687
max_error: 0.10432631187856889
variance: 0.00019942408959501074
pearson: 0.0212895668485977
p-valu: 3.335189420711599e-11

AL interation 810/4801.

mae: 0.017298802153009496
max_error: 0.10432425369797049
variance: 0.00019942012519447676
pearson: 0.019743676506766342
p-valu: 7.780788215463661e-10

AL interation 811/4801.

mae: 0.0172900738146163
max_error: 0.10364130518130144
variance: 0.00019897696442550928
pearson: 0.019449533108345827
p-valu: 1.3810386740178862e-09

AL interation 812/4801.

mae: 0.01729072984539912
max_error: 0.10363030081205982
variance: 0.00019900379411342563
pearson: 0.018756610105463745
p-valu: 5.164280921517702e-09

AL interation 813/4801.

mae: 0.017232908462799314
max_error: 0.10280631206771607
variance: 0.00019870254334828562
pearson: 0.017933024249896644
p-valu: 2.3341598874840856e-08

AL interation 814/4801.

mae: 0.017156791380481814
max_error: 0.10268866835699275
variance: 0.00019731162757495574
pearson: 0.015803945859661706
p-valu: 8.566435729777508e-07

AL interation 815/4801.

mae: 0.017126182541472842
max_error: 0.10219396268681469
variance: 0.00019734943227782978
pearson: 0.01630659194231262
p-valu: 3.8034900321380813e-07

AL interation 816/4801.

mae: 0.01712634051701308
max_error: 0.10212727710549818
variance: 0.00019729075381691693
pearson: 0.017067052269652695
p-valu: 1.064329791316087e-07

AL interation 817/4801.

mae: 0.017110299908442456
max_error: 0.10307224187417607
variance: 0.00019734002996042973
pearson: 0.01713287488042714
p-valu: 9.509339451687948e-08

AL interation 818/4801.

mae: 0.01711089695900847
max_error: 0.1030712139700285
variance: 0.00019733293914063542
pearson: 0.01673253323087081
p-valu: 1.8769191452185413e-07

AL interation 819/4801.

mae: 0.017108273081210743
max_error: 0.10306990869279109
variance: 0.00019740601073630018
pearson: 0.01866374633132311
p-valu: 6.14905252764675e-09

AL interation 820/4801.

mae: 0.017105852153277458
max_error: 0.10301794955771304
variance: 0.0001973546574101955
pearson: 0.01873676475803612
p-valu: 5.36721078026043e-09

AL interation 821/4801.

mae: 0.017095712787518088
max_error: 0.10337005343515959
variance: 0.00019715255579245863
pearson: 0.01948571834451441
p-valu: 1.2900321666783525e-09

AL interation 822/4801.

mae: 0.017099604875458096
max_error: 0.10322481633668024
variance: 0.00019670760228511936
pearson: 0.01990749584641654
p-valu: 5.646831429890365e-10

AL interation 823/4801.

mae: 0.01709968316961988
max_error: 0.10347896177561045
variance: 0.00019669570942356429
pearson: 0.02118141136244695
p-valu: 4.201667976735954e-11

AL interation 824/4801.

mae: 0.01706947031004653
max_error: 0.10350263872274756
variance: 0.00019574436796215695
pearson: 0.020657251264573972
p-valu: 1.2472168514335753e-10

AL interation 825/4801.

mae: 0.017069496721543596
max_error: 0.10347351771170854
variance: 0.00019581924967384658
pearson: 0.021895344414458152
p-valu: 9.160181375891752e-12

AL interation 826/4801.

mae: 0.01706254716477701
max_error: 0.103401083268156
variance: 0.00019533742416650792
pearson: 0.020512252459548727
p-valu: 1.6780782344159278e-10

AL interation 827/4801.

mae: 0.017061238833080607
max_error: 0.10337340920458193
variance: 0.00019526158425065964
pearson: 0.020893406680084606
p-valu: 7.669949115005545e-11

AL interation 828/4801.

mae: 0.017061347937694236
max_error: 0.10337606483952588
variance: 0.00019526023972243206
pearson: 0.020766254734685453
p-valu: 9.977360825613634e-11

AL interation 829/4801.

mae: 0.017049644493305892
max_error: 0.10326638227340657
variance: 0.00019509041560707927
pearson: 0.020457911215518196
p-valu: 1.875398184600925e-10

AL interation 830/4801.

mae: 0.017052464399002987
max_error: 0.10327576915179582
variance: 0.00019509389205348395
pearson: 0.02029032095112726
p-valu: 2.6330172824433026e-10

AL interation 831/4801.

mae: 0.01706592815700981
max_error: 0.10337474546369951
variance: 0.0001951784781827438
pearson: 0.018940395526109155
p-valu: 3.6690321974299866e-09

AL interation 832/4801.

mae: 0.017070626852112112
max_error: 0.103555043088565
variance: 0.0001952273351402813
pearson: 0.019582487039703146
p-valu: 1.0711465450126997e-09

AL interation 833/4801.

mae: 0.01707855766267621
max_error: 0.10359054355976416
variance: 0.00019523612823360437
pearson: 0.01900099449773252
p-valu: 3.2731469129964193e-09

AL interation 834/4801.

mae: 0.017072609712920815
max_error: 0.1037339756821638
variance: 0.00019516867880225622
pearson: 0.018093174764241614
p-valu: 1.7557906145155666e-08

AL interation 835/4801.

mae: 0.01708914136889336
max_error: 0.10391863743209062
variance: 0.00019538072083030115
pearson: 0.017346330979390485
p-valu: 6.595854042470446e-08

AL interation 836/4801.

mae: 0.01709204980661694
max_error: 0.10391493617467806
variance: 0.00019548257017054565
pearson: 0.017433584134526472
p-valu: 5.6672644593843304e-08

AL interation 837/4801.

mae: 0.017101347939506746
max_error: 0.10408492862333962
variance: 0.0001959804072565937
pearson: 0.017151235812242805
p-valu: 9.242142364636191e-08

AL interation 838/4801.

mae: 0.017094625040874743
max_error: 0.10371948210425619
variance: 0.0001956895072369677
pearson: 0.017532481165992975
p-valu: 4.768329765527775e-08

AL interation 839/4801.

mae: 0.017098252928244972
max_error: 0.10383992570453704
variance: 0.0001953847199171993
pearson: 0.01655048384900283
p-valu: 2.5516611468735857e-07

AL interation 840/4801.

mae: 0.01708117241253703
max_error: 0.1034244497936101
variance: 0.0001939019711650065
pearson: 0.01576910120693721
p-valu: 9.085005726269668e-07

AL interation 841/4801.

mae: 0.017085435547119797
max_error: 0.10344647617299363
variance: 0.00019382474299885552
pearson: 0.015934222706061017
p-valu: 6.981141203180444e-07

AL interation 842/4801.

mae: 0.017090902383256144
max_error: 0.10388815537325802
variance: 0.00019412774509760682
pearson: 0.01593580866460504
p-valu: 6.96432386750766e-07

AL interation 843/4801.

mae: 0.017067312871441774
max_error: 0.10413940337057004
variance: 0.00019439709284052307
pearson: 0.014276495680648805
p-valu: 8.765795412733539e-06

AL interation 844/4801.

mae: 0.017035418855153594
max_error: 0.10410624617410069
variance: 0.00019345927384817777
pearson: 0.013297687104762996
p-valu: 3.4620021795562714e-05

AL interation 845/4801.

mae: 0.01699373218200148
max_error: 0.1039674585941015
variance: 0.0001927023960289484
pearson: 0.012487784238167298
p-valu: 0.00010086670512454963

AL interation 846/4801.

mae: 0.016987194859446247
max_error: 0.1038875189698587
variance: 0.00019260593903046194
pearson: 0.015572356778724808
p-valu: 1.2404520876197556e-06

AL interation 847/4801.

mae: 0.01697604260578723
max_error: 0.10375949290326791
variance: 0.00019244813155650962
pearson: 0.013907329336534527
p-valu: 1.4875953002689197e-05

AL interation 848/4801.

mae: 0.016969568806577393
max_error: 0.10368340364496764
variance: 0.00019234579414623975
pearson: 0.01542606299620114
p-valu: 1.5595095001667236e-06

AL interation 849/4801.

mae: 0.016943525230508065
max_error: 0.10270336820011328
variance: 0.00019223604868646912
pearson: 0.01580977580737828
p-valu: 8.525924731738314e-07

AL interation 850/4801.

mae: 0.01695020043520397
max_error: 0.10217985630245896
variance: 0.0001919003808905524
pearson: 0.01725489550948258
p-valu: 7.745790085994207e-08

AL interation 851/4801.

mae: 0.016952454006424825
max_error: 0.10188842192431768
variance: 0.00019183603724211035
pearson: 0.017024433537456477
p-valu: 1.1507459312885327e-07

AL interation 852/4801.

mae: 0.01692401381138369
max_error: 0.10430476519948972
variance: 0.00019210405606461109
pearson: 0.01802478358358011
p-valu: 1.9923341681459928e-08

AL interation 853/4801.

mae: 0.016918225557183798
max_error: 0.10327733925194882
variance: 0.00019150015663246434
pearson: 0.022835894078094103
p-valu: 1.1512916331101624e-12

AL interation 854/4801.

mae: 0.01691950379967604
max_error: 0.1029652501652294
variance: 0.0001914994988601231
pearson: 0.021283689255294235
p-valu: 3.412180984311905e-11

AL interation 855/4801.

mae: 0.01691138260686312
max_error: 0.10210164888488582
variance: 0.00019107220689169925
pearson: 0.01903547895875306
p-valu: 3.078702343080064e-09

AL interation 856/4801.

mae: 0.016918485633823928
max_error: 0.10230292712097655
variance: 0.00019149874936283452
pearson: 0.019067275585666826
p-valu: 2.898992060139064e-09

AL interation 857/4801.

mae: 0.01685966596838072
max_error: 0.10214928259464107
variance: 0.00019084530498344833
pearson: 0.017289947615606423
p-valu: 7.298056773218832e-08

AL interation 858/4801.

mae: 0.016839032915429833
max_error: 0.10306419182691973
variance: 0.0001903988677513797
pearson: 0.016888683421729278
p-valu: 1.450891988120268e-07

AL interation 859/4801.

mae: 0.016827075604972215
max_error: 0.10328765043735477
variance: 0.0001902555177453322
pearson: 0.017351240848571477
p-valu: 6.564280843872464e-08

AL interation 860/4801.

mae: 0.016822109623180218
max_error: 0.10325323318241719
variance: 0.0001900713544571287
pearson: 0.017792315149427435
p-valu: 3.024059809349108e-08

AL interation 861/4801.

mae: 0.016822997481171553
max_error: 0.10325760419007968
variance: 0.00019023450332609265
pearson: 0.01752795631848209
p-valu: 4.823877359872864e-08

AL interation 862/4801.

mae: 0.016822252776890968
max_error: 0.10321748580261958
variance: 0.00019016574515298972
pearson: 0.01760288623243582
p-valu: 4.229539908655506e-08

AL interation 863/4801.

mae: 0.016808540594386447
max_error: 0.10275124214834652
variance: 0.0001892388170920906
pearson: 0.017250554425658052
p-valu: 7.819705112741461e-08

AL interation 864/4801.

mae: 0.016808561767902637
max_error: 0.10274974700590467
variance: 0.00018923647866664475
pearson: 0.017137933294284646
p-valu: 9.494563426412028e-08

AL interation 865/4801.

mae: 0.016806046846802012
max_error: 0.10275116928645223
variance: 0.00018939011113533761
pearson: 0.017702175012412953
p-valu: 3.5513335247878434e-08

AL interation 866/4801.

mae: 0.016810975528717634
max_error: 0.10281139475913226
variance: 0.0001895113715872816
pearson: 0.016834712896116637
p-valu: 1.5913727432205727e-07

AL interation 867/4801.

mae: 0.01682251893979701
max_error: 0.10398258960143214
variance: 0.00019014311134969784
pearson: 0.01778081764832651
p-valu: 3.090030853344346e-08

AL interation 868/4801.

mae: 0.016826970865723434
max_error: 0.10399672924771441
variance: 0.0001903499247275598
pearson: 0.018107754716846135
p-valu: 1.7199602126582302e-08

AL interation 869/4801.

mae: 0.016831095312474547
max_error: 0.103693474158294
variance: 0.00019044360381484705
pearson: 0.01696060167321612
p-valu: 1.286336921682903e-07

AL interation 870/4801.

mae: 0.016839011158087988
max_error: 0.10441066737783733
variance: 0.00018984177423032915
pearson: 0.014196997550872177
p-valu: 9.86096955959193e-06

AL interation 871/4801.

mae: 0.01682440214693933
max_error: 0.10451754012413805
variance: 0.00018971072787427772
pearson: 0.01565792721878315
p-valu: 1.0876183066033635e-06

AL interation 872/4801.

mae: 0.016827118816212135
max_error: 0.10450731262861557
variance: 0.00018980785468420425
pearson: 0.016908942585603895
p-valu: 1.4048433133813072e-07

AL interation 873/4801.

mae: 0.016824021052378867
max_error: 0.10472674675250748
variance: 0.00018881545208379336
pearson: 0.017378151443849993
p-valu: 6.278017261812812e-08

AL interation 874/4801.

mae: 0.01680274710091392
max_error: 0.10537113966850886
variance: 0.00018839208568770436
pearson: 0.018751355889004225
p-valu: 5.274041292171663e-09

AL interation 875/4801.

mae: 0.01681776556472223
max_error: 0.10634899148661536
variance: 0.00018918764996331646
pearson: 0.016329989097283486
p-valu: 3.690756767582258e-07

AL interation 876/4801.

mae: 0.016844234654577173
max_error: 0.10698091584348224
variance: 0.00018851972964607742
pearson: 0.014338930457583407
p-valu: 8.034723622102399e-06

AL interation 877/4801.

mae: 0.016846618267850468
max_error: 0.10671540217143449
variance: 0.00018843575209981267
pearson: 0.014680482764357591
p-valu: 4.863701657261432e-06

AL interation 878/4801.

mae: 0.016850047369043993
max_error: 0.10656396325296957
variance: 0.00018854711105497447
pearson: 0.01520391976387457
p-valu: 2.206350824393511e-06

AL interation 879/4801.

mae: 0.01684954367093566
max_error: 0.10656366521701277
variance: 0.00018853093023484698
pearson: 0.015024804115779443
p-valu: 2.900449492888697e-06

AL interation 880/4801.

mae: 0.01684471739312428
max_error: 0.10647900390134457
variance: 0.0001885811769719551
pearson: 0.01369281304091313
p-valu: 2.0171110512498357e-05

AL interation 881/4801.

mae: 0.016844843044981673
max_error: 0.1064822192772994
variance: 0.00018850636927212594
pearson: 0.014323488553258143
p-valu: 8.221494955614229e-06

AL interation 882/4801.

mae: 0.016845060187021175
max_error: 0.10649421007954918
variance: 0.0001884261703824235
pearson: 0.013425568795140017
p-valu: 2.9184728222160843e-05

AL interation 883/4801.

mae: 0.01682870009126824
max_error: 0.10608029763355664
variance: 0.00018765418244341583
pearson: 0.013544976710369082
p-valu: 2.476916201183408e-05

AL interation 884/4801.

mae: 0.016807011769154882
max_error: 0.10591506060498834
variance: 0.0001864539161155212
pearson: 0.013783453221316844
p-valu: 1.777730623830509e-05

AL interation 885/4801.

mae: 0.016806876226063423
max_error: 0.10591398846944178
variance: 0.0001864547130027844
pearson: 0.013972300994428748
p-valu: 1.3620114487039481e-05

AL interation 886/4801.

mae: 0.016819048592671908
max_error: 0.10542782160931385
variance: 0.00018641882973473797
pearson: 0.014032426496109598
p-valu: 1.2504824479870624e-05

AL interation 887/4801.

mae: 0.01681637561830881
max_error: 0.10552682743039843
variance: 0.00018634296414945587
pearson: 0.013524338893773653
p-valu: 2.5494120019376894e-05

AL interation 888/4801.

mae: 0.016810284479652937
max_error: 0.10538279873711365
variance: 0.00018626645644778079
pearson: 0.013543516129667487
p-valu: 2.483110860493167e-05

AL interation 889/4801.

mae: 0.01680889131893163
max_error: 0.10566958289249162
variance: 0.0001862319900069355
pearson: 0.014962583484279776
p-valu: 3.1909091759025527e-06

AL interation 890/4801.

mae: 0.016819983750699766
max_error: 0.10583071255681209
variance: 0.00018603257084668008
pearson: 0.014518761711819183
p-valu: 6.18617476677403e-06

AL interation 891/4801.

mae: 0.01682496353731387
max_error: 0.1056468947049638
variance: 0.00018623133095263617
pearson: 0.014754240346696935
p-valu: 4.364651884116711e-06

AL interation 892/4801.

mae: 0.016833612908169565
max_error: 0.10614730816408557
variance: 0.0001861849369216711
pearson: 0.014922734010179246
p-valu: 3.390019944169957e-06

AL interation 893/4801.

mae: 0.016818638015723125
max_error: 0.10681483837496164
variance: 0.0001855842841945774
pearson: 0.014338594190350199
p-valu: 8.053363628294953e-06

AL interation 894/4801.

mae: 0.016818718028392125
max_error: 0.10717340954059584
variance: 0.00018561197931932512
pearson: 0.016093917227342904
p-valu: 5.435864430410042e-07

AL interation 895/4801.

mae: 0.016825496322354038
max_error: 0.10716735855456538
variance: 0.0001856327285087399
pearson: 0.0153373523524945
p-valu: 1.8000150784102373e-06

AL interation 896/4801.

mae: 0.01682938634122175
max_error: 0.10729646708230978
variance: 0.00018571692903652465
pearson: 0.01572307606860815
p-valu: 9.843588549110459e-07

AL interation 897/4801.

mae: 0.01683180579008961
max_error: 0.10728331866019691
variance: 0.00018576837889684101
pearson: 0.016479461882762413
p-valu: 2.894121927849607e-07

AL interation 898/4801.

mae: 0.01683051924408288
max_error: 0.10739763304380578
variance: 0.00018584402756580896
pearson: 0.01577113231016975
p-valu: 9.123846567478852e-07

AL interation 899/4801.

mae: 0.016815794299215
max_error: 0.10690519052949132
variance: 0.00018529167535913843
pearson: 0.016944690517261163
p-valu: 1.32748332922805e-07

AL interation 900/4801.

mae: 0.016816007010545926
max_error: 0.10690234744837146
variance: 0.00018529670078214146
pearson: 0.016641110526719707
p-valu: 2.2133462058219212e-07

AL interation 901/4801.

mae: 0.016819718298196257
max_error: 0.10662874071025219
variance: 0.0001854443879615009
pearson: 0.015421592269563465
p-valu: 1.5807254469874885e-06

AL interation 902/4801.

mae: 0.01682091056969456
max_error: 0.10660088503394438
variance: 0.00018556776366520698
pearson: 0.015862635835465953
p-valu: 7.891222450554901e-07

AL interation 903/4801.

mae: 0.01680889518581314
max_error: 0.10669263257571804
variance: 0.00018565693392169134
pearson: 0.016199025943632324
p-valu: 4.589020054374673e-07

AL interation 904/4801.

mae: 0.01681244225767397
max_error: 0.10626152968191893
variance: 0.00018584593920582842
pearson: 0.01649713907687288
p-valu: 2.8134575839088583e-07

AL interation 905/4801.

mae: 0.01681246041162377
max_error: 0.10625450803994174
variance: 0.00018605015405177025
pearson: 0.015793572512182275
p-valu: 8.812301775068022e-07

AL interation 906/4801.

mae: 0.01678526462911249
max_error: 0.10627033092285676
variance: 0.00018616143143137837
pearson: 0.016800417934112143
p-valu: 1.6959966440374562e-07

AL interation 907/4801.

mae: 0.016783924005145296
max_error: 0.10649870488103663
variance: 0.0001860566122337435
pearson: 0.017505245316643235
p-valu: 5.0563612358612466e-08

AL interation 908/4801.

mae: 0.016810486619133536
max_error: 0.10749908763139904
variance: 0.0001868527555005867
pearson: 0.019381524191319773
p-valu: 1.6047691555479448e-09

AL interation 909/4801.

mae: 0.01678920115317833
max_error: 0.10565153894393409
variance: 0.00018678305316973746
pearson: 0.017648230176964794
p-valu: 3.934252700978913e-08

AL interation 910/4801.

mae: 0.016790871586708205
max_error: 0.10581402249184468
variance: 0.0001866406186594162
pearson: 0.017181383421002595
p-valu: 8.873409858452209e-08

AL interation 911/4801.

mae: 0.016785872618508887
max_error: 0.10516829797078064
variance: 0.00018664790453325157
pearson: 0.017281948847527658
p-valu: 7.461662382720276e-08

AL interation 912/4801.

mae: 0.016785376476305697
max_error: 0.10472063832438328
variance: 0.00018606058491764442
pearson: 0.015249050137842777
p-valu: 2.0669918207982306e-06

AL interation 913/4801.

mae: 0.01678670116238609
max_error: 0.10472625771197674
variance: 0.00018608129029416343
pearson: 0.01572170409436508
p-valu: 9.886548148588007e-07

AL interation 914/4801.

mae: 0.01678732157987482
max_error: 0.10473091316092398
variance: 0.0001860742560864579
pearson: 0.015759218817125553
p-valu: 9.317203515519641e-07

AL interation 915/4801.

mae: 0.0167809882423081
max_error: 0.1049805868672451
variance: 0.00018633311564172374
pearson: 0.016812837298900492
p-valu: 1.663067418765963e-07

AL interation 916/4801.

mae: 0.016776940957361
max_error: 0.10503833273040475
variance: 0.00018631925475799267
pearson: 0.016125658894189203
p-valu: 5.178846436026699e-07

AL interation 917/4801.

mae: 0.016792093143162434
max_error: 0.10528959610499844
variance: 0.00018677891068748028
pearson: 0.016593963715196093
p-valu: 2.400128062475124e-07

AL interation 918/4801.

mae: 0.016790059269771822
max_error: 0.10514419710719669
variance: 0.0001869963151627036
pearson: 0.016174622948612934
p-valu: 4.784552791392788e-07

AL interation 919/4801.

mae: 0.016790277261613702
max_error: 0.10513245479572508
variance: 0.00018691910921951369
pearson: 0.016508004161938053
p-valu: 2.769139919753502e-07

AL interation 920/4801.

mae: 0.016777188185927785
max_error: 0.104696522196295
variance: 0.00018656455021413517
pearson: 0.016522102455888383
p-valu: 2.7055805267034165e-07

AL interation 921/4801.

mae: 0.016765959823189066
max_error: 0.10459276263648865
variance: 0.00018682011114012483
pearson: 0.016680581354448276
p-valu: 2.0783421473711813e-07

AL interation 922/4801.

mae: 0.01674781207882546
max_error: 0.1041320560375738
variance: 0.00018686786897821668
pearson: 0.01653532504238417
p-valu: 2.6476497263262147e-07

AL interation 923/4801.

mae: 0.01673648443878137
max_error: 0.10439768336962918
variance: 0.000186607754446801
pearson: 0.015893630044778728
p-valu: 7.530711818681181e-07

AL interation 924/4801.

mae: 0.016748568302410408
max_error: 0.10454497442472932
variance: 0.00018666775459384643
pearson: 0.015478722506718692
p-valu: 1.450299228316388e-06

AL interation 925/4801.

mae: 0.016743534291703933
max_error: 0.10456300113813488
variance: 0.00018658822985550232
pearson: 0.014652998639927882
p-valu: 5.093604037408272e-06

AL interation 926/4801.

mae: 0.016722913325658128
max_error: 0.10445982390118336
variance: 0.00018628838856441277
pearson: 0.015971164372161582
p-valu: 6.653562511857245e-07

AL interation 927/4801.

mae: 0.016722918934282665
max_error: 0.10436649761780648
variance: 0.00018677985377910317
pearson: 0.016560976839840202
p-valu: 2.5390688422522834e-07

AL interation 928/4801.

mae: 0.016717835911802346
max_error: 0.10405604055020778
variance: 0.00018669287161206125
pearson: 0.015962225012935365
p-valu: 6.751527877202944e-07

AL interation 929/4801.

mae: 0.01671786077541956
max_error: 0.10410304538871462
variance: 0.00018676312977604
pearson: 0.016986648941205017
p-valu: 1.2416487985844628e-07

AL interation 930/4801.

mae: 0.016721953510930043
max_error: 0.10417284879102628
variance: 0.00018684419720254827
pearson: 0.016375156008223136
p-valu: 3.453141707014401e-07

AL interation 931/4801.

mae: 0.016689263105141783
max_error: 0.10289254645047952
variance: 0.00018649685154955957
pearson: 0.01744929640386763
p-valu: 5.5968546198164944e-08

AL interation 932/4801.

mae: 0.01668351264021891
max_error: 0.10296500045913892
variance: 0.000186350846339219
pearson: 0.01725926037686654
p-valu: 7.785162728082389e-08

AL interation 933/4801.

mae: 0.016679395212259855
max_error: 0.1029160899231869
variance: 0.00018633437559148865
pearson: 0.01756065052072245
p-valu: 4.607363892905471e-08

AL interation 934/4801.

mae: 0.016677407501171002
max_error: 0.10320218294717454
variance: 0.00018616268246309827
pearson: 0.01834105363782078
p-valu: 1.1381011256593968e-08

AL interation 935/4801.

mae: 0.016678339316421115
max_error: 0.10309470776863638
variance: 0.00018607430359213013
pearson: 0.01851719552080979
p-valu: 8.236142594671298e-09

AL interation 936/4801.

mae: 0.016630749870897233
max_error: 0.10324996237253292
variance: 0.000185942692228774
pearson: 0.01735434537221202
p-valu: 6.607606614145431e-08

AL interation 937/4801.

mae: 0.01663296643021069
max_error: 0.10322995608547392
variance: 0.0001859430413513894
pearson: 0.01687763590145277
p-valu: 1.495580181307135e-07

AL interation 938/4801.

mae: 0.01663212916900097
max_error: 0.10324413323158699
variance: 0.00018592799717586202
pearson: 0.016970229056231315
p-valu: 1.278517218798477e-07

AL interation 939/4801.

mae: 0.01662572000207017
max_error: 0.1030121442406966
variance: 0.00018591914323715862
pearson: 0.01871144958408753
p-valu: 5.748807619383455e-09

AL interation 940/4801.

mae: 0.016629505374949928
max_error: 0.10302618585982093
variance: 0.00018603624189499643
pearson: 0.019251956164585526
p-valu: 2.071012452950204e-09

AL interation 941/4801.

mae: 0.016630247408996886
max_error: 0.10287940647802718
variance: 0.00018640713034631556
pearson: 0.0183351177055791
p-valu: 1.1519153511988036e-08

AL interation 942/4801.

mae: 0.016632720760306703
max_error: 0.10277120498588777
variance: 0.00018642582487675346
pearson: 0.01687723664368963
p-valu: 1.4976926580214685e-07

AL interation 943/4801.

mae: 0.016632452124110082
max_error: 0.10277492978369485
variance: 0.00018642442757269332
pearson: 0.018196267714054446
p-valu: 1.4839209584410068e-08

AL interation 944/4801.

mae: 0.016631688207319358
max_error: 0.10273244268595083
variance: 0.00018639627543823314
pearson: 0.019500875174213676
p-valu: 1.283075092823103e-09

AL interation 945/4801.

mae: 0.01663180333967658
max_error: 0.10273137583229475
variance: 0.00018642115499492248
pearson: 0.01956564234051155
p-valu: 1.1317003089415077e-09

AL interation 946/4801.

mae: 0.016631667224524038
max_error: 0.1027372466653873
variance: 0.00018641485923114533
pearson: 0.01991381969959273
p-valu: 5.718909328022876e-10

AL interation 947/4801.

mae: 0.016638673303299906
max_error: 0.10268103526326233
variance: 0.00018646936835079537
pearson: 0.021021831904445988
p-valu: 6.034204714405953e-11

AL interation 948/4801.

mae: 0.016623333264782873
max_error: 0.10340258101885813
variance: 0.00018598913176443767
pearson: 0.019117127366747325
p-valu: 2.6827617376992855e-09

AL interation 949/4801.

mae: 0.016546791633564307
max_error: 0.10231838212465338
variance: 0.00018352018065230123
pearson: 0.019513563165049118
p-valu: 1.2531193945487628e-09

AL interation 950/4801.

mae: 0.016554932584615153
max_error: 0.10365389900269695
variance: 0.0001827018608417326
pearson: 0.02104636167948057
p-valu: 5.737437877069179e-11

AL interation 951/4801.

mae: 0.016548122611531504
max_error: 0.10368566406330904
variance: 0.0001825777357071733
pearson: 0.02043693451994629
p-valu: 2.0087157629037512e-10

AL interation 952/4801.

mae: 0.016575389605916792
max_error: 0.10747735598536967
variance: 0.00018242657218583093
pearson: 0.01944886266475022
p-valu: 1.4211954435600546e-09

AL interation 953/4801.

mae: 0.01656774464809864
max_error: 0.10779839529121493
variance: 0.00018235628775091413
pearson: 0.019519171938516516
p-valu: 1.2405300769649168e-09

AL interation 954/4801.

mae: 0.016567348416267075
max_error: 0.10784450210670404
variance: 0.0001823941569956435
pearson: 0.016819182911180664
p-valu: 1.6547908365550954e-07

AL interation 955/4801.

mae: 0.016560948890446472
max_error: 0.10804999492873724
variance: 0.00018235022022690332
pearson: 0.01781926916577644
p-valu: 2.9275926628048957e-08

AL interation 956/4801.

mae: 0.016551825955976342
max_error: 0.10793488662446582
variance: 0.0001821244115319881
pearson: 0.01477713526135126
p-valu: 4.249273600318234e-06

AL interation 957/4801.

mae: 0.016551956620483265
max_error: 0.10794087565071497
variance: 0.00018220310505371375
pearson: 0.016319392013822036
p-valu: 3.798194139613826e-07

AL interation 958/4801.

mae: 0.016552944511117235
max_error: 0.10814153514914726
variance: 0.00018255575419602057
pearson: 0.01455886454203168
p-valu: 5.875523925236252e-06

AL interation 959/4801.

mae: 0.01655161764615526
max_error: 0.10844337607094023
variance: 0.00018255396210261458
pearson: 0.01440255456710103
p-valu: 7.389586870025721e-06

AL interation 960/4801.

mae: 0.016557821981507743
max_error: 0.10850142080906555
variance: 0.0001827178809615275
pearson: 0.014520250345771944
p-valu: 6.220436391252063e-06

AL interation 961/4801.

mae: 0.01655779499963603
max_error: 0.10850083034782476
variance: 0.00018271921421005757
pearson: 0.014381704232920433
p-valu: 7.619302308011538e-06

AL interation 962/4801.

mae: 0.01654446283333316
max_error: 0.10921078479399005
variance: 0.00018220399708413767
pearson: 0.013698807769243888
p-valu: 2.0165518788732155e-05

AL interation 963/4801.

mae: 0.016529858710536496
max_error: 0.10938294359383183
variance: 0.00018211873133129955
pearson: 0.014343241088616336
p-valu: 8.059618089790662e-06

AL interation 964/4801.

mae: 0.016528765508836113
max_error: 0.10940268554648758
variance: 0.00018198649844967105
pearson: 0.016196818574754353
p-valu: 4.643903728948561e-07

AL interation 965/4801.

mae: 0.016528651727667817
max_error: 0.10940392128785281
variance: 0.0001819902006987121
pearson: 0.01663805037939197
p-valu: 2.2454935372597454e-07

AL interation 966/4801.

mae: 0.01653479185096817
max_error: 0.10999271609947248
variance: 0.00018221401846253398
pearson: 0.016565940728237184
p-valu: 2.532205488259671e-07

AL interation 967/4801.

mae: 0.016522400734112985
max_error: 0.11012954392939212
variance: 0.00018207332354338478
pearson: 0.015800015887842266
p-valu: 8.792877934094091e-07

AL interation 968/4801.

mae: 0.016513650390966358
max_error: 0.11018564606209513
variance: 0.00018151888302807515
pearson: 0.016008187585679623
p-valu: 6.304205445270123e-07

AL interation 969/4801.

mae: 0.016476096722918644
max_error: 0.11211219885038592
variance: 0.00018075953606276534
pearson: 0.014074907618425395
p-valu: 1.1870921968663593e-05

AL interation 970/4801.

mae: 0.016487977648035633
max_error: 0.11207239643593714
variance: 0.00018111725191014875
pearson: 0.01657798093541606
p-valu: 2.483461879741439e-07

AL interation 971/4801.

mae: 0.016480496783258757
max_error: 0.11198469016770507
variance: 0.00018080023102368922
pearson: 0.016117142966589955
p-valu: 5.289843562683906e-07

AL interation 972/4801.

mae: 0.016439103792222375
max_error: 0.11204285405509329
variance: 0.00017969529914267643
pearson: 0.017251834756184907
p-valu: 7.934238594257778e-08

AL interation 973/4801.

mae: 0.01643491038628241
max_error: 0.1118220729941044
variance: 0.00017959914445198974
pearson: 0.016864207031502855
p-valu: 1.53803543356546e-07

AL interation 974/4801.

mae: 0.016425108125282074
max_error: 0.11149261208859973
variance: 0.00017951137196804397
pearson: 0.016732002592869166
p-valu: 1.9215207691437767e-07

AL interation 975/4801.

mae: 0.01639484134876319
max_error: 0.11165048122578303
variance: 0.00017875375385443873
pearson: 0.014130063990497066
p-valu: 1.0977019834087098e-05

AL interation 976/4801.

mae: 0.01638725025150003
max_error: 0.11151980780394699
variance: 0.00017858235874944713
pearson: 0.014930006444358247
p-valu: 3.385927088630778e-06

AL interation 977/4801.

mae: 0.01639103067146143
max_error: 0.11089169493291995
variance: 0.0001789075346724706
pearson: 0.014101289473376764
p-valu: 1.1441126730262868e-05

AL interation 978/4801.

mae: 0.016392526360514602
max_error: 0.11101397700147975
variance: 0.00017892841348060465
pearson: 0.014682391605272824
p-valu: 4.905373406702677e-06

AL interation 979/4801.

mae: 0.016380312095644813
max_error: 0.1104735564854622
variance: 0.00017858416824938133
pearson: 0.01733690779773872
p-valu: 6.856147314126726e-08

AL interation 980/4801.

mae: 0.016370829840840512
max_error: 0.11046503450623679
variance: 0.00017828638216553595
pearson: 0.015874855202034202
p-valu: 7.818128701964106e-07

AL interation 981/4801.

mae: 0.016362964049195922
max_error: 0.10997517015724445
variance: 0.00017813592214885597
pearson: 0.01635843812816172
p-valu: 3.574487622772732e-07

AL interation 982/4801.

mae: 0.016356433598431315
max_error: 0.10997414192482613
variance: 0.0001780592263210628
pearson: 0.017737284672775012
p-valu: 3.401129464440867e-08

AL interation 983/4801.

mae: 0.016360043841733903
max_error: 0.10953115142413883
variance: 0.0001778358601818836
pearson: 0.016861685412861992
p-valu: 1.54687185160606e-07

AL interation 984/4801.

mae: 0.016356404253214038
max_error: 0.10947847446257986
variance: 0.00017782549861880022
pearson: 0.019031765830029985
p-valu: 3.1757579980637186e-09

AL interation 985/4801.

mae: 0.016344137731743497
max_error: 0.11034608662911016
variance: 0.00017798507421833756
pearson: 0.018687027002915056
p-valu: 6.066237346691996e-09

AL interation 986/4801.

mae: 0.016352575455198186
max_error: 0.11015102327499737
variance: 0.00017802222035136106
pearson: 0.020074626603238763
p-valu: 4.1905838866140976e-10

AL interation 987/4801.

mae: 0.016338523787466145
max_error: 0.11078799943382767
variance: 0.00017793806443618722
pearson: 0.01989293138343295
p-valu: 6.009711912054323e-10

AL interation 988/4801.

mae: 0.016280057527503135
max_error: 0.10914708238445603
variance: 0.00017749683494999415
pearson: 0.01963827345651739
p-valu: 9.90796190398821e-10

AL interation 989/4801.

mae: 0.016243219306051944
max_error: 0.10855204680709396
variance: 0.0001771476853043955
pearson: 0.01827836924045245
p-valu: 1.2882308120672155e-08

AL interation 990/4801.

mae: 0.016243168390821527
max_error: 0.10854456106884247
variance: 0.00017714578593946469
pearson: 0.018232089414944707
p-valu: 1.401657069518552e-08

AL interation 991/4801.

mae: 0.016242197293852463
max_error: 0.10817601400893584
variance: 0.00017717372328833646
pearson: 0.018480514605662347
p-valu: 8.899524911636629e-09

AL interation 992/4801.

mae: 0.016242104465272172
max_error: 0.10815557088725147
variance: 0.00017713103184125527
pearson: 0.019065969717715694
p-valu: 2.9809225040260676e-09

AL interation 993/4801.

mae: 0.016252379368730557
max_error: 0.10808248427636902
variance: 0.00017745149270718751
pearson: 0.020384570697518492
p-valu: 2.2533867159069328e-10

AL interation 994/4801.

mae: 0.016249099653933202
max_error: 0.10791499780387714
variance: 0.00017726871420862622
pearson: 0.020422527829558952
p-valu: 2.0872913680893798e-10

AL interation 995/4801.

mae: 0.016247105756786923
max_error: 0.10797395519765307
variance: 0.00017738314524834686
pearson: 0.020207372880919647
p-valu: 3.2203343592189504e-10

AL interation 996/4801.

mae: 0.016212013349862466
max_error: 0.1082003539768579
variance: 0.00017721928228308915
pearson: 0.02141213610599033
p-valu: 2.6882613537380222e-11

AL interation 997/4801.

mae: 0.016222754975293355
max_error: 0.10833565404849144
variance: 0.00017714484128256578
pearson: 0.02105599878435325
p-valu: 5.6835233158256326e-11

AL interation 998/4801.

mae: 0.016223558976625533
max_error: 0.10836677119189919
variance: 0.000177304770921026
pearson: 0.01917951440571958
p-valu: 2.4047691772254462e-09

AL interation 999/4801.

mae: 0.016222600900672412
max_error: 0.10871347548666965
variance: 0.00017721767371427046
pearson: 0.01859098202037889
p-valu: 7.2680222772893714e-09

AL interation 1000/4801.

mae: 0.016211949209476374
max_error: 0.10833385325534839
variance: 0.00017664817847659476
pearson: 0.017858887048044128
p-valu: 2.748392178178867e-08

AL interation 1001/4801.

mae: 0.016210529763762537
max_error: 0.10832044737188373
variance: 0.00017664395976681998
pearson: 0.01845052765176326
p-valu: 9.420703342094176e-09

AL interation 1002/4801.

mae: 0.016167577779487397
max_error: 0.10810115184043245
variance: 0.00017562915684488957
pearson: 0.01785810047898625
p-valu: 2.75315219470465e-08

AL interation 1003/4801.

mae: 0.016166519551998507
max_error: 0.10798130998913114
variance: 0.00017569636093019652
pearson: 0.017803603382521477
p-valu: 3.034004430814061e-08

AL interation 1004/4801.

mae: 0.01613663599749281
max_error: 0.10898674475450609
variance: 0.00017481811375498802
pearson: 0.017530503084005774
p-valu: 4.9125062831508155e-08

AL interation 1005/4801.

mae: 0.016139082886950887
max_error: 0.10892020401846314
variance: 0.0001742231005320312
pearson: 0.018673693506273566
p-valu: 6.240890649368284e-09

AL interation 1006/4801.

mae: 0.016144317779391692
max_error: 0.10907371180204284
variance: 0.00017408315234914066
pearson: 0.01929076141720881
p-valu: 1.946960601639827e-09

AL interation 1007/4801.

mae: 0.01615120738854757
max_error: 0.10878275270877968
variance: 0.0001737875816056303
pearson: 0.020337200169488007
p-valu: 2.4868821642836437e-10

AL interation 1008/4801.

mae: 0.016171342090954784
max_error: 0.10886395511309677
variance: 0.00017401360516017508
pearson: 0.02199968342769314
p-valu: 7.639456895776016e-12

AL interation 1009/4801.

mae: 0.01616574989443222
max_error: 0.10892757291620403
variance: 0.0001746835144580077
pearson: 0.02173587254638718
p-valu: 1.3515049747862408e-11

AL interation 1010/4801.

mae: 0.016156804680312244
max_error: 0.10856081270711404
variance: 0.0001743850350913846
pearson: 0.020576978340833503
p-valu: 1.5303587859665296e-10

AL interation 1011/4801.

mae: 0.016110452391047216
max_error: 0.1081833631801914
variance: 0.00017154037505391872
pearson: 0.01932493754672074
p-valu: 1.8251292757789844e-09

AL interation 1012/4801.

mae: 0.016110150867547825
max_error: 0.10817642768759872
variance: 0.00017151826104078792
pearson: 0.019143524984897492
p-valu: 2.5822273049290506e-09

AL interation 1013/4801.

mae: 0.01611963293352666
max_error: 0.10811949628240147
variance: 0.00017161555428380342
pearson: 0.01990971417838852
p-valu: 5.844536190959774e-10

AL interation 1014/4801.

mae: 0.01611261805125678
max_error: 0.10808425629059859
variance: 0.0001712337452284296
pearson: 0.017522825228295163
p-valu: 4.9868792123496624e-08

AL interation 1015/4801.

mae: 0.016091021180709847
max_error: 0.10800365386174637
variance: 0.00017089704864390524
pearson: 0.017965439343663566
p-valu: 2.2775225675176546e-08

AL interation 1016/4801.

mae: 0.016087314564341006
max_error: 0.10773497229164097
variance: 0.00017077136946704806
pearson: 0.017459460936092262
p-valu: 5.5724575404584564e-08

AL interation 1017/4801.

mae: 0.016071427627407594
max_error: 0.10726944968272112
variance: 0.00017062826060059328
pearson: 0.017551861045380666
p-valu: 4.741857289739648e-08

AL interation 1018/4801.

mae: 0.01607748910713737
max_error: 0.1074370774047424
variance: 0.00017127758591156667
pearson: 0.01704176892639634
p-valu: 1.1455484843090778e-07

AL interation 1019/4801.

mae: 0.016073504023121316
max_error: 0.10737397585652109
variance: 0.0001711061119643298
pearson: 0.01774753179614165
p-valu: 3.360075858896907e-08

AL interation 1020/4801.

mae: 0.016075477897639363
max_error: 0.1073680936431487
variance: 0.00017134010886092298
pearson: 0.017593166441220345
p-valu: 4.4124234906908516e-08

AL interation 1021/4801.

mae: 0.016062196347127737
max_error: 0.10721495207215814
variance: 0.00017164169453503503
pearson: 0.01650373010579996
p-valu: 2.829220132159436e-07

AL interation 1022/4801.

mae: 0.016061771486742843
max_error: 0.10721606358314095
variance: 0.00017163695055841984
pearson: 0.017301518383644614
p-valu: 7.338051699493668e-08

AL interation 1023/4801.

mae: 0.016045855522234084
max_error: 0.10709670090980983
variance: 0.00017144547026719256
pearson: 0.01733717709968503
p-valu: 6.899896472690792e-08

AL interation 1024/4801.

mae: 0.016000861789128698
max_error: 0.10684556188815297
variance: 0.00017041967566420492
pearson: 0.016437825412732896
p-valu: 3.155804383178769e-07

AL interation 1025/4801.

mae: 0.01597873621045546
max_error: 0.10617161843495926
variance: 0.00017059993038809614
pearson: 0.015798985871711625
p-valu: 8.873747846315421e-07

AL interation 1026/4801.

mae: 0.015977822196151056
max_error: 0.10594905125552434
variance: 0.0001705285226767062
pearson: 0.015642083786129073
p-valu: 1.137324394141097e-06

AL interation 1027/4801.

mae: 0.01597820378349517
max_error: 0.10607376900046295
variance: 0.00017069423015302778
pearson: 0.01694818672903577
p-valu: 1.344947326320296e-07

AL interation 1028/4801.

mae: 0.01598302977388733
max_error: 0.10604746558809386
variance: 0.00017060342716956336
pearson: 0.017715722979236407
p-valu: 3.559835479716051e-08

AL interation 1029/4801.

mae: 0.015984115369971
max_error: 0.10607224030289619
variance: 0.00017065023253530682
pearson: 0.017500609422521476
p-valu: 5.196781868696883e-08

AL interation 1030/4801.

mae: 0.015983667044381058
max_error: 0.10610635249966838
variance: 0.00017082716505262654
pearson: 0.018982980112325597
p-valu: 3.5124222600680094e-09

AL interation 1031/4801.

mae: 0.015980091272266805
max_error: 0.10600258164098197
variance: 0.00017084305178472213
pearson: 0.02002961698851511
p-valu: 4.625774794936011e-10

AL interation 1032/4801.

mae: 0.015991207697309412
max_error: 0.10703476018719305
variance: 0.00017107377293242568
pearson: 0.019964402313184682
p-valu: 5.265643664899714e-10

AL interation 1033/4801.

mae: 0.01598130948223444
max_error: 0.10696373964359229
variance: 0.00017118982964586308
pearson: 0.019398120366336247
p-valu: 1.5921916383850838e-09

AL interation 1034/4801.

mae: 0.015989609257187284
max_error: 0.10728044926034674
variance: 0.00017148268074807419
pearson: 0.018919811810455267
p-valu: 3.95939456168382e-09

AL interation 1035/4801.

mae: 0.01598989770466449
max_error: 0.10720088745827927
variance: 0.00017142229763426
pearson: 0.01897652611731375
p-valu: 3.558758042362707e-09

AL interation 1036/4801.

mae: 0.015999987356428966
max_error: 0.10698687211723557
variance: 0.00017132075058965145
pearson: 0.018290972575509903
p-valu: 1.2692091798097013e-08

AL interation 1037/4801.

mae: 0.015998673334653556
max_error: 0.10703951517556054
variance: 0.00017111852196226616
pearson: 0.01832033467751631
p-valu: 1.2032459671222766e-08

AL interation 1038/4801.

mae: 0.015998652676169723
max_error: 0.10704577711206587
variance: 0.00017112464185402098
pearson: 0.02004213228398812
p-valu: 4.5186535023519953e-10

AL interation 1039/4801.

mae: 0.015996671588905144
max_error: 0.10696153521465424
variance: 0.00017125067533941085
pearson: 0.020710567514127254
p-valu: 1.1719186118622415e-10

AL interation 1040/4801.

mae: 0.0160038884461439
max_error: 0.10677998620329565
variance: 0.000171365151959834
pearson: 0.020417953544114745
p-valu: 2.1274945014497979e-10

AL interation 1041/4801.

mae: 0.01599838780689087
max_error: 0.10642957903022254
variance: 0.0001710482601444969
pearson: 0.020263850339882886
p-valu: 2.903207049350588e-10

AL interation 1042/4801.

mae: 0.015998972651294005
max_error: 0.10643617472786393
variance: 0.00017104410738761052
pearson: 0.02132125069931131
p-valu: 3.29276672847757e-11

AL interation 1043/4801.

mae: 0.015984621704859297
max_error: 0.10579809129447715
variance: 0.00017093308182562338
pearson: 0.02173816719654602
p-valu: 1.3559350724449875e-11

AL interation 1044/4801.

mae: 0.015971439099647117
max_error: 0.10622326014621142
variance: 0.00017084748473207442
pearson: 0.025113809626189962
p-valu: 5.5869622039759055e-15

AL interation 1045/4801.

mae: 0.015957864828280103
max_error: 0.10670168353070442
variance: 0.00017141780585345408
pearson: 0.027714470587557334
p-valu: 6.5645543206590626e-18

AL interation 1046/4801.

mae: 0.01595874932280794
max_error: 0.10667303947437579
variance: 0.00017141843017103405
pearson: 0.030786831364353066
p-valu: 9.847939865579056e-22

AL interation 1047/4801.

mae: 0.015951621092550043
max_error: 0.1069916302060705
variance: 0.0001712569879033927
pearson: 0.024315144222746214
p-valu: 3.9001515376118103e-14

AL interation 1048/4801.

mae: 0.015946672122029434
max_error: 0.10695406635344118
variance: 0.00017069540542001508
pearson: 0.021309727959513754
p-valu: 3.37844056410271e-11

AL interation 1049/4801.

mae: 0.015947545281090863
max_error: 0.10690091226232146
variance: 0.0001706501643380355
pearson: 0.021651260379380494
p-valu: 1.6360486561528578e-11

AL interation 1050/4801.

mae: 0.0159500336570223
max_error: 0.1064512222940579
variance: 0.0001704024582779656
pearson: 0.022712394847103027
p-valu: 1.6011511967012772e-12

AL interation 1051/4801.

mae: 0.015950670386040984
max_error: 0.10636555579370399
variance: 0.0001703875322232487
pearson: 0.021628400948736127
p-valu: 1.7188537246404606e-11

AL interation 1052/4801.

mae: 0.015952888590809462
max_error: 0.10629953305900419
variance: 0.00017046133821976313
pearson: 0.02073215202180479
p-valu: 1.1243546822645007e-10

AL interation 1053/4801.

mae: 0.01595306910277714
max_error: 0.10627041558499006
variance: 0.00017049733294675622
pearson: 0.022714712419228542
p-valu: 1.5941141122780142e-12

AL interation 1054/4801.

mae: 0.01595579664919678
max_error: 0.1062948056012687
variance: 0.00017007973899123803
pearson: 0.022703105201687043
p-valu: 1.6365449300589953e-12

AL interation 1055/4801.

mae: 0.015955955365744623
max_error: 0.10591501467914388
variance: 0.00016993527733085838
pearson: 0.021382987527236216
p-valu: 2.8990674498719718e-11

AL interation 1056/4801.

mae: 0.015951492684121885
max_error: 0.10599754738339873
variance: 0.0001699794923219119
pearson: 0.019550635536068492
p-valu: 1.1908330024435908e-09

AL interation 1057/4801.

mae: 0.015953518232005304
max_error: 0.106160218654199
variance: 0.00016993123478550658
pearson: 0.01930386250196187
p-valu: 1.91726348609678e-09

AL interation 1058/4801.

mae: 0.015947518412746362
max_error: 0.10594149057968427
variance: 0.00016898565059369843
pearson: 0.023149460737889066
p-valu: 5.971307961994322e-13

AL interation 1059/4801.

mae: 0.01595005970201753
max_error: 0.10595773758635407
variance: 0.00016915740858661159
pearson: 0.02165888752270932
p-valu: 1.6134170954234013e-11

AL interation 1060/4801.

mae: 0.015949251291459687
max_error: 0.10596768642929821
variance: 0.00016916395281764575
pearson: 0.019651413200227473
p-valu: 9.795880806183203e-10

AL interation 1061/4801.

mae: 0.01596672735391243
max_error: 0.10709259517242065
variance: 0.00016895408527620116
pearson: 0.018839689755790246
p-valu: 4.624965497820212e-09

AL interation 1062/4801.

mae: 0.01597068036420854
max_error: 0.10724855820857049
variance: 0.00016902575845339644
pearson: 0.020946873477078225
p-valu: 7.23607248333691e-11

AL interation 1063/4801.

mae: 0.01596934871713729
max_error: 0.10640995124029762
variance: 0.0001701597467723818
pearson: 0.019311733777011134
p-valu: 1.890708935243666e-09

AL interation 1064/4801.

mae: 0.01596849541300009
max_error: 0.10639828113042715
variance: 0.00017014792700850793
pearson: 0.020354775230775106
p-valu: 2.4294656838134066e-10

AL interation 1065/4801.

mae: 0.015968249930348812
max_error: 0.10638089631587211
variance: 0.00017012652431688802
pearson: 0.02039980232469986
p-valu: 2.2188297014644246e-10

AL interation 1066/4801.

mae: 0.015950713297846673
max_error: 0.10633394857294154
variance: 0.0001701092819944184
pearson: 0.019133468406054545
p-valu: 2.6589678433454285e-09

AL interation 1067/4801.

mae: 0.015958528516449723
max_error: 0.10621484051015107
variance: 0.0001703025437601344
pearson: 0.01955290517058268
p-valu: 1.188159193872869e-09

AL interation 1068/4801.

mae: 0.015951314043973444
max_error: 0.10625327533310558
variance: 0.0001703817690557856
pearson: 0.018833750510388454
p-valu: 4.682679437595228e-09

AL interation 1069/4801.

mae: 0.015951474400218307
max_error: 0.10623381837311574
variance: 0.00017041185861422356
pearson: 0.018434918542447252
p-valu: 9.810717532422388e-09

AL interation 1070/4801.

mae: 0.01595365277742198
max_error: 0.10681378432448985
variance: 0.00017005788648389024
pearson: 0.018117215583652566
p-valu: 1.749508720633964e-08

AL interation 1071/4801.

mae: 0.01595399151719558
max_error: 0.10733829645281223
variance: 0.00017071972532118335
pearson: 0.020187958435131746
p-valu: 3.4015887451701487e-10

AL interation 1072/4801.

mae: 0.015954018972263517
max_error: 0.10733943519474853
variance: 0.00017071880661626848
pearson: 0.01920326248362917
p-valu: 2.330666745825805e-09

AL interation 1073/4801.

mae: 0.01593957153321261
max_error: 0.10736202052752053
variance: 0.0001710548448841858
pearson: 0.01932209473147542
p-valu: 1.857051583446714e-09

AL interation 1074/4801.

mae: 0.015932090256892704
max_error: 0.1066559213668683
variance: 0.00017007855033419666
pearson: 0.018648772551846517
p-valu: 6.617760421147764e-09

AL interation 1075/4801.

mae: 0.015951773028975894
max_error: 0.10724198934488816
variance: 0.00017012463382786737
pearson: 0.017034594428089828
p-valu: 1.1695986157525497e-07

AL interation 1076/4801.

mae: 0.015950493357110036
max_error: 0.10702517457005745
variance: 0.00017025861279495642
pearson: 0.017961045920808
p-valu: 2.318912576306225e-08

AL interation 1077/4801.

mae: 0.015935487506055435
max_error: 0.10655109981283606
variance: 0.00016988756469373805
pearson: 0.01790940784831989
p-valu: 2.5436217706475218e-08

AL interation 1078/4801.

mae: 0.015931571851934168
max_error: 0.10706127528991094
variance: 0.00017002297643509576
pearson: 0.017364616958880946
p-valu: 6.635872851705694e-08

AL interation 1079/4801.

mae: 0.01593542791319589
max_error: 0.107073111958502
variance: 0.00017010560126091176
pearson: 0.01776156403931878
p-valu: 3.309699918248304e-08

AL interation 1080/4801.

mae: 0.01593673137731917
max_error: 0.10715670232733321
variance: 0.00017014270025770997
pearson: 0.017340521002532666
p-valu: 6.921001784579407e-08

AL interation 1081/4801.

mae: 0.015934476275802398
max_error: 0.1071359007226278
variance: 0.00017015946063991585
pearson: 0.0178224447027869
p-valu: 2.9717733539772632e-08

AL interation 1082/4801.

mae: 0.01593627847588481
max_error: 0.10747541423055229
variance: 0.00017076757604881629
pearson: 0.017304708080538436
p-valu: 7.365697504667926e-08

AL interation 1083/4801.

mae: 0.015936753573520934
max_error: 0.10746432586691701
variance: 0.0001707527758465087
pearson: 0.017220382022505688
p-valu: 8.519945134900931e-08

AL interation 1084/4801.

mae: 0.015911195888622054
max_error: 0.10742229515111323
variance: 0.00017051142787071375
pearson: 0.018672437817285788
p-valu: 6.344691615906547e-09

AL interation 1085/4801.

mae: 0.01591111257373445
max_error: 0.1074204379872612
variance: 0.00017051359323005832
pearson: 0.01914297002614413
p-valu: 2.6207091786777156e-09

AL interation 1086/4801.

mae: 0.015910854069595158
max_error: 0.10734038493459086
variance: 0.0001705396586926068
pearson: 0.018869181779714115
p-valu: 4.396234790371511e-09

AL interation 1087/4801.

mae: 0.015909308392377607
max_error: 0.10721671630588792
variance: 0.00017057231869089504
pearson: 0.019270036699560147
p-valu: 2.0573567896504e-09

AL interation 1088/4801.

mae: 0.015860287869491212
max_error: 0.10680271116465012
variance: 0.00017087097592436147
pearson: 0.018085656581131142
p-valu: 1.8576089618600065e-08

AL interation 1089/4801.

mae: 0.015866063769662035
max_error: 0.10681441463228514
variance: 0.0001710347294999586
pearson: 0.018940446405902554
p-valu: 3.847341321533423e-09

AL interation 1090/4801.

mae: 0.015878086850541446
max_error: 0.10750251204720773
variance: 0.00017099108939242137
pearson: 0.018223565567973797
p-valu: 1.4480820713472922e-08

AL interation 1091/4801.

mae: 0.01587251100253027
max_error: 0.10763199135138568
variance: 0.0001707935157960533
pearson: 0.018438474765516192
p-valu: 9.784472251125908e-09

AL interation 1092/4801.

mae: 0.015872576058884445
max_error: 0.10763644850502208
variance: 0.00017079405435732882
pearson: 0.017918293978738502
p-valu: 2.509794320647088e-08

AL interation 1093/4801.

mae: 0.015876427462458924
max_error: 0.10749607959022289
variance: 0.00017095037706597126
pearson: 0.017780905345357978
p-valu: 3.20546784489599e-08

AL interation 1094/4801.

mae: 0.015874781622683614
max_error: 0.10730826028887752
variance: 0.0001707754352806676
pearson: 0.01802585089732254
p-valu: 2.0707045086626254e-08

AL interation 1095/4801.

mae: 0.015841444362675126
max_error: 0.10723237786263273
variance: 0.0001705239692776591
pearson: 0.01645209040100444
p-valu: 3.113282059392117e-07

AL interation 1096/4801.

mae: 0.01584128617849936
max_error: 0.10719966621903443
variance: 0.00017051991297385775
pearson: 0.01810004747998542
p-valu: 1.8124860469585206e-08

AL interation 1097/4801.

mae: 0.01584358879769146
max_error: 0.1073169203644142
variance: 0.0001702274883981194
pearson: 0.017680770906534148
p-valu: 3.8289057692737334e-08

AL interation 1098/4801.

mae: 0.015844526884291367
max_error: 0.10715068997663768
variance: 0.00017033327596033452
pearson: 0.01750740900300152
p-valu: 5.1917188891344604e-08

AL interation 1099/4801.

mae: 0.015845695410408766
max_error: 0.10727542247085187
variance: 0.00017036511512328963
pearson: 0.018256055641097668
p-valu: 1.3672068688704955e-08

AL interation 1100/4801.

mae: 0.0157823376314117
max_error: 0.10587242737463787
variance: 0.00016962174517321722
pearson: 0.017345606254833265
p-valu: 6.881651125170618e-08

AL interation 1101/4801.

mae: 0.015803447475910105
max_error: 0.10600513633793018
variance: 0.00016988057688972882
pearson: 0.017034405519375562
p-valu: 1.1745456136015675e-07

AL interation 1102/4801.

mae: 0.015809466532104095
max_error: 0.10594762394660795
variance: 0.00017006524919168053
pearson: 0.01659031509262848
p-valu: 2.4792405843481226e-07

AL interation 1103/4801.

mae: 0.015808275753907666
max_error: 0.10613932828076433
variance: 0.00017029899553793802
pearson: 0.01676490688720679
p-valu: 1.8527246109265463e-07

AL interation 1104/4801.

mae: 0.015805813784950065
max_error: 0.10612471559901171
variance: 0.00017023283203513093
pearson: 0.01584585502273628
p-valu: 8.321616884772419e-07

AL interation 1105/4801.

mae: 0.015804112752348193
max_error: 0.1060625154243866
variance: 0.00017021703322059027
pearson: 0.014905270962871508
p-valu: 3.567413068870545e-06

AL interation 1106/4801.

mae: 0.01580137844348864
max_error: 0.10590615547860982
variance: 0.00017020064491016
pearson: 0.014844756499229773
p-valu: 3.906995172917149e-06

AL interation 1107/4801.

mae: 0.015788594261980527
max_error: 0.1058848655068545
variance: 0.00017016221824768489
pearson: 0.013735816142414816
p-valu: 1.942786334516219e-05

AL interation 1108/4801.

mae: 0.01582487146741293
max_error: 0.10595302567824949
variance: 0.00017049606649029763
pearson: 0.011307856850078018
p-valu: 0.0004376339447705594

AL interation 1109/4801.

mae: 0.015828393604182967
max_error: 0.10569050747315889
variance: 0.00017051172194311215
pearson: 0.01060075370339057
p-valu: 0.0009794186118208372

AL interation 1110/4801.

mae: 0.015834964879636548
max_error: 0.10617839950353702
variance: 0.0001706863861595756
pearson: 0.010249524986928854
p-valu: 0.001436902339010951

AL interation 1111/4801.

mae: 0.015835356017100455
max_error: 0.1061624755000452
variance: 0.00017069006977465953
pearson: 0.009683116913706671
p-valu: 0.0026040359614359953

AL interation 1112/4801.

mae: 0.015843469395646466
max_error: 0.105986400903052
variance: 0.00017109148633310048
pearson: 0.008943469888950244
p-valu: 0.005419770348349458

AL interation 1113/4801.

mae: 0.01582812759359828
max_error: 0.10637126307577494
variance: 0.00017089199608033066
pearson: 0.009793312548806162
p-valu: 0.0023251133984230382

AL interation 1114/4801.

mae: 0.01583322132043265
max_error: 0.10645187389698951
variance: 0.00017087432156390913
pearson: 0.010247169508023244
p-valu: 0.0014408739648659565

AL interation 1115/4801.

mae: 0.01582785341079923
max_error: 0.10615952343826796
variance: 0.00017093712345837375
pearson: 0.009265527221734866
p-valu: 0.003963310847225846

AL interation 1116/4801.

mae: 0.01582911199421764
max_error: 0.10617609734552791
variance: 0.00017096753469437743
pearson: 0.009060284033590773
p-valu: 0.004843971465469058

AL interation 1117/4801.

mae: 0.015828000808325762
max_error: 0.1060832725893619
variance: 0.00017078142473399182
pearson: 0.009704646711150084
p-valu: 0.0025479823060218635

AL interation 1118/4801.

mae: 0.015828072601624606
max_error: 0.10608229722973594
variance: 0.0001707847711945568
pearson: 0.00916165711978874
p-valu: 0.004389496761655656

AL interation 1119/4801.

mae: 0.015806494194859907
max_error: 0.10639383695277904
variance: 0.00017055787970099404
pearson: 0.007450951323941027
p-valu: 0.02051632660086562

AL interation 1120/4801.

mae: 0.015810330852188238
max_error: 0.10649469256466948
variance: 0.00017060150776349533
pearson: 0.0075837968858530995
p-valu: 0.018370510647786362

AL interation 1121/4801.

mae: 0.015807962778610452
max_error: 0.10637154835788754
variance: 0.00017061107851565113
pearson: 0.0071540273339222235
p-valu: 0.026120261284715136

AL interation 1122/4801.

mae: 0.015807544824123873
max_error: 0.10641273517606753
variance: 0.00017060538956216532
pearson: 0.008118428168427597
p-valu: 0.011593593744484274

AL interation 1123/4801.

mae: 0.015794272529654995
max_error: 0.10693330558254677
variance: 0.00016911996518901098
pearson: 0.01662204300764428
p-valu: 2.3589241604165465e-07

AL interation 1124/4801.

mae: 0.015728163195875985
max_error: 0.10619888332579142
variance: 0.00016973211972201818
pearson: 0.014202315428675736
p-valu: 1.0051708592087588e-05

AL interation 1125/4801.

mae: 0.0157303319084537
max_error: 0.10617709911733475
variance: 0.00016974658175159476
pearson: 0.012518920700748977
p-valu: 9.919171863056172e-05

AL interation 1126/4801.

mae: 0.015758536233281186
max_error: 0.10631157896480947
variance: 0.00016982275295151302
pearson: 0.013528011614365785
p-valu: 2.5955420553231638e-05

AL interation 1127/4801.

mae: 0.0157464810331494
max_error: 0.10608539200328271
variance: 0.00017008980701298284
pearson: 0.012411777418082427
p-valu: 0.00011375714841009033

AL interation 1128/4801.

mae: 0.015782040132393534
max_error: 0.10619040181362327
variance: 0.00017067444429494429
pearson: 0.012373220358876679
p-valu: 0.00011947827384909676

AL interation 1129/4801.

mae: 0.015769643672983814
max_error: 0.10605248596360473
variance: 0.00017039004108402534
pearson: 0.013492849863963425
p-valu: 2.724766977855277e-05

AL interation 1130/4801.

mae: 0.01573936077261678
max_error: 0.10608524234683903
variance: 0.00016957853730584322
pearson: 0.012363270117351194
p-valu: 0.00012101522131783756

AL interation 1131/4801.

mae: 0.01573914501948653
max_error: 0.10612582161960238
variance: 0.00016946055696476543
pearson: 0.012193380612061103
p-valu: 0.00014991286039768315

AL interation 1132/4801.

mae: 0.01573200397755355
max_error: 0.10701303142221552
variance: 0.00016933543421958068
pearson: 0.012206283423261428
p-valu: 0.00014752078912716238

AL interation 1133/4801.

mae: 0.015738324635259867
max_error: 0.10668844592331372
variance: 0.0001694464281037737
pearson: 0.011043218527186984
p-valu: 0.0005957490639979229

AL interation 1134/4801.

mae: 0.015754673027412534
max_error: 0.10711707526914727
variance: 0.00016927094448858352
pearson: 0.008495425576511721
p-valu: 0.008257891182270237

AL interation 1135/4801.

mae: 0.01574261186997123
max_error: 0.1068926033083557
variance: 0.00016904228099506942
pearson: 0.008615823562471875
p-valu: 0.007389525206287848

AL interation 1136/4801.

mae: 0.015740231955809616
max_error: 0.10685031588267013
variance: 0.00016896224743716775
pearson: 0.00851280290744161
p-valu: 0.00812777715214983

AL interation 1137/4801.

mae: 0.015773412661767607
max_error: 0.10710040143434019
variance: 0.00016815515306565351
pearson: 0.007680526319610194
p-valu: 0.016943489151525458

AL interation 1138/4801.

mae: 0.015798529745107807
max_error: 0.10657750516319031
variance: 0.0001685152193447585
pearson: 0.0061207875329509056
p-valu: 0.05704348647881276

AL interation 1139/4801.

mae: 0.015790898400317836
max_error: 0.10642429008683796
variance: 0.00016847374080414157
pearson: 0.006194826017679119
p-valu: 0.054106022254874084

AL interation 1140/4801.

mae: 0.01579074122634305
max_error: 0.10638737167895163
variance: 0.00016849135020471893
pearson: 0.00723182465270541
p-valu: 0.02455143126512554

AL interation 1141/4801.

mae: 0.015772177128448178
max_error: 0.10618940298516866
variance: 0.0001681205466436646
pearson: 0.006742811511397593
p-valu: 0.036052140325576326

AL interation 1142/4801.

mae: 0.01575569805685571
max_error: 0.10636009208909347
variance: 0.00016804113440108972
pearson: 0.0057736165689208675
p-valu: 0.07265344251595053

AL interation 1143/4801.

mae: 0.015747468282136856
max_error: 0.10617110530418761
variance: 0.00016815701592559382
pearson: 0.005641817850778596
p-valu: 0.07942776200026211

AL interation 1144/4801.

mae: 0.01574677088070067
max_error: 0.1061557870887413
variance: 0.00016813576471574898
pearson: 0.005981701541496448
p-valu: 0.06293130001476542

AL interation 1145/4801.

mae: 0.01574677200846853
max_error: 0.10615582510107235
variance: 0.0001681357995886757
pearson: 0.005785967834519014
p-valu: 0.07204814943037459

AL interation 1146/4801.

mae: 0.015712548869644478
max_error: 0.10603437833904938
variance: 0.00016805074041756287
pearson: 0.008006299908588416
p-valu: 0.012806535142798761

AL interation 1147/4801.

mae: 0.01570025581156264
max_error: 0.10613897775786829
variance: 0.00016814562566029177
pearson: 0.007416512371897514
p-valu: 0.02112593149562369

AL interation 1148/4801.

mae: 0.015690893488756002
max_error: 0.10633146310491104
variance: 0.00016823855485896327
pearson: 0.006956930169171317
p-valu: 0.030554134690957625

AL interation 1149/4801.

mae: 0.01569201507443533
max_error: 0.10635965680129122
variance: 0.00016823764043842658
pearson: 0.007746989889559995
p-valu: 0.016020559341588442

AL interation 1150/4801.

mae: 0.015652902529028494
max_error: 0.1067419109324732
variance: 0.00016849888164652382
pearson: 0.009063907279430598
p-valu: 0.00483446164739306

AL interation 1151/4801.

mae: 0.015645599011992667
max_error: 0.10691528925488858
variance: 0.00016855102245117294
pearson: 0.009075247650795029
p-valu: 0.004781857958891446

AL interation 1152/4801.

mae: 0.01565727310675541
max_error: 0.1073907379048109
variance: 0.0001685238427107814
pearson: 0.008942764472373743
p-valu: 0.005433051036229985

AL interation 1153/4801.

mae: 0.015663801617147158
max_error: 0.10762803601986382
variance: 0.00016891185789258046
pearson: 0.00872723131365711
p-valu: 0.006664752940097348

AL interation 1154/4801.

mae: 0.01566107368179591
max_error: 0.10762499844284723
variance: 0.00016887576498024112
pearson: 0.010204449996678805
p-valu: 0.0015118730863437002

AL interation 1155/4801.

mae: 0.015658469810254906
max_error: 0.10787400762118016
variance: 0.0001689041518031402
pearson: 0.010345407801543626
p-valu: 0.0012989937766458622

AL interation 1156/4801.

mae: 0.015662546970813433
max_error: 0.10804486178725203
variance: 0.00016914665794989095
pearson: 0.011466206616256042
p-valu: 0.0003643537255376323

AL interation 1157/4801.

mae: 0.015663735039931327
max_error: 0.10781531971523184
variance: 0.00016908033023701598
pearson: 0.011134725483940225
p-valu: 0.0005370433141762408

AL interation 1158/4801.

mae: 0.015662388564758798
max_error: 0.10790968374661536
variance: 0.0001691145517437521
pearson: 0.011247748277768126
p-valu: 0.0004710755741110041

AL interation 1159/4801.

mae: 0.015649900719646052
max_error: 0.10837334736087034
variance: 0.0001693479227149401
pearson: 0.011560557385620394
p-valu: 0.00032574020306416806

AL interation 1160/4801.

mae: 0.015641474902386886
max_error: 0.10824754839134987
variance: 0.00016917964820887483
pearson: 0.010578376632269001
p-valu: 0.0010070606133806652

AL interation 1161/4801.

mae: 0.015629973605613513
max_error: 0.1081220315996092
variance: 0.00016901335887226988
pearson: 0.011415228462147615
p-valu: 0.0003871370804775893

AL interation 1162/4801.

mae: 0.015628998158846257
max_error: 0.10810782613319536
variance: 0.00016905674729741568
pearson: 0.012040467311579147
p-valu: 0.00018178877806967559

AL interation 1163/4801.

mae: 0.015592542864334796
max_error: 0.1079959939284294
variance: 0.00016938464999587753
pearson: 0.01113163903975058
p-valu: 0.0005391761372677454

AL interation 1164/4801.

mae: 0.015589393090618018
max_error: 0.10784711703175565
variance: 0.00016943190538796515
pearson: 0.012873794061946588
p-valu: 6.278159689782981e-05

AL interation 1165/4801.

mae: 0.015590109212633464
max_error: 0.10843787237834879
variance: 0.0001694578046960268
pearson: 0.012723627236893912
p-valu: 7.640753646671572e-05

AL interation 1166/4801.

mae: 0.015592822646957572
max_error: 0.10810109657453215
variance: 0.00016936903093915648
pearson: 0.013268559446892347
p-valu: 3.710669165348728e-05

AL interation 1167/4801.

mae: 0.015575412581819648
max_error: 0.1079867561370833
variance: 0.0001694019756950794
pearson: 0.013023821645451327
p-valu: 5.150624820287832e-05

AL interation 1168/4801.

mae: 0.015574330144886715
max_error: 0.10795170809072663
variance: 0.00016948673934171578
pearson: 0.013579019402073653
p-valu: 2.4292801525926733e-05

AL interation 1169/4801.

mae: 0.015577652627068499
max_error: 0.10797139578224635
variance: 0.0001696098589312428
pearson: 0.013536990676698335
p-valu: 2.5743203227741555e-05

AL interation 1170/4801.

mae: 0.015582686343107808
max_error: 0.10821667767939691
variance: 0.00016970851390142494
pearson: 0.0142295093557727
p-valu: 9.713180438277895e-06

AL interation 1171/4801.

mae: 0.01558270869263498
max_error: 0.1082160527874152
variance: 0.0001697093501389279
pearson: 0.014373097397436165
p-valu: 7.892485123373969e-06

AL interation 1172/4801.

mae: 0.015593907447480791
max_error: 0.1072548566819791
variance: 0.0001695485422493099
pearson: 0.013353379176674505
p-valu: 3.309748014541152e-05

AL interation 1173/4801.

mae: 0.015620093198617197
max_error: 0.10716613431398803
variance: 0.00016959788939073015
pearson: 0.013762509666610426
p-valu: 1.884044509500161e-05

AL interation 1174/4801.

mae: 0.015622288632613345
max_error: 0.10615580307265593
variance: 0.00016869298372790587
pearson: 0.012527749770831688
p-valu: 9.847509730498869e-05

AL interation 1175/4801.

mae: 0.015621967990306244
max_error: 0.10629387943825752
variance: 0.00016855212720766577
pearson: 0.012080921879783713
p-valu: 0.00017307168689098448

AL interation 1176/4801.

mae: 0.015619488176403303
max_error: 0.10659774599278937
variance: 0.0001684901282420915
pearson: 0.011025105379980188
p-valu: 0.0006099569669214161

AL interation 1177/4801.

mae: 0.015617415481262704
max_error: 0.106471234443265
variance: 0.00016847311043736505
pearson: 0.010641806666657608
p-valu: 0.0009397298699908613

AL interation 1178/4801.

mae: 0.015619677856074985
max_error: 0.10621791004158188
variance: 0.00016833961746727397
pearson: 0.011336318761665387
p-valu: 0.0004253121612947183

AL interation 1179/4801.

mae: 0.015619693655133516
max_error: 0.10621747431517581
variance: 0.00016833981373744558
pearson: 0.011870868308234283
p-valu: 0.00022424231416693234

AL interation 1180/4801.

mae: 0.015622357216266407
max_error: 0.10621995726868083
variance: 0.00016839085053214637
pearson: 0.011340587532316797
p-valu: 0.00042324544952211755

AL interation 1181/4801.

mae: 0.015610880341834454
max_error: 0.10637025444251269
variance: 0.00016806648750372882
pearson: 0.011624010755319207
p-valu: 0.0003023992710793537

AL interation 1182/4801.

mae: 0.015611426573002981
max_error: 0.10632403655339151
variance: 0.000168109092903836
pearson: 0.011231378634875206
p-valu: 0.0004809221445025524

AL interation 1183/4801.

mae: 0.015612019225125682
max_error: 0.10631976226366935
variance: 0.00016807592156351455
pearson: 0.011275109976775785
p-valu: 0.0004570542315800727

AL interation 1184/4801.

mae: 0.01568730233715922
max_error: 0.10813207703430128
variance: 0.0001691776100819232
pearson: 0.01563136487081843
p-valu: 1.1801052978097014e-06

AL interation 1185/4801.

mae: 0.01568611165493314
max_error: 0.10748633541269048
variance: 0.00016901997094326718
pearson: 0.014959542809066294
p-valu: 3.31826000886113e-06

AL interation 1186/4801.

mae: 0.015680764689952113
max_error: 0.10781585507541824
variance: 0.0001690627792675988
pearson: 0.014316981098227799
p-valu: 8.575519484408791e-06

AL interation 1187/4801.

mae: 0.015703812507904213
max_error: 0.10768443832901942
variance: 0.00016956964280763354
pearson: 0.014634532860852261
p-valu: 5.390587629330024e-06

AL interation 1188/4801.

mae: 0.015711391307878037
max_error: 0.10770225151762536
variance: 0.00016968729283162127
pearson: 0.014362652929467621
p-valu: 8.027847239792027e-06

AL interation 1189/4801.

mae: 0.01570975036068822
max_error: 0.10773946792304234
variance: 0.00016966392677487602
pearson: 0.014222216662574571
p-valu: 9.835443339250245e-06

AL interation 1190/4801.

mae: 0.01572144438772539
max_error: 0.1079170117193684
variance: 0.0001696989977220976
pearson: 0.01339283432587664
p-valu: 3.14212323924448e-05

AL interation 1191/4801.

mae: 0.015716928621291242
max_error: 0.10813260862008467
variance: 0.00016970424492605468
pearson: 0.013688115132998144
p-valu: 2.093457533081608e-05

AL interation 1192/4801.

mae: 0.015721491698699647
max_error: 0.10770919764539433
variance: 0.00017000876984220905
pearson: 0.013251255640184112
p-valu: 3.8075145824552416e-05

AL interation 1193/4801.

mae: 0.01571874704942226
max_error: 0.10777887382781448
variance: 0.0001700509258023899
pearson: 0.013782240305935166
p-valu: 1.8364712974455888e-05

AL interation 1194/4801.

mae: 0.01571873098231819
max_error: 0.10776292157678147
variance: 0.00017008214078935115
pearson: 0.015279885840137394
p-valu: 2.039863683470429e-06

AL interation 1195/4801.

mae: 0.015715976019797524
max_error: 0.10777704129262422
variance: 0.00016985221129003114
pearson: 0.014507320501618789
p-valu: 6.5057439751407474e-06

AL interation 1196/4801.

mae: 0.015744211653035
max_error: 0.10788749738484005
variance: 0.00017063848763560198
pearson: 0.013604766101706925
p-valu: 2.3508379817811577e-05

AL interation 1197/4801.

mae: 0.01574703137603153
max_error: 0.10794081886459428
variance: 0.00017065288471336177
pearson: 0.015412693172567328
p-valu: 1.6624580755068137e-06

AL interation 1198/4801.

mae: 0.015746691196870395
max_error: 0.10792099173753233
variance: 0.00017057265033432417
pearson: 0.015383819034505898
p-valu: 1.7386681287868965e-06

AL interation 1199/4801.

mae: 0.01574720659526985
max_error: 0.10799233900437177
variance: 0.00017055075510426956
pearson: 0.015553266713333503
p-valu: 1.3361884584549034e-06

AL interation 1200/4801.

mae: 0.015764805682952254
max_error: 0.10791253042137616
variance: 0.000170895891734421
pearson: 0.0155993075845458
p-valu: 1.243475289129961e-06

AL interation 1201/4801.

mae: 0.0157538356241233
max_error: 0.10790063951188533
variance: 0.0001706408562862467
pearson: 0.015613590654510932
p-valu: 1.2160999055489467e-06

AL interation 1202/4801.

mae: 0.01574918990412887
max_error: 0.10804383564280617
variance: 0.00017050243618212804
pearson: 0.01685267637968227
p-valu: 1.6219169616760832e-07

AL interation 1203/4801.

mae: 0.015748828060841744
max_error: 0.10833326344325944
variance: 0.00017077098891262152
pearson: 0.01717994943099102
p-valu: 9.301674987546041e-08

AL interation 1204/4801.

mae: 0.01573285467839472
max_error: 0.10726722665802702
variance: 0.00017070470978490808
pearson: 0.017330550302951227
p-valu: 7.17822292023181e-08

AL interation 1205/4801.

mae: 0.015707669600230467
max_error: 0.10915115415585608
variance: 0.00017116637699413547
pearson: 0.01809565009713743
p-valu: 1.8608053352279392e-08

AL interation 1206/4801.

mae: 0.01570204335988665
max_error: 0.10911371188720698
variance: 0.000171463385314384
pearson: 0.018428960753710557
p-valu: 1.0158862716326842e-08

AL interation 1207/4801.

mae: 0.015705917079454238
max_error: 0.10832944370943953
variance: 0.00017149816665776465
pearson: 0.018209067123774358
p-valu: 1.516666577438545e-08

AL interation 1208/4801.

mae: 0.01570784459669729
max_error: 0.10809014595932642
variance: 0.0001712429273236412
pearson: 0.01810364811176994
p-valu: 1.835121446333143e-08

AL interation 1209/4801.

mae: 0.015703888299115128
max_error: 0.1080995499260411
variance: 0.00017124399183463213
pearson: 0.01683350093032955
p-valu: 1.6768364507127932e-07

AL interation 1210/4801.

mae: 0.015705038905558046
max_error: 0.10810220081319533
variance: 0.00017123417377359502
pearson: 0.01757561175147217
p-valu: 4.6904295319381885e-08

AL interation 1211/4801.

mae: 0.015706494252161432
max_error: 0.1084176926035838
variance: 0.00017133786161234002
pearson: 0.017783995709338765
p-valu: 3.2498760393209484e-08

AL interation 1212/4801.

mae: 0.015709192833229295
max_error: 0.10849166753431239
variance: 0.00017140387785525036
pearson: 0.0180085684755225
p-valu: 2.1784866471477057e-08

AL interation 1213/4801.

mae: 0.015706323660738677
max_error: 0.10818338741049449
variance: 0.0001712509069961218
pearson: 0.017091823687186654
p-valu: 1.0831381121253493e-07

AL interation 1214/4801.

mae: 0.015708476344679822
max_error: 0.10815187937876947
variance: 0.00017125112598004454
pearson: 0.016725004237612237
p-valu: 2.0129109989997726e-07

AL interation 1215/4801.

mae: 0.01571323181998892
max_error: 0.10730632095740877
variance: 0.0001709612767417496
pearson: 0.01646755782034631
p-valu: 3.0864635976564153e-07

AL interation 1216/4801.

mae: 0.01571104641195884
max_error: 0.10738758614096189
variance: 0.00017106429176246338
pearson: 0.017162112274658126
p-valu: 9.609408784974317e-08

AL interation 1217/4801.

mae: 0.015711931293623513
max_error: 0.10666219101725294
variance: 0.00017084068899713223
pearson: 0.016955295599711092
p-valu: 1.3668832680770174e-07

AL interation 1218/4801.

mae: 0.015707932207462794
max_error: 0.10670618462930581
variance: 0.00017075650151370385
pearson: 0.017027846448059363
p-valu: 1.2087426050884148e-07

AL interation 1219/4801.

mae: 0.0157067988036761
max_error: 0.10665769038931505
variance: 0.0001707018859626041
pearson: 0.017033762940615607
p-valu: 1.1968223325040184e-07

AL interation 1220/4801.

mae: 0.015707497923774204
max_error: 0.10661649275792517
variance: 0.00017081844631109536
pearson: 0.015803072956049897
p-valu: 9.042143129585696e-07

AL interation 1221/4801.

mae: 0.01570261711358689
max_error: 0.10622771229148786
variance: 0.00017046036482650206
pearson: 0.015479877831071541
p-valu: 1.5022761495605384e-06

AL interation 1222/4801.

mae: 0.01569618711760899
max_error: 0.10617010826152584
variance: 0.00017006571578239503
pearson: 0.014673692026844988
p-valu: 5.107331651885393e-06

AL interation 1223/4801.

mae: 0.01569160489324041
max_error: 0.10647583825246731
variance: 0.0001701216418261444
pearson: 0.015050120013131918
p-valu: 2.9066821181167565e-06

AL interation 1224/4801.

mae: 0.015697526235727434
max_error: 0.10631639970805229
variance: 0.00017032014102649884
pearson: 0.015435379676796958
p-valu: 1.6103781494772742e-06

AL interation 1225/4801.

mae: 0.015687921162376096
max_error: 0.106427522248427
variance: 0.00016993088814672077
pearson: 0.016639328476212124
p-valu: 2.3257675667578938e-07

AL interation 1226/4801.

mae: 0.015655354550023603
max_error: 0.10551271307420795
variance: 0.00016874287888057175
pearson: 0.01598774356695463
p-valu: 6.741660997826573e-07

AL interation 1227/4801.

mae: 0.015653754282173395
max_error: 0.10554801538663416
variance: 0.00016868718490914376
pearson: 0.01603315547351502
p-valu: 6.268669970305255e-07

AL interation 1228/4801.

mae: 0.01564601577578106
max_error: 0.1055044916768424
variance: 0.000168447098817278
pearson: 0.01601211104090277
p-valu: 6.48500290430868e-07

AL interation 1229/4801.

mae: 0.015634974819525513
max_error: 0.10580703159328952
variance: 0.00016865060269740783
pearson: 0.015983684628928574
p-valu: 6.78835291095142e-07

AL interation 1230/4801.

mae: 0.015627421976223365
max_error: 0.10608833366248693
variance: 0.00016919731946794014
pearson: 0.01665665789434131
p-valu: 2.2612649183639318e-07

AL interation 1231/4801.

mae: 0.015612550165335026
max_error: 0.10602843679183427
variance: 0.00016897444728277645
pearson: 0.016600342049723455
p-valu: 2.4835615325413546e-07

AL interation 1232/4801.

mae: 0.015613037609959125
max_error: 0.1059092642747459
variance: 0.0001689682259304181
pearson: 0.016626086284555676
p-valu: 2.3799357836776668e-07

AL interation 1233/4801.

mae: 0.015615849501402993
max_error: 0.10573783275211501
variance: 0.00016906152818428087
pearson: 0.01747975553180879
p-valu: 5.565751606826404e-08

AL interation 1234/4801.

mae: 0.015609441533137512
max_error: 0.10588553123310196
variance: 0.0001685613314205823
pearson: 0.017022364841236776
p-valu: 1.22298553840821e-07

AL interation 1235/4801.

mae: 0.015615428294634826
max_error: 0.10588978577701202
variance: 0.00016868599310920608
pearson: 0.017722390515534352
p-valu: 3.638041845665401e-08

AL interation 1236/4801.

mae: 0.015615457460168873
max_error: 0.10572028142681522
variance: 0.00016884615289859662
pearson: 0.018146983002574443
p-valu: 1.7052416853478355e-08

AL interation 1237/4801.

mae: 0.015615208380905455
max_error: 0.10570439505025608
variance: 0.0001688255636506268
pearson: 0.01761487113926767
p-valu: 4.3973477085342906e-08

AL interation 1238/4801.

mae: 0.015616013914956978
max_error: 0.10577840781960224
variance: 0.00016881151109813635
pearson: 0.016950674634955087
p-valu: 1.3819237397592116e-07

AL interation 1239/4801.

mae: 0.015611444578624834
max_error: 0.10584341444954082
variance: 0.000168751688292437
pearson: 0.017384237723335496
p-valu: 6.576886072437512e-08

AL interation 1240/4801.

mae: 0.015623026047578254
max_error: 0.10571227699032026
variance: 0.0001687964817612413
pearson: 0.01609197911570837
p-valu: 5.712327530130253e-07

AL interation 1241/4801.

mae: 0.015607126223612208
max_error: 0.10541220754888347
variance: 0.00016824236039453955
pearson: 0.0164057680250894
p-valu: 3.429052083336738e-07

AL interation 1242/4801.

mae: 0.015595502695390309
max_error: 0.10420178097345745
variance: 0.00016794996831211623
pearson: 0.017097210882166213
p-valu: 1.0779374581254588e-07

AL interation 1243/4801.

mae: 0.015596676410285093
max_error: 0.1042764747715268
variance: 0.00016796710220467112
pearson: 0.015487972639526792
p-valu: 1.4875539489396566e-06

AL interation 1244/4801.

mae: 0.01559993929393103
max_error: 0.10427341594734973
variance: 0.00016805421808021364
pearson: 0.015491199940558802
p-valu: 1.4802880256525873e-06

AL interation 1245/4801.

mae: 0.015595111049351842
max_error: 0.10479586941440577
variance: 0.00016802366710645412
pearson: 0.015723405971447092
p-valu: 1.028947851798366e-06

AL interation 1246/4801.

mae: 0.015603724986220775
max_error: 0.10468797496722293
variance: 0.00016859942285985799
pearson: 0.015169420145637153
p-valu: 2.43109165650643e-06

AL interation 1247/4801.

mae: 0.015594175696071045
max_error: 0.10504423575938238
variance: 0.00016856289348360349
pearson: 0.015408523473754918
p-valu: 1.683598338883905e-06

AL interation 1248/4801.

mae: 0.015591684063448383
max_error: 0.10494625622871756
variance: 0.00016807862655528747
pearson: 0.014248074372983902
p-valu: 9.535562281376771e-06

AL interation 1249/4801.

mae: 0.015562635332175681
max_error: 0.10496665968165364
variance: 0.00016787803374437467
pearson: 0.013730218881141372
p-valu: 1.9857270743680113e-05

AL interation 1250/4801.

mae: 0.015558330401269629
max_error: 0.10494153259950001
variance: 0.00016788553420190759
pearson: 0.014988762502434442
p-valu: 3.1994200789141874e-06

AL interation 1251/4801.

mae: 0.01553313342943838
max_error: 0.10443873560123795
variance: 0.00016693113490125314
pearson: 0.013475291016755687
p-valu: 2.8238778643810524e-05

AL interation 1252/4801.

mae: 0.015529225324244132
max_error: 0.10438961699267968
variance: 0.00016675178223800533
pearson: 0.013757031977907147
p-valu: 1.913468668155972e-05

AL interation 1253/4801.

mae: 0.015527807818246931
max_error: 0.10478809670920275
variance: 0.0001667906283016296
pearson: 0.013484408086095391
p-valu: 2.7893812750306027e-05

AL interation 1254/4801.

mae: 0.015542175731716647
max_error: 0.10504173482971457
variance: 0.00016630631131122462
pearson: 0.013667669709920427
p-valu: 2.1670851589669595e-05

AL interation 1255/4801.

mae: 0.015530087406950532
max_error: 0.10501774255024832
variance: 0.00016587696617215465
pearson: 0.01300879209364501
p-valu: 5.2958722076650985e-05

AL interation 1256/4801.

mae: 0.015531099247738682
max_error: 0.10505296421050336
variance: 0.0001656412420244858
pearson: 0.013101471092118667
p-valu: 4.682188684402905e-05

AL interation 1257/4801.

mae: 0.015522884209366766
max_error: 0.10570150893025532
variance: 0.00016544101192745499
pearson: 0.012212040063101838
p-valu: 0.00014791717452172264

AL interation 1258/4801.

mae: 0.01551614533449617
max_error: 0.10570624312188959
variance: 0.00016529428973659655
pearson: 0.01208363342549784
p-valu: 0.00017360508015923666

AL interation 1259/4801.

mae: 0.015503212132761934
max_error: 0.10602711267486886
variance: 0.000165086891535287
pearson: 0.011389832813278553
p-valu: 0.00040163164717948535

AL interation 1260/4801.

mae: 0.015488891436289958
max_error: 0.10659106520123207
variance: 0.00016523493883733556
pearson: 0.01103454835499218
p-valu: 0.000606720873451367

AL interation 1261/4801.

mae: 0.015491566998571087
max_error: 0.10612398107835763
variance: 0.00016514998762290226
pearson: 0.011807186104837497
p-valu: 0.00024382624425021805

AL interation 1262/4801.

mae: 0.015490931215258762
max_error: 0.10618424655948222
variance: 0.00016522862086844028
pearson: 0.010972930366788222
p-valu: 0.0006510357161037605

AL interation 1263/4801.

mae: 0.015489343717394886
max_error: 0.10611398924814641
variance: 0.0001651962088854364
pearson: 0.013064267660087999
p-valu: 4.923240045010746e-05

AL interation 1264/4801.

mae: 0.015472141400750218
max_error: 0.10612075140878408
variance: 0.0001653598897374525
pearson: 0.013186582747452132
p-valu: 4.181263530049325e-05

AL interation 1265/4801.

mae: 0.015494340170871769
max_error: 0.10647664258798106
variance: 0.00016582599393314513
pearson: 0.012219346152020093
p-valu: 0.00014666259414697038

AL interation 1266/4801.

mae: 0.015483479799820378
max_error: 0.10655246141826358
variance: 0.00016601731082084066
pearson: 0.013967243729916241
p-valu: 1.4263381271827975e-05

AL interation 1267/4801.

mae: 0.015490364703348728
max_error: 0.10631074635833504
variance: 0.00016637670464322596
pearson: 0.013081279581348599
p-valu: 4.814720890831723e-05

AL interation 1268/4801.

mae: 0.01549111966287592
max_error: 0.10630999695948451
variance: 0.0001664041913502255
pearson: 0.013157682450567839
p-valu: 4.3480218587148196e-05

AL interation 1269/4801.

mae: 0.01547136115536479
max_error: 0.10655144464957123
variance: 0.00016620662791157792
pearson: 0.013456847932004664
p-valu: 2.900993912146138e-05

AL interation 1270/4801.

mae: 0.015475925141664314
max_error: 0.1067908640186801
variance: 0.0001663055916981274
pearson: 0.013045413072812375
p-valu: 5.051409509417114e-05

AL interation 1271/4801.

mae: 0.015488532476771412
max_error: 0.10683901365135573
variance: 0.00016672663279706818
pearson: 0.012045979685808738
p-valu: 0.00018207761202558294

AL interation 1272/4801.

mae: 0.015486981109600596
max_error: 0.10689588943390338
variance: 0.00016665566008594997
pearson: 0.012280923978564713
p-valu: 0.00013582531111943835

AL interation 1273/4801.

mae: 0.015497694843511553
max_error: 0.10740904108368743
variance: 0.00016685861756941868
pearson: 0.012231110941233001
p-valu: 0.00014460755899767735

AL interation 1274/4801.

mae: 0.015496266619676284
max_error: 0.10776174451283116
variance: 0.00016671932800340884
pearson: 0.011660674836808799
p-valu: 0.0002913313194344729

AL interation 1275/4801.

mae: 0.015482822109340325
max_error: 0.10728115782561365
variance: 0.00016673175999844215
pearson: 0.010766328439620937
p-valu: 0.0008228629727660277

AL interation 1276/4801.

mae: 0.015474871572414738
max_error: 0.10744273269714033
variance: 0.00016670797536886948
pearson: 0.0110222060001851
p-valu: 0.0006159930586130305

AL interation 1277/4801.

mae: 0.015478575332881848
max_error: 0.10751561957866618
variance: 0.00016677086100284593
pearson: 0.011935801471504599
p-valu: 0.0002086414702109994

AL interation 1278/4801.

mae: 0.01548433133598716
max_error: 0.10715356519839081
variance: 0.0001665918145563802
pearson: 0.013858987114600116
p-valu: 1.663384359091017e-05

AL interation 1279/4801.

mae: 0.015467856887973376
max_error: 0.1079134407800979
variance: 0.0001666579845473757
pearson: 0.014244842556753297
p-valu: 9.61164430839168e-06

AL interation 1280/4801.

mae: 0.015487210213004088
max_error: 0.1079707935255414
variance: 0.000166859166336678
pearson: 0.01618117425427073
p-valu: 4.972328932752263e-07

AL interation 1281/4801.

mae: 0.01549231474750101
max_error: 0.10787714390474723
variance: 0.00016691335871178484
pearson: 0.016145158850895545
p-valu: 5.271434399572554e-07

AL interation 1282/4801.

mae: 0.015497105546363805
max_error: 0.10761535707914338
variance: 0.00016680233683373201
pearson: 0.016326575019996122
p-valu: 3.9261085925174625e-07

AL interation 1283/4801.

mae: 0.015497103384045495
max_error: 0.1076152544106066
variance: 0.00016680245897661848
pearson: 0.01689496095448305
p-valu: 1.5284786977426196e-07

AL interation 1284/4801.

mae: 0.015496828280659436
max_error: 0.10761115322569315
variance: 0.00016679614643429544
pearson: 0.01694192350320149
p-valu: 1.4121468053391882e-07

AL interation 1285/4801.

mae: 0.015447770886232094
max_error: 0.10887890582333459
variance: 0.00016599795671894848
pearson: 0.01728069610503598
p-valu: 7.921763603782393e-08

AL interation 1286/4801.

mae: 0.015447485389858706
max_error: 0.10901627012461579
variance: 0.00016596529086708128
pearson: 0.01733126011481718
p-valu: 7.261172008919606e-08

AL interation 1287/4801.

mae: 0.015447572386393368
max_error: 0.10901647711424123
variance: 0.00016596735531869164
pearson: 0.016902557168261015
p-valu: 1.5099089968151872e-07

AL interation 1288/4801.

mae: 0.015441432630465067
max_error: 0.10686029425667987
variance: 0.00016566426087815628
pearson: 0.016301222237875543
p-valu: 4.0953680080282655e-07

AL interation 1289/4801.

mae: 0.015397004788198792
max_error: 0.10731518665514561
variance: 0.00016520143763998493
pearson: 0.014755745620317135
p-valu: 4.5563516844908935e-06

AL interation 1290/4801.

mae: 0.015397003476632795
max_error: 0.10731627657768006
variance: 0.000165201808520092
pearson: 0.014209308375650783
p-valu: 1.0127285737867498e-05

AL interation 1291/4801.

mae: 0.01539457049567982
max_error: 0.10735838205053772
variance: 0.00016511259927187003
pearson: 0.012974751387068916
p-valu: 5.557776578683857e-05

AL interation 1292/4801.

mae: 0.01539084990407827
max_error: 0.10743741449713018
variance: 0.00016496987923637812
pearson: 0.013415224519340135
p-valu: 3.077264657816959e-05

AL interation 1293/4801.

mae: 0.015400257140591333
max_error: 0.10710258614679735
variance: 0.00016534510501888273
pearson: 0.012514907031586957
p-valu: 0.00010110284978561776

AL interation 1294/4801.

mae: 0.015397069401491721
max_error: 0.10736222729431977
variance: 0.00016551629221051402
pearson: 0.012866723624795295
p-valu: 6.409215374192138e-05

AL interation 1295/4801.

mae: 0.015404995614662801
max_error: 0.10825333754386013
variance: 0.0001656824050540943
pearson: 0.013389861393624497
p-valu: 3.18628183870335e-05

AL interation 1296/4801.

mae: 0.015404120754940829
max_error: 0.10800800383552489
variance: 0.0001657047154590605
pearson: 0.013703763410105738
p-valu: 2.0697393109063634e-05

AL interation 1297/4801.

mae: 0.015410585428566947
max_error: 0.10903912090910528
variance: 0.00016472753038128323
pearson: 0.013560974454592149
p-valu: 2.521723086588652e-05

AL interation 1298/4801.

mae: 0.01541146174801511
max_error: 0.1090350741187962
variance: 0.00016473381339981893
pearson: 0.012820965350571645
p-valu: 6.807492915686047e-05

AL interation 1299/4801.

mae: 0.015415638667192186
max_error: 0.10920731504510006
variance: 0.0001646220613960273
pearson: 0.012275099244095646
p-valu: 0.00013712017961855317

AL interation 1300/4801.

mae: 0.015414757699175769
max_error: 0.10918456185939651
variance: 0.00016461954617028553
pearson: 0.01242534176118136
p-valu: 0.0001134042118278525

AL interation 1301/4801.

mae: 0.0154084951292904
max_error: 0.10900280919102845
variance: 0.00016442251026948715
pearson: 0.012626760954739979
p-valu: 8.76279968759184e-05

AL interation 1302/4801.

mae: 0.015403045414537147
max_error: 0.10881169507300403
variance: 0.00016424162421657605
pearson: 0.013419335467670197
p-valu: 3.062973693035547e-05

AL interation 1303/4801.

mae: 0.015404374442336033
max_error: 0.10855205767964837
variance: 0.0001642254107578779
pearson: 0.012877407383374175
p-valu: 6.324953175180412e-05

AL interation 1304/4801.

mae: 0.015386652706549691
max_error: 0.10814920874466627
variance: 0.00016367500466607109
pearson: 0.012633715722011765
p-valu: 8.686724543735022e-05

AL interation 1305/4801.

mae: 0.015337812145529227
max_error: 0.10765868099818765
variance: 0.00016304504894634037
pearson: 0.011771869460018215
p-valu: 0.00025533271279401905

AL interation 1306/4801.

mae: 0.015337066729571809
max_error: 0.10747926042680267
variance: 0.00016295637240951015
pearson: 0.012119826806985642
p-valu: 0.00016659582672435655

AL interation 1307/4801.

mae: 0.015336948437464663
max_error: 0.10747395383535552
variance: 0.00016294812704734264
pearson: 0.011898216809487334
p-valu: 0.000218967462046973

AL interation 1308/4801.

mae: 0.01533831018489367
max_error: 0.1073027098396182
variance: 0.000162809595879494
pearson: 0.010886325468034641
p-valu: 0.0007204054191976601

AL interation 1309/4801.

mae: 0.015338867738754598
max_error: 0.10728863137163391
variance: 0.00016280651679146036
pearson: 0.011353155421904175
p-valu: 0.0004207753241997509

AL interation 1310/4801.

mae: 0.015293450850205075
max_error: 0.1062169221804965
variance: 0.00016195687259950366
pearson: 0.009561119891373393
p-valu: 0.002978145506043333

AL interation 1311/4801.

mae: 0.015289668017273297
max_error: 0.10640402680840855
variance: 0.00016193051206868993
pearson: 0.010390078805036573
p-valu: 0.0012488486363398837

AL interation 1312/4801.

mae: 0.015287708041461491
max_error: 0.10649223882367953
variance: 0.00016186507748426008
pearson: 0.01059425864181691
p-valu: 0.0009986983339330513

AL interation 1313/4801.

mae: 0.015286829917078996
max_error: 0.10647884806897712
variance: 0.00016185050732986408
pearson: 0.010716221607988366
p-valu: 0.0008723246904675383

AL interation 1314/4801.

mae: 0.015280077971918517
max_error: 0.10652996435627249
variance: 0.00016172973503388255
pearson: 0.010660066662157268
p-valu: 0.0009286294996316792

AL interation 1315/4801.

mae: 0.015252319827522115
max_error: 0.10624596409391818
variance: 0.00016057397045304055
pearson: 0.009373032042753079
p-valu: 0.0035972013599913596

AL interation 1316/4801.

mae: 0.01522142056214071
max_error: 0.10666484462447845
variance: 0.0001603628034993626
pearson: 0.009522222306020237
p-valu: 0.003098336372266625

AL interation 1317/4801.

mae: 0.015216984349003636
max_error: 0.1067320471486568
variance: 0.00016051529148480644
pearson: 0.009429734214122708
p-valu: 0.0033998427689533616

AL interation 1318/4801.

mae: 0.015219802040425088
max_error: 0.10706779059731564
variance: 0.00016112472065233166
pearson: 0.008089527908922381
p-valu: 0.011979709425747135

AL interation 1319/4801.

mae: 0.01522511111898262
max_error: 0.10716329947675551
variance: 0.00016116303847321257
pearson: 0.004921762937926233
p-valu: 0.12632457857682716

AL interation 1320/4801.

mae: 0.015225207279163152
max_error: 0.1071627233796193
variance: 0.0001611858046541239
pearson: 0.00590186839907947
p-valu: 0.06677504574015326

AL interation 1321/4801.

mae: 0.01520750803805941
max_error: 0.10640255924616615
variance: 0.0001605440700777271
pearson: 0.006205027061410323
p-valu: 0.053937108530111084

AL interation 1322/4801.

mae: 0.015209219382215616
max_error: 0.10654546119966146
variance: 0.00016061407228021171
pearson: 0.005396607854515531
p-valu: 0.09369395633077227

AL interation 1323/4801.

mae: 0.01521332799711207
max_error: 0.10656764501985383
variance: 0.00016069170907680313
pearson: 0.005779438360754576
p-valu: 0.07263323610454217

AL interation 1324/4801.

mae: 0.015211771612323736
max_error: 0.10655504050399434
variance: 0.00016070502144318756
pearson: 0.005764317611542073
p-valu: 0.07338601564873166

AL interation 1325/4801.

mae: 0.015242489279166155
max_error: 0.10674499375298585
variance: 0.0001609509206753544
pearson: 0.005573009247414957
p-valu: 0.08345330389780753

AL interation 1326/4801.

mae: 0.015243725885270802
max_error: 0.10671791898792837
variance: 0.0001608587876779652
pearson: 0.004355876882731273
p-valu: 0.17607615809676674

AL interation 1327/4801.

mae: 0.015243707724645613
max_error: 0.10672716244428959
variance: 0.00016086312545363004
pearson: 0.0051393960551561835
p-valu: 0.11042371195486525

AL interation 1328/4801.

mae: 0.01524030961569412
max_error: 0.1066319142280776
variance: 0.00016122403509602842
pearson: 0.00540941052842463
p-valu: 0.0929280771063903

AL interation 1329/4801.

mae: 0.015236197622201002
max_error: 0.1068758276146895
variance: 0.00016110145566921018
pearson: 0.003744618996886195
p-valu: 0.24480537504533983

AL interation 1330/4801.

mae: 0.015213949018158686
max_error: 0.10642770336474716
variance: 0.00016051232510354402
pearson: 0.004842865650941731
p-valu: 0.1325388867755401

AL interation 1331/4801.

mae: 0.01521445584000319
max_error: 0.10625367854325707
variance: 0.0001602736650987101
pearson: 0.004581936583134721
p-valu: 0.15470318347666273

AL interation 1332/4801.

mae: 0.015217154784401566
max_error: 0.10632281652945896
variance: 0.00016035492558681726
pearson: 0.00425456402544118
p-valu: 0.18635916768336228

AL interation 1333/4801.

mae: 0.015217695239214062
max_error: 0.10630061265991064
variance: 0.00016033976006813434
pearson: 0.004580432697763029
p-valu: 0.15484289126607165

AL interation 1334/4801.

mae: 0.015213690334238235
max_error: 0.10635940145678835
variance: 0.00016028199522960486
pearson: 0.004442219611781313
p-valu: 0.16768000061590768

AL interation 1335/4801.

mae: 0.015213206212082041
max_error: 0.10635857529931347
variance: 0.000160260846292979
pearson: 0.0046547087217519165
p-valu: 0.14826515928672954

AL interation 1336/4801.

mae: 0.015204547888809233
max_error: 0.10637456972156945
variance: 0.00016000741898368516
pearson: 0.003277008045266525
p-valu: 0.30878055076233385

AL interation 1337/4801.

mae: 0.015199703790077982
max_error: 0.1061643622565811
variance: 0.0001600653658608793
pearson: 0.003644290275572264
p-valu: 0.25769719214233566

AL interation 1338/4801.

mae: 0.01518517137256304
max_error: 0.10617446880636128
variance: 0.0001600082258062524
pearson: 0.004510679180610426
p-valu: 0.16123479823107598

AL interation 1339/4801.

mae: 0.015175923927308422
max_error: 0.10590497983938296
variance: 0.00015997351301996694
pearson: 0.004718842016560889
p-valu: 0.1427640516186081

AL interation 1340/4801.

mae: 0.01518778165178191
max_error: 0.1059169105590485
variance: 0.00016038535287579117
pearson: 0.004199698369387021
p-valu: 0.19212054615849145

AL interation 1341/4801.

mae: 0.015187569118997265
max_error: 0.10590953619706345
variance: 0.00016037339603902097
pearson: 0.004435346209441525
p-valu: 0.1683539878688783

AL interation 1342/4801.

mae: 0.015185234866229582
max_error: 0.10586344861602304
variance: 0.00016025154237786013
pearson: 0.005129833511650868
p-valu: 0.11111588401412431

AL interation 1343/4801.

mae: 0.015185609104717468
max_error: 0.10577528412298709
variance: 0.00016019274784202686
pearson: 0.006166512518553228
p-valu: 0.055472140889675815

AL interation 1344/4801.

mae: 0.015187345434771498
max_error: 0.10590714924095157
variance: 0.0001602444577484425
pearson: 0.006747963436274904
p-valu: 0.03610557930040148

AL interation 1345/4801.

mae: 0.015190837684565264
max_error: 0.10595760461777393
variance: 0.0001603132380278239
pearson: 0.005770921126811837
p-valu: 0.07308836287690898

AL interation 1346/4801.

mae: 0.01514758592257882
max_error: 0.10587757498663852
variance: 0.00015991546656045542
pearson: 0.006083053261361864
p-valu: 0.05886375704875339

AL interation 1347/4801.

mae: 0.015153234743795476
max_error: 0.10580969622063496
variance: 0.00015985347132755682
pearson: 0.00840515594303414
p-valu: 0.009043859040331016

AL interation 1348/4801.

mae: 0.015151009549820682
max_error: 0.10574374131832376
variance: 0.00015976368704281313
pearson: 0.007760661301197029
p-valu: 0.015943249571990458

AL interation 1349/4801.

mae: 0.015150723684706798
max_error: 0.10574887307987813
variance: 0.00015975826610889192
pearson: 0.010417823933380343
p-valu: 0.0012144531145385727

AL interation 1350/4801.

mae: 0.015151578285365886
max_error: 0.10568659508070088
variance: 0.00015978998580631752
pearson: 0.009240940576182834
p-valu: 0.00410565827567223

AL interation 1351/4801.

mae: 0.015149549739755823
max_error: 0.10589059680117718
variance: 0.00015992453581237896
pearson: 0.009359570026648384
p-valu: 0.0036519740744766233

AL interation 1352/4801.

mae: 0.015136710542783963
max_error: 0.10587477640050058
variance: 0.00015958437683947702
pearson: 0.010460266883162664
p-valu: 0.0011597629595403835

AL interation 1353/4801.

mae: 0.01512860370218941
max_error: 0.1056233391443897
variance: 0.00015822445951384464
pearson: 0.009949336407627157
p-valu: 0.002002278662443488

AL interation 1354/4801.

mae: 0.015122930474166619
max_error: 0.10585645367999352
variance: 0.00015761671850414365
pearson: 0.009463895808379431
p-valu: 0.0032915395812511358

AL interation 1355/4801.

mae: 0.015119941205217795
max_error: 0.10592258533873466
variance: 0.0001574199228062532
pearson: 0.009484152329691757
p-valu: 0.003225498719840891

AL interation 1356/4801.

mae: 0.0151211557418365
max_error: 0.10592655712210619
variance: 0.00015745105132237058
pearson: 0.009642916133899934
p-valu: 0.0027473264050295217

AL interation 1357/4801.

mae: 0.015114158825930691
max_error: 0.1060365213197969
variance: 0.00015737433071444577
pearson: 0.010344694107569902
p-valu: 0.0013153140705658268

AL interation 1358/4801.

mae: 0.015133747971864495
max_error: 0.10575257177882524
variance: 0.00015718379754928622
pearson: 0.010407647948987034
p-valu: 0.0012286151369567248

AL interation 1359/4801.

mae: 0.015133455799556907
max_error: 0.1058580401022795
variance: 0.000157207370192031
pearson: 0.010112751319283438
p-valu: 0.00168631156699916

AL interation 1360/4801.

mae: 0.01513269354555696
max_error: 0.1056291567176999
variance: 0.00015725670697478995
pearson: 0.010933060955428928
p-valu: 0.0006855428799020034

AL interation 1361/4801.

mae: 0.015134786598733962
max_error: 0.10559885560477089
variance: 0.00015728321806385254
pearson: 0.011342646534999681
p-valu: 0.00042752207695117975

AL interation 1362/4801.

mae: 0.015121025684163552
max_error: 0.1055289864268929
variance: 0.00015698384987170174
pearson: 0.010559637228177779
p-valu: 0.0010406933046756169

AL interation 1363/4801.

mae: 0.015106837575558444
max_error: 0.10400646403562352
variance: 0.00015651464354543915
pearson: 0.010226231197658846
p-valu: 0.0014946147010501303

AL interation 1364/4801.

mae: 0.01510159728133189
max_error: 0.10397620894176218
variance: 0.00015616013875300046
pearson: 0.009334398802180828
p-valu: 0.003746613462932325

AL interation 1365/4801.

mae: 0.015097850107405603
max_error: 0.1044738270477723
variance: 0.00015618371380300724
pearson: 0.00965591325597405
p-valu: 0.002712436888189194

AL interation 1366/4801.

mae: 0.01509464618381648
max_error: 0.1044993450571241
variance: 0.00015602804214699093
pearson: 0.009794272874225832
p-valu: 0.0023537926224148865

AL interation 1367/4801.

mae: 0.01508378542610826
max_error: 0.10439249552567564
variance: 0.0001560435746606296
pearson: 0.009978310976042492
p-valu: 0.001943926867846707

AL interation 1368/4801.

mae: 0.015078592169547373
max_error: 0.10429730919489377
variance: 0.00015621591148250806
pearson: 0.009273927498362786
p-valu: 0.003977964353381376

AL interation 1369/4801.

mae: 0.015077788275467956
max_error: 0.10291368536835255
variance: 0.0001561539200458513
pearson: 0.008791407695983588
p-valu: 0.0063326028216703165

AL interation 1370/4801.

mae: 0.01507748264548439
max_error: 0.10192313358928407
variance: 0.0001560649358467507
pearson: 0.009814175073260375
p-valu: 0.002306404172613403

AL interation 1371/4801.

mae: 0.015055564055379427
max_error: 0.1018214379367095
variance: 0.000155845929311916
pearson: 0.009200889815906652
p-valu: 0.004274267233243047

AL interation 1372/4801.

mae: 0.015063716350645273
max_error: 0.10198261845951895
variance: 0.0001559056412763418
pearson: 0.0089243177001382
p-valu: 0.005583725176395654

AL interation 1373/4801.

mae: 0.015076822524352943
max_error: 0.10210367167795487
variance: 0.00015605743332712925
pearson: 0.009842633010092527
p-valu: 0.0022398422658678778

AL interation 1374/4801.

mae: 0.015079021080800817
max_error: 0.10201936690012592
variance: 0.00015642780839487372
pearson: 0.00971018485269131
p-valu: 0.002567331041897966

AL interation 1375/4801.

mae: 0.015060544579893007
max_error: 0.1001511073236856
variance: 0.00015617763477704825
pearson: 0.009229901377662882
p-valu: 0.004155268713931298

AL interation 1376/4801.

mae: 0.01506407870371494
max_error: 0.10015187973206996
variance: 0.00015641346889782565
pearson: 0.008372169279791489
p-valu: 0.009329012511332866

AL interation 1377/4801.

mae: 0.015067315885355604
max_error: 0.10079891752801307
variance: 0.00015661531856067874
pearson: 0.007638557045017556
p-valu: 0.01769531649798184

AL interation 1378/4801.

mae: 0.015070168881897036
max_error: 0.10080963007684152
variance: 0.00015639087224526287
pearson: 0.008178785802389382
p-valu: 0.011095479528867273

AL interation 1379/4801.

mae: 0.015058385561804834
max_error: 0.10047907820151925
variance: 0.0001563042725940708
pearson: 0.008194483638894523
p-valu: 0.010942217065160732

AL interation 1380/4801.

mae: 0.015054358858233861
max_error: 0.1003075579360797
variance: 0.0001563014473339749
pearson: 0.010192320622884487
p-valu: 0.0015512733359566188

AL interation 1381/4801.

mae: 0.015043508115572405
max_error: 0.10010800673197484
variance: 0.0001561663740162972
pearson: 0.010907750916753086
p-valu: 0.0007064408460796562

AL interation 1382/4801.

mae: 0.01504240164768169
max_error: 0.10001617859532819
variance: 0.00015618309708333462
pearson: 0.011653880355104458
p-valu: 0.0002960280154111492

AL interation 1383/4801.

mae: 0.015033875246166558
max_error: 0.10019253868020717
variance: 0.0001562963140316437
pearson: 0.01153105792528369
p-valu: 0.0003428173569811381

AL interation 1384/4801.

mae: 0.015033840254348176
max_error: 0.10019280182180812
variance: 0.00015629533825581497
pearson: 0.01016462669899542
p-valu: 0.0015981109971576275

AL interation 1385/4801.

mae: 0.015026019423326386
max_error: 0.09994138941036401
variance: 0.00015612342494542518
pearson: 0.009980432486823673
p-valu: 0.0019415036353272787

AL interation 1386/4801.

mae: 0.015027270059101571
max_error: 0.10000003084590792
variance: 0.00015606559488946147
pearson: 0.010479858775309624
p-valu: 0.0011374958901162703

AL interation 1387/4801.

mae: 0.015019475012673268
max_error: 0.09983182695580983
variance: 0.000155815226502004
pearson: 0.010116106618748115
p-valu: 0.0016829412572739923

AL interation 1388/4801.

mae: 0.015014573049738267
max_error: 0.09972197568302765
variance: 0.00015576758738632522
pearson: 0.010605407853451628
p-valu: 0.0009910370064705094

AL interation 1389/4801.

mae: 0.015010316312071432
max_error: 0.0997333851462685
variance: 0.0001558501873472583
pearson: 0.00975838188475386
p-valu: 0.0024453575394390984

AL interation 1390/4801.

mae: 0.015007867177183465
max_error: 0.10008355966923266
variance: 0.00015590526913484954
pearson: 0.009882439241151907
p-valu: 0.0021511577723981137

AL interation 1391/4801.

mae: 0.015015153348853002
max_error: 0.10035485137953803
variance: 0.00015608182035919195
pearson: 0.00931195497975406
p-valu: 0.003835681123163273

AL interation 1392/4801.

mae: 0.014992256899972169
max_error: 0.10045871914011006
variance: 0.0001561057392631345
pearson: 0.00834004813406664
p-valu: 0.009609694850514388

AL interation 1393/4801.

mae: 0.015024554243034755
max_error: 0.10035943101528066
variance: 0.00015658105731982368
pearson: 0.008253460114481186
p-valu: 0.010387174399540606

AL interation 1394/4801.

mae: 0.015017222043610869
max_error: 0.10168874887179702
variance: 0.00015712144859897814
pearson: 0.007771718840016139
p-valu: 0.01581875247150381

AL interation 1395/4801.

mae: 0.01501685040548139
max_error: 0.10167030886535433
variance: 0.00015713548261093766
pearson: 0.007592457468849477
p-valu: 0.01840354693134318

AL interation 1396/4801.

mae: 0.01499503277128375
max_error: 0.1011375164503392
variance: 0.0001573664557475812
pearson: 0.007869670082040542
p-valu: 0.014547202039581581

AL interation 1397/4801.

mae: 0.01499351458412426
max_error: 0.10112250511886889
variance: 0.0001573809616384403
pearson: 0.008158648335178105
p-valu: 0.011303470993094346

AL interation 1398/4801.

mae: 0.015004650780387128
max_error: 0.10109962545496676
variance: 0.00015726122139488564
pearson: 0.00845765523517334
p-valu: 0.008639418296364849

AL interation 1399/4801.

mae: 0.015003497798800265
max_error: 0.10111378316836128
variance: 0.00015723001337897657
pearson: 0.008598095977859554
p-valu: 0.0075942684577157485

AL interation 1400/4801.

mae: 0.015005875592888544
max_error: 0.10127696733096347
variance: 0.00015738901598323922
pearson: 0.00884037626643699
p-valu: 0.006054613425752891

AL interation 1401/4801.

mae: 0.01500137014322274
max_error: 0.10109058937567572
variance: 0.00015728301794503346
pearson: 0.009297732267743943
p-valu: 0.0038917857988730957

AL interation 1402/4801.

mae: 0.015051872573478108
max_error: 0.10080783275410288
variance: 0.00015842166870607836
pearson: 0.00728349455659302
p-valu: 0.02373560948913002

AL interation 1403/4801.

mae: 0.015056701933455001
max_error: 0.1006835775599797
variance: 0.00015837809664535462
pearson: 0.008618324902348875
p-valu: 0.007454645197908396

AL interation 1404/4801.

mae: 0.015053594710146372
max_error: 0.10152482488072967
variance: 0.00015849821892606432
pearson: 0.008837590761006894
p-valu: 0.006071641090335903

AL interation 1405/4801.

mae: 0.015055330603672527
max_error: 0.1012859791947307
variance: 0.0001583201174737925
pearson: 0.008799589725983693
p-valu: 0.006293700908337346

AL interation 1406/4801.

mae: 0.015031188075553658
max_error: 0.1012320449260955
variance: 0.0001581755097099162
pearson: 0.008097513196522901
p-valu: 0.011934520017452351

AL interation 1407/4801.

mae: 0.01503168049547783
max_error: 0.10125274675400253
variance: 0.00015821772585089316
pearson: 0.008430061822180828
p-valu: 0.008862514308779282

AL interation 1408/4801.

mae: 0.015036399589560958
max_error: 0.10102645113332476
variance: 0.00015825907274470276
pearson: 0.008677040697089945
p-valu: 0.007060399938877269

AL interation 1409/4801.

mae: 0.015034210051114109
max_error: 0.10119507798143279
variance: 0.00015830183810520146
pearson: 0.00830328698497902
p-valu: 0.009939579555039185

AL interation 1410/4801.

mae: 0.015034154168207203
max_error: 0.10119349889513107
variance: 0.00015830155918206576
pearson: 0.008453909545511147
p-valu: 0.008673143269094054

AL interation 1411/4801.

mae: 0.015035081273376612
max_error: 0.10109105378413408
variance: 0.00015826254948794348
pearson: 0.008768926677948922
p-valu: 0.006479617429184392

AL interation 1412/4801.

mae: 0.015033411142434427
max_error: 0.10113080457839208
variance: 0.0001582388656777383
pearson: 0.008424077263504196
p-valu: 0.008912650417213607

AL interation 1413/4801.

mae: 0.015032167901207207
max_error: 0.10111288341593938
variance: 0.0001582385966305514
pearson: 0.007957474684601793
p-valu: 0.013492242616359014

AL interation 1414/4801.

mae: 0.015013527247712398
max_error: 0.10054474457482176
variance: 0.00015855050325381195
pearson: 0.007923950591264786
p-valu: 0.01389045305373355

AL interation 1415/4801.

mae: 0.014986881121946507
max_error: 0.10104432156802834
variance: 0.00015866567887754196
pearson: 0.02226600809713082
p-valu: 4.729815310587548e-12

AL interation 1416/4801.

mae: 0.01498051367459826
max_error: 0.10108482790136297
variance: 0.00015868610319292396
pearson: 0.02205081202610212
p-valu: 7.563182546360857e-12

AL interation 1417/4801.

mae: 0.014980296954070842
max_error: 0.10103830900678479
variance: 0.0001586541110569361
pearson: 0.022549257212571255
p-valu: 2.5350024417361315e-12

AL interation 1418/4801.

mae: 0.014979675430667189
max_error: 0.10105166976248658
variance: 0.0001586866693921273
pearson: 0.02297715190294822
p-valu: 9.73449071596206e-13

AL interation 1419/4801.

mae: 0.014961507288160661
max_error: 0.10089291088869179
variance: 0.00015815570707275806
pearson: 0.023317862621709727
p-valu: 4.4872324464799385e-13

AL interation 1420/4801.

mae: 0.01493801777213913
max_error: 0.10109463804340924
variance: 0.00015824362176565683
pearson: 0.023400919727349635
p-valu: 3.7098453730136027e-13

AL interation 1421/4801.

mae: 0.014937434692998875
max_error: 0.10107410867479705
variance: 0.00015825130733507483
pearson: 0.023482738475104382
p-valu: 3.0739049894893107e-13

AL interation 1422/4801.

mae: 0.014951486908936596
max_error: 0.10082022412123881
variance: 0.00015824375465731192
pearson: 0.022654879714107845
p-valu: 2.0073112912509755e-12

AL interation 1423/4801.

mae: 0.014916182064710676
max_error: 0.10110737475091303
variance: 0.00015768883264947979
pearson: 0.024062138987010734
p-valu: 7.959346726130369e-14

AL interation 1424/4801.

mae: 0.014915277705863882
max_error: 0.1012653597286175
variance: 0.00015767841544771775
pearson: 0.024346552811245883
p-valu: 4.05293783183472e-14

AL interation 1425/4801.

mae: 0.014912202606755525
max_error: 0.10097804268801558
variance: 0.0001573145550959805
pearson: 0.024892768238432922
p-valu: 1.0848947196626414e-14

AL interation 1426/4801.

mae: 0.014910439004021352
max_error: 0.10095713414901586
variance: 0.00015724555519676004
pearson: 0.02416344354949519
p-valu: 6.269014936304237e-14

AL interation 1427/4801.

mae: 0.01491765094121672
max_error: 0.10113878318933023
variance: 0.00015746088914896523
pearson: 0.02493184021836218
p-valu: 9.8681747050715e-15

AL interation 1428/4801.

mae: 0.014913272637472297
max_error: 0.10142996619427724
variance: 0.00015725500783616273
pearson: 0.0258493290891784
p-valu: 1.0081613577357394e-15

AL interation 1429/4801.

mae: 0.01491767536320356
max_error: 0.1010283590378862
variance: 0.00015758165235572807
pearson: 0.02450135250590759
p-valu: 2.8017479414800516e-14

AL interation 1430/4801.

mae: 0.0149163396254275
max_error: 0.10056585799410134
variance: 0.00015743426893531304
pearson: 0.023697755260623406
p-valu: 1.8730980105380894e-13

AL interation 1431/4801.

mae: 0.014919197557399965
max_error: 0.10065300936097121
variance: 0.00015741678466150337
pearson: 0.02290431121076718
p-valu: 1.1511534774219079e-12

AL interation 1432/4801.

mae: 0.014920097751001402
max_error: 0.10050476184122492
variance: 0.00015736205722850392
pearson: 0.022934000195516634
p-valu: 1.0769972488613144e-12

AL interation 1433/4801.

mae: 0.014915227970330961
max_error: 0.10025602684484913
variance: 0.00015730227769932323
pearson: 0.02361250656097596
p-valu: 2.285004459064482e-13

AL interation 1434/4801.

mae: 0.014889848657943194
max_error: 0.1004296922883754
variance: 0.0001570683167858849
pearson: 0.0224858534948717
p-valu: 2.9298808239706385e-12

AL interation 1435/4801.

mae: 0.014856955241305446
max_error: 0.10186681930420893
variance: 0.00015641493321410727
pearson: 0.02080257276129059
p-valu: 1.0588716102275702e-10

AL interation 1436/4801.

mae: 0.014858903731724805
max_error: 0.10167631394418497
variance: 0.0001563781903061603
pearson: 0.022094004542268862
p-valu: 6.920316172035008e-12

AL interation 1437/4801.

mae: 0.014861268893725904
max_error: 0.10150722118854394
variance: 0.00015633395790426276
pearson: 0.02281742318122075
p-valu: 1.401491464317078e-12

AL interation 1438/4801.

mae: 0.014860489727045232
max_error: 0.10153182816501105
variance: 0.00015630902854198498
pearson: 0.022580201373740096
p-valu: 2.379765719086894e-12

AL interation 1439/4801.

mae: 0.014856077955378329
max_error: 0.10118516540345301
variance: 0.0001564948783513221
pearson: 0.022367085922632004
p-valu: 3.8119199944618895e-12

AL interation 1440/4801.

mae: 0.014860805803301307
max_error: 0.1011918216322869
variance: 0.00015657421277159218
pearson: 0.022176879606046834
p-valu: 5.7834757304122765e-12

AL interation 1441/4801.

mae: 0.014860562397119996
max_error: 0.10137548154833387
variance: 0.0001563679851641793
pearson: 0.022716357209962804
p-valu: 1.7589268791489046e-12

AL interation 1442/4801.

mae: 0.014861228872064178
max_error: 0.10138420525143776
variance: 0.00015637601293211933
pearson: 0.023229196792079618
p-valu: 5.530214765384756e-13

AL interation 1443/4801.

mae: 0.014823265100982664
max_error: 0.1006350025250271
variance: 0.00015577845875518642
pearson: 0.0225133646792302
p-valu: 2.763318674476521e-12

AL interation 1444/4801.

mae: 0.014825542597166874
max_error: 0.10068185205844604
variance: 0.00015571529780391462
pearson: 0.02346567242586327
p-valu: 3.2179065218712694e-13

AL interation 1445/4801.

mae: 0.014825551182513486
max_error: 0.10067629415201229
variance: 0.00015571328657495724
pearson: 0.022838242401238516
p-valu: 1.3403956851281759e-12

AL interation 1446/4801.

mae: 0.014825312267629606
max_error: 0.10068655750618238
variance: 0.00015571336801628707
pearson: 0.022088325663737238
p-valu: 7.023722598804849e-12

AL interation 1447/4801.

mae: 0.014824807179581467
max_error: 0.10074881538961056
variance: 0.0001556965499810812
pearson: 0.023602811186595442
p-valu: 2.3462172140700904e-13

AL interation 1448/4801.

mae: 0.014825745281856696
max_error: 0.10090810343243395
variance: 0.00015572109677947622
pearson: 0.022944050030245848
p-valu: 1.057407142523897e-12

AL interation 1449/4801.

mae: 0.014832268740796198
max_error: 0.10094500529592954
variance: 0.00015568438722703582
pearson: 0.022438904097034904
p-valu: 3.262527088463467e-12

AL interation 1450/4801.

mae: 0.014834765128285384
max_error: 0.10089034975434008
variance: 0.0001558120847763873
pearson: 0.022183420138822685
p-valu: 5.715871357135916e-12

AL interation 1451/4801.

mae: 0.014844767819673818
max_error: 0.10066065816389203
variance: 0.00015582324503166873
pearson: 0.02274861347581096
p-valu: 1.6409631236091482e-12

AL interation 1452/4801.

mae: 0.014842350867973196
max_error: 0.10043403029206677
variance: 0.00015555970406132003
pearson: 0.023886169475676896
p-valu: 1.2142076685785355e-13

AL interation 1453/4801.

mae: 0.014838509945337986
max_error: 0.10045477460633667
variance: 0.00015547808865908264
pearson: 0.023697278674412132
p-valu: 1.8875453461122395e-13

AL interation 1454/4801.

mae: 0.01484119642097854
max_error: 0.10058959997880668
variance: 0.00015561227072156332
pearson: 0.023830397644191682
p-valu: 1.384310274998175e-13

AL interation 1455/4801.

mae: 0.014843604129737283
max_error: 0.10042041252953315
variance: 0.00015558383786669434
pearson: 0.02420578831524379
p-valu: 5.719137085289922e-14

AL interation 1456/4801.

mae: 0.01483871265769434
max_error: 0.10059382219381807
variance: 0.00015555463433818587
pearson: 0.02330703898323882
p-valu: 4.647148562977146e-13

AL interation 1457/4801.

mae: 0.014838544678062558
max_error: 0.10059192568886322
variance: 0.00015555865952413515
pearson: 0.02296185799099803
p-valu: 1.0182513548073835e-12

AL interation 1458/4801.

mae: 0.014838224317280636
max_error: 0.10057434103035523
variance: 0.00015538629629146804
pearson: 0.023317406208598804
p-valu: 4.5407020789689764e-13

AL interation 1459/4801.

mae: 0.014836764456852083
max_error: 0.10063207151873432
variance: 0.00015545291609844048
pearson: 0.024382263062275634
p-valu: 3.7610765564053045e-14

AL interation 1460/4801.

mae: 0.014830210231215658
max_error: 0.10227187475269095
variance: 0.0001551782625215012
pearson: 0.02457383695921196
p-valu: 2.375950365753216e-14

AL interation 1461/4801.

mae: 0.014827690979277684
max_error: 0.10219878283104156
variance: 0.0001550186115243268
pearson: 0.02464253097017885
p-valu: 2.013856119920015e-14

AL interation 1462/4801.

mae: 0.014804352775552808
max_error: 0.10215503046109409
variance: 0.00015465606677520817
pearson: 0.024443560452491186
p-valu: 3.25090812554194e-14

AL interation 1463/4801.

mae: 0.014804210470256826
max_error: 0.10215634817476205
variance: 0.00015465467473182106
pearson: 0.024333523680922352
p-valu: 4.230358650832619e-14

AL interation 1464/4801.

mae: 0.014810785281238921
max_error: 0.10207388053621291
variance: 0.00015460825848957792
pearson: 0.024634577597891883
p-valu: 2.054801459848624e-14

AL interation 1465/4801.

mae: 0.014816280106425819
max_error: 0.10201830121812638
variance: 0.00015459992036064073
pearson: 0.0245538067460592
p-valu: 2.4971461676982615e-14

AL interation 1466/4801.

mae: 0.014793211414563797
max_error: 0.10242085482039731
variance: 0.00015321617002713245
pearson: 0.024692792443846628
p-valu: 1.7862410821795738e-14

AL interation 1467/4801.

mae: 0.014787319903616836
max_error: 0.10246763152898386
variance: 0.00015315866204595777
pearson: 0.02488000370349897
p-valu: 1.134086641572128e-14

AL interation 1468/4801.

mae: 0.014787711307220836
max_error: 0.10247241964251264
variance: 0.00015315917905190328
pearson: 0.02538248303216845
p-valu: 3.2940709358518954e-15

AL interation 1469/4801.

mae: 0.014777490761108755
max_error: 0.10152104902184367
variance: 0.00015265499396183122
pearson: 0.026177651942695522
p-valu: 4.4329946870439085e-16

AL interation 1470/4801.

mae: 0.014765920136889715
max_error: 0.1016758782143683
variance: 0.0001526028268784293
pearson: 0.025754006848448842
p-valu: 1.3008758056022098e-15

AL interation 1471/4801.

mae: 0.01476015942450531
max_error: 0.10230776264168928
variance: 0.00015249941559947116
pearson: 0.02486985590042806
p-valu: 1.1639412886749988e-14

AL interation 1472/4801.

mae: 0.014760596492895815
max_error: 0.10226815889135144
variance: 0.00015244705710788778
pearson: 0.02543298661578649
p-valu: 2.909034567620399e-15

AL interation 1473/4801.

mae: 0.014763900810573112
max_error: 0.10161407397052646
variance: 0.0001525535118870239
pearson: 0.024270050118563098
p-valu: 4.9357115546294387e-14

AL interation 1474/4801.

mae: 0.01476408444607579
max_error: 0.10160640664051646
variance: 0.00015257724467927243
pearson: 0.025461180333981343
p-valu: 2.713532215001437e-15

AL interation 1475/4801.

mae: 0.014766201904813295
max_error: 0.10155185158785973
variance: 0.00015244375766405808
pearson: 0.025553775344647665
p-valu: 2.1541750647193445e-15

AL interation 1476/4801.

mae: 0.01476148920652849
max_error: 0.10155842318775687
variance: 0.0001523144399910483
pearson: 0.026132819815221347
p-valu: 4.983834356121163e-16

AL interation 1477/4801.

mae: 0.014743158877144023
max_error: 0.10137272385307772
variance: 0.00015195452868879062
pearson: 0.025662911842376956
p-valu: 1.6397760289115338e-15

AL interation 1478/4801.

mae: 0.014742666231722122
max_error: 0.10135252038756737
variance: 0.00015193833153234304
pearson: 0.025771957071277503
p-valu: 1.246678280132709e-15

AL interation 1479/4801.

mae: 0.014743694885335843
max_error: 0.10122032620964494
variance: 0.00015191809032476656
pearson: 0.025362771257089533
p-valu: 3.471829894920325e-15

AL interation 1480/4801.

mae: 0.01474729149099131
max_error: 0.10130827390256347
variance: 0.000151832812075638
pearson: 0.02423738031393079
p-valu: 5.345533020788914e-14

AL interation 1481/4801.

mae: 0.014747158800922656
max_error: 0.10131176049233948
variance: 0.00015183544911348757
pearson: 0.024206822247009933
p-valu: 5.749508404457275e-14

AL interation 1482/4801.

mae: 0.014747792751281331
max_error: 0.10133260568571534
variance: 0.00015188979112836193
pearson: 0.02473752634249638
p-valu: 1.6108589872914336e-14

AL interation 1483/4801.

mae: 0.014739999114784859
max_error: 0.10119779068716928
variance: 0.00015165947249055122
pearson: 0.02494381637610757
p-valu: 9.75478558140988e-15

AL interation 1484/4801.

mae: 0.014707465056894154
max_error: 0.10126675015388575
variance: 0.00015113819850820148
pearson: 0.025005330868188194
p-valu: 8.394927585601607e-15

AL interation 1485/4801.

mae: 0.014704982987907055
max_error: 0.10112642437096331
variance: 0.0001513769101275387
pearson: 0.024296553436790373
p-valu: 4.6506821538701746e-14

AL interation 1486/4801.

mae: 0.014696084787540052
max_error: 0.101220803842611
variance: 0.00015135804137881981
pearson: 0.024062663068987234
p-valu: 8.098429298200776e-14

AL interation 1487/4801.

mae: 0.01469572593872751
max_error: 0.10106825316327961
variance: 0.00015148463766652162
pearson: 0.02320397221139946
p-valu: 5.930314445298268e-13

AL interation 1488/4801.

mae: 0.014698736601303651
max_error: 0.10134210925187692
variance: 0.0001514098112596006
pearson: 0.024272453322858347
p-valu: 4.9296820840750276e-14

AL interation 1489/4801.

mae: 0.014701014662423238
max_error: 0.10048686173448407
variance: 0.0001516266657993029
pearson: 0.0255579458385273
p-valu: 2.1417453809063844e-15

AL interation 1490/4801.

mae: 0.014691178686917846
max_error: 0.10023278460974727
variance: 0.00015138677392567484
pearson: 0.02528057772748905
p-valu: 4.2716368881607005e-15

AL interation 1491/4801.

mae: 0.014691199875879897
max_error: 0.10015224234510645
variance: 0.00015148924140425361
pearson: 0.025435284867376295
p-valu: 2.9105528618582626e-15

AL interation 1492/4801.

mae: 0.01468444053217684
max_error: 0.10028523706936032
variance: 0.00015135380672163848
pearson: 0.025665470922987363
p-valu: 1.637466524374582e-15

AL interation 1493/4801.

mae: 0.014688457209765821
max_error: 0.1004238450207453
variance: 0.00015109954505618557
pearson: 0.02438921764227482
p-valu: 3.737313819886136e-14

AL interation 1494/4801.

mae: 0.014677239409122383
max_error: 0.10035770413745415
variance: 0.000150857394611488
pearson: 0.024432743333646367
p-valu: 3.3688096819051036e-14

AL interation 1495/4801.

mae: 0.014677349738166033
max_error: 0.1003346606453619
variance: 0.00015089990281240515
pearson: 0.022547475328000582
p-valu: 2.5970263124576863e-12

AL interation 1496/4801.

mae: 0.014671840699452982
max_error: 0.10036276717122239
variance: 0.00015083675008345295
pearson: 0.02276628866033416
p-valu: 1.5962387357507678e-12

AL interation 1497/4801.

mae: 0.014672894331758893
max_error: 0.10038765782704506
variance: 0.000150831716497096
pearson: 0.023021037425420873
p-valu: 9.005538465496993e-13

AL interation 1498/4801.

mae: 0.014672242019312958
max_error: 0.10042711996632936
variance: 0.00015078429510465032
pearson: 0.023219491346196833
p-valu: 5.741617698767322e-13

AL interation 1499/4801.

mae: 0.014676578448301928
max_error: 0.10059245998653243
variance: 0.00015081851499072706
pearson: 0.023629341926314863
p-valu: 2.239154754332094e-13

AL interation 1500/4801.

mae: 0.014678725114736033
max_error: 0.10045183101582045
variance: 0.00015081475761716145
pearson: 0.023548666007830423
p-valu: 2.699452518965856e-13

AL interation 1501/4801.

mae: 0.014675171272002982
max_error: 0.10027511594242644
variance: 0.0001506746324549567
pearson: 0.023257182207882424
p-valu: 5.273058925204495e-13

AL interation 1502/4801.

mae: 0.014661622399690306
max_error: 0.10031716023130177
variance: 0.00015022336638678116
pearson: 0.022803366691550083
p-valu: 1.471486014647817e-12

AL interation 1503/4801.

mae: 0.014608812176757904
max_error: 0.10015948512139805
variance: 0.00014974695744712606
pearson: 0.02291755065390387
p-valu: 1.1390951371226456e-12

AL interation 1504/4801.

mae: 0.014611442662397833
max_error: 0.10000675022868966
variance: 0.00014990730468557092
pearson: 0.023889760342176658
p-valu: 1.22235728234882e-13

AL interation 1505/4801.

mae: 0.014610877694019093
max_error: 0.10011952301991589
variance: 0.00014990491026378093
pearson: 0.023364902756260464
p-valu: 4.12605933766957e-13

AL interation 1506/4801.

mae: 0.014614065450870751
max_error: 0.10009640492265537
variance: 0.00014991922639260777
pearson: 0.02358163970581576
p-valu: 2.505600789408485e-13

AL interation 1507/4801.

mae: 0.014595630370858259
max_error: 0.10000468906949611
variance: 0.00014977364220653813
pearson: 0.024176031914884634
p-valu: 6.233023071726181e-14

AL interation 1508/4801.

mae: 0.01459710152599445
max_error: 0.09999428509334796
variance: 0.00014981284869724734
pearson: 0.02399049805862236
p-valu: 9.661097348869847e-14

AL interation 1509/4801.

mae: 0.014570970006139118
max_error: 0.10025529124894494
variance: 0.00014971737526817784
pearson: 0.02335885191712124
p-valu: 4.1883367454253807e-13

AL interation 1510/4801.

mae: 0.014572467026693485
max_error: 0.10025721670834575
variance: 0.00014975056801190615
pearson: 0.023738018492452627
p-valu: 1.7451171974438115e-13

AL interation 1511/4801.

mae: 0.014580978630836223
max_error: 0.1004083170642247
variance: 0.00014985758496785656
pearson: 0.023633820576077248
p-valu: 2.2236058177137666e-13

AL interation 1512/4801.

mae: 0.014581553796710195
max_error: 0.10038505156652211
variance: 0.00014984001928319032
pearson: 0.023253742361552122
p-valu: 5.330743827348554e-13

AL interation 1513/4801.

mae: 0.014574598149249302
max_error: 0.10049873074106874
variance: 0.00014982295157593996
pearson: 0.02348050807201465
p-valu: 3.1705980644599284e-13

AL interation 1514/4801.

mae: 0.014575233977989616
max_error: 0.10049986879406281
variance: 0.00014981465423559716
pearson: 0.023793598170828524
p-valu: 1.5348865124619153e-13

AL interation 1515/4801.

mae: 0.014576092940778721
max_error: 0.10051666512007107
variance: 0.0001497533948742392
pearson: 0.024236016115532315
p-valu: 5.419265372505413e-14

AL interation 1516/4801.

mae: 0.014575297200948967
max_error: 0.10050745013203088
variance: 0.0001497566272800242
pearson: 0.024355054769516396
p-valu: 4.0832613306555056e-14

AL interation 1517/4801.

mae: 0.01456620053362542
max_error: 0.09991730365803453
variance: 0.00014930831081811115
pearson: 0.0241363485841337
p-valu: 6.867310403797671e-14

AL interation 1518/4801.

mae: 0.014570688750524322
max_error: 0.0999326227124897
variance: 0.00014920292844829397
pearson: 0.024431311710510824
p-valu: 3.4050924682629874e-14

AL interation 1519/4801.

mae: 0.014573560681392466
max_error: 0.09993006030098006
variance: 0.00014930974992153744
pearson: 0.024836401556102075
p-valu: 1.2818528877223657e-14

AL interation 1520/4801.

mae: 0.014607633134998051
max_error: 0.10003187318696694
variance: 0.000149184137425823
pearson: 0.024118890250254342
p-valu: 7.163080446681454e-14

AL interation 1521/4801.

mae: 0.01460770153846556
max_error: 0.09981273716883554
variance: 0.00014911701799470917
pearson: 0.025104139564356715
p-valu: 6.666310350675407e-15

AL interation 1522/4801.

mae: 0.014608310295373957
max_error: 0.09973569109778002
variance: 0.0001491774480738926
pearson: 0.025836652963574628
p-valu: 1.0747131136559888e-15

AL interation 1523/4801.

mae: 0.01460512912910754
max_error: 0.09984158862315273
variance: 0.00014906009800675369
pearson: 0.026427828140452497
p-valu: 2.3741805659599097e-16

AL interation 1524/4801.

mae: 0.014606732529421762
max_error: 0.09970670918531543
variance: 0.00014933048450042885
pearson: 0.026751865363229984
p-valu: 1.0233290293142301e-16

AL interation 1525/4801.

mae: 0.014611001717728734
max_error: 0.09966922884248963
variance: 0.00014935474427042508
pearson: 0.027665594841092916
p-valu: 9.03074241776612e-18

AL interation 1526/4801.

mae: 0.014620248589836788
max_error: 0.0997336866303471
variance: 0.0001497158442563341
pearson: 0.026520836608082292
p-valu: 1.8683938017271896e-16

AL interation 1527/4801.

mae: 0.014618806653597929
max_error: 0.09965362860023963
variance: 0.00014971359873052105
pearson: 0.027225183072854955
p-valu: 2.94170287917575e-17

AL interation 1528/4801.

mae: 0.014619863101229083
max_error: 0.09962481289952341
variance: 0.00014935994258508456
pearson: 0.028073293512875935
p-valu: 2.9827159554904322e-18

AL interation 1529/4801.

mae: 0.014611882813476819
max_error: 0.09966743926250676
variance: 0.00014910516092927055
pearson: 0.027368700793532763
p-valu: 2.008113459863124e-17

AL interation 1530/4801.

mae: 0.014610727295345986
max_error: 0.09957850761751108
variance: 0.00014908480672050803
pearson: 0.028015714254386724
p-valu: 3.4945659329602756e-18

AL interation 1531/4801.

mae: 0.01457638198996845
max_error: 0.09965418524669478
variance: 0.00014842984350714233
pearson: 0.026636330809827406
p-valu: 1.3866908927153942e-16

AL interation 1532/4801.

mae: 0.014576106389851372
max_error: 0.09961064255051899
variance: 0.00014840117828437572
pearson: 0.027648333839593503
p-valu: 9.48725576031003e-18

AL interation 1533/4801.

mae: 0.01457572770171738
max_error: 0.09965888044397109
variance: 0.00014841239195561266
pearson: 0.028094992938104597
p-valu: 2.816136729654348e-18

AL interation 1534/4801.

mae: 0.014575158807078065
max_error: 0.09951455528633635
variance: 0.00014837100845033
pearson: 0.027909409345890406
p-valu: 4.678047415723041e-18

AL interation 1535/4801.

mae: 0.0145737679319402
max_error: 0.09951352848932804
variance: 0.00014838067615210602
pearson: 0.028719268651970414
p-valu: 4.996866584097848e-19

AL interation 1536/4801.

mae: 0.014575129251498972
max_error: 0.09966250461778547
variance: 0.00014837019339687365
pearson: 0.028118709525018652
p-valu: 2.641967388984824e-18

AL interation 1537/4801.

mae: 0.01456300129691142
max_error: 0.09946929187052267
variance: 0.00014834307229715673
pearson: 0.02798129023521154
p-valu: 3.849883247771887e-18

AL interation 1538/4801.

mae: 0.014568683952039531
max_error: 0.09941414281459804
variance: 0.00014826298574108384
pearson: 0.027497045763729546
p-valu: 1.4288664339724036e-17

AL interation 1539/4801.

mae: 0.014566680255623726
max_error: 0.10000642756270683
variance: 0.0001482718717935145
pearson: 0.027777598446075365
p-valu: 6.706124161686631e-18

AL interation 1540/4801.

mae: 0.014554633684635021
max_error: 0.10023859807941737
variance: 0.0001485018196870825
pearson: 0.02712823572487822
p-valu: 3.823425451824607e-17

AL interation 1541/4801.

mae: 0.014554425220008244
max_error: 0.10040206631086623
variance: 0.00014845975883284683
pearson: 0.02669398594312157
p-valu: 1.1976090720071323e-16

AL interation 1542/4801.

mae: 0.014556414869394472
max_error: 0.10038340259532963
variance: 0.0001484124706891665
pearson: 0.02702748529361632
p-valu: 4.9943358121077873e-17

AL interation 1543/4801.

mae: 0.014554994249865566
max_error: 0.10037198555281468
variance: 0.00014809360679026652
pearson: 0.026365519172288396
p-valu: 2.8079668452688136e-16

AL interation 1544/4801.

mae: 0.014558090629902388
max_error: 0.10050717486527394
variance: 0.0001481859884704556
pearson: 0.025604670940075486
p-valu: 1.9405433535720852e-15

AL interation 1545/4801.

mae: 0.014553511341971529
max_error: 0.10037477981021259
variance: 0.00014817307377595182
pearson: 0.02478997571072645
p-valu: 1.4466068869577262e-14

AL interation 1546/4801.

mae: 0.014550763341531912
max_error: 0.10014425905277169
variance: 0.00014756077751736186
pearson: 0.025812909739431185
p-valu: 1.1504328196284397e-15

AL interation 1547/4801.

mae: 0.014565665424611624
max_error: 0.1002008675200472
variance: 0.00014782251586641613
pearson: 0.025647393684451347
p-valu: 1.745258137623185e-15

AL interation 1548/4801.

mae: 0.014574361559846219
max_error: 0.1003539260634938
variance: 0.0001475667387641439
pearson: 0.025541155845361364
p-valu: 2.277658894895344e-15

AL interation 1549/4801.

mae: 0.014552422349300721
max_error: 0.10085807078488362
variance: 0.00014710829230488287
pearson: 0.02701194478450475
p-valu: 5.2168918560821704e-17

AL interation 1550/4801.

mae: 0.014551442153927816
max_error: 0.10087503211915139
variance: 0.00014709200164133361
pearson: 0.02690568157777291
p-valu: 6.903531997569442e-17

AL interation 1551/4801.

mae: 0.014532394040788573
max_error: 0.09856257285312897
variance: 0.00014684977924451153
pearson: 0.02506246603191753
p-valu: 7.455527547323559e-15

AL interation 1552/4801.

mae: 0.014534368556066775
max_error: 0.09863348241632086
variance: 0.00014678763623529375
pearson: 0.02427171577223718
p-valu: 5.0339647422812176e-14

AL interation 1553/4801.

mae: 0.014534895835631114
max_error: 0.09872833397756442
variance: 0.00014706500917155904
pearson: 0.02387481316628681
p-valu: 1.284019216684584e-13

AL interation 1554/4801.

mae: 0.014530670551615568
max_error: 0.09867360870615305
variance: 0.00014710428455453874
pearson: 0.024485172601158865
p-valu: 3.025893761306299e-14

AL interation 1555/4801.

mae: 0.014531365022764633
max_error: 0.09873434746239984
variance: 0.00014699440321513032
pearson: 0.025138960567159585
p-valu: 6.186494163847365e-15

AL interation 1556/4801.

mae: 0.014529536856739186
max_error: 0.09890296627444006
variance: 0.000146987869959975
pearson: 0.02495002544915327
p-valu: 9.832413584704927e-15

AL interation 1557/4801.

mae: 0.014521975400310362
max_error: 0.09876993704804993
variance: 0.00014690648150158015
pearson: 0.02458784616461025
p-valu: 2.3666340088602412e-14

AL interation 1558/4801.

mae: 0.014525317523062778
max_error: 0.09973368723516107
variance: 0.00014633810469937003
pearson: 0.023497513272666328
p-valu: 3.0875950957506033e-13

AL interation 1559/4801.

mae: 0.015458501077651501
max_error: 0.10358704933927076
variance: 0.00016158998375063885
pearson: 0.13900450919292542
p-valu: 0.0

AL interation 1560/4801.

mae: 0.015425377278179823
max_error: 0.10356425063631325
variance: 0.00016098802194217343
pearson: 0.1347831889074367
p-valu: 0.0

AL interation 1561/4801.

mae: 0.015415160596840753
max_error: 0.10280566464988117
variance: 0.00016089325017086772
pearson: 0.1333637503100884
p-valu: 0.0

AL interation 1562/4801.

mae: 0.015407267501999947
max_error: 0.10257884136948126
variance: 0.00016105146709503428
pearson: 0.13276128750692195
p-valu: 0.0

AL interation 1563/4801.

mae: 0.015398898663289052
max_error: 0.1029532403324851
variance: 0.00016090878282799
pearson: 0.13322127523129776
p-valu: 0.0

AL interation 1564/4801.

mae: 0.01537908499117281
max_error: 0.1035007666571659
variance: 0.00016042744005491662
pearson: 0.13019992270780212
p-valu: 0.0

AL interation 1565/4801.

mae: 0.015400960126571635
max_error: 0.10329883237617143
variance: 0.0001609347200332178
pearson: 0.1296149517515411
p-valu: 0.0

AL interation 1566/4801.

mae: 0.015380198028347095
max_error: 0.10413571019742851
variance: 0.00016098834758477437
pearson: 0.12704750855189478
p-valu: 0.0

AL interation 1567/4801.

mae: 0.01535581532194047
max_error: 0.10446630582899563
variance: 0.00016087600964058776
pearson: 0.12627645060387685
p-valu: 0.0

AL interation 1568/4801.

mae: 0.015301560156990622
max_error: 0.10444796764821551
variance: 0.0001592444287653637
pearson: 0.12405021841555593
p-valu: 0.0

AL interation 1569/4801.

mae: 0.015274375845823347
max_error: 0.10324251838895582
variance: 0.00015806372794477752
pearson: 0.1197640252724635
p-valu: 2.7747314097575116e-304

AL interation 1570/4801.

mae: 0.015268354006507829
max_error: 0.1028602222341164
variance: 0.00015792803161304624
pearson: 0.11819390016510004
p-valu: 2.351262191384785e-296

AL interation 1571/4801.

mae: 0.015259840312217993
max_error: 0.10268753157359645
variance: 0.0001576409871775199
pearson: 0.11663912605798187
p-valu: 1.3059726029402243e-288

AL interation 1572/4801.

mae: 0.015232256099027898
max_error: 0.10305700916527205
variance: 0.00015745434912827486
pearson: 0.11476659983862648
p-valu: 2.0089243925664755e-279

AL interation 1573/4801.

mae: 0.015184830711373533
max_error: 0.09730203768598078
variance: 0.0001567648761940619
pearson: 0.10891189205983748
p-valu: 1.0936865749914734e-251

AL interation 1574/4801.

mae: 0.015180519328169674
max_error: 0.09733667341655239
variance: 0.0001565987388119425
pearson: 0.10673351183362881
p-valu: 9.576202907638376e-242

AL interation 1575/4801.

mae: 0.015166645091663572
max_error: 0.09723413611007747
variance: 0.00015614112721610592
pearson: 0.10417536280899567
p-valu: 2.4795308237682734e-230

AL interation 1576/4801.

mae: 0.015149161972433529
max_error: 0.09626728232209136
variance: 0.00015565727897340052
pearson: 0.10322024692985976
p-valu: 3.842546099093272e-226

AL interation 1577/4801.

mae: 0.015149124961485353
max_error: 0.09627370208253017
variance: 0.00015566591604473357
pearson: 0.10364573722473866
p-valu: 5.323366141607161e-228

AL interation 1578/4801.

mae: 0.015136744774172853
max_error: 0.09607808388026062
variance: 0.00015540475184760115
pearson: 0.09894775940519852
p-valu: 6.939384209406903e-208

AL interation 1579/4801.

mae: 0.01513634225256021
max_error: 0.09624726730683908
variance: 0.00015548842549426923
pearson: 0.09890154481005665
p-valu: 1.0879079673180736e-207

AL interation 1580/4801.

mae: 0.015115849466582301
max_error: 0.09591738809220662
variance: 0.0001558522947996033
pearson: 0.097655823207195
p-valu: 1.621832817825137e-202

AL interation 1581/4801.

mae: 0.015118299150784477
max_error: 0.09611116810814058
variance: 0.000155753189866915
pearson: 0.09629914116971225
p-valu: 5.862741996178198e-197

AL interation 1582/4801.

mae: 0.015118121545285157
max_error: 0.09621942311858622
variance: 0.00015595434877147235
pearson: 0.0952376567069223
p-valu: 1.153675496661731e-192

AL interation 1583/4801.

mae: 0.015130001145653844
max_error: 0.09651123675101592
variance: 0.00015567306058113294
pearson: 0.09461178908307113
p-valu: 3.7324338858465484e-190

AL interation 1584/4801.

mae: 0.015061137693518965
max_error: 0.0964978493268831
variance: 0.00015450578728987857
pearson: 0.09095831544262276
p-valu: 7.563706067205378e-176

AL interation 1585/4801.

mae: 0.01506689613107971
max_error: 0.09683023970322613
variance: 0.00015429027161174908
pearson: 0.08845808279713988
p-valu: 2.190924703720117e-166

AL interation 1586/4801.

mae: 0.015036575362284536
max_error: 0.09534536141339633
variance: 0.00015434718543362892
pearson: 0.08667220074810673
p-valu: 8.628633676297787e-160

AL interation 1587/4801.

mae: 0.015034181312548052
max_error: 0.09559796223860251
variance: 0.00015437002624435023
pearson: 0.08672030296137197
p-valu: 5.777914099189695e-160

AL interation 1588/4801.

mae: 0.015018508038648092
max_error: 0.09553922571538753
variance: 0.00015407752279161184
pearson: 0.08617685384533111
p-valu: 5.545240299825905e-158

AL interation 1589/4801.

mae: 0.015021360498953524
max_error: 0.09495316894984573
variance: 0.0001539257079903473
pearson: 0.08557054585225321
p-valu: 8.714307582895519e-156

AL interation 1590/4801.

mae: 0.015011988033755592
max_error: 0.09445632497071021
variance: 0.00015413763675549224
pearson: 0.08614391196927408
p-valu: 7.358776913882179e-158

AL interation 1591/4801.

mae: 0.01501114745292925
max_error: 0.09447714622664027
variance: 0.00015385208547382613
pearson: 0.0856143237463891
p-valu: 6.102278729004504e-156

AL interation 1592/4801.

mae: 0.014999332907780638
max_error: 0.09449063330433494
variance: 0.00015340448453960375
pearson: 0.08443092189444013
p-valu: 1.0657116665349336e-151

AL interation 1593/4801.

mae: 0.015008931752239182
max_error: 0.09472176662373788
variance: 0.00015348911683250074
pearson: 0.08439534446740407
p-valu: 1.4313840843879308e-151

AL interation 1594/4801.

mae: 0.014993032390611333
max_error: 0.0951121368600838
variance: 0.00015315212229549877
pearson: 0.08671921147385925
p-valu: 5.98758121228585e-160

AL interation 1595/4801.

mae: 0.015012165657390879
max_error: 0.09525141871043563
variance: 0.00015324930967760615
pearson: 0.0875920948625318
p-valu: 3.729983937106626e-163

AL interation 1596/4801.

mae: 0.015022403980369784
max_error: 0.09514894445377142
variance: 0.00015324764750204224
pearson: 0.08625625484431143
p-valu: 2.9399116493403634e-158

AL interation 1597/4801.

mae: 0.015038966785643353
max_error: 0.09475573810167082
variance: 0.00015309410494255648
pearson: 0.0851439340366034
p-valu: 3.074158824044572e-154

AL interation 1598/4801.

mae: 0.015037107598882186
max_error: 0.09421549540641938
variance: 0.00015317386696853003
pearson: 0.08358734019526792
p-valu: 1.054859501928108e-148

AL interation 1599/4801.

mae: 0.015045085533867228
max_error: 0.09424598296394326
variance: 0.00015321692565648982
pearson: 0.08294033398962683
p-valu: 1.9701900255600585e-146

AL interation 1600/4801.

mae: 0.015031479769066054
max_error: 0.09414905352290082
variance: 0.00015268060425997217
pearson: 0.08301085638221853
p-valu: 1.1206634813886644e-146

AL interation 1601/4801.

mae: 0.015030074202759074
max_error: 0.09418939294053819
variance: 0.00015269633566895432
pearson: 0.08362917247971216
p-valu: 7.592846822193763e-149

AL interation 1602/4801.

mae: 0.014999957916754975
max_error: 0.09397163245083395
variance: 0.00015277489763485877
pearson: 0.08255540032224963
p-valu: 4.374337537838688e-145

AL interation 1603/4801.

mae: 0.014998740246909111
max_error: 0.0922858970334659
variance: 0.00015265227786450224
pearson: 0.08236163306069574
p-valu: 2.0677066990146287e-144

AL interation 1604/4801.

mae: 0.015030145007916475
max_error: 0.09240970902991141
variance: 0.00015310420873205778
pearson: 0.08286505735747497
p-valu: 3.672176323792865e-146

AL interation 1605/4801.

mae: 0.015009345879484094
max_error: 0.09306229951815514
variance: 0.00015312552255716637
pearson: 0.08230144882276963
p-valu: 3.366524664214415e-144

AL interation 1606/4801.

mae: 0.015012637317124091
max_error: 0.09401314367463276
variance: 0.0001530827686285642
pearson: 0.08270999021001466
p-valu: 1.284495866089021e-145

AL interation 1607/4801.

mae: 0.015005270967079912
max_error: 0.09380158880552192
variance: 0.00015287396596019265
pearson: 0.08265692732068816
p-valu: 1.9726528712267264e-145

AL interation 1608/4801.

mae: 0.014994715304922124
max_error: 0.09449231172132788
variance: 0.0001527791135160287
pearson: 0.08214389372745698
p-valu: 1.1948269765389371e-143

AL interation 1609/4801.

mae: 0.015003034136417024
max_error: 0.09439319013361858
variance: 0.00015288705660790555
pearson: 0.08132581404351556
p-valu: 7.855351746811766e-141

AL interation 1610/4801.

mae: 0.014998890953438601
max_error: 0.09451713153387975
variance: 0.00015276340999954794
pearson: 0.0813826384011754
p-valu: 5.0338824631843855e-141

AL interation 1611/4801.

mae: 0.015002260254099268
max_error: 0.09480036497305666
variance: 0.00015279178189506
pearson: 0.08107760748872775
p-valu: 5.583413800124863e-140

AL interation 1612/4801.

mae: 0.014996995567943476
max_error: 0.09490127755001088
variance: 0.00015268213954613372
pearson: 0.08139069559956336
p-valu: 4.7552724152044614e-141

AL interation 1613/4801.

mae: 0.014996704595527727
max_error: 0.094806931090065
variance: 0.00015272223287362215
pearson: 0.08213461316843794
p-valu: 1.3085057772030043e-143

AL interation 1614/4801.

mae: 0.014995672668175737
max_error: 0.09487693598547087
variance: 0.00015268994837494497
pearson: 0.08461727574227412
p-valu: 2.501536618559436e-152

AL interation 1615/4801.

mae: 0.014985584079246213
max_error: 0.09449216609667421
variance: 0.00015258043428876403
pearson: 0.08228820844708765
p-valu: 3.8713103332367024e-144

AL interation 1616/4801.

mae: 0.014989166020430263
max_error: 0.09443989788158835
variance: 0.0001524597739745838
pearson: 0.08238511830353036
p-valu: 1.7916283929141442e-144

AL interation 1617/4801.

mae: 0.014994927993399312
max_error: 0.09459787246376838
variance: 0.00015251293249507914
pearson: 0.08197374401715071
p-valu: 4.7711759895286175e-143

AL interation 1618/4801.

mae: 0.014966145966109685
max_error: 0.0947480106697498
variance: 0.0001516957900770164
pearson: 0.07888252221561357
p-valu: 1.4105558564246105e-132

AL interation 1619/4801.

mae: 0.014964738653515927
max_error: 0.09465422243809773
variance: 0.0001516974753207499
pearson: 0.07841607511981755
p-valu: 4.956971853672736e-131

AL interation 1620/4801.

mae: 0.014962440613297335
max_error: 0.09452048494157173
variance: 0.00015199748385837523
pearson: 0.07768718156795008
p-valu: 1.234503881077722e-128

AL interation 1621/4801.

mae: 0.014960014618263804
max_error: 0.09481821118814371
variance: 0.00015219179845456967
pearson: 0.07886418774952006
p-valu: 1.6381150219763457e-132

AL interation 1622/4801.

mae: 0.014928580523450955
max_error: 0.0942966747755094
variance: 0.00015194567856100316
pearson: 0.07684748659001839
p-valu: 6.685001116743076e-126

AL interation 1623/4801.

mae: 0.014937563703569164
max_error: 0.09431355900418059
variance: 0.0001515921061523257
pearson: 0.0761250061657018
p-valu: 1.41960430922724e-123

AL interation 1624/4801.

mae: 0.014946700880630178
max_error: 0.09423985545712132
variance: 0.00015167821535442562
pearson: 0.07689073682703158
p-valu: 4.872454337886484e-126

AL interation 1625/4801.

mae: 0.014946675697736084
max_error: 0.09393322651706915
variance: 0.00015155446688808175
pearson: 0.07666838069181693
p-valu: 2.556169248669266e-125

AL interation 1626/4801.

mae: 0.014938190963277535
max_error: 0.09341811605262085
variance: 0.00015071539400230907
pearson: 0.07570838974919455
p-valu: 3.0690520342051947e-122

AL interation 1627/4801.

mae: 0.014933232131652627
max_error: 0.09292069339861375
variance: 0.0001506333525181666
pearson: 0.07599473618014736
p-valu: 3.7515414866325065e-123

AL interation 1628/4801.

mae: 0.014934056771229462
max_error: 0.09293917037783506
variance: 0.00015042410936189063
pearson: 0.075188528842202
p-valu: 1.3805272077662206e-120

AL interation 1629/4801.

mae: 0.01493284159650549
max_error: 0.09290045955529824
variance: 0.00015037689468643195
pearson: 0.07549821120799595
p-valu: 1.4435714996222354e-121

AL interation 1630/4801.

mae: 0.01493430958593266
max_error: 0.09290196859118116
variance: 0.0001503673431784639
pearson: 0.07377470160372689
p-valu: 3.7438063879261823e-116

AL interation 1631/4801.

mae: 0.014928694250685442
max_error: 0.09260496420668862
variance: 0.0001501615438583359
pearson: 0.07325220055653996
p-valu: 1.5506512328787726e-114

AL interation 1632/4801.

mae: 0.014929306026655941
max_error: 0.09311481961006796
variance: 0.00015038196665757587
pearson: 0.07360047911577615
p-valu: 1.305601399834096e-115

AL interation 1633/4801.

mae: 0.014929845053916516
max_error: 0.09304155783937351
variance: 0.00015040679569546284
pearson: 0.07305958488823538
p-valu: 6.10457051278962e-114

AL interation 1634/4801.

mae: 0.014908995775615474
max_error: 0.09308255105273422
variance: 0.00015012252102838817
pearson: 0.07145084346498838
p-valu: 4.74809187493135e-109

AL interation 1635/4801.

mae: 0.014895713999123858
max_error: 0.09323030142266764
variance: 0.00015004373876269488
pearson: 0.07078286126235553
p-valu: 4.73943042602535e-107

AL interation 1636/4801.

mae: 0.014897671248011439
max_error: 0.09343541580236381
variance: 0.00015023713415016315
pearson: 0.07146942869558626
p-valu: 4.196470781350488e-109

AL interation 1637/4801.

mae: 0.014901449453975191
max_error: 0.09338880979706521
variance: 0.00015033566317452954
pearson: 0.07078327181777148
p-valu: 4.749958143807639e-107

AL interation 1638/4801.

mae: 0.01490039488733451
max_error: 0.09310308484353702
variance: 0.00015001014162263583
pearson: 0.07038853606573342
p-valu: 7.073373748831872e-106

AL interation 1639/4801.

mae: 0.014904802431066611
max_error: 0.0934500099979545
variance: 0.00015018626112946437
pearson: 0.07123114497030474
p-valu: 2.1943927987349316e-108

AL interation 1640/4801.

mae: 0.014889531021035702
max_error: 0.09370902242861523
variance: 0.00015021873326819272
pearson: 0.07159871120027074
p-valu: 1.7312668131366998e-109

AL interation 1641/4801.

mae: 0.014909955155965791
max_error: 0.09413142433689647
variance: 0.00015056736269892547
pearson: 0.07222722716759171
p-valu: 2.179624859155221e-111

AL interation 1642/4801.

mae: 0.014904514276023902
max_error: 0.09366334225481698
variance: 0.00015055028481319197
pearson: 0.07304713494476157
p-valu: 6.82957352039806e-114

AL interation 1643/4801.

mae: 0.014916857560369456
max_error: 0.09431748442242172
variance: 0.00015066268335289687
pearson: 0.07159918555297079
p-valu: 1.7389632926409095e-109

AL interation 1644/4801.

mae: 0.014909838041633792
max_error: 0.09444884317511826
variance: 0.0001504993774847687
pearson: 0.07175175216104748
p-valu: 6.04618958029647e-110

AL interation 1645/4801.

mae: 0.014909919588433625
max_error: 0.09443699253941706
variance: 0.0001505068918020334
pearson: 0.07213997937847068
p-valu: 4.0534491106234765e-111

AL interation 1646/4801.

mae: 0.014909220950031526
max_error: 0.09455916658456265
variance: 0.0001505773263959816
pearson: 0.07264545496074142
p-valu: 1.1744612287817748e-112

AL interation 1647/4801.

mae: 0.014906947919815377
max_error: 0.09475138816859219
variance: 0.0001506094610041015
pearson: 0.07237964774478481
p-valu: 7.615279291443145e-112

AL interation 1648/4801.

mae: 0.014902768098941034
max_error: 0.09476509742401906
variance: 0.00015047123381811418
pearson: 0.0733073062684621
p-valu: 1.097883319588361e-114

AL interation 1649/4801.

mae: 0.014909098998075283
max_error: 0.09450171825008913
variance: 0.00015060392857010817
pearson: 0.07281214505765173
p-valu: 3.6591651534265196e-113

AL interation 1650/4801.

mae: 0.01492690163097183
max_error: 0.09484116360184491
variance: 0.0001510533082506976
pearson: 0.07317285036607211
p-valu: 2.8649221991647357e-114

AL interation 1651/4801.

mae: 0.014924136728834202
max_error: 0.09484206706182197
variance: 0.00015120943655397894
pearson: 0.07384898900184077
p-valu: 2.3312942638052448e-116

AL interation 1652/4801.

mae: 0.014908927187780535
max_error: 0.0946601325070191
variance: 0.00015071900773963373
pearson: 0.07381489578235104
p-valu: 2.983106729099198e-116

AL interation 1653/4801.

mae: 0.01490439037509096
max_error: 0.09440485539429067
variance: 0.0001505488948540449
pearson: 0.07271412940026413
p-valu: 7.378554943347961e-113

AL interation 1654/4801.

mae: 0.014907863460369868
max_error: 0.09438911828832208
variance: 0.000150801970281318
pearson: 0.07349506552917907
p-valu: 2.9370538593501354e-115

AL interation 1655/4801.

mae: 0.014899230633484268
max_error: 0.09473660005599815
variance: 0.0001508306081576475
pearson: 0.0740558669491926
p-valu: 5.355838157513345e-117

AL interation 1656/4801.

mae: 0.014886192615169463
max_error: 0.09443921398295463
variance: 0.00015085969148032372
pearson: 0.07476541493556167
p-valu: 3.22925428930153e-119

AL interation 1657/4801.

mae: 0.014887743804203105
max_error: 0.09439628535031663
variance: 0.00015065460615663523
pearson: 0.07444151686431041
p-valu: 3.3633759955264495e-118

AL interation 1658/4801.

mae: 0.014870954696545187
max_error: 0.09421557212070586
variance: 0.0001506206020116356
pearson: 0.07407776181832484
p-valu: 4.615354422936863e-117

AL interation 1659/4801.

mae: 0.014871650446780767
max_error: 0.09402693229597792
variance: 0.00015043547888087702
pearson: 0.07331941828407487
p-valu: 1.0377790000190024e-114

AL interation 1660/4801.

mae: 0.014864823653796707
max_error: 0.09427196091545231
variance: 0.0001502798276858775
pearson: 0.07234578609075556
p-valu: 9.990562613154798e-112

AL interation 1661/4801.

mae: 0.014861861535492217
max_error: 0.09413403853207858
variance: 0.00015035220769110967
pearson: 0.07299915511856489
p-valu: 1.0089313019356082e-113

AL interation 1662/4801.

mae: 0.01486832241801169
max_error: 0.09439045998582007
variance: 0.0001504226609120513
pearson: 0.07291840163137399
p-valu: 1.7898005289633418e-113

AL interation 1663/4801.

mae: 0.014847973280073621
max_error: 0.09492504331572893
variance: 0.0001506251254466989
pearson: 0.07288129270748729
p-valu: 2.3320304003612464e-113

AL interation 1664/4801.

mae: 0.014843115420741883
max_error: 0.09447293065071283
variance: 0.0001500245336464185
pearson: 0.07149707264945387
p-valu: 3.723831721261424e-109

AL interation 1665/4801.

mae: 0.014835416371767678
max_error: 0.09433738077976561
variance: 0.0001500972367411528
pearson: 0.06978694414209329
p-valu: 4.48298951928108e-104

AL interation 1666/4801.

mae: 0.014827633250672406
max_error: 0.09438829071999355
variance: 0.00015026713719860379
pearson: 0.0695809245157619
p-valu: 1.8038536368415156e-103

AL interation 1667/4801.

mae: 0.01482118998359458
max_error: 0.09429721789072976
variance: 0.00015018270697738723
pearson: 0.0704431465013525
p-valu: 5.239504065308594e-106

AL interation 1668/4801.

mae: 0.014813779792906847
max_error: 0.09429426295654086
variance: 0.00015002199490051095
pearson: 0.07010493632547125
p-valu: 5.243692317689575e-105

AL interation 1669/4801.

mae: 0.01482047496021071
max_error: 0.09432071243398643
variance: 0.000150190204863126
pearson: 0.06910511884791093
p-valu: 4.430240285298619e-102

AL interation 1670/4801.

mae: 0.01481821002180616
max_error: 0.09428552936177259
variance: 0.00015017241256980743
pearson: 0.06846046377575793
p-valu: 3.246912635920004e-100

AL interation 1671/4801.

mae: 0.014798601956020998
max_error: 0.09486438279944598
variance: 0.00015026287393117351
pearson: 0.06886024945646
p-valu: 2.2835180192743335e-101

AL interation 1672/4801.

mae: 0.014800335707688628
max_error: 0.09486319592113834
variance: 0.00015009093841602996
pearson: 0.06829821233491991
p-valu: 9.54740270550358e-100

AL interation 1673/4801.

mae: 0.014744773162988459
max_error: 0.09497634543348288
variance: 0.00014829686422530345
pearson: 0.0676082528914483
p-valu: 8.946624829672505e-98

AL interation 1674/4801.

mae: 0.014719086285550983
max_error: 0.0947270166193761
variance: 0.00014809364859617193
pearson: 0.06643238249023949
p-valu: 1.8406948241355665e-94

AL interation 1675/4801.

mae: 0.014719056389708458
max_error: 0.09472534686509282
variance: 0.0001480993832506573
pearson: 0.06801110779876765
p-valu: 6.388965918407145e-99

AL interation 1676/4801.

mae: 0.014715567999184387
max_error: 0.09491739263629317
variance: 0.00014801072416688337
pearson: 0.06839489222662969
p-valu: 5.084022974782979e-100

AL interation 1677/4801.

mae: 0.01471503741671549
max_error: 0.09474729542879179
variance: 0.0001479850974356472
pearson: 0.0684827383122536
p-valu: 2.8478596523291455e-100

AL interation 1678/4801.

mae: 0.014720321479461547
max_error: 0.09488024675559648
variance: 0.00014829183619691083
pearson: 0.06934515238739618
p-valu: 9.06408260112161e-103

AL interation 1679/4801.

mae: 0.014719473239582708
max_error: 0.09493365699566714
variance: 0.00014843830599695505
pearson: 0.06976702488798452
p-valu: 5.307238694597602e-104

AL interation 1680/4801.

mae: 0.01471407506329632
max_error: 0.09495635241822531
variance: 0.00014857102420884696
pearson: 0.06883759509304273
p-valu: 2.7131546410541495e-101

AL interation 1681/4801.

mae: 0.014711744092267236
max_error: 0.09480501783176298
variance: 0.00014847977599174279
pearson: 0.06976022302623053
p-valu: 5.583920881698592e-104

AL interation 1682/4801.

mae: 0.014712959349041183
max_error: 0.09494695693118449
variance: 0.00014824106873075215
pearson: 0.07011144866644324
p-valu: 5.193424721765971e-105

AL interation 1683/4801.

mae: 0.014752593165935784
max_error: 0.09542211475971674
variance: 0.00014840430575643778
pearson: 0.06919574644006603
p-valu: 2.4979971890743076e-102

AL interation 1684/4801.

mae: 0.014746094409991209
max_error: 0.09623272630168178
variance: 0.0001482926160362512
pearson: 0.06937839655166314
p-valu: 7.356882866798973e-103

AL interation 1685/4801.

mae: 0.014745065293247584
max_error: 0.09618326681314504
variance: 0.00014830328578118945
pearson: 0.0700805590906721
p-valu: 6.451897076111918e-105

AL interation 1686/4801.

mae: 0.014776608203776792
max_error: 0.09643749691943815
variance: 0.00014847719579836496
pearson: 0.06922887953322088
p-valu: 2.0152853967752836e-102

AL interation 1687/4801.

mae: 0.01476582525505802
max_error: 0.09635186787525929
variance: 0.0001485899340109793
pearson: 0.06914187019869941
p-valu: 3.617450291605104e-102

AL interation 1688/4801.

mae: 0.01476484208982672
max_error: 0.09646745870307716
variance: 0.00014856846412255426
pearson: 0.06963035393610002
p-valu: 1.3640187265362499e-103

AL interation 1689/4801.

mae: 0.014765586313449451
max_error: 0.09653099773325668
variance: 0.0001485151907193963
pearson: 0.07051478531842403
p-valu: 3.3952229091198793e-106

AL interation 1690/4801.

mae: 0.014753681436802047
max_error: 0.09615887480802887
variance: 0.0001485929361762389
pearson: 0.06964908397675834
p-valu: 1.2081233073428028e-103

AL interation 1691/4801.

mae: 0.014753894796872736
max_error: 0.09615997750487115
variance: 0.00014859084482405225
pearson: 0.07006459127612025
p-valu: 7.297031868946764e-105

AL interation 1692/4801.

mae: 0.014757372938960565
max_error: 0.09619198238673055
variance: 0.0001486105491401651
pearson: 0.06991792713057148
p-valu: 1.9755360141161617e-104

AL interation 1693/4801.

mae: 0.014765769556933284
max_error: 0.09686483258113587
variance: 0.00014879916632351222
pearson: 0.070321211286081
p-valu: 1.2828149748200077e-105

AL interation 1694/4801.

mae: 0.014767025737475908
max_error: 0.09658610387785704
variance: 0.0001480754694063787
pearson: 0.06931321280856534
p-valu: 1.1672775410604236e-102

AL interation 1695/4801.

mae: 0.01476108421640556
max_error: 0.09643295838830857
variance: 0.00014811826331529243
pearson: 0.06973323659361841
p-valu: 6.932831932363866e-104

AL interation 1696/4801.

mae: 0.014763267078147287
max_error: 0.09643606751231748
variance: 0.00014796690081957678
pearson: 0.06864700594066524
p-valu: 1.0014322549506381e-100

AL interation 1697/4801.

mae: 0.014762305624999675
max_error: 0.0955794954341258
variance: 0.0001476350572354483
pearson: 0.06882704796543125
p-valu: 3.030799527304373e-101

AL interation 1698/4801.

mae: 0.014762163505950453
max_error: 0.09495231659960557
variance: 0.00014768820317131358
pearson: 0.06720085516530107
p-valu: 1.3505531476339543e-96

AL interation 1699/4801.

mae: 0.014741772956630093
max_error: 0.09522626655874267
variance: 0.00014732229226725887
pearson: 0.0648188424648056
p-valu: 5.471714233179801e-90

AL interation 1700/4801.

mae: 0.014734247559014509
max_error: 0.09482428415620636
variance: 0.00014720994728858024
pearson: 0.06586302524046315
p-valu: 7.454936457569367e-93

AL interation 1701/4801.

mae: 0.0147296027789219
max_error: 0.09495966552870816
variance: 0.00014694218881954797
pearson: 0.06533791684723009
p-valu: 2.0926823371984385e-91

AL interation 1702/4801.

mae: 0.014739042897872477
max_error: 0.09494982643926453
variance: 0.0001466635402006449
pearson: 0.0634245077798661
p-valu: 3.1404235709475462e-86

AL interation 1703/4801.

mae: 0.014739763826175893
max_error: 0.0948701688437581
variance: 0.00014673947528750196
pearson: 0.06476775089638218
p-valu: 7.600934193338144e-90

AL interation 1704/4801.

mae: 0.01474471243667204
max_error: 0.09495698167100675
variance: 0.00014680838649181504
pearson: 0.06629280589461346
p-valu: 4.819938291153648e-94

AL interation 1705/4801.

mae: 0.014726420116757148
max_error: 0.09566301218845585
variance: 0.00014701521630961422
pearson: 0.06681219515684221
p-valu: 1.7047086730046307e-95

AL interation 1706/4801.

mae: 0.014726370915519517
max_error: 0.09566050310357643
variance: 0.0001470286142789426
pearson: 0.0674170373582087
p-valu: 3.3650758210000804e-97

AL interation 1707/4801.

mae: 0.014729653193106892
max_error: 0.0956936382561111
variance: 0.00014712182733695096
pearson: 0.06544614776145415
p-valu: 1.0689387194413647e-91

AL interation 1708/4801.

mae: 0.01472725634658353
max_error: 0.09604693280815302
variance: 0.00014728310253318117
pearson: 0.06609460355433146
p-valu: 1.7301540159993332e-93

AL interation 1709/4801.

mae: 0.014691605860466111
max_error: 0.09606659266572426
variance: 0.00014667148737352196
pearson: 0.064440015565615
p-valu: 5.967888153109563e-89

AL interation 1710/4801.

mae: 0.014689888203429646
max_error: 0.09606420419780481
variance: 0.00014657897699041787
pearson: 0.06531250364531323
p-valu: 2.5051127637181516e-91

AL interation 1711/4801.

mae: 0.01468769531183613
max_error: 0.09620573420832845
variance: 0.00014665022532426675
pearson: 0.06507501669315476
p-valu: 1.1224900602476405e-90

AL interation 1712/4801.

mae: 0.014678529573096984
max_error: 0.09573972915930828
variance: 0.0001469222128703586
pearson: 0.06580523280136909
p-valu: 1.1057044126019538e-92

AL interation 1713/4801.

mae: 0.014676974733622885
max_error: 0.09574826121050539
variance: 0.00014689309668010854
pearson: 0.06581298449669327
p-valu: 1.0547578036330943e-92

AL interation 1714/4801.

mae: 0.01467156922448249
max_error: 0.09566025256552568
variance: 0.00014662120081012747
pearson: 0.06534996838390382
p-valu: 1.9940115985992765e-91

AL interation 1715/4801.

mae: 0.014668517864818093
max_error: 0.09562786062773232
variance: 0.00014653102027229465
pearson: 0.06525977505396985
p-valu: 3.5325744139805045e-91

AL interation 1716/4801.

mae: 0.01466845026544422
max_error: 0.09559803078153384
variance: 0.00014640196623153732
pearson: 0.06498053612802127
p-valu: 2.0553617871931537e-90

AL interation 1717/4801.

mae: 0.014666370720895916
max_error: 0.0956621262000994
variance: 0.00014628421277851605
pearson: 0.06386419313445155
p-valu: 2.161410570884138e-87

AL interation 1718/4801.

mae: 0.014666792306587182
max_error: 0.0957256882498172
variance: 0.00014624983475633712
pearson: 0.06178142462299368
p-valu: 6.782308493275592e-82

AL interation 1719/4801.

mae: 0.014667929897662113
max_error: 0.095848730342172
variance: 0.00014635186158593072
pearson: 0.06057880596360317
p-valu: 8.362297034400215e-79

AL interation 1720/4801.

mae: 0.014665161782930031
max_error: 0.09617414571951888
variance: 0.00014621389658855995
pearson: 0.060022630391336304
p-valu: 2.1459468631785756e-77

AL interation 1721/4801.

mae: 0.014665859108341622
max_error: 0.09598592740556744
variance: 0.0001472881351446773
pearson: 0.06037696699495991
p-valu: 2.732593425263098e-78

AL interation 1722/4801.

mae: 0.01466850771862038
max_error: 0.09590840717990834
variance: 0.00014727321412820696
pearson: 0.060823128425481404
p-valu: 2.003961007850934e-79

AL interation 1723/4801.

mae: 0.014648553233830127
max_error: 0.09558089831856198
variance: 0.00014685170440835498
pearson: 0.0605979086989826
p-valu: 7.532192608717887e-79

AL interation 1724/4801.

mae: 0.014630608926495238
max_error: 0.09556487568878258
variance: 0.00014656509091086863
pearson: 0.06105431895967953
p-valu: 5.150404027148345e-80

AL interation 1725/4801.

mae: 0.01462890336033772
max_error: 0.09556590658260977
variance: 0.00014659935947288104
pearson: 0.06167539956313379
p-valu: 1.2943925643750583e-81

AL interation 1726/4801.

mae: 0.014622451533757014
max_error: 0.09550746496214235
variance: 0.00014660894322833553
pearson: 0.06287971191274727
p-valu: 9.183808025792391e-85

AL interation 1727/4801.

mae: 0.014614634584931513
max_error: 0.09528693867995064
variance: 0.00014646937766262438
pearson: 0.06348869404648808
p-valu: 2.2277280565381598e-86

AL interation 1728/4801.

mae: 0.014612608885636914
max_error: 0.09523856617787207
variance: 0.0001464590924125343
pearson: 0.06513185789927008
p-valu: 8.13682294608857e-91

AL interation 1729/4801.

mae: 0.014605279448932031
max_error: 0.09571025357698493
variance: 0.00014605047911145128
pearson: 0.06443020497609134
p-valu: 6.614357536076643e-89

AL interation 1730/4801.

mae: 0.014604764997088463
max_error: 0.09574838170604782
variance: 0.00014623942677795019
pearson: 0.06495924528108514
p-valu: 2.420371592920593e-90

AL interation 1731/4801.

mae: 0.014605321954230956
max_error: 0.09570624915207593
variance: 0.0001462280285180839
pearson: 0.06553505166448532
p-valu: 6.409533652778607e-92

AL interation 1732/4801.

mae: 0.014607234862469004
max_error: 0.09591300974514927
variance: 0.00014618705843165902
pearson: 0.06814901225327878
p-valu: 2.94133734920721e-99

AL interation 1733/4801.

mae: 0.014598979981665679
max_error: 0.09564862870505242
variance: 0.0001457843083576796
pearson: 0.06633637847250379
p-valu: 3.885749087422064e-94

AL interation 1734/4801.

mae: 0.014599416181499502
max_error: 0.09563535140140123
variance: 0.00014581086412850008
pearson: 0.06698955347805169
p-valu: 5.774182933916546e-96

AL interation 1735/4801.

mae: 0.014603803251680106
max_error: 0.09566411554741028
variance: 0.000145950766577153
pearson: 0.06701833073663765
p-valu: 4.802613496111105e-96

AL interation 1736/4801.

mae: 0.014604152788887425
max_error: 0.09565897868063478
variance: 0.00014594963646594227
pearson: 0.06715855712870335
p-valu: 1.9377736370651792e-96

AL interation 1737/4801.

mae: 0.014609810805528377
max_error: 0.0967062203360769
variance: 0.00014607312863723374
pearson: 0.06801539594848967
p-valu: 7.1736015513842735e-99

AL interation 1738/4801.

mae: 0.014588025467202368
max_error: 0.09753609310999711
variance: 0.0001457814874638388
pearson: 0.06695023014947928
p-valu: 7.51656350481322e-96

AL interation 1739/4801.

mae: 0.014584977736118247
max_error: 0.09713322123642176
variance: 0.0001458595795540726
pearson: 0.0648532736196195
p-valu: 4.797677002198897e-90

AL interation 1740/4801.

mae: 0.014583106201869431
max_error: 0.09695408031533082
variance: 0.00014556138747456065
pearson: 0.06376337620206227
p-valu: 4.220565958744349e-87

AL interation 1741/4801.

mae: 0.014587545417263877
max_error: 0.09653978086456338
variance: 0.00014674083531284005
pearson: 0.06497115932030663
p-valu: 2.298806316748805e-90

AL interation 1742/4801.

mae: 0.01458513024014923
max_error: 0.09655699559360476
variance: 0.00014665224121934874
pearson: 0.06580406460668342
p-valu: 1.1890656615694541e-92

AL interation 1743/4801.

mae: 0.0145972448782505
max_error: 0.09619094083453494
variance: 0.00014699602918620194
pearson: 0.0657551663160523
p-valu: 1.626429718779742e-92

AL interation 1744/4801.

mae: 0.014611417325093155
max_error: 0.09607169694621409
variance: 0.0001471168960736992
pearson: 0.06636655379688339
p-valu: 3.280542561239258e-94

AL interation 1745/4801.

mae: 0.01461151721478422
max_error: 0.09626168546882075
variance: 0.00014705636445995466
pearson: 0.06783307876690362
p-valu: 2.4207900628248116e-98

AL interation 1746/4801.

mae: 0.014611706142402588
max_error: 0.09614695602752765
variance: 0.00014707241734683108
pearson: 0.0688813569105157
p-valu: 2.3720239694649373e-101

AL interation 1747/4801.

mae: 0.014609443203979128
max_error: 0.09588734120783049
variance: 0.00014691318385425098
pearson: 0.06875234327979302
p-valu: 5.6115208187648965e-101

AL interation 1748/4801.

mae: 0.01461242971297548
max_error: 0.09594592971510285
variance: 0.0001469403268340559
pearson: 0.06858841445455277
p-valu: 1.6708803432502958e-100

AL interation 1749/4801.

mae: 0.014611756727122904
max_error: 0.09581486475511558
variance: 0.00014687096237585442
pearson: 0.0688747017939473
p-valu: 2.4973424265515647e-101

AL interation 1750/4801.

mae: 0.014606239531616173
max_error: 0.09675015896280859
variance: 0.0001468414569988776
pearson: 0.06883456481637541
p-valu: 3.270341863783779e-101

AL interation 1751/4801.

mae: 0.014602381387142671
max_error: 0.09691763962999578
variance: 0.00014698750268603872
pearson: 0.06951515793666253
p-valu: 3.4522256787701526e-103

AL interation 1752/4801.

mae: 0.014605950847994376
max_error: 0.09586182832962042
variance: 0.0001465664776589564
pearson: 0.06881853730647046
p-valu: 3.655893719148717e-101

AL interation 1753/4801.

mae: 0.014611230648548957
max_error: 0.09629746113708681
variance: 0.0001467359833112276
pearson: 0.06829279089997324
p-valu: 1.1963450457838935e-99

AL interation 1754/4801.

mae: 0.014615098461477976
max_error: 0.0963701813075517
variance: 0.0001467533373457268
pearson: 0.06754987385245396
p-valu: 1.57801377722965e-97

AL interation 1755/4801.

mae: 0.014602909659153535
max_error: 0.09639317309532491
variance: 0.000146557346499886
pearson: 0.066990741003212
p-valu: 6.007681363754878e-96

AL interation 1756/4801.

mae: 0.01460372042576848
max_error: 0.09698471168829603
variance: 0.00014653113044544151
pearson: 0.06691854695207146
p-valu: 9.608975673603575e-96

AL interation 1757/4801.

mae: 0.014608833433741095
max_error: 0.09683724935283355
variance: 0.00014646793616315048
pearson: 0.06656643427247949
p-valu: 9.344239655064517e-95

AL interation 1758/4801.

mae: 0.014582117723142838
max_error: 0.09639613139282521
variance: 0.00014591286219028745
pearson: 0.06722732327845102
p-valu: 1.3028903477335368e-96

AL interation 1759/4801.

mae: 0.014580369255628394
max_error: 0.09633097944905278
variance: 0.00014591549280500626
pearson: 0.067051038854334
p-valu: 4.10126004750745e-96

AL interation 1760/4801.

mae: 0.014581487968097431
max_error: 0.09666620407100202
variance: 0.00014595252536335685
pearson: 0.06732917588900668
p-valu: 6.747107816328031e-97

AL interation 1761/4801.

mae: 0.014575585169646835
max_error: 0.09672199510081048
variance: 0.0001456867770457111
pearson: 0.06575784544605548
p-valu: 1.6627048105732404e-92

AL interation 1762/4801.

mae: 0.014574448819700131
max_error: 0.09676717583241445
variance: 0.00014567510405951746
pearson: 0.06573512517165023
p-valu: 1.925221074253432e-92

AL interation 1763/4801.

mae: 0.014556429674493247
max_error: 0.09630308570811796
variance: 0.000145511811576284
pearson: 0.06513896861209507
p-valu: 8.382943934891962e-91

AL interation 1764/4801.

mae: 0.014557306549655294
max_error: 0.0963542371496573
variance: 0.00014555020801281846
pearson: 0.06391109759764022
p-valu: 1.7813322001719494e-87

AL interation 1765/4801.

mae: 0.014532202545423626
max_error: 0.0967196401580026
variance: 0.00014524320999262898
pearson: 0.06409484539382251
p-valu: 5.726527696476558e-88

AL interation 1766/4801.

mae: 0.014529811346267792
max_error: 0.09732939189533174
variance: 0.00014527869926273117
pearson: 0.0640347846987947
p-valu: 8.323961042221635e-88

AL interation 1767/4801.

mae: 0.01452950333538163
max_error: 0.09739925646298109
variance: 0.00014522528656580404
pearson: 0.064192004289393
p-valu: 3.1480444594658985e-88

AL interation 1768/4801.

mae: 0.014522317834271676
max_error: 0.0978263843315148
variance: 0.0001451143007707726
pearson: 0.06219797323770952
p-valu: 6.1524991116250465e-83

AL interation 1769/4801.

mae: 0.014511806646189559
max_error: 0.09830625940506654
variance: 0.00014541909591339643
pearson: 0.060988674149585226
p-valu: 8.252462941488853e-80

AL interation 1770/4801.

mae: 0.014514527456305324
max_error: 0.09760239103778479
variance: 0.00014530420744326172
pearson: 0.06144785440126506
p-valu: 5.462917836572521e-81

AL interation 1771/4801.

mae: 0.014518058458511956
max_error: 0.09753054327146349
variance: 0.00014525119288992769
pearson: 0.06127723465161218
p-valu: 1.5056581420607459e-80

AL interation 1772/4801.

mae: 0.014519021021641947
max_error: 0.09751342226994386
variance: 0.0001453066077681372
pearson: 0.06254957239613769
p-valu: 7.444530128423307e-84

AL interation 1773/4801.

mae: 0.014519541938226535
max_error: 0.09751761450300767
variance: 0.00014532152604380272
pearson: 0.062756600705356
p-valu: 2.1291280541283238e-84

AL interation 1774/4801.

mae: 0.01451085521643148
max_error: 0.09749395885936285
variance: 0.00014514117908327785
pearson: 0.06137970218028033
p-valu: 8.249083087376317e-81

AL interation 1775/4801.

mae: 0.014499187357786006
max_error: 0.09744536560836825
variance: 0.00014495974424758734
pearson: 0.06084441267654725
p-valu: 1.9512631446562203e-79

AL interation 1776/4801.

mae: 0.014487254518698657
max_error: 0.0974053323809898
variance: 0.00014453556326149108
pearson: 0.06046857310231717
p-valu: 1.7700732583326707e-78

AL interation 1777/4801.

mae: 0.014490594631668173
max_error: 0.0975670154607855
variance: 0.00014451405034492478
pearson: 0.061062148494906175
p-valu: 5.430946611949363e-80

AL interation 1778/4801.

mae: 0.014499563878699242
max_error: 0.09790375706828347
variance: 0.00014475220283826937
pearson: 0.060134653353043244
p-valu: 1.2437374748469495e-77

AL interation 1779/4801.

mae: 0.014497966403585263
max_error: 0.09783366193804288
variance: 0.00014474592802655266
pearson: 0.06016078803929231
p-valu: 1.0703879229207398e-77

AL interation 1780/4801.

mae: 0.014497554920109753
max_error: 0.09733889680345276
variance: 0.0001444432007666557
pearson: 0.059229364645162
p-valu: 2.3117634003689144e-75

AL interation 1781/4801.

mae: 0.014497533827443359
max_error: 0.09769863622776431
variance: 0.00014462511647072147
pearson: 0.0600326818846966
p-valu: 2.2606860757567882e-77

AL interation 1782/4801.

mae: 0.01449325571864539
max_error: 0.0974863171134388
variance: 0.00014469177824393185
pearson: 0.06051962133108876
p-valu: 1.327907863492842e-78

AL interation 1783/4801.

mae: 0.014489853584751484
max_error: 0.09672677841698207
variance: 0.0001445905267792961
pearson: 0.059423788493170156
p-valu: 7.623440077722301e-76

AL interation 1784/4801.

mae: 0.014489906035751132
max_error: 0.09707933706139049
variance: 0.00014461388859293494
pearson: 0.059182000372880045
p-valu: 3.052765924399407e-75

AL interation 1785/4801.

mae: 0.014486223282036982
max_error: 0.09708417850677908
variance: 0.0001446198647921449
pearson: 0.05962876610748394
p-valu: 2.3529698075654387e-76

AL interation 1786/4801.

mae: 0.014484699019346303
max_error: 0.09710128499912973
variance: 0.0001447480607365009
pearson: 0.060477692149189306
p-valu: 1.7093234672280663e-78

AL interation 1787/4801.

mae: 0.014477939118380153
max_error: 0.09703039734930319
variance: 0.00014448351737221098
pearson: 0.059497482182406795
p-valu: 5.027336628538054e-76

AL interation 1788/4801.

mae: 0.014476954027948359
max_error: 0.09670153068398979
variance: 0.00014388258571235846
pearson: 0.059786526809782914
p-valu: 9.51996371355914e-77

AL interation 1789/4801.

mae: 0.014486059969962732
max_error: 0.09697478345154598
variance: 0.00014404937140439329
pearson: 0.06046001796366195
p-valu: 1.9057682916990617e-78

AL interation 1790/4801.

mae: 0.014465336086597343
max_error: 0.09671784346940915
variance: 0.0001437749682606653
pearson: 0.060251061426058405
p-valu: 6.458606408984985e-78

AL interation 1791/4801.

mae: 0.014474239481844398
max_error: 0.09624027960879578
variance: 0.00014399798001261648
pearson: 0.062274030860231415
p-valu: 4.071936039947947e-83

AL interation 1792/4801.

mae: 0.014477981645780617
max_error: 0.09601137250368486
variance: 0.00014396750128591634
pearson: 0.061984853364088814
p-valu: 2.3156277763457732e-82

AL interation 1793/4801.

mae: 0.014474878737257446
max_error: 0.09596446661433622
variance: 0.00014387087062439302
pearson: 0.06207397822980638
p-valu: 1.359859078474965e-82

AL interation 1794/4801.

mae: 0.014474996525825304
max_error: 0.0956737894023576
variance: 0.00014331943378826373
pearson: 0.062377812677983015
p-valu: 2.192192344790067e-83

AL interation 1795/4801.

mae: 0.014473461983959827
max_error: 0.09569212551676576
variance: 0.00014329238622249693
pearson: 0.0618174655129047
p-valu: 6.339004859122324e-82

AL interation 1796/4801.

mae: 0.01447678650665907
max_error: 0.09577183878085127
variance: 0.000143313985358991
pearson: 0.06266262350556556
p-valu: 3.9381186071853307e-84

AL interation 1797/4801.

mae: 0.014485637476003654
max_error: 0.09562647194710228
variance: 0.00014335877088344319
pearson: 0.0631372753898678
p-valu: 2.2038441646933248e-85

AL interation 1798/4801.

mae: 0.01448031111155256
max_error: 0.09605453719430845
variance: 0.000143317639176185
pearson: 0.06317487962046701
p-valu: 1.7554167486157795e-85

AL interation 1799/4801.

mae: 0.014482629803989476
max_error: 0.09614849071320752
variance: 0.0001433528262816255
pearson: 0.06341278075669218
p-valu: 4.105061892091232e-86

AL interation 1800/4801.

mae: 0.014468196153979013
max_error: 0.09578654050963853
variance: 0.00014291852801618196
pearson: 0.0618774172415149
p-valu: 4.472919591844167e-82

AL interation 1801/4801.

mae: 0.01446815436514196
max_error: 0.09579200352007722
variance: 0.00014292720127783283
pearson: 0.0628451185867446
p-valu: 1.3151379037661257e-84

AL interation 1802/4801.

mae: 0.014472143005388422
max_error: 0.0958441426933263
variance: 0.00014343154021591146
pearson: 0.062416164482454455
p-valu: 1.767041373436478e-83

AL interation 1803/4801.

mae: 0.014468413031817765
max_error: 0.09582362511790454
variance: 0.00014345863089234844
pearson: 0.06244392880334891
p-valu: 1.4974733383678092e-83

AL interation 1804/4801.

mae: 0.014467164612650383
max_error: 0.09587231213007219
variance: 0.00014347546569223738
pearson: 0.06314061905291844
p-valu: 2.1898210677154476e-85

AL interation 1805/4801.

mae: 0.014471243258212248
max_error: 0.09579974786268797
variance: 0.00014344807138107814
pearson: 0.0638717918118306
p-valu: 2.469826881453152e-87

AL interation 1806/4801.

mae: 0.014470934940883957
max_error: 0.09580194376192996
variance: 0.00014345805927235732
pearson: 0.06393196133311305
p-valu: 1.7068730347778632e-87

AL interation 1807/4801.

mae: 0.014472017510599493
max_error: 0.09569493062511758
variance: 0.0001433932996535878
pearson: 0.06372538701320837
p-valu: 6.115277164843731e-87

AL interation 1808/4801.

mae: 0.014445188359060399
max_error: 0.09616341727840738
variance: 0.00014301506172223805
pearson: 0.062004617308109466
p-valu: 2.1216122089348527e-82

AL interation 1809/4801.

mae: 0.014445653964039072
max_error: 0.09611153281460649
variance: 0.0001430366474912434
pearson: 0.06310247969479271
p-valu: 2.791121290054188e-85

AL interation 1810/4801.

mae: 0.014448398689068177
max_error: 0.09756054115749468
variance: 0.00014330554075526255
pearson: 0.06349137554860605
p-valu: 2.5923869814993324e-86

AL interation 1811/4801.

mae: 0.014447794151859827
max_error: 0.09739588853497883
variance: 0.00014335948567117365
pearson: 0.0640874325742382
p-valu: 6.592522108679927e-88

AL interation 1812/4801.

mae: 0.01444764217639758
max_error: 0.09739598643071479
variance: 0.00014335634527061698
pearson: 0.06252834064851653
p-valu: 9.155718704796577e-84

AL interation 1813/4801.

mae: 0.014443435857060987
max_error: 0.09690009621775464
variance: 0.00014343959739040383
pearson: 0.06260819844547605
p-valu: 5.660956429415356e-84

AL interation 1814/4801.

mae: 0.01444391513330343
max_error: 0.09695836360541255
variance: 0.00014332085176825717
pearson: 0.0617089760777841
p-valu: 1.2560523354484255e-81

AL interation 1815/4801.

mae: 0.014439834635535626
max_error: 0.09683643934298236
variance: 0.00014330407764181143
pearson: 0.06137103401690132
p-valu: 9.384796571304693e-81

AL interation 1816/4801.

mae: 0.014439156519496713
max_error: 0.09678595302287651
variance: 0.0001433262537051846
pearson: 0.0601603209887007
p-valu: 1.1479825017217073e-77

AL interation 1817/4801.

mae: 0.014441283559205225
max_error: 0.09684076109718665
variance: 0.00014343247910053816
pearson: 0.06004066248884859
p-valu: 2.3037927004111887e-77

AL interation 1818/4801.

mae: 0.01443642383079157
max_error: 0.09673523885661273
variance: 0.00014322413575030136
pearson: 0.05931743304533296
p-valu: 1.492882353072405e-75

AL interation 1819/4801.

mae: 0.014427700823612359
max_error: 0.0966909378737768
variance: 0.00014320739153562333
pearson: 0.05964429105447638
p-valu: 2.2863772117976648e-76

AL interation 1820/4801.

mae: 0.01442898308269756
max_error: 0.09672641049386077
variance: 0.0001432390455262493
pearson: 0.060944002529210936
p-valu: 1.1809444123604105e-79

AL interation 1821/4801.

mae: 0.014378790217284027
max_error: 0.09727142168347602
variance: 0.0001425760094682966
pearson: 0.05945065782849228
p-valu: 6.989184938796818e-76

AL interation 1822/4801.

mae: 0.014375257286185862
max_error: 0.09724986484460207
variance: 0.00014258370771257255
pearson: 0.05887666872216034
p-valu: 1.8614219032694874e-74

AL interation 1823/4801.

mae: 0.014372006023749096
max_error: 0.09929721192523577
variance: 0.00014318010353473698
pearson: 0.059447067337167155
p-valu: 7.160168916479402e-76

AL interation 1824/4801.

mae: 0.014375815187704385
max_error: 0.09902785519082902
variance: 0.00014326973017911036
pearson: 0.05956697451139688
p-valu: 3.6004789701813665e-76

AL interation 1825/4801.

mae: 0.0143785377290241
max_error: 0.09806151701085075
variance: 0.00014337837376564533
pearson: 0.059452657865701294
p-valu: 6.958613901357374e-76

AL interation 1826/4801.

mae: 0.014376301118661484
max_error: 0.09820422985356747
variance: 0.00014333907965319713
pearson: 0.059559528061496406
p-valu: 3.771506583016393e-76

AL interation 1827/4801.

mae: 0.014383089782296712
max_error: 0.09764404614341804
variance: 0.00014376908258242392
pearson: 0.058890436085452975
p-valu: 1.7362779561892488e-74

AL interation 1828/4801.

mae: 0.014384489757753645
max_error: 0.0976505862575181
variance: 0.0001437614702647349
pearson: 0.0588296696058917
p-valu: 2.4570543649122615e-74

AL interation 1829/4801.

mae: 0.014385378469004569
max_error: 0.09771661403445653
variance: 0.0001437634278532081
pearson: 0.059574046890622255
p-valu: 3.4878477297561274e-76

AL interation 1830/4801.

mae: 0.014373754884554012
max_error: 0.09741313668931473
variance: 0.0001440681999290306
pearson: 0.05974041953586602
p-valu: 1.3396101972303513e-76

AL interation 1831/4801.

mae: 0.014384384980004303
max_error: 0.09722711007023865
variance: 0.00014395997811928845
pearson: 0.05982711896230323
p-valu: 8.13448626686785e-77

AL interation 1832/4801.

mae: 0.014379617145085007
max_error: 0.09723651280163215
variance: 0.00014396248218759424
pearson: 0.05952415944945015
p-valu: 4.6719294344078945e-76

AL interation 1833/4801.

mae: 0.014377130449123303
max_error: 0.09724601127848875
variance: 0.000143944228528451
pearson: 0.06002076293120848
p-valu: 2.661562433234468e-77

AL interation 1834/4801.

mae: 0.014392124292744267
max_error: 0.09766348260908164
variance: 0.00014377608005988973
pearson: 0.05802534859794009
p-valu: 2.3236399637721384e-72

AL interation 1835/4801.

mae: 0.01440087889717916
max_error: 0.098408895923771
variance: 0.0001444417532786099
pearson: 0.05813426251985611
p-valu: 1.263486360747971e-72

AL interation 1836/4801.

mae: 0.014400930763768539
max_error: 0.09870560333164069
variance: 0.00014444684916550932
pearson: 0.0583276160408344
p-valu: 4.2662280238759254e-73

AL interation 1837/4801.

mae: 0.014400942376882877
max_error: 0.09871957335898007
variance: 0.00014438285902085578
pearson: 0.05791418281286008
p-valu: 4.351834801295672e-72

AL interation 1838/4801.

mae: 0.014400059253452746
max_error: 0.09894749445814743
variance: 0.00014437352916671297
pearson: 0.05867108944264811
p-valu: 6.148170702322774e-74

AL interation 1839/4801.

mae: 0.014402848715383047
max_error: 0.09895604715214579
variance: 0.00014413570570436958
pearson: 0.0589555101471184
p-valu: 1.2242515584488168e-74

AL interation 1840/4801.

mae: 0.01440308215719865
max_error: 0.0989979191870447
variance: 0.00014410543299737003
pearson: 0.059313269015282444
p-valu: 1.5895473392642605e-75

AL interation 1841/4801.

mae: 0.014399304080319041
max_error: 0.09889852540507893
variance: 0.00014411973257048464
pearson: 0.06066265058899227
p-valu: 6.409215572618089e-79

AL interation 1842/4801.

mae: 0.014399307954049385
max_error: 0.10025696623623337
variance: 0.0001442090272526141
pearson: 0.0609449738937054
p-valu: 1.2234109866738482e-79

AL interation 1843/4801.

mae: 0.014400470111730073
max_error: 0.10020723118853714
variance: 0.00014408033487807413
pearson: 0.060556506963685044
p-valu: 1.1974277271495736e-78

AL interation 1844/4801.

mae: 0.014398947164378883
max_error: 0.100205860849232
variance: 0.00014409039042806955
pearson: 0.060410302569787355
p-valu: 2.818070339841565e-78

AL interation 1845/4801.

mae: 0.014401355951843105
max_error: 0.10045103636301467
variance: 0.0001441116955991024
pearson: 0.06056822820380954
p-valu: 1.1222133150064143e-78

AL interation 1846/4801.

mae: 0.014410875276078447
max_error: 0.10008735719637518
variance: 0.00014395715707677742
pearson: 0.06098654109033103
p-valu: 9.64989145039866e-80

AL interation 1847/4801.

mae: 0.014420637098029609
max_error: 0.10015549876178231
variance: 0.00014402946683971294
pearson: 0.06212666377667918
p-valu: 1.1006566885822954e-82

AL interation 1848/4801.

mae: 0.014415512332639002
max_error: 0.09960864090524812
variance: 0.00014391858931443827
pearson: 0.06100701216446773
p-valu: 8.585650787486459e-80

AL interation 1849/4801.

mae: 0.014428392211711239
max_error: 0.09960628362208301
variance: 0.0001438029227670386
pearson: 0.06102114780441725
p-valu: 7.914280869455168e-80

AL interation 1850/4801.

mae: 0.014428817665302636
max_error: 0.10019369638988285
variance: 0.0001438865275665392
pearson: 0.06116357498598734
p-valu: 3.4220137335367245e-80

AL interation 1851/4801.

mae: 0.014426352901121996
max_error: 0.10033322799475575
variance: 0.00014400966461168053
pearson: 0.06035441405014573
p-valu: 3.9542092195043478e-78

AL interation 1852/4801.

mae: 0.01442114363089978
max_error: 0.10040308703631529
variance: 0.00014393932332736322
pearson: 0.059565776098272114
p-valu: 3.810913500141135e-76

AL interation 1853/4801.

mae: 0.014419780999461581
max_error: 0.10029718492708928
variance: 0.00014394009185708675
pearson: 0.06028635257653813
p-valu: 5.899705115650067e-78

AL interation 1854/4801.

mae: 0.014420623190988606
max_error: 0.10031912423440592
variance: 0.0001439220848326126
pearson: 0.05960995493632648
p-valu: 2.966022384356557e-76

AL interation 1855/4801.

mae: 0.01442421019730441
max_error: 0.10025587219550691
variance: 0.0001438346879801313
pearson: 0.05922651440735795
p-valu: 2.681794317494654e-75

AL interation 1856/4801.

mae: 0.014424641399790033
max_error: 0.10030132088403154
variance: 0.0001437164276865204
pearson: 0.05870758558817541
p-valu: 5.157500317420186e-74

AL interation 1857/4801.

mae: 0.014410244203050652
max_error: 0.10027056925835898
variance: 0.0001430389010720617
pearson: 0.059115970590381484
p-valu: 5.061303655552514e-75

AL interation 1858/4801.

mae: 0.014409223118098297
max_error: 0.10030197007748431
variance: 0.00014303808852954815
pearson: 0.06106050234636388
p-valu: 6.382305867439831e-80

AL interation 1859/4801.

mae: 0.014402709426203558
max_error: 0.10008944270387876
variance: 0.00014309606860694874
pearson: 0.06017735127777342
p-valu: 1.124386498463224e-77

AL interation 1860/4801.

mae: 0.014406293016547377
max_error: 0.10027939452155299
variance: 0.0001432084036164697
pearson: 0.06050841364555626
p-valu: 1.6365721744760265e-78

AL interation 1861/4801.

mae: 0.014410436548735406
max_error: 0.10076293153386762
variance: 0.0001435296001670407
pearson: 0.059704457567463884
p-valu: 1.7425334964120934e-76

AL interation 1862/4801.

mae: 0.014406573214784786
max_error: 0.10063573752543964
variance: 0.0001436431723651896
pearson: 0.06023935287736749
p-valu: 7.883899715502974e-78

AL interation 1863/4801.

mae: 0.014407983071898937
max_error: 0.10067972698087435
variance: 0.00014347128076055602
pearson: 0.05999520638755456
p-valu: 3.258557074885015e-77

AL interation 1864/4801.

mae: 0.014407627702749106
max_error: 0.10071624576247307
variance: 0.00014346666976094627
pearson: 0.05994290149517957
p-valu: 4.419204430415538e-77

AL interation 1865/4801.

mae: 0.014403409489335018
max_error: 0.10068979218502538
variance: 0.00014351762414200678
pearson: 0.059464602480529025
p-valu: 6.975688727784748e-76

AL interation 1866/4801.

mae: 0.014405441708482588
max_error: 0.10068720846701074
variance: 0.000143462106588893
pearson: 0.05905420235195052
p-valu: 7.314084520260032e-75

AL interation 1867/4801.

mae: 0.014406599808974609
max_error: 0.10076312265167364
variance: 0.00014349997151593473
pearson: 0.06023277748691412
p-valu: 8.266241002692082e-78

AL interation 1868/4801.

mae: 0.014402021430100307
max_error: 0.10068779261931415
variance: 0.00014334207886010518
pearson: 0.05991851053662247
p-valu: 5.125956438391445e-77

AL interation 1869/4801.

mae: 0.01441066261759478
max_error: 0.10121630723418495
variance: 0.00014323636496722475
pearson: 0.060466964335271815
p-valu: 2.119609141899635e-78

AL interation 1870/4801.

mae: 0.01441166543966429
max_error: 0.10121521199679084
variance: 0.0001432296605657186
pearson: 0.06026824059939355
p-valu: 6.762203071297009e-78

AL interation 1871/4801.

mae: 0.014412829012433211
max_error: 0.1009675623659263
variance: 0.00014314426623515485
pearson: 0.06055574198414859
p-valu: 1.266461880933641e-78

AL interation 1872/4801.

mae: 0.014407708051300098
max_error: 0.10131066021179724
variance: 0.0001432154279601513
pearson: 0.06154022827960688
p-valu: 3.8304383099998745e-81

AL interation 1873/4801.

mae: 0.014404684573414091
max_error: 0.10128957530222071
variance: 0.00014307277256960465
pearson: 0.062056180781769124
p-valu: 1.766277547970981e-82

AL interation 1874/4801.

mae: 0.014415222261020929
max_error: 0.10150393622328413
variance: 0.00014310172733104324
pearson: 0.0625270966745543
p-valu: 1.0419213208037664e-83

AL interation 1875/4801.

mae: 0.01438728104535291
max_error: 0.10108392262626187
variance: 0.00014296349749278524
pearson: 0.06141105552237614
p-valu: 8.292804882770145e-81

AL interation 1876/4801.

mae: 0.014386885527982084
max_error: 0.10104765838721907
variance: 0.00014315907047566213
pearson: 0.06096615507520268
p-valu: 1.1507641208391123e-79

AL interation 1877/4801.

mae: 0.0144024886728628
max_error: 0.10118928671252836
variance: 0.00014360488254354907
pearson: 0.060670642735203374
p-valu: 6.536972411941421e-79

AL interation 1878/4801.

mae: 0.014397633544101571
max_error: 0.10114815731734272
variance: 0.00014358767729534742
pearson: 0.060158669364411416
p-valu: 1.297345998052096e-77

AL interation 1879/4801.

mae: 0.014395248295420516
max_error: 0.10116493174044483
variance: 0.00014345709219662858
pearson: 0.06144806207854441
p-valu: 6.709258736092501e-81

AL interation 1880/4801.

mae: 0.014390634203054628
max_error: 0.10131740560044311
variance: 0.00014344117871142425
pearson: 0.06148467300252044
p-valu: 5.40933426007969e-81

AL interation 1881/4801.

mae: 0.014381654493643474
max_error: 0.1010938708396083
variance: 0.000143378736116043
pearson: 0.06059395078621335
p-valu: 1.0316955730321181e-78

AL interation 1882/4801.

mae: 0.01438519237576751
max_error: 0.10176370499292209
variance: 0.00014347866669667448
pearson: 0.06026893806032789
p-valu: 6.883905431557733e-78

AL interation 1883/4801.

mae: 0.014383305106860157
max_error: 0.10176922893177509
variance: 0.0001434799626188549
pearson: 0.06011214021001056
p-valu: 1.7151986926482389e-77

AL interation 1884/4801.

mae: 0.014380049878047663
max_error: 0.10183045263628121
variance: 0.00014333043066089117
pearson: 0.059695055159571915
p-valu: 1.916907898120399e-76

AL interation 1885/4801.

mae: 0.014388201974179839
max_error: 0.10184349051204156
variance: 0.00014323314910648022
pearson: 0.05940047016856949
p-valu: 1.0442700847915507e-75

AL interation 1886/4801.

mae: 0.01438822315552257
max_error: 0.10183147872888587
variance: 0.0001432467138957997
pearson: 0.060286701667538065
p-valu: 6.253362621828594e-78

AL interation 1887/4801.

mae: 0.014392222323974963
max_error: 0.10147331772398904
variance: 0.00014321805351631545
pearson: 0.06093604191774312
p-valu: 1.402350499094638e-79

AL interation 1888/4801.

mae: 0.014399190557063539
max_error: 0.10147592400474825
variance: 0.00014322416821726543
pearson: 0.06019762216512137
p-valu: 1.0536038614901837e-77

AL interation 1889/4801.

mae: 0.014391078053053901
max_error: 0.10079947570787628
variance: 0.00014320533639844746
pearson: 0.05977775721168597
p-valu: 1.2005372745764968e-76

AL interation 1890/4801.

mae: 0.014383668120160014
max_error: 0.10063466564773482
variance: 0.0001430311941031344
pearson: 0.05979671926780058
p-valu: 1.0780232412194338e-76

AL interation 1891/4801.

mae: 0.014372528376976003
max_error: 0.10037385044236946
variance: 0.0001427847160544847
pearson: 0.060526965419960645
p-valu: 1.554636832516683e-78

AL interation 1892/4801.

mae: 0.014370826836375883
max_error: 0.10018765743351143
variance: 0.000143012905809524
pearson: 0.059598255695780686
p-valu: 3.395203040864636e-76

AL interation 1893/4801.

mae: 0.014340630450226427
max_error: 0.1001530625447089
variance: 0.00014280331952209798
pearson: 0.059934454244456876
p-valu: 4.889930344856567e-77

AL interation 1894/4801.

mae: 0.014342686126444662
max_error: 0.10009690560062556
variance: 0.00014288770088821302
pearson: 0.05944987203627301
p-valu: 7.992350007141802e-76

AL interation 1895/4801.

mae: 0.014343161252659378
max_error: 0.10009795172348679
variance: 0.00014283906523608573
pearson: 0.06053946587770503
p-valu: 1.455809104169046e-78

AL interation 1896/4801.

mae: 0.014337797510514443
max_error: 0.10010002864399614
variance: 0.00014285342287234407
pearson: 0.06063750101020707
p-valu: 8.220585823006259e-79

AL interation 1897/4801.

mae: 0.014336555376890181
max_error: 0.10009278866599236
variance: 0.00014285732274339156
pearson: 0.06015443520603654
p-valu: 1.3763684724006385e-77

AL interation 1898/4801.

mae: 0.014336710806627061
max_error: 0.10009453069531848
variance: 0.00014286973959576568
pearson: 0.06065408490568107
p-valu: 7.487663150651986e-79

AL interation 1899/4801.

mae: 0.014332881700546371
max_error: 0.10043919988405325
variance: 0.00014286236697690202
pearson: 0.06054678288289102
p-valu: 1.4051821001903953e-78

AL interation 1900/4801.

mae: 0.014333749669394949
max_error: 0.1008871191702696
variance: 0.000142744195576763
pearson: 0.0601973200488791
p-valu: 1.078764227938076e-77

AL interation 1901/4801.

mae: 0.01433046951396971
max_error: 0.10084088868692054
variance: 0.00014280046247690015
pearson: 0.06034987267482793
p-valu: 4.449211859862236e-78

AL interation 1902/4801.

mae: 0.014331998667763463
max_error: 0.10080811410651624
variance: 0.00014280494761256314
pearson: 0.05999924160332352
p-valu: 3.4158784746925435e-77

AL interation 1903/4801.

mae: 0.014334863578810563
max_error: 0.10074106763048296
variance: 0.00014281880755501647
pearson: 0.06031139649259365
p-valu: 5.586951380672849e-78

AL interation 1904/4801.

mae: 0.014332722955309246
max_error: 0.10030148862236676
variance: 0.00014277727226814625
pearson: 0.05980291144642691
p-valu: 1.0666649449318227e-76

AL interation 1905/4801.

mae: 0.014326704449092365
max_error: 0.1006148823237567
variance: 0.00014280917138193212
pearson: 0.06006981665676062
p-valu: 2.2817175227235375e-77

AL interation 1906/4801.

mae: 0.014328199465917752
max_error: 0.10068402520849706
variance: 0.00014280700189513352
pearson: 0.059850157540322496
p-valu: 8.149127889387288e-77

AL interation 1907/4801.

mae: 0.014325736831398645
max_error: 0.10065404082050411
variance: 0.00014274722567118482
pearson: 0.06006113005311097
p-valu: 2.4082762903110378e-77

AL interation 1908/4801.

mae: 0.01432399657481742
max_error: 0.10083476033313166
variance: 0.00014259502958459763
pearson: 0.06082619316318187
p-valu: 2.78092854620053e-79

AL interation 1909/4801.

mae: 0.014321067140478795
max_error: 0.10078682570068342
variance: 0.00014257410835157762
pearson: 0.06058477053441594
p-valu: 1.1462884395092172e-78

AL interation 1910/4801.

mae: 0.014324829201399866
max_error: 0.1008002738947511
variance: 0.0001425490887099697
pearson: 0.06137539496375973
p-valu: 1.094621449576604e-80

AL interation 1911/4801.

mae: 0.014298831640677648
max_error: 0.10097410871165668
variance: 0.0001421621645795362
pearson: 0.06090154225435938
p-valu: 1.7963430656397812e-79

AL interation 1912/4801.

mae: 0.014302821694827841
max_error: 0.10101811430971286
variance: 0.00014216776289747033
pearson: 0.06182310054285648
p-valu: 7.672839474513905e-82

AL interation 1913/4801.

mae: 0.014305130937097907
max_error: 0.10113763971938572
variance: 0.00014233703765870474
pearson: 0.0627078160905229
p-valu: 3.7736629205136287e-84

AL interation 1914/4801.

mae: 0.014309277421504238
max_error: 0.10111771086374977
variance: 0.00014242643797701186
pearson: 0.0619247060488998
p-valu: 4.198720683968716e-82

AL interation 1915/4801.

mae: 0.014301287053585719
max_error: 0.10099476536769036
variance: 0.0001424763160439598
pearson: 0.06090481987207901
p-valu: 1.77524920675694e-79

AL interation 1916/4801.

mae: 0.0142981242140621
max_error: 0.10106602169233558
variance: 0.00014247617705855076
pearson: 0.06125982633425557
p-valu: 2.193850171350196e-80

AL interation 1917/4801.

mae: 0.014313052067520265
max_error: 0.10121821141459297
variance: 0.00014265133359599486
pearson: 0.06057131902918324
p-valu: 1.2584975210407156e-78

AL interation 1918/4801.

mae: 0.014284193328658676
max_error: 0.10108325884064873
variance: 0.00014261871672980505
pearson: 0.060054028561917806
p-valu: 2.559988576092567e-77

AL interation 1919/4801.

mae: 0.014272522574224894
max_error: 0.10107524097705611
variance: 0.00014260674998394876
pearson: 0.060895947695739625
p-valu: 1.8842636572586852e-79

AL interation 1920/4801.

mae: 0.014256868833373532
max_error: 0.10134720888371196
variance: 0.00014181040277321756
pearson: 0.06085886439916589
p-valu: 2.347283618122091e-79

AL interation 1921/4801.

mae: 0.014257953818777843
max_error: 0.10120986269319876
variance: 0.0001418489372090446
pearson: 0.06106785090349896
p-valu: 6.877228659122755e-80

AL interation 1922/4801.

mae: 0.014281960580184183
max_error: 0.10107554307572575
variance: 0.00014207213820542928
pearson: 0.06052421068518215
p-valu: 1.6726029437958416e-78

AL interation 1923/4801.

mae: 0.01428074622728381
max_error: 0.10104578417125087
variance: 0.00014207131914482175
pearson: 0.061004335398931936
p-valu: 1.0034903700646341e-79

AL interation 1924/4801.

mae: 0.014282625350324764
max_error: 0.10104433135419133
variance: 0.00014208086890431622
pearson: 0.06073299031820742
p-valu: 4.948923297406158e-79

AL interation 1925/4801.

mae: 0.01427795148969977
max_error: 0.1009823263650873
variance: 0.00014196576031835054
pearson: 0.06044685896484848
p-valu: 2.6415804540022246e-78

AL interation 1926/4801.

mae: 0.01428067025611897
max_error: 0.10125317506711728
variance: 0.00014198083582412174
pearson: 0.060561461634606524
p-valu: 1.3554267030656064e-78

AL interation 1927/4801.

mae: 0.0142830164188197
max_error: 0.1010622582882974
variance: 0.00014264738385426286
pearson: 0.06139005946600388
p-valu: 1.0363596283271058e-80

AL interation 1928/4801.

mae: 0.01428124189461278
max_error: 0.10153664828411313
variance: 0.00014264635613974713
pearson: 0.06141783817236553
p-valu: 8.807432807758417e-81

AL interation 1929/4801.

mae: 0.014280479251396095
max_error: 0.10110920834270876
variance: 0.00014252640439144058
pearson: 0.06145222406265007
p-valu: 7.196852706163031e-81

AL interation 1930/4801.

mae: 0.014264307560605599
max_error: 0.1016373213242645
variance: 0.00014276580623899098
pearson: 0.061597620903242264
p-valu: 3.041472547798226e-81

AL interation 1931/4801.

mae: 0.01427387596647497
max_error: 0.10157438237004901
variance: 0.0001427207137362744
pearson: 0.061499586827658236
p-valu: 5.454710720542098e-81

AL interation 1932/4801.

mae: 0.014267124940104093
max_error: 0.10163641699685688
variance: 0.00014277237106579565
pearson: 0.06142344916111212
p-valu: 8.584180236934701e-81

AL interation 1933/4801.

mae: 0.014268130133549809
max_error: 0.10169351396988024
variance: 0.00014289107694970436
pearson: 0.0617350092698256
p-valu: 1.350604974374684e-81

AL interation 1934/4801.

mae: 0.01426812746922885
max_error: 0.10169343235159833
variance: 0.00014288979934075265
pearson: 0.06236101974485664
p-valu: 3.1886357842214574e-83

AL interation 1935/4801.

mae: 0.014262513300029422
max_error: 0.10172700285150715
variance: 0.00014289128148219598
pearson: 0.06178600107401869
p-valu: 1.0005050828790397e-81

AL interation 1936/4801.

mae: 0.01425376240152288
max_error: 0.10134265410514165
variance: 0.00014255216768609388
pearson: 0.06194031647928888
p-valu: 3.9903149657278824e-82

AL interation 1937/4801.

mae: 0.014253783997580986
max_error: 0.10134222901709511
variance: 0.00014255051284711855
pearson: 0.06292295939273963
p-valu: 1.0740284694390346e-84

AL interation 1938/4801.

mae: 0.014253640230916482
max_error: 0.10127512675424843
variance: 0.00014257374177642395
pearson: 0.06303794441071298
p-valu: 5.350606013455087e-85

AL interation 1939/4801.

mae: 0.014254509852249008
max_error: 0.1012731752294116
variance: 0.0001425925056900407
pearson: 0.06350265792910768
p-valu: 3.1413576891105794e-86

AL interation 1940/4801.

mae: 0.014254748238305326
max_error: 0.10122350593795493
variance: 0.00014257381625949192
pearson: 0.06328239239016711
p-valu: 1.2109876778911588e-85

AL interation 1941/4801.

mae: 0.014259929988267753
max_error: 0.1009030010557439
variance: 0.00014254597216824152
pearson: 0.06414994641285822
p-valu: 5.855301940169401e-88

AL interation 1942/4801.

mae: 0.014275915784040222
max_error: 0.10104098561285757
variance: 0.0001431489751928895
pearson: 0.06386402020751379
p-valu: 3.4307462468521214e-87

AL interation 1943/4801.

mae: 0.014278035877583055
max_error: 0.10128130156639092
variance: 0.00014337497510875463
pearson: 0.06460821300104616
p-valu: 3.41174796602953e-89

AL interation 1944/4801.

mae: 0.014277589556998503
max_error: 0.10115192584024446
variance: 0.00014335248003729317
pearson: 0.06348016358931491
p-valu: 3.642199992883079e-86

AL interation 1945/4801.

mae: 0.014278484837795265
max_error: 0.10107253288404938
variance: 0.00014339993518619509
pearson: 0.06369274303228474
p-valu: 9.90410652238763e-87

AL interation 1946/4801.

mae: 0.014279486175803715
max_error: 0.10109649244876384
variance: 0.00014345173691246427
pearson: 0.06319030973633011
p-valu: 2.149721933571162e-85

AL interation 1947/4801.

mae: 0.014285998035852891
max_error: 0.10130878094881557
variance: 0.00014340440276070063
pearson: 0.0631283501408722
p-valu: 3.1421858394970857e-85

AL interation 1948/4801.

mae: 0.01428547457193961
max_error: 0.10133205882496843
variance: 0.00014341375213580893
pearson: 0.06309006813898457
p-valu: 3.9749747322192245e-85

AL interation 1949/4801.

mae: 0.01428540458645066
max_error: 0.10132505893196542
variance: 0.00014341141598732653
pearson: 0.06352974584249471
p-valu: 2.715315488817061e-86

AL interation 1950/4801.

mae: 0.014289471372112854
max_error: 0.10079643135421468
variance: 0.0001434274240110483
pearson: 0.0635692195985781
p-valu: 2.1359345214558602e-86

AL interation 1951/4801.

mae: 0.014284822436034175
max_error: 0.10087186996546227
variance: 0.00014327540059558426
pearson: 0.06406446103022326
p-valu: 1.0142919602593788e-87

AL interation 1952/4801.

mae: 0.014254861856354521
max_error: 0.10040322680859792
variance: 0.0001424502749979743
pearson: 0.06254124442752247
p-valu: 1.1150409382335416e-83

AL interation 1953/4801.

mae: 0.014248910466192463
max_error: 0.1002973510476608
variance: 0.0001423003406326565
pearson: 0.0621498749319029
p-valu: 1.1761814060745014e-82

AL interation 1954/4801.

mae: 0.014240075629192866
max_error: 0.09993688683337898
variance: 0.0001421342072267885
pearson: 0.06201043143663879
p-valu: 2.716509234912071e-82

AL interation 1955/4801.

mae: 0.014238115853869216
max_error: 0.09991724802651736
variance: 0.00014215939359081827
pearson: 0.06242925947009587
p-valu: 2.2030646221670666e-83

AL interation 1956/4801.

mae: 0.014237245296172351
max_error: 0.0998456662116809
variance: 0.00014221748390002783
pearson: 0.06217642291632121
p-valu: 1.0089263690504084e-82

AL interation 1957/4801.

mae: 0.014239715630596552
max_error: 0.09977436680654539
variance: 0.00014225838784850432
pearson: 0.061684862926684486
p-valu: 1.9060320701509077e-81

AL interation 1958/4801.

mae: 0.014239849095094032
max_error: 0.09977854458296354
variance: 0.00014225682060966735
pearson: 0.06193842035907243
p-valu: 4.210568975720648e-82

AL interation 1959/4801.

mae: 0.014239856862801133
max_error: 0.09977090715281922
variance: 0.00014225327888748752
pearson: 0.06273490636828706
p-valu: 3.507798764293971e-84

AL interation 1960/4801.

mae: 0.014238692614465635
max_error: 0.09979429428497899
variance: 0.0001422624545331968
pearson: 0.06315837278251404
p-valu: 2.6860140133777367e-85

AL interation 1961/4801.

mae: 0.01423312819389231
max_error: 0.09990340661241537
variance: 0.00014244654954217442
pearson: 0.06275448796929842
p-valu: 3.1280735752172343e-84

AL interation 1962/4801.

mae: 0.014233407691869033
max_error: 0.09993126266661823
variance: 0.00014244579957739314
pearson: 0.06304015447711553
p-valu: 5.538228585699816e-85

AL interation 1963/4801.

mae: 0.01423086184393436
max_error: 0.09979664847563474
variance: 0.00014200865102383011
pearson: 0.06229132896541008
p-valu: 5.1307054808387224e-83

AL interation 1964/4801.

mae: 0.014228317990272965
max_error: 0.09981874558914972
variance: 0.00014205750541290872
pearson: 0.062491650673081316
p-valu: 1.5396404987361291e-83

AL interation 1965/4801.

mae: 0.014229839587708267
max_error: 0.09993413792065842
variance: 0.00014208263509588387
pearson: 0.062096580712789326
p-valu: 1.656858227779456e-82

AL interation 1966/4801.

mae: 0.014230234300194867
max_error: 0.09992915570390726
variance: 0.0001420860788985087
pearson: 0.06260736050634312
p-valu: 7.689838762583646e-84

AL interation 1967/4801.

mae: 0.014230246929787646
max_error: 0.09982169338335045
variance: 0.0001420910510994972
pearson: 0.06250907527856271
p-valu: 1.3942867643463342e-83

AL interation 1968/4801.

mae: 0.014218663691967321
max_error: 0.09954364690478035
variance: 0.00014178152106877713
pearson: 0.0612185976878417
p-valu: 3.08705066259404e-80

AL interation 1969/4801.

mae: 0.014220285624608513
max_error: 0.09975367023392612
variance: 0.00014184300245304935
pearson: 0.06169192799221172
p-valu: 1.8699668987889677e-81

AL interation 1970/4801.

mae: 0.01422130524269483
max_error: 0.10009664812790509
variance: 0.00014189085786943696
pearson: 0.06200287112344221
p-valu: 2.9313709228537644e-82

AL interation 1971/4801.

mae: 0.014183733765647678
max_error: 0.10015051170788358
variance: 0.00014195262989014697
pearson: 0.06071269127580547
p-valu: 6.080829839206002e-79

AL interation 1972/4801.

mae: 0.014182809019342052
max_error: 0.09973176394103977
variance: 0.0001419540581397483
pearson: 0.060964760958276284
p-valu: 1.3880001589382148e-79

AL interation 1973/4801.

mae: 0.014186273416427357
max_error: 0.09950956758783325
variance: 0.00014201196090246122
pearson: 0.06204984691850268
p-valu: 2.2260370221734647e-82

AL interation 1974/4801.

mae: 0.014149818984463835
max_error: 0.09653292593137341
variance: 0.00014105375104776871
pearson: 0.06056346431785511
p-valu: 1.4635336072379326e-78

AL interation 1975/4801.

mae: 0.01416266492913066
max_error: 0.09619788486114378
variance: 0.00014091057842186458
pearson: 0.05989223220177399
p-valu: 7.236372582013592e-77

AL interation 1976/4801.

mae: 0.014164424176517315
max_error: 0.09580369844300951
variance: 0.0001409841694383569
pearson: 0.06036647914152257
p-valu: 4.633320114544168e-78

AL interation 1977/4801.

mae: 0.014165903412044444
max_error: 0.09586985058197972
variance: 0.00014096084195655166
pearson: 0.05970991373277694
p-valu: 2.078487848084203e-76

AL interation 1978/4801.

mae: 0.014165258918324913
max_error: 0.09550474115306717
variance: 0.0001408900340845184
pearson: 0.058955069129771276
p-valu: 1.5644639464859377e-74

AL interation 1979/4801.

mae: 0.014160226392965356
max_error: 0.0954119250114076
variance: 0.0001409100097046372
pearson: 0.059602354261169756
p-valu: 3.8730473489523564e-76

AL interation 1980/4801.

mae: 0.01416064310988677
max_error: 0.09542109508746255
variance: 0.0001409219131621301
pearson: 0.059938191280046724
p-valu: 5.598885304802325e-77

AL interation 1981/4801.

mae: 0.014150686325980285
max_error: 0.09534057636463733
variance: 0.00014074800177460317
pearson: 0.05906005916351069
p-valu: 8.653099738132035e-75

AL interation 1982/4801.

mae: 0.014146255189919037
max_error: 0.09514336492364639
variance: 0.0001407212746741238
pearson: 0.0589824709514751
p-valu: 1.3481062930128282e-74

AL interation 1983/4801.

mae: 0.014140182393418545
max_error: 0.09503247936712289
variance: 0.00014058118973895057
pearson: 0.06001313056179796
p-valu: 3.6493205504728505e-77

AL interation 1984/4801.

mae: 0.014138440492883009
max_error: 0.09497795395262476
variance: 0.00014055181013818857
pearson: 0.059863601820586185
p-valu: 8.676868171208749e-77

AL interation 1985/4801.

mae: 0.014138567475308521
max_error: 0.09496092853877092
variance: 0.00014055249330597867
pearson: 0.05999298571767196
p-valu: 4.11535839670712e-77

AL interation 1986/4801.

mae: 0.014136908531611526
max_error: 0.0950636574662298
variance: 0.00014062068991173637
pearson: 0.05996610282125711
p-valu: 4.816400781924536e-77

AL interation 1987/4801.

mae: 0.014137114408522063
max_error: 0.09499638434297997
variance: 0.00014063714732217983
pearson: 0.06040931538353375
p-valu: 3.6838357854796715e-78

AL interation 1988/4801.

mae: 0.014140039807853185
max_error: 0.09549535505337592
variance: 0.00014085055089596495
pearson: 0.059734202931006807
p-valu: 1.8431163977502704e-76

AL interation 1989/4801.

mae: 0.014141347757042962
max_error: 0.09543815626401231
variance: 0.00014089396769476517
pearson: 0.05982567410160999
p-valu: 1.0897550280267831e-76

AL interation 1990/4801.

mae: 0.014108717700424673
max_error: 0.09508634783495329
variance: 0.00013998050705276956
pearson: 0.05970407986817301
p-valu: 2.2001210817082306e-76

AL interation 1991/4801.

mae: 0.014108542096203231
max_error: 0.09519166617136254
variance: 0.0001400119128199399
pearson: 0.06022880057261973
p-valu: 1.0604360590154004e-77

AL interation 1992/4801.

mae: 0.01410786627805826
max_error: 0.09566353155222207
variance: 0.00014000280267255068
pearson: 0.06107754265723126
p-valu: 7.419734576380599e-80

AL interation 1993/4801.

mae: 0.014113827277660768
max_error: 0.09535312832443599
variance: 0.00013997713634292426
pearson: 0.060588920640081416
p-valu: 1.3062546604104321e-78

AL interation 1994/4801.

mae: 0.014078974126384923
max_error: 0.09481398074402425
variance: 0.00013964464966979704
pearson: 0.059656633405552995
p-valu: 2.911638093049204e-76

AL interation 1995/4801.

mae: 0.014077840543412594
max_error: 0.09476560669307621
variance: 0.00013960011562064699
pearson: 0.05938691763570496
p-valu: 1.3715063588995748e-75

AL interation 1996/4801.

mae: 0.01407090375891057
max_error: 0.0943470912434663
variance: 0.0001397075915954471
pearson: 0.058898250448807345
p-valu: 2.2295652867352374e-74

AL interation 1997/4801.

mae: 0.014058296282556771
max_error: 0.0939834881665178
variance: 0.00013950650927483163
pearson: 0.059420663240366295
p-valu: 1.1344681390982518e-75

AL interation 1998/4801.

mae: 0.014058796420738828
max_error: 0.09402883239070836
variance: 0.00013953647585185418
pearson: 0.058355153061439506
p-valu: 4.8196846369377896e-73

AL interation 1999/4801.

mae: 0.0140578262622699
max_error: 0.09400862521491438
variance: 0.00013950725795178697
pearson: 0.05904962231092824
p-valu: 9.477176270168688e-75

AL interation 2000/4801.

mae: 0.01405756126841201
max_error: 0.0935576617635292
variance: 0.00013961916598185942
pearson: 0.0579261303907334
p-valu: 5.357707675315741e-72

AL interation 2001/4801.

mae: 0.014064791756926433
max_error: 0.09363537024549662
variance: 0.00013938110894741264
pearson: 0.057555292080804336
p-valu: 4.2297027067394115e-71

AL interation 2002/4801.

mae: 0.01406433772427058
max_error: 0.09361438077692985
variance: 0.0001394100740555968
pearson: 0.05795520706539268
p-valu: 4.569828363988755e-72

AL interation 2003/4801.

mae: 0.014056797690492664
max_error: 0.09351138534819659
variance: 0.00013924062865511627
pearson: 0.05873598063742967
p-valu: 5.664466249135758e-74

AL interation 2004/4801.

mae: 0.014077632616130598
max_error: 0.09465837549808787
variance: 0.00013929232223750454
pearson: 0.0578790263036722
p-valu: 7.016325989155823e-72

AL interation 2005/4801.

mae: 0.014074356334854028
max_error: 0.09471710979804304
variance: 0.00013940276878666194
pearson: 0.05833142700493778
p-valu: 5.574167381920114e-73

AL interation 2006/4801.

mae: 0.014073932146831692
max_error: 0.09472586086443191
variance: 0.00013943616219414727
pearson: 0.058740302628290664
p-valu: 5.55632221788244e-74

AL interation 2007/4801.

mae: 0.014047331098959934
max_error: 0.09416442377213063
variance: 0.00013960167919101112
pearson: 0.0575354195040078
p-valu: 4.770105678057846e-71

AL interation 2008/4801.

mae: 0.014047010016121578
max_error: 0.09417910931259432
variance: 0.00013959674718933452
pearson: 0.05855382805918335
p-valu: 1.6002686619958304e-73

AL interation 2009/4801.

mae: 0.014050187138172639
max_error: 0.0946470158903907
variance: 0.00013943504996609266
pearson: 0.058104168216347014
p-valu: 2.0095729295599467e-72

AL interation 2010/4801.

mae: 0.014052324088267154
max_error: 0.09461600490775202
variance: 0.00013951554485769246
pearson: 0.057730216678111415
p-valu: 1.6242249354899935e-71

AL interation 2011/4801.

mae: 0.01402972014020193
max_error: 0.09394434185608991
variance: 0.00013940395601032344
pearson: 0.05751403246967057
p-valu: 5.406634012434348e-71

AL interation 2012/4801.

mae: 0.014024355453971286
max_error: 0.09405829989808301
variance: 0.00013940727488371337
pearson: 0.0566288084835946
p-valu: 7.06073864320262e-69

AL interation 2013/4801.

mae: 0.014023979805651012
max_error: 0.09429963919572804
variance: 0.00013943403915733858
pearson: 0.05656705071372351
p-valu: 9.905837029010554e-69

AL interation 2014/4801.

mae: 0.014029428582748622
max_error: 0.09462769605287069
variance: 0.00013955021823987634
pearson: 0.057974140344036695
p-valu: 4.195138717384162e-72

AL interation 2015/4801.

mae: 0.014025032401160835
max_error: 0.093324672261619
variance: 0.0001391532319932244
pearson: 0.057782895753346525
p-valu: 1.2215187499302295e-71

AL interation 2016/4801.

mae: 0.014018888300068534
max_error: 0.09307812436353236
variance: 0.00013876262570322156
pearson: 0.05737523112813099
p-valu: 1.175846210118643e-70

AL interation 2017/4801.

mae: 0.014021882250969522
max_error: 0.09300062030732481
variance: 0.00013881943244803272
pearson: 0.05676869928259691
p-valu: 3.3134968715619545e-69

AL interation 2018/4801.

mae: 0.014022395106737652
max_error: 0.09292824377169784
variance: 0.00013878252506833552
pearson: 0.05758052515141713
p-valu: 3.782533934404552e-71

AL interation 2019/4801.

mae: 0.014022371038230461
max_error: 0.09292129272333516
variance: 0.00013870103434576012
pearson: 0.05781983356292026
p-valu: 1.0009909774455484e-71

AL interation 2020/4801.

mae: 0.014011849185889222
max_error: 0.0925397877181553
variance: 0.00013847297177356564
pearson: 0.05705308749198473
p-valu: 6.995713650936511e-70

AL interation 2021/4801.

mae: 0.014012460852422994
max_error: 0.09250980212667348
variance: 0.00013846776858620147
pearson: 0.058017689358696556
p-valu: 3.3277045382486927e-72

AL interation 2022/4801.

mae: 0.014012555764600032
max_error: 0.09245169558178934
variance: 0.0001384092622477767
pearson: 0.0581291473917842
p-valu: 1.786099889801018e-72

AL interation 2023/4801.

mae: 0.014011016914008096
max_error: 0.09258398003183577
variance: 0.00013838338406353657
pearson: 0.05824919729839083
p-valu: 9.124354155212878e-73

AL interation 2024/4801.

mae: 0.01402679477922112
max_error: 0.09276658429442652
variance: 0.00013832377916632563
pearson: 0.05867194940134279
p-valu: 8.439653242797961e-74

AL interation 2025/4801.

mae: 0.014011009849155393
max_error: 0.09281527047213278
variance: 0.00013828836394471253
pearson: 0.05827622469160863
p-valu: 7.866150175055764e-73

AL interation 2026/4801.

mae: 0.014010857139603417
max_error: 0.09249134379254831
variance: 0.00013821843397520382
pearson: 0.05893372835490243
p-valu: 1.9205426458039096e-74

AL interation 2027/4801.

mae: 0.01401907975071576
max_error: 0.0918792305222127
variance: 0.00013798671083697456
pearson: 0.05888343824908812
p-valu: 2.5597577436759308e-74

AL interation 2028/4801.

mae: 0.014019287411733942
max_error: 0.0919036628529597
variance: 0.00013798330522526417
pearson: 0.058635017635462174
p-valu: 1.0471480817385025e-73

AL interation 2029/4801.

mae: 0.014011715552056625
max_error: 0.09195247393134598
variance: 0.00013810793960365532
pearson: 0.05790436723683606
p-valu: 6.352897703750262e-72

AL interation 2030/4801.

mae: 0.014010639496975043
max_error: 0.09188790056012697
variance: 0.00013811333984864509
pearson: 0.05784074920349723
p-valu: 9.074475958897116e-72

AL interation 2031/4801.

mae: 0.013996190837479295
max_error: 0.09168155603859707
variance: 0.00013795566474304985
pearson: 0.05714059121769572
p-valu: 4.4005481381321154e-70

AL interation 2032/4801.

mae: 0.01399546513061309
max_error: 0.09167559591176944
variance: 0.0001379748022280566
pearson: 0.05763928035755541
p-valu: 2.7939724026250682e-71

AL interation 2033/4801.

mae: 0.013988575040923061
max_error: 0.09176506116412786
variance: 0.00013791722551532662
pearson: 0.05725706700836946
p-valu: 2.3230453143609594e-70

AL interation 2034/4801.

mae: 0.01398022013889911
max_error: 0.09172001793789097
variance: 0.00013793878007889267
pearson: 0.057116241664068895
p-valu: 5.056743162850609e-70

AL interation 2035/4801.

mae: 0.013979914344233091
max_error: 0.09172259583332054
variance: 0.0001379433936040667
pearson: 0.05725211414690413
p-valu: 2.3952899125687062e-70

AL interation 2036/4801.

mae: 0.013978769647895439
max_error: 0.09187706532319173
variance: 0.0001381253784438919
pearson: 0.05771298724218447
p-valu: 1.8671542041433595e-71

AL interation 2037/4801.

mae: 0.013979128761365478
max_error: 0.0919194014141198
variance: 0.00013817511242065776
pearson: 0.05640567092021559
p-valu: 2.4785901735212754e-68

AL interation 2038/4801.

mae: 0.013974029750265874
max_error: 0.09187960054308353
variance: 0.00013819194135221972
pearson: 0.05642700690667872
p-valu: 2.2106321447088288e-68

AL interation 2039/4801.

mae: 0.013972770138834068
max_error: 0.09186965889083187
variance: 0.00013822050662410667
pearson: 0.05715935904689721
p-valu: 4.0207964441749227e-70

AL interation 2040/4801.

mae: 0.0139687809910074
max_error: 0.09207096318440056
variance: 0.00013813520643532584
pearson: 0.05608136896642388
p-valu: 1.4445335224976498e-67

AL interation 2041/4801.

mae: 0.013970071823893601
max_error: 0.09234916048788766
variance: 0.00013821428292022108
pearson: 0.05694311503765968
p-valu: 1.3246587911736518e-69

AL interation 2042/4801.

mae: 0.013966389909074856
max_error: 0.09213945282275238
variance: 0.00013810403371208592
pearson: 0.05620329058155641
p-valu: 7.492149160115755e-68

AL interation 2043/4801.

mae: 0.013968390038292443
max_error: 0.09202540669778903
variance: 0.00013814828980663604
pearson: 0.056297716969229805
p-valu: 4.497649284393285e-68

AL interation 2044/4801.

mae: 0.013951054472503749
max_error: 0.09210506944353658
variance: 0.00013792538289375962
pearson: 0.056041982461510834
p-valu: 1.7984115213944874e-67

AL interation 2045/4801.

mae: 0.013945996934684967
max_error: 0.09217523470468625
variance: 0.00013770358398993113
pearson: 0.055518998597658256
p-valu: 2.9959584346418273e-66

AL interation 2046/4801.

mae: 0.013940713562845814
max_error: 0.09217524874773919
variance: 0.0001376866331104156
pearson: 0.05529658564862261
p-valu: 9.839699416107204e-66

AL interation 2047/4801.

mae: 0.013939622077678624
max_error: 0.09204940465477596
variance: 0.00013733022925240044
pearson: 0.05554823458398154
p-valu: 2.569980742314787e-66

AL interation 2048/4801.

mae: 0.013935348657058894
max_error: 0.09182102335015263
variance: 0.00013742807418291007
pearson: 0.05488095966799727
p-valu: 8.965672876275006e-65

AL interation 2049/4801.

mae: 0.013935483718720868
max_error: 0.09182998913300655
variance: 0.00013742144665504323
pearson: 0.05523142638117702
p-valu: 1.3985907525525276e-65

AL interation 2050/4801.

mae: 0.013938741944476427
max_error: 0.09176127840604242
variance: 0.00013738135032433896
pearson: 0.05611988825038337
p-valu: 1.1916585883440909e-67

AL interation 2051/4801.

mae: 0.013926395381745007
max_error: 0.09306392412352982
variance: 0.00013706494881016957
pearson: 0.05604898887817092
p-valu: 1.7508641310144304e-67

AL interation 2052/4801.

mae: 0.013919757350767323
max_error: 0.09307842107617437
variance: 0.00013706553191323177
pearson: 0.05648229688861403
p-valu: 1.6734490914660516e-68

AL interation 2053/4801.

mae: 0.013915847129879009
max_error: 0.09302656897901618
variance: 0.0001368368975575416
pearson: 0.05688847092056704
p-valu: 1.8228540689789482e-69

AL interation 2054/4801.

mae: 0.013922105063386682
max_error: 0.09309259982163387
variance: 0.00013688616715785425
pearson: 0.056238148388246645
p-valu: 6.322137706038913e-68

AL interation 2055/4801.

mae: 0.013915299939478954
max_error: 0.09312783265707769
variance: 0.00013698754517092024
pearson: 0.055699914069356614
p-valu: 1.1540747145424761e-66

AL interation 2056/4801.

mae: 0.013896292754030138
max_error: 0.09309718965781433
variance: 0.00013664930140225073
pearson: 0.05635837715699188
p-valu: 3.3035815606183418e-68

AL interation 2057/4801.

mae: 0.013888127769513689
max_error: 0.09320792225779262
variance: 0.00013647287449581883
pearson: 0.056259730572411536
p-valu: 5.651083484761158e-68

AL interation 2058/4801.

mae: 0.013882474071316086
max_error: 0.09313520316348733
variance: 0.00013653557595768697
pearson: 0.055339188758136496
p-valu: 7.986658339094763e-66

AL interation 2059/4801.

mae: 0.013893303460608273
max_error: 0.09329960560015427
variance: 0.00013639286509062193
pearson: 0.055039000232331145
p-valu: 3.947550654868881e-65

AL interation 2060/4801.

mae: 0.013888535682334334
max_error: 0.09317025653720923
variance: 0.00013648473251675795
pearson: 0.054199549208255086
p-valu: 3.2787204509024876e-63

AL interation 2061/4801.

mae: 0.01388906996811225
max_error: 0.09316641207582
variance: 0.0001365049223320382
pearson: 0.0548700174625938
p-valu: 9.688459275147702e-65

AL interation 2062/4801.

mae: 0.013891548371496434
max_error: 0.0929981216027358
variance: 0.00013680809371144562
pearson: 0.05461131284740353
p-valu: 3.7977644347501514e-64

AL interation 2063/4801.

mae: 0.013890423747663683
max_error: 0.09299290348079414
variance: 0.0001368635114744651
pearson: 0.0550433848191621
p-valu: 3.880369944700005e-65

AL interation 2064/4801.

mae: 0.01388862871516611
max_error: 0.09285212717444158
variance: 0.00013693037585298315
pearson: 0.05445142302419608
p-valu: 8.82436781105926e-64

AL interation 2065/4801.

mae: 0.013888176786047016
max_error: 0.09283920532269296
variance: 0.00013688991834462271
pearson: 0.054442087582617676
p-valu: 9.281112139528211e-64

AL interation 2066/4801.

mae: 0.013881171720102795
max_error: 0.0925616824424964
variance: 0.00013621521792656012
pearson: 0.05437775030551518
p-valu: 1.3023535436190543e-63

AL interation 2067/4801.

mae: 0.0138832928204606
max_error: 0.09257109379840078
variance: 0.00013630611027068965
pearson: 0.053919815314791134
p-valu: 1.4222752411318488e-62

AL interation 2068/4801.

mae: 0.013885699544244392
max_error: 0.0925069078159908
variance: 0.0001363812168102541
pearson: 0.05481706499250672
p-valu: 1.2953064091503597e-64

AL interation 2069/4801.

mae: 0.013886883708966112
max_error: 0.09251237449601324
variance: 0.00013642758168132114
pearson: 0.05533000861456254
p-valu: 8.530442290989028e-66

AL interation 2070/4801.

mae: 0.013888152695375853
max_error: 0.09252399313803328
variance: 0.0001364119056107733
pearson: 0.05563249604257494
p-valu: 1.6959778004016167e-66

AL interation 2071/4801.

mae: 0.01387758658718544
max_error: 0.09258646894662381
variance: 0.00013631407676905513
pearson: 0.0549012334742963
p-valu: 8.339415231692888e-65

AL interation 2072/4801.

mae: 0.013877678170213377
max_error: 0.09258510918769791
variance: 0.00013630427936477948
pearson: 0.05444212823604292
p-valu: 9.376378962576515e-64

AL interation 2073/4801.

mae: 0.013877627153034288
max_error: 0.09258706741164535
variance: 0.00013630482028997932
pearson: 0.05491544910688555
p-valu: 7.758742589511889e-65

AL interation 2074/4801.

mae: 0.013879107132872546
max_error: 0.09258196277667996
variance: 0.00013640672778364557
pearson: 0.05501320805938907
p-valu: 4.630482284887396e-65

AL interation 2075/4801.

mae: 0.01387904213404232
max_error: 0.0925823047460057
variance: 0.00013640847134380402
pearson: 0.055186545333868284
p-valu: 1.8478741325964652e-65

AL interation 2076/4801.

mae: 0.013876751044763125
max_error: 0.09279423356682348
variance: 0.0001364747141318607
pearson: 0.05520045305663089
p-valu: 1.7187780799829067e-65

AL interation 2077/4801.

mae: 0.01387705378913057
max_error: 0.09278954096751879
variance: 0.00013647377235842311
pearson: 0.055118557533035004
p-valu: 2.6600396974972355e-65

AL interation 2078/4801.

mae: 0.01387737334543175
max_error: 0.09277738245171752
variance: 0.0001364710451010595
pearson: 0.05539876149154927
p-valu: 5.994109269038342e-66

AL interation 2079/4801.

mae: 0.013879943718197275
max_error: 0.09297683302796433
variance: 0.00013631241405007207
pearson: 0.05464169527615631
p-valu: 3.3201093049553366e-64

AL interation 2080/4801.

mae: 0.013884448527712635
max_error: 0.09201798925303994
variance: 0.0001362822309548374
pearson: 0.05493772610992464
p-valu: 6.969543783410861e-65

AL interation 2081/4801.

mae: 0.013886029115552478
max_error: 0.09208563410018944
variance: 0.00013630354888255315
pearson: 0.05507629619116772
p-valu: 3.3493417722234977e-65

AL interation 2082/4801.

mae: 0.013885684048566792
max_error: 0.09209938289271524
variance: 0.00013631193661468597
pearson: 0.05492451199175266
p-valu: 7.497046009961999e-65

AL interation 2083/4801.

mae: 0.013884077441427995
max_error: 0.09211035519936961
variance: 0.00013633180856725938
pearson: 0.05443971839966822
p-valu: 9.652482256063655e-64

AL interation 2084/4801.

mae: 0.013868794630033062
max_error: 0.09211899186564954
variance: 0.00013622621418076238
pearson: 0.05389879037837561
p-valu: 1.626261757151398e-62

AL interation 2085/4801.

mae: 0.013871685850360607
max_error: 0.09118026874992613
variance: 0.0001359670883939628
pearson: 0.05294376607022326
p-valu: 2.2198609210762428e-60

AL interation 2086/4801.

mae: 0.013871608642356167
max_error: 0.09127572242190074
variance: 0.00013600890515258224
pearson: 0.05248983370213396
p-valu: 2.2290450629971434e-59

AL interation 2087/4801.

mae: 0.013871520177750115
max_error: 0.0912782603766431
variance: 0.00013600123860652664
pearson: 0.05337046934174067
p-valu: 2.5037234452920458e-61

AL interation 2088/4801.

mae: 0.013875269183772236
max_error: 0.09166546276199772
variance: 0.00013615948204604285
pearson: 0.05428332111333002
p-valu: 2.2057572096266244e-63

AL interation 2089/4801.

mae: 0.013874272287610248
max_error: 0.09151253312009833
variance: 0.0001361489525439115
pearson: 0.05295865965075009
p-valu: 2.069089214946028e-60

AL interation 2090/4801.

mae: 0.01387476478821649
max_error: 0.09189680872580941
variance: 0.00013634718353219401
pearson: 0.05364159069292184
p-valu: 6.216711127739135e-62

AL interation 2091/4801.

mae: 0.013875768254624032
max_error: 0.09231868140230692
variance: 0.0001364005828438973
pearson: 0.052235429070317314
p-valu: 8.099201172239875e-59

AL interation 2092/4801.

mae: 0.013859978997622441
max_error: 0.09188852953278404
variance: 0.0001359607604269231
pearson: 0.05324412876617601
p-valu: 4.824436026612893e-61

AL interation 2093/4801.

mae: 0.013857909885727323
max_error: 0.09206282319590575
variance: 0.00013583145929439827
pearson: 0.053919079158222916
p-valu: 1.4829995360431203e-62

AL interation 2094/4801.

mae: 0.013869590580822301
max_error: 0.0922020117994038
variance: 0.0001363162967617295
pearson: 0.05548246784871581
p-valu: 3.9292339207115564e-66

AL interation 2095/4801.

mae: 0.013870238150399342
max_error: 0.09220467084176964
variance: 0.0001362984475709094
pearson: 0.054835252471035906
p-valu: 1.2256451177995864e-64

AL interation 2096/4801.

mae: 0.013869524353673892
max_error: 0.09218196313557603
variance: 0.0001362552150646123
pearson: 0.0549583842195635
p-valu: 6.401156022419417e-65

AL interation 2097/4801.

mae: 0.01387753609037805
max_error: 0.09218453414635808
variance: 0.0001361420518396394
pearson: 0.054512648820767146
p-valu: 6.722000639161539e-64

AL interation 2098/4801.

mae: 0.013877340572498844
max_error: 0.09214865861875698
variance: 0.00013617509667047543
pearson: 0.0550711912685877
p-valu: 3.531613440903823e-65

AL interation 2099/4801.

mae: 0.013876916225579353
max_error: 0.09214647845604707
variance: 0.000136156519945162
pearson: 0.05548430970529192
p-valu: 3.9209546840726026e-66

AL interation 2100/4801.

mae: 0.013867170488121503
max_error: 0.09208525652050814
variance: 0.00013611058732742196
pearson: 0.05632558990278555
p-valu: 4.234005952948231e-68

AL interation 2101/4801.

mae: 0.013864804005368082
max_error: 0.09209511349289135
variance: 0.00013618869724812442
pearson: 0.056727225684405365
p-valu: 4.762115890806061e-69

AL interation 2102/4801.

mae: 0.013864956644270024
max_error: 0.09232296563394304
variance: 0.0001362890924337672
pearson: 0.057501694837796165
p-valu: 6.734153703725934e-71

AL interation 2103/4801.

mae: 0.013860043778498015
max_error: 0.09228776167541075
variance: 0.00013613286701294247
pearson: 0.0573983294611596
p-valu: 1.195073455711136e-70

AL interation 2104/4801.

mae: 0.013861680963490209
max_error: 0.09212154480249812
variance: 0.0001361404335553003
pearson: 0.05792203056877196
p-valu: 6.532071977494603e-72

AL interation 2105/4801.

mae: 0.013865266234803247
max_error: 0.09226141557772682
variance: 0.0001363057354049706
pearson: 0.05819217187809093
p-valu: 1.4446924690108544e-72

AL interation 2106/4801.

mae: 0.013865215599989647
max_error: 0.09233631616806126
variance: 0.0001363396456384226
pearson: 0.059388471451537195
p-valu: 1.6548033275580263e-75

AL interation 2107/4801.

mae: 0.01386464421996032
max_error: 0.09223356904638824
variance: 0.0001363062908347625
pearson: 0.05876287437715341
p-valu: 5.8257552479118424e-74

AL interation 2108/4801.

mae: 0.013868261586618255
max_error: 0.09088968397057617
variance: 0.00013634437805391155
pearson: 0.057451448727560486
p-valu: 8.982641918489131e-71

AL interation 2109/4801.

mae: 0.013863504042654922
max_error: 0.09271243409696983
variance: 0.00013646610224116103
pearson: 0.05841231371715827
p-valu: 4.2257592376500746e-73

AL interation 2110/4801.

mae: 0.013860490402369075
max_error: 0.09253629794492046
variance: 0.0001364146956549904
pearson: 0.058543443639164146
p-valu: 2.0226563549800174e-73

AL interation 2111/4801.

mae: 0.013860712186526777
max_error: 0.09253413049467274
variance: 0.00013642397562490708
pearson: 0.05863311869367243
p-valu: 1.2215857670406909e-73

AL interation 2112/4801.

mae: 0.013859298268665233
max_error: 0.09265884923664491
variance: 0.00013647787727982807
pearson: 0.059134327403106084
p-valu: 7.133312238644614e-75

AL interation 2113/4801.

mae: 0.013851810244468602
max_error: 0.09244530397453166
variance: 0.00013649925106404078
pearson: 0.0587884762630815
p-valu: 5.092562333898267e-74

AL interation 2114/4801.

mae: 0.013852053253424238
max_error: 0.09244909420320657
variance: 0.00013651656575343053
pearson: 0.05945305387640242
p-valu: 1.1598424001999287e-75

AL interation 2115/4801.

mae: 0.013853295883884285
max_error: 0.09243966654392755
variance: 0.00013651166008093316
pearson: 0.059098076343413845
p-valu: 8.814741820400932e-75

AL interation 2116/4801.

mae: 0.013855543302718225
max_error: 0.09252561245924373
variance: 0.00013662913724809763
pearson: 0.05946018338084573
p-valu: 1.117409557689381e-75

AL interation 2117/4801.

mae: 0.013859621562229349
max_error: 0.09273411803340825
variance: 0.000136651730173399
pearson: 0.059341023100654866
p-valu: 2.2131794736896803e-75

AL interation 2118/4801.

mae: 0.013859558879422872
max_error: 0.09274764788213763
variance: 0.00013667413085721207
pearson: 0.05909549343512737
p-valu: 8.992478761990368e-75

AL interation 2119/4801.

mae: 0.013859892202022564
max_error: 0.09290471921852661
variance: 0.0001367684829960075
pearson: 0.05880240916593131
p-valu: 4.755546614993546e-74

AL interation 2120/4801.

mae: 0.013860477904448424
max_error: 0.09302182440254403
variance: 0.0001369773071971012
pearson: 0.05731379117879399
p-valu: 1.960625874653631e-70

AL interation 2121/4801.

mae: 0.013853770856603251
max_error: 0.09285796304246507
variance: 0.00013693073649848636
pearson: 0.05777424852919754
p-valu: 1.531139803989816e-71

AL interation 2122/4801.

mae: 0.013844638686678963
max_error: 0.09274888933194636
variance: 0.00013655589463048374
pearson: 0.05820982027676695
p-valu: 1.3470378264155968e-72

AL interation 2123/4801.

mae: 0.013853420568636815
max_error: 0.09276706691983638
variance: 0.00013665383137262017
pearson: 0.05856476541530391
p-valu: 1.8341371597628825e-73

AL interation 2124/4801.

mae: 0.013853679761286142
max_error: 0.09273066395693097
variance: 0.00013662863295961606
pearson: 0.05838526939367177
p-valu: 5.04799573894047e-73

AL interation 2125/4801.

mae: 0.013849926795617673
max_error: 0.09270176303406008
variance: 0.00013658570392363053
pearson: 0.058466906218739845
p-valu: 3.194461209604342e-73

AL interation 2126/4801.

mae: 0.01383940908146778
max_error: 0.09299997913607005
variance: 0.00013649668951802623
pearson: 0.05750657586663855
p-valu: 6.821185346683518e-71

AL interation 2127/4801.

mae: 0.01383947267018147
max_error: 0.09298923580880403
variance: 0.00013650106539465898
pearson: 0.05721678248014725
p-valu: 3.38624815959578e-70

AL interation 2128/4801.

mae: 0.013839781121022219
max_error: 0.0930840084895721
variance: 0.0001365012816509853
pearson: 0.0572862625289298
p-valu: 2.3125482670613627e-70

AL interation 2129/4801.

mae: 0.013840835838946429
max_error: 0.0930034177002057
variance: 0.00013647901938706265
pearson: 0.05637044247084248
p-valu: 3.476493673085079e-68

AL interation 2130/4801.

mae: 0.013841585788424315
max_error: 0.09290862201376915
variance: 0.0001363580524843646
pearson: 0.056493593033086556
p-valu: 1.7833094193625589e-68

AL interation 2131/4801.

mae: 0.013831330679122964
max_error: 0.09287919465922134
variance: 0.00013628370235002496
pearson: 0.05591732530660505
p-valu: 4.039380655686909e-67

AL interation 2132/4801.

mae: 0.013793074636514092
max_error: 0.09252835951272975
variance: 0.00013598367103189596
pearson: 0.0555038486729395
p-valu: 3.7172333545725496e-66

AL interation 2133/4801.

mae: 0.013795845505530965
max_error: 0.09241909516370872
variance: 0.00013585800761120142
pearson: 0.05606074319559082
p-valu: 1.8703011305544176e-67

AL interation 2134/4801.

mae: 0.013793904810965586
max_error: 0.09240338186058072
variance: 0.00013580576433646697
pearson: 0.05578829020544544
p-valu: 8.123042619879208e-67

AL interation 2135/4801.

mae: 0.013794255076726216
max_error: 0.09243993761564018
variance: 0.0001358480230217457
pearson: 0.054977961446568975
p-valu: 6.123032017085043e-65

AL interation 2136/4801.

mae: 0.013798692343282546
max_error: 0.09243912886430228
variance: 0.00013569907400326107
pearson: 0.05439380424939359
p-valu: 1.3285902946935914e-63

AL interation 2137/4801.

mae: 0.01378427705665728
max_error: 0.09244767845010249
variance: 0.00013556673706903137
pearson: 0.054818329985679086
p-valu: 1.427970768395093e-64

AL interation 2138/4801.

mae: 0.01378302735806063
max_error: 0.09251382480195791
variance: 0.00013548244419962012
pearson: 0.05507013532070626
p-valu: 3.7746592026495414e-65

AL interation 2139/4801.

mae: 0.013778131654828173
max_error: 0.09245210621841982
variance: 0.00013537425550114464
pearson: 0.05510845604290772
p-valu: 3.0851068455830194e-65

AL interation 2140/4801.

mae: 0.013777739580761096
max_error: 0.09246845614737542
variance: 0.0001353702342849619
pearson: 0.05473880865427966
p-valu: 2.1818489155910952e-64

AL interation 2141/4801.

mae: 0.01375448916347773
max_error: 0.09254873095804617
variance: 0.0001352378969549983
pearson: 0.053654206806036706
p-valu: 6.270285621254951e-62

AL interation 2142/4801.

mae: 0.01375209388082828
max_error: 0.09248149479484202
variance: 0.00013519041148470927
pearson: 0.05417605401872736
p-valu: 4.1831772759941466e-63

AL interation 2143/4801.

mae: 0.013742195747448133
max_error: 0.09223641856650322
variance: 0.00013512406919717878
pearson: 0.05333428847604324
p-valu: 3.266716322007015e-61

AL interation 2144/4801.

mae: 0.013745174231033979
max_error: 0.09227454238387911
variance: 0.0001351253966321306
pearson: 0.05428213690893409
p-valu: 2.4113310979418387e-63

AL interation 2145/4801.

mae: 0.013753854617992882
max_error: 0.0921775916583869
variance: 0.00013520888722390938
pearson: 0.05440630253085488
p-valu: 1.261173506903834e-63

AL interation 2146/4801.

mae: 0.013752599365349337
max_error: 0.09215677775549413
variance: 0.0001352171327488866
pearson: 0.05489204420612993
p-valu: 9.807507605679811e-65

AL interation 2147/4801.

mae: 0.013755647330622536
max_error: 0.09223754162715925
variance: 0.00013507645948291586
pearson: 0.054307655479367827
p-valu: 2.119616400407079e-63

AL interation 2148/4801.

mae: 0.013745528510006133
max_error: 0.09228066412723313
variance: 0.0001351849798789706
pearson: 0.05376664551979905
p-valu: 3.5415193932208e-62

AL interation 2149/4801.

mae: 0.01374357975103613
max_error: 0.09225839191188645
variance: 0.0001352126372246991
pearson: 0.05408063657558262
p-valu: 6.949043871715909e-63

AL interation 2150/4801.

mae: 0.013739097641875779
max_error: 0.09168513863758965
variance: 0.00013501900321495684
pearson: 0.053975001351067746
p-valu: 1.205524079149287e-62

AL interation 2151/4801.

mae: 0.013739188396354692
max_error: 0.09164546880154778
variance: 0.00013503078882630445
pearson: 0.054327142751356604
p-valu: 1.9256532214466638e-63

AL interation 2152/4801.

mae: 0.013740940070618265
max_error: 0.09165644334101164
variance: 0.00013506890795901132
pearson: 0.05354541766649767
p-valu: 1.1168266175017827e-61

AL interation 2153/4801.

mae: 0.013731002558100709
max_error: 0.09164866077620393
variance: 0.00013483009685036807
pearson: 0.05405441948007628
p-valu: 8.011980560280385e-63

AL interation 2154/4801.

mae: 0.013721508903952614
max_error: 0.09159449370534678
variance: 0.00013452544033137065
pearson: 0.05361850688726308
p-valu: 7.682600173940399e-62

AL interation 2155/4801.

mae: 0.013725182605117616
max_error: 0.09090880894635522
variance: 0.00013412331246386174
pearson: 0.05295630864657272
p-valu: 2.2981830113697624e-60

AL interation 2156/4801.

mae: 0.01371662897549682
max_error: 0.09119251212112833
variance: 0.00013404554482203767
pearson: 0.053387991830165966
p-valu: 2.5256747251257305e-61

AL interation 2157/4801.

mae: 0.013725148922122163
max_error: 0.0913143165719561
variance: 0.00013394783060519268
pearson: 0.05381571135149747
p-valu: 2.7831013474185234e-62

AL interation 2158/4801.

mae: 0.01372768851210978
max_error: 0.09132532020274486
variance: 0.00013399283331071778
pearson: 0.05444671037836732
p-valu: 1.040477484778217e-63

AL interation 2159/4801.

mae: 0.013730732625968885
max_error: 0.0915421656666553
variance: 0.00013412214311829288
pearson: 0.05507849733545023
p-valu: 3.728408356606196e-65

AL interation 2160/4801.

mae: 0.013733043054475477
max_error: 0.09161291433705121
variance: 0.00013417672749043536
pearson: 0.05528448818771396
p-valu: 1.2502852121146606e-65

AL interation 2161/4801.

mae: 0.01373184301605929
max_error: 0.09159228444244438
variance: 0.00013418902516874393
pearson: 0.05565938979462964
p-valu: 1.6916822207543402e-66

AL interation 2162/4801.

mae: 0.013731400235777604
max_error: 0.09200525216127464
variance: 0.000134221333897594
pearson: 0.055607825936974435
p-valu: 2.233124854017747e-66

AL interation 2163/4801.

mae: 0.013731393884922161
max_error: 0.09207620792497839
variance: 0.00013418178189739867
pearson: 0.05593040033425134
p-valu: 3.958967843134987e-67

AL interation 2164/4801.

mae: 0.01372916739221326
max_error: 0.09203150826673157
variance: 0.000134112859554391
pearson: 0.055896808956124866
p-valu: 4.7509112838942336e-67

AL interation 2165/4801.

mae: 0.0137297314774743
max_error: 0.0920289363371325
variance: 0.00013412331011671282
pearson: 0.05686848133610138
p-valu: 2.439873514040584e-69

AL interation 2166/4801.

mae: 0.013728427271406045
max_error: 0.09198625915340419
variance: 0.00013421641989370628
pearson: 0.05743128711588502
p-valu: 1.1055642111862653e-70

AL interation 2167/4801.

mae: 0.013720411583688205
max_error: 0.09207430303993935
variance: 0.00013436671908911908
pearson: 0.05814727676942207
p-valu: 2.064177294980239e-72

AL interation 2168/4801.

mae: 0.013715731196965715
max_error: 0.09202399896665558
variance: 0.0001343827232417676
pearson: 0.05894644498351436
p-valu: 2.2892625543267883e-74

AL interation 2169/4801.

mae: 0.013714061776374858
max_error: 0.09231246575635343
variance: 0.00013440873292553326
pearson: 0.059122384725072544
p-valu: 8.439081635151005e-75

AL interation 2170/4801.

mae: 0.01371242802030653
max_error: 0.09297547377608173
variance: 0.0001345995061516879
pearson: 0.05904402707303394
p-valu: 1.3200044196264047e-74

AL interation 2171/4801.

mae: 0.013714382337037066
max_error: 0.09294588548962968
variance: 0.00013465613285300605
pearson: 0.05924552887971182
p-valu: 4.199319509382907e-75

AL interation 2172/4801.

mae: 0.013730914654097044
max_error: 0.09328805385760863
variance: 0.00013485152798247687
pearson: 0.06027307084831436
p-valu: 1.1408586360271993e-77

AL interation 2173/4801.

mae: 0.013731902870826547
max_error: 0.09328416126962513
variance: 0.00013487897748034973
pearson: 0.05959131353883701
p-valu: 5.833273456715477e-76

AL interation 2174/4801.

mae: 0.01374064300150853
max_error: 0.09341486966517043
variance: 0.0001352552370504567
pearson: 0.05873809419217041
p-valu: 7.528007694671072e-74

AL interation 2175/4801.

mae: 0.013721493911050953
max_error: 0.09330001226979623
variance: 0.00013493450346799702
pearson: 0.05911092832004609
p-valu: 9.10288359410563e-75

AL interation 2176/4801.

mae: 0.013717293254290072
max_error: 0.09328177945716054
variance: 0.00013503544293709443
pearson: 0.059362233243528024
p-valu: 2.1763408309707007e-75

AL interation 2177/4801.

mae: 0.013718833487560343
max_error: 0.09332799624488364
variance: 0.0001350390628599769
pearson: 0.059942827579504074
p-valu: 7.7784077917889e-77

AL interation 2178/4801.

mae: 0.013719904831371192
max_error: 0.09331549848096476
variance: 0.0001350545366588533
pearson: 0.0603385945311617
p-valu: 7.885437482467825e-78

AL interation 2179/4801.

mae: 0.01372480394539227
max_error: 0.09365458340815569
variance: 0.000135269595357948
pearson: 0.06103663515872508
p-valu: 1.3395950076512736e-79

AL interation 2180/4801.

mae: 0.013722711574668115
max_error: 0.09367649949811896
variance: 0.00013522293828357844
pearson: 0.06100990965615135
p-valu: 1.570192787503778e-79

AL interation 2181/4801.

mae: 0.013717119474005472
max_error: 0.09392416186190933
variance: 0.00013517032670107176
pearson: 0.06043126494088554
p-valu: 4.62722546274305e-78

AL interation 2182/4801.

mae: 0.013714186237815488
max_error: 0.09393398766977445
variance: 0.00013480140036195
pearson: 0.06039084997560732
p-valu: 5.863576538521704e-78

AL interation 2183/4801.

mae: 0.01371435561493915
max_error: 0.09388988747790283
variance: 0.0001348538462272903
pearson: 0.060871755936446933
p-valu: 3.550416718570987e-79

AL interation 2184/4801.

mae: 0.01371427459927001
max_error: 0.0938930415389081
variance: 0.00013484850371773012
pearson: 0.06198470433962876
p-valu: 4.938743384738157e-82

AL interation 2185/4801.

mae: 0.013698019067653085
max_error: 0.09358039063002654
variance: 0.00013477130084898182
pearson: 0.06159224266502622
p-valu: 5.105083624867491e-81

AL interation 2186/4801.

mae: 0.0136958975709473
max_error: 0.09353259763227872
variance: 0.0001347746751533064
pearson: 0.062147987916834256
p-valu: 1.8694332302030508e-82

AL interation 2187/4801.

mae: 0.013697735076100653
max_error: 0.09356059471886913
variance: 0.0001347756744373344
pearson: 0.062097646759653825
p-valu: 2.5308303120048528e-82

AL interation 2188/4801.

mae: 0.013695326527257603
max_error: 0.09353135989275363
variance: 0.0001347482929868086
pearson: 0.06163275560529468
p-valu: 4.0379528265842918e-81

AL interation 2189/4801.

mae: 0.01369343235476157
max_error: 0.09362067243958738
variance: 0.00013452949782593934
pearson: 0.06093737120012545
p-valu: 2.4440579616288677e-79

AL interation 2190/4801.

mae: 0.013694075269490213
max_error: 0.09360976365272511
variance: 0.00013452330345602983
pearson: 0.06106818660616724
p-valu: 1.1360768896774134e-79

AL interation 2191/4801.

mae: 0.013679631059781287
max_error: 0.09290640155748808
variance: 0.0001343872877414678
pearson: 0.06035916024247169
p-valu: 7.166097440123344e-78

AL interation 2192/4801.

mae: 0.013680152391780618
max_error: 0.09288064236014582
variance: 0.00013439373843850583
pearson: 0.06058425095864875
p-valu: 1.9374279612849556e-78

AL interation 2193/4801.

mae: 0.013676957384847121
max_error: 0.09285474137758176
variance: 0.00013433217184841804
pearson: 0.060252906050441694
p-valu: 1.3324764057961393e-77

AL interation 2194/4801.

mae: 0.01366864662732118
max_error: 0.09275071372966015
variance: 0.00013426429763679047
pearson: 0.06078413183013033
p-valu: 6.052269129115402e-79

AL interation 2195/4801.

mae: 0.013667115125407778
max_error: 0.09269807626108961
variance: 0.00013426484879497215
pearson: 0.060827047102054096
p-valu: 4.717064459753704e-79

AL interation 2196/4801.

mae: 0.013673379059860281
max_error: 0.09269228747646996
variance: 0.00013451596519303689
pearson: 0.06219190984942331
p-valu: 1.4656045300123337e-82

AL interation 2197/4801.

mae: 0.01366553718023705
max_error: 0.09260497231597076
variance: 0.00013349122104275063
pearson: 0.060309853620063095
p-valu: 9.646510679752781e-78

AL interation 2198/4801.

mae: 0.013639914468665002
max_error: 0.09305260125191528
variance: 0.00013331776116757627
pearson: 0.060235354567119176
p-valu: 1.4886959740797742e-77

AL interation 2199/4801.

mae: 0.013641278680948641
max_error: 0.09299544103513147
variance: 0.00013316385867186126
pearson: 0.06030162580117372
p-valu: 1.0155283737178338e-77

AL interation 2200/4801.

mae: 0.013649310258295966
max_error: 0.0930058846775268
variance: 0.00013341457109588778
pearson: 0.06063347382605447
p-valu: 1.4755799267995445e-78

AL interation 2201/4801.

mae: 0.013646854417483445
max_error: 0.09297830055018896
variance: 0.00013323215377877766
pearson: 0.05875751565242224
p-valu: 7.0685051967545764e-74

AL interation 2202/4801.

mae: 0.013639104666229264
max_error: 0.09248994921270826
variance: 0.0001333443821621519
pearson: 0.05916110220920816
p-valu: 7.174294254933877e-75

AL interation 2203/4801.

mae: 0.013640893433112405
max_error: 0.09244182721980398
variance: 0.0001333778030145928
pearson: 0.059291943436613675
p-valu: 3.4098464444735456e-75

AL interation 2204/4801.

mae: 0.013647535467835056
max_error: 0.0925293161103895
variance: 0.000133368830775238
pearson: 0.058167516876599455
p-valu: 1.962713339290014e-72

AL interation 2205/4801.

mae: 0.013645643830244173
max_error: 0.09250394110725613
variance: 0.0001333319817041989
pearson: 0.05824956878129972
p-valu: 1.241736254862656e-72

AL interation 2206/4801.

mae: 0.013646051068863312
max_error: 0.09251093337573768
variance: 0.000133332252198606
pearson: 0.05849192628834898
p-valu: 3.189133922692577e-73

AL interation 2207/4801.

mae: 0.01365563122764905
max_error: 0.09259874787111078
variance: 0.0001332586484663618
pearson: 0.05829940618998899
p-valu: 9.422389824883026e-73

AL interation 2208/4801.

mae: 0.013655719440129922
max_error: 0.09262122951580243
variance: 0.00013325423864865183
pearson: 0.05856958335370761
p-valu: 2.066562871612551e-73

AL interation 2209/4801.

mae: 0.013646030998025024
max_error: 0.09251735541218697
variance: 0.00013303473803195245
pearson: 0.05863281974843456
p-valu: 1.4493134467253816e-73

AL interation 2210/4801.

mae: 0.013645927271699632
max_error: 0.09251137489789873
variance: 0.00013303356922030057
pearson: 0.05730843828575906
p-valu: 2.3427086712935253e-70

AL interation 2211/4801.

mae: 0.013639373888914097
max_error: 0.09239572508161875
variance: 0.0001329127042845948
pearson: 0.05765573513739996
p-valu: 3.4382963416661105e-71

AL interation 2212/4801.

mae: 0.01364256319460474
max_error: 0.09242446914689428
variance: 0.00013289900018512063
pearson: 0.05706192955252285
p-valu: 9.1225955893812e-70

AL interation 2213/4801.

mae: 0.013644202314128712
max_error: 0.0923637955504859
variance: 0.00013293843887196308
pearson: 0.05763908111870551
p-valu: 3.78360301186184e-71

AL interation 2214/4801.

mae: 0.013643705239888062
max_error: 0.09237699272242428
variance: 0.00013299345641491794
pearson: 0.057585086114238446
p-valu: 5.112082033781386e-71

AL interation 2215/4801.

mae: 0.013648400910533556
max_error: 0.0922775893020884
variance: 0.00013329286276175898
pearson: 0.05797991625756099
p-valu: 5.703642269154036e-72

AL interation 2216/4801.

mae: 0.013647244242609359
max_error: 0.09228790835644252
variance: 0.00013337281167180392
pearson: 0.058314981957813046
p-valu: 8.76782753015299e-73

AL interation 2217/4801.

mae: 0.0136481525849822
max_error: 0.09205635389620004
variance: 0.00013298619785076328
pearson: 0.05722380743444063
p-valu: 3.7775746819969317e-70

AL interation 2218/4801.

mae: 0.013635432608043554
max_error: 0.09205675119031587
variance: 0.00013298195519226784
pearson: 0.05685776024637623
p-valu: 2.8199167810907093e-69

AL interation 2219/4801.

mae: 0.013610955350526916
max_error: 0.09169418850868571
variance: 0.00013294165474089445
pearson: 0.056687879299650586
p-valu: 7.142827681839566e-69

AL interation 2220/4801.

mae: 0.01361178151448281
max_error: 0.0916605141881377
variance: 0.00013294781494032083
pearson: 0.0564506867278816
p-valu: 2.600930062498793e-68

AL interation 2221/4801.

mae: 0.013601426349803951
max_error: 0.09153573850770447
variance: 0.00013285536427577602
pearson: 0.056471481388978485
p-valu: 2.3268826903295818e-68

AL interation 2222/4801.

mae: 0.013605730395112517
max_error: 0.09155869503482283
variance: 0.00013289082846394532
pearson: 0.05595956835869498
p-valu: 3.7126567879624686e-67

AL interation 2223/4801.

mae: 0.013606665865785033
max_error: 0.09146743471800112
variance: 0.00013288644971072678
pearson: 0.0553092340852963
p-valu: 1.2074305113369959e-65

AL interation 2224/4801.

mae: 0.013606911435253846
max_error: 0.09146700872068725
variance: 0.00013289403318929224
pearson: 0.05490859658985653
p-valu: 1.0113083020192362e-64

AL interation 2225/4801.

mae: 0.013611645671198503
max_error: 0.09224832014300266
variance: 0.00013330169914031176
pearson: 0.05488537572828345
p-valu: 1.144972198838199e-64

AL interation 2226/4801.

mae: 0.013614232751671647
max_error: 0.09235768287615831
variance: 0.00013335309386258487
pearson: 0.05515262877652178
p-valu: 2.787367116082991e-65

AL interation 2227/4801.

mae: 0.013609573047350089
max_error: 0.09232150621236035
variance: 0.0001333613983729833
pearson: 0.055506778033998734
p-valu: 4.2392710677578153e-66

AL interation 2228/4801.

mae: 0.013614327500288131
max_error: 0.0923995010178118
variance: 0.00013341291232267323
pearson: 0.05605530889929909
p-valu: 2.237621614395398e-67

AL interation 2229/4801.

mae: 0.013617853257221771
max_error: 0.0925047107766972
variance: 0.00013348531705638684
pearson: 0.05547328018462608
p-valu: 5.084919211213002e-66

AL interation 2230/4801.

mae: 0.013597620285431818
max_error: 0.09315613733750472
variance: 0.00013353860711311447
pearson: 0.05513758981586074
p-valu: 3.0373356961915186e-65

AL interation 2231/4801.

mae: 0.013598444998319519
max_error: 0.09327041713393958
variance: 0.0001337169907580815
pearson: 0.055427977410613116
p-valu: 6.494750695507232e-66

AL interation 2232/4801.

mae: 0.013599033104996931
max_error: 0.09323425007872577
variance: 0.0001336344691514289
pearson: 0.05502678786382159
p-valu: 5.479800006063848e-65

AL interation 2233/4801.

mae: 0.013600432029138545
max_error: 0.09306317655458263
variance: 0.00013348891412414668
pearson: 0.05485686909291244
p-valu: 1.3470796737814287e-64

AL interation 2234/4801.

mae: 0.013592343871739432
max_error: 0.09293387231631134
variance: 0.00013361394774554368
pearson: 0.054900547607053374
p-valu: 1.0713289093267321e-64

AL interation 2235/4801.

mae: 0.013591415275953514
max_error: 0.09290717100728618
variance: 0.00013360600829904391
pearson: 0.05486569464714585
p-valu: 1.2896798234920819e-64

AL interation 2236/4801.

mae: 0.013591948927514252
max_error: 0.09288626606010841
variance: 0.0001336780622699874
pearson: 0.05557090338645359
p-valu: 3.0519630601400644e-66

AL interation 2237/4801.

mae: 0.013593617981088137
max_error: 0.09287878405101258
variance: 0.00013354670943654327
pearson: 0.055583481122597665
p-valu: 2.8579493958255845e-66

AL interation 2238/4801.

mae: 0.013593160364446534
max_error: 0.09297058507766853
variance: 0.00013359026756825117
pearson: 0.055398381234664285
p-valu: 7.687022208930177e-66

AL interation 2239/4801.

mae: 0.013587589164121706
max_error: 0.0930908412522371
variance: 0.00013361862487712805
pearson: 0.05425729115721596
p-valu: 3.159849288315272e-63

AL interation 2240/4801.

mae: 0.013587489003313519
max_error: 0.09298664316455363
variance: 0.00013369620409086047
pearson: 0.05466395275062764
p-valu: 3.760494757536349e-64

AL interation 2241/4801.

mae: 0.013586214915645304
max_error: 0.09290816331989338
variance: 0.00013380789246099682
pearson: 0.05452953950579254
p-valu: 7.62811697573682e-64

AL interation 2242/4801.

mae: 0.01358228623372025
max_error: 0.09296084170412944
variance: 0.0001337770377578892
pearson: 0.052702568246580137
p-valu: 9.431067734227127e-60

AL interation 2243/4801.

mae: 0.013581237906854506
max_error: 0.09309659524982128
variance: 0.00013379289082791096
pearson: 0.05262804237335046
p-valu: 1.3775607344352764e-59

AL interation 2244/4801.

mae: 0.01357958416851643
max_error: 0.09312060223058727
variance: 0.00013381836776389685
pearson: 0.0532065886511269
p-valu: 7.260231814190622e-61

AL interation 2245/4801.

mae: 0.013579381746755362
max_error: 0.0932818711142176
variance: 0.00013374115916397686
pearson: 0.05397256995109942
p-valu: 1.4029995376657812e-62

AL interation 2246/4801.

mae: 0.013549450246540052
max_error: 0.09304694949222214
variance: 0.00013348766921348002
pearson: 0.053839788877299066
p-valu: 2.7967269657349186e-62

AL interation 2247/4801.

mae: 0.013555238014185405
max_error: 0.09332417837302676
variance: 0.00013349613700744937
pearson: 0.05290392505841042
p-valu: 3.4158857341720916e-60

AL interation 2248/4801.

mae: 0.013555144267142268
max_error: 0.0933214562376492
variance: 0.00013349477579113658
pearson: 0.05261376146132732
p-valu: 1.491148073268641e-59

AL interation 2249/4801.

mae: 0.013554821144170155
max_error: 0.09310953156981161
variance: 0.00013346389387783745
pearson: 0.05223027061320293
p-valu: 1.0322726115086277e-58

AL interation 2250/4801.

mae: 0.013555353960005909
max_error: 0.09308401990600434
variance: 0.00013346480355652752
pearson: 0.05207289549581842
p-valu: 2.276102058375676e-58

AL interation 2251/4801.

mae: 0.01354602247045812
max_error: 0.09308924482323566
variance: 0.00013364380295132868
pearson: 0.051194393763150506
p-valu: 1.7881156365950619e-56

AL interation 2252/4801.

mae: 0.01356515740352506
max_error: 0.09306971569643285
variance: 0.00013353296278469982
pearson: 0.05164903785906008
p-valu: 1.8901193120752732e-57

AL interation 2253/4801.

mae: 0.013537321104271503
max_error: 0.09297280885383263
variance: 0.00013276180108347585
pearson: 0.049108069807594516
p-valu: 4.207966444640858e-52

AL interation 2254/4801.

mae: 0.013534318619444699
max_error: 0.09389196787904841
variance: 0.00013254869520015953
pearson: 0.049175771091371626
p-valu: 3.0592945371237102e-52

AL interation 2255/4801.

mae: 0.01353370657541374
max_error: 0.09386657417784083
variance: 0.00013254943630742997
pearson: 0.04954534474243609
p-valu: 5.298236218388052e-53

AL interation 2256/4801.

mae: 0.013534002243835212
max_error: 0.09386413306586694
variance: 0.00013252086116807775
pearson: 0.05013553190429934
p-valu: 3.1332306240911974e-54

AL interation 2257/4801.

mae: 0.013529633645590403
max_error: 0.0940503213514916
variance: 0.00013255306671852238
pearson: 0.05046000884279908
p-valu: 6.529209944555229e-55

AL interation 2258/4801.

mae: 0.013530519756082606
max_error: 0.09398570927104122
variance: 0.00013251433671103988
pearson: 0.05049394125369797
p-valu: 5.544683836621535e-55

AL interation 2259/4801.

mae: 0.01352548782965888
max_error: 0.09404769358437481
variance: 0.00013253735941111505
pearson: 0.0507536328561877
p-valu: 1.5679906125723082e-55

AL interation 2260/4801.

mae: 0.013509133478175239
max_error: 0.09423312129436856
variance: 0.00013250709674755257
pearson: 0.04940420522630416
p-valu: 1.0434705145209599e-52

AL interation 2261/4801.

mae: 0.013507410412881485
max_error: 0.09418598998789496
variance: 0.00013256935652526073
pearson: 0.04795702711790224
p-valu: 9.157833514263627e-50

AL interation 2262/4801.

mae: 0.013507800190438433
max_error: 0.09423523867852457
variance: 0.00013254640931679795
pearson: 0.04844547559641353
p-valu: 9.523720197980669e-51

AL interation 2263/4801.

mae: 0.013497991973729605
max_error: 0.09421525225346561
variance: 0.00013259232885872062
pearson: 0.048470998194084285
p-valu: 8.46558912623359e-51

AL interation 2264/4801.

mae: 0.013496652089671305
max_error: 0.0944400349149277
variance: 0.00013244571027347764
pearson: 0.048533622978740754
p-valu: 6.328399000225812e-51

AL interation 2265/4801.

mae: 0.01349632259012262
max_error: 0.0944308505566227
variance: 0.00013240899708924286
pearson: 0.04901161294632747
p-valu: 6.730478380374026e-52

AL interation 2266/4801.

mae: 0.013496243450891687
max_error: 0.09447237339216774
variance: 0.0001324386327040949
pearson: 0.049027082937646946
p-valu: 6.264644586182939e-52

AL interation 2267/4801.

mae: 0.013495085982130466
max_error: 0.09466523869585619
variance: 0.00013243882675537534
pearson: 0.04905017093339548
p-valu: 5.625119807710047e-52

AL interation 2268/4801.

mae: 0.013491917164448836
max_error: 0.09473384495166504
variance: 0.00013234335418206949
pearson: 0.04914245567123436
p-valu: 3.6426489037405666e-52

AL interation 2269/4801.

mae: 0.013497886937988141
max_error: 0.09490657666336522
variance: 0.00013229522710782432
pearson: 0.04954510222041457
p-valu: 5.396801622505655e-53

AL interation 2270/4801.

mae: 0.01349782476907046
max_error: 0.0949066417940998
variance: 0.00013229505516936636
pearson: 0.049367464126580274
p-valu: 1.2577431583722116e-52

AL interation 2271/4801.

mae: 0.013491866860026394
max_error: 0.09424340176340995
variance: 0.00013230119476457587
pearson: 0.049142426496971016
p-valu: 3.6564452642496065e-52

AL interation 2272/4801.

mae: 0.013491547506524135
max_error: 0.09426248614389299
variance: 0.00013224740315193756
pearson: 0.04945127411921144
p-valu: 8.466620605354962e-53

AL interation 2273/4801.

mae: 0.013490673032383847
max_error: 0.09400390794488378
variance: 0.00013247109227102974
pearson: 0.04912842304261619
p-valu: 3.916070921708538e-52

AL interation 2274/4801.

mae: 0.013485918637099616
max_error: 0.0938291564566811
variance: 0.0001324999912943445
pearson: 0.04967740352647909
p-valu: 2.888683056143865e-53

AL interation 2275/4801.

mae: 0.013483789820277323
max_error: 0.09410173994527615
variance: 0.00013237739158193955
pearson: 0.04955363710936788
p-valu: 5.220243656720335e-53

AL interation 2276/4801.

mae: 0.013478507697478158
max_error: 0.09463900149606563
variance: 0.00013247515735464205
pearson: 0.048964418916357964
p-valu: 8.51865685231131e-52

AL interation 2277/4801.

mae: 0.013478521220847774
max_error: 0.09463894704461784
variance: 0.00013247568845087853
pearson: 0.04856711638374141
p-valu: 5.496241074372715e-51

AL interation 2278/4801.

mae: 0.013477704363855569
max_error: 0.09464338255728255
variance: 0.00013245787623038078
pearson: 0.04859687394886464
p-valu: 4.788537049562215e-51

AL interation 2279/4801.

mae: 0.01347832113135285
max_error: 0.09464558191124017
variance: 0.00013246801165864156
pearson: 0.04898561992595583
p-valu: 7.737107521906204e-52

AL interation 2280/4801.

mae: 0.013478757205640509
max_error: 0.09485905156364827
variance: 0.00013249740866718983
pearson: 0.04918901816021448
p-valu: 2.9657934107197963e-52

AL interation 2281/4801.

mae: 0.013480571177036582
max_error: 0.09491387878759672
variance: 0.00013258226386119728
pearson: 0.04946615548774096
p-valu: 7.975892254728045e-53

AL interation 2282/4801.

mae: 0.013467714780773812
max_error: 0.09493513941859821
variance: 0.00013254683148636643
pearson: 0.0487598835400631
p-valu: 2.2432620673995797e-51

AL interation 2283/4801.

mae: 0.01346443388480409
max_error: 0.09566883416781313
variance: 0.00013245026192673835
pearson: 0.0495572965787916
p-valu: 5.180920455661383e-53

AL interation 2284/4801.

mae: 0.013460985426293854
max_error: 0.09549401273742153
variance: 0.00013240007292294854
pearson: 0.0494032162046729
p-valu: 1.0797181963762776e-52

AL interation 2285/4801.

mae: 0.013461110622617982
max_error: 0.09550545916229969
variance: 0.00013240240117380357
pearson: 0.049844788851762994
p-valu: 1.3146661195853868e-53

AL interation 2286/4801.

mae: 0.013460054435306627
max_error: 0.09557387002704165
variance: 0.00013251327883975465
pearson: 0.050213553618648085
p-valu: 2.233532047726154e-54

AL interation 2287/4801.

mae: 0.01345469736508674
max_error: 0.09551317443223017
variance: 0.00013241696466253892
pearson: 0.04967312825070018
p-valu: 2.996211713340428e-53

AL interation 2288/4801.

mae: 0.013453326474594591
max_error: 0.0952345827682024
variance: 0.0001324074053746239
pearson: 0.04929638136269117
p-valu: 1.8013554506622427e-52

AL interation 2289/4801.

mae: 0.013454128060284095
max_error: 0.0952790586000305
variance: 0.00013241437446063041
pearson: 0.049347249198649565
p-valu: 1.4169861684826192e-52

AL interation 2290/4801.

mae: 0.01345219292233921
max_error: 0.09531219907947563
variance: 0.00013236539349485352
pearson: 0.0501697848026839
p-valu: 2.7728171247115043e-54

AL interation 2291/4801.

mae: 0.013447498390268531
max_error: 0.09506458899093961
variance: 0.00013222492764390048
pearson: 0.04999241210299578
p-valu: 6.521899153851985e-54

AL interation 2292/4801.

mae: 0.013449852501954566
max_error: 0.0952653498241347
variance: 0.00013229450053895838
pearson: 0.05005469767709686
p-valu: 4.839774619429399e-54

AL interation 2293/4801.

mae: 0.01344601644842554
max_error: 0.0952992772279544
variance: 0.00013226021169387097
pearson: 0.05025659383377253
p-valu: 1.8305021110876916e-54

AL interation 2294/4801.

mae: 0.013446933428752467
max_error: 0.09529407139078505
variance: 0.00013227773619055696
pearson: 0.05020131381948987
p-valu: 2.393613572475622e-54

AL interation 2295/4801.

mae: 0.01344570872871529
max_error: 0.09534030734406262
variance: 0.00013231527379847002
pearson: 0.05025179842407447
p-valu: 1.8781697186994152e-54

AL interation 2296/4801.

mae: 0.013444649049396403
max_error: 0.09547294121697125
variance: 0.00013237713025191996
pearson: 0.05047839379189427
p-valu: 6.27768626174622e-55

AL interation 2297/4801.

mae: 0.013436474035719286
max_error: 0.09552398363919967
variance: 0.00013247425475827035
pearson: 0.04956871314102484
p-valu: 4.992158320759037e-53

AL interation 2298/4801.

mae: 0.013435227932064451
max_error: 0.09553596145500198
variance: 0.00013245316439379167
pearson: 0.04944289483401245
p-valu: 9.096862473486174e-53

AL interation 2299/4801.

mae: 0.01343479702512217
max_error: 0.09555514971524137
variance: 0.00013247411375057723
pearson: 0.04989145610785334
p-valu: 1.0696594690472718e-53

AL interation 2300/4801.

mae: 0.013417939227445093
max_error: 0.09564333439246586
variance: 0.00013230230514172436
pearson: 0.049846614019032565
p-valu: 1.3278638479722545e-53

AL interation 2301/4801.

mae: 0.013418173055029885
max_error: 0.09561376479703942
variance: 0.00013231790538009705
pearson: 0.04971223000221907
p-valu: 2.529236776435389e-53

AL interation 2302/4801.

mae: 0.013469519380957386
max_error: 0.09463607969726984
variance: 0.0001334553543945513
pearson: 0.05269752098746657
p-valu: 1.0520551923927208e-59

AL interation 2303/4801.

mae: 0.01347071964675894
max_error: 0.0946095778506646
variance: 0.0001334461029634606
pearson: 0.05323115901703605
p-valu: 6.963391131970502e-61

AL interation 2304/4801.

mae: 0.013473270317852525
max_error: 0.09498009749271152
variance: 0.0001336078851456361
pearson: 0.0529097258982007
p-valu: 3.593450050382865e-60

AL interation 2305/4801.

mae: 0.013448561032099656
max_error: 0.09443973604428213
variance: 0.00013355236996016214
pearson: 0.053113383891071536
p-valu: 1.2748601312231093e-60

AL interation 2306/4801.

mae: 0.013442118538740491
max_error: 0.09426548579839111
variance: 0.0001331044646227002
pearson: 0.053581834630569466
p-valu: 1.1559192392629214e-61

AL interation 2307/4801.

mae: 0.013444067733090155
max_error: 0.09420269787190994
variance: 0.0001331234344567324
pearson: 0.05322748410463318
p-valu: 7.13607881512933e-61

AL interation 2308/4801.

mae: 0.013435115708391074
max_error: 0.09453715222733483
variance: 0.0001328364725213652
pearson: 0.052700183086601966
p-valu: 1.0466930699210826e-59

AL interation 2309/4801.

mae: 0.013434522341676174
max_error: 0.09448996087647576
variance: 0.0001329063009114163
pearson: 0.05324345511030211
p-valu: 6.594892036113973e-61

AL interation 2310/4801.

mae: 0.013439270925731097
max_error: 0.09473853370949148
variance: 0.00013286820914012917
pearson: 0.0525029794994313
p-valu: 2.8445783313677445e-59

AL interation 2311/4801.

mae: 0.013439430767315567
max_error: 0.09478029987488701
variance: 0.00013288931662098322
pearson: 0.052678789331524166
p-valu: 1.171354989859205e-59

AL interation 2312/4801.

mae: 0.01342989852047253
max_error: 0.09473522424289915
variance: 0.0001327463957033252
pearson: 0.05268527336066387
p-valu: 1.135105572438573e-59

AL interation 2313/4801.

mae: 0.013426819762958626
max_error: 0.09487780809311919
variance: 0.00013285844350855922
pearson: 0.0528940781455024
p-valu: 3.940596914243311e-60

AL interation 2314/4801.

mae: 0.01342243777945402
max_error: 0.09488903678132776
variance: 0.0001328325133865393
pearson: 0.052686935700723955
p-valu: 1.128735927080163e-59

AL interation 2315/4801.

mae: 0.013422555695071938
max_error: 0.09488954585188769
variance: 0.00013283165733662123
pearson: 0.05282928663077206
p-valu: 5.49207169788849e-60

AL interation 2316/4801.

mae: 0.013415962704383201
max_error: 0.09470309297651913
variance: 0.0001329794745741121
pearson: 0.052032294130682236
p-valu: 3.051171843408398e-58

AL interation 2317/4801.

mae: 0.013412368777361476
max_error: 0.09468993281464866
variance: 0.0001329739282628021
pearson: 0.05251169381094045
p-valu: 2.748727880940663e-59

AL interation 2318/4801.

mae: 0.013411885765600786
max_error: 0.09469997964405086
variance: 0.00013279994360803325
pearson: 0.05195603029160456
p-valu: 4.478702893577163e-58

AL interation 2319/4801.

mae: 0.013412675016756005
max_error: 0.09468020785974152
variance: 0.00013292221305773744
pearson: 0.051722617721077314
p-valu: 1.4347310822431634e-57

AL interation 2320/4801.

mae: 0.013422359982270529
max_error: 0.09453248281855342
variance: 0.00013300847282147593
pearson: 0.05201676244057896
p-valu: 3.315548962809825e-58

AL interation 2321/4801.

mae: 0.013415788593923589
max_error: 0.09456693789073545
variance: 0.00013284233403507056
pearson: 0.05225510528898577
p-valu: 1.0058103743259435e-58

AL interation 2322/4801.

mae: 0.013415760973853476
max_error: 0.09456639680414303
variance: 0.00013280450437703413
pearson: 0.0520310715634969
p-valu: 3.095047490411924e-58

AL interation 2323/4801.

mae: 0.013419888140781324
max_error: 0.09452683014413599
variance: 0.0001328252018992172
pearson: 0.052246439375320045
p-valu: 1.0534309242085026e-58

AL interation 2324/4801.

mae: 0.013415598222576751
max_error: 0.09454499383562909
variance: 0.00013280470811751911
pearson: 0.05297793486309363
p-valu: 2.6122774977686364e-60

AL interation 2325/4801.

mae: 0.013415888684727111
max_error: 0.09450402392397739
variance: 0.0001328154783601692
pearson: 0.051970889515292565
p-valu: 4.198087448688936e-58

AL interation 2326/4801.

mae: 0.01341647068151217
max_error: 0.09450859309257287
variance: 0.00013281157412221238
pearson: 0.052390494443453076
p-valu: 5.126882703450077e-59

AL interation 2327/4801.

mae: 0.013418288242673227
max_error: 0.09444418875822014
variance: 0.00013266502139653574
pearson: 0.05284749069673492
p-valu: 5.092184043352958e-60

AL interation 2328/4801.

mae: 0.013418450496707422
max_error: 0.09444754913195941
variance: 0.00013266617149439579
pearson: 0.05237136595465772
p-valu: 5.660658708349108e-59

AL interation 2329/4801.

mae: 0.013418214461711899
max_error: 0.09445454235904838
variance: 0.0001326366749489151
pearson: 0.053354012479932746
p-valu: 3.85190885625339e-61

AL interation 2330/4801.

mae: 0.013420074929802425
max_error: 0.09440865738659743
variance: 0.00013260791545611163
pearson: 0.0535494516439622
p-valu: 1.4136844769414226e-61

AL interation 2331/4801.

mae: 0.013423539358617361
max_error: 0.09443279382961411
variance: 0.00013265038389337615
pearson: 0.05426576150546288
p-valu: 3.464114390844655e-63

AL interation 2332/4801.

mae: 0.01341456451352877
max_error: 0.09460818017763306
variance: 0.00013285380527374018
pearson: 0.05406682049687771
p-valu: 9.770256387812903e-63

AL interation 2333/4801.

mae: 0.013417064678626212
max_error: 0.09462783621805504
variance: 0.00013288015808451373
pearson: 0.05352108288899483
p-valu: 1.6428799627770672e-61

AL interation 2334/4801.

mae: 0.013420209760668208
max_error: 0.09473397673199035
variance: 0.00013298095855491723
pearson: 0.05359450253745738
p-valu: 1.1275717332454884e-61

AL interation 2335/4801.

mae: 0.013424155783370698
max_error: 0.09485891976263194
variance: 0.00013288129616950754
pearson: 0.053947858556321844
p-valu: 1.819348040086549e-62

AL interation 2336/4801.

mae: 0.01341467689889116
max_error: 0.09504103694192456
variance: 0.00013267234709724192
pearson: 0.0538720306620857
p-valu: 2.698542315233078e-62

AL interation 2337/4801.

mae: 0.013407773819156496
max_error: 0.09575130137321541
variance: 0.0001328530752751578
pearson: 0.052434374436892105
p-valu: 4.173226876865499e-59

AL interation 2338/4801.

mae: 0.01340778831270768
max_error: 0.09574523153108605
variance: 0.00013284995795466586
pearson: 0.05372907019015691
p-valu: 5.666744150172749e-62

AL interation 2339/4801.

mae: 0.013400009559286398
max_error: 0.09573315691526152
variance: 0.00013263243438473552
pearson: 0.05238867314479966
p-valu: 5.267726572267603e-59

AL interation 2340/4801.

mae: 0.013398008305053243
max_error: 0.09568238850309574
variance: 0.0001326260915072077
pearson: 0.053575929676223
p-valu: 1.251505916513801e-61

AL interation 2341/4801.

mae: 0.013396309850683363
max_error: 0.09579303909098091
variance: 0.00013274929417208392
pearson: 0.05417323723298846
p-valu: 5.692972512013162e-63

AL interation 2342/4801.

mae: 0.013391924889922628
max_error: 0.09582319251470328
variance: 0.00013251307761327416
pearson: 0.05424959022815394
p-valu: 3.8306413336773634e-63

AL interation 2343/4801.

mae: 0.013392786829629138
max_error: 0.09581681969055755
variance: 0.0001325217797121498
pearson: 0.05331158252105892
p-valu: 4.884214600144285e-61

AL interation 2344/4801.

mae: 0.01339222522215007
max_error: 0.09579157473129674
variance: 0.00013253371790516327
pearson: 0.05378069120970591
p-valu: 4.37857915255093e-62

AL interation 2345/4801.

mae: 0.013388859039342473
max_error: 0.09584058114072325
variance: 0.0001324297337072206
pearson: 0.053970047622207966
p-valu: 1.6455513667018142e-62

AL interation 2346/4801.

mae: 0.013384584749808717
max_error: 0.09590294557895906
variance: 0.00013229396655719733
pearson: 0.054358504262632654
p-valu: 2.1830830619367194e-63

AL interation 2347/4801.

mae: 0.01338711852562197
max_error: 0.09603387677796893
variance: 0.0001323956133060245
pearson: 0.05477888271220355
p-valu: 2.4133588950288682e-64

AL interation 2348/4801.

mae: 0.013389054225199547
max_error: 0.09609350434678565
variance: 0.00013235203301775668
pearson: 0.0546716718244631
p-valu: 4.2468358160236594e-64

AL interation 2349/4801.

mae: 0.013394485682191697
max_error: 0.09656772660403878
variance: 0.00013247729333794536
pearson: 0.054720089920908654
p-valu: 3.2978269567620454e-64

AL interation 2350/4801.

mae: 0.013391966056204074
max_error: 0.0964532114183243
variance: 0.00013230554490790462
pearson: 0.054996195376620864
p-valu: 7.708126034842421e-65

AL interation 2351/4801.

mae: 0.013391518852962362
max_error: 0.09646035501444605
variance: 0.00013228761010167106
pearson: 0.055330253145484905
p-valu: 1.314613158023924e-65

AL interation 2352/4801.

mae: 0.013391435228830068
max_error: 0.09646117190326042
variance: 0.00013228829161290658
pearson: 0.055321776105176225
p-valu: 1.377313141518985e-65

AL interation 2353/4801.

mae: 0.013392901917574656
max_error: 0.09657888283416871
variance: 0.0001323549655070709
pearson: 0.05470856820075713
p-valu: 3.5248601182807524e-64

AL interation 2354/4801.

mae: 0.013389169502044681
max_error: 0.09652595381820395
variance: 0.0001323120329018533
pearson: 0.055834214351482184
p-valu: 8.957813164703304e-67

AL interation 2355/4801.

mae: 0.013393538597512316
max_error: 0.0964894156702798
variance: 0.00013237084511209403
pearson: 0.055099140467373006
p-valu: 4.50644226030756e-65

AL interation 2356/4801.

mae: 0.013393252074212637
max_error: 0.09648072790904227
variance: 0.00013237066663255228
pearson: 0.055736368054943385
p-valu: 1.518011909605325e-66

AL interation 2357/4801.

mae: 0.013394615614451783
max_error: 0.09633865914864548
variance: 0.00013241448699972957
pearson: 0.05617399779242686
p-valu: 1.4467378978162858e-67

AL interation 2358/4801.

mae: 0.013378100932852867
max_error: 0.09623740584291629
variance: 0.00013217324208119813
pearson: 0.05580875367698998
p-valu: 1.033269399839021e-66

AL interation 2359/4801.

mae: 0.013380527243889323
max_error: 0.09642036401718035
variance: 0.00013214973765108602
pearson: 0.05638159040396876
p-valu: 4.724964400690816e-68

AL interation 2360/4801.

mae: 0.013379238742183934
max_error: 0.0963689080834087
variance: 0.00013234627585136777
pearson: 0.05655879347670859
p-valu: 1.809889298630007e-68

AL interation 2361/4801.

mae: 0.013319265987046993
max_error: 0.0967480257859592
variance: 0.00013118304886467348
pearson: 0.05678513639420077
p-valu: 5.287504705500552e-69

AL interation 2362/4801.

mae: 0.013319472414174062
max_error: 0.09673974733326252
variance: 0.00013118628238440494
pearson: 0.056708247645983985
p-valu: 8.053144784555586e-69

AL interation 2363/4801.

mae: 0.013310434841325039
max_error: 0.09680416404151804
variance: 0.00013098852714257123
pearson: 0.056841106216905475
p-valu: 3.90852050094346e-69

AL interation 2364/4801.

mae: 0.013293568802718161
max_error: 0.09639325193009829
variance: 0.00013064553291252138
pearson: 0.05597997035684107
p-valu: 4.159893746610757e-67

AL interation 2365/4801.

mae: 0.013292404341540736
max_error: 0.09660373503951125
variance: 0.0001306190040882824
pearson: 0.05476838748096552
p-valu: 2.620529718100309e-64

AL interation 2366/4801.

mae: 0.013294249382669338
max_error: 0.09693863930104674
variance: 0.00013062394611024683
pearson: 0.05499371001073493
p-valu: 8.002228132485148e-65

AL interation 2367/4801.

mae: 0.013293795218639583
max_error: 0.0969086334276057
variance: 0.00013057076915782472
pearson: 0.05435811996970584
p-valu: 2.2567497943649698e-63

AL interation 2368/4801.

mae: 0.013292975237734945
max_error: 0.09682414012948759
variance: 0.00013057666769859848
pearson: 0.053678114928281416
p-valu: 7.698113640195864e-62

AL interation 2369/4801.

mae: 0.013293109853698078
max_error: 0.09682385661065784
variance: 0.00013057934489658034
pearson: 0.0540499038777122
p-valu: 1.1263065359194547e-62

AL interation 2370/4801.

mae: 0.01329095662860097
max_error: 0.0968777187952441
variance: 0.00013055502315184014
pearson: 0.0549091262235855
p-valu: 1.2581406361610678e-64

AL interation 2371/4801.

mae: 0.013292106951323077
max_error: 0.09683796892025787
variance: 0.00013048727189732655
pearson: 0.05478229142180046
p-valu: 2.4578146640282786e-64

AL interation 2372/4801.

mae: 0.013292301891665009
max_error: 0.09685815686501376
variance: 0.0001304968168359704
pearson: 0.05479929196515199
p-valu: 2.250872809918663e-64

AL interation 2373/4801.

mae: 0.013296875400847001
max_error: 0.09693725487184968
variance: 0.00013056032705584066
pearson: 0.053822832403194125
p-valu: 3.673390555513954e-62

AL interation 2374/4801.

mae: 0.013289907174388722
max_error: 0.09686444023694496
variance: 0.000130426958650261
pearson: 0.053270142564377565
p-valu: 6.31159948212015e-61

AL interation 2375/4801.

mae: 0.013285208841294003
max_error: 0.09671278725525956
variance: 0.00013029903444839645
pearson: 0.05335549671102509
p-valu: 4.082741042082189e-61

AL interation 2376/4801.

mae: 0.013273697707973355
max_error: 0.09660891928959647
variance: 0.00013011068839902774
pearson: 0.05353113258209493
p-valu: 1.6597820639909657e-61

AL interation 2377/4801.

mae: 0.013273440870476038
max_error: 0.09654603143670504
variance: 0.00013007914186226034
pearson: 0.0536272323807267
p-valu: 1.0137063682963407e-61

AL interation 2378/4801.

mae: 0.013267994588661841
max_error: 0.09654693096539124
variance: 0.0001300002299763098
pearson: 0.05330792828872426
p-valu: 5.231551944933995e-61

AL interation 2379/4801.

mae: 0.013262716619637129
max_error: 0.09656648238959353
variance: 0.00013004969876431865
pearson: 0.05322467832954911
p-valu: 8.020648472568057e-61

AL interation 2380/4801.

mae: 0.01324471180181478
max_error: 0.09682122813868266
variance: 0.00013013632981552845
pearson: 0.053689228849087486
p-valu: 7.396824820463048e-62

AL interation 2381/4801.

mae: 0.013239459392428729
max_error: 0.09690185445541322
variance: 0.00013016217569530796
pearson: 0.0533354438570325
p-valu: 4.5634878585568085e-61

AL interation 2382/4801.

mae: 0.013239424709902267
max_error: 0.09688320271178275
variance: 0.00013017104163055786
pearson: 0.0536222091254998
p-valu: 1.0478167925651597e-61

AL interation 2383/4801.

mae: 0.013238997873292913
max_error: 0.09689586282391649
variance: 0.000130176476802056
pearson: 0.053924252313393733
p-valu: 2.205496594879646e-62

AL interation 2384/4801.

mae: 0.01323141520578206
max_error: 0.09657539323760322
variance: 0.00012966104850800668
pearson: 0.053636137044075535
p-valu: 9.781095819243154e-62

AL interation 2385/4801.

mae: 0.01322754040369145
max_error: 0.0964897772026092
variance: 0.0001295766815740539
pearson: 0.05353797360096851
p-valu: 1.6233246043987107e-61

AL interation 2386/4801.

mae: 0.013212528847117913
max_error: 0.09633935015748141
variance: 0.00012954596314360614
pearson: 0.053488883983257796
p-valu: 2.0921456443406302e-61

AL interation 2387/4801.

mae: 0.013207481678456336
max_error: 0.09634452516255299
variance: 0.00012966724523254556
pearson: 0.05299414605572135
p-valu: 2.6289772036855467e-60

AL interation 2388/4801.

mae: 0.013208132695230322
max_error: 0.09632550303311693
variance: 0.00012971334592702227
pearson: 0.05297318604537685
p-valu: 2.928978330771828e-60

AL interation 2389/4801.

mae: 0.013219680421501618
max_error: 0.09616128494238585
variance: 0.00012965493675079032
pearson: 0.05309616611700989
p-valu: 1.567887947698045e-60

AL interation 2390/4801.

mae: 0.013218356511943356
max_error: 0.09626673006235653
variance: 0.00012968165096057346
pearson: 0.054081006745829274
p-valu: 9.88361976584042e-63

AL interation 2391/4801.

mae: 0.013219142964928722
max_error: 0.09627722204166678
variance: 0.00012967259004596546
pearson: 0.05413651487709036
p-valu: 7.41819542109364e-63

AL interation 2392/4801.

mae: 0.013201247004776626
max_error: 0.09647780948447182
variance: 0.00012925766483813151
pearson: 0.05337273712712744
p-valu: 3.829532053757676e-61

AL interation 2393/4801.

mae: 0.013202898747951374
max_error: 0.09648073130282175
variance: 0.00012925196699484906
pearson: 0.05311873944846339
p-valu: 1.405338961276853e-60

AL interation 2394/4801.

mae: 0.01320035852023043
max_error: 0.09646937339428807
variance: 0.00012924637914616234
pearson: 0.05295289692584783
p-valu: 3.274949513417913e-60

AL interation 2395/4801.

mae: 0.013203671481976053
max_error: 0.0965062258121947
variance: 0.00012930125104800678
pearson: 0.05238832717664792
p-valu: 5.700673104121279e-59

AL interation 2396/4801.

mae: 0.013195109489838487
max_error: 0.0962429022372675
variance: 0.00012927706711248618
pearson: 0.052168207384067834
p-valu: 1.7235786668896546e-58

AL interation 2397/4801.

mae: 0.013194639386674326
max_error: 0.09623674980028629
variance: 0.0001292692554190249
pearson: 0.05202650841522499
p-valu: 3.50661166220533e-58

AL interation 2398/4801.

mae: 0.013179980165130296
max_error: 0.09642010466021422
variance: 0.00012949076255946076
pearson: 0.05207805018626651
p-valu: 2.7139011556348504e-58

AL interation 2399/4801.

mae: 0.013174057949186626
max_error: 0.0964898565071366
variance: 0.00012941269859660784
pearson: 0.052446270234707375
p-valu: 4.282164607744044e-59

AL interation 2400/4801.

mae: 0.013157038588418138
max_error: 0.09628678928519041
variance: 0.00012909879958156523
pearson: 0.05240813578628468
p-valu: 5.195621218808967e-59

AL interation 2401/4801.

mae: 0.013155105497483678
max_error: 0.0962601896767723
variance: 0.00012909923133340304
pearson: 0.052093362602634634
p-valu: 2.524121509462486e-58

AL interation 2402/4801.

mae: 0.013163395345042251
max_error: 0.09623269454371841
variance: 0.00012929967743434236
pearson: 0.052107512260818424
p-valu: 2.3548329566751822e-58

AL interation 2403/4801.

mae: 0.013165933076673039
max_error: 0.0962078334494294
variance: 0.0001291011157279247
pearson: 0.05233126464955585
p-valu: 7.679110967227335e-59

AL interation 2404/4801.

mae: 0.013164297533301691
max_error: 0.09635328965376577
variance: 0.00012875324631444947
pearson: 0.051153452300179515
p-valu: 2.6748643981265436e-56

AL interation 2405/4801.

mae: 0.01316021466074249
max_error: 0.09633668837685438
variance: 0.00012871839771751904
pearson: 0.051060598936259985
p-valu: 4.224435110415534e-56

AL interation 2406/4801.

mae: 0.013155300946402866
max_error: 0.09637461801483771
variance: 0.00012872178961875516
pearson: 0.05034441100265343
p-valu: 1.382496386937496e-54

AL interation 2407/4801.

mae: 0.013152728384195551
max_error: 0.09643329704934733
variance: 0.00012871495127977976
pearson: 0.050472245986432254
p-valu: 7.455663817596705e-55

AL interation 2408/4801.

mae: 0.013153717809877584
max_error: 0.09645245782874956
variance: 0.0001287267524441929
pearson: 0.05017149223603078
p-valu: 3.192938911878308e-54

AL interation 2409/4801.

mae: 0.01314061468987682
max_error: 0.09638428331166726
variance: 0.00012876368847896446
pearson: 0.05045296688028541
p-valu: 8.206712701503378e-55

AL interation 2410/4801.

mae: 0.013140845593576946
max_error: 0.09638575397278548
variance: 0.0001287686131048021
pearson: 0.049877178324358715
p-valu: 1.3160433325488912e-53

AL interation 2411/4801.

mae: 0.013114556244150994
max_error: 0.09647544043540113
variance: 0.00012848559014793246
pearson: 0.048499317986498966
p-valu: 8.837274096868979e-51

AL interation 2412/4801.

mae: 0.013119182910050611
max_error: 0.09631772982132536
variance: 0.000128605248606194
pearson: 0.04962351902030517
p-valu: 4.432266079160039e-53

AL interation 2413/4801.

mae: 0.013119162419069838
max_error: 0.09632200963509097
variance: 0.0001286053707737395
pearson: 0.04968963432099002
p-valu: 3.2378187457933327e-53

AL interation 2414/4801.

mae: 0.013115436717084403
max_error: 0.09528074750622584
variance: 0.00012854734324018762
pearson: 0.049674432853915915
p-valu: 3.485671138253833e-53

AL interation 2415/4801.

mae: 0.013109895795954458
max_error: 0.09529945142574836
variance: 0.0001284135752832548
pearson: 0.04966535857425879
p-valu: 3.644355322754591e-53

AL interation 2416/4801.

mae: 0.01310744372983038
max_error: 0.09535921585464568
variance: 0.00012848104853449853
pearson: 0.05050752039286547
p-valu: 6.356617209916715e-55

AL interation 2417/4801.

mae: 0.013106239777640687
max_error: 0.09519087797733339
variance: 0.00012843376010186663
pearson: 0.05000945138238634
p-valu: 7.0404016251982e-54

AL interation 2418/4801.

mae: 0.01310401748868411
max_error: 0.09521824957440406
variance: 0.0001284551631525723
pearson: 0.050446419693408046
p-valu: 8.569265927743053e-55

AL interation 2419/4801.

mae: 0.013095207183517232
max_error: 0.09513734994905865
variance: 0.000128440868630514
pearson: 0.05020902209052943
p-valu: 2.702038545172643e-54

AL interation 2420/4801.

mae: 0.01309271728975408
max_error: 0.09521286905558957
variance: 0.00012848429118433028
pearson: 0.04877440821827728
p-valu: 2.471628560325819e-51

AL interation 2421/4801.

mae: 0.013084219432794844
max_error: 0.09545660665961297
variance: 0.00012845874804561107
pearson: 0.04969260087804095
p-valu: 3.224172220469492e-53

AL interation 2422/4801.

mae: 0.01308530840433435
max_error: 0.09559949065354378
variance: 0.00012833425318386376
pearson: 0.04991658732833078
p-valu: 1.106099292826522e-53

AL interation 2423/4801.

mae: 0.01308130414413626
max_error: 0.09574781619929529
variance: 0.0001282989285954918
pearson: 0.05045925566450537
p-valu: 8.104361581358049e-55

AL interation 2424/4801.

mae: 0.013085785664198326
max_error: 0.09582243485968722
variance: 0.00012836418819303283
pearson: 0.05010245630479492
p-valu: 4.542597109702843e-54

AL interation 2425/4801.

mae: 0.013073181261005665
max_error: 0.09573731277172048
variance: 0.0001282615502558929
pearson: 0.04994819750488037
p-valu: 9.541439658028153e-54

AL interation 2426/4801.

mae: 0.013057458670555968
max_error: 0.0957099197110296
variance: 0.00012802977278980225
pearson: 0.04908548363186803
p-valu: 5.773069970547493e-52

AL interation 2427/4801.

mae: 0.013060915749419187
max_error: 0.09568297715808005
variance: 0.0001280887612520341
pearson: 0.04914692170062403
p-valu: 4.326189765202558e-52

AL interation 2428/4801.

mae: 0.013047614416674026
max_error: 0.09588266312792659
variance: 0.00012798115420259
pearson: 0.049399372757571246
p-valu: 1.3120898856257753e-52

AL interation 2429/4801.

mae: 0.013046955458054755
max_error: 0.09608650902808624
variance: 0.00012791686626064598
pearson: 0.04878396070778718
p-valu: 2.3890684494267287e-51

AL interation 2430/4801.

mae: 0.013041297734588597
max_error: 0.09640190626581391
variance: 0.00012795617912319558
pearson: 0.048168381562893485
p-valu: 4.19828183022369e-50

AL interation 2431/4801.

mae: 0.013028938248472654
max_error: 0.09641679179324858
variance: 0.00012786295878536148
pearson: 0.04840879967109191
p-valu: 1.3787271695414303e-50

AL interation 2432/4801.

mae: 0.01302703036669761
max_error: 0.0963721306355041
variance: 0.00012782780634930325
pearson: 0.04923729597812417
p-valu: 2.840386886015281e-52

AL interation 2433/4801.

mae: 0.013027352313492103
max_error: 0.09636340107343533
variance: 0.00012787089566793712
pearson: 0.049427435609853826
p-valu: 1.1556092917545831e-52

AL interation 2434/4801.

mae: 0.01302797507067232
max_error: 0.09632303998140235
variance: 0.0001278504720768389
pearson: 0.049255496365232125
p-valu: 2.6125547923621182e-52

AL interation 2435/4801.

mae: 0.013028694877608346
max_error: 0.0962888786587286
variance: 0.00012779637101633078
pearson: 0.04973751338094587
p-valu: 2.647731616315588e-53

AL interation 2436/4801.

mae: 0.013032534848044612
max_error: 0.09624788102727
variance: 0.00012774714865315106
pearson: 0.04913196998203363
p-valu: 4.6933756692890156e-52

AL interation 2437/4801.

mae: 0.013038007051842446
max_error: 0.09621569689332721
variance: 0.00012793766810214073
pearson: 0.04952249893981237
p-valu: 7.393585260710295e-53

AL interation 2438/4801.

mae: 0.013038872436614274
max_error: 0.09622868433237675
variance: 0.00012792597792055932
pearson: 0.0498387588613264
p-valu: 1.6380885548624932e-53

AL interation 2439/4801.

mae: 0.01303692185199346
max_error: 0.09647470609459963
variance: 0.000127860988293713
pearson: 0.04964229411930824
p-valu: 4.190750983575962e-53

AL interation 2440/4801.

mae: 0.013046233681026692
max_error: 0.09676957576883471
variance: 0.00012784336438059977
pearson: 0.04976904926015969
p-valu: 2.2917223168723888e-53

AL interation 2441/4801.

mae: 0.013047007145371336
max_error: 0.09683557292217704
variance: 0.00012781190695861547
pearson: 0.050180302310693356
p-valu: 3.1907811310759754e-54

AL interation 2442/4801.

mae: 0.01305026258884614
max_error: 0.09681822823089026
variance: 0.0001278709284134239
pearson: 0.049960124506882524
p-valu: 9.205240304128395e-54

AL interation 2443/4801.

mae: 0.013046951392943231
max_error: 0.09677388364642359
variance: 0.0001278008863897015
pearson: 0.050734152606359
p-valu: 2.1878635417566488e-55

AL interation 2444/4801.

mae: 0.013055681811629484
max_error: 0.09661866799527563
variance: 0.00012787034395726217
pearson: 0.0507890600904148
p-valu: 1.676469019150213e-55

AL interation 2445/4801.

mae: 0.013053972136745149
max_error: 0.09662515178868891
variance: 0.00012781740089388128
pearson: 0.05007725823502105
p-valu: 5.265373418518396e-54

AL interation 2446/4801.

mae: 0.013043668426344307
max_error: 0.09704938902840188
variance: 0.00012813944795342076
pearson: 0.04863765898162867
p-valu: 4.832492109881702e-51

AL interation 2447/4801.

mae: 0.013044197725177011
max_error: 0.09696115514228443
variance: 0.00012814594884878356
pearson: 0.04888771957839902
p-valu: 1.5008357157102218e-51

AL interation 2448/4801.

mae: 0.013043750267378956
max_error: 0.09660223473159424
variance: 0.00012782451606885924
pearson: 0.0479200835406187
p-valu: 1.347567652946531e-49

AL interation 2449/4801.

mae: 0.013048926191553685
max_error: 0.09655246488253799
variance: 0.00012779571279855154
pearson: 0.04769401259315607
p-valu: 3.807658451441598e-49

AL interation 2450/4801.

mae: 0.013046032126159027
max_error: 0.09640003263783403
variance: 0.00012777749505244636
pearson: 0.04811295868916273
p-valu: 5.551885815498198e-50

AL interation 2451/4801.

mae: 0.013038491921051686
max_error: 0.09623430349759876
variance: 0.00012795621610504305
pearson: 0.048176679783759245
p-valu: 4.1404348725642913e-50

AL interation 2452/4801.

mae: 0.013040590972981377
max_error: 0.09620035512651559
variance: 0.00012796126095917588
pearson: 0.04873330546139865
p-valu: 3.112756340399951e-51

AL interation 2453/4801.

mae: 0.013028627209189783
max_error: 0.09651518843068918
variance: 0.0001279555094529758
pearson: 0.04885328837475501
p-valu: 1.7766839314254426e-51

AL interation 2454/4801.

mae: 0.01302716754199665
max_error: 0.09651950900186823
variance: 0.00012800218372018145
pearson: 0.04848114401548037
p-valu: 1.0119111765325792e-50

AL interation 2455/4801.

mae: 0.01303358228228347
max_error: 0.09661930045402589
variance: 0.00012805091660151848
pearson: 0.04839287024810587
p-valu: 1.5272175206331802e-50

AL interation 2456/4801.

mae: 0.013032548331026864
max_error: 0.09652866875515831
variance: 0.00012801289549859796
pearson: 0.048025538444178756
p-valu: 8.368715718605171e-50

AL interation 2457/4801.

mae: 0.013030127190073635
max_error: 0.09659319808023104
variance: 0.0001279259854522699
pearson: 0.0485252661976496
p-valu: 8.269319636822985e-51

AL interation 2458/4801.

mae: 0.012988525111426076
max_error: 0.09603694330170076
variance: 0.0001270315133786117
pearson: 0.0490044899439772
p-valu: 8.786705917121674e-52

AL interation 2459/4801.

mae: 0.012994119968437313
max_error: 0.09596509291557997
variance: 0.0001270809894703812
pearson: 0.04926939963232595
p-valu: 2.5220813542427018e-52

AL interation 2460/4801.

mae: 0.012994018393089172
max_error: 0.09594716411382653
variance: 0.0001270729969678697
pearson: 0.04974059119980368
p-valu: 2.69150820145584e-53

AL interation 2461/4801.

mae: 0.012993922076510567
max_error: 0.09592511092890565
variance: 0.00012706664987995433
pearson: 0.049876488909374295
p-valu: 1.4073539506717092e-53

AL interation 2462/4801.

mae: 0.01299120836501323
max_error: 0.09590623960528721
variance: 0.00012705008393628246
pearson: 0.0499316412082784
p-valu: 1.082004336793764e-53

AL interation 2463/4801.

mae: 0.01299147008975345
max_error: 0.09590733414896424
variance: 0.0001270480159352943
pearson: 0.050248944862263806
p-valu: 2.3568380264761775e-54

AL interation 2464/4801.

mae: 0.01299124000064543
max_error: 0.09589140753158465
variance: 0.00012708271468344764
pearson: 0.0509596348609138
p-valu: 7.481531678503226e-56

AL interation 2465/4801.

mae: 0.01298975282785994
max_error: 0.0958241254325316
variance: 0.00012709930544886928
pearson: 0.05121418333941044
p-valu: 2.150791897189758e-56

AL interation 2466/4801.

mae: 0.012990417455719504
max_error: 0.09582819190498815
variance: 0.00012708570838916241
pearson: 0.051413390852577054
p-valu: 8.075401245369008e-57

AL interation 2467/4801.

mae: 0.012991120817854982
max_error: 0.09582248688301154
variance: 0.00012714116818422568
pearson: 0.052268519111257246
p-valu: 1.148999325898189e-58

AL interation 2468/4801.

mae: 0.012990040159895482
max_error: 0.09586622783175192
variance: 0.00012713418014231805
pearson: 0.05267219396374155
p-valu: 1.5075079684913632e-59

AL interation 2469/4801.

mae: 0.012990408683902995
max_error: 0.09587746079162973
variance: 0.00012714308841378928
pearson: 0.053080696803697765
p-valu: 1.900034153312699e-60

AL interation 2470/4801.

mae: 0.012974915123576373
max_error: 0.09606509121730089
variance: 0.00012673962704649438
pearson: 0.05355263714404291
p-valu: 1.701613288851474e-61

AL interation 2471/4801.

mae: 0.012970977628718256
max_error: 0.0960860842501774
variance: 0.0001266796770700236
pearson: 0.053613449043977426
p-valu: 1.2465441916946735e-61

AL interation 2472/4801.

mae: 0.012970314330838815
max_error: 0.09608024152138062
variance: 0.00012667267083634316
pearson: 0.05478899919605058
p-valu: 2.76301774942384e-64

AL interation 2473/4801.

mae: 0.012971316089502765
max_error: 0.0961237045383172
variance: 0.00012661842653657922
pearson: 0.054409556037811
p-valu: 2.0196657231470487e-63

AL interation 2474/4801.

mae: 0.012914693016225949
max_error: 0.09583085403076841
variance: 0.00012562391408837793
pearson: 0.053597379120122454
p-valu: 1.3598279802721434e-61

AL interation 2475/4801.

mae: 0.01291475794556349
max_error: 0.09583197610985228
variance: 0.00012562343849444009
pearson: 0.05304609756377503
p-valu: 2.285346638809855e-60

AL interation 2476/4801.

mae: 0.012906419601293767
max_error: 0.0957678141815308
variance: 0.0001255829449176865
pearson: 0.0523846023477442
p-valu: 6.495010864576164e-59

AL interation 2477/4801.

mae: 0.012906282124008232
max_error: 0.09576992024793474
variance: 0.00012557866152726057
pearson: 0.05298357806401496
p-valu: 3.1498185322643714e-60

AL interation 2478/4801.

mae: 0.012909687802740901
max_error: 0.09589160454564483
variance: 0.00012556700204375255
pearson: 0.053574938090871695
p-valu: 1.5349588227223474e-61

AL interation 2479/4801.

mae: 0.01291344437438131
max_error: 0.09587288631749691
variance: 0.00012556092023467393
pearson: 0.05370905380103105
p-valu: 7.708492371576721e-62

AL interation 2480/4801.

mae: 0.012912341548248331
max_error: 0.09580989015515518
variance: 0.00012554839830492283
pearson: 0.05353130427977676
p-valu: 1.9262402287454743e-61

AL interation 2481/4801.

mae: 0.01290470026605484
max_error: 0.09566928521010998
variance: 0.0001255060107289238
pearson: 0.053812074294544196
p-valu: 4.5443359207115245e-62

AL interation 2482/4801.

mae: 0.012908260044288912
max_error: 0.09571984181119153
variance: 0.00012552260668369044
pearson: 0.05322594211044066
p-valu: 9.227625921893466e-61

AL interation 2483/4801.

mae: 0.012905687176387803
max_error: 0.09569837671395764
variance: 0.00012538793256617166
pearson: 0.0528377037138566
p-valu: 6.66108251991361e-60

AL interation 2484/4801.

mae: 0.012908583932742808
max_error: 0.09564908823429907
variance: 0.00012538370516309322
pearson: 0.05314791813757298
p-valu: 1.3779293061367848e-60

AL interation 2485/4801.

mae: 0.01290561390821796
max_error: 0.09553131496957978
variance: 0.000125570122128713
pearson: 0.053251906800508016
p-valu: 8.116183829908303e-61

AL interation 2486/4801.

mae: 0.012890346050582882
max_error: 0.09553872117752182
variance: 0.0001252215616641931
pearson: 0.05319870749097382
p-valu: 1.0664546182594596e-60

AL interation 2487/4801.

mae: 0.01288560061838918
max_error: 0.095339212517078
variance: 0.00012513306495468427
pearson: 0.052726719799554116
p-valu: 1.1750206940144484e-59

AL interation 2488/4801.

mae: 0.012885416622405558
max_error: 0.09534051146946187
variance: 0.00012513304502091585
pearson: 0.0526733570717918
p-valu: 1.5410545854450143e-59

AL interation 2489/4801.

mae: 0.012886759624770655
max_error: 0.09536301269989456
variance: 0.00012492880049320734
pearson: 0.05285828434262687
p-valu: 6.051832972825481e-60

AL interation 2490/4801.

mae: 0.012881127613375827
max_error: 0.09516403767046033
variance: 0.00012468182303550078
pearson: 0.05282043699189263
p-valu: 7.341988874846599e-60

AL interation 2491/4801.

mae: 0.012879337594243302
max_error: 0.09532720979294429
variance: 0.00012477757641602067
pearson: 0.052831669814869475
p-valu: 6.945464011858606e-60

AL interation 2492/4801.

mae: 0.012879311688799553
max_error: 0.09527969922740742
variance: 0.00012477451227597763
pearson: 0.05345849176112591
p-valu: 2.8476490293105558e-61

AL interation 2493/4801.

mae: 0.0128792046023968
max_error: 0.09581367536160035
variance: 0.00012491948149408286
pearson: 0.05313577379232859
p-valu: 1.484779386898868e-60

AL interation 2494/4801.

mae: 0.01287988394040607
max_error: 0.0957174820692075
variance: 0.00012492554590888444
pearson: 0.05346603020541739
p-valu: 2.7475410550728105e-61

AL interation 2495/4801.

mae: 0.012878689534609291
max_error: 0.0957016903987864
variance: 0.0001248931165739032
pearson: 0.05291845610615741
p-valu: 4.497470446851105e-60

AL interation 2496/4801.

mae: 0.012889738726768143
max_error: 0.09584908831792238
variance: 0.00012499962058933124
pearson: 0.0528980210004226
p-valu: 4.995983273285271e-60

AL interation 2497/4801.

mae: 0.012891331622467759
max_error: 0.09585493069428996
variance: 0.0001249879440613694
pearson: 0.052954184567353416
p-valu: 3.7618369430306006e-60

AL interation 2498/4801.

mae: 0.012892286066084434
max_error: 0.09571426281289352
variance: 0.00012494851790786668
pearson: 0.053335129738181636
p-valu: 5.402995872276698e-61

AL interation 2499/4801.

mae: 0.01289595271759994
max_error: 0.09591449935581697
variance: 0.00012502823520788427
pearson: 0.054131982510099305
p-valu: 8.904223914484451e-63

AL interation 2500/4801.

mae: 0.012896354415226383
max_error: 0.09600694669942134
variance: 0.00012486686332643395
pearson: 0.05364448466534355
p-valu: 1.1080681733275498e-61

AL interation 2501/4801.

mae: 0.012870789249570544
max_error: 0.0960489103966069
variance: 0.00012455662038201118
pearson: 0.05304954509872067
p-valu: 2.3297086462110524e-60

AL interation 2502/4801.

mae: 0.012869239734888802
max_error: 0.09600245522964035
variance: 0.00012453476570389676
pearson: 0.05297674455371425
p-valu: 3.3781941254281133e-60

AL interation 2503/4801.

mae: 0.012867380358934987
max_error: 0.09600604131699986
variance: 0.0001245381825503365
pearson: 0.0529467445955952
p-valu: 3.939876509305152e-60

AL interation 2504/4801.

mae: 0.012866674869321812
max_error: 0.09620078355422668
variance: 0.00012447136872135314
pearson: 0.05240977697371264
p-valu: 5.948432208447733e-59

AL interation 2505/4801.

mae: 0.012855606253479542
max_error: 0.09592363300569962
variance: 0.0001247180517047587
pearson: 0.05259188393989421
p-valu: 2.380887004639083e-59

AL interation 2506/4801.

mae: 0.012855351526247855
max_error: 0.09596391493736012
variance: 0.00012459292573059746
pearson: 0.053027015088090615
p-valu: 2.631166215597073e-60

AL interation 2507/4801.

mae: 0.012852640752612476
max_error: 0.09594307219666409
variance: 0.0001248241650013756
pearson: 0.05377833647849314
p-valu: 5.61694347885549e-62

AL interation 2508/4801.

mae: 0.012852269559143318
max_error: 0.09623469021656494
variance: 0.00012476017987584094
pearson: 0.05353665174403478
p-valu: 1.9511823812602367e-61

AL interation 2509/4801.

mae: 0.012849254151838274
max_error: 0.09627249099733892
variance: 0.00012473079967235964
pearson: 0.05382448495203763
p-valu: 4.439613536677308e-62

AL interation 2510/4801.

mae: 0.0128493634836762
max_error: 0.09624078578102346
variance: 0.00012469924072852222
pearson: 0.05431095696863987
p-valu: 3.568051361332988e-63

AL interation 2511/4801.

mae: 0.012844450882300096
max_error: 0.09621077979616932
variance: 0.00012463106285867475
pearson: 0.054846836504192795
p-valu: 2.16210578284667e-64

AL interation 2512/4801.

mae: 0.012845994251036082
max_error: 0.09620444160626396
variance: 0.00012466581900867936
pearson: 0.054871833439675104
p-valu: 1.8985303740797357e-64

AL interation 2513/4801.

mae: 0.012843589801516309
max_error: 0.09614237217241173
variance: 0.0001246482052773519
pearson: 0.055267352814527756
p-valu: 2.3544809455805046e-65

AL interation 2514/4801.

mae: 0.012840093483912636
max_error: 0.09687259449700325
variance: 0.00012468478050843733
pearson: 0.055615058681651605
p-valu: 3.712611422168662e-66

AL interation 2515/4801.

mae: 0.012839318353706166
max_error: 0.09684771030314043
variance: 0.00012468391747893703
pearson: 0.055670274216832516
p-valu: 2.769461857964678e-66

AL interation 2516/4801.

mae: 0.012845813899123818
max_error: 0.09680359999223076
variance: 0.00012472813317247042
pearson: 0.056217180095468576
p-valu: 1.4750434179890916e-67

AL interation 2517/4801.

mae: 0.012845456690362717
max_error: 0.09679771705603746
variance: 0.00012472198940839598
pearson: 0.05641592081428997
p-valu: 5.050762085418568e-68

AL interation 2518/4801.

mae: 0.012846298920811319
max_error: 0.09685156843241605
variance: 0.00012459553111748573
pearson: 0.056215659450904176
p-valu: 1.491915630852618e-67

AL interation 2519/4801.

mae: 0.012837096885461996
max_error: 0.09681125868363272
variance: 0.00012441391998512766
pearson: 0.056482278857170616
p-valu: 3.537879609179984e-68

AL interation 2520/4801.

mae: 0.01283033273240629
max_error: 0.09696709305402185
variance: 0.00012452102926418146
pearson: 0.056659586798475624
p-valu: 1.3542726120157679e-68

AL interation 2521/4801.

mae: 0.012812408499051752
max_error: 0.09659043537138534
variance: 0.0001241990778326823
pearson: 0.05614796706033913
p-valu: 2.1587188036107745e-67

AL interation 2522/4801.

mae: 0.012801984540542965
max_error: 0.09655211416637433
variance: 0.00012412160683303297
pearson: 0.05647663844017657
p-valu: 3.665205616505617e-68

AL interation 2523/4801.

mae: 0.012781848239298047
max_error: 0.0967256193935413
variance: 0.00012431016703747511
pearson: 0.05633184551192091
p-valu: 8.033542281791834e-68

AL interation 2524/4801.

mae: 0.012776765364329899
max_error: 0.09638802506245558
variance: 0.00012424865541129631
pearson: 0.055648356183417985
p-valu: 3.1570848474687365e-66

AL interation 2525/4801.

mae: 0.012776789077669501
max_error: 0.09639653238562862
variance: 0.00012425573896845967
pearson: 0.05586276961101173
p-valu: 1.0048810794265196e-66

AL interation 2526/4801.

mae: 0.012779408833938813
max_error: 0.09640884189255705
variance: 0.00012425065364553113
pearson: 0.055764900910169585
p-valu: 1.6993090092810534e-66

AL interation 2527/4801.

mae: 0.012785847295826578
max_error: 0.09584403660918217
variance: 0.0001245211885543992
pearson: 0.05544367820042538
p-valu: 9.435412631815736e-66

AL interation 2528/4801.

mae: 0.012787638011220976
max_error: 0.09576409964055022
variance: 0.00012448481847519664
pearson: 0.05574155577359238
p-valu: 1.9312154089247434e-66

AL interation 2529/4801.

mae: 0.012789190567300903
max_error: 0.09596890097376165
variance: 0.00012457796544162875
pearson: 0.05527040840577576
p-valu: 2.3742551866099943e-65

AL interation 2530/4801.

mae: 0.01278934139785768
max_error: 0.09597355782219386
variance: 0.00012457575710359982
pearson: 0.05483865779609138
p-valu: 2.3228879252368416e-64

AL interation 2531/4801.

mae: 0.012774079068688594
max_error: 0.09608171268886001
variance: 0.0001242764733339578
pearson: 0.05456932891266196
p-valu: 9.554652900154453e-64

AL interation 2532/4801.

mae: 0.012755309925894449
max_error: 0.09637911217876938
variance: 0.00012434275119338576
pearson: 0.054393383275197923
p-valu: 2.3990237388421344e-63

AL interation 2533/4801.

mae: 0.012757190322719191
max_error: 0.09653409550131475
variance: 0.00012411990940046258
pearson: 0.05489545701079175
p-valu: 1.730716710327247e-64

AL interation 2534/4801.

mae: 0.012755426886165632
max_error: 0.09663447738151665
variance: 0.00012451293126601015
pearson: 0.05416945513153467
p-valu: 7.717579182801511e-63

AL interation 2535/4801.

mae: 0.012756735578933536
max_error: 0.09660851599781783
variance: 0.00012445793363559713
pearson: 0.05415604189981121
p-valu: 8.286545161214003e-63

AL interation 2536/4801.

mae: 0.01275741335652605
max_error: 0.09655078527615335
variance: 0.00012440732622428217
pearson: 0.05358987954621594
p-valu: 1.5455814995824044e-61

AL interation 2537/4801.

mae: 0.01274116638950099
max_error: 0.09627806303868458
variance: 0.0001240407305799853
pearson: 0.05285443944027973
p-valu: 6.601171493420388e-60

AL interation 2538/4801.

mae: 0.012735900189003469
max_error: 0.09653814887477385
variance: 0.00012404637809818338
pearson: 0.05369100444789022
p-valu: 9.214534589518801e-62

AL interation 2539/4801.

mae: 0.01273544170126099
max_error: 0.09652377007549551
variance: 0.0001241455194210628
pearson: 0.05359801237444586
p-valu: 1.4887532447589094e-61

AL interation 2540/4801.

mae: 0.012736021091398082
max_error: 0.09651338181086833
variance: 0.00012413039796518966
pearson: 0.05300081290585215
p-valu: 3.1539571145161575e-60

AL interation 2541/4801.

mae: 0.012742122131175607
max_error: 0.09644165302373442
variance: 0.00012421699710378852
pearson: 0.053258538580850216
p-valu: 8.497773117375645e-61

AL interation 2542/4801.

mae: 0.01273839945039724
max_error: 0.09644821652799185
variance: 0.000124184979622149
pearson: 0.05339038891024761
p-valu: 4.336790898328117e-61

AL interation 2543/4801.

mae: 0.012744531138309733
max_error: 0.09654117161997822
variance: 0.0001242523276869544
pearson: 0.052994674023435474
p-valu: 3.2676996811409785e-60

AL interation 2544/4801.

mae: 0.012745164471904089
max_error: 0.09653608100305466
variance: 0.00012425176965106768
pearson: 0.05313053484296795
p-valu: 1.6393809708270755e-60

AL interation 2545/4801.

mae: 0.012731782112814024
max_error: 0.09656179431388812
variance: 0.00012424209480390945
pearson: 0.0531521931719543
p-valu: 1.4701883841458217e-60

AL interation 2546/4801.

mae: 0.012729703541076578
max_error: 0.09653354815512505
variance: 0.0001242899400861789
pearson: 0.053024715035120684
p-valu: 2.816922660438528e-60

AL interation 2547/4801.

mae: 0.01273356658478734
max_error: 0.0962495586975678
variance: 0.00012425020536511045
pearson: 0.05269709808120169
p-valu: 1.48411166938096e-59

AL interation 2548/4801.

mae: 0.01272924467904201
max_error: 0.09617780682177401
variance: 0.00012413911856420188
pearson: 0.05312804004039514
p-valu: 1.669794743148631e-60

AL interation 2549/4801.

mae: 0.012726983219032704
max_error: 0.09627573277842605
variance: 0.00012418420001930857
pearson: 0.05285807359563211
p-valu: 6.590827975364967e-60

AL interation 2550/4801.

mae: 0.012723229617876019
max_error: 0.09663626707200312
variance: 0.0001241264145935453
pearson: 0.053116565310593944
p-valu: 1.7753120419872838e-60

AL interation 2551/4801.

mae: 0.012723046905934485
max_error: 0.09662569085347461
variance: 0.00012411486113948655
pearson: 0.05315571855959471
p-valu: 1.4563665799744972e-60

AL interation 2552/4801.

mae: 0.012718353075677964
max_error: 0.09667346879294603
variance: 0.0001241378324143847
pearson: 0.053050320762638964
p-valu: 2.494101946197833e-60

AL interation 2553/4801.

mae: 0.012718041623520505
max_error: 0.09650842301337836
variance: 0.00012407896361290997
pearson: 0.05274358769083518
p-valu: 1.1832012882037628e-59

AL interation 2554/4801.

mae: 0.01272057637239989
max_error: 0.0969756475938397
variance: 0.00012410367768741893
pearson: 0.0532882458025745
p-valu: 7.438126337262535e-61

AL interation 2555/4801.

mae: 0.012720684337828709
max_error: 0.09695790730623632
variance: 0.00012433482372272374
pearson: 0.053491140924639545
p-valu: 2.6368983667809616e-61

AL interation 2556/4801.

mae: 0.012718172329422517
max_error: 0.09694387815946759
variance: 0.00012432231396514778
pearson: 0.053785872720800286
p-valu: 5.801683991496011e-62

AL interation 2557/4801.

mae: 0.012722097745842117
max_error: 0.09701592592731179
variance: 0.00012426000202931352
pearson: 0.05379409415484347
p-valu: 5.568966630918491e-62

AL interation 2558/4801.

mae: 0.01272367890370224
max_error: 0.09698540222214835
variance: 0.00012425419834151158
pearson: 0.053650113804182636
p-valu: 1.1706349607251926e-61

AL interation 2559/4801.

mae: 0.01272316050140554
max_error: 0.09711863768328333
variance: 0.00012422385541923473
pearson: 0.05383736502165752
p-valu: 4.4678032023151015e-62

AL interation 2560/4801.

mae: 0.0127364738116252
max_error: 0.0973160681396934
variance: 0.0001242092642527986
pearson: 0.05326116680814718
p-valu: 8.614697016995063e-61

AL interation 2561/4801.

mae: 0.01272270421770815
max_error: 0.09780064709642322
variance: 0.00012340969921199787
pearson: 0.05268795162045554
p-valu: 1.5849531398873812e-59

AL interation 2562/4801.

mae: 0.012722568002634374
max_error: 0.09772118180015643
variance: 0.00012336629822307536
pearson: 0.052110879610904576
p-valu: 2.88058363733752e-58

AL interation 2563/4801.

mae: 0.012725700021510624
max_error: 0.0975631543040294
variance: 0.00012344563605379608
pearson: 0.05205967619430848
p-valu: 3.7247908181282696e-58

AL interation 2564/4801.

mae: 0.012750022623141238
max_error: 0.09758469686565552
variance: 0.00012362430246273836
pearson: 0.0514235195339327
p-valu: 8.75043054186632e-57

AL interation 2565/4801.

mae: 0.01275034506300962
max_error: 0.09759268022188228
variance: 0.00012355121651869103
pearson: 0.050776437690160575
p-valu: 2.0855477320494856e-55

AL interation 2566/4801.

mae: 0.012750366897113175
max_error: 0.09762743286754305
variance: 0.00012347236475956642
pearson: 0.05149476022889952
p-valu: 6.173966801778268e-57

AL interation 2567/4801.

mae: 0.012752491247741261
max_error: 0.09755443730390145
variance: 0.00012341158262835626
pearson: 0.05150957043828838
p-valu: 5.746308604432353e-57

AL interation 2568/4801.

mae: 0.012733373432833869
max_error: 0.09774404422208538
variance: 0.00012284770207647
pearson: 0.052169593564697726
p-valu: 2.1656842786975274e-58

AL interation 2569/4801.

mae: 0.012734881005042126
max_error: 0.09769052926097577
variance: 0.00012278977192678673
pearson: 0.05178549474851338
p-valu: 1.4699135317521242e-57

AL interation 2570/4801.

mae: 0.012735078838545206
max_error: 0.09770497275465861
variance: 0.000122798261656892
pearson: 0.05253579017542263
p-valu: 3.4571531404263957e-59

AL interation 2571/4801.

mae: 0.012733086748735505
max_error: 0.09740691554523839
variance: 0.00012277583454175223
pearson: 0.05222131317997962
p-valu: 1.6788119980830495e-58

AL interation 2572/4801.

mae: 0.012732451144237818
max_error: 0.09739267012836028
variance: 0.0001227780868085804
pearson: 0.051919810776341474
p-valu: 7.570497551583146e-58

AL interation 2573/4801.

mae: 0.012730861405271321
max_error: 0.09733931654708106
variance: 0.000122751720635017
pearson: 0.052427981605735495
p-valu: 5.97101260019881e-59

AL interation 2574/4801.

mae: 0.012730127374103086
max_error: 0.09734424538717978
variance: 0.00012273931086561536
pearson: 0.05207632457835938
p-valu: 3.479567327760079e-58

AL interation 2575/4801.

mae: 0.012722644316822039
max_error: 0.09724155301163084
variance: 0.00012281785988339786
pearson: 0.05210404972572218
p-valu: 3.0338934900382123e-58

AL interation 2576/4801.

mae: 0.012729525464619708
max_error: 0.09765474379586014
variance: 0.00012326511474942104
pearson: 0.05279842991796735
p-valu: 9.258886265872515e-60

AL interation 2577/4801.

mae: 0.012728803041433678
max_error: 0.09785502744128682
variance: 0.00012331835109339733
pearson: 0.05274132130690317
p-valu: 1.2376749268097903e-59

AL interation 2578/4801.

mae: 0.01272886119017143
max_error: 0.0978647383533684
variance: 0.00012333086465337939
pearson: 0.05240793464280921
p-valu: 6.649476982887372e-59

AL interation 2579/4801.

mae: 0.012741022774678005
max_error: 0.09806071430151353
variance: 0.00012321748502038007
pearson: 0.05177199122984571
p-valu: 1.5931239130215943e-57

AL interation 2580/4801.

mae: 0.01273798632241557
max_error: 0.09789365006989503
variance: 0.000122994622823173
pearson: 0.0516702424017041
p-valu: 2.6417217383704644e-57

AL interation 2581/4801.

mae: 0.012742212679236609
max_error: 0.09786238924246793
variance: 0.000122997099311991
pearson: 0.05118263482636733
p-valu: 2.9258381633408863e-56

AL interation 2582/4801.

mae: 0.0127569027631519
max_error: 0.09776586244246066
variance: 0.00012285049284394654
pearson: 0.051316037155949096
p-valu: 1.5213984703750962e-56

AL interation 2583/4801.

mae: 0.0127671146921649
max_error: 0.09775451009139435
variance: 0.0001230192226281584
pearson: 0.05275714684330304
p-valu: 1.152137352910019e-59

AL interation 2584/4801.

mae: 0.01276611520497146
max_error: 0.09776589597121021
variance: 0.00012301979829941646
pearson: 0.05200241118871686
p-valu: 5.099660271813729e-58

AL interation 2585/4801.

mae: 0.012759700120851243
max_error: 0.09764526725283251
variance: 0.00012299011062229454
pearson: 0.051865093474191236
p-valu: 1.011477860814248e-57

AL interation 2586/4801.

mae: 0.01275499525966493
max_error: 0.09763770990847154
variance: 0.00012302340783319687
pearson: 0.051344337420028176
p-valu: 1.3306952488643307e-56

AL interation 2587/4801.

mae: 0.0127574401124736
max_error: 0.09745277754066994
variance: 0.00012284445293766805
pearson: 0.05077222845879255
p-valu: 2.190274487434199e-55

AL interation 2588/4801.

mae: 0.012766246530913506
max_error: 0.09727390680294268
variance: 0.00012288926013478366
pearson: 0.051004419096836284
p-valu: 7.067302247362693e-56

AL interation 2589/4801.

mae: 0.012765932166524906
max_error: 0.09727383308566862
variance: 0.00012288541088002734
pearson: 0.05070854946362426
p-valu: 2.9930321635439606e-55

AL interation 2590/4801.

mae: 0.012767366926682705
max_error: 0.09729110544461439
variance: 0.0001228896247135779
pearson: 0.05136704716750651
p-valu: 1.1962967749520597e-56

AL interation 2591/4801.

mae: 0.012771890336601867
max_error: 0.09736850131710928
variance: 0.0001228666164577273
pearson: 0.05085457543577427
p-valu: 1.4743151399529688e-55

AL interation 2592/4801.

mae: 0.012771013377976665
max_error: 0.09739098720868644
variance: 0.0001229499589400482
pearson: 0.051349969657302506
p-valu: 1.3046526651315824e-56

AL interation 2593/4801.

mae: 0.012758179923270366
max_error: 0.09730558738695838
variance: 0.00012304516318168703
pearson: 0.0507856304173732
p-valu: 2.067999519674476e-55

AL interation 2594/4801.

mae: 0.012762942354373771
max_error: 0.09742235676620514
variance: 0.00012307497755415935
pearson: 0.04996866711672759
p-valu: 1.0693021985512862e-53

AL interation 2595/4801.

mae: 0.012759733613978318
max_error: 0.09747470580922202
variance: 0.00012302616518635923
pearson: 0.0498099933834549
p-valu: 2.286300778632093e-53

AL interation 2596/4801.

mae: 0.012765235922457773
max_error: 0.09769170102620994
variance: 0.0001229607815785043
pearson: 0.0499418350838085
p-valu: 1.2189349465705633e-53

AL interation 2597/4801.

mae: 0.012764685484441067
max_error: 0.09953060047363071
variance: 0.00012296619465884285
pearson: 0.04950159254844831
p-valu: 9.945197188389232e-53

AL interation 2598/4801.

mae: 0.012761218020253684
max_error: 0.0995696034961242
variance: 0.0001229634289786256
pearson: 0.04909441947349066
p-valu: 6.817645493396221e-52

AL interation 2599/4801.

mae: 0.012760737069360567
max_error: 0.09957170715373143
variance: 0.00012294070183393546
pearson: 0.049922327958269654
p-valu: 1.3432406510958753e-53

AL interation 2600/4801.

mae: 0.012763399638557512
max_error: 0.09955298427078962
variance: 0.00012291372592009513
pearson: 0.04932563383566961
p-valu: 2.2967169769289994e-52

AL interation 2601/4801.

mae: 0.012763299548418882
max_error: 0.09955713190950921
variance: 0.0001229109612070876
pearson: 0.04949367815517979
p-valu: 1.037667372855617e-52

AL interation 2602/4801.

mae: 0.012764095557295938
max_error: 0.09957034150514521
variance: 0.00012297824808019524
pearson: 0.04946973202685392
p-valu: 1.1638818298424798e-52

AL interation 2603/4801.

mae: 0.012762002719193115
max_error: 0.09963688347309874
variance: 0.00012301415104299795
pearson: 0.04968530187136317
p-valu: 4.184423501524582e-53

AL interation 2604/4801.

mae: 0.01275613623306808
max_error: 0.09963164461649687
variance: 0.00012303620602655737
pearson: 0.04995907006545692
p-valu: 1.1337255224335893e-53

AL interation 2605/4801.

mae: 0.012755961328463261
max_error: 0.09962778232264502
variance: 0.00012303487242222667
pearson: 0.04997471885207484
p-valu: 1.0532003918993051e-53

AL interation 2606/4801.

mae: 0.012759493094506
max_error: 0.09960237502722014
variance: 0.00012305884189436043
pearson: 0.050270442550916526
p-valu: 2.5479560534467629e-54

AL interation 2607/4801.

mae: 0.01275878953299662
max_error: 0.09962545243391507
variance: 0.000123120013988837
pearson: 0.050384899853019305
p-valu: 1.468994830136683e-54

AL interation 2608/4801.

mae: 0.012759126053073833
max_error: 0.09962918594331716
variance: 0.00012312195488177713
pearson: 0.05081131326935726
p-valu: 1.8608181854855746e-55

AL interation 2609/4801.

mae: 0.01276028558953556
max_error: 0.09963008525167827
variance: 0.00012310534210359318
pearson: 0.05092830779993616
p-valu: 1.0534245458412307e-55

AL interation 2610/4801.

mae: 0.012759224901582005
max_error: 0.09986294094781845
variance: 0.00012309892655199486
pearson: 0.051236691503056334
p-valu: 2.331531120281059e-56

AL interation 2611/4801.

mae: 0.012745373651793426
max_error: 0.09976455254107752
variance: 0.00012318407159039039
pearson: 0.05166437992120228
p-valu: 2.835027574870515e-57

AL interation 2612/4801.

mae: 0.01274540216370745
max_error: 0.09976462218040472
variance: 0.0001231823245636873
pearson: 0.05200637679374868
p-valu: 5.193831383208766e-58

AL interation 2613/4801.

mae: 0.01274560123199198
max_error: 0.09977093084242772
variance: 0.0001231873436021473
pearson: 0.05205078891906148
p-valu: 4.168027672846309e-58

AL interation 2614/4801.

mae: 0.012731628087234114
max_error: 0.09990220408852513
variance: 0.00012310928788289297
pearson: 0.05176832380892909
p-valu: 1.7006982624353755e-57

AL interation 2615/4801.

mae: 0.012732967842020116
max_error: 0.09999155381550229
variance: 0.00012309224367128572
pearson: 0.052383811609679046
p-valu: 7.898772427294132e-59

AL interation 2616/4801.

mae: 0.012724802211060546
max_error: 0.09994590782528978
variance: 0.00012298689269797203
pearson: 0.051827654257802384
p-valu: 1.2703547747390345e-57

AL interation 2617/4801.

mae: 0.012716975180446745
max_error: 0.09999892541580668
variance: 0.0001230856132943145
pearson: 0.05184174630552191
p-valu: 1.1860916373357364e-57

AL interation 2618/4801.

mae: 0.012716829981958529
max_error: 0.09997925101223193
variance: 0.00012309624160946196
pearson: 0.0527361478631934
p-valu: 1.3453985868796129e-59

AL interation 2619/4801.

mae: 0.012727733217682797
max_error: 0.09947050723875184
variance: 0.00012284166893464753
pearson: 0.053271054415577224
p-valu: 8.909562589360351e-61

AL interation 2620/4801.

mae: 0.012729049576733431
max_error: 0.09940626237315375
variance: 0.0001227946930575455
pearson: 0.05330982380432704
p-valu: 7.32012709630425e-61

AL interation 2621/4801.

mae: 0.012726108867341825
max_error: 0.09944174691966912
variance: 0.0001229675191378839
pearson: 0.053273552977520996
p-valu: 8.821803688820878e-61

AL interation 2622/4801.

mae: 0.012725513116142577
max_error: 0.09942854856948036
variance: 0.00012300374425614142
pearson: 0.053089143182082126
p-valu: 2.2604493182303173e-60

AL interation 2623/4801.

mae: 0.012717711039928505
max_error: 0.09940859744304764
variance: 0.00012288840376331616
pearson: 0.052686429252383295
p-valu: 1.7414849776511563e-59

AL interation 2624/4801.

mae: 0.012718156135199995
max_error: 0.09941377494809278
variance: 0.00012288315514712609
pearson: 0.052423737263804435
p-valu: 6.544904200551638e-59

AL interation 2625/4801.

mae: 0.01271725696604734
max_error: 0.0993346705052176
variance: 0.00012266773973650905
pearson: 0.053110268542425454
p-valu: 2.0387884859292607e-60

AL interation 2626/4801.

mae: 0.012714267522905979
max_error: 0.09922250084517548
variance: 0.00012254262368729965
pearson: 0.052790278742804314
p-valu: 1.0348662488828431e-59

AL interation 2627/4801.

mae: 0.012713206119097473
max_error: 0.09925100596663872
variance: 0.0001224380663733508
pearson: 0.05259611166597294
p-valu: 2.7614692907111097e-59

AL interation 2628/4801.

mae: 0.012710710197518068
max_error: 0.09930243896045288
variance: 0.00012249452467022652
pearson: 0.05288343459718652
p-valu: 6.476396558345155e-60

AL interation 2629/4801.

mae: 0.012710191369447824
max_error: 0.0992747840428223
variance: 0.00012249697420258304
pearson: 0.05273855637566896
p-valu: 1.3497208162052998e-59

AL interation 2630/4801.

mae: 0.01271488442131879
max_error: 0.09910552741169742
variance: 0.0001227969458817669
pearson: 0.052418441780815346
p-valu: 6.7772089593012255e-59

AL interation 2631/4801.

mae: 0.012705240842261219
max_error: 0.09921471539454108
variance: 0.0001226059207316701
pearson: 0.052440345376150894
p-valu: 6.079615075214933e-59

AL interation 2632/4801.

mae: 0.01268910353790298
max_error: 0.09918942543825726
variance: 0.00012239437783346946
pearson: 0.05254903864784906
p-valu: 3.5246033357420423e-59

AL interation 2633/4801.

mae: 0.012682495113321547
max_error: 0.09926960275723506
variance: 0.00012235691445500375
pearson: 0.05238309353447509
p-valu: 8.126536708611847e-59

AL interation 2634/4801.

mae: 0.0126581200900127
max_error: 0.10002793642391627
variance: 0.00012236089236846958
pearson: 0.0521510944131412
p-valu: 2.599830304681244e-58

AL interation 2635/4801.

mae: 0.012657198444997764
max_error: 0.09992947545791542
variance: 0.00012217444751834068
pearson: 0.05169785249569873
p-valu: 2.4807081719626836e-57

AL interation 2636/4801.

mae: 0.012657832825705624
max_error: 0.10000591367932832
variance: 0.00012221231435335196
pearson: 0.050599861815217105
p-valu: 5.3893560153733836e-55

AL interation 2637/4801.

mae: 0.012660163480490389
max_error: 0.10013513796619411
variance: 0.00012229261004286562
pearson: 0.04929607262922787
p-valu: 2.763192513661806e-52

AL interation 2638/4801.

mae: 0.012643440107130529
max_error: 0.09972344912037845
variance: 0.00012179476375037545
pearson: 0.04862511621110524
p-valu: 6.437680826927281e-51

AL interation 2639/4801.

mae: 0.012640609921597481
max_error: 0.0998864080970947
variance: 0.00012173878961522034
pearson: 0.0484292719357584
p-valu: 1.6020384880845053e-50

AL interation 2640/4801.

mae: 0.012642512799862367
max_error: 0.10009258590892789
variance: 0.00012163983632756858
pearson: 0.048166215377558406
p-valu: 5.417679205500434e-50

AL interation 2641/4801.

mae: 0.012636291378789676
max_error: 0.10040044968357908
variance: 0.00012157920241409377
pearson: 0.0487023897657112
p-valu: 4.506320003060355e-51

AL interation 2642/4801.

mae: 0.012645526830320594
max_error: 0.10040491432053789
variance: 0.00012162649157069489
pearson: 0.04874765387231298
p-valu: 3.652409315412922e-51

AL interation 2643/4801.

mae: 0.012645551478030492
max_error: 0.10042410709891958
variance: 0.00012164401012575213
pearson: 0.048300965368644984
p-valu: 2.916832751361824e-50

AL interation 2644/4801.

mae: 0.012635092249476362
max_error: 0.1005580342173602
variance: 0.00012161700668491659
pearson: 0.048172289207209784
p-valu: 5.292573558736313e-50

AL interation 2645/4801.

mae: 0.012631093088293192
max_error: 0.10069333064714958
variance: 0.00012146433153979173
pearson: 0.0486837976385852
p-valu: 4.938083030585653e-51

AL interation 2646/4801.

mae: 0.012635846576223974
max_error: 0.10089339777576645
variance: 0.00012138355931002236
pearson: 0.048610739140004265
p-valu: 6.949288118142342e-51

AL interation 2647/4801.

mae: 0.01263555631425267
max_error: 0.10085753555657395
variance: 0.00012133115861321456
pearson: 0.04815102951564153
p-valu: 5.858505089708308e-50

AL interation 2648/4801.

mae: 0.012635471628046178
max_error: 0.10085855175296676
variance: 0.00012133291028319657
pearson: 0.04789458359652803
p-valu: 1.908414206628843e-49

AL interation 2649/4801.

mae: 0.01262669304641637
max_error: 0.10071186945859556
variance: 0.00012119325772423726
pearson: 0.048195982118602904
p-valu: 4.772042697524091e-50

AL interation 2650/4801.

mae: 0.012619908282371112
max_error: 0.1007752887624378
variance: 0.00012118386173839685
pearson: 0.047761178554861186
p-valu: 3.5248069140553264e-49

AL interation 2651/4801.

mae: 0.012622664805087138
max_error: 0.10085491787939138
variance: 0.00012124135928903163
pearson: 0.0479625268894104
p-valu: 1.4018261721068467e-49

AL interation 2652/4801.

mae: 0.01259522655327069
max_error: 0.10060886502222677
variance: 0.00012084597319268544
pearson: 0.048199370330345735
p-valu: 4.71446215742885e-50

AL interation 2653/4801.

mae: 0.012591011417861352
max_error: 0.10069052659744959
variance: 0.00012098615714327647
pearson: 0.048287608000983216
p-valu: 3.1393732652807343e-50

AL interation 2654/4801.

mae: 0.012589942280584103
max_error: 0.10073568588066739
variance: 0.00012100367062604971
pearson: 0.048748071462984766
p-valu: 3.69793516723974e-51

AL interation 2655/4801.

mae: 0.012586875908872579
max_error: 0.1004602149219267
variance: 0.00012102277898272496
pearson: 0.047794244349454874
p-valu: 3.047201497393941e-49

AL interation 2656/4801.

mae: 0.012587398571394376
max_error: 0.10040574101938948
variance: 0.00012094901723117247
pearson: 0.04782739888181061
p-valu: 2.6209206041735973e-49

AL interation 2657/4801.

mae: 0.012587384351685047
max_error: 0.10040342276241465
variance: 0.00012094863107311664
pearson: 0.04792488727769833
p-valu: 1.6779614028361423e-49

AL interation 2658/4801.

mae: 0.012591740650371146
max_error: 0.10040807327576151
variance: 0.00012100102041017251
pearson: 0.04732637828757047
p-valu: 2.5771232609689652e-48

AL interation 2659/4801.

mae: 0.01258917932983512
max_error: 0.1003988773668738
variance: 0.00012094061834357412
pearson: 0.04741209212892646
p-valu: 1.7486694956261308e-48

AL interation 2660/4801.

mae: 0.012589145591378824
max_error: 0.10038911723839594
variance: 0.0001209424638281542
pearson: 0.04806546371689957
p-valu: 8.822889142351592e-50

AL interation 2661/4801.

mae: 0.012587581605608666
max_error: 0.10040477336909537
variance: 0.00012090565691626673
pearson: 0.0476664929004742
p-valu: 5.502498227433937e-49

AL interation 2662/4801.

mae: 0.012584496082418095
max_error: 0.1003763380270215
variance: 0.00012088738707365016
pearson: 0.047237124015446934
p-valu: 3.8784375299711184e-48

AL interation 2663/4801.

mae: 0.012584875909815392
max_error: 0.1003802782913994
variance: 0.00012091194951664263
pearson: 0.047330608174264675
p-valu: 2.542451471689048e-48

AL interation 2664/4801.

mae: 0.012585465571262177
max_error: 0.10043098999315991
variance: 0.00012096590605330606
pearson: 0.04795874490562646
p-valu: 1.4480058019079364e-49

AL interation 2665/4801.

mae: 0.012588538344592734
max_error: 0.1006959788110493
variance: 0.00012107807635950965
pearson: 0.04809739484393452
p-valu: 7.660705239338307e-50

AL interation 2666/4801.

mae: 0.012591814429701625
max_error: 0.10060188168793904
variance: 0.0001210694089908102
pearson: 0.04792633217249354
p-valu: 1.684285188968373e-49

AL interation 2667/4801.

mae: 0.012591563184505784
max_error: 0.10060073933644564
variance: 0.00012107603700459045
pearson: 0.048407978278394936
p-valu: 1.8276741355645242e-50

AL interation 2668/4801.

mae: 0.012591562235411852
max_error: 0.10066692728631499
variance: 0.00012108790340082466
pearson: 0.04903232595386631
p-valu: 9.935449536370143e-52

AL interation 2669/4801.

mae: 0.01259101480908996
max_error: 0.10066887418250592
variance: 0.00012107341086325378
pearson: 0.04890945642159199
p-valu: 1.7700191362265687e-51

AL interation 2670/4801.

mae: 0.012603279919793134
max_error: 0.10049546835651602
variance: 0.00012116931273403923
pearson: 0.04912173046414883
p-valu: 6.5424967359995816e-52

AL interation 2671/4801.

mae: 0.012611677037863707
max_error: 0.10041586670903091
variance: 0.000121401983839021
pearson: 0.04911443673314695
p-valu: 6.77907919427451e-52

AL interation 2672/4801.

mae: 0.012610497363331894
max_error: 0.1004146211519441
variance: 0.00012139249948302628
pearson: 0.04987807437053011
p-valu: 1.8185015539879535e-53

AL interation 2673/4801.

mae: 0.012613867269406472
max_error: 0.09482863821384346
variance: 0.00012071594162607429
pearson: 0.04913177854413686
p-valu: 6.26316331299624e-52

AL interation 2674/4801.

mae: 0.01260143346372794
max_error: 0.09539211886138621
variance: 0.00012042227960306618
pearson: 0.04956859944062575
p-valu: 7.957337771198852e-53

AL interation 2675/4801.

mae: 0.01260147136909144
max_error: 0.09556304774494895
variance: 0.00012040192986460974
pearson: 0.04893651869416789
p-valu: 1.57053501075523e-51

AL interation 2676/4801.

mae: 0.012601098050385975
max_error: 0.09544564032856617
variance: 0.0001204021119698951
pearson: 0.04866301841161896
p-valu: 5.64503679419941e-51

AL interation 2677/4801.

mae: 0.012599251783524952
max_error: 0.09552171654539454
variance: 0.00012046266431392638
pearson: 0.04843808379363576
p-valu: 1.608363350883745e-50

AL interation 2678/4801.

mae: 0.012596333582751364
max_error: 0.09586638097110556
variance: 0.00012048191744810314
pearson: 0.04803903082970072
p-valu: 1.017467910705028e-49

AL interation 2679/4801.

mae: 0.012591093737289472
max_error: 0.09590214949324438
variance: 0.0001204979151812595
pearson: 0.04797708148454361
p-valu: 1.3543210311674439e-49

AL interation 2680/4801.

mae: 0.012593192984680982
max_error: 0.09605252471718306
variance: 0.00012056455919357952
pearson: 0.04909510581121053
p-valu: 7.505639931716262e-52

AL interation 2681/4801.

mae: 0.012593108600753286
max_error: 0.09600716756566219
variance: 0.00012052896624589975
pearson: 0.04857025614224473
p-valu: 8.745990588764429e-51

AL interation 2682/4801.

mae: 0.012593068941926223
max_error: 0.0960105857978164
variance: 0.00012052899162085506
pearson: 0.04854233086410348
p-valu: 9.970480305134782e-51

AL interation 2683/4801.

mae: 0.012587620967529203
max_error: 0.09608163064925468
variance: 0.00012064299528052323
pearson: 0.04935947844565921
p-valu: 2.16646875453164e-52

AL interation 2684/4801.

mae: 0.012592158141883946
max_error: 0.09602502750775277
variance: 0.00012061919393308519
pearson: 0.04923008796346068
p-valu: 3.995093984946461e-52

AL interation 2685/4801.

mae: 0.01259226168981559
max_error: 0.09603504148211361
variance: 0.00012062244556684022
pearson: 0.04909459452644235
p-valu: 7.56942762643285e-52

AL interation 2686/4801.

mae: 0.012596109571342285
max_error: 0.09608362572911067
variance: 0.00012070683845215988
pearson: 0.04900430401551064
p-valu: 1.1581310773345311e-51

AL interation 2687/4801.

mae: 0.012588213518042245
max_error: 0.0961569732806169
variance: 0.00012070478762936567
pearson: 0.048191654107874335
p-valu: 5.08925634637745e-50

AL interation 2688/4801.

mae: 0.01259091613595754
max_error: 0.09615424422171093
variance: 0.00012064856228483537
pearson: 0.04755796117905552
p-valu: 9.308253202812642e-49

AL interation 2689/4801.

mae: 0.012591679125441697
max_error: 0.09609318537858091
variance: 0.00012065020766655395
pearson: 0.04774058374537839
p-valu: 4.050073116689448e-49

AL interation 2690/4801.

mae: 0.012596012803939861
max_error: 0.09605241161765155
variance: 0.0001207618120821614
pearson: 0.04810057504167881
p-valu: 7.77207664245962e-50

AL interation 2691/4801.

mae: 0.012599588991953993
max_error: 0.09626762862152138
variance: 0.00012098766109289256
pearson: 0.04829235255144505
p-valu: 3.211173261642022e-50

AL interation 2692/4801.

mae: 0.012601458592347993
max_error: 0.09635015080474152
variance: 0.00012104647894535253
pearson: 0.04808876601503994
p-valu: 8.225575945403558e-50

AL interation 2693/4801.

mae: 0.012601653454001324
max_error: 0.09637915124793328
variance: 0.00012105086058244915
pearson: 0.04821746616830042
p-valu: 4.549406550331453e-50

AL interation 2694/4801.

mae: 0.012598047900178298
max_error: 0.09645952499275556
variance: 0.00012083162866962017
pearson: 0.04826092659768286
p-valu: 3.7263254770521204e-50

AL interation 2695/4801.

mae: 0.012603588446528154
max_error: 0.09629882468564976
variance: 0.00012095855451665609
pearson: 0.04760907538973957
p-valu: 7.433261547392496e-49

AL interation 2696/4801.

mae: 0.012603748010731665
max_error: 0.09626349376756882
variance: 0.00012095191747011574
pearson: 0.04803523072376396
p-valu: 1.057263204777082e-49

AL interation 2697/4801.

mae: 0.012604963433489047
max_error: 0.09644587561050177
variance: 0.00012082498196823944
pearson: 0.04822112472246974
p-valu: 4.494172497507925e-50

AL interation 2698/4801.

mae: 0.012601537274943102
max_error: 0.09658889706318807
variance: 0.00012082519113850845
pearson: 0.047954971496489716
p-valu: 1.532403160109088e-49

AL interation 2699/4801.

mae: 0.01260007813253971
max_error: 0.09658586883441278
variance: 0.00012085322355350748
pearson: 0.04761569631557088
p-valu: 7.245200341197149e-49

AL interation 2700/4801.

mae: 0.012604670001754364
max_error: 0.09639372828476955
variance: 0.0001209772480927538
pearson: 0.04787404723446341
p-valu: 2.226452767257138e-49

AL interation 2701/4801.

mae: 0.012605402890584497
max_error: 0.09650650533311311
variance: 0.00012102122323813209
pearson: 0.04836127191098938
p-valu: 2.361915040503772e-50

AL interation 2702/4801.

mae: 0.012605600989686633
max_error: 0.09650321509301141
variance: 0.00012102556024782583
pearson: 0.0491245073123379
p-valu: 6.713229855129025e-52

AL interation 2703/4801.

mae: 0.012604329198533262
max_error: 0.09657034314026025
variance: 0.00012102866231726815
pearson: 0.04913339874247848
p-valu: 6.446088356148327e-52

AL interation 2704/4801.

mae: 0.012593140808920418
max_error: 0.0961697502362171
variance: 0.0001209285005450787
pearson: 0.04876540313873872
p-valu: 3.620504907252126e-51

AL interation 2705/4801.

mae: 0.012589250861961863
max_error: 0.09621421120280904
variance: 0.0001209660248950603
pearson: 0.049860089654856304
p-valu: 2.0650253805979622e-53

AL interation 2706/4801.

mae: 0.01259034613623584
max_error: 0.09622590243978668
variance: 0.0001209180268849317
pearson: 0.04958325959392674
p-valu: 7.721795628172961e-53

AL interation 2707/4801.

mae: 0.012590386913200543
max_error: 0.09623379726216119
variance: 0.00012090927605333609
pearson: 0.05022470933758894
p-valu: 3.6095108700917916e-54

AL interation 2708/4801.

mae: 0.012590137110280718
max_error: 0.09621907097383375
variance: 0.00012090899547758519
pearson: 0.05114616759675761
p-valu: 4.134655085586122e-56

AL interation 2709/4801.

mae: 0.01259069790124068
max_error: 0.09620972423116148
variance: 0.00012090685986565363
pearson: 0.05065405235586831
p-valu: 4.552925364957158e-55

AL interation 2710/4801.

mae: 0.012587122994242856
max_error: 0.09617361134135938
variance: 0.00012086649122878117
pearson: 0.05080863592145467
p-valu: 2.152028186943526e-55

AL interation 2711/4801.

mae: 0.012587121193592959
max_error: 0.0961765403028807
variance: 0.00012086580773316367
pearson: 0.05094157473177154
p-valu: 1.1278889415413188e-55

AL interation 2712/4801.

mae: 0.012587144948045699
max_error: 0.09618799397961486
variance: 0.00012086572391274205
pearson: 0.051372516619534306
p-valu: 1.3690820248774263e-56

AL interation 2713/4801.

mae: 0.01258750457630607
max_error: 0.09616883236325013
variance: 0.00012086273356780964
pearson: 0.05157246371781064
p-valu: 5.119233653120255e-57

AL interation 2714/4801.

mae: 0.012588252914908704
max_error: 0.09613398490299407
variance: 0.0001208270531061851
pearson: 0.05195231055070747
p-valu: 7.807631880681801e-58

AL interation 2715/4801.

mae: 0.012588367304678588
max_error: 0.09614793219160167
variance: 0.00012085356303471606
pearson: 0.05169696622703761
p-valu: 2.7742941582850715e-57

AL interation 2716/4801.

mae: 0.012592778627743176
max_error: 0.09575603656802234
variance: 0.00012076929236369026
pearson: 0.052060831653549265
p-valu: 4.561556702265675e-58

AL interation 2717/4801.

mae: 0.012589563277139063
max_error: 0.09555107281292696
variance: 0.00012074755519000203
pearson: 0.05216209371701314
p-valu: 2.756597834027196e-58

AL interation 2718/4801.

mae: 0.012588540646677391
max_error: 0.09544062642843021
variance: 0.00012081972034650653
pearson: 0.05241705415812794
p-valu: 7.706394304680986e-59

AL interation 2719/4801.

mae: 0.012590887368075024
max_error: 0.09558244736971067
variance: 0.00012070672197179382
pearson: 0.052439120789847436
p-valu: 6.908222788010865e-59

AL interation 2720/4801.

mae: 0.012590119001337207
max_error: 0.09563619508961385
variance: 0.00012070447228011942
pearson: 0.052618543786574795
p-valu: 2.8070274622600754e-59

AL interation 2721/4801.

mae: 0.012589080128207978
max_error: 0.09566602176895178
variance: 0.0001208759367395683
pearson: 0.05304445163262665
p-valu: 3.263341671193662e-60

AL interation 2722/4801.

mae: 0.012590743451004971
max_error: 0.09563140718163088
variance: 0.00012090766755292282
pearson: 0.053877483273900274
p-valu: 4.606877174256403e-62

AL interation 2723/4801.

mae: 0.012586976065778051
max_error: 0.09544946903341445
variance: 0.00012081776714994527
pearson: 0.05371559980486244
p-valu: 1.0616254122956482e-61

AL interation 2724/4801.

mae: 0.0125954332637681
max_error: 0.09619564834318628
variance: 0.00012093444014581749
pearson: 0.054618914659506704
p-valu: 9.843166560263615e-64

AL interation 2725/4801.

mae: 0.012596020098344162
max_error: 0.09619597919416667
variance: 0.00012091681462649715
pearson: 0.054765481016444
p-valu: 4.5778072268893134e-64

AL interation 2726/4801.

mae: 0.012591399907625717
max_error: 0.09585626926744628
variance: 0.0001210448336207133
pearson: 0.05503000219388363
p-valu: 1.1424435490875284e-64

AL interation 2727/4801.

mae: 0.012588463191041543
max_error: 0.09583123234100133
variance: 0.00012102225272875789
pearson: 0.05461315121245517
p-valu: 1.018988045975612e-63

AL interation 2728/4801.

mae: 0.012585615108547107
max_error: 0.09590296348395388
variance: 0.00012104067110537791
pearson: 0.05449367091907093
p-valu: 1.9040917799968582e-63

AL interation 2729/4801.

mae: 0.012574153712779172
max_error: 0.09590126344054117
variance: 0.00012091615869362331
pearson: 0.05437320087556431
p-valu: 3.571451482641937e-63

AL interation 2730/4801.

mae: 0.012572006959825636
max_error: 0.09586030246353805
variance: 0.00012090541114020076
pearson: 0.05363751402765187
p-valu: 1.601614929473466e-61

AL interation 2731/4801.

mae: 0.012545324397812141
max_error: 0.09479189305651237
variance: 0.00012106013083482084
pearson: 0.053664401262286734
p-valu: 1.3971412696547503e-61

AL interation 2732/4801.

mae: 0.012547653410936511
max_error: 0.09471694510583295
variance: 0.00012107604938292629
pearson: 0.05356210023828965
p-valu: 2.3647693069909643e-61

AL interation 2733/4801.

mae: 0.01254725436794488
max_error: 0.09468356137225276
variance: 0.00012107211418046858
pearson: 0.05381491919858128
p-valu: 6.462004982012122e-62

AL interation 2734/4801.

mae: 0.012537602445952721
max_error: 0.09455151008322393
variance: 0.00012057942810092007
pearson: 0.053224193046730525
p-valu: 1.3328281563345615e-60

AL interation 2735/4801.

mae: 0.012516481038275904
max_error: 0.09463859172572886
variance: 0.00012032055309309082
pearson: 0.05255791407140267
p-valu: 3.888731969074244e-59

AL interation 2736/4801.

mae: 0.012511680940618695
max_error: 0.09464811204910295
variance: 0.00012018404865548639
pearson: 0.052337361688790815
p-valu: 1.1778823414534565e-58

AL interation 2737/4801.

mae: 0.012511279999141825
max_error: 0.09465357872958013
variance: 0.00012019650786665478
pearson: 0.052766296182836674
p-valu: 1.3645802085749048e-59

AL interation 2738/4801.

mae: 0.012506433333680924
max_error: 0.09467928911275014
variance: 0.00012012123339525417
pearson: 0.05313401728857091
p-valu: 2.1208794209210122e-60

AL interation 2739/4801.

mae: 0.012507623899909313
max_error: 0.09464534866836805
variance: 0.00012014035933673914
pearson: 0.0536617538340394
p-valu: 1.4327547647576172e-61

AL interation 2740/4801.

mae: 0.012506275404901655
max_error: 0.09467598025665613
variance: 0.00012011347477846357
pearson: 0.053620623830935916
p-valu: 1.7720470739822484e-61

AL interation 2741/4801.

mae: 0.012501317465566403
max_error: 0.09483978522601721
variance: 0.00012002725156077694
pearson: 0.053673546110481814
p-valu: 1.3524843106089083e-61

AL interation 2742/4801.

mae: 0.012491463468266692
max_error: 0.09496835048256291
variance: 0.00011996359812341312
pearson: 0.053824555903177855
p-valu: 6.230249917709001e-62

AL interation 2743/4801.

mae: 0.012495293164608814
max_error: 0.09598293470188257
variance: 0.00012025543613803592
pearson: 0.053628792598114226
p-valu: 1.706697308474433e-61

AL interation 2744/4801.

mae: 0.012483736090312926
max_error: 0.09589481306128111
variance: 0.00012006149452477104
pearson: 0.05366794546817791
p-valu: 1.3980030115700953e-61

AL interation 2745/4801.

mae: 0.01248614855258694
max_error: 0.0958355392822654
variance: 0.00012002714525978504
pearson: 0.054399224247312465
p-valu: 3.194205197418208e-63

AL interation 2746/4801.

mae: 0.012484717530459037
max_error: 0.09584706910507923
variance: 0.0001200093690042169
pearson: 0.05391133266846816
p-valu: 4.006941264094001e-62

AL interation 2747/4801.

mae: 0.012480689561855702
max_error: 0.09587311313001412
variance: 0.00011979421533653694
pearson: 0.053448597187296755
p-valu: 4.320263739719972e-61

AL interation 2748/4801.

mae: 0.01247994311215665
max_error: 0.0958014958007738
variance: 0.0001197143701175401
pearson: 0.05314349451723084
p-valu: 2.0499975081076883e-60

AL interation 2749/4801.

mae: 0.012479513762117377
max_error: 0.0955515868602419
variance: 0.00011984398265749397
pearson: 0.0529230709760134
p-valu: 6.281569227302392e-60

AL interation 2750/4801.

mae: 0.012475849454562383
max_error: 0.09568872726984812
variance: 0.00011986506085227184
pearson: 0.053035627604627225
p-valu: 3.5556402600933747e-60

AL interation 2751/4801.

mae: 0.012458208691034641
max_error: 0.09574044053923392
variance: 0.0001197222851577318
pearson: 0.05162532686009165
p-valu: 4.14888079569577e-57

AL interation 2752/4801.

mae: 0.012449229679431198
max_error: 0.09524419787252048
variance: 0.00011964384836464063
pearson: 0.05136131165545018
p-valu: 1.5254171789893235e-56

AL interation 2753/4801.

mae: 0.012451895968774914
max_error: 0.09521396627636425
variance: 0.00011974027007159927
pearson: 0.05081171005764539
p-valu: 2.2417689371304126e-55

AL interation 2754/4801.

mae: 0.012452631687706618
max_error: 0.09521438306163366
variance: 0.00011975019989274192
pearson: 0.051558060059865525
p-valu: 5.805889555422993e-57

AL interation 2755/4801.

mae: 0.012451864451425276
max_error: 0.09576537980868527
variance: 0.00011995194424902382
pearson: 0.05188450559458794
p-valu: 1.1559452069495036e-57

AL interation 2756/4801.

mae: 0.012450904830096053
max_error: 0.09573797903275083
variance: 0.00011985847910144836
pearson: 0.052465733244323645
p-valu: 6.361794799975855e-59

AL interation 2757/4801.

mae: 0.0124415916844317
max_error: 0.09557006175740246
variance: 0.00011987876213035322
pearson: 0.05269287262664282
p-valu: 2.032366938092612e-59

AL interation 2758/4801.

mae: 0.012426489979903138
max_error: 0.09516275914919281
variance: 0.00011964464068512361
pearson: 0.051979312685157944
p-valu: 7.246762817468191e-58

AL interation 2759/4801.

mae: 0.01242998220755302
max_error: 0.09535177393493943
variance: 0.00011969929964917985
pearson: 0.050625258535557924
p-valu: 5.583169558642151e-55

AL interation 2760/4801.

mae: 0.012428348598168474
max_error: 0.09517774524968847
variance: 0.0001196260592507748
pearson: 0.05118965662306805
p-valu: 3.5783348840736714e-56

AL interation 2761/4801.

mae: 0.012428545699594257
max_error: 0.09520801890883779
variance: 0.00011962851720063993
pearson: 0.051734955284737726
p-valu: 2.4454883170954058e-57

AL interation 2762/4801.

mae: 0.012428552794334824
max_error: 0.09520807247671148
variance: 0.00011962868064257172
pearson: 0.05240976278246325
p-valu: 8.494059057798084e-59

AL interation 2763/4801.

mae: 0.012425784534562298
max_error: 0.0950917685568442
variance: 0.00011960700872040108
pearson: 0.05262015253545662
p-valu: 2.956076576067905e-59

AL interation 2764/4801.

mae: 0.012423824112547773
max_error: 0.09515938130110446
variance: 0.00011961527868584236
pearson: 0.052606162315659316
p-valu: 3.1761323967418496e-59

AL interation 2765/4801.

mae: 0.012429702253390502
max_error: 0.09516743475936384
variance: 0.00011956787756754136
pearson: 0.052458915628050315
p-valu: 6.6656975219924955e-59

AL interation 2766/4801.

mae: 0.012428987609035012
max_error: 0.09515902436195067
variance: 0.0001196461216560697
pearson: 0.05299457479851025
p-valu: 4.4787038058917135e-60

AL interation 2767/4801.

mae: 0.01242155166770441
max_error: 0.09490103409010264
variance: 0.00011932917265691574
pearson: 0.05355137328678485
p-valu: 2.6276565432251468e-61

AL interation 2768/4801.

mae: 0.01242153068049355
max_error: 0.0949016692023037
variance: 0.00011932872263087362
pearson: 0.05348153762643157
p-valu: 3.762223815491742e-61

AL interation 2769/4801.

mae: 0.012419393154127102
max_error: 0.09484095922769886
variance: 0.00011935158393049501
pearson: 0.0526330427283869
p-valu: 2.7935850150602593e-59

AL interation 2770/4801.

mae: 0.01241056210726018
max_error: 0.09492733866821657
variance: 0.00011911603270486779
pearson: 0.05274139502555029
p-valu: 1.6203992744721228e-59

AL interation 2771/4801.

mae: 0.012414197559008586
max_error: 0.09534278072922864
variance: 0.00011904021108966793
pearson: 0.05303225721579303
p-valu: 3.725932654300837e-60

AL interation 2772/4801.

mae: 0.012405220627293555
max_error: 0.09531839601712311
variance: 0.00011897455360314761
pearson: 0.05245799169149705
p-valu: 6.7618204711799445e-59

AL interation 2773/4801.

mae: 0.012406009134417285
max_error: 0.09541280908391347
variance: 0.00011901092190402759
pearson: 0.052723389719960094
p-valu: 1.7818991741678967e-59

AL interation 2774/4801.

mae: 0.012410747588006938
max_error: 0.09550335085603767
variance: 0.00011907138827853796
pearson: 0.05207186495644175
p-valu: 4.672650542712391e-58

AL interation 2775/4801.

mae: 0.012410387968497838
max_error: 0.09540209897957941
variance: 0.00011908371380118207
pearson: 0.05254431880601255
p-valu: 4.4015147206140755e-59

AL interation 2776/4801.

mae: 0.012404397712628282
max_error: 0.09548167174037592
variance: 0.00011905376962026219
pearson: 0.052021086831927764
p-valu: 6.0329050326728434e-58

AL interation 2777/4801.

mae: 0.012396657182224864
max_error: 0.09594419402859278
variance: 0.00011888038032138201
pearson: 0.05132991061223915
p-valu: 1.8397532502108595e-56

AL interation 2778/4801.

mae: 0.012395072088100435
max_error: 0.09586180474846917
variance: 0.00011894285777468448
pearson: 0.05184302544798196
p-valu: 1.4649209974183744e-57

AL interation 2779/4801.

mae: 0.012378585350099997
max_error: 0.09577812156729526
variance: 0.00011839321237306412
pearson: 0.05087707024172298
p-valu: 1.6873301398188248e-55

AL interation 2780/4801.

mae: 0.012379688725823606
max_error: 0.09586112573063876
variance: 0.00011840457155810256
pearson: 0.05164331468550507
p-valu: 3.9465956710595325e-57

AL interation 2781/4801.

mae: 0.012359778326204907
max_error: 0.09582485604645119
variance: 0.00011783873438364768
pearson: 0.05039409958964668
p-valu: 1.7546823344014958e-54

AL interation 2782/4801.

mae: 0.012375612420190295
max_error: 0.09591840319788791
variance: 0.0001179429954774257
pearson: 0.050725660881319544
p-valu: 3.535104284071644e-55

AL interation 2783/4801.

mae: 0.012374144450054279
max_error: 0.0959148096522171
variance: 0.00011797940320138504
pearson: 0.05107028196455768
p-valu: 6.612512350762363e-56

AL interation 2784/4801.

mae: 0.01237491094202467
max_error: 0.09570071308761219
variance: 0.00011776956579297439
pearson: 0.0507773675724684
p-valu: 2.757542963317098e-55

AL interation 2785/4801.

mae: 0.012376020350985855
max_error: 0.09658958866956202
variance: 0.00011799293825913951
pearson: 0.05025632766111794
p-valu: 3.4230966087681455e-54

AL interation 2786/4801.

mae: 0.012376869354809857
max_error: 0.09640314955257456
variance: 0.00011797758493474677
pearson: 0.05058998092301247
p-valu: 6.857169954265377e-55

AL interation 2787/4801.

mae: 0.012382134132127447
max_error: 0.09653424886667783
variance: 0.00011801260393462629
pearson: 0.050861419958753616
p-valu: 1.839875657100042e-55

AL interation 2788/4801.

mae: 0.012383251383773245
max_error: 0.09659229228921906
variance: 0.0001180971175417994
pearson: 0.051109869613686354
p-valu: 5.48537770580508e-56

AL interation 2789/4801.

mae: 0.012377295645973143
max_error: 0.09623550408062731
variance: 0.00011806078431486372
pearson: 0.05114449918000947
p-valu: 4.637018332884652e-56

AL interation 2790/4801.

mae: 0.01237711940022783
max_error: 0.0961154935337476
variance: 0.00011801758287110771
pearson: 0.051112271679792584
p-valu: 5.435603297691567e-56

AL interation 2791/4801.

mae: 0.012376437696638877
max_error: 0.09620152895221001
variance: 0.00011802421134793065
pearson: 0.051298111067094934
p-valu: 2.1907088807892186e-56

AL interation 2792/4801.

mae: 0.012379501868304218
max_error: 0.09620194087418388
variance: 0.00011815104335915481
pearson: 0.051337837654332946
p-valu: 1.8050364878727862e-56

AL interation 2793/4801.

mae: 0.012386978188199536
max_error: 0.09625611730919847
variance: 0.00011829304476403036
pearson: 0.05138980618805093
p-valu: 1.4002261970631526e-56

AL interation 2794/4801.

mae: 0.012385965394163303
max_error: 0.09634591649890756
variance: 0.00011834233655352259
pearson: 0.05134490518211734
p-valu: 1.7481005343208924e-56

AL interation 2795/4801.

mae: 0.01238450275631229
max_error: 0.0963093091384366
variance: 0.00011830252297950061
pearson: 0.05174560472588979
p-valu: 2.4285444043861306e-57

AL interation 2796/4801.

mae: 0.012383759415651363
max_error: 0.09624298505039808
variance: 0.00011823019490973684
pearson: 0.05212424028573582
p-valu: 3.709056415291232e-58

AL interation 2797/4801.

mae: 0.012365258157744759
max_error: 0.0957967187380604
variance: 0.00011809974456634568
pearson: 0.05184271432288556
p-valu: 1.5053274792025085e-57

AL interation 2798/4801.

mae: 0.012353314074990334
max_error: 0.09606295011602417
variance: 0.00011818082387694458
pearson: 0.051814583364585436
p-valu: 1.732875216980206e-57

AL interation 2799/4801.

mae: 0.012354123245257736
max_error: 0.09611407249056758
variance: 0.00011818578321954748
pearson: 0.0522972976490233
p-valu: 1.5696912103363285e-58

AL interation 2800/4801.

mae: 0.012351188374936796
max_error: 0.09592917974558479
variance: 0.00011811630825492471
pearson: 0.05112455393543971
p-valu: 5.18652060833887e-56

AL interation 2801/4801.

mae: 0.012352176868712724
max_error: 0.09591180645500974
variance: 0.00011812525419518802
pearson: 0.051063996368523316
p-valu: 6.981449472894343e-56

AL interation 2802/4801.

mae: 0.01235273019930731
max_error: 0.0959361526927609
variance: 0.00011810171384202632
pearson: 0.05150350775081302
p-valu: 8.099585506491903e-57

AL interation 2803/4801.

mae: 0.012352302407019927
max_error: 0.09594807861757038
variance: 0.00011813441755802778
pearson: 0.05090574414208109
p-valu: 1.5141192688027407e-55

AL interation 2804/4801.

mae: 0.01235387276082259
max_error: 0.09583330008311752
variance: 0.00011813896551404109
pearson: 0.051593774860983155
p-valu: 5.2046020277979e-57

AL interation 2805/4801.

mae: 0.012362745867027581
max_error: 0.09602106705327462
variance: 0.0001180549792129273
pearson: 0.04941922634207044
p-valu: 1.8971130887743933e-52

AL interation 2806/4801.

mae: 0.012363211853826049
max_error: 0.09602020997798211
variance: 0.00011805518638114903
pearson: 0.04992305780782709
p-valu: 1.7348984767641255e-53

AL interation 2807/4801.

mae: 0.012357951433898132
max_error: 0.09601754798680706
variance: 0.00011806209384572391
pearson: 0.052359454179656234
p-valu: 1.1628635282372057e-58

AL interation 2808/4801.

mae: 0.012344558075878502
max_error: 0.09662919545010884
variance: 0.00011752473732612589
pearson: 0.051529160015601254
p-valu: 7.195488486642303e-57

AL interation 2809/4801.

mae: 0.012337232186034833
max_error: 0.09656855768028838
variance: 0.00011725996345731614
pearson: 0.051772020850597705
p-valu: 2.1714668950868442e-57

AL interation 2810/4801.

mae: 0.012334630526885607
max_error: 0.09631786707180656
variance: 0.00011698774551738742
pearson: 0.05162618530464699
p-valu: 4.471110752310225e-57

AL interation 2811/4801.

mae: 0.01233359826131758
max_error: 0.09634443036637497
variance: 0.000117005358083182
pearson: 0.05170347272159626
p-valu: 3.0562540851593535e-57

AL interation 2812/4801.

mae: 0.012331898846282148
max_error: 0.09627218540689175
variance: 0.00011708213403708853
pearson: 0.05154284247367335
p-valu: 6.762364112736507e-57

AL interation 2813/4801.

mae: 0.012331794920408388
max_error: 0.09628304705009616
variance: 0.00011709349128726717
pearson: 0.052078752436263004
p-valu: 4.761600691376768e-58

AL interation 2814/4801.

mae: 0.012330869371237774
max_error: 0.09621354445747277
variance: 0.00011708317861392247
pearson: 0.05225795948309182
p-valu: 1.9505574521454664e-58

AL interation 2815/4801.

mae: 0.01232512740632755
max_error: 0.0963884359501066
variance: 0.00011703230344691133
pearson: 0.05238649591209828
p-valu: 1.026860151101815e-58

AL interation 2816/4801.

mae: 0.012326180737920026
max_error: 0.09638253041615319
variance: 0.00011703779204043211
pearson: 0.0524685771159442
p-valu: 6.814496740640937e-59

AL interation 2817/4801.

mae: 0.012324277013407308
max_error: 0.09660886606778551
variance: 0.00011665577848814092
pearson: 0.05221332911856279
p-valu: 2.4476182368340946e-58

AL interation 2818/4801.

mae: 0.012329129352660399
max_error: 0.09664559907290315
variance: 0.00011668992545677558
pearson: 0.05229985545674796
p-valu: 1.590753034158411e-58

AL interation 2819/4801.

mae: 0.012329953141423267
max_error: 0.09674387665339457
variance: 0.00011659012991962675
pearson: 0.052553683568738324
p-valu: 4.463602569400639e-59

AL interation 2820/4801.

mae: 0.012329924637371212
max_error: 0.09674408430194892
variance: 0.00011659028886364612
pearson: 0.05349272009819621
p-valu: 3.828897879299381e-61

AL interation 2821/4801.

mae: 0.012328487902243123
max_error: 0.09673721247762335
variance: 0.00011659499443378422
pearson: 0.05317252058323455
p-valu: 1.9619648128120592e-60

AL interation 2822/4801.

mae: 0.012330055159803862
max_error: 0.09674922753223147
variance: 0.00011647801115946593
pearson: 0.0529652352843412
p-valu: 5.62358384827593e-60

AL interation 2823/4801.

mae: 0.012328273229823342
max_error: 0.09678856555618442
variance: 0.00011652494278275552
pearson: 0.05322330901094842
p-valu: 1.5196880716197772e-60

AL interation 2824/4801.

mae: 0.012328651033279304
max_error: 0.0966983331896103
variance: 0.00011651825547851955
pearson: 0.05363458918655274
p-valu: 1.862487514563874e-61

AL interation 2825/4801.

mae: 0.012340855290183476
max_error: 0.0964864042792073
variance: 0.0001163877712960657
pearson: 0.053657340983281
p-valu: 1.6597789521074364e-61

AL interation 2826/4801.

mae: 0.01233781272710418
max_error: 0.09644856410253344
variance: 0.00011641748718025114
pearson: 0.053656824314473016
p-valu: 1.666592888316531e-61

AL interation 2827/4801.

mae: 0.0123357651608396
max_error: 0.09623461767776864
variance: 0.00011646440431295771
pearson: 0.0540331916393133
p-valu: 2.4052214698124432e-62

AL interation 2828/4801.

mae: 0.012332342125648819
max_error: 0.09614382257544496
variance: 0.00011638784645549734
pearson: 0.05404587828535523
p-valu: 2.255960375443758e-62

AL interation 2829/4801.

mae: 0.01233330727693217
max_error: 0.09621695331137237
variance: 0.00011644696838291798
pearson: 0.05372632780293316
p-valu: 1.171647977418978e-61

AL interation 2830/4801.

mae: 0.012334050238143953
max_error: 0.09618131081745962
variance: 0.00011643212901130949
pearson: 0.05349350950173154
p-valu: 3.868708377220371e-61

AL interation 2831/4801.

mae: 0.01233302375313263
max_error: 0.09630951842294455
variance: 0.00011622609226532672
pearson: 0.05362949791696335
p-valu: 1.9311828510539057e-61

AL interation 2832/4801.

mae: 0.012333927118986395
max_error: 0.0963271589721757
variance: 0.00011619850775155883
pearson: 0.054349389500751834
p-valu: 4.710140125420736e-63

AL interation 2833/4801.

mae: 0.012332663960873723
max_error: 0.09633168519852409
variance: 0.00011619516074618243
pearson: 0.05415666447617571
p-valu: 1.2814876081982948e-62

AL interation 2834/4801.

mae: 0.012332472281433667
max_error: 0.09631775683013477
variance: 0.00011619095967699218
pearson: 0.05498144043851465
p-valu: 1.7381516518114726e-64

AL interation 2835/4801.

mae: 0.012335562918619692
max_error: 0.09631704041024425
variance: 0.00011618920645403496
pearson: 0.055739571647274506
p-valu: 3.151910805892031e-66

AL interation 2836/4801.

mae: 0.012335463063492936
max_error: 0.0963153172847655
variance: 0.00011618099969068494
pearson: 0.05534043681208426
p-valu: 2.6267564836862273e-65

AL interation 2837/4801.

mae: 0.012332696492226148
max_error: 0.09650662265201793
variance: 0.00011616813936615318
pearson: 0.05537773900934946
p-valu: 2.159594870842036e-65

AL interation 2838/4801.

mae: 0.012333798095202
max_error: 0.09650606629978431
variance: 0.00011619020873133381
pearson: 0.055631931757347514
p-valu: 5.615742199178323e-66

AL interation 2839/4801.

mae: 0.012333941687214769
max_error: 0.09653927743946444
variance: 0.00011619977975927342
pearson: 0.05549369759630525
p-valu: 1.1718962947344599e-65

AL interation 2840/4801.

mae: 0.012334313070323809
max_error: 0.09653524664102808
variance: 0.00011620763662456599
pearson: 0.0556404422386437
p-valu: 5.383994930594997e-66

AL interation 2841/4801.

mae: 0.01233336499937634
max_error: 0.09649399923572166
variance: 0.00011616575472526678
pearson: 0.05601000012401715
p-valu: 7.50707802109904e-67

AL interation 2842/4801.

mae: 0.01233356470434428
max_error: 0.09648244958819707
variance: 0.00011616217779643425
pearson: 0.05662783490164843
p-valu: 2.7034445388312176e-68

AL interation 2843/4801.

mae: 0.012332439707279118
max_error: 0.09651635664184544
variance: 0.00011615168736407882
pearson: 0.056693546257555925
p-valu: 1.8970606731170766e-68

AL interation 2844/4801.

mae: 0.01232784148430617
max_error: 0.09653798373600186
variance: 0.00011622101032081813
pearson: 0.056386110961301056
p-valu: 1.000553780380068e-67

AL interation 2845/4801.

mae: 0.012331354021782098
max_error: 0.09653096670880079
variance: 0.00011605712493913023
pearson: 0.0552435754930856
p-valu: 4.4434657370717895e-65

AL interation 2846/4801.

mae: 0.012333161492161345
max_error: 0.09703654750754542
variance: 0.00011603180705201238
pearson: 0.054713158632183054
p-valu: 7.223199897395778e-64

AL interation 2847/4801.

mae: 0.012329008321392462
max_error: 0.09685190048552106
variance: 0.0001161136619792192
pearson: 0.05451978872775517
p-valu: 1.984819966107076e-63

AL interation 2848/4801.

mae: 0.012328481772070252
max_error: 0.0967921842955406
variance: 0.00011609437670363912
pearson: 0.05443133056427542
p-valu: 3.150439640202644e-63

AL interation 2849/4801.

mae: 0.012320601499458328
max_error: 0.09687544309852858
variance: 0.00011601360700341151
pearson: 0.053934237458020354
p-valu: 4.13890522908873e-62

AL interation 2850/4801.

mae: 0.012319361443991508
max_error: 0.09690072966194241
variance: 0.00011606124795223521
pearson: 0.05422306800992092
p-valu: 9.316420366236986e-63

AL interation 2851/4801.

mae: 0.012318873354570539
max_error: 0.09689261572501384
variance: 0.0001160460161256756
pearson: 0.05451797804220441
p-valu: 2.015639593950856e-63

AL interation 2852/4801.

mae: 0.012319355653760833
max_error: 0.09692200091106717
variance: 0.00011600514528249827
pearson: 0.05469742164308332
p-valu: 7.913682340959678e-64

AL interation 2853/4801.

mae: 0.012318612419254575
max_error: 0.0969307983196217
variance: 0.00011601133903186654
pearson: 0.055095279031474494
p-valu: 9.830892699720095e-65

AL interation 2854/4801.

mae: 0.012312603997956993
max_error: 0.09641129223294631
variance: 0.00011571583088134657
pearson: 0.05475621444762244
p-valu: 5.836486470609586e-64

AL interation 2855/4801.

mae: 0.012326926454142836
max_error: 0.09637054562748237
variance: 0.00011611888573204663
pearson: 0.05532410034340868
p-valu: 2.9487082376918585e-65

AL interation 2856/4801.

mae: 0.012327405227253167
max_error: 0.09638772535894025
variance: 0.0001161192803875086
pearson: 0.05591829991768342
p-valu: 1.2552047813957907e-66

AL interation 2857/4801.

mae: 0.012324216849561061
max_error: 0.09636351940824572
variance: 0.00011589092393098034
pearson: 0.056215290703453304
p-valu: 2.5607864221232716e-67

AL interation 2858/4801.

mae: 0.012328276981229902
max_error: 0.09646442635792885
variance: 0.00011591314938846958
pearson: 0.05621505625345576
p-valu: 2.5680878802706322e-67

AL interation 2859/4801.

mae: 0.012325591087759102
max_error: 0.09650485065711512
variance: 0.00011589367737110847
pearson: 0.056480253105248374
p-valu: 6.16843735232905e-68

AL interation 2860/4801.

mae: 0.01232622480463611
max_error: 0.09647670839948153
variance: 0.00011603213359039981
pearson: 0.05705991663241399
p-valu: 2.662352128953517e-69

AL interation 2861/4801.

mae: 0.012320651415965238
max_error: 0.09645109170495236
variance: 0.00011607697149673491
pearson: 0.056330654926290843
p-valu: 1.3859014230033937e-67

AL interation 2862/4801.

mae: 0.012318566212147495
max_error: 0.09630593935051768
variance: 0.00011601337405185236
pearson: 0.05632741997583554
p-valu: 1.4124935457505668e-67

AL interation 2863/4801.

mae: 0.012315663777452317
max_error: 0.09636663155291392
variance: 0.00011598388846101685
pearson: 0.056616101605789185
p-valu: 2.9797551801504263e-68

AL interation 2864/4801.

mae: 0.012315748674820855
max_error: 0.09636892306710654
variance: 0.00011598432839596123
pearson: 0.05678798955482385
p-valu: 1.1760845491421186e-68

AL interation 2865/4801.

mae: 0.012315382750325626
max_error: 0.09641692690391612
variance: 0.00011597103374032604
pearson: 0.05668134968916669
p-valu: 2.0999106208108915e-68

AL interation 2866/4801.

mae: 0.012319044166678634
max_error: 0.09690931979074269
variance: 0.00011600791458038437
pearson: 0.0572422530624781
p-valu: 9.93374687787832e-70

AL interation 2867/4801.

mae: 0.01231683259220591
max_error: 0.09700274166428646
variance: 0.0001159452715816117
pearson: 0.05726445758436302
p-valu: 8.812027254431375e-70

AL interation 2868/4801.

mae: 0.01231870909359493
max_error: 0.09703863485063668
variance: 0.0001159676624988207
pearson: 0.057205748492276116
p-valu: 1.2168108580968181e-69

AL interation 2869/4801.

mae: 0.012318867060029841
max_error: 0.09706627606672957
variance: 0.00011596587792361375
pearson: 0.057628700794903204
p-valu: 1.1974455435148873e-70

AL interation 2870/4801.

mae: 0.01231881764779696
max_error: 0.09706783149093501
variance: 0.00011596140165006151
pearson: 0.057220438893070505
p-valu: 1.1266167989074664e-69

AL interation 2871/4801.

mae: 0.012315179920161299
max_error: 0.09718663004335615
variance: 0.00011596805316733573
pearson: 0.05676221235354871
p-valu: 1.3680125790115537e-68

AL interation 2872/4801.

mae: 0.012315181964310126
max_error: 0.09713030658193422
variance: 0.00011602606193880687
pearson: 0.05769967628952616
p-valu: 8.139706244318377e-71

AL interation 2873/4801.

mae: 0.012315614735215133
max_error: 0.09746852691890528
variance: 0.00011614443691373363
pearson: 0.058030140730944035
p-valu: 1.3118901727506322e-71

AL interation 2874/4801.

mae: 0.012300882525169464
max_error: 0.0978043356779239
variance: 0.00011605854052777032
pearson: 0.05693419097742586
p-valu: 5.401867208063081e-69

AL interation 2875/4801.

mae: 0.012295425584331889
max_error: 0.09770947994323653
variance: 0.00011596757104160354
pearson: 0.05749798401022391
p-valu: 2.482039454028272e-70

AL interation 2876/4801.

mae: 0.012283943636832093
max_error: 0.09728679004482221
variance: 0.00011591740844886984
pearson: 0.05711925502068596
p-valu: 1.9773162848915013e-69

AL interation 2877/4801.

mae: 0.012280475678918237
max_error: 0.09744827021248459
variance: 0.00011590173961466959
pearson: 0.05753051901426051
p-valu: 2.0826314902613565e-70

AL interation 2878/4801.

mae: 0.012259368113569365
max_error: 0.09730996462420483
variance: 0.00011573192805266626
pearson: 0.05750656552155469
p-valu: 2.3795727547506366e-70

AL interation 2879/4801.

mae: 0.012259645137259436
max_error: 0.09733600660959785
variance: 0.00011570016442832147
pearson: 0.057031951266707195
p-valu: 3.1985483576613743e-69

AL interation 2880/4801.

mae: 0.01226091377385208
max_error: 0.09724586582049999
variance: 0.00011557188809285319
pearson: 0.057441780923893945
p-valu: 3.4074252217963104e-70

AL interation 2881/4801.

mae: 0.012250344832339399
max_error: 0.09747395168804762
variance: 0.00011552953340782893
pearson: 0.05746178076227182
p-valu: 3.058257919963911e-70

AL interation 2882/4801.

mae: 0.01224934891634755
max_error: 0.09761960033918915
variance: 0.00011550027377291105
pearson: 0.05677332993668556
p-valu: 1.3111101697097691e-68

AL interation 2883/4801.

mae: 0.012244014710949875
max_error: 0.0973518056048619
variance: 0.00011545844038557012
pearson: 0.05716382629673841
p-valu: 1.568173716448239e-69

AL interation 2884/4801.

mae: 0.012241796875297549
max_error: 0.09723519394109137
variance: 0.0001154524065504741
pearson: 0.056865850334012924
p-valu: 7.960597888244157e-69

AL interation 2885/4801.

mae: 0.012243298146203067
max_error: 0.09706569165158219
variance: 0.0001154319152425174
pearson: 0.056627675191733055
p-valu: 2.899884083364803e-68

AL interation 2886/4801.

mae: 0.012246668258222168
max_error: 0.09710499997280242
variance: 0.00011552351034773956
pearson: 0.0569710941068286
p-valu: 4.506476843411517e-69

AL interation 2887/4801.

mae: 0.012251657119865617
max_error: 0.09693332580175995
variance: 0.00011551466643830754
pearson: 0.05716819290200189
p-valu: 1.541311004907042e-69

AL interation 2888/4801.

mae: 0.012249107876902891
max_error: 0.09700093742074789
variance: 0.00011547838103921767
pearson: 0.056825486583029494
p-valu: 9.976036676883164e-69

AL interation 2889/4801.

mae: 0.012253261719728233
max_error: 0.09703422401620121
variance: 0.00011549736569804422
pearson: 0.05728989659325483
p-valu: 7.950043083120826e-70

AL interation 2890/4801.

mae: 0.012254351423339528
max_error: 0.09704735518224372
variance: 0.00011528330008703802
pearson: 0.05670121397795839
p-valu: 1.963401232902759e-68

AL interation 2891/4801.

mae: 0.012260966080811484
max_error: 0.09720155443963852
variance: 0.00011530993722279338
pearson: 0.05673595756983067
p-valu: 1.6291476802843765e-68

AL interation 2892/4801.

mae: 0.012260932095200261
max_error: 0.0970708435454839
variance: 0.0001152295838343095
pearson: 0.05664007195827198
p-valu: 2.7425432292342806e-68

AL interation 2893/4801.

mae: 0.01226166919956437
max_error: 0.09702301632799792
variance: 0.00011525859168592285
pearson: 0.05688477443115403
p-valu: 7.28863940620593e-69

AL interation 2894/4801.

mae: 0.012250613040538705
max_error: 0.09699909991744282
variance: 0.00011524035534933398
pearson: 0.05715137917272811
p-valu: 1.7090335154683763e-69

AL interation 2895/4801.

mae: 0.012243175394393171
max_error: 0.09699955670706406
variance: 0.00011524026269425476
pearson: 0.05732693056692469
p-valu: 6.555781637339464e-70

AL interation 2896/4801.

mae: 0.01224346284737023
max_error: 0.09686081954172043
variance: 0.00011523900238082609
pearson: 0.05758435792428827
p-valu: 1.5987697024038808e-70

AL interation 2897/4801.

mae: 0.012243487770109161
max_error: 0.09686113534442886
variance: 0.00011523950555002175
pearson: 0.05845852320007256
p-valu: 1.2603973841395983e-72

AL interation 2898/4801.

mae: 0.012243766963095046
max_error: 0.09688133154580503
variance: 0.0001152624026295375
pearson: 0.059079923880997934
p-valu: 3.8578764682302665e-74

AL interation 2899/4801.

mae: 0.012239321456654656
max_error: 0.09660822036611028
variance: 0.0001152752697320686
pearson: 0.0581546182877416
p-valu: 6.871310606607599e-72

AL interation 2900/4801.

mae: 0.012239576910519153
max_error: 0.09661222057437446
variance: 0.00011530970715129412
pearson: 0.05842606648269087
p-valu: 1.5185460840976476e-72

AL interation 2901/4801.

mae: 0.012238047424672103
max_error: 0.09666445012161096
variance: 0.00011530051877621893
pearson: 0.058769246670758266
p-valu: 2.2284818380255046e-73

AL interation 2902/4801.

mae: 0.012217110737894306
max_error: 0.09568869630450938
variance: 0.00011484907278352652
pearson: 0.057957400374841796
p-valu: 2.0615270161465373e-71

AL interation 2903/4801.

mae: 0.012198039265577627
max_error: 0.0951376836990534
variance: 0.00011408261491183736
pearson: 0.057318363656992874
p-valu: 6.961948367538258e-70

AL interation 2904/4801.

mae: 0.01219085098783999
max_error: 0.09528728951844134
variance: 0.00011399465792224826
pearson: 0.05743463183252258
p-valu: 3.687548349240038e-70

AL interation 2905/4801.

mae: 0.012191261041810182
max_error: 0.09552144273110064
variance: 0.00011386541521841738
pearson: 0.05830664740330575
p-valu: 2.980324464273723e-72

AL interation 2906/4801.

mae: 0.01217820617253568
max_error: 0.09588644635758503
variance: 0.0001138957496516057
pearson: 0.05758994089646331
p-valu: 1.5764693537848047e-70

AL interation 2907/4801.

mae: 0.012162661258468738
max_error: 0.09536451348552366
variance: 0.00011368813423360412
pearson: 0.05742574283735356
p-valu: 3.8910905669696434e-70

AL interation 2908/4801.

mae: 0.012171360818091384
max_error: 0.09526877504120823
variance: 0.00011367682104502194
pearson: 0.056614454888762045
p-valu: 3.2323761041281143e-68

AL interation 2909/4801.

mae: 0.012171614160019825
max_error: 0.09529137529424081
variance: 0.00011367949774046436
pearson: 0.05608234787699189
p-valu: 5.6733502783211224e-67

AL interation 2910/4801.

mae: 0.012173754015002793
max_error: 0.09510207120800662
variance: 0.00011367671898470459
pearson: 0.056167698965091696
p-valu: 3.596165256125502e-67

AL interation 2911/4801.

mae: 0.012176802200282368
max_error: 0.09464445358279083
variance: 0.00011356132467251262
pearson: 0.05555546404812153
p-valu: 9.441248801280991e-66

AL interation 2912/4801.

mae: 0.012171370950703767
max_error: 0.0946250850525161
variance: 0.00011351866336213502
pearson: 0.055144883132753036
p-valu: 8.284626321602835e-65

AL interation 2913/4801.

mae: 0.012177185631287394
max_error: 0.09452484414512985
variance: 0.00011350515019583434
pearson: 0.055220272693114365
p-valu: 5.576868026463194e-65

AL interation 2914/4801.

mae: 0.012176223642235126
max_error: 0.094462689245151
variance: 0.00011348089996548089
pearson: 0.05563464255223459
p-valu: 6.229886471626339e-66

AL interation 2915/4801.

mae: 0.012177833341192242
max_error: 0.09459621827025733
variance: 0.00011360607420309405
pearson: 0.05524538883691131
p-valu: 4.899887449212497e-65

AL interation 2916/4801.

mae: 0.012175965608008594
max_error: 0.09455678450447924
variance: 0.00011355612079971391
pearson: 0.056026607486955565
p-valu: 7.730882755522046e-67

AL interation 2917/4801.

mae: 0.012175995515425368
max_error: 0.09455592768884746
variance: 0.00011355686595127346
pearson: 0.056523369013606314
p-valu: 5.3643057783504094e-68

AL interation 2918/4801.

mae: 0.012157017222428575
max_error: 0.0944926663981136
variance: 0.00011350940794587245
pearson: 0.05651544822717518
p-valu: 5.607602499480752e-68

AL interation 2919/4801.

mae: 0.012154937326269967
max_error: 0.09424988092203823
variance: 0.00011343001528149836
pearson: 0.05665600925010959
p-valu: 2.6279192348876987e-68

AL interation 2920/4801.

mae: 0.012157525462142557
max_error: 0.09440254484323707
variance: 0.00011355548429052952
pearson: 0.056303364996730845
p-valu: 1.7632844904572666e-67

AL interation 2921/4801.

mae: 0.012164394344519937
max_error: 0.09430652680819951
variance: 0.00011352895077210548
pearson: 0.05533812043615306
p-valu: 3.0307015035389827e-65

AL interation 2922/4801.

mae: 0.012164329116121654
max_error: 0.09428866706255978
variance: 0.00011353271143301892
pearson: 0.05526543576885893
p-valu: 4.4556409083128975e-65

AL interation 2923/4801.

mae: 0.01216443544541464
max_error: 0.09410931019218371
variance: 0.00011333157324001709
pearson: 0.054947494884919366
p-valu: 2.3778120680090868e-64

AL interation 2924/4801.

mae: 0.01214815233147443
max_error: 0.09373062825241907
variance: 0.00011316953193549108
pearson: 0.05351351889453106
p-valu: 3.9982860753750474e-61

AL interation 2925/4801.

mae: 0.012147662372443944
max_error: 0.0939157780074169
variance: 0.00011315007274928643
pearson: 0.05435922996805193
p-valu: 5.138116964388873e-63

AL interation 2926/4801.

mae: 0.012149810800074455
max_error: 0.09379082682883966
variance: 0.00011307146559481085
pearson: 0.05452510040617847
p-valu: 2.1724863515623927e-63

AL interation 2927/4801.

mae: 0.012153738063423397
max_error: 0.09396936740043604
variance: 0.000113307351854372
pearson: 0.0546316102766627
p-valu: 1.248924526339902e-63

AL interation 2928/4801.

mae: 0.012153305407463906
max_error: 0.09391917427322771
variance: 0.0001133790672142372
pearson: 0.05431029102689434
p-valu: 6.65288176053235e-63

AL interation 2929/4801.

mae: 0.012154663538968425
max_error: 0.09392131641314738
variance: 0.00011340526136452868
pearson: 0.05471789840105882
p-valu: 7.983580208158337e-64

AL interation 2930/4801.

mae: 0.01214992895247223
max_error: 0.09383733129110117
variance: 0.00011348984006070433
pearson: 0.054365031142585736
p-valu: 5.022854849362258e-63

AL interation 2931/4801.

mae: 0.012142904265803793
max_error: 0.09370543196203873
variance: 0.00011345224297416303
pearson: 0.05461462833048471
p-valu: 1.372801101583267e-63

AL interation 2932/4801.

mae: 0.01213977136152514
max_error: 0.09369294170827236
variance: 0.00011333449009657142
pearson: 0.0547442427042736
p-valu: 6.988240253272943e-64

AL interation 2933/4801.

mae: 0.012141810533577832
max_error: 0.09382078787010362
variance: 0.00011318472354405889
pearson: 0.05589766792901717
p-valu: 1.5815574521351834e-66

AL interation 2934/4801.

mae: 0.012142765237108376
max_error: 0.09389961400578106
variance: 0.00011315552267024908
pearson: 0.05668144035769064
p-valu: 2.3461706468068117e-68

AL interation 2935/4801.

mae: 0.012145410553991744
max_error: 0.09398116568175685
variance: 0.0001132096473385085
pearson: 0.05674267163947408
p-valu: 1.6868221649145172e-68

AL interation 2936/4801.

mae: 0.012145359785181446
max_error: 0.09398088549213246
variance: 0.0001132095294749025
pearson: 0.05724290653318459
p-valu: 1.1107324141879909e-69

AL interation 2937/4801.

mae: 0.012155130367320896
max_error: 0.09412435547213538
variance: 0.00011327992325052708
pearson: 0.05690684080734811
p-valu: 6.944731926224841e-69

AL interation 2938/4801.

mae: 0.01213662767188533
max_error: 0.09329351248246387
variance: 0.00011237828938138848
pearson: 0.056099273771024534
p-valu: 5.424721081456231e-67

AL interation 2939/4801.

mae: 0.012118908363060794
max_error: 0.09306825346201042
variance: 0.00011214573112905341
pearson: 0.05638291297822133
p-valu: 1.1847457645611006e-67

AL interation 2940/4801.

mae: 0.012123816421818086
max_error: 0.09308539328575027
variance: 0.0001121136126434147
pearson: 0.05546363263962804
p-valu: 1.606656682986408e-65

AL interation 2941/4801.

mae: 0.01214350307673564
max_error: 0.09299719810067875
variance: 0.00011255409644288941
pearson: 0.05515810369104317
p-valu: 8.077657394845176e-65

AL interation 2942/4801.

mae: 0.01214976576082372
max_error: 0.09336342356508287
variance: 0.00011254267015024019
pearson: 0.054258687986926166
p-valu: 8.875061429298242e-63

AL interation 2943/4801.

mae: 0.012143083440653216
max_error: 0.09349444855505173
variance: 0.00011273217603142673
pearson: 0.05437897422765379
p-valu: 4.763236421157502e-63

AL interation 2944/4801.

mae: 0.012141137840573272
max_error: 0.09351902811457369
variance: 0.0001128461184806446
pearson: 0.05371952912243799
p-valu: 1.4334705493898899e-61

AL interation 2945/4801.

mae: 0.012141121504791744
max_error: 0.09365824478848883
variance: 0.00011287502667274441
pearson: 0.053853151080533096
p-valu: 7.228108700005682e-62

AL interation 2946/4801.

mae: 0.01214949446509995
max_error: 0.09339568750877736
variance: 0.00011287377058938119
pearson: 0.053321743068168316
p-valu: 1.097428996502516e-60

AL interation 2947/4801.

mae: 0.012149072891451467
max_error: 0.09341799658321581
variance: 0.00011284625220141547
pearson: 0.05406083138063886
p-valu: 2.487020570645764e-62

AL interation 2948/4801.

mae: 0.012152031178384388
max_error: 0.09352841353987462
variance: 0.00011290251922492389
pearson: 0.052864606935214956
p-valu: 1.1167064427481608e-59

AL interation 2949/4801.

mae: 0.012149940644920339
max_error: 0.09341501232168814
variance: 0.00011261352615316928
pearson: 0.052435341521016296
p-valu: 9.674600742298361e-59

AL interation 2950/4801.

mae: 0.012146371824580856
max_error: 0.09298590279312013
variance: 0.0001123234885478127
pearson: 0.05175811459242747
p-valu: 2.8125313632902093e-57

AL interation 2951/4801.

mae: 0.012144613703478068
max_error: 0.09302877337384818
variance: 0.00011228104578276726
pearson: 0.051717775166356984
p-valu: 3.4373112409638884e-57

AL interation 2952/4801.

mae: 0.012142685450971129
max_error: 0.0930482701676596
variance: 0.00011234197681946923
pearson: 0.05140908409793174
p-valu: 1.5731712713482978e-56

AL interation 2953/4801.

mae: 0.012143502641275129
max_error: 0.09297412199206012
variance: 0.00011235812935991094
pearson: 0.05200130188277305
p-valu: 8.46735322619091e-58

AL interation 2954/4801.

mae: 0.0121425620475096
max_error: 0.0930129613425692
variance: 0.00011237528407584239
pearson: 0.05187499321487935
p-valu: 1.5861147460799534e-57

AL interation 2955/4801.

mae: 0.012144715499983427
max_error: 0.09312065436054984
variance: 0.00011234569262926711
pearson: 0.05173333059289935
p-valu: 3.2003240019474634e-57

AL interation 2956/4801.

mae: 0.01215203606223259
max_error: 0.09292876396992544
variance: 0.00011244797706668426
pearson: 0.05125360084110718
p-valu: 3.3884134433963514e-56

AL interation 2957/4801.

mae: 0.012152156360259717
max_error: 0.09293110002252836
variance: 0.0001124507349882145
pearson: 0.051114774837148894
p-valu: 6.686259578078198e-56

AL interation 2958/4801.

mae: 0.012152414643466962
max_error: 0.09293149849671356
variance: 0.00011246228362483744
pearson: 0.050791462546949585
p-valu: 3.2268833486737627e-55

AL interation 2959/4801.

mae: 0.012152862347382224
max_error: 0.09303470318562579
variance: 0.00011228231683065671
pearson: 0.050901704014824814
p-valu: 1.892074916611662e-55

AL interation 2960/4801.

mae: 0.012109426256848915
max_error: 0.09254335399376434
variance: 0.0001111546747677613
pearson: 0.05015998290716742
p-valu: 6.783951282359954e-54

AL interation 2961/4801.

mae: 0.012105988220145207
max_error: 0.0925883974526045
variance: 0.0001111521776943959
pearson: 0.05027913971910889
p-valu: 3.836388838863424e-54

AL interation 2962/4801.

mae: 0.012113489960354983
max_error: 0.09248519065025396
variance: 0.00011135938551722245
pearson: 0.05022094692592237
p-valu: 5.078274156473098e-54

AL interation 2963/4801.

mae: 0.012111214888924653
max_error: 0.09249586858644254
variance: 0.00011139715342766623
pearson: 0.05105513339918573
p-valu: 9.014100434450857e-56

AL interation 2964/4801.

mae: 0.012106796310305186
max_error: 0.09257738250224468
variance: 0.00011138135969254419
pearson: 0.0504873659954442
p-valu: 1.4145312198601126e-54

AL interation 2965/4801.

mae: 0.012104899397399664
max_error: 0.092657392276837
variance: 0.00011147443157020405
pearson: 0.05094571255114849
p-valu: 1.5396428388477484e-55

AL interation 2966/4801.

mae: 0.012110191193494288
max_error: 0.09266355156481443
variance: 0.00011145172384901628
pearson: 0.05159036138668912
p-valu: 6.573876996076005e-57

AL interation 2967/4801.

mae: 0.01211017968235225
max_error: 0.09265705801638835
variance: 0.00011144539412895183
pearson: 0.05139942892552965
p-valu: 1.682695879167964e-56

AL interation 2968/4801.

mae: 0.012107891462618441
max_error: 0.09263019373182435
variance: 0.00011148436622345699
pearson: 0.05183216763335814
p-valu: 1.9980978620358737e-57

AL interation 2969/4801.

mae: 0.012107444917389392
max_error: 0.0925819048164016
variance: 0.00011144173502175575
pearson: 0.05201746615553339
p-valu: 7.986217632864852e-58

AL interation 2970/4801.

mae: 0.012107115415831414
max_error: 0.09257463157317436
variance: 0.00011144188988346008
pearson: 0.052849806681278914
p-valu: 1.2410439230032093e-59

AL interation 2971/4801.

mae: 0.012105836789967182
max_error: 0.09256676164798994
variance: 0.00011144728671351956
pearson: 0.05302879890593719
p-valu: 5.030431859489676e-60

AL interation 2972/4801.

mae: 0.012101177651991566
max_error: 0.09097775559601762
variance: 0.00011114597286397655
pearson: 0.05316084001427092
p-valu: 2.5799616265076636e-60

AL interation 2973/4801.

mae: 0.012094078230394661
max_error: 0.0911218669441809
variance: 0.00011103092341183696
pearson: 0.05310160236587741
p-valu: 3.488931967126951e-60

AL interation 2974/4801.

mae: 0.012099481570110012
max_error: 0.09120019566333615
variance: 0.00011093715225616532
pearson: 0.05288713445541229
p-valu: 1.0337685688173446e-59

AL interation 2975/4801.

mae: 0.012098409211900082
max_error: 0.09112592586373869
variance: 0.00011097782296870222
pearson: 0.05274893341955314
p-valu: 2.077803426572939e-59

AL interation 2976/4801.

mae: 0.012097563094365878
max_error: 0.09108910583248364
variance: 0.00011088568772027723
pearson: 0.05256274394000731
p-valu: 5.303862687673132e-59

AL interation 2977/4801.

mae: 0.012096019607136022
max_error: 0.0910969702829647
variance: 0.00011088329290429282
pearson: 0.05272455717979606
p-valu: 2.355614089892924e-59

AL interation 2978/4801.

mae: 0.012108369379794013
max_error: 0.0913435198208703
variance: 0.00011126934310912204
pearson: 0.052155057796505706
p-valu: 4.079386923887589e-58

AL interation 2979/4801.

mae: 0.012108413965592164
max_error: 0.091343991101698
variance: 0.00011126914532741131
pearson: 0.05208899915932003
p-valu: 5.674220590349503e-58

AL interation 2980/4801.

mae: 0.012109166349442473
max_error: 0.09127405784286968
variance: 0.00011126400813568127
pearson: 0.0518250971404053
p-valu: 2.10302118865538e-57

AL interation 2981/4801.

mae: 0.012103612168320154
max_error: 0.09097606024059535
variance: 0.0001112676798624395
pearson: 0.05202081053255698
p-valu: 7.983947266858659e-58

AL interation 2982/4801.

mae: 0.012114087820356133
max_error: 0.08985629245015336
variance: 0.0001110453250257395
pearson: 0.05202468897451053
p-valu: 7.84233346081648e-58

AL interation 2983/4801.

mae: 0.01211170764054945
max_error: 0.09010484169064914
variance: 0.00011103793596125194
pearson: 0.05167361287797467
p-valu: 4.4620143438240283e-57

AL interation 2984/4801.

mae: 0.012112941027357554
max_error: 0.09023447442112631
variance: 0.0001109410884072972
pearson: 0.05171624004535782
p-valu: 3.6205699066872135e-57

AL interation 2985/4801.

mae: 0.012112993753104793
max_error: 0.0902106828096152
variance: 0.00011093061383189891
pearson: 0.051986536838810354
p-valu: 9.516018294463713e-58

AL interation 2986/4801.

mae: 0.012114153420705102
max_error: 0.09021711275935052
variance: 0.00011095222150411101
pearson: 0.05230921090526313
p-valu: 1.912601855594476e-58

AL interation 2987/4801.

mae: 0.012115723380665976
max_error: 0.0901871932658509
variance: 0.00011095125826945213
pearson: 0.052754160429115064
p-valu: 2.0580897835319235e-59

AL interation 2988/4801.

mae: 0.01211603532289475
max_error: 0.09018952101795041
variance: 0.00011096273460629992
pearson: 0.05300208063309288
p-valu: 5.898548429978738e-60

AL interation 2989/4801.

mae: 0.012115248197542094
max_error: 0.09009628006768655
variance: 0.00011095520837360107
pearson: 0.05325972959211032
p-valu: 1.5996394586640535e-60

AL interation 2990/4801.

mae: 0.012110117737702158
max_error: 0.09014180061629706
variance: 0.00011088576257039509
pearson: 0.053318331383559674
p-valu: 1.1891032753858846e-60

AL interation 2991/4801.

mae: 0.012109344914573114
max_error: 0.0903051825955885
variance: 0.00011081290290712657
pearson: 0.052704558516858534
p-valu: 2.6563780054557234e-59

AL interation 2992/4801.

mae: 0.012094423171065306
max_error: 0.08990503107068837
variance: 0.0001104175368517983
pearson: 0.05202777866690183
p-valu: 7.828728097138667e-58

AL interation 2993/4801.

mae: 0.01209553001555564
max_error: 0.08989894386221242
variance: 0.00011043509208166684
pearson: 0.052225590481875056
p-valu: 2.9304935060686737e-58

AL interation 2994/4801.

mae: 0.012092393689336935
max_error: 0.08984084442161877
variance: 0.00011022599570299635
pearson: 0.05238407650522919
p-valu: 1.3304175311340793e-58

AL interation 2995/4801.

mae: 0.012092677002198434
max_error: 0.08982315747224168
variance: 0.00011023454942322798
pearson: 0.05249278340339374
p-valu: 7.732967585276676e-59

AL interation 2996/4801.

mae: 0.012091150736042501
max_error: 0.09000786309687503
variance: 0.00011025028491666736
pearson: 0.05287073984333872
p-valu: 1.1581936604427462e-59

AL interation 2997/4801.

mae: 0.0120905956080076
max_error: 0.08987931437994523
variance: 0.00011042507685565352
pearson: 0.052204921562686496
p-valu: 3.266238965297496e-58

AL interation 2998/4801.

mae: 0.012079569830018034
max_error: 0.08977585090841278
variance: 0.00011014004572518242
pearson: 0.05255240094361741
p-valu: 5.759527542933065e-59

AL interation 2999/4801.

mae: 0.01208693671956284
max_error: 0.0895671849914692
variance: 0.00011018375023140348
pearson: 0.0521502548540945
p-valu: 4.299759582354393e-58

AL interation 3000/4801.

mae: 0.012082531926255226
max_error: 0.08948700638146367
variance: 0.00011027202866376243
pearson: 0.049979289697865935
p-valu: 1.6920873926442829e-53

AL interation 3001/4801.

mae: 0.01208257925170835
max_error: 0.08948857772591912
variance: 0.00011026945287881476
pearson: 0.05133780950456501
p-valu: 2.381170687625033e-56

AL interation 3002/4801.

mae: 0.012081302177388112
max_error: 0.08960837718840087
variance: 0.00011028822885873257
pearson: 0.05213203601354075
p-valu: 4.727061033793299e-58

AL interation 3003/4801.

mae: 0.012094047007154805
max_error: 0.08948036714062657
variance: 0.00011037325926446665
pearson: 0.05214614510407737
p-valu: 4.412654585270263e-58

AL interation 3004/4801.

mae: 0.012095162707503859
max_error: 0.08947810634370801
variance: 0.0001103798947505904
pearson: 0.052658725429709376
p-valu: 3.4058643837447527e-59

AL interation 3005/4801.

mae: 0.012090857530477542
max_error: 0.08952390759876327
variance: 0.00011035434674022202
pearson: 0.053073840990243946
p-valu: 4.20200644170955e-60

AL interation 3006/4801.

mae: 0.012089358176879839
max_error: 0.08958805262162461
variance: 0.00011052728317016724
pearson: 0.053376069835372665
p-valu: 9.068064620088665e-61

AL interation 3007/4801.

mae: 0.012092253603477845
max_error: 0.08969300288052584
variance: 0.00011039080623702607
pearson: 0.0532861179055262
p-valu: 1.4352106820843957e-60

AL interation 3008/4801.

mae: 0.012080490824794447
max_error: 0.09001938833879142
variance: 0.00011034074567735805
pearson: 0.05389303302423763
p-valu: 6.454676514560271e-62

AL interation 3009/4801.

mae: 0.012084049170628627
max_error: 0.08992863036636156
variance: 0.00011042535008973475
pearson: 0.05340303571161987
p-valu: 7.938269566515114e-61

AL interation 3010/4801.

mae: 0.012083057640069634
max_error: 0.08999108324613592
variance: 0.00011043047139980351
pearson: 0.05409417916058302
p-valu: 2.2968994932351126e-62

AL interation 3011/4801.

mae: 0.012083668031622615
max_error: 0.09010378772589722
variance: 0.00011048796522949136
pearson: 0.05456878713351993
p-valu: 1.965040395243798e-63

AL interation 3012/4801.

mae: 0.012085998349962926
max_error: 0.0900433240556453
variance: 0.00011045175032704468
pearson: 0.05481764696844029
p-valu: 5.371342173453844e-64

AL interation 3013/4801.

mae: 0.01208643515119836
max_error: 0.0901213226127624
variance: 0.00011052311214257608
pearson: 0.05501867028295405
p-valu: 1.8764406460659244e-64

AL interation 3014/4801.

mae: 0.012079160167218288
max_error: 0.0904454190715882
variance: 0.00011038922785159737
pearson: 0.05415204047584406
p-valu: 1.7137426600771017e-62

AL interation 3015/4801.

mae: 0.012078983344869652
max_error: 0.0904500870372289
variance: 0.00011038953765627827
pearson: 0.05388185105783022
p-valu: 6.906807276659122e-62

AL interation 3016/4801.

mae: 0.012088220796841843
max_error: 0.09027586312757596
variance: 0.00011041242234983917
pearson: 0.05332753051706898
p-valu: 1.1776824395963828e-60

AL interation 3017/4801.

mae: 0.012084900579217179
max_error: 0.0902553143135123
variance: 0.00011025350741281057
pearson: 0.05322427367662224
p-valu: 1.9932882298205e-60

AL interation 3018/4801.

mae: 0.012100836347939244
max_error: 0.0901933585621777
variance: 0.00011070502103347503
pearson: 0.05374010342717908
p-valu: 1.4361357299984417e-61

AL interation 3019/4801.

mae: 0.01209515596448974
max_error: 0.09028242947104848
variance: 0.00011089528016398362
pearson: 0.053607381562404986
p-valu: 2.8376838699450165e-61

AL interation 3020/4801.

mae: 0.012096036125893496
max_error: 0.09023146006282734
variance: 0.00011077204628739646
pearson: 0.05366417034911812
p-valu: 2.1251938055345765e-61

AL interation 3021/4801.

mae: 0.012098040182065704
max_error: 0.09024735599112721
variance: 0.00011078142793984154
pearson: 0.05378175595861376
p-valu: 1.1649677914123908e-61

AL interation 3022/4801.

mae: 0.012095990332977
max_error: 0.09026552551248135
variance: 0.00011077304537436796
pearson: 0.05368959829612531
p-valu: 1.871151984775085e-61

AL interation 3023/4801.

mae: 0.012088605387600608
max_error: 0.08993379590882289
variance: 0.00011077419383488874
pearson: 0.05335887401815659
p-valu: 1.0141562107141819e-60

AL interation 3024/4801.

mae: 0.012077578606237701
max_error: 0.09038023356177693
variance: 0.00011083609176128567
pearson: 0.052476755517097746
p-valu: 8.722478171052212e-59

AL interation 3025/4801.

mae: 0.012080297084366575
max_error: 0.09033676654033518
variance: 0.00011089429982573368
pearson: 0.053054654712721014
p-valu: 4.7635596240285066e-60

AL interation 3026/4801.

mae: 0.012076515608921028
max_error: 0.09027468885441015
variance: 0.00011084011731341577
pearson: 0.052934954922071425
p-valu: 8.736661025152398e-60

AL interation 3027/4801.

mae: 0.012065860735138215
max_error: 0.09057359603255866
variance: 0.00011084341613645575
pearson: 0.05317908155464532
p-valu: 2.543064464879603e-60

AL interation 3028/4801.

mae: 0.01206592864869909
max_error: 0.09056884624741035
variance: 0.0001108446726147998
pearson: 0.053711787918942086
p-valu: 1.6846895739346083e-61

AL interation 3029/4801.

mae: 0.012069924409537944
max_error: 0.0905293949156516
variance: 0.00011083056917438973
pearson: 0.05334027173255311
p-valu: 1.1244653635100188e-60

AL interation 3030/4801.

mae: 0.012068628400251257
max_error: 0.09052821680760137
variance: 0.00011081182966867089
pearson: 0.05346649480607692
p-valu: 5.920037769918084e-61

AL interation 3031/4801.

mae: 0.012068121311176619
max_error: 0.09055124569002548
variance: 0.00011081252735877696
pearson: 0.05321443988388756
p-valu: 2.13750081785959e-60

AL interation 3032/4801.

mae: 0.012068242016004309
max_error: 0.09055409155351701
variance: 0.00011081244536257108
pearson: 0.053092845414226916
p-valu: 3.965203643694016e-60

AL interation 3033/4801.

mae: 0.012068933944291406
max_error: 0.09056901094462266
variance: 0.00011079483029718617
pearson: 0.05242506701363532
p-valu: 1.1438270731194245e-58

AL interation 3034/4801.

mae: 0.012086176711141601
max_error: 0.09053249017214005
variance: 0.00011086244164393374
pearson: 0.05150973273623019
p-valu: 1.070330953369618e-56

AL interation 3035/4801.

mae: 0.012095223185291274
max_error: 0.09125468868186037
variance: 0.00011098249112555432
pearson: 0.05140546218127982
p-valu: 1.7880291202872213e-56

AL interation 3036/4801.

mae: 0.01208637303833126
max_error: 0.08975361451783503
variance: 0.00011078402477739687
pearson: 0.050975026635889646
p-valu: 1.4647443268277524e-55

AL interation 3037/4801.

mae: 0.012086587413472861
max_error: 0.08976524722882862
variance: 0.00011078594061325702
pearson: 0.05117515486507149
p-valu: 5.531977635565437e-56

AL interation 3038/4801.

mae: 0.012087289575982386
max_error: 0.08973398129208765
variance: 0.0001107721577413361
pearson: 0.05174258788217411
p-valu: 3.4185564302381235e-57

AL interation 3039/4801.

mae: 0.012089337374334232
max_error: 0.08997331406070264
variance: 0.00011074974018592245
pearson: 0.05152087273250969
p-valu: 1.020095698565929e-56

AL interation 3040/4801.

mae: 0.01208471971692633
max_error: 0.09007350508844358
variance: 0.00011060638256664456
pearson: 0.05097387122745237
p-valu: 1.4807122712385204e-55

AL interation 3041/4801.

mae: 0.01208124128437508
max_error: 0.08999142102564694
variance: 0.00011044864081334393
pearson: 0.05054171137336645
p-valu: 1.2015342828421495e-54

AL interation 3042/4801.

mae: 0.01208197884005504
max_error: 0.09007006666596173
variance: 0.00011044810383014316
pearson: 0.04992125338171406
p-valu: 2.3519272878211256e-53

AL interation 3043/4801.

mae: 0.012081489124592623
max_error: 0.09009561700466695
variance: 0.00011050431922938392
pearson: 0.05045429833474877
p-valu: 1.835321784174293e-54

AL interation 3044/4801.

mae: 0.012086816334690489
max_error: 0.09002014618343712
variance: 0.00011044164827995062
pearson: 0.05064542425087289
p-valu: 7.31212400359782e-55

AL interation 3045/4801.

mae: 0.012087830592164868
max_error: 0.09006904524202075
variance: 0.00011036002930288973
pearson: 0.05085446156507
p-valu: 2.6616385724944052e-55

AL interation 3046/4801.

mae: 0.012087355885873993
max_error: 0.09008784611913545
variance: 0.00011041532501312223
pearson: 0.05047784460985058
p-valu: 1.6449597445680514e-54

AL interation 3047/4801.

mae: 0.012088397708143519
max_error: 0.09009380482101226
variance: 0.00011041798301457443
pearson: 0.050322507384014545
p-valu: 3.475542901632742e-54

AL interation 3048/4801.

mae: 0.012079917743728009
max_error: 0.08995949981207052
variance: 0.00011017803771764958
pearson: 0.04991168306884748
p-valu: 2.4801500195607533e-53

AL interation 3049/4801.

mae: 0.012062189406966909
max_error: 0.09025442529199101
variance: 0.0001101153155034727
pearson: 0.049770611757399906
p-valu: 4.856083937169523e-53

AL interation 3050/4801.

mae: 0.012061712830735346
max_error: 0.0902029563147011
variance: 0.00011023367013517881
pearson: 0.04993299855259422
p-valu: 2.246391913208102e-53

AL interation 3051/4801.

mae: 0.012061847851667026
max_error: 0.09020521242317447
variance: 0.0001102348919750703
pearson: 0.04969304394665737
p-valu: 7.03340447867293e-53

AL interation 3052/4801.

mae: 0.012066410449274034
max_error: 0.09015640417081561
variance: 0.00011026401233483307
pearson: 0.04951422009203993
p-valu: 1.6411572718476835e-52

AL interation 3053/4801.

mae: 0.012066080679908026
max_error: 0.08996342311846495
variance: 0.00011020705474743697
pearson: 0.049461850032187525
p-valu: 2.1039913029231003e-52

AL interation 3054/4801.

mae: 0.012064829600209409
max_error: 0.09017984718846894
variance: 0.00011025623636514013
pearson: 0.049419437721840334
p-valu: 2.572997234176651e-52

AL interation 3055/4801.

mae: 0.012064519075367802
max_error: 0.09017474747750787
variance: 0.00011024550266511629
pearson: 0.05037938261087835
p-valu: 2.6719467348491297e-54

AL interation 3056/4801.

mae: 0.012065983119479644
max_error: 0.0903585659396271
variance: 0.00011022119042108865
pearson: 0.050380684550753015
p-valu: 2.6586739118765175e-54

AL interation 3057/4801.

mae: 0.012056797648062115
max_error: 0.09023915236074065
variance: 0.00011026003658135896
pearson: 0.05063354928329982
p-valu: 7.874631131411954e-55

AL interation 3058/4801.

mae: 0.012063552534472614
max_error: 0.09028161757968012
variance: 0.00011047247340214491
pearson: 0.05030288761090436
p-valu: 3.8724914903158373e-54

AL interation 3059/4801.

mae: 0.01206648824688579
max_error: 0.09018917727897535
variance: 0.0001105814768817549
pearson: 0.05146496309827945
p-valu: 1.378687199796e-56

AL interation 3060/4801.

mae: 0.012067100111798127
max_error: 0.09008098634948003
variance: 0.00011054113084623887
pearson: 0.051126441939290126
p-valu: 7.231495107202165e-56

AL interation 3061/4801.

mae: 0.012066795303468936
max_error: 0.09012791003468412
variance: 0.00011056715163824749
pearson: 0.05120139902512141
p-valu: 5.022997915213103e-56

AL interation 3062/4801.

mae: 0.012066673308763072
max_error: 0.09012823815263293
variance: 0.00011056919325591656
pearson: 0.0513063237629387
p-valu: 3.0116879955368735e-56

AL interation 3063/4801.

mae: 0.012070756935116852
max_error: 0.09011719316075362
variance: 0.00011080497082544757
pearson: 0.0508586480049755
p-valu: 2.6698922470274464e-55

AL interation 3064/4801.

mae: 0.012071531875652701
max_error: 0.09007093350172402
variance: 0.00011082292992849734
pearson: 0.051212920209795475
p-valu: 4.76701391701499e-56

AL interation 3065/4801.

mae: 0.012071526960267313
max_error: 0.09008509322464708
variance: 0.00011080554609860924
pearson: 0.05015747161269839
p-valu: 7.841102116106437e-54

AL interation 3066/4801.

mae: 0.012077480686491662
max_error: 0.0899440909964
variance: 0.00011087186186822784
pearson: 0.04959587838164733
p-valu: 1.135121022066444e-52

AL interation 3067/4801.

mae: 0.012066917845809108
max_error: 0.09013928217453615
variance: 0.00011049099648357353
pearson: 0.04866842322081059
p-valu: 8.769173637528855e-51

AL interation 3068/4801.

mae: 0.012067081741051276
max_error: 0.09015313720127272
variance: 0.00011049746144434253
pearson: 0.04900518340310512
p-valu: 1.8292677903857134e-51

AL interation 3069/4801.

mae: 0.012069457716741257
max_error: 0.09007029539887701
variance: 0.00011054063038644295
pearson: 0.049843027183931236
p-valu: 3.5295858023503626e-53

AL interation 3070/4801.

mae: 0.012080207131419886
max_error: 0.09022259623705797
variance: 0.00011069562025902872
pearson: 0.049818012940029494
p-valu: 3.9800607091811164e-53

AL interation 3071/4801.

mae: 0.012079290950908322
max_error: 0.09024246239303868
variance: 0.0001107582612676363
pearson: 0.050911967362032996
p-valu: 2.0828195176286037e-55

AL interation 3072/4801.

mae: 0.012069193676666177
max_error: 0.0898779150122977
variance: 0.00011048555799217011
pearson: 0.05052310224909287
p-valu: 1.3676263867225158e-54

AL interation 3073/4801.

mae: 0.012069117139030739
max_error: 0.0898722995591783
variance: 0.00011048329660796077
pearson: 0.051110930968097296
p-valu: 7.933798005500473e-56

AL interation 3074/4801.

mae: 0.012069920203771435
max_error: 0.0899085715657606
variance: 0.00011056561883144123
pearson: 0.05101083821498706
p-valu: 1.2932880088152498e-55

AL interation 3075/4801.

mae: 0.0120684267473097
max_error: 0.08992138887268486
variance: 0.0001105630844257745
pearson: 0.05121092424863748
p-valu: 4.884018163950515e-56

AL interation 3076/4801.

mae: 0.012064948048626088
max_error: 0.08992246590449615
variance: 0.00011047795515986387
pearson: 0.05118723286770036
p-valu: 5.4900818176976105e-56

AL interation 3077/4801.

mae: 0.01206111717313543
max_error: 0.08967978153558254
variance: 0.00011029113267684654
pearson: 0.04998239511374811
p-valu: 1.8364901734767899e-53

AL interation 3078/4801.

mae: 0.01205719430945992
max_error: 0.08966878906156528
variance: 0.00011021836291708612
pearson: 0.05074273947689293
p-valu: 4.77302944017181e-55

AL interation 3079/4801.

mae: 0.012054883861892613
max_error: 0.08962650141009765
variance: 0.00011019758634373834
pearson: 0.05078880983488526
p-valu: 3.8239134144337956e-55

AL interation 3080/4801.

mae: 0.01203154398628382
max_error: 0.08895216767431013
variance: 0.0001098224429005189
pearson: 0.050135014220125326
p-valu: 8.897141917456283e-54

AL interation 3081/4801.

mae: 0.012043741541529332
max_error: 0.0888966232890056
variance: 0.00010980523291431998
pearson: 0.05014547885378849
p-valu: 8.473668038135173e-54

AL interation 3082/4801.

mae: 0.012042789863797868
max_error: 0.08895169547421067
variance: 0.00010980210628693927
pearson: 0.050480627724973845
p-valu: 1.6996661571642696e-54

AL interation 3083/4801.

mae: 0.012034383232818751
max_error: 0.08896200849929703
variance: 0.00010963596107930413
pearson: 0.0508059618699633
p-valu: 3.5373907676335266e-55

AL interation 3084/4801.

mae: 0.012032440863235995
max_error: 0.08895192434900712
variance: 0.00010949560877606177
pearson: 0.05038676060187869
p-valu: 2.6761137059539043e-54

AL interation 3085/4801.

mae: 0.012030676151856167
max_error: 0.08890114181193387
variance: 0.00010953324413497387
pearson: 0.05063458178885045
p-valu: 8.123386120145083e-55

AL interation 3086/4801.

mae: 0.012026921094983689
max_error: 0.08890813412270693
variance: 0.00010950037638764213
pearson: 0.05092263973541307
p-valu: 2.0166898985152838e-55

AL interation 3087/4801.

mae: 0.012028557319116517
max_error: 0.08889440216288169
variance: 0.00010948919201417409
pearson: 0.049708748772807496
p-valu: 6.827379607988711e-53

AL interation 3088/4801.

mae: 0.01202708686358986
max_error: 0.08890826209634217
variance: 0.0001095119035969921
pearson: 0.049665003059672155
p-valu: 8.41003994441544e-53

AL interation 3089/4801.

mae: 0.01202691624010583
max_error: 0.08890850999140132
variance: 0.00010951118269928637
pearson: 0.049955326490208514
p-valu: 2.120999451896409e-53

AL interation 3090/4801.

mae: 0.012028774975269798
max_error: 0.0888522487332779
variance: 0.00010951253266104428
pearson: 0.049883426902255314
p-valu: 2.990210645682744e-53

AL interation 3091/4801.

mae: 0.012023963302660857
max_error: 0.08873761458861229
variance: 0.00010951445946885757
pearson: 0.04988782942178962
p-valu: 2.931914451147349e-53

AL interation 3092/4801.

mae: 0.012029624638545943
max_error: 0.08853572590740844
variance: 0.00010959705735388857
pearson: 0.04988432464386664
p-valu: 2.9849295155054605e-53

AL interation 3093/4801.

mae: 0.012030323122577147
max_error: 0.08851902064296557
variance: 0.00010958092112869962
pearson: 0.050402818759086164
p-valu: 2.5060330344822196e-54

AL interation 3094/4801.

mae: 0.012028472944281974
max_error: 0.08867148854213558
variance: 0.00010953629788668681
pearson: 0.05032038928620262
p-valu: 3.727523378060271e-54

AL interation 3095/4801.

mae: 0.012029318019483926
max_error: 0.0886769463120658
variance: 0.00010948647305631657
pearson: 0.050391217116438715
p-valu: 2.6564648582703354e-54

AL interation 3096/4801.

mae: 0.012029752463677466
max_error: 0.08831505340347978
variance: 0.00010962845631596696
pearson: 0.05055484035911699
p-valu: 1.210408050295513e-54

AL interation 3097/4801.

mae: 0.012030318695498164
max_error: 0.08832770209236007
variance: 0.00010963214931464192
pearson: 0.05126530495679354
p-valu: 3.8549207736755912e-56

AL interation 3098/4801.

mae: 0.012027688157097304
max_error: 0.08829823569866169
variance: 0.0001095615690870203
pearson: 0.05125454201965686
p-valu: 4.06845829639729e-56

AL interation 3099/4801.

mae: 0.012027687068097793
max_error: 0.08829820275994682
variance: 0.00010956149205303072
pearson: 0.05116977652066506
p-valu: 6.161981376089901e-56

AL interation 3100/4801.

mae: 0.012030480166811075
max_error: 0.08829637551778835
variance: 0.00010957789210667533
pearson: 0.051278983944890714
p-valu: 3.619939331479711e-56

AL interation 3101/4801.

mae: 0.012033410370439477
max_error: 0.08809575051580798
variance: 0.00010955954765322716
pearson: 0.05151616946509178
p-valu: 1.1339580376904862e-56

AL interation 3102/4801.

mae: 0.01203355043207983
max_error: 0.08806986368543623
variance: 0.0001095656636544668
pearson: 0.052038055499655005
p-valu: 8.640723342859235e-58

AL interation 3103/4801.

mae: 0.012056095322663492
max_error: 0.08650242178171941
variance: 0.00010970990106220852
pearson: 0.05167935216227435
p-valu: 5.0956234212160015e-57

AL interation 3104/4801.

mae: 0.01206573910684224
max_error: 0.08647499685892801
variance: 0.00010965588256067841
pearson: 0.051700860180098104
p-valu: 4.5894183603943576e-57

AL interation 3105/4801.

mae: 0.012065481936074792
max_error: 0.08638127768088855
variance: 0.00010964689730232394
pearson: 0.05205544929462793
p-valu: 7.958816468739891e-58

AL interation 3106/4801.

mae: 0.012061452486472468
max_error: 0.08609148478106765
variance: 0.000109660216968736
pearson: 0.05198616739589941
p-valu: 1.1236522599028922e-57

AL interation 3107/4801.

mae: 0.01206144028407514
max_error: 0.08608972074378873
variance: 0.0001096603711824994
pearson: 0.05200325361936256
p-valu: 1.0338251873950835e-57

AL interation 3108/4801.

mae: 0.012048391093089526
max_error: 0.08580966221214514
variance: 0.00010965590438695528
pearson: 0.05289994487979105
p-valu: 1.169991348989529e-59

AL interation 3109/4801.

mae: 0.012048854381949007
max_error: 0.08586114696734914
variance: 0.00010967611118182526
pearson: 0.05299283698271417
p-valu: 7.331851755602362e-60

AL interation 3110/4801.

mae: 0.012052997116032802
max_error: 0.08596159379820567
variance: 0.00010964436621507223
pearson: 0.052775132519071274
p-valu: 2.1997602183370193e-59

AL interation 3111/4801.

mae: 0.012063227667604015
max_error: 0.0859282981789733
variance: 0.00010959355920571153
pearson: 0.05376927921941467
p-valu: 1.4154667569969406e-61

AL interation 3112/4801.

mae: 0.01206736190833215
max_error: 0.08565886716340576
variance: 0.00010955821149860853
pearson: 0.053009535893150564
p-valu: 6.767355016362676e-60

AL interation 3113/4801.

mae: 0.012067342712073846
max_error: 0.08570090448464218
variance: 0.00010958790581983779
pearson: 0.052667364668561194
p-valu: 3.7963634740305183e-59

AL interation 3114/4801.

mae: 0.01206417143120233
max_error: 0.08569965678023839
variance: 0.00010957975639242218
pearson: 0.05271985850703388
p-valu: 2.920676475462557e-59

AL interation 3115/4801.

mae: 0.012064370880806554
max_error: 0.08570449740253427
variance: 0.00010957825863199915
pearson: 0.05239834801462606
p-valu: 1.4639122551400784e-58

AL interation 3116/4801.

mae: 0.012067917638605756
max_error: 0.08565585615068305
variance: 0.00010957669485586918
pearson: 0.052170098576754025
p-valu: 4.5715047017789424e-58

AL interation 3117/4801.

mae: 0.012059244339072937
max_error: 0.0854502490522322
variance: 0.00010954055087665642
pearson: 0.05152814551490763
p-valu: 1.0922614311616834e-56

AL interation 3118/4801.

mae: 0.012063933152877907
max_error: 0.08527766379828283
variance: 0.0001091202045213401
pearson: 0.05014004121922549
p-valu: 9.1131937392317e-54

AL interation 3119/4801.

mae: 0.012064336163200108
max_error: 0.08530185498583198
variance: 0.00010912666854993466
pearson: 0.049967381487375895
p-valu: 2.0794817214276431e-53

AL interation 3120/4801.

mae: 0.012061983355825855
max_error: 0.085146570481615
variance: 0.00010910800594625422
pearson: 0.049598718353507314
p-valu: 1.1973269655141113e-52

AL interation 3121/4801.

mae: 0.012063225063688584
max_error: 0.08531561201633342
variance: 0.00010925497411358094
pearson: 0.048944416372158
p-valu: 2.5898009186602616e-51

AL interation 3122/4801.

mae: 0.012063313058140969
max_error: 0.08532100100390783
variance: 0.00010922471966064942
pearson: 0.0493781881118535
p-valu: 3.3966374800321244e-52

AL interation 3123/4801.

mae: 0.012071287242741018
max_error: 0.0855854375065832
variance: 0.00010930218908895271
pearson: 0.0499816440651397
p-valu: 1.9526868882873224e-53

AL interation 3124/4801.

mae: 0.012070477823939857
max_error: 0.08565849083769028
variance: 0.00010931143597788574
pearson: 0.04940434519956755
p-valu: 3.0104846245146517e-52

AL interation 3125/4801.

mae: 0.012070898397058473
max_error: 0.0856915873230577
variance: 0.00010934350855297667
pearson: 0.049686670768402885
p-valu: 7.946421277503112e-53

AL interation 3126/4801.

mae: 0.012070986995707219
max_error: 0.08569408651809174
variance: 0.00010934885366379656
pearson: 0.050192305026053055
p-valu: 7.170362543844126e-54

AL interation 3127/4801.

mae: 0.012073949817614504
max_error: 0.08551923975417997
variance: 0.00010933446795069098
pearson: 0.04993630461026929
p-valu: 2.4353899772850196e-53

AL interation 3128/4801.

mae: 0.01206772546513373
max_error: 0.08567657695428754
variance: 0.00010936524482829844
pearson: 0.04926870207211941
p-valu: 5.724918124204266e-52

AL interation 3129/4801.

mae: 0.012068481940151282
max_error: 0.08592653597569044
variance: 0.00010946192222170688
pearson: 0.04909417501019817
p-valu: 1.2989324685125367e-51

AL interation 3130/4801.

mae: 0.012070646660115512
max_error: 0.08593129220415396
variance: 0.00010939263226076138
pearson: 0.049217038637145084
p-valu: 7.313598232107279e-52

AL interation 3131/4801.

mae: 0.012071375094685415
max_error: 0.08600576958341155
variance: 0.00010942979372457989
pearson: 0.04955333993145496
p-valu: 1.5039560388957104e-52

AL interation 3132/4801.

mae: 0.012073388252058073
max_error: 0.08615829589260504
variance: 0.00010964427650031042
pearson: 0.05000816135715482
p-valu: 1.7404910317140009e-53

AL interation 3133/4801.

mae: 0.012072817190627756
max_error: 0.08637997819031118
variance: 0.00010966428315682513
pearson: 0.05013744542021714
p-valu: 9.403517013530965e-54

AL interation 3134/4801.

mae: 0.012073156293833187
max_error: 0.0863781420310119
variance: 0.00010966432177700967
pearson: 0.05076103045799703
p-valu: 4.697363655570673e-55

AL interation 3135/4801.

mae: 0.012073008428192075
max_error: 0.08635943393554446
variance: 0.00010966245673999106
pearson: 0.05111340378754969
p-valu: 8.503695609904507e-56

AL interation 3136/4801.

mae: 0.01206839620881129
max_error: 0.08650949603114388
variance: 0.00010979117654701754
pearson: 0.051553434550157824
p-valu: 9.894636722531564e-57

AL interation 3137/4801.

mae: 0.012064966404763327
max_error: 0.08622735591532948
variance: 0.00010968007894748823
pearson: 0.0503423321532443
p-valu: 3.543930651997293e-54

AL interation 3138/4801.

mae: 0.012063898487917486
max_error: 0.0862328996620676
variance: 0.00010965896595219849
pearson: 0.050433327172899826
p-valu: 2.2923890623302893e-54

AL interation 3139/4801.

mae: 0.012063361639384044
max_error: 0.08623496808312159
variance: 0.00010966180873568384
pearson: 0.0502623748748963
p-valu: 5.21244508614304e-54

AL interation 3140/4801.

mae: 0.012051847306159623
max_error: 0.0858506165571129
variance: 0.00010981916879212866
pearson: 0.05020589318994614
p-valu: 6.839315075855102e-54

AL interation 3141/4801.

mae: 0.012052964252570238
max_error: 0.08567137866319574
variance: 0.00010979623596415316
pearson: 0.050175300507385244
p-valu: 7.926953799334436e-54

AL interation 3142/4801.

mae: 0.012054970665842692
max_error: 0.08556048037170005
variance: 0.00010983782088895601
pearson: 0.05023019705913625
p-valu: 6.10386907074812e-54

AL interation 3143/4801.

mae: 0.012050431628675305
max_error: 0.08562099807093948
variance: 0.00010980602131349353
pearson: 0.05111348299061729
p-valu: 8.590191486818758e-56

AL interation 3144/4801.

mae: 0.012050305908402035
max_error: 0.08565841819180098
variance: 0.00010979958054370489
pearson: 0.05133701674174483
p-valu: 2.8890016205980413e-56

AL interation 3145/4801.

mae: 0.01204831645607533
max_error: 0.08571539332141076
variance: 0.00010978742148571247
pearson: 0.05156585563876577
p-valu: 9.421524627976528e-57

AL interation 3146/4801.

mae: 0.012046330189269882
max_error: 0.0858593309551765
variance: 0.00010981270999321244
pearson: 0.051320524555551646
p-valu: 3.139978728461553e-56

AL interation 3147/4801.

mae: 0.012051164813281478
max_error: 0.08593541449207298
variance: 0.00010991611198418104
pearson: 0.05159939485705312
p-valu: 8.011178513033231e-57

AL interation 3148/4801.

mae: 0.01204540412181456
max_error: 0.08590514474124977
variance: 0.00010991965051658479
pearson: 0.051375178614737324
p-valu: 2.4096530657050846e-56

AL interation 3149/4801.

mae: 0.012045549444299414
max_error: 0.08590246087604503
variance: 0.00010992058459780326
pearson: 0.05109622137099528
p-valu: 9.417306098043661e-56

AL interation 3150/4801.

mae: 0.012049033426397916
max_error: 0.08586171748291638
variance: 0.00010993622174904886
pearson: 0.05105571027931325
p-valu: 1.1484528490367418e-55

AL interation 3151/4801.

mae: 0.012048999853704419
max_error: 0.08586341336448133
variance: 0.00010993410208196051
pearson: 0.050551383000016104
p-valu: 1.320846144007941e-54

AL interation 3152/4801.

mae: 0.01204900026043045
max_error: 0.08586296525280379
variance: 0.00010993358665725934
pearson: 0.050166893995775994
p-valu: 8.367671746985221e-54

AL interation 3153/4801.

mae: 0.012049861274464516
max_error: 0.08590294108242635
variance: 0.00010999080718059237
pearson: 0.04956624034740291
p-valu: 1.4540324582677367e-52

AL interation 3154/4801.

mae: 0.012047757822860397
max_error: 0.08605091536245202
variance: 0.00011013827044037986
pearson: 0.04900990580039376
p-valu: 1.9851669530811665e-51

AL interation 3155/4801.

mae: 0.012048927642685805
max_error: 0.08617759701135985
variance: 0.00011015567632322055
pearson: 0.049468662509487435
p-valu: 2.309856959430983e-52

AL interation 3156/4801.

mae: 0.012049640732401234
max_error: 0.0863422345203475
variance: 0.00011011361646112755
pearson: 0.04972377812766494
p-valu: 6.927258136610485e-53

AL interation 3157/4801.

mae: 0.012035759214081683
max_error: 0.08629630348085304
variance: 0.00011006858730076
pearson: 0.04968630075308912
p-valu: 8.28287405714053e-53

AL interation 3158/4801.

mae: 0.012035306033290326
max_error: 0.08631315678875073
variance: 0.00011006879827771654
pearson: 0.04995446376967572
p-valu: 2.3223007602200056e-53

AL interation 3159/4801.

mae: 0.01203540722901852
max_error: 0.086383440951326
variance: 0.00011008030361605002
pearson: 0.050378547873220096
p-valu: 3.063342034340671e-54

AL interation 3160/4801.

mae: 0.012035922133037136
max_error: 0.08647777889089814
variance: 0.00011015030168809045
pearson: 0.05068907083467062
p-valu: 6.878630119156372e-55

AL interation 3161/4801.

mae: 0.012034074346150928
max_error: 0.08647245081036492
variance: 0.00011015398359834335
pearson: 0.05015152568098277
p-valu: 9.108447982100333e-54

AL interation 3162/4801.

mae: 0.01203420870923881
max_error: 0.08645981246425838
variance: 0.00011013908970129778
pearson: 0.05011542385788444
p-valu: 1.0836229840283738e-53

AL interation 3163/4801.

mae: 0.012509195437585888
max_error: 0.08639462865747594
variance: 0.00011298088180610336
pearson: 0.07810272459731962
p-valu: 6.060786916335837e-128

AL interation 3164/4801.

mae: 0.012504427683948122
max_error: 0.08614264852829767
variance: 0.00011284709460259286
pearson: 0.07882496799385755
p-valu: 2.731279673139127e-130

AL interation 3165/4801.

mae: 0.012479332539424298
max_error: 0.08610882843666734
variance: 0.00011266544154695267
pearson: 0.07679415548670565
p-valu: 9.612662230963708e-124

AL interation 3166/4801.

mae: 0.012467562749316421
max_error: 0.08604228596667274
variance: 0.00011268735335890603
pearson: 0.07539312366942533
p-valu: 2.5065468586810835e-119

AL interation 3167/4801.

mae: 0.01246688257194837
max_error: 0.08606351270308044
variance: 0.00011267782366608237
pearson: 0.07559317740389572
p-valu: 5.955600822605649e-120

AL interation 3168/4801.

mae: 0.012468915328742452
max_error: 0.08680211544859451
variance: 0.00011273382799470879
pearson: 0.07401517060546617
p-valu: 4.610908027930936e-115

AL interation 3169/4801.

mae: 0.01247263218582969
max_error: 0.08668073255856545
variance: 0.00011279222597529879
pearson: 0.07337310268034902
p-valu: 4.2066305819626166e-113

AL interation 3170/4801.

mae: 0.012472778610855067
max_error: 0.08667459869210181
variance: 0.00011279362110037513
pearson: 0.07487962557484064
p-valu: 1.0036759278568248e-117

AL interation 3171/4801.

mae: 0.01247202129902956
max_error: 0.08667295276180487
variance: 0.00011285535465520988
pearson: 0.0755559826653247
p-valu: 7.876055396785033e-120

AL interation 3172/4801.

mae: 0.01247197245707815
max_error: 0.08666728393635315
variance: 0.00011286450886148711
pearson: 0.07574517433362081
p-valu: 2.0179397096715875e-120

AL interation 3173/4801.

mae: 0.012460393059396821
max_error: 0.08618690581377852
variance: 0.00011283298572747982
pearson: 0.07582058914815658
p-valu: 1.1735668597618021e-120

AL interation 3174/4801.

mae: 0.012452506082426564
max_error: 0.08629504020817369
variance: 0.00011289446088480082
pearson: 0.07401643788766339
p-valu: 4.645944701090621e-115

AL interation 3175/4801.

mae: 0.012433906365530906
max_error: 0.0864016408798165
variance: 0.00011222183246623772
pearson: 0.072298644206559
p-valu: 7.421904829041228e-110

AL interation 3176/4801.

mae: 0.01243465585697925
max_error: 0.08669859157024296
variance: 0.00011246572055039378
pearson: 0.07253774051834022
p-valu: 1.4286968853805922e-110

AL interation 3177/4801.

mae: 0.012438367083349217
max_error: 0.08683805982608139
variance: 0.00011249080248706497
pearson: 0.07163822365998487
p-valu: 6.919573134751212e-108

AL interation 3178/4801.

mae: 0.012438874593165459
max_error: 0.08678533856781034
variance: 0.00011244930100126561
pearson: 0.07152838363162295
p-valu: 1.4676709133488082e-107

AL interation 3179/4801.

mae: 0.012444010031148782
max_error: 0.08673758158082312
variance: 0.00011230601479044123
pearson: 0.07012270532864125
p-valu: 1.9410705033565147e-103

AL interation 3180/4801.

mae: 0.012444566661289855
max_error: 0.08656959372072781
variance: 0.00011202997223350232
pearson: 0.0700288319871543
p-valu: 3.6420092717413295e-103

AL interation 3181/4801.

mae: 0.012439822832638812
max_error: 0.08644661501310513
variance: 0.00011189043249732765
pearson: 0.0702505793419209
p-valu: 8.294182228881575e-104

AL interation 3182/4801.

mae: 0.01244341436986761
max_error: 0.08642053166139196
variance: 0.00011213568210439629
pearson: 0.07056931978126217
p-valu: 9.797347038229458e-105

AL interation 3183/4801.

mae: 0.012446758186482923
max_error: 0.08646938918744529
variance: 0.00011216684563987198
pearson: 0.07020431857948412
p-valu: 1.135972863322823e-103

AL interation 3184/4801.

mae: 0.012444626399675984
max_error: 0.08590523159753904
variance: 0.00011200825550616132
pearson: 0.07053894976531694
p-valu: 1.2076842513101243e-104

AL interation 3185/4801.

mae: 0.012450900536525158
max_error: 0.08593048391483937
variance: 0.00011216015780795596
pearson: 0.07188782532796761
p-valu: 1.2814805073328295e-108

AL interation 3186/4801.

mae: 0.012450505885805317
max_error: 0.08587356925116585
variance: 0.00011210630997481485
pearson: 0.07219840702439143
p-valu: 1.5233153632053594e-109

AL interation 3187/4801.

mae: 0.012458596744770617
max_error: 0.0861807140002242
variance: 0.00011230680049582123
pearson: 0.07181296846221036
p-valu: 2.1506087433399583e-108

AL interation 3188/4801.

mae: 0.01245349164053389
max_error: 0.0861316367975491
variance: 0.00011223689303698982
pearson: 0.07175393849719267
p-valu: 3.22887867483115e-108

AL interation 3189/4801.

mae: 0.012465771840487059
max_error: 0.08598279878541182
variance: 0.00011200348628570402
pearson: 0.07110891807463546
p-valu: 2.6116562136260515e-106

AL interation 3190/4801.

mae: 0.01246083416796969
max_error: 0.08591979098517588
variance: 0.00011198753594268624
pearson: 0.0710590568208419
p-valu: 3.670209025858585e-106

AL interation 3191/4801.

mae: 0.012461146115681625
max_error: 0.08593254365431169
variance: 0.00011200756057762913
pearson: 0.07151064827250775
p-valu: 1.7124965609880633e-107

AL interation 3192/4801.

mae: 0.012460833261863454
max_error: 0.08593744503949385
variance: 0.0001120044174900949
pearson: 0.07226601056137488
p-valu: 9.716775348927736e-110

AL interation 3193/4801.

mae: 0.01243297235562427
max_error: 0.08579632075933152
variance: 0.00011168814457982003
pearson: 0.07228615405475519
p-valu: 8.480263307007808e-110

AL interation 3194/4801.

mae: 0.012432665949968261
max_error: 0.08580063335583366
variance: 0.00011164413396873396
pearson: 0.07191135632524587
p-valu: 1.1164609714024307e-108

AL interation 3195/4801.

mae: 0.012432845573067489
max_error: 0.08573402584696344
variance: 0.00011166475278933371
pearson: 0.07165216350297078
p-valu: 6.590258927567728e-108

AL interation 3196/4801.

mae: 0.012426877081072317
max_error: 0.0855824008806707
variance: 0.00011164102387690623
pearson: 0.07119735487602312
p-valu: 1.4596675697333784e-106

AL interation 3197/4801.

mae: 0.012430473076001765
max_error: 0.08550335105545348
variance: 0.00011107639559406738
pearson: 0.06979732077774367
p-valu: 1.7750430033839872e-102

AL interation 3198/4801.

mae: 0.0124301961978768
max_error: 0.0855059686803401
variance: 0.00011106058792696308
pearson: 0.07023489830297297
p-valu: 9.608376491142788e-104

AL interation 3199/4801.

mae: 0.012430526633158535
max_error: 0.08578026706189523
variance: 0.00011087142095933265
pearson: 0.07007571377986592
p-valu: 2.791168119715977e-103

AL interation 3200/4801.

mae: 0.012433955988739823
max_error: 0.08575192703463874
variance: 0.00011098930803871776
pearson: 0.06975035617682708
p-valu: 2.4432784358907754e-102

AL interation 3201/4801.

mae: 0.012432905053154995
max_error: 0.08575008461619693
variance: 0.0001109576382772944
pearson: 0.07003605159264953
p-valu: 3.655006436987782e-103

AL interation 3202/4801.

mae: 0.01243331149151109
max_error: 0.08572071198958331
variance: 0.00011095377716216339
pearson: 0.06969902974092536
p-valu: 3.4526693482989056e-102

AL interation 3203/4801.

mae: 0.012431387493128008
max_error: 0.08532204083738582
variance: 0.0001106536613250684
pearson: 0.07013742524796793
p-valu: 1.8667051000667493e-103

AL interation 3204/4801.

mae: 0.012431447464669539
max_error: 0.08533425357407798
variance: 0.0001106540329311428
pearson: 0.07085170458466325
p-valu: 1.5447522739242042e-105

AL interation 3205/4801.

mae: 0.012431567170721693
max_error: 0.08536648328416452
variance: 0.00011065136960652524
pearson: 0.07044978420911056
p-valu: 2.3163676503683995e-104

AL interation 3206/4801.

mae: 0.012428394356071702
max_error: 0.08564164515317718
variance: 0.00011042748238914286
pearson: 0.07002603596516142
p-valu: 3.9560009467072077e-103

AL interation 3207/4801.

mae: 0.012428932383621994
max_error: 0.08561499109035542
variance: 0.00011046185471429854
pearson: 0.07030540564100958
p-valu: 6.128525023616877e-104

AL interation 3208/4801.

mae: 0.01242118129127204
max_error: 0.08556299591080863
variance: 0.00011039123043976503
pearson: 0.06999349499769819
p-valu: 4.939073150784861e-103

AL interation 3209/4801.

mae: 0.012420821685947528
max_error: 0.08560149683970342
variance: 0.0001103599405424505
pearson: 0.07086964921459488
p-valu: 1.3858806989681787e-105

AL interation 3210/4801.

mae: 0.01241764034070502
max_error: 0.08533818082767941
variance: 0.00011035773442603977
pearson: 0.07128421637656454
p-valu: 8.389013239622473e-107

AL interation 3211/4801.

mae: 0.012387935411357734
max_error: 0.08517862825218292
variance: 0.00011046090862272081
pearson: 0.0703590656843599
p-valu: 4.3205244715319655e-104

AL interation 3212/4801.

mae: 0.012389794443353067
max_error: 0.0853267286049999
variance: 0.00011051956225285437
pearson: 0.07081072985739671
p-valu: 2.078221246601631e-105

AL interation 3213/4801.

mae: 0.012390829829934965
max_error: 0.08531035641888995
variance: 0.00011050570717243052
pearson: 0.07009549241817466
p-valu: 2.53185202925978e-103

AL interation 3214/4801.

mae: 0.0124003985990627
max_error: 0.08512466143000386
variance: 0.0001103955416587931
pearson: 0.07020823113630446
p-valu: 1.1949094366666096e-103

AL interation 3215/4801.

mae: 0.012392367129510652
max_error: 0.084774996537621
variance: 0.00011018836779045572
pearson: 0.06926104930564118
p-valu: 6.46736562202396e-101

AL interation 3216/4801.

mae: 0.012386853716558057
max_error: 0.0848597734559775
variance: 0.0001101581791581759
pearson: 0.06896842969952323
p-valu: 4.4497474442524507e-100

AL interation 3217/4801.

mae: 0.01238612816349458
max_error: 0.0848927238378423
variance: 0.00011016748410722365
pearson: 0.06952070071560647
p-valu: 1.1682534832981491e-101

AL interation 3218/4801.

mae: 0.012379340725159562
max_error: 0.08491644806761944
variance: 0.00011043263805800296
pearson: 0.06946243076054677
p-valu: 1.722214335389746e-101

AL interation 3219/4801.

mae: 0.012378971875511563
max_error: 0.08493564408334753
variance: 0.00011042055033944984
pearson: 0.0695333696675665
p-valu: 1.0794705582150925e-101

AL interation 3220/4801.

mae: 0.012365328615419682
max_error: 0.08543782678069367
variance: 0.00011038732192022717
pearson: 0.06869607767180999
p-valu: 2.6783883061266205e-99

AL interation 3221/4801.

mae: 0.012357657132730602
max_error: 0.08537854756130803
variance: 0.0001104281571338006
pearson: 0.06798524672345817
p-valu: 2.7421801498456334e-97

AL interation 3222/4801.

mae: 0.012362751470104063
max_error: 0.08536202935809745
variance: 0.00011040042336383302
pearson: 0.06809669995767717
p-valu: 1.3349610190560285e-97

AL interation 3223/4801.

mae: 0.012358127668245554
max_error: 0.08523075681958692
variance: 0.00011026043912228308
pearson: 0.06784126439155114
p-valu: 6.990664551222293e-97

AL interation 3224/4801.

mae: 0.01235594345014264
max_error: 0.08529962887158438
variance: 0.00011021352146413463
pearson: 0.06850807505371752
p-valu: 9.234520832604785e-99

AL interation 3225/4801.

mae: 0.012352926932209457
max_error: 0.08532875615199775
variance: 0.00011013206370324364
pearson: 0.06812371076232861
p-valu: 1.1282830965148598e-97

AL interation 3226/4801.

mae: 0.012348449554764546
max_error: 0.0852342525461467
variance: 0.00011003990526586324
pearson: 0.06900497273925414
p-valu: 3.584639825940459e-100

AL interation 3227/4801.

mae: 0.012351805591117667
max_error: 0.08522576807380067
variance: 0.00011010859599278091
pearson: 0.06818033456607928
p-valu: 7.849597281887319e-98

AL interation 3228/4801.

mae: 0.012347019181609539
max_error: 0.085251361136929
variance: 0.00011006386502396997
pearson: 0.06881491806909795
p-valu: 1.2536541946159005e-99

AL interation 3229/4801.

mae: 0.012337994813458828
max_error: 0.08532677601559446
variance: 0.00011007585091899783
pearson: 0.06855577845123532
p-valu: 6.844317016971675e-99

AL interation 3230/4801.

mae: 0.012338252599237159
max_error: 0.08529909740198893
variance: 0.00011005573604663639
pearson: 0.06884092723732138
p-valu: 1.062204350038306e-99

AL interation 3231/4801.

mae: 0.01233714341045216
max_error: 0.08531809375361665
variance: 0.0001100451317693133
pearson: 0.0698822958439758
p-valu: 1.096190161963932e-102

AL interation 3232/4801.

mae: 0.012337858352992403
max_error: 0.08547564470726177
variance: 0.00011003011803174897
pearson: 0.06989706691512645
p-valu: 9.959873463373395e-103

AL interation 3233/4801.

mae: 0.012340869989315157
max_error: 0.08558934660894413
variance: 0.00011005762818032437
pearson: 0.07000606058471981
p-valu: 4.830412289573328e-103

AL interation 3234/4801.

mae: 0.01233028796020567
max_error: 0.08552296932865322
variance: 0.00011021716574681329
pearson: 0.06880352852806773
p-valu: 1.3702074140888682e-99

AL interation 3235/4801.

mae: 0.012331066694205486
max_error: 0.08554108417482387
variance: 0.00011024180858870205
pearson: 0.0683825853800276
p-valu: 2.1471959938828957e-98

AL interation 3236/4801.

mae: 0.01233053708258539
max_error: 0.0855364121537463
variance: 0.00011023956418021341
pearson: 0.06829187206287651
p-valu: 3.883677420447784e-98

AL interation 3237/4801.

mae: 0.012329563488566503
max_error: 0.08553131428905947
variance: 0.0001102171417586801
pearson: 0.0674075782509376
p-valu: 1.1784013997455173e-95

AL interation 3238/4801.

mae: 0.012329530217213272
max_error: 0.08553160774571045
variance: 0.00011021937556610026
pearson: 0.06772299502771506
p-valu: 1.5526266372524468e-96

AL interation 3239/4801.

mae: 0.012328253608632551
max_error: 0.08530708155129507
variance: 0.00011013445599450973
pearson: 0.06723650832835498
p-valu: 3.5438930361238745e-95

AL interation 3240/4801.

mae: 0.012326396944145512
max_error: 0.08543989720809297
variance: 0.00011013002564036259
pearson: 0.06766599665098239
p-valu: 2.2522352820125552e-96

AL interation 3241/4801.

mae: 0.012325470932824753
max_error: 0.08546597387911281
variance: 0.00011011541220508644
pearson: 0.06740947792010855
p-valu: 1.1747981957159487e-95

AL interation 3242/4801.

mae: 0.012314286819542919
max_error: 0.08536001631026413
variance: 0.00011005005300643438
pearson: 0.0662156179281611
p-valu: 2.338416165708883e-92

AL interation 3243/4801.

mae: 0.012319076764446763
max_error: 0.08538602165779996
variance: 0.00011008432467555174
pearson: 0.06642797549746926
p-valu: 6.1317765825276195e-93

AL interation 3244/4801.

mae: 0.012320159410668784
max_error: 0.08530300255441436
variance: 0.00011002471631789884
pearson: 0.06608175849740593
p-valu: 5.456526021017573e-92

AL interation 3245/4801.

mae: 0.012324463376446826
max_error: 0.08526652556546144
variance: 0.00010995555265072045
pearson: 0.06631811222868243
p-valu: 1.2330703598409489e-92

AL interation 3246/4801.

mae: 0.012325926690863277
max_error: 0.08509257095900868
variance: 0.00010996258982470511
pearson: 0.0662519717665878
p-valu: 1.875858638797249e-92

AL interation 3247/4801.

mae: 0.01233383504910799
max_error: 0.08489455290944936
variance: 0.00010978772960739539
pearson: 0.06566038313257679
p-valu: 7.713796858406247e-91

AL interation 3248/4801.

mae: 0.01232462713992521
max_error: 0.08486936263969658
variance: 0.00010994789845790429
pearson: 0.06584810040534923
p-valu: 2.3874289594288523e-91

AL interation 3249/4801.

mae: 0.012330294705444734
max_error: 0.08507825414224901
variance: 0.00010982028531911342
pearson: 0.06573668278657617
p-valu: 4.807505941893456e-91

AL interation 3250/4801.

mae: 0.012325384516451866
max_error: 0.08598795194055531
variance: 0.00010982201815963967
pearson: 0.06517824793146917
p-valu: 1.563024668568077e-89

AL interation 3251/4801.

mae: 0.012326759983515857
max_error: 0.08622134946952831
variance: 0.0001098010314840321
pearson: 0.06529717060839983
p-valu: 7.484798365081684e-90

AL interation 3252/4801.

mae: 0.012326912186867232
max_error: 0.08622114175367135
variance: 0.000109799625488347
pearson: 0.06484986778535284
p-valu: 1.1976878719548405e-88

AL interation 3253/4801.

mae: 0.01232674480060627
max_error: 0.08623005601228617
variance: 0.00010980970489218875
pearson: 0.06448265333771863
p-valu: 1.150389315153625e-87

AL interation 3254/4801.

mae: 0.01232674188834614
max_error: 0.08623009937244608
variance: 0.00010980993131325573
pearson: 0.06452670376593586
p-valu: 8.796283606363154e-88

AL interation 3255/4801.

mae: 0.012327596227122083
max_error: 0.08624990417345946
variance: 0.00010977961169058833
pearson: 0.0646744014689275
p-valu: 3.5547950626071835e-88

AL interation 3256/4801.

mae: 0.012327756755902461
max_error: 0.0862403724857217
variance: 0.00010976079310885373
pearson: 0.06511198504890461
p-valu: 2.3875970142517303e-89

AL interation 3257/4801.

mae: 0.01232373371441506
max_error: 0.08608503992562366
variance: 0.00010972646710240057
pearson: 0.06513174363041555
p-valu: 2.1168933112988168e-89

AL interation 3258/4801.

mae: 0.012312687238752002
max_error: 0.08629021290269923
variance: 0.00010997374672954072
pearson: 0.06466497032821521
p-valu: 3.791071063730027e-88

AL interation 3259/4801.

mae: 0.012312820596840702
max_error: 0.08628512134899613
variance: 0.00010998622870036522
pearson: 0.0647314348328562
p-valu: 2.5230983128983187e-88

AL interation 3260/4801.

mae: 0.01231353022107668
max_error: 0.08629812616189558
variance: 0.000110016846035271
pearson: 0.06529657013585868
p-valu: 7.658996482731822e-90

AL interation 3261/4801.

mae: 0.012313337189117299
max_error: 0.08629197266899102
variance: 0.00011001255464504904
pearson: 0.06595280032875926
p-valu: 1.273565630401646e-91

AL interation 3262/4801.

mae: 0.012311104009181988
max_error: 0.08632332558571254
variance: 0.00011000525255231566
pearson: 0.06640169074111772
p-valu: 7.551559153244682e-93

AL interation 3263/4801.

mae: 0.012311126427119191
max_error: 0.08632708533767475
variance: 0.00011000458255399732
pearson: 0.06693073317147802
p-valu: 2.63686765202891e-94

AL interation 3264/4801.

mae: 0.012313276039361262
max_error: 0.08639886073004566
variance: 0.00010997431113753109
pearson: 0.06736957987329316
p-valu: 1.5992206793127486e-95

AL interation 3265/4801.

mae: 0.012307126860249209
max_error: 0.08618897338354548
variance: 0.00010997488633131017
pearson: 0.06731935428947625
p-valu: 2.2116639983526928e-95

AL interation 3266/4801.

mae: 0.012304800820385176
max_error: 0.08623168919465063
variance: 0.00011001705715274863
pearson: 0.06675609712554728
p-valu: 8.063863005899883e-94

AL interation 3267/4801.

mae: 0.01230432623968867
max_error: 0.08620238645588363
variance: 0.00011000417151650336
pearson: 0.06696315565009217
p-valu: 2.1640876969553895e-94

AL interation 3268/4801.

mae: 0.012296275647738289
max_error: 0.08646190047992097
variance: 0.00010999388315829059
pearson: 0.06704344231465209
p-valu: 1.299843473232584e-94

AL interation 3269/4801.

mae: 0.012299039652888876
max_error: 0.08651918232615974
variance: 0.00011001711640039076
pearson: 0.06697235684460089
p-valu: 2.0500357116975564e-94

AL interation 3270/4801.

mae: 0.012275140675659537
max_error: 0.0863705047243315
variance: 0.00010991463104936377
pearson: 0.06628219005151677
p-valu: 1.63460585957318e-92

AL interation 3271/4801.

mae: 0.012275736701900589
max_error: 0.08627937464987956
variance: 0.00010992975776112317
pearson: 0.06633940204790144
p-valu: 1.1417383615351554e-92

AL interation 3272/4801.

mae: 0.012281549542708266
max_error: 0.08606051185259678
variance: 0.00011012881201856992
pearson: 0.06605210650602272
p-valu: 6.991290795172981e-92

AL interation 3273/4801.

mae: 0.012274809402915993
max_error: 0.0860218073505934
variance: 0.00010995576046777445
pearson: 0.06624760309487668
p-valu: 2.0465161542641326e-92

AL interation 3274/4801.

mae: 0.012276745917852678
max_error: 0.08621445972702024
variance: 0.00011002970949692611
pearson: 0.06594034615032189
p-valu: 1.4167772584299693e-91

AL interation 3275/4801.

mae: 0.012275699953476379
max_error: 0.08636522280292813
variance: 0.00010997499816197839
pearson: 0.06672617715428933
p-valu: 9.950090580878733e-94

AL interation 3276/4801.

mae: 0.01227685980935897
max_error: 0.086463868217183
variance: 0.00010992276835364842
pearson: 0.0663138100918544
p-valu: 1.3568177749179918e-92

AL interation 3277/4801.

mae: 0.012279664842572096
max_error: 0.08683248338028027
variance: 0.00010997939171098714
pearson: 0.06581293514176746
p-valu: 3.169814650157729e-91

AL interation 3278/4801.

mae: 0.012280312139610651
max_error: 0.08671113000380903
variance: 0.00010988888797258862
pearson: 0.06594376893061084
p-valu: 1.3988389240053836e-91

AL interation 3279/4801.

mae: 0.01227453410193156
max_error: 0.08676927504555754
variance: 0.00010992022091911715
pearson: 0.06618981611764237
p-valu: 2.984736848394151e-92

AL interation 3280/4801.

mae: 0.012271321208094122
max_error: 0.08654217753135929
variance: 0.00011001563966658859
pearson: 0.06576283100023704
p-valu: 4.3660851625415985e-91

AL interation 3281/4801.

mae: 0.012274655032292936
max_error: 0.08649600026209048
variance: 0.00011011678869378934
pearson: 0.06525703489003479
p-valu: 1.0241265911204092e-89

AL interation 3282/4801.

mae: 0.012273470016312809
max_error: 0.08651308197639485
variance: 0.00011009614035816657
pearson: 0.06534964178613432
p-valu: 5.772561384345836e-90

AL interation 3283/4801.

mae: 0.012258564457788222
max_error: 0.08627186410129473
variance: 0.00010999448475594666
pearson: 0.06446228375269311
p-valu: 1.3877939416183248e-87

AL interation 3284/4801.

mae: 0.012263469695446194
max_error: 0.0861950418077726
variance: 0.00010996830586302706
pearson: 0.06415579921259099
p-valu: 9.071391527071553e-87

AL interation 3285/4801.

mae: 0.012263229846686007
max_error: 0.08624332698289838
variance: 0.00010997398384167379
pearson: 0.06495908831638995
p-valu: 6.54163228455631e-89

AL interation 3286/4801.

mae: 0.012253481421746124
max_error: 0.0862322729647389
variance: 0.00011009626448647987
pearson: 0.06436305145897017
p-valu: 2.565440788935547e-87

AL interation 3287/4801.

mae: 0.012247126523305276
max_error: 0.08611497693553649
variance: 0.00010997400948181423
pearson: 0.06413881580941216
p-valu: 1.0124730810800378e-86

AL interation 3288/4801.

mae: 0.01224340148661327
max_error: 0.08582632340975072
variance: 0.00010999309853524884
pearson: 0.06479861216318229
p-valu: 1.772821908087485e-88

AL interation 3289/4801.

mae: 0.012247030781118287
max_error: 0.08597362164371991
variance: 0.0001099608168826101
pearson: 0.06527825505758061
p-valu: 9.13177496409009e-90

AL interation 3290/4801.

mae: 0.012246839667881905
max_error: 0.08595039348373068
variance: 0.00010996683117054208
pearson: 0.06525352525204023
p-valu: 1.0670332517188254e-89

AL interation 3291/4801.

mae: 0.0122417595847497
max_error: 0.08593905232308718
variance: 0.00010996550646570947
pearson: 0.06497805730854733
p-valu: 5.892324642389865e-89

AL interation 3292/4801.

mae: 0.01223664926254977
max_error: 0.08571367900211446
variance: 0.0001099374212038603
pearson: 0.06417679097667946
p-valu: 8.113405545844862e-87

AL interation 3293/4801.

mae: 0.012230286368953099
max_error: 0.08571600876556151
variance: 0.0001098974727792399
pearson: 0.06431340249821046
p-valu: 3.5275330002984357e-87

AL interation 3294/4801.

mae: 0.01222764002780622
max_error: 0.08575646238822121
variance: 0.00010993212770744183
pearson: 0.06461993851785423
p-valu: 5.393580404415031e-88

AL interation 3295/4801.

mae: 0.012226894030447032
max_error: 0.08574974406090807
variance: 0.0001099339528491561
pearson: 0.06471439806509198
p-valu: 3.0227416984734326e-88

AL interation 3296/4801.

mae: 0.012227057107442367
max_error: 0.08565991149251606
variance: 0.00010987434378776507
pearson: 0.06432451801863785
p-valu: 3.3161881986104034e-87

AL interation 3297/4801.

mae: 0.012227667733985963
max_error: 0.08553451391597666
variance: 0.00010994458889624389
pearson: 0.06385269392809545
p-valu: 5.900237332176366e-86

AL interation 3298/4801.

mae: 0.012226595129143217
max_error: 0.08564766497719067
variance: 0.00011005342796861345
pearson: 0.06473189968777983
p-valu: 2.731115080968465e-88

AL interation 3299/4801.

mae: 0.012218567476372991
max_error: 0.08551576360904112
variance: 0.00010992040421662842
pearson: 0.06424296141651988
p-valu: 5.494816194712318e-87

AL interation 3300/4801.

mae: 0.012219074168456709
max_error: 0.08552063845516789
variance: 0.00010992750308095217
pearson: 0.06500789457343448
p-valu: 4.994073872977105e-89

AL interation 3301/4801.

mae: 0.012221067876472516
max_error: 0.0855211522669237
variance: 0.00010992426966982972
pearson: 0.06460678693222591
p-valu: 5.934196760528686e-88

AL interation 3302/4801.

mae: 0.012218388519311358
max_error: 0.08588318324271715
variance: 0.00011007230671235494
pearson: 0.06461697044867297
p-valu: 5.585839543270464e-88

AL interation 3303/4801.

mae: 0.012216282773851958
max_error: 0.08576567785920308
variance: 0.00010999740254105371
pearson: 0.0647217200053248
p-valu: 2.9385459942812243e-88

AL interation 3304/4801.

mae: 0.012216307909696696
max_error: 0.08579544128886885
variance: 0.00011001570164943828
pearson: 0.06448527561752829
p-valu: 1.2592717538336104e-87

AL interation 3305/4801.

mae: 0.012234033758802873
max_error: 0.08568977579060122
variance: 0.00010986888883228769
pearson: 0.0636605652890533
p-valu: 1.923225019636212e-85

AL interation 3306/4801.

mae: 0.012234638213422109
max_error: 0.08633195261453186
variance: 0.00011003155855248389
pearson: 0.0637734078719571
p-valu: 9.72496636858526e-86

AL interation 3307/4801.

mae: 0.012234506515503831
max_error: 0.08633844595013618
variance: 0.0001100286774307907
pearson: 0.0636180139902069
p-valu: 2.4984137222927125e-85

AL interation 3308/4801.

mae: 0.012234124252395572
max_error: 0.08624802046805091
variance: 0.00011004202355337762
pearson: 0.06387308868137576
p-valu: 5.3314797939378785e-86

AL interation 3309/4801.

mae: 0.012243117314471459
max_error: 0.08650287758681263
variance: 0.00011055963928901308
pearson: 0.06320407734873619
p-valu: 3.0459285584377558e-84

AL interation 3310/4801.

mae: 0.012242438842047242
max_error: 0.0862281995698908
variance: 0.00011051624786432249
pearson: 0.06321371236573707
p-valu: 2.8802727833457945e-84

AL interation 3311/4801.

mae: 0.012243072564725885
max_error: 0.08637125489784414
variance: 0.0001105344514748537
pearson: 0.06361715971426249
p-valu: 2.531867856591241e-85

AL interation 3312/4801.

mae: 0.012238116979447754
max_error: 0.0863285296175349
variance: 0.0001104061553953977
pearson: 0.06321410680604986
p-valu: 2.8850087392432843e-84

AL interation 3313/4801.

mae: 0.012237218054822821
max_error: 0.08633365227868528
variance: 0.00011028453459941492
pearson: 0.06374863055692329
p-valu: 1.1464586438955077e-85

AL interation 3314/4801.

mae: 0.01223729206891264
max_error: 0.08633903418538869
variance: 0.00011028394624554507
pearson: 0.06393127110303098
p-valu: 3.789706627847345e-86

AL interation 3315/4801.

mae: 0.012232535574767186
max_error: 0.0864570126571238
variance: 0.00011019845514033818
pearson: 0.06382715109154435
p-valu: 7.148870280268578e-86

AL interation 3316/4801.

mae: 0.012219214175308303
max_error: 0.08641360719301194
variance: 0.00011020593280404288
pearson: 0.06329479079823226
p-valu: 1.7898837984077504e-84

AL interation 3317/4801.

mae: 0.012208429458672565
max_error: 0.08663549831570383
variance: 0.00011021208715578234
pearson: 0.06242043241559415
p-valu: 3.340471974046587e-82

AL interation 3318/4801.

mae: 0.012206026964160214
max_error: 0.08662494174885471
variance: 0.00011016733497833503
pearson: 0.06273667946890116
p-valu: 5.096177180335217e-83

AL interation 3319/4801.

mae: 0.012205025860466907
max_error: 0.08653692400574475
variance: 0.00011005681238795673
pearson: 0.0629225808653768
p-valu: 1.6813977282762636e-83

AL interation 3320/4801.

mae: 0.012203357050928858
max_error: 0.08623186018329254
variance: 0.00011004592702783489
pearson: 0.06314642187938185
p-valu: 4.40302677055429e-84

AL interation 3321/4801.

mae: 0.012212712774028401
max_error: 0.08581603646533442
variance: 0.00010985520999098619
pearson: 0.062074257013018136
p-valu: 2.61337869631176e-81

AL interation 3322/4801.

mae: 0.012213475390897092
max_error: 0.08569440977069864
variance: 0.00010978864367187725
pearson: 0.06224319749000972
p-valu: 9.645669195129157e-82

AL interation 3323/4801.

mae: 0.012216259131578672
max_error: 0.0856785756698486
variance: 0.00010983872908875806
pearson: 0.06278978493039346
p-valu: 3.748655908192269e-83

AL interation 3324/4801.

mae: 0.012218902390738596
max_error: 0.08550286884591007
variance: 0.00010987172915819055
pearson: 0.06229591071384455
p-valu: 7.086900078838893e-82

AL interation 3325/4801.

mae: 0.01221802589085046
max_error: 0.08549443783184363
variance: 0.00010986137637655171
pearson: 0.06196556995931163
p-valu: 4.999851222983743e-81

AL interation 3326/4801.

mae: 0.012221007603388949
max_error: 0.08551690897300834
variance: 0.00010987668086272803
pearson: 0.061962352399693436
p-valu: 5.10538754672698e-81

AL interation 3327/4801.

mae: 0.01222017876775375
max_error: 0.0854245189914622
variance: 0.0001098742545271289
pearson: 0.06154418053977079
p-valu: 5.961268235544647e-80

AL interation 3328/4801.

mae: 0.012229449859859493
max_error: 0.08328692210833144
variance: 0.00010934385643593263
pearson: 0.062147892909558286
p-valu: 1.714758400123887e-81

AL interation 3329/4801.

mae: 0.012227971039119032
max_error: 0.08301297819369613
variance: 0.00010937225048135862
pearson: 0.061898526555835394
p-valu: 7.477948246904977e-81

AL interation 3330/4801.

mae: 0.012225408812875012
max_error: 0.08309499476380044
variance: 0.0001093247762548882
pearson: 0.06202056291821394
p-valu: 3.6505173951972736e-81

AL interation 3331/4801.

mae: 0.012217381817050524
max_error: 0.08306283484606358
variance: 0.00010930997403217205
pearson: 0.061290356813092584
p-valu: 2.6449604244216564e-79

AL interation 3332/4801.

mae: 0.012215450469071357
max_error: 0.08301670904555469
variance: 0.0001092757744205856
pearson: 0.0615642659437223
p-valu: 5.350745120621576e-80

AL interation 3333/4801.

mae: 0.012211727717362293
max_error: 0.08299635311212517
variance: 0.00010937657542653324
pearson: 0.0616457245599425
p-valu: 3.3266610247468063e-80

AL interation 3334/4801.

mae: 0.01221229532627007
max_error: 0.0833114079485171
variance: 0.00010946770431977682
pearson: 0.06147267743043847
p-valu: 9.177848664124229e-80

AL interation 3335/4801.

mae: 0.012207964198042738
max_error: 0.08346279861396799
variance: 0.00010946957447313038
pearson: 0.06150748491769314
p-valu: 7.502079327428536e-80

AL interation 3336/4801.

mae: 0.012217892736404213
max_error: 0.0833409607455764
variance: 0.00010965559332284233
pearson: 0.06151411822008754
p-valu: 7.230329972900853e-80

AL interation 3337/4801.

mae: 0.012214984876482418
max_error: 0.0828799213580027
variance: 0.00010941417035752258
pearson: 0.06304189233976931
p-valu: 8.528985651376195e-84

AL interation 3338/4801.

mae: 0.012214980146233897
max_error: 0.08288046373516811
variance: 0.00010941435042152298
pearson: 0.06321376415977688
p-valu: 3.0458402184493824e-84

AL interation 3339/4801.

mae: 0.012216319938140966
max_error: 0.08308247795528989
variance: 0.00010945882448373882
pearson: 0.06344130812256925
p-valu: 7.753768010289272e-85

AL interation 3340/4801.

mae: 0.012212414768319593
max_error: 0.08288440053664492
variance: 0.00010945210019381297
pearson: 0.06337058738690346
p-valu: 1.1900500920424972e-84

AL interation 3341/4801.

mae: 0.01221127596813852
max_error: 0.08295108091332115
variance: 0.00010951196413601799
pearson: 0.06399079786474511
p-valu: 2.7889996249794487e-86

AL interation 3342/4801.

mae: 0.012211307756934556
max_error: 0.08295129127035072
variance: 0.00010951231578866692
pearson: 0.06402385029733913
p-valu: 2.285473307903848e-86

AL interation 3343/4801.

mae: 0.01220875719126098
max_error: 0.08295100064177352
variance: 0.00010949684402486969
pearson: 0.06387916747859078
p-valu: 5.520311532600036e-86

AL interation 3344/4801.

mae: 0.012204723383618825
max_error: 0.0829679475153029
variance: 0.00010952686499345423
pearson: 0.06386578600812703
p-valu: 5.999965398253631e-86

AL interation 3345/4801.

mae: 0.012208763752277535
max_error: 0.08348495743601636
variance: 0.00010951923764608443
pearson: 0.06400397921480135
p-valu: 2.595294512192295e-86

AL interation 3346/4801.

mae: 0.012206695319902266
max_error: 0.0835285596515718
variance: 0.0001094916232983197
pearson: 0.06385332053089268
p-valu: 6.4983028410284e-86

AL interation 3347/4801.

mae: 0.012199826706347604
max_error: 0.08373874294855743
variance: 0.00010944112771425276
pearson: 0.0644797096356788
p-valu: 1.4254358784325495e-87

AL interation 3348/4801.

mae: 0.012205085589303024
max_error: 0.08363272565955815
variance: 0.00010950020279838505
pearson: 0.06457262952738269
p-valu: 8.077243462572702e-88

AL interation 3349/4801.

mae: 0.012204306950122213
max_error: 0.08372095581151773
variance: 0.0001094639848263082
pearson: 0.064951894102337
p-valu: 7.832430574671025e-89

AL interation 3350/4801.

mae: 0.012205610239100974
max_error: 0.08381856029908197
variance: 0.00010946080496183795
pearson: 0.0655643317026759
p-valu: 1.7554685575353178e-90

AL interation 3351/4801.

mae: 0.012203395978196188
max_error: 0.08383141537095473
variance: 0.00010947579010968626
pearson: 0.06538526751964976
p-valu: 5.363939699920464e-90

AL interation 3352/4801.

mae: 0.012182255804188925
max_error: 0.0833182009130582
variance: 0.00010920050061901887
pearson: 0.06466778614610802
p-valu: 4.5393130867955956e-88

AL interation 3353/4801.

mae: 0.012182361257464563
max_error: 0.08331842980240656
variance: 0.00010919543187879283
pearson: 0.0647334790985001
p-valu: 3.03664054194325e-88

AL interation 3354/4801.

mae: 0.01218010953522105
max_error: 0.08367138259771711
variance: 0.00010915418125940673
pearson: 0.06393178222641392
p-valu: 4.101300636481011e-86

AL interation 3355/4801.

mae: 0.01217688359107527
max_error: 0.08370471567494353
variance: 0.00010917572997068546
pearson: 0.06365816290228639
p-valu: 2.1604773666176672e-85

AL interation 3356/4801.

mae: 0.012171958420000135
max_error: 0.0838332788519296
variance: 0.00010906740924217025
pearson: 0.06363316606604204
p-valu: 2.518385892074774e-85

AL interation 3357/4801.

mae: 0.012172688214397811
max_error: 0.0839191202433398
variance: 0.00010895771691589665
pearson: 0.06285455818150044
p-valu: 2.723410776805324e-83

AL interation 3358/4801.

mae: 0.012171609132271633
max_error: 0.08394086678234491
variance: 0.00010896997685069222
pearson: 0.06296549264810306
p-valu: 1.4055241816205348e-83

AL interation 3359/4801.

mae: 0.012170757493270165
max_error: 0.08402321715201144
variance: 0.00010890203430287502
pearson: 0.06259600568830115
p-valu: 1.2776336572867464e-82

AL interation 3360/4801.

mae: 0.012170969315070853
max_error: 0.08410128132598804
variance: 0.0001088932514741601
pearson: 0.0632093421919992
p-valu: 3.269082086117511e-84

AL interation 3361/4801.

mae: 0.012171698475335961
max_error: 0.08410799670471936
variance: 0.00010888443234509925
pearson: 0.0638685412527431
p-valu: 6.109562952650221e-86

AL interation 3362/4801.

mae: 0.012168713889455
max_error: 0.08399796929578263
variance: 0.00010879769978584835
pearson: 0.06361162444271556
p-valu: 2.904067044350245e-85

AL interation 3363/4801.

mae: 0.012168045182247766
max_error: 0.08397914268042261
variance: 0.00010879800464193455
pearson: 0.06397605465094121
p-valu: 3.1918872502243516e-86

AL interation 3364/4801.

mae: 0.012166643344323241
max_error: 0.08391175771137971
variance: 0.00010878636647120073
pearson: 0.06431147814174731
p-valu: 4.136616638791401e-87

AL interation 3365/4801.

mae: 0.012167212749431314
max_error: 0.08397295672992588
variance: 0.0001089044088218459
pearson: 0.0641441835321799
p-valu: 1.1512462188383503e-86

AL interation 3366/4801.

mae: 0.012159442137119957
max_error: 0.08437694971715648
variance: 0.00010894953570674046
pearson: 0.06336660707041694
p-valu: 1.2845649080947658e-84

AL interation 3367/4801.

mae: 0.012159440022045864
max_error: 0.08416183030911673
variance: 0.00010892919431795752
pearson: 0.06298839737339913
p-valu: 1.2475930018722665e-83

AL interation 3368/4801.

mae: 0.012159313401507901
max_error: 0.08360962304985553
variance: 0.00010896663588581002
pearson: 0.06279442430100178
p-valu: 3.986149905300915e-83

AL interation 3369/4801.

mae: 0.012159561643543272
max_error: 0.08361232929044893
variance: 0.00010897083168073972
pearson: 0.0625902697565095
p-valu: 1.34826617219614e-82

AL interation 3370/4801.

mae: 0.012159654883476105
max_error: 0.08354131874810666
variance: 0.00010894685863292097
pearson: 0.06326153612726264
p-valu: 2.437191831699698e-84

AL interation 3371/4801.

mae: 0.012157068705950734
max_error: 0.08365512629669358
variance: 0.00010900780932514821
pearson: 0.0629881011272453
p-valu: 1.2598110281719716e-83

AL interation 3372/4801.

mae: 0.01216050611572573
max_error: 0.08362914876605321
variance: 0.00010899618704870676
pearson: 0.06301255309171336
p-valu: 1.0903812886392893e-83

AL interation 3373/4801.

mae: 0.012153069033924397
max_error: 0.0833190393507579
variance: 0.00010880672586077104
pearson: 0.06295319968609092
p-valu: 1.5586955031405912e-83

AL interation 3374/4801.

mae: 0.012157926583625508
max_error: 0.08307092529801996
variance: 0.00010904637515254805
pearson: 0.06309757685858322
p-valu: 6.576584301312022e-84

AL interation 3375/4801.

mae: 0.0121526865376951
max_error: 0.08298293289070391
variance: 0.00010897470925688996
pearson: 0.06270893305213313
p-valu: 6.730177963507053e-83

AL interation 3376/4801.

mae: 0.012154483594388902
max_error: 0.08260468444703695
variance: 0.0001089304321847193
pearson: 0.06345085390550995
p-valu: 7.888579290456719e-85

AL interation 3377/4801.

mae: 0.01215556136262817
max_error: 0.08262992376174627
variance: 0.00010899158210026874
pearson: 0.06393422865798498
p-valu: 4.2361651476242055e-86

AL interation 3378/4801.

mae: 0.012155194049640957
max_error: 0.08257916372102447
variance: 0.0001089040170765102
pearson: 0.06366818379622935
p-valu: 2.1308247419508824e-85

AL interation 3379/4801.

mae: 0.012151464705758066
max_error: 0.08251159560430499
variance: 0.00010886772691121925
pearson: 0.06400252272251665
p-valu: 2.808142970526262e-86

AL interation 3380/4801.

mae: 0.012151398255668733
max_error: 0.08110639749409931
variance: 0.00010860114548970573
pearson: 0.06382330451621614
p-valu: 8.358710983927241e-86

AL interation 3381/4801.

mae: 0.01215140971933342
max_error: 0.08101956982798986
variance: 0.00010862375839493495
pearson: 0.06449795319574109
p-valu: 1.3684193810855738e-87

AL interation 3382/4801.

mae: 0.012146959048963324
max_error: 0.08111762798424427
variance: 0.00010864336226256674
pearson: 0.0644481917866401
p-valu: 1.8602118397144368e-87

AL interation 3383/4801.

mae: 0.012146103390651797
max_error: 0.08117141482697154
variance: 0.00010862348666049747
pearson: 0.06540434850578938
p-valu: 5.1029080164422624e-90

AL interation 3384/4801.

mae: 0.012146557780666242
max_error: 0.08105393028043584
variance: 0.00010863025058897406
pearson: 0.06583595488294289
p-valu: 3.4640358302440813e-91

AL interation 3385/4801.

mae: 0.012142357918817133
max_error: 0.0811816992893768
variance: 0.00010857813273405178
pearson: 0.06552777290114294
p-valu: 2.3775748651269087e-90

AL interation 3386/4801.

mae: 0.012134431248102664
max_error: 0.08124159067782277
variance: 0.00010854277759227813
pearson: 0.0657970197093295
p-valu: 4.4387283612712663e-91

AL interation 3387/4801.

mae: 0.012130948106830169
max_error: 0.08146346883885092
variance: 0.00010867252836724054
pearson: 0.06533144563275471
p-valu: 8.09593698124089e-90

AL interation 3388/4801.

mae: 0.012130284534759152
max_error: 0.08140152121476096
variance: 0.00010867833806563033
pearson: 0.06589360701313327
p-valu: 2.435646005426863e-91

AL interation 3389/4801.

mae: 0.012124337295588332
max_error: 0.08130992499744427
variance: 0.00010862968921227592
pearson: 0.06564718283005527
p-valu: 1.1391816517194547e-90

AL interation 3390/4801.

mae: 0.012126850133959083
max_error: 0.08131507565238683
variance: 0.00010866778925135705
pearson: 0.06554725015703149
p-valu: 2.1287578659646234e-90

AL interation 3391/4801.

mae: 0.01211652790709966
max_error: 0.0814928882757926
variance: 0.00010880879570724604
pearson: 0.0649739994212081
p-valu: 7.469224513965753e-89

AL interation 3392/4801.

mae: 0.012115835649968503
max_error: 0.0814831384907706
variance: 0.00010880039240686174
pearson: 0.06501101418073225
p-valu: 5.9552359211261264e-89

AL interation 3393/4801.

mae: 0.012124213059221116
max_error: 0.08127284521723088
variance: 0.00010868233173500463
pearson: 0.06471324321288073
p-valu: 3.741265232205134e-88

AL interation 3394/4801.

mae: 0.012108679585255107
max_error: 0.08103090995362838
variance: 0.0001085818071294106
pearson: 0.06466617961305791
p-valu: 5.0071906389992975e-88

AL interation 3395/4801.

mae: 0.012085295515617232
max_error: 0.0809920421941428
variance: 0.0001085374792177213
pearson: 0.06502068153354493
p-valu: 5.6457590530345226e-89

AL interation 3396/4801.

mae: 0.012085146845236299
max_error: 0.08100546711537793
variance: 0.0001085201282181023
pearson: 0.06519688660895431
p-valu: 1.9016041941407316e-89

AL interation 3397/4801.

mae: 0.012083123798714884
max_error: 0.08097236213078252
variance: 0.00010851519424857063
pearson: 0.06519779030514455
p-valu: 1.8950276901987964e-89

AL interation 3398/4801.

mae: 0.01208395764639401
max_error: 0.08074838854489319
variance: 0.00010848376286883529
pearson: 0.06563241547718333
p-valu: 1.2736881042385001e-90

AL interation 3399/4801.

mae: 0.012090006902953445
max_error: 0.08088345537115349
variance: 0.00010851595083278957
pearson: 0.06572493281399842
p-valu: 7.1647348357495e-91

AL interation 3400/4801.

mae: 0.012087489415341744
max_error: 0.08087491859103868
variance: 0.00010854364626888074
pearson: 0.06552764478805351
p-valu: 2.4577133851836387e-90

AL interation 3401/4801.

mae: 0.012092575083768018
max_error: 0.08071712854806212
variance: 0.00010899965985921064
pearson: 0.06494272790066141
p-valu: 9.253864802878027e-89

AL interation 3402/4801.

mae: 0.01209155842687552
max_error: 0.08074464782592661
variance: 0.00010901012384849103
pearson: 0.06558275005463624
p-valu: 1.7510878550884352e-90

AL interation 3403/4801.

mae: 0.01209364760223028
max_error: 0.08100492583551788
variance: 0.00010910733890974045
pearson: 0.06536767399574622
p-valu: 6.690404236772935e-90

AL interation 3404/4801.

mae: 0.012095180817566319
max_error: 0.0810097317846925
variance: 0.00010907830829509852
pearson: 0.06541195795604367
p-valu: 5.091814922701718e-90

AL interation 3405/4801.

mae: 0.012095023432117458
max_error: 0.0809900701267765
variance: 0.00010906316332450188
pearson: 0.0655494922553465
p-valu: 2.1683011826482593e-90

AL interation 3406/4801.

mae: 0.012090147854967296
max_error: 0.08113533242184023
variance: 0.00010905184343285338
pearson: 0.06505582974994435
p-valu: 4.650765116754319e-89

AL interation 3407/4801.

mae: 0.012089446650257395
max_error: 0.08110515344131675
variance: 0.00010907370256064062
pearson: 0.06491968998551118
p-valu: 1.0803830822283127e-88

AL interation 3408/4801.

mae: 0.012090064300497166
max_error: 0.0810904991883803
variance: 0.00010908084869846533
pearson: 0.06495617043603065
p-valu: 8.644344297961555e-89

AL interation 3409/4801.

mae: 0.01208591437298541
max_error: 0.08104645067968197
variance: 0.0001091269900375889
pearson: 0.0647915254174472
p-valu: 2.3902775545247043e-88

AL interation 3410/4801.

mae: 0.01208584910668939
max_error: 0.08104890066741466
variance: 0.00010912859662662024
pearson: 0.06507243100354677
p-valu: 4.232933098763047e-89

AL interation 3411/4801.

mae: 0.012082288635417604
max_error: 0.08106348010940967
variance: 0.00010920788513558675
pearson: 0.0650107786274266
p-valu: 6.209387698548885e-89

AL interation 3412/4801.

mae: 0.012082599666437512
max_error: 0.08107046239482263
variance: 0.00010920331733903983
pearson: 0.06517336127068495
p-valu: 2.2763598772398167e-89

AL interation 3413/4801.

mae: 0.012080280355932688
max_error: 0.08094130947464184
variance: 0.00010895700333798867
pearson: 0.06463392654428034
p-valu: 6.352924325639497e-88

AL interation 3414/4801.

mae: 0.012079588866282418
max_error: 0.08092691346545
variance: 0.00010899282573829652
pearson: 0.0647835737841755
p-valu: 2.536799819590885e-88

AL interation 3415/4801.

mae: 0.012080405189688687
max_error: 0.0813799835534923
variance: 0.00010890203461461401
pearson: 0.06436703310498323
p-valu: 3.2746535979102054e-87

AL interation 3416/4801.

mae: 0.012079910598733128
max_error: 0.0814566831489032
variance: 0.0001089381236209424
pearson: 0.0635587496065115
p-valu: 4.460697729500209e-85

AL interation 3417/4801.

mae: 0.012087207727014208
max_error: 0.08158515015955747
variance: 0.00010897905540793223
pearson: 0.06283529474021796
p-valu: 3.4417264995140575e-83

AL interation 3418/4801.

mae: 0.012082649368959511
max_error: 0.0815589681308524
variance: 0.00010892931994198623
pearson: 0.06277725268510347
p-valu: 4.875836475406612e-83

AL interation 3419/4801.

mae: 0.01208298275581582
max_error: 0.08181644124013876
variance: 0.00010922094486278475
pearson: 0.06263529045620823
p-valu: 1.1381557868409412e-82

AL interation 3420/4801.

mae: 0.012080876473873044
max_error: 0.08189624174227395
variance: 0.00010922630094001787
pearson: 0.06226575165186474
p-valu: 1.0214809502991903e-81

AL interation 3421/4801.

mae: 0.012082601224425654
max_error: 0.08187102135096613
variance: 0.00010919965740437303
pearson: 0.06248804534562573
p-valu: 2.74148373258404e-82

AL interation 3422/4801.

mae: 0.012081767894571422
max_error: 0.08197711801247753
variance: 0.00010921299699184727
pearson: 0.06252893118012537
p-valu: 2.1547316412024498e-82

AL interation 3423/4801.

mae: 0.012085516904832788
max_error: 0.08203536713907345
variance: 0.00010916994030586109
pearson: 0.06213008230051588
p-valu: 2.2904029566304464e-81

AL interation 3424/4801.

mae: 0.012085514272121432
max_error: 0.08203499271465664
variance: 0.00010916992282502424
pearson: 0.06163872972247306
p-valu: 4.12327031912994e-80

AL interation 3425/4801.

mae: 0.012066611039374526
max_error: 0.08186097052865482
variance: 0.00010926515974833227
pearson: 0.06075465945367656
p-valu: 7.04790268252288e-78

AL interation 3426/4801.

mae: 0.012068757505004246
max_error: 0.0818594040563625
variance: 0.00010931663362435257
pearson: 0.060720447378873915
p-valu: 8.601800533970525e-78

AL interation 3427/4801.

mae: 0.012064606473729226
max_error: 0.08205484301041399
variance: 0.00010936270006773904
pearson: 0.06099666823114137
p-valu: 1.7454256999764648e-78

AL interation 3428/4801.

mae: 0.012065047886706095
max_error: 0.08202412671087989
variance: 0.00010937244056456722
pearson: 0.061703962185622664
p-valu: 2.8352536734712137e-80

AL interation 3429/4801.

mae: 0.012059678839620613
max_error: 0.08201153477537848
variance: 0.00010953328026229655
pearson: 0.061992919898000536
p-valu: 5.201686669422255e-81

AL interation 3430/4801.

mae: 0.012061252155871924
max_error: 0.08227512213378252
variance: 0.00010954525297068671
pearson: 0.062195972040983434
p-valu: 1.5733785559359665e-81

AL interation 3431/4801.

mae: 0.01205887476866224
max_error: 0.0822724156307999
variance: 0.00010957446270579542
pearson: 0.0623341465185437
p-valu: 6.962269440561506e-82

AL interation 3432/4801.

mae: 0.012056527742118402
max_error: 0.08224173526221823
variance: 0.00010958185819352583
pearson: 0.0618839434108923
p-valu: 9.93369082286405e-81

AL interation 3433/4801.

mae: 0.012056929752969793
max_error: 0.08227290366292839
variance: 0.00010959799267088141
pearson: 0.06211589960220229
p-valu: 2.5391009105364684e-81

AL interation 3434/4801.

mae: 0.012065540884988752
max_error: 0.08255210482210207
variance: 0.00010981368458110934
pearson: 0.061087812970918344
p-valu: 1.0425007023380973e-78

AL interation 3435/4801.

mae: 0.01206539030162661
max_error: 0.08262215897619574
variance: 0.00010978952650532689
pearson: 0.06039476786008489
p-valu: 5.693445654193951e-77

AL interation 3436/4801.

mae: 0.012063341265354072
max_error: 0.08210333824516458
variance: 0.00010971939607674825
pearson: 0.0598785160484028
p-valu: 1.0883639659292545e-75

AL interation 3437/4801.

mae: 0.012066560334783503
max_error: 0.08199981189708017
variance: 0.00010956908748564572
pearson: 0.059272383257616114
p-valu: 3.3655076881120936e-74

AL interation 3438/4801.

mae: 0.012062113861168632
max_error: 0.08219452539768501
variance: 0.00010957956462862532
pearson: 0.058888090554174495
p-valu: 2.9127212200519104e-73

AL interation 3439/4801.

mae: 0.012063008944738265
max_error: 0.08222862126766306
variance: 0.00010963598664118836
pearson: 0.05853951696527113
p-valu: 2.0380329616106162e-72

AL interation 3440/4801.

mae: 0.012064813364657145
max_error: 0.08226079482281823
variance: 0.00010964517285350801
pearson: 0.05930667311111143
p-valu: 2.78929682110617e-74

AL interation 3441/4801.

mae: 0.012066757334743192
max_error: 0.082397698718782
variance: 0.00010975911309262204
pearson: 0.059801811907009374
p-valu: 1.6982697928075124e-75

AL interation 3442/4801.

mae: 0.012071781477304238
max_error: 0.0825023133081999
variance: 0.00010973846794543064
pearson: 0.059434442369536114
p-valu: 1.3619166501206234e-74

AL interation 3443/4801.

mae: 0.012073139823356544
max_error: 0.08246835643174966
variance: 0.00010974212752616524
pearson: 0.05927058273460811
p-valu: 3.435985779151312e-74

AL interation 3444/4801.

mae: 0.01207277657888496
max_error: 0.08242612567235885
variance: 0.00010979057077618184
pearson: 0.059139953592869665
p-valu: 7.17466733649207e-74

AL interation 3445/4801.

mae: 0.012056957895674618
max_error: 0.08237531585772051
variance: 0.00010969684025129788
pearson: 0.05905414229039316
p-valu: 1.1633818247404975e-73

AL interation 3446/4801.

mae: 0.012054256047412221
max_error: 0.08240669039449533
variance: 0.0001095962650961307
pearson: 0.05901555650593098
p-valu: 1.446879946391688e-73

AL interation 3447/4801.

mae: 0.012054681742785232
max_error: 0.08242559138924155
variance: 0.00010961047683843047
pearson: 0.05908861974462212
p-valu: 9.621585408780804e-74

AL interation 3448/4801.

mae: 0.012057080387556453
max_error: 0.08243881252318208
variance: 0.00010958394247279504
pearson: 0.059269781911906086
p-valu: 3.482100504426991e-74

AL interation 3449/4801.

mae: 0.012061478192774476
max_error: 0.08233425858205412
variance: 0.00010983648082550029
pearson: 0.05839110894519325
p-valu: 4.726440227415975e-72

AL interation 3450/4801.

mae: 0.012061327224622633
max_error: 0.08226510766215545
variance: 0.00010981942060147958
pearson: 0.05839527626415539
p-valu: 4.626389935545429e-72

AL interation 3451/4801.

mae: 0.012067037912686035
max_error: 0.08222623813915964
variance: 0.00010981294983439778
pearson: 0.05826965509930938
p-valu: 9.293786655727577e-72

AL interation 3452/4801.

mae: 0.012066310256692777
max_error: 0.08251727822497235
variance: 0.00010983396993187426
pearson: 0.05855624556575376
p-valu: 1.8990617526321877e-72

AL interation 3453/4801.

mae: 0.012066249260440618
max_error: 0.08251092315575481
variance: 0.00010983139005820072
pearson: 0.05840014501598188
p-valu: 4.5263560375608114e-72

AL interation 3454/4801.

mae: 0.012075748404122823
max_error: 0.08220144681698405
variance: 0.00010992806254442825
pearson: 0.05799849314034652
p-valu: 4.1735729661547645e-71

AL interation 3455/4801.

mae: 0.012075323133938902
max_error: 0.08228671197938131
variance: 0.00010997447880053867
pearson: 0.05796869664101467
p-valu: 4.925965167863365e-71

AL interation 3456/4801.

mae: 0.012072575492199483
max_error: 0.0822789002152462
variance: 0.00011007506922083874
pearson: 0.05814513758094671
p-valu: 1.8654765071262012e-71

AL interation 3457/4801.

mae: 0.012072477603785978
max_error: 0.0822804919864979
variance: 0.00011006836356466851
pearson: 0.0583318175732527
p-valu: 6.655558561479818e-72

AL interation 3458/4801.

mae: 0.012063613881792076
max_error: 0.0822326373543405
variance: 0.00011009816930201436
pearson: 0.058320228213485134
p-valu: 7.108897696367531e-72

AL interation 3459/4801.

mae: 0.012063355016430286
max_error: 0.08234464717478152
variance: 0.00011024132547196015
pearson: 0.05874274442718542
p-valu: 6.803213959816394e-73

AL interation 3460/4801.

mae: 0.012066362352397619
max_error: 0.08239216479640565
variance: 0.00011035012143598194
pearson: 0.05871761809634721
p-valu: 7.840071487086457e-73

AL interation 3461/4801.

mae: 0.012060168796925848
max_error: 0.08232288692105105
variance: 0.00011017304506060547
pearson: 0.05873659713554938
p-valu: 7.064967753265917e-73

AL interation 3462/4801.

mae: 0.012060362804695966
max_error: 0.0823566561569209
variance: 0.00011014702351912586
pearson: 0.05841444389384685
p-valu: 4.246265551148941e-72

AL interation 3463/4801.

mae: 0.012060216168616958
max_error: 0.08235434256792762
variance: 0.00011014832902506696
pearson: 0.05867993553772431
p-valu: 9.722719139249644e-73

AL interation 3464/4801.

mae: 0.012059827388192649
max_error: 0.08238481412607546
variance: 0.00011018251574751601
pearson: 0.0585290591305054
p-valu: 2.254995994797767e-72

AL interation 3465/4801.

mae: 0.012058331178017887
max_error: 0.08239319276097778
variance: 0.0001101780967674005
pearson: 0.05866272989046314
p-valu: 1.0737826157576161e-72

AL interation 3466/4801.

mae: 0.012050850535369523
max_error: 0.08225510834043637
variance: 0.00010989871997648481
pearson: 0.0588499470384349
p-valu: 3.7850890369538985e-73

AL interation 3467/4801.

mae: 0.012055214269968452
max_error: 0.08230986589049683
variance: 0.00010987109337383898
pearson: 0.058393211345873275
p-valu: 4.817954392582793e-72

AL interation 3468/4801.

mae: 0.012054544585763018
max_error: 0.0823056006195515
variance: 0.00010984569539696235
pearson: 0.05849595859684922
p-valu: 2.7289587737825936e-72

AL interation 3469/4801.

mae: 0.012066313617009944
max_error: 0.08245310076862045
variance: 0.00011007290172172101
pearson: 0.05859613845371094
p-valu: 1.5664052596060272e-72

AL interation 3470/4801.

mae: 0.012066620643109848
max_error: 0.08257645601432562
variance: 0.00011016103901075404
pearson: 0.05847786283481395
p-valu: 3.0278172334534645e-72

AL interation 3471/4801.

mae: 0.012062179836435177
max_error: 0.08231997223200271
variance: 0.00010993078046576375
pearson: 0.0577825701913163
p-valu: 1.4072909885485136e-70

AL interation 3472/4801.

mae: 0.012062296784050014
max_error: 0.08240327143338111
variance: 0.00010994366652437038
pearson: 0.057824895842521706
p-valu: 1.1174692751026929e-70

AL interation 3473/4801.

mae: 0.012059124403369374
max_error: 0.0823054619775434
variance: 0.00010987212660128109
pearson: 0.05835209297582476
p-valu: 6.113501852845363e-72

AL interation 3474/4801.

mae: 0.012064906363588826
max_error: 0.08238004641069385
variance: 0.00011003359577516081
pearson: 0.05813650855908324
p-valu: 2.017220987177372e-71

AL interation 3475/4801.

mae: 0.01206454373114179
max_error: 0.08237764962749172
variance: 0.00011001850566862316
pearson: 0.058020785220040484
p-valu: 3.824756361798511e-71

AL interation 3476/4801.

mae: 0.012064175228504325
max_error: 0.08246060855370563
variance: 0.00011005315581719347
pearson: 0.05800473337825225
p-valu: 4.185354491717722e-71

AL interation 3477/4801.

mae: 0.012064411804317575
max_error: 0.0823647905138245
variance: 0.0001101326477186902
pearson: 0.058213576071019915
p-valu: 1.3246960897274634e-71

AL interation 3478/4801.

mae: 0.0120633488065467
max_error: 0.08232244172430403
variance: 0.0001101223726481354
pearson: 0.05896976505200087
p-valu: 1.977541348750918e-73

AL interation 3479/4801.

mae: 0.01206388460336787
max_error: 0.08227132864684283
variance: 0.00011015377456962135
pearson: 0.05910522650966546
p-valu: 9.271726525274665e-74

AL interation 3480/4801.

mae: 0.012063839327620103
max_error: 0.0822700336396196
variance: 0.00011017009620106202
pearson: 0.05911631840001343
p-valu: 8.727523756537189e-74

AL interation 3481/4801.

mae: 0.012064425571922999
max_error: 0.08224640308097553
variance: 0.00011015493005266667
pearson: 0.05922362154473517
p-valu: 4.785069222748455e-74

AL interation 3482/4801.

mae: 0.01207732377850655
max_error: 0.08191513166937914
variance: 0.00011014134410988535
pearson: 0.059068729509282
p-valu: 1.143814156395049e-73

AL interation 3483/4801.

mae: 0.012071003864028956
max_error: 0.0819713209341757
variance: 0.00011004703867313593
pearson: 0.05880651578153789
p-valu: 4.9688690019447284e-73

AL interation 3484/4801.

mae: 0.012043878788822234
max_error: 0.08190420376584773
variance: 0.0001101151359695836
pearson: 0.058652620976255045
p-valu: 1.1738933537653217e-72

AL interation 3485/4801.

mae: 0.012047155084621583
max_error: 0.08199218171856448
variance: 0.00011009504078662482
pearson: 0.05778565416073806
p-valu: 1.4165649164432606e-70

AL interation 3486/4801.

mae: 0.012053342193941384
max_error: 0.08194048409157806
variance: 0.00011006744526264398
pearson: 0.057091077414869025
p-valu: 6.261433753853617e-69

AL interation 3487/4801.

mae: 0.012053845268248504
max_error: 0.0819526450762027
variance: 0.00011004936105072166
pearson: 0.0571977191445891
p-valu: 3.5169021714196533e-69

AL interation 3488/4801.

mae: 0.012056469990929686
max_error: 0.0819300595906356
variance: 0.00010993486632855334
pearson: 0.057697204307465944
p-valu: 2.3118852991767145e-70

AL interation 3489/4801.

mae: 0.012055706577860377
max_error: 0.0819260909768531
variance: 0.00010993601832840681
pearson: 0.057907749165739
p-valu: 7.294435046780797e-71

AL interation 3490/4801.

mae: 0.012056500045302614
max_error: 0.0819235217570935
variance: 0.00010994699473514027
pearson: 0.05818999820047367
p-valu: 1.5427634055940203e-71

AL interation 3491/4801.

mae: 0.012056477521260461
max_error: 0.08190095227363092
variance: 0.00010995891665947147
pearson: 0.058655498269999225
p-valu: 1.1692991572518325e-72

AL interation 3492/4801.

mae: 0.012058167272143365
max_error: 0.08184928764311228
variance: 0.00010993301315560825
pearson: 0.05858839071479512
p-valu: 1.701563688339325e-72

AL interation 3493/4801.

mae: 0.012057758580128981
max_error: 0.08181189040741121
variance: 0.00010992251054408136
pearson: 0.05942972638717483
p-valu: 1.5311256835865307e-74

AL interation 3494/4801.

mae: 0.012053992757890965
max_error: 0.08256946347936212
variance: 0.00011023968527947169
pearson: 0.059145214875309424
p-valu: 7.605531823729562e-74

AL interation 3495/4801.

mae: 0.012058772863595874
max_error: 0.08246791644913576
variance: 0.00011011452152779782
pearson: 0.05950674429069672
p-valu: 9.948260309171204e-75

AL interation 3496/4801.

mae: 0.012061694883824636
max_error: 0.08252953417130304
variance: 0.00011009563559478394
pearson: 0.06034345563019548
p-valu: 8.543070764914227e-77

AL interation 3497/4801.

mae: 0.012061038013589187
max_error: 0.08261269813809524
variance: 0.00011005508982909012
pearson: 0.060564578696002805
p-valu: 2.4063093905415596e-77

AL interation 3498/4801.

mae: 0.01206165887875114
max_error: 0.08267091700489293
variance: 0.00011002945911843614
pearson: 0.06091998814542169
p-valu: 3.106138993528345e-78

AL interation 3499/4801.

mae: 0.012060857475679612
max_error: 0.08261555860579795
variance: 0.00010999244994293167
pearson: 0.06058141846862308
p-valu: 2.1923205182900166e-77

AL interation 3500/4801.

mae: 0.012069599491316727
max_error: 0.08293779778867649
variance: 0.00011020021683338902
pearson: 0.0597610869691854
p-valu: 2.3790178301731617e-75

AL interation 3501/4801.

mae: 0.012070603369817499
max_error: 0.0829794868230096
variance: 0.0001102175790885846
pearson: 0.06054505752462651
p-valu: 2.7119400652881813e-77

AL interation 3502/4801.

mae: 0.012073040916122426
max_error: 0.08299377424308152
variance: 0.00011023828096947852
pearson: 0.0608941540863592
p-valu: 3.6334574611595024e-78

AL interation 3503/4801.

mae: 0.012072757605635292
max_error: 0.08299073530841672
variance: 0.00011024009636379195
pearson: 0.061087286912798563
p-valu: 1.190081001706331e-78

AL interation 3504/4801.

mae: 0.012062892542968892
max_error: 0.08339357756475185
variance: 0.00011028053963922252
pearson: 0.06022439481931956
p-valu: 1.7132504974815454e-76

AL interation 3505/4801.

mae: 0.012048614332392488
max_error: 0.08371399968681037
variance: 0.00011020191993624319
pearson: 0.05954434644075179
p-valu: 8.188688023054222e-75

AL interation 3506/4801.

mae: 0.012054762261999176
max_error: 0.08358928377791419
variance: 0.0001101118909717338
pearson: 0.05944062916980671
p-valu: 1.4733941035418295e-74

AL interation 3507/4801.

mae: 0.012054797451484384
max_error: 0.08339842450849067
variance: 0.00011010370564593086
pearson: 0.05969698521105934
p-valu: 3.464684936659639e-75

AL interation 3508/4801.

mae: 0.012049552861193923
max_error: 0.08324182022286952
variance: 0.00010993464559095046
pearson: 0.058952766591422665
p-valu: 2.2919048957523995e-73

AL interation 3509/4801.

mae: 0.012038656599601471
max_error: 0.08280896190334208
variance: 0.00010978503168538649
pearson: 0.058592666682311174
p-valu: 1.7110176010240684e-72

AL interation 3510/4801.

mae: 0.012040577589495274
max_error: 0.08274682561730917
variance: 0.00010972129680637303
pearson: 0.05832456695271246
p-valu: 7.585130741494114e-72

AL interation 3511/4801.

mae: 0.012039828682207461
max_error: 0.08278124098959272
variance: 0.00010967295856567161
pearson: 0.0576413878215535
p-valu: 3.2609097768320987e-70

AL interation 3512/4801.

mae: 0.012038799670043517
max_error: 0.08273999017572753
variance: 0.00010966340356075748
pearson: 0.05740716410077934
p-valu: 1.173183846040476e-69

AL interation 3513/4801.

mae: 0.01204208245649311
max_error: 0.08268591293770844
variance: 0.00010960905643846088
pearson: 0.0577109719645138
p-valu: 2.2355437959264594e-70

AL interation 3514/4801.

mae: 0.012040292203840742
max_error: 0.08275105142027717
variance: 0.00010959940230466558
pearson: 0.05790386763548906
p-valu: 7.772250255105523e-71

AL interation 3515/4801.

mae: 0.0120475472630452
max_error: 0.0824735620788346
variance: 0.00010976510555803892
pearson: 0.057894480863563795
p-valu: 8.197418089077023e-71

AL interation 3516/4801.

mae: 0.012046663546453215
max_error: 0.0828789328700481
variance: 0.00010972693665607182
pearson: 0.05843799546205401
p-valu: 4.0879060809091297e-72

AL interation 3517/4801.

mae: 0.012046810541283391
max_error: 0.08289154919592367
variance: 0.00010972242512771032
pearson: 0.059038413176416546
p-valu: 1.4413933895214747e-73

AL interation 3518/4801.

mae: 0.012046707426994159
max_error: 0.08288814320011118
variance: 0.00010973317754742423
pearson: 0.05930289607114936
p-valu: 3.270270145063567e-74

AL interation 3519/4801.

mae: 0.012047090946246342
max_error: 0.08286119243101386
variance: 0.00010972374999921314
pearson: 0.05953254879825337
p-valu: 8.974127333584178e-75

AL interation 3520/4801.

mae: 0.01204985341446511
max_error: 0.08288221954743169
variance: 0.00010970355730955644
pearson: 0.0590775908437277
p-valu: 1.1633508048184142e-73

AL interation 3521/4801.

mae: 0.01204766294608461
max_error: 0.08334257273807855
variance: 0.00010978920784491531
pearson: 0.05881992627708654
p-valu: 4.92522498295485e-73

AL interation 3522/4801.

mae: 0.012051201344352839
max_error: 0.08347869649722672
variance: 0.00010978254940377466
pearson: 0.060049368772811626
p-valu: 4.806594144283894e-76

AL interation 3523/4801.

mae: 0.012052012035409766
max_error: 0.08344202585638816
variance: 0.00010978651857553781
pearson: 0.05950665144208807
p-valu: 1.0461818519748906e-74

AL interation 3524/4801.

mae: 0.012052462466138916
max_error: 0.08347106026147633
variance: 0.00010975433041690706
pearson: 0.059690112889900664
p-valu: 3.7135348750936077e-75

AL interation 3525/4801.

mae: 0.01205248865191724
max_error: 0.08346960169027118
variance: 0.00010975581156206088
pearson: 0.05973979046355477
p-valu: 2.8074764258760397e-75

AL interation 3526/4801.

mae: 0.012048276780592965
max_error: 0.08353698994349945
variance: 0.00010972957416462701
pearson: 0.05970833569801287
p-valu: 3.361328998731899e-75

AL interation 3527/4801.

mae: 0.012049119531511703
max_error: 0.08362782509974243
variance: 0.00010976452461266164
pearson: 0.059251414651380736
p-valu: 4.4385849244009565e-74

AL interation 3528/4801.

mae: 0.012039926487012206
max_error: 0.0835372309555027
variance: 0.00010973614158386026
pearson: 0.05962049794627426
p-valu: 5.546660920398765e-75

AL interation 3529/4801.

mae: 0.012042367115394128
max_error: 0.0840895956351091
variance: 0.00010981204098306194
pearson: 0.0591279689486958
p-valu: 8.909823088377661e-74

AL interation 3530/4801.

mae: 0.012048112836474228
max_error: 0.08437662524582668
variance: 0.00010981260570115962
pearson: 0.05954382834593127
p-valu: 8.586665534302514e-75

AL interation 3531/4801.

mae: 0.012047190932119296
max_error: 0.08446093028240687
variance: 0.00010966731570375195
pearson: 0.059154722193220106
p-valu: 7.694783204110632e-74

AL interation 3532/4801.

mae: 0.012065265718165671
max_error: 0.08438547135463925
variance: 0.00010973580171345136
pearson: 0.058287638077857404
p-valu: 9.660856451685457e-72

AL interation 3533/4801.

mae: 0.012064210067096844
max_error: 0.08433386161576384
variance: 0.00010970327941110993
pearson: 0.05801591153027197
p-valu: 4.333689445224436e-71

AL interation 3534/4801.

mae: 0.012063478533185245
max_error: 0.08429150197415258
variance: 0.00010968963456548248
pearson: 0.057836478084685214
p-valu: 1.1637789735687755e-70

AL interation 3535/4801.

mae: 0.012059344723580777
max_error: 0.08441775158806597
variance: 0.00010970095128211503
pearson: 0.057917392688773085
p-valu: 7.475440751428997e-71

AL interation 3536/4801.

mae: 0.012060641105583357
max_error: 0.0844180235347125
variance: 0.00010971350909879986
pearson: 0.05712452106926605
p-valu: 5.669433496537575e-69

AL interation 3537/4801.

mae: 0.012059859493976949
max_error: 0.08443628930243396
variance: 0.0001097039457731441
pearson: 0.05736213723285221
p-valu: 1.5624523348614812e-69

AL interation 3538/4801.

mae: 0.01205538442455378
max_error: 0.08452671724197391
variance: 0.00010957835964859056
pearson: 0.05834820479689413
p-valu: 6.981174405802619e-72

AL interation 3539/4801.

mae: 0.012050919779208894
max_error: 0.08445480018443452
variance: 0.00010949505350609446
pearson: 0.05808536720485444
p-valu: 2.986326758547447e-71

AL interation 3540/4801.

mae: 0.012052977805689065
max_error: 0.08472745470979537
variance: 0.00010947377035623772
pearson: 0.058113652781742034
p-valu: 2.5595441618392727e-71

AL interation 3541/4801.

mae: 0.012044457853293099
max_error: 0.08493683352779446
variance: 0.00010944958352819923
pearson: 0.05761977342490798
p-valu: 3.8584303991634264e-70

AL interation 3542/4801.

mae: 0.012029244942251589
max_error: 0.08491907469786786
variance: 0.00010907863864249955
pearson: 0.05699272935055982
p-valu: 1.1685256738110444e-68

AL interation 3543/4801.

mae: 0.012020861689483959
max_error: 0.08529818863806615
variance: 0.00010892325738239717
pearson: 0.05624750666517902
p-valu: 6.40903717422449e-67

AL interation 3544/4801.

mae: 0.012021131026944186
max_error: 0.08529810124653925
variance: 0.00010894001484042771
pearson: 0.05629706976320128
p-valu: 4.9269077376380264e-67

AL interation 3545/4801.

mae: 0.012020196558684235
max_error: 0.08546221552049649
variance: 0.00010903771979885831
pearson: 0.05635680509885549
p-valu: 3.586250535823973e-67

AL interation 3546/4801.

mae: 0.012020842345364244
max_error: 0.08546539169791179
variance: 0.00010903879397059303
pearson: 0.05618821001286932
p-valu: 8.834936678948405e-67

AL interation 3547/4801.

mae: 0.012019266212398603
max_error: 0.08566042155169673
variance: 0.00010903095929377972
pearson: 0.056415755222990006
p-valu: 2.6247162529603695e-67

AL interation 3548/4801.

mae: 0.012010606180594303
max_error: 0.08552048541449442
variance: 0.00010892241936652433
pearson: 0.05680817573322264
p-valu: 3.1953890553440057e-68

AL interation 3549/4801.

mae: 0.012004386082883824
max_error: 0.08542402335914123
variance: 0.00010885831889622274
pearson: 0.05725464730804306
p-valu: 2.858944640251364e-69

AL interation 3550/4801.

mae: 0.012005995567003212
max_error: 0.08547714829345243
variance: 0.00010876881994671736
pearson: 0.05738129756064514
p-valu: 1.4383130792366692e-69

AL interation 3551/4801.

mae: 0.012008589267866698
max_error: 0.08548545797956142
variance: 0.0001088549350799541
pearson: 0.057206677102954455
p-valu: 3.721669066027128e-69

AL interation 3552/4801.

mae: 0.012008725855383246
max_error: 0.08550567625278238
variance: 0.0001089610648971228
pearson: 0.05777763940769005
p-valu: 1.6562692819238902e-70

AL interation 3553/4801.

mae: 0.012009121528944839
max_error: 0.08545521390923061
variance: 0.00010898354249657664
pearson: 0.05812838703440465
p-valu: 2.4124735115933802e-71

AL interation 3554/4801.

mae: 0.012005809512626505
max_error: 0.08572744877736516
variance: 0.00010885949343171806
pearson: 0.058679141063027226
p-valu: 1.1430775141615464e-72

AL interation 3555/4801.

mae: 0.012007404295109294
max_error: 0.08574622493896134
variance: 0.00010882047061653301
pearson: 0.05906938412024667
p-valu: 1.295194339040781e-73

AL interation 3556/4801.

mae: 0.011996630559004075
max_error: 0.08579135366588564
variance: 0.00010880026615756477
pearson: 0.059540724673192665
p-valu: 9.152712199610345e-75

AL interation 3557/4801.

mae: 0.011994604024621497
max_error: 0.0859591319452051
variance: 0.00010877381175409852
pearson: 0.05962022067106754
p-valu: 5.850638058887605e-75

AL interation 3558/4801.

mae: 0.01199614050880645
max_error: 0.08597470249631844
variance: 0.0001087783203512339
pearson: 0.059842886542744944
p-valu: 1.6598607140378672e-75

AL interation 3559/4801.

mae: 0.011991936830919965
max_error: 0.08601295361794148
variance: 0.00010877893203662146
pearson: 0.05961472560501512
p-valu: 6.056892068989849e-75

AL interation 3560/4801.

mae: 0.01199169651597662
max_error: 0.08602826163977118
variance: 0.00010877771787597689
pearson: 0.0603434663936776
p-valu: 9.603539459974791e-77

AL interation 3561/4801.

mae: 0.011997942284530936
max_error: 0.086135356948293
variance: 0.00010866992208811229
pearson: 0.059752577229017195
p-valu: 2.7853287870422453e-75

AL interation 3562/4801.

mae: 0.011996972159392875
max_error: 0.08611148661319423
variance: 0.0001086484368180691
pearson: 0.0601739304175749
p-valu: 2.5401610942869976e-76

AL interation 3563/4801.

mae: 0.011996983665556748
max_error: 0.0861730614572338
variance: 0.0001085962514083541
pearson: 0.05970392486752319
p-valu: 3.682466760596005e-75

AL interation 3564/4801.

mae: 0.011991643291858835
max_error: 0.08602161186334745
variance: 0.00010846161837071172
pearson: 0.05904160526553988
p-valu: 1.5373127825844338e-73

AL interation 3565/4801.

mae: 0.01199040487872867
max_error: 0.08604241769924958
variance: 0.00010843846482468034
pearson: 0.059433527479007126
p-valu: 1.7028942121807993e-74

AL interation 3566/4801.

mae: 0.011989400907516597
max_error: 0.0859055790799943
variance: 0.000108439904785242
pearson: 0.05891554607735566
p-valu: 3.122718050575631e-73

AL interation 3567/4801.

mae: 0.0119832418883072
max_error: 0.08604681019395177
variance: 0.00010851990682447414
pearson: 0.05878814351334605
p-valu: 6.369922470397226e-73

AL interation 3568/4801.

mae: 0.011980128295820656
max_error: 0.08616608265700454
variance: 0.00010861657587443288
pearson: 0.05900738870775567
p-valu: 1.874966758802072e-73

AL interation 3569/4801.

mae: 0.011979320950443805
max_error: 0.08619503619118807
variance: 0.00010858733463430625
pearson: 0.05868907926158731
p-valu: 1.1099980287792503e-72

AL interation 3570/4801.

mae: 0.011979333568247067
max_error: 0.08649831433629918
variance: 0.00010862766543395708
pearson: 0.058786553083364564
p-valu: 6.46022186803543e-73

AL interation 3571/4801.

mae: 0.011980135207145153
max_error: 0.08663332325230333
variance: 0.0001086977549055812
pearson: 0.05887421962682361
p-valu: 3.967988297099726e-73

AL interation 3572/4801.

mae: 0.011980003064127559
max_error: 0.08663840985835525
variance: 0.00010870028505777545
pearson: 0.05946737825307263
p-valu: 1.4245958504686494e-74

AL interation 3573/4801.

mae: 0.011977511967769965
max_error: 0.0866274498182833
variance: 0.00010866881456278584
pearson: 0.05958822884031421
p-valu: 7.213608397715527e-75

AL interation 3574/4801.

mae: 0.01197738314205375
max_error: 0.08660026050327763
variance: 0.00010862611301323537
pearson: 0.05993939902130209
p-valu: 9.873986842346818e-76

AL interation 3575/4801.

mae: 0.011975573783534713
max_error: 0.08661413286998543
variance: 0.00010845874244946047
pearson: 0.05960050435892721
p-valu: 6.754152347338633e-75

AL interation 3576/4801.

mae: 0.011977800498881395
max_error: 0.08653814724155784
variance: 0.00010846900176695841
pearson: 0.05980590577423474
p-valu: 2.114741414242471e-75

AL interation 3577/4801.

mae: 0.011977684991029506
max_error: 0.08653887815788441
variance: 0.00010849835768957664
pearson: 0.05898395192088333
p-valu: 2.171591923743056e-73

AL interation 3578/4801.

mae: 0.011977455468035084
max_error: 0.08655960079184699
variance: 0.00010850924389221385
pearson: 0.059193360795037966
p-valu: 6.7283969788600926e-74

AL interation 3579/4801.

mae: 0.011975694325036382
max_error: 0.08658488755534965
variance: 0.00010843656967513565
pearson: 0.05863549570236685
p-valu: 1.521588899572799e-72

AL interation 3580/4801.

mae: 0.011971912838449159
max_error: 0.0866866665685706
variance: 0.00010842293825606078
pearson: 0.058347358028526655
p-valu: 7.536370805149871e-72

AL interation 3581/4801.

mae: 0.01196342151010453
max_error: 0.08703483046000149
variance: 0.00010786632204672972
pearson: 0.05898448851376246
p-valu: 2.1802738309443028e-73

AL interation 3582/4801.

mae: 0.01196498707349295
max_error: 0.08677445448100518
variance: 0.00010765101811397762
pearson: 0.05839467304681354
p-valu: 5.819754746432059e-72

AL interation 3583/4801.

mae: 0.011965460507519367
max_error: 0.08675461763803871
variance: 0.00010763266557006711
pearson: 0.05859091500297578
p-valu: 1.9629617289107868e-72

AL interation 3584/4801.

mae: 0.011964476552415185
max_error: 0.08673791079880577
variance: 0.00010761284798148043
pearson: 0.05806941326777001
p-valu: 3.5190335147574964e-71

AL interation 3585/4801.

mae: 0.01196495705070474
max_error: 0.08672332991980913
variance: 0.00010761422559695614
pearson: 0.058436792474437935
p-valu: 4.632432407632694e-72

AL interation 3586/4801.

mae: 0.01196300696361205
max_error: 0.08711009233710176
variance: 0.00010756231547975358
pearson: 0.058669773311461615
p-valu: 1.2727767006406671e-72

AL interation 3587/4801.

mae: 0.011963806539879393
max_error: 0.08701480910375214
variance: 0.00010767017088953014
pearson: 0.05863986726087624
p-valu: 1.505712504599549e-72

AL interation 3588/4801.

mae: 0.011964703937388705
max_error: 0.0871409639751477
variance: 0.00010770716191070327
pearson: 0.05913608781553786
p-valu: 9.442848730062045e-74

AL interation 3589/4801.

mae: 0.0119659166176586
max_error: 0.08715705519697114
variance: 0.00010773524393398824
pearson: 0.05960129152578412
p-valu: 6.894281965408903e-75

AL interation 3590/4801.

mae: 0.011964975930741636
max_error: 0.08721549153304697
variance: 0.0001076831131636136
pearson: 0.06003914456271392
p-valu: 5.762571727706874e-76

AL interation 3591/4801.

mae: 0.011959510657885088
max_error: 0.08746170622569882
variance: 0.00010750624006382426
pearson: 0.06040828604261
p-valu: 7.012817319002975e-77

AL interation 3592/4801.

mae: 0.011958687501328214
max_error: 0.08756365210072947
variance: 0.00010748095672562832
pearson: 0.060117140759142124
p-valu: 3.708691295278541e-76

AL interation 3593/4801.

mae: 0.011958049186281754
max_error: 0.08770059733595592
variance: 0.00010748804553771285
pearson: 0.0599533033079181
p-valu: 9.441941763421538e-76

AL interation 3594/4801.

mae: 0.011958903838473227
max_error: 0.08769072299336078
variance: 0.00010746310835758497
pearson: 0.06072319616251601
p-valu: 1.1557199191819923e-77

AL interation 3595/4801.

mae: 0.011953183329929345
max_error: 0.08796592358501987
variance: 0.00010734118509255194
pearson: 0.06062582545330256
p-valu: 2.0274355257046895e-77

AL interation 3596/4801.

mae: 0.011955665586112576
max_error: 0.08794886526928569
variance: 0.00010736586413064557
pearson: 0.06094899268491796
p-valu: 3.15346704573862e-78

AL interation 3597/4801.

mae: 0.011988404424968327
max_error: 0.08816110328669713
variance: 0.00010746906354983275
pearson: 0.060327296044649995
p-valu: 1.127201937358754e-76

AL interation 3598/4801.

mae: 0.011983506577531774
max_error: 0.0881175960824152
variance: 0.00010738522163136531
pearson: 0.06107197323591495
p-valu: 1.5539457833797885e-78

AL interation 3599/4801.

mae: 0.011982440605882824
max_error: 0.08825028671916191
variance: 0.00010749045028654036
pearson: 0.0608362276693282
p-valu: 6.081019105093393e-78

AL interation 3600/4801.

mae: 0.011983426344203704
max_error: 0.08813427209705371
variance: 0.00010781479195364477
pearson: 0.06091509019060588
p-valu: 3.864509470273343e-78

AL interation 3601/4801.

mae: 0.011982895815977909
max_error: 0.08812133449581272
variance: 0.00010779746367114317
pearson: 0.061003488650716496
p-valu: 2.322777107338981e-78

AL interation 3602/4801.

mae: 0.011973650831916188
max_error: 0.08862817358775321
variance: 0.00010766131890827922
pearson: 0.06188255001409989
p-valu: 1.3889699103663031e-80

AL interation 3603/4801.

mae: 0.011986827451724268
max_error: 0.08858132878166036
variance: 0.00010749107006154635
pearson: 0.061385778429492714
p-valu: 2.5370108252820013e-79

AL interation 3604/4801.

mae: 0.011982421731458602
max_error: 0.08844752038138215
variance: 0.00010748140850443566
pearson: 0.061328035183982735
p-valu: 3.5565850009550985e-79

AL interation 3605/4801.

mae: 0.011982514624120826
max_error: 0.0884597208462623
variance: 0.00010748539332436512
pearson: 0.062232634762027894
p-valu: 1.780713816015358e-81

AL interation 3606/4801.

mae: 0.011981574797318935
max_error: 0.0883903746755863
variance: 0.0001074968402723494
pearson: 0.0626472917641765
p-valu: 1.5321215421784065e-82

AL interation 3607/4801.

mae: 0.011983137760190235
max_error: 0.08818706553600753
variance: 0.00010768188202192497
pearson: 0.06254007816027479
p-valu: 2.9006091305307975e-82

AL interation 3608/4801.

mae: 0.01198260516998562
max_error: 0.08820308208513272
variance: 0.0001076709706984773
pearson: 0.06269088246723874
p-valu: 1.1871823353876216e-82

AL interation 3609/4801.

mae: 0.011981205997910983
max_error: 0.08823365150581997
variance: 0.00010768859677865543
pearson: 0.06296691353205142
p-valu: 2.2974597175207654e-83

AL interation 3610/4801.

mae: 0.011975357367257406
max_error: 0.08802783176705309
variance: 0.00010752920837826066
pearson: 0.06347153133588626
p-valu: 1.1181107952135808e-84

AL interation 3611/4801.

mae: 0.011977088655733312
max_error: 0.08803340319153397
variance: 0.00010750984580561721
pearson: 0.062415160633387444
p-valu: 6.127189453293024e-82

AL interation 3612/4801.

mae: 0.01198316671294064
max_error: 0.08819351936452624
variance: 0.00010771403057369648
pearson: 0.061235528425285485
p-valu: 6.180308779456829e-79

AL interation 3613/4801.

mae: 0.011985223689330762
max_error: 0.08821457479214989
variance: 0.00010761686635020592
pearson: 0.06099333114368805
p-valu: 2.5191884965295676e-78

AL interation 3614/4801.

mae: 0.011985882192696447
max_error: 0.08822462906281037
variance: 0.00010763489095473172
pearson: 0.06122207494598976
p-valu: 6.707519742675256e-79

AL interation 3615/4801.

mae: 0.011985659115462859
max_error: 0.08814304961268538
variance: 0.00010762752351317162
pearson: 0.061278359836645244
p-valu: 4.8466285591266066e-79

AL interation 3616/4801.

mae: 0.011985402537029195
max_error: 0.08814394012350424
variance: 0.00010761928625037277
pearson: 0.06090086980087654
p-valu: 4.322223051075482e-78

AL interation 3617/4801.

mae: 0.011987021179498406
max_error: 0.08815327477649082
variance: 0.00010767010642655094
pearson: 0.060932044632261775
p-valu: 3.6168468335068683e-78

AL interation 3618/4801.

mae: 0.011977170164475944
max_error: 0.08815338610409928
variance: 0.00010756157504226437
pearson: 0.06042139322134521
p-valu: 6.835767481150111e-77

AL interation 3619/4801.

mae: 0.011977234053931717
max_error: 0.08824858404458102
variance: 0.0001075616526870887
pearson: 0.05995913400482294
p-valu: 9.573233786900207e-76

AL interation 3620/4801.

mae: 0.011978475951832402
max_error: 0.08844764144876938
variance: 0.00010751558196919593
pearson: 0.05924928178139241
p-valu: 5.292769618881005e-74

AL interation 3621/4801.

mae: 0.011977494852807137
max_error: 0.08847432151950163
variance: 0.00010751993412749607
pearson: 0.059208850131443794
p-valu: 6.653254734557248e-74

AL interation 3622/4801.

mae: 0.011957388373933146
max_error: 0.08839059732671051
variance: 0.00010751054204385839
pearson: 0.05930573488999503
p-valu: 3.8677013898833475e-74

AL interation 3623/4801.

mae: 0.01194306120710171
max_error: 0.08824208284866875
variance: 0.00010740867003745744
pearson: 0.05926927744895687
p-valu: 4.755553716682278e-74

AL interation 3624/4801.

mae: 0.011945057703680277
max_error: 0.0882008552523843
variance: 0.00010736897899811212
pearson: 0.059164798751222464
p-valu: 8.563671289982832e-74

AL interation 3625/4801.

mae: 0.01194713496239467
max_error: 0.08838162699001662
variance: 0.00010737584338532853
pearson: 0.06050044215813936
p-valu: 4.4015980423721855e-77

AL interation 3626/4801.

mae: 0.011947583407853605
max_error: 0.08814004479635007
variance: 0.00010735007120978445
pearson: 0.060183717115514256
p-valu: 2.6988299199672828e-76

AL interation 3627/4801.

mae: 0.011949410911910404
max_error: 0.08831726591623412
variance: 0.00010724486929919067
pearson: 0.060618652709917495
p-valu: 2.2413394573610867e-77

AL interation 3628/4801.

mae: 0.011950611798601954
max_error: 0.08828191535284025
variance: 0.00010723697897923354
pearson: 0.06061066573649098
p-valu: 2.350925485295337e-77

AL interation 3629/4801.

mae: 0.011950308536116823
max_error: 0.08828862217822864
variance: 0.00010723785520294128
pearson: 0.06093361877531657
p-valu: 3.6652331260128877e-78

AL interation 3630/4801.

mae: 0.011947871535421466
max_error: 0.0880848079207539
variance: 0.00010718404320441603
pearson: 0.06102940057554026
p-valu: 2.1109004657522508e-78

AL interation 3631/4801.

mae: 0.011950379530412185
max_error: 0.08810376556019439
variance: 0.00010719209638357514
pearson: 0.06099844921171246
p-valu: 2.5294087759694976e-78

AL interation 3632/4801.

mae: 0.011948799876115473
max_error: 0.0881242003577285
variance: 0.00010715754711771262
pearson: 0.06070749968624806
p-valu: 1.3572264652075666e-77

AL interation 3633/4801.

mae: 0.011950324516024735
max_error: 0.08814819778516214
variance: 0.00010718479108769167
pearson: 0.060792758076826325
p-valu: 8.32242711105932e-78

AL interation 3634/4801.

mae: 0.011950222658035541
max_error: 0.08814617904389199
variance: 0.00010718850505047309
pearson: 0.060018598642665386
p-valu: 7.01436396922466e-76

AL interation 3635/4801.

mae: 0.011949361043664819
max_error: 0.0881127884574966
variance: 0.00010718019510692991
pearson: 0.05952829402649488
p-valu: 1.1300966491543796e-74

AL interation 3636/4801.

mae: 0.011954885410290092
max_error: 0.08823983661139612
variance: 0.00010720958465977953
pearson: 0.06007031557270764
p-valu: 5.2449322891839347e-76

AL interation 3637/4801.

mae: 0.011953333487112151
max_error: 0.08834176413464268
variance: 0.00010709579700957141
pearson: 0.05994455727941028
p-valu: 1.0743557294406968e-75

AL interation 3638/4801.

mae: 0.011953202916324013
max_error: 0.08836036295659544
variance: 0.00010698810794301133
pearson: 0.06022196485814174
p-valu: 2.217584000842592e-76

AL interation 3639/4801.

mae: 0.011956838449946673
max_error: 0.08838286722792366
variance: 0.00010697178606273791
pearson: 0.05963251841700796
p-valu: 6.318520614092938e-75

AL interation 3640/4801.

mae: 0.011957723706188297
max_error: 0.08839397483123723
variance: 0.00010702315057837377
pearson: 0.05958200686459638
p-valu: 8.420093746972021e-75

AL interation 3641/4801.

mae: 0.011956549226076068
max_error: 0.08838509368459602
variance: 0.0001070025748036685
pearson: 0.05970868477167443
p-valu: 4.121950767957773e-75

AL interation 3642/4801.

mae: 0.01195660891784782
max_error: 0.08838558473124469
variance: 0.00010700177662012376
pearson: 0.05981624407754797
p-valu: 2.24548901260935e-75

AL interation 3643/4801.

mae: 0.011955971820565731
max_error: 0.08837740580227949
variance: 0.00010712951388489745
pearson: 0.06030712922351891
p-valu: 1.3759179129111701e-76

AL interation 3644/4801.

mae: 0.011956102804881833
max_error: 0.0879498385805022
variance: 0.0001070548691000039
pearson: 0.06053924749129631
p-valu: 3.648566225154441e-77

AL interation 3645/4801.

mae: 0.011953648043800353
max_error: 0.08831995118478919
variance: 0.00010735915531900405
pearson: 0.060394886380487234
p-valu: 8.359808164792653e-77

AL interation 3646/4801.

mae: 0.011956401264028523
max_error: 0.0883439503857375
variance: 0.0001073472689866051
pearson: 0.06081286870971542
p-valu: 7.592841984557442e-78

AL interation 3647/4801.

mae: 0.011956720767740217
max_error: 0.08835892633240694
variance: 0.00010734360166491134
pearson: 0.06170889276057119
p-valu: 4.187718924909547e-80

AL interation 3648/4801.

mae: 0.011959059696687417
max_error: 0.08847942003174869
variance: 0.00010746159693045092
pearson: 0.061742205700126396
p-valu: 3.4528331433921446e-80

AL interation 3649/4801.

mae: 0.01192415296042397
max_error: 0.08756005457078975
variance: 0.00010690320352951852
pearson: 0.061070325808851855
p-valu: 1.7261415746284225e-78

AL interation 3650/4801.

mae: 0.011922872818456318
max_error: 0.08750691612229677
variance: 0.00010690939142989468
pearson: 0.06123944444118942
p-valu: 6.489742675635741e-79

AL interation 3651/4801.

mae: 0.011921274093242139
max_error: 0.0872529865521614
variance: 0.00010696828194480252
pearson: 0.061540526614373765
p-valu: 1.1280461983526226e-79

AL interation 3652/4801.

mae: 0.011917413904735177
max_error: 0.08712482665422105
variance: 0.00010695790466592349
pearson: 0.06084508654650275
p-valu: 6.37660404753104e-78

AL interation 3653/4801.

mae: 0.011916834293566204
max_error: 0.08710277566050029
variance: 0.00010695802969613562
pearson: 0.061142485661986386
p-valu: 1.1451400958493698e-78

AL interation 3654/4801.

mae: 0.011910315633591637
max_error: 0.08686389296352393
variance: 0.00010672229990442516
pearson: 0.06139913994604251
p-valu: 2.5851724186393667e-79

AL interation 3655/4801.

mae: 0.011911653468148473
max_error: 0.08697964525325408
variance: 0.00010671675485462369
pearson: 0.06093403863592214
p-valu: 3.838042553215158e-78

AL interation 3656/4801.

mae: 0.011908288004952342
max_error: 0.08702196487527947
variance: 0.000106736104037479
pearson: 0.06126589939930072
p-valu: 5.629222659688161e-79

AL interation 3657/4801.

mae: 0.011908088477526066
max_error: 0.08702037281117048
variance: 0.00010672842191311921
pearson: 0.061468922978818175
p-valu: 1.7319145893970843e-79

AL interation 3658/4801.

mae: 0.011909437068777525
max_error: 0.0874286175769925
variance: 0.0001068621880917482
pearson: 0.06107851273783776
p-valu: 1.6742578554584269e-78

AL interation 3659/4801.

mae: 0.011915276222297577
max_error: 0.08757166508374614
variance: 0.0001069393510386128
pearson: 0.06112642054897879
p-valu: 1.2710711509837807e-78

AL interation 3660/4801.

mae: 0.011911288661957328
max_error: 0.0876121990588985
variance: 0.00010671056396595373
pearson: 0.061001441128397
p-valu: 2.624518231905395e-78

AL interation 3661/4801.

mae: 0.011907230508292607
max_error: 0.08781777235552402
variance: 0.0001064251111032147
pearson: 0.061208241119875814
p-valu: 7.940432959463696e-79

AL interation 3662/4801.

mae: 0.011903101870951399
max_error: 0.0876262338859164
variance: 0.0001058729698194578
pearson: 0.06071032767526563
p-valu: 1.4115904292399083e-77

AL interation 3663/4801.

mae: 0.011902492681190978
max_error: 0.08763154688429897
variance: 0.00010587770564645699
pearson: 0.06130518645244096
p-valu: 4.540453329270216e-79

AL interation 3664/4801.

mae: 0.011901019045000726
max_error: 0.08747748455906224
variance: 0.00010586064439824754
pearson: 0.06115572932936714
p-valu: 1.0826914337916768e-78

AL interation 3665/4801.

mae: 0.011896377211412948
max_error: 0.08760008628340477
variance: 0.00010580918555326513
pearson: 0.061185945379125466
p-valu: 9.104595837919991e-79

AL interation 3666/4801.

mae: 0.011875087856832306
max_error: 0.08740628929834604
variance: 0.00010573980538650301
pearson: 0.060915905907092296
p-valu: 4.34990602621761e-78

AL interation 3667/4801.

mae: 0.011875065748623568
max_error: 0.08748450727469792
variance: 0.00010581283845164584
pearson: 0.061189452727058134
p-valu: 8.954951208924141e-79

AL interation 3668/4801.

mae: 0.011875830726623618
max_error: 0.08749166701207689
variance: 0.00010582778618408939
pearson: 0.06160233778708127
p-valu: 8.123920183224097e-80

AL interation 3669/4801.

mae: 0.011875025457994978
max_error: 0.08745762599599805
variance: 0.00010579052441717185
pearson: 0.061227291134111066
p-valu: 7.217642967743674e-79

AL interation 3670/4801.

mae: 0.011874139144046789
max_error: 0.08751264581067919
variance: 0.00010580869344540848
pearson: 0.061896211109980254
p-valu: 1.4612090173042508e-80

AL interation 3671/4801.

mae: 0.011869809489012591
max_error: 0.08752597101173198
variance: 0.00010582168512646571
pearson: 0.06231046893502254
p-valu: 1.2791268430772777e-81

AL interation 3672/4801.

mae: 0.011875769816730379
max_error: 0.08741131385275769
variance: 0.00010604572809552027
pearson: 0.0615937164325484
p-valu: 8.608534233252669e-80

AL interation 3673/4801.

mae: 0.011876537288176656
max_error: 0.08727837386530557
variance: 0.0001060635501670845
pearson: 0.06163302802686609
p-valu: 6.8563452158827e-80

AL interation 3674/4801.

mae: 0.011875585053610554
max_error: 0.08728124871484799
variance: 0.0001060678928121414
pearson: 0.06187518398768935
p-valu: 1.6657119357808785e-80

AL interation 3675/4801.

mae: 0.011876214375359545
max_error: 0.08730314550419682
variance: 0.00010613495582364968
pearson: 0.061888574737763116
p-valu: 1.542903898389967e-80

AL interation 3676/4801.

mae: 0.011875858620697156
max_error: 0.08730222215106953
variance: 0.0001060935291928496
pearson: 0.06204285299546127
p-valu: 6.249042025069112e-81

AL interation 3677/4801.

mae: 0.011871777083317277
max_error: 0.08739025088314922
variance: 0.00010605434633476355
pearson: 0.061857554856875045
p-valu: 1.8577260795045583e-80

AL interation 3678/4801.

mae: 0.011864346788417012
max_error: 0.08734652536148535
variance: 0.00010600694078444896
pearson: 0.06206479870062922
p-valu: 5.513911520808969e-81

AL interation 3679/4801.

mae: 0.011862615816205277
max_error: 0.0873425462771451
variance: 0.00010601368847198021
pearson: 0.061647678954141964
p-valu: 6.36659947548057e-80

AL interation 3680/4801.

mae: 0.011862127724470633
max_error: 0.08740608296037355
variance: 0.00010598621777643181
pearson: 0.06150534601009561
p-valu: 1.4633267659881644e-79

AL interation 3681/4801.

mae: 0.011861780020794889
max_error: 0.08741388292927188
variance: 0.00010601226019368137
pearson: 0.061296666526022225
p-valu: 4.935675738830175e-79

AL interation 3682/4801.

mae: 0.01186259945488832
max_error: 0.08754676079596213
variance: 0.00010626585015730626
pearson: 0.06116184224526171
p-valu: 1.0809614112369816e-78

AL interation 3683/4801.

mae: 0.011859337125686075
max_error: 0.08733840405446647
variance: 0.00010584280351258537
pearson: 0.06110972805270884
p-valu: 1.4645630761066525e-78

AL interation 3684/4801.

mae: 0.011849880280050079
max_error: 0.08753866082341522
variance: 0.00010575577794216215
pearson: 0.060913199972581274
p-valu: 4.569130848968995e-78

AL interation 3685/4801.

mae: 0.011850788261912043
max_error: 0.08753277781196123
variance: 0.00010577574640889793
pearson: 0.061550999081197134
p-valu: 1.132143666421128e-79

AL interation 3686/4801.

mae: 0.011854209610887926
max_error: 0.08754130208425015
variance: 0.00010574901953542793
pearson: 0.0615919361812271
p-valu: 8.93362744550448e-80

AL interation 3687/4801.

mae: 0.011857379981035664
max_error: 0.08773300400597184
variance: 0.00010577422379873853
pearson: 0.06130094979301471
p-valu: 4.8692599981784016e-79

AL interation 3688/4801.

mae: 0.011850236662563005
max_error: 0.08766651748672705
variance: 0.00010565457817978107
pearson: 0.06030611704813515
p-valu: 1.5024866283580586e-76

AL interation 3689/4801.

mae: 0.011848253870042338
max_error: 0.08784201029291983
variance: 0.00010562497559921302
pearson: 0.059994016818971846
p-valu: 8.910376347235733e-76

AL interation 3690/4801.

mae: 0.011846819203922035
max_error: 0.0878185905847062
variance: 0.00010562470551696546
pearson: 0.059785701420015464
p-valu: 2.9101757173803825e-75

AL interation 3691/4801.

mae: 0.011845289032233251
max_error: 0.08747653187609505
variance: 0.00010555357253458452
pearson: 0.05964213582341894
p-valu: 6.56697164311625e-75

AL interation 3692/4801.

mae: 0.011845476964165371
max_error: 0.08745478395738648
variance: 0.0001055277018996241
pearson: 0.05952509358482868
p-valu: 1.2735676058971381e-74

AL interation 3693/4801.

mae: 0.011837359741674807
max_error: 0.08752125948038558
variance: 0.00010566548295357817
pearson: 0.0595948481234365
p-valu: 8.6077636889145e-75

AL interation 3694/4801.

mae: 0.01183904379467457
max_error: 0.08759995855715208
variance: 0.00010579349921091721
pearson: 0.05960944778687802
p-valu: 7.940900850446885e-75

AL interation 3695/4801.

mae: 0.01182098839899536
max_error: 0.08767291452548709
variance: 0.00010548045862140015
pearson: 0.05899526880744056
p-valu: 2.5054723973992778e-73

AL interation 3696/4801.

mae: 0.011817924141075251
max_error: 0.08729206554406521
variance: 0.00010533080347485246
pearson: 0.05936317389570958
p-valu: 3.1918804750494855e-74

AL interation 3697/4801.

mae: 0.011817991721292683
max_error: 0.08729385801715073
variance: 0.00010532538679303579
pearson: 0.059730646528664985
p-valu: 4.0244924560279623e-75

AL interation 3698/4801.

mae: 0.011817366428249198
max_error: 0.0872763491800328
variance: 0.00010531583735115516
pearson: 0.05911755887558742
p-valu: 1.2708611183947676e-73

AL interation 3699/4801.

mae: 0.011818465231053392
max_error: 0.08717405347195784
variance: 0.00010514807042091604
pearson: 0.05844514839233026
p-valu: 5.378519044529448e-72

AL interation 3700/4801.

mae: 0.011814818932701338
max_error: 0.08721317124653472
variance: 0.00010516329761770257
pearson: 0.057996043592854936
p-valu: 6.4107298255868884e-71

AL interation 3701/4801.

mae: 0.011805575682693328
max_error: 0.08811205548116452
variance: 0.00010509382427332416
pearson: 0.05820123556744548
p-valu: 2.0763015913186577e-71

AL interation 3702/4801.

mae: 0.011806349739196342
max_error: 0.08812376011363487
variance: 0.00010513503484053079
pearson: 0.05847721652111429
p-valu: 4.5267565122864205e-72

AL interation 3703/4801.

mae: 0.011804064086948387
max_error: 0.08811545908727969
variance: 0.00010516056448278135
pearson: 0.058441476686851034
p-valu: 5.526754358055007e-72

AL interation 3704/4801.

mae: 0.011800107890816862
max_error: 0.08811379723218526
variance: 0.00010537319954735195
pearson: 0.05858311855814546
p-valu: 2.525401857361827e-72

AL interation 3705/4801.

mae: 0.011799904295577094
max_error: 0.08807725983777748
variance: 0.00010532049997289421
pearson: 0.05869711172305029
p-valu: 1.3431942767089243e-72

AL interation 3706/4801.

mae: 0.011805719820650448
max_error: 0.08790338534280129
variance: 0.00010528445682443385
pearson: 0.0582486692543066
p-valu: 1.6121010038571814e-71

AL interation 3707/4801.

mae: 0.01180151408722417
max_error: 0.08791149773313411
variance: 0.00010533835547531711
pearson: 0.05781586547002964
p-valu: 1.7424634669508292e-70

AL interation 3708/4801.

mae: 0.011794197993344288
max_error: 0.08785751024678068
variance: 0.00010510751683231683
pearson: 0.05779093113703054
p-valu: 2.00065275277406e-70

AL interation 3709/4801.

mae: 0.011794231575042403
max_error: 0.08785958897741186
variance: 0.00010511298588720151
pearson: 0.05778949293836748
p-valu: 2.0198484927939078e-70

AL interation 3710/4801.

mae: 0.011800136513262602
max_error: 0.08790833327092007
variance: 0.00010509044058385239
pearson: 0.0578431658995712
p-valu: 1.5080647653914643e-70

AL interation 3711/4801.

mae: 0.011800149816815113
max_error: 0.08847640580396221
variance: 0.00010515486882598327
pearson: 0.058485534465096974
p-valu: 4.390315779221993e-72

AL interation 3712/4801.

mae: 0.011795709640844256
max_error: 0.08850360529757784
variance: 0.00010511932761320472
pearson: 0.05907045848645603
p-valu: 1.6953005133974622e-73

AL interation 3713/4801.

mae: 0.011795281568551657
max_error: 0.08848987173431344
variance: 0.00010529591703094283
pearson: 0.058869514364329724
p-valu: 5.2161884029498185e-73

AL interation 3714/4801.

mae: 0.011792907579137556
max_error: 0.0884192579040104
variance: 0.00010542124400721789
pearson: 0.058823775351514465
p-valu: 6.742264852302986e-73

AL interation 3715/4801.

mae: 0.011789897941555296
max_error: 0.08826832857338052
variance: 0.00010547908814723212
pearson: 0.05914573500855634
p-valu: 1.1182529737677436e-73

AL interation 3716/4801.

mae: 0.011785309863082549
max_error: 0.08806343058884925
variance: 0.0001053938321843028
pearson: 0.05898883354244087
p-valu: 2.6943205667315545e-73

AL interation 3717/4801.

mae: 0.011783978400564898
max_error: 0.08790825089662069
variance: 0.00010517202328800888
pearson: 0.058793389130372964
p-valu: 8.027138420111383e-73

AL interation 3718/4801.

mae: 0.011784029885261326
max_error: 0.08790732236846854
variance: 0.00010517449506796738
pearson: 0.059203044195293625
p-valu: 8.153879300879433e-74

AL interation 3719/4801.

mae: 0.01177021562864584
max_error: 0.08782894626282034
variance: 0.00010503305395391982
pearson: 0.05960449239968574
p-valu: 8.538832965431971e-75

AL interation 3720/4801.

mae: 0.011773041459081366
max_error: 0.08781731681282001
variance: 0.00010506761402551848
pearson: 0.05976845996604979
p-valu: 3.3860982655925647e-75

AL interation 3721/4801.

mae: 0.01177348703536729
max_error: 0.08778156973883999
variance: 0.0001051175295237416
pearson: 0.06007046376021381
p-valu: 6.113531073877596e-76

AL interation 3722/4801.

mae: 0.011768424433590564
max_error: 0.08787742097163975
variance: 0.00010498974890977627
pearson: 0.059168801354676205
p-valu: 9.948739560515236e-74

AL interation 3723/4801.

mae: 0.011769420196177705
max_error: 0.08814317515524128
variance: 0.00010495137059233818
pearson: 0.058996895896581185
p-valu: 2.6073828691993882e-73

AL interation 3724/4801.

mae: 0.011769379132705503
max_error: 0.08819914594758704
variance: 0.00010496504352490327
pearson: 0.059091626319285794
p-valu: 1.537991115872331e-73

AL interation 3725/4801.

mae: 0.011769941121267002
max_error: 0.08822267135272743
variance: 0.0001049453325919673
pearson: 0.058698880975484764
p-valu: 1.3769017193856707e-72

AL interation 3726/4801.

mae: 0.011748949242480109
max_error: 0.0883858440322769
variance: 0.00010480323318290219
pearson: 0.05903442407238576
p-valu: 2.1252441155469158e-73

AL interation 3727/4801.

mae: 0.011746227473055091
max_error: 0.08831898784800107
variance: 0.00010476412903850426
pearson: 0.05907184827473094
p-valu: 1.7269927493712168e-73

AL interation 3728/4801.

mae: 0.01174831868778259
max_error: 0.08838666181808041
variance: 0.00010482626784630536
pearson: 0.05961763509105258
p-valu: 8.056718761978272e-75

AL interation 3729/4801.

mae: 0.011744510375368849
max_error: 0.08838173877282718
variance: 0.00010483227244153491
pearson: 0.06017732255403754
p-valu: 3.375946396861437e-76

AL interation 3730/4801.

mae: 0.01174415969022886
max_error: 0.0883656121511962
variance: 0.00010484727958719708
pearson: 0.06031227796765016
p-valu: 1.5662354266007388e-76

AL interation 3731/4801.

mae: 0.011743970211963578
max_error: 0.088333331357066
variance: 0.00010485077055606595
pearson: 0.0603089089446995
p-valu: 1.5995796695568935e-76

AL interation 3732/4801.

mae: 0.011745330101390903
max_error: 0.08832987666781666
variance: 0.00010482741145226357
pearson: 0.060040789417707366
p-valu: 7.382993613328232e-76

AL interation 3733/4801.

mae: 0.011719466175529516
max_error: 0.08818716679823813
variance: 0.00010400421749780696
pearson: 0.05877937701402626
p-valu: 8.922737746979375e-73

AL interation 3734/4801.

mae: 0.011721961550280074
max_error: 0.087908604378103
variance: 0.00010387505246319547
pearson: 0.05806771589726882
p-valu: 4.579736654024776e-71

AL interation 3735/4801.

mae: 0.011721354051056168
max_error: 0.08789897134537061
variance: 0.00010390007459744063
pearson: 0.05818233578832331
p-valu: 2.441413026166519e-71

AL interation 3736/4801.

mae: 0.011723165210078136
max_error: 0.08779180012632826
variance: 0.00010384545544824207
pearson: 0.05805555281783728
p-valu: 4.913025095782378e-71

AL interation 3737/4801.

mae: 0.011723047985969688
max_error: 0.08778198056032527
variance: 0.00010385556040209813
pearson: 0.05834673498304195
p-valu: 9.891874238060974e-72

AL interation 3738/4801.

mae: 0.011723036650197386
max_error: 0.08775376956080838
variance: 0.00010385147054954484
pearson: 0.058577391263689965
p-valu: 2.764299923719742e-72

AL interation 3739/4801.

mae: 0.011725697766226858
max_error: 0.08767208223096934
variance: 0.00010386766131884001
pearson: 0.05804332520637835
p-valu: 5.281280725651139e-71

AL interation 3740/4801.

mae: 0.01172732247697592
max_error: 0.08761671484652145
variance: 0.00010386075075305563
pearson: 0.05801148535541693
p-valu: 6.30141201836874e-71

AL interation 3741/4801.

mae: 0.01172121137165653
max_error: 0.08744271592084663
variance: 0.00010383887418259718
pearson: 0.05812706527989195
p-valu: 3.343685534305094e-71

AL interation 3742/4801.

mae: 0.011724544389259236
max_error: 0.08745451391203862
variance: 0.0001038660639778656
pearson: 0.05844885109278147
p-valu: 5.673004231615429e-72

AL interation 3743/4801.

mae: 0.01172339859488624
max_error: 0.08719564513765765
variance: 0.00010375638786442362
pearson: 0.058326255888985004
p-valu: 1.119059698355442e-71

AL interation 3744/4801.

mae: 0.01172461150621075
max_error: 0.08713204692256515
variance: 0.00010376266225862104
pearson: 0.058921322761666076
p-valu: 4.124245190763084e-73

AL interation 3745/4801.

mae: 0.011726887291588727
max_error: 0.08704333845642798
variance: 0.00010362322589900158
pearson: 0.058590526845190796
p-valu: 2.601284886672686e-72

AL interation 3746/4801.

mae: 0.011733167575772387
max_error: 0.08733444164525683
variance: 0.00010376363775998274
pearson: 0.058391913189145384
p-valu: 7.826164943747693e-72

AL interation 3747/4801.

mae: 0.011733994781065082
max_error: 0.08739824983266264
variance: 0.00010374001105994737
pearson: 0.05886289628927112
p-valu: 5.742209525911991e-73

AL interation 3748/4801.

mae: 0.01173356281855478
max_error: 0.08742968001868978
variance: 0.00010375736359897103
pearson: 0.05901389875031611
p-valu: 2.4771041363731778e-73

AL interation 3749/4801.

mae: 0.011734736510808783
max_error: 0.08754942483008965
variance: 0.00010390846869920596
pearson: 0.058855944500221205
p-valu: 5.989808747072592e-73

AL interation 3750/4801.

mae: 0.01173330067254664
max_error: 0.08749130841741537
variance: 0.00010389328526711282
pearson: 0.05854298854519336
p-valu: 3.415014909639561e-72

AL interation 3751/4801.

mae: 0.011731125189333412
max_error: 0.08788418360817052
variance: 0.00010394724727786164
pearson: 0.058296602178765096
p-valu: 1.3362186057377546e-71

AL interation 3752/4801.

mae: 0.011728671887363323
max_error: 0.08804172046646674
variance: 0.00010391991085069735
pearson: 0.05811368572333165
p-valu: 3.666932757696825e-71

AL interation 3753/4801.

mae: 0.011733474331570449
max_error: 0.08824162573253891
variance: 0.00010404883838558415
pearson: 0.05748572211166675
p-valu: 1.140639013180301e-69

AL interation 3754/4801.

mae: 0.011731586562495544
max_error: 0.0885443584473109
variance: 0.00010410135747156224
pearson: 0.057606597483652995
p-valu: 5.914526356798944e-70

AL interation 3755/4801.

mae: 0.011731453184706742
max_error: 0.08852444357833922
variance: 0.00010409942153735033
pearson: 0.05782460267963639
p-valu: 1.800551719003335e-70

AL interation 3756/4801.

mae: 0.01172878165624592
max_error: 0.08858592240838736
variance: 0.0001041510438628762
pearson: 0.0588101696473609
p-valu: 7.823693212956932e-73

AL interation 3757/4801.

mae: 0.011734085366129165
max_error: 0.08779611978778523
variance: 0.00010405038680918117
pearson: 0.05904097412760749
p-valu: 2.1631384686148896e-73

AL interation 3758/4801.

mae: 0.01173433361437245
max_error: 0.08780650745328278
variance: 0.00010405900321033991
pearson: 0.0588089417440491
p-valu: 7.904775740484256e-73

AL interation 3759/4801.

mae: 0.011733397309252814
max_error: 0.08799183512636266
variance: 0.0001041423560671064
pearson: 0.0589062142681769
p-valu: 4.6057056666295026e-73

AL interation 3760/4801.

mae: 0.011733887354012982
max_error: 0.08804457555496303
variance: 0.00010415295999725692
pearson: 0.05917828299174127
p-valu: 1.0086274593124767e-73

AL interation 3761/4801.

mae: 0.011734816200298823
max_error: 0.08806570753975795
variance: 0.00010414871581231519
pearson: 0.05927639400668814
p-valu: 5.829489534501979e-74

AL interation 3762/4801.

mae: 0.011735315850326729
max_error: 0.08804788915793726
variance: 0.00010414972291249088
pearson: 0.059962491659231815
p-valu: 1.2160378921408707e-75

AL interation 3763/4801.

mae: 0.011733530473888955
max_error: 0.08804753979282798
variance: 0.00010416568193080484
pearson: 0.05980730491342993
p-valu: 2.9359327858036113e-75

AL interation 3764/4801.

mae: 0.011734650024060872
max_error: 0.088053896279493
variance: 0.0001041857720476609
pearson: 0.05987564122331232
p-valu: 1.9972423542980295e-75

AL interation 3765/4801.

mae: 0.011730548525929809
max_error: 0.0869993127523998
variance: 0.00010415299011911249
pearson: 0.05970587959474394
p-valu: 5.229245523923044e-75

AL interation 3766/4801.

mae: 0.011717577014520196
max_error: 0.08627941169905573
variance: 0.0001039910394868267
pearson: 0.059419237586237926
p-valu: 2.6363446840177956e-74

AL interation 3767/4801.

mae: 0.011718253320142645
max_error: 0.08630696347543965
variance: 0.00010403009211534739
pearson: 0.05959089234855266
p-valu: 1.0044328533805834e-74

AL interation 3768/4801.

mae: 0.011717496212815568
max_error: 0.08638357760563342
variance: 0.0001040188006660511
pearson: 0.05928914145694464
p-valu: 5.494583524127432e-74

AL interation 3769/4801.

mae: 0.011716951594362925
max_error: 0.0863890652342747
variance: 0.00010406135253219693
pearson: 0.05938236272228115
p-valu: 3.260960362404431e-74

AL interation 3770/4801.

mae: 0.011720158597533179
max_error: 0.08644687125368766
variance: 0.00010413863193621691
pearson: 0.05943283903117843
p-valu: 2.459579698326273e-74

AL interation 3771/4801.

mae: 0.01171944368416067
max_error: 0.08649070664003777
variance: 0.00010420977531878251
pearson: 0.0600517676735061
p-valu: 7.444078237829076e-76

AL interation 3772/4801.

mae: 0.011719625753275556
max_error: 0.08644665475302138
variance: 0.00010415432211376431
pearson: 0.06003603593038274
p-valu: 8.154980629314144e-76

AL interation 3773/4801.

mae: 0.011707107214003224
max_error: 0.08626719787142467
variance: 0.00010418976216375682
pearson: 0.060154420025925574
p-valu: 4.166734607784131e-76

AL interation 3774/4801.

mae: 0.011700272119818401
max_error: 0.08618571094965266
variance: 0.00010397550306567609
pearson: 0.060016284671506374
p-valu: 9.156414155959601e-76

AL interation 3775/4801.

mae: 0.011700260108443326
max_error: 0.08622309972205078
variance: 0.00010397132905183984
pearson: 0.06020077007840805
p-valu: 3.2116898142973167e-76

AL interation 3776/4801.

mae: 0.01170348154580932
max_error: 0.08613527662626841
variance: 0.00010392732069054192
pearson: 0.06004247032938687
p-valu: 7.919368594766958e-76

AL interation 3777/4801.

mae: 0.01170449126746671
max_error: 0.08617643420646748
variance: 0.00010386565920806049
pearson: 0.0599008668060501
p-valu: 1.77218286747288e-75

AL interation 3778/4801.

mae: 0.011699144946598475
max_error: 0.08619031434116953
variance: 0.00010370896585001697
pearson: 0.05966100204830238
p-valu: 6.896565645852966e-75

AL interation 3779/4801.

mae: 0.011700350297086097
max_error: 0.08621693068861025
variance: 0.00010391162853729021
pearson: 0.05942489687431544
p-valu: 2.6133367587209765e-74

AL interation 3780/4801.

mae: 0.011697630074660128
max_error: 0.086239251450283
variance: 0.00010392003183688237
pearson: 0.06018689055832144
p-valu: 3.507711214082611e-76

AL interation 3781/4801.

mae: 0.011699980669105941
max_error: 0.08609756547028558
variance: 0.0001038737159430498
pearson: 0.060132368647105805
p-valu: 4.7931229487914255e-76

AL interation 3782/4801.

mae: 0.011699346526348478
max_error: 0.08604647148812039
variance: 0.00010387021372576676
pearson: 0.06044544582862793
p-valu: 8.047709279816955e-77

AL interation 3783/4801.

mae: 0.011692137974718976
max_error: 0.0860854858658826
variance: 0.00010394701989316994
pearson: 0.06042038964191576
p-valu: 9.304668378249008e-77

AL interation 3784/4801.

mae: 0.01169115443116296
max_error: 0.08601817728075223
variance: 0.0001039338957752805
pearson: 0.05991755704446688
p-valu: 1.632658973691332e-75

AL interation 3785/4801.

mae: 0.011690185302865096
max_error: 0.08604469335049036
variance: 0.0001039302418186081
pearson: 0.060431079536093196
p-valu: 8.785112188890239e-77

AL interation 3786/4801.

mae: 0.011681626672028983
max_error: 0.08615963386208425
variance: 0.0001039200139103428
pearson: 0.06108986165671656
p-valu: 1.9930152714269286e-78

AL interation 3787/4801.

mae: 0.011681342701485582
max_error: 0.08600234569556453
variance: 0.00010394059165585754
pearson: 0.06069765972567617
p-valu: 1.913494371986485e-77

AL interation 3788/4801.

mae: 0.011678647037884139
max_error: 0.08598347093473824
variance: 0.00010387766687958222
pearson: 0.06041243830182077
p-valu: 9.827099771265639e-77

AL interation 3789/4801.

mae: 0.011679035158269156
max_error: 0.08578157162563405
variance: 0.0001039126639925546
pearson: 0.060365592132717236
p-valu: 1.2867090350453724e-76

AL interation 3790/4801.

mae: 0.011669081821301296
max_error: 0.08568490138967211
variance: 0.0001039064574613242
pearson: 0.05976806664261677
p-valu: 3.84789400622322e-75

AL interation 3791/4801.

mae: 0.011670372705419343
max_error: 0.08562812727203384
variance: 0.0001038689326165002
pearson: 0.05949430874744826
p-valu: 1.806504504399961e-74

AL interation 3792/4801.

mae: 0.011666616766048892
max_error: 0.0856766103663944
variance: 0.0001039092592332251
pearson: 0.05983117168262252
p-valu: 2.702146707439273e-75

AL interation 3793/4801.

mae: 0.011665734112849845
max_error: 0.08566367442225276
variance: 0.00010390050637820267
pearson: 0.05985168890843421
p-valu: 2.4101085748536197e-75

AL interation 3794/4801.

mae: 0.011663924903760673
max_error: 0.08559691495046029
variance: 0.00010389543362918893
pearson: 0.06090322018219434
p-valu: 5.94097405687837e-78

AL interation 3795/4801.

mae: 0.011663909947978297
max_error: 0.08559126852404408
variance: 0.0001038966851268738
pearson: 0.06073782220195839
p-valu: 1.541873372856873e-77

AL interation 3796/4801.

mae: 0.011655014051202756
max_error: 0.08565500892680977
variance: 0.00010385475183128581
pearson: 0.06119218053625547
p-valu: 1.123512998578448e-78

AL interation 3797/4801.

mae: 0.011654801365200883
max_error: 0.08565401037893428
variance: 0.00010383079950842084
pearson: 0.06126680733396891
p-valu: 7.305106745245043e-79

AL interation 3798/4801.

mae: 0.011654195437491601
max_error: 0.08566121330867138
variance: 0.00010383733182068007
pearson: 0.06131532158922109
p-valu: 5.524043559227433e-79

AL interation 3799/4801.

mae: 0.011655065677966057
max_error: 0.08568628567789749
variance: 0.00010385079079733644
pearson: 0.06209808100293821
p-valu: 5.731090086228312e-81

AL interation 3800/4801.

mae: 0.011655221062636237
max_error: 0.08568819104792458
variance: 0.00010377170007454263
pearson: 0.06265564618267577
p-valu: 2.1374113246337015e-82

AL interation 3801/4801.

mae: 0.011655067100855733
max_error: 0.08570206735865615
variance: 0.00010378384822361205
pearson: 0.06277383760871769
p-valu: 1.0620527191822758e-82

AL interation 3802/4801.

mae: 0.011659757193915371
max_error: 0.08554551603927796
variance: 0.00010378155829631901
pearson: 0.06275320601006398
p-valu: 1.2028670183827114e-82

AL interation 3803/4801.

mae: 0.011659319805176474
max_error: 0.08552308174811007
variance: 0.00010371429080678663
pearson: 0.06208103706454221
p-valu: 6.383920450361564e-81

AL interation 3804/4801.

mae: 0.01165587377847392
max_error: 0.08533912336887117
variance: 0.00010371399853123868
pearson: 0.06183014445208941
p-valu: 2.783898303371194e-80

AL interation 3805/4801.

mae: 0.011638706581069084
max_error: 0.08522549520356226
variance: 0.00010350879189246948
pearson: 0.06113186968333963
p-valu: 1.6199371727596787e-78

AL interation 3806/4801.

mae: 0.011664454227558416
max_error: 0.08543995391508763
variance: 0.00010401301396000738
pearson: 0.061413405400518026
p-valu: 3.1732853264900725e-79

AL interation 3807/4801.

mae: 0.011662149560504667
max_error: 0.08656294001528697
variance: 0.00010399105579791218
pearson: 0.06085633599111732
p-valu: 7.973620998083914e-78

AL interation 3808/4801.

mae: 0.011661206531787444
max_error: 0.08655420399489633
variance: 0.00010400074729913004
pearson: 0.06046820908458473
p-valu: 7.410605016437353e-77

AL interation 3809/4801.

mae: 0.011663176829075764
max_error: 0.0866390904659824
variance: 0.00010397892838207379
pearson: 0.0601934804942944
p-valu: 3.56161138465946e-76

AL interation 3810/4801.

mae: 0.0116623769816809
max_error: 0.08654504698759813
variance: 0.00010398962602820438
pearson: 0.060087573702917056
p-valu: 6.518172050205686e-76

AL interation 3811/4801.

mae: 0.011638202439674832
max_error: 0.0852076326398532
variance: 0.00010356763281618179
pearson: 0.059925121585147983
p-valu: 1.6421810649284148e-75

AL interation 3812/4801.

mae: 0.011627202979362745
max_error: 0.08518365045145804
variance: 0.00010355677715567336
pearson: 0.059976385248302996
p-valu: 1.2300939981471678e-75

AL interation 3813/4801.

mae: 0.011630957593597956
max_error: 0.08518142568326259
variance: 0.0001035806739672699
pearson: 0.059870025168558036
p-valu: 2.252021833552984e-75

AL interation 3814/4801.

mae: 0.011624569294465033
max_error: 0.08500380349804293
variance: 0.00010342414110349428
pearson: 0.059881049571544866
p-valu: 2.1195096735704208e-75

AL interation 3815/4801.

mae: 0.011625010957803793
max_error: 0.08498835064964116
variance: 0.00010343846516711225
pearson: 0.05958832113354993
p-valu: 1.11020911438873e-74

AL interation 3816/4801.

mae: 0.011620713322725972
max_error: 0.08514748195674149
variance: 0.0001033387827777786
pearson: 0.059539628486993165
p-valu: 1.46329973272023e-74

AL interation 3817/4801.

mae: 0.01161573696355113
max_error: 0.08518896461126535
variance: 0.00010336007910416605
pearson: 0.058942854365836427
p-valu: 4.154432198809845e-73

AL interation 3818/4801.

mae: 0.011620247209903728
max_error: 0.08509826125490183
variance: 0.00010337058104161914
pearson: 0.058773644803998
p-valu: 1.0676177725359916e-72

AL interation 3819/4801.

mae: 0.011612502154761901
max_error: 0.0850471586298085
variance: 0.0001035111867383622
pearson: 0.05916572268587365
p-valu: 1.2004519239024858e-73

AL interation 3820/4801.

mae: 0.011607460210683498
max_error: 0.0848493554670171
variance: 0.00010349116753927644
pearson: 0.05875532498051015
p-valu: 1.1861747238965247e-72

AL interation 3821/4801.

mae: 0.011607382468142774
max_error: 0.08482440972310035
variance: 0.00010349753311720938
pearson: 0.05821252532175524
p-valu: 2.3932481532939013e-71

AL interation 3822/4801.

mae: 0.011607385994666857
max_error: 0.08478135512840201
variance: 0.00010349799825509164
pearson: 0.058691382437092446
p-valu: 1.6978760597414062e-72

AL interation 3823/4801.

mae: 0.011609732321494221
max_error: 0.08479046611572305
variance: 0.00010359819603995469
pearson: 0.058876862544810886
p-valu: 6.063992520857623e-73

AL interation 3824/4801.

mae: 0.011600437655609376
max_error: 0.08457683256964121
variance: 0.00010333628402844233
pearson: 0.05913351728495174
p-valu: 1.450162526976546e-73

AL interation 3825/4801.

mae: 0.011602374805507368
max_error: 0.08464904752807745
variance: 0.00010332790056710248
pearson: 0.059256169488365415
p-valu: 7.310262797487889e-74

AL interation 3826/4801.

mae: 0.011601710151671732
max_error: 0.08463148129456788
variance: 0.00010330425231179801
pearson: 0.05940755979635398
p-valu: 3.1312840377426294e-74

AL interation 3827/4801.

mae: 0.011599550536552405
max_error: 0.08465377403425411
variance: 0.0001033537424161914
pearson: 0.0590322194026521
p-valu: 2.5677596080814515e-73

AL interation 3828/4801.

mae: 0.011601401967467095
max_error: 0.08491576113081867
variance: 0.00010348205106778021
pearson: 0.05998830019001973
p-valu: 1.1834162658865187e-75

AL interation 3829/4801.

mae: 0.011599655947974666
max_error: 0.08502649725122358
variance: 0.00010346578517177681
pearson: 0.059568258125992125
p-valu: 1.2745331058809047e-74

AL interation 3830/4801.

mae: 0.01160023947099364
max_error: 0.08509432268263883
variance: 0.0001035101143697901
pearson: 0.05947898858448076
p-valu: 2.110535142601573e-74

AL interation 3831/4801.

mae: 0.01159023819526516
max_error: 0.0850962306742844
variance: 0.00010340568208156372
pearson: 0.06002956641511892
p-valu: 9.413971411882726e-76

AL interation 3832/4801.

mae: 0.011586274815142331
max_error: 0.08519057664060203
variance: 0.00010333704471109185
pearson: 0.05968391235533692
p-valu: 6.674420063669646e-75

AL interation 3833/4801.

mae: 0.011587073427006513
max_error: 0.085235458149586
variance: 0.00010333731279157833
pearson: 0.059721681685253374
p-valu: 5.40216657358102e-75

AL interation 3834/4801.

mae: 0.011591469083852503
max_error: 0.08588883125165414
variance: 0.00010333720171399824
pearson: 0.059750325368988326
p-valu: 4.603244968695515e-75

AL interation 3835/4801.

mae: 0.01159746971370052
max_error: 0.085879112218467
variance: 0.00010302038457885731
pearson: 0.05885721576482649
p-valu: 6.907786450639208e-73

AL interation 3836/4801.

mae: 0.011597463927503044
max_error: 0.08588033947424667
variance: 0.00010302388580523947
pearson: 0.05859062917537762
p-valu: 3.041597628336953e-72

AL interation 3837/4801.

mae: 0.011598309136937126
max_error: 0.08602900012946013
variance: 0.00010304327545766895
pearson: 0.058547860639297004
p-valu: 3.8613172394846946e-72

AL interation 3838/4801.

mae: 0.01159849257894437
max_error: 0.08590497378716866
variance: 0.00010305217702884726
pearson: 0.05825132797751524
p-valu: 1.9895371181873623e-71

AL interation 3839/4801.

mae: 0.011591839652747573
max_error: 0.08577225176876202
variance: 0.00010283883812375347
pearson: 0.058362346343914843
p-valu: 1.0805075806823394e-71

AL interation 3840/4801.

mae: 0.01159229150809294
max_error: 0.08603248938223662
variance: 0.00010292317574791237
pearson: 0.05867283589197562
p-valu: 1.9414898121629705e-72

AL interation 3841/4801.

mae: 0.011595965202598271
max_error: 0.08566556891244947
variance: 0.00010293156406360089
pearson: 0.05873934437255102
p-valu: 1.3443891580909112e-72

AL interation 3842/4801.

mae: 0.011594019691285682
max_error: 0.08569294474571909
variance: 0.00010296858158198871
pearson: 0.05829172151805108
p-valu: 1.6033989635666698e-71

AL interation 3843/4801.

mae: 0.011592871062041
max_error: 0.08569414019237631
variance: 0.00010296491790393502
pearson: 0.058065036026328225
p-valu: 5.590172809613341e-71

AL interation 3844/4801.

mae: 0.011588635357232924
max_error: 0.08558820135957323
variance: 0.00010295619599576956
pearson: 0.05773991290269851
p-valu: 3.321357902169219e-70

AL interation 3845/4801.

mae: 0.011587058874932497
max_error: 0.08541427938124291
variance: 0.00010292998685215693
pearson: 0.057914497677671976
p-valu: 1.2806145739463003e-70

AL interation 3846/4801.

mae: 0.011586060529838823
max_error: 0.08547470775400545
variance: 0.00010292401776964545
pearson: 0.05815388468189128
p-valu: 3.4482253661438813e-71

AL interation 3847/4801.

mae: 0.011585542706553018
max_error: 0.08556525539487159
variance: 0.00010294301354213007
pearson: 0.05844280943038432
p-valu: 7.0239555117552e-72

AL interation 3848/4801.

mae: 0.011584255002970568
max_error: 0.0853059204626192
variance: 0.00010284207933146784
pearson: 0.05866506236783911
p-valu: 2.0552934641480769e-72

AL interation 3849/4801.

mae: 0.011584617652102653
max_error: 0.08543700530325116
variance: 0.00010282678514967144
pearson: 0.05865720301178902
p-valu: 2.1505950026908247e-72

AL interation 3850/4801.

mae: 0.011570667039445705
max_error: 0.08516297694385178
variance: 0.00010248996816931975
pearson: 0.05866612057097365
p-valu: 2.050341521265352e-72

AL interation 3851/4801.

mae: 0.011571632755319033
max_error: 0.08515002730044618
variance: 0.00010250484380328619
pearson: 0.05906436412526852
p-valu: 2.2379637371251347e-73

AL interation 3852/4801.

mae: 0.011568878845808072
max_error: 0.08499369390509348
variance: 0.00010247729138732348
pearson: 0.05967975407857612
p-valu: 7.08189082910983e-75

AL interation 3853/4801.

mae: 0.011568673129028465
max_error: 0.08477428569566148
variance: 0.00010240005591732206
pearson: 0.05989999634355069
p-valu: 2.0424254052963447e-75

AL interation 3854/4801.

mae: 0.01156673528774611
max_error: 0.08480418418529045
variance: 0.00010241919573148833
pearson: 0.05997607785977287
p-valu: 1.329406724025046e-75

AL interation 3855/4801.

mae: 0.0115685499963476
max_error: 0.08469711251862866
variance: 0.00010242619875880715
pearson: 0.05940565793374879
p-valu: 3.3319067009137608e-74

AL interation 3856/4801.

mae: 0.011561446979778378
max_error: 0.08514709001272824
variance: 0.00010235562767956467
pearson: 0.05925436074098785
p-valu: 7.799802027520858e-74

AL interation 3857/4801.

mae: 0.011564176174228813
max_error: 0.08517713059817145
variance: 0.00010246122009090237
pearson: 0.059225992366019525
p-valu: 9.159270950691058e-74

AL interation 3858/4801.

mae: 0.01154595896726568
max_error: 0.08520187143384139
variance: 0.00010200894521326465
pearson: 0.058975313348027185
p-valu: 3.7239569093126664e-73

AL interation 3859/4801.

mae: 0.01155352225828694
max_error: 0.08558164162130599
variance: 0.00010203641514150643
pearson: 0.05861658178834667
p-valu: 2.740785306432488e-72

AL interation 3860/4801.

mae: 0.011553297738697389
max_error: 0.08554767977173872
variance: 0.00010203691211668105
pearson: 0.058651828326994615
p-valu: 2.258195988400643e-72

AL interation 3861/4801.

mae: 0.01155189624911102
max_error: 0.08546921163659538
variance: 0.00010191569563467768
pearson: 0.05882764130089239
p-valu: 8.520193334728027e-73

AL interation 3862/4801.

mae: 0.01155866898850178
max_error: 0.08572180522995443
variance: 0.00010193697172898532
pearson: 0.05891136638829435
p-valu: 5.3556766093974693e-73

AL interation 3863/4801.

mae: 0.011561823230798853
max_error: 0.08578745169714641
variance: 0.0001019983026827945
pearson: 0.05843240460929795
p-valu: 7.646673092714524e-72

AL interation 3864/4801.

mae: 0.011560960180014393
max_error: 0.08579232909167733
variance: 0.0001020127127965811
pearson: 0.05868506641963959
p-valu: 1.8910074763750193e-72

AL interation 3865/4801.

mae: 0.011557873685460787
max_error: 0.08577032268047735
variance: 0.00010202378944050255
pearson: 0.05881854495213597
p-valu: 9.024860382773205e-73

AL interation 3866/4801.

mae: 0.01155731610565102
max_error: 0.08575049954768876
variance: 0.0001020165135149713
pearson: 0.05898754216820477
p-valu: 3.527440285311033e-73

AL interation 3867/4801.

mae: 0.011556938357637105
max_error: 0.08575090366892657
variance: 0.00010202604280118756
pearson: 0.05896150212007678
p-valu: 4.085780118829754e-73

AL interation 3868/4801.

mae: 0.011560386819064105
max_error: 0.08578704410527682
variance: 0.00010211853431583738
pearson: 0.058804155076120516
p-valu: 9.827732779730314e-73

AL interation 3869/4801.

mae: 0.011557810637076227
max_error: 0.08577688059293398
variance: 0.00010207036138464873
pearson: 0.05807763748012725
p-valu: 5.451375750308126e-71

AL interation 3870/4801.

mae: 0.011548987844061935
max_error: 0.08582275681445428
variance: 0.00010214504155249069
pearson: 0.0581507940719241
p-valu: 3.653294464505375e-71

AL interation 3871/4801.

mae: 0.011547716752697496
max_error: 0.08578913721911197
variance: 0.00010215888064401379
pearson: 0.05754653788217977
p-valu: 9.968249827413975e-70

AL interation 3872/4801.

mae: 0.011551759914407838
max_error: 0.08581412083939033
variance: 0.00010221237104013296
pearson: 0.05849715512151499
p-valu: 5.429354743921289e-72

AL interation 3873/4801.

mae: 0.011551197433464524
max_error: 0.08581002794315684
variance: 0.00010224369104997319
pearson: 0.058706823430497684
p-valu: 1.7022518207683372e-72

AL interation 3874/4801.

mae: 0.011552111657668122
max_error: 0.08580959965982804
variance: 0.00010224255734386624
pearson: 0.05899322917754143
p-valu: 3.465447673510359e-73

AL interation 3875/4801.

mae: 0.011548340135348127
max_error: 0.0857035931083232
variance: 0.00010224035363859287
pearson: 0.05866819481480366
p-valu: 2.116428837689956e-72

AL interation 3876/4801.

mae: 0.011549125753115858
max_error: 0.08572023952663987
variance: 0.00010224258876701
pearson: 0.059164619363214946
p-valu: 1.3352418078098944e-73

AL interation 3877/4801.

mae: 0.011551819073519497
max_error: 0.08579116816989374
variance: 0.00010233871412537123
pearson: 0.058209243704910936
p-valu: 2.680627041956481e-71

AL interation 3878/4801.

mae: 0.011552739639361374
max_error: 0.08588165025983874
variance: 0.00010228387818156913
pearson: 0.05828015820445379
p-valu: 1.817198400061054e-71

AL interation 3879/4801.

mae: 0.01155146588497891
max_error: 0.08512065847006345
variance: 0.00010218220361833745
pearson: 0.057996370881323325
p-valu: 8.659606145016938e-71

AL interation 3880/4801.

mae: 0.011553417682320525
max_error: 0.08512038708457514
variance: 0.00010222208722544202
pearson: 0.057929732115327065
p-valu: 1.2497028959801187e-70

AL interation 3881/4801.

mae: 0.011555213638367146
max_error: 0.08440283094322187
variance: 0.0001023241424620054
pearson: 0.057855223576756924
p-valu: 1.8820142635611658e-70

AL interation 3882/4801.

mae: 0.011556242179103667
max_error: 0.08434703703486268
variance: 0.00010229283095314787
pearson: 0.057767861878489014
p-valu: 3.038733189018998e-70

AL interation 3883/4801.

mae: 0.011556774728847776
max_error: 0.08434296666772245
variance: 0.00010227958672220968
pearson: 0.058217685790306714
p-valu: 2.585217795837711e-71

AL interation 3884/4801.

mae: 0.011570690628330058
max_error: 0.08490019899662404
variance: 0.00010225073784000294
pearson: 0.057683916331123526
p-valu: 4.820376474062009e-70

AL interation 3885/4801.

mae: 0.011571783854314335
max_error: 0.08493759249020916
variance: 0.00010228235921309069
pearson: 0.057834809017150476
p-valu: 2.1184666071538507e-70

AL interation 3886/4801.

mae: 0.011577001058669002
max_error: 0.08470772915487434
variance: 0.00010218493872810292
pearson: 0.05708919336440934
p-valu: 1.217799558074004e-68

AL interation 3887/4801.

mae: 0.011565393372929346
max_error: 0.07991721622809966
variance: 0.00010173742814264078
pearson: 0.05657327076109439
p-valu: 1.949472313474379e-67

AL interation 3888/4801.

mae: 0.011566468040074362
max_error: 0.07980512544807827
variance: 0.0001017870303308475
pearson: 0.05592010836677052
p-valu: 6.291213253529238e-66

AL interation 3889/4801.

mae: 0.011568336164939068
max_error: 0.07988735206507447
variance: 0.00010175649965270856
pearson: 0.0557238620843501
p-valu: 1.7746575552826e-65

AL interation 3890/4801.

mae: 0.01157268563783434
max_error: 0.08037676291204154
variance: 0.00010191341433096563
pearson: 0.05636324544142069
p-valu: 6.009655359773954e-67

AL interation 3891/4801.

mae: 0.011573425204533052
max_error: 0.08044342579913466
variance: 0.00010191077866916706
pearson: 0.05609121818993793
p-valu: 2.5550692677376504e-66

AL interation 3892/4801.

mae: 0.011573545140816212
max_error: 0.08074112645525422
variance: 0.00010193017180643606
pearson: 0.055675364158380744
p-valu: 2.301617968869104e-65

AL interation 3893/4801.

mae: 0.01157389804967461
max_error: 0.08081307633600265
variance: 0.00010195414229228194
pearson: 0.05562837252627177
p-valu: 2.9516055392796074e-65

AL interation 3894/4801.

mae: 0.01157329614056823
max_error: 0.0807495010224415
variance: 0.00010196255243971009
pearson: 0.056040834229480814
p-valu: 3.352860259529602e-66

AL interation 3895/4801.

mae: 0.011556199011765553
max_error: 0.08065604100446255
variance: 0.00010188336197456851
pearson: 0.05581824060374124
p-valu: 1.0892390160604883e-65

AL interation 3896/4801.

mae: 0.011552159149550992
max_error: 0.08065471362013743
variance: 0.00010186578105376633
pearson: 0.05586832780816325
p-valu: 8.375161386211017e-66

AL interation 3897/4801.

mae: 0.011548244860647086
max_error: 0.08075533427725934
variance: 0.00010176433794598495
pearson: 0.05651583650635726
p-valu: 2.6927946036413022e-67

AL interation 3898/4801.

mae: 0.01154371041217133
max_error: 0.08066100819113164
variance: 0.00010167549607024096
pearson: 0.056062146920046
p-valu: 3.013858193351817e-66

AL interation 3899/4801.

mae: 0.011545256569107834
max_error: 0.08067075271609103
variance: 0.00010168686248321335
pearson: 0.05593867620265708
p-valu: 5.80250180878109e-66

AL interation 3900/4801.

mae: 0.011544802128046818
max_error: 0.08055863137204544
variance: 0.00010170361069043298
pearson: 0.055702229541114034
p-valu: 2.023190726684089e-65

AL interation 3901/4801.

mae: 0.011540139033089243
max_error: 0.08038447779407254
variance: 0.00010154837634436947
pearson: 0.05464962356954786
p-valu: 4.904060948530479e-63

AL interation 3902/4801.

mae: 0.011538981560536904
max_error: 0.08039291749881561
variance: 0.00010156063442329714
pearson: 0.05461071606627845
p-valu: 6.004127886734622e-63

AL interation 3903/4801.

mae: 0.011540819941799845
max_error: 0.08037510164175221
variance: 0.00010155178248816293
pearson: 0.05488391707933185
p-valu: 1.462838740141296e-63

AL interation 3904/4801.

mae: 0.011532790452047042
max_error: 0.08040832126815478
variance: 0.00010159346057675772
pearson: 0.05477473336380751
p-valu: 2.579662307690058e-63

AL interation 3905/4801.

mae: 0.011523709759602256
max_error: 0.08035110236713483
variance: 0.00010151031699224214
pearson: 0.054510435047399095
p-valu: 1.0115080158627742e-62

AL interation 3906/4801.

mae: 0.011521104919057244
max_error: 0.08026725926336842
variance: 0.00010151671258070783
pearson: 0.05431467171141295
p-valu: 2.772123809536231e-62

AL interation 3907/4801.

mae: 0.01151802365393844
max_error: 0.08022005492265127
variance: 0.0001015304595568842
pearson: 0.05467061055071478
p-valu: 4.440013141357442e-63

AL interation 3908/4801.

mae: 0.011511669924679356
max_error: 0.08019066351997428
variance: 0.00010145460398725192
pearson: 0.054516192644608316
p-valu: 9.86354281918867e-63

AL interation 3909/4801.

mae: 0.011511051778110307
max_error: 0.08030957270173933
variance: 0.00010149422268578892
pearson: 0.053687624047792266
p-valu: 6.831239337487975e-61

AL interation 3910/4801.

mae: 0.01150999087292825
max_error: 0.08029662268589566
variance: 0.00010149591229905781
pearson: 0.054147790403771566
p-valu: 6.558806605099638e-62

AL interation 3911/4801.

mae: 0.01150257386959614
max_error: 0.08034468348094781
variance: 0.00010149532977525198
pearson: 0.05404966696715914
p-valu: 1.0847462303101735e-61

AL interation 3912/4801.

mae: 0.011502721702342648
max_error: 0.08034163147684414
variance: 0.00010150097898704516
pearson: 0.05383674114772244
p-valu: 3.216344255210636e-61

AL interation 3913/4801.

mae: 0.011501917029342532
max_error: 0.08070265604900162
variance: 0.00010145217624117625
pearson: 0.05414290545034866
p-valu: 6.754601005276303e-62

AL interation 3914/4801.

mae: 0.011501400142181586
max_error: 0.0809727126127513
variance: 0.00010154475402386948
pearson: 0.05387975677700722
p-valu: 2.591475655969745e-61

AL interation 3915/4801.

mae: 0.011501419076398355
max_error: 0.08097346900675295
variance: 0.00010154466202135535
pearson: 0.054182172695013464
p-valu: 5.541090354618079e-62

AL interation 3916/4801.

mae: 0.011501574474215683
max_error: 0.08103682920207977
variance: 0.0001015426403944233
pearson: 0.05431514316146458
p-valu: 2.80672716772555e-62

AL interation 3917/4801.

mae: 0.011498484390531121
max_error: 0.08082745797063073
variance: 0.00010159821787545985
pearson: 0.05428208706990621
p-valu: 3.3304631694948487e-62

AL interation 3918/4801.

mae: 0.011493209081759378
max_error: 0.08125146022783558
variance: 0.00010159051774873185
pearson: 0.05414936777757395
p-valu: 6.58322729574574e-62

AL interation 3919/4801.

mae: 0.011497080607912704
max_error: 0.08128977619734035
variance: 0.0001015829250288734
pearson: 0.05443129323810295
p-valu: 1.5522401781151247e-62

AL interation 3920/4801.

mae: 0.011499798691530035
max_error: 0.08133802856699224
variance: 0.0001016197664862139
pearson: 0.05447319692541504
p-valu: 1.2530502572465035e-62

AL interation 3921/4801.

mae: 0.011499966995865866
max_error: 0.08131787518849198
variance: 0.00010162043838181585
pearson: 0.05432741333136454
p-valu: 2.6550151243198744e-62

AL interation 3922/4801.

mae: 0.011507170922573995
max_error: 0.08134453716391765
variance: 0.00010167008951192457
pearson: 0.05418311659655996
p-valu: 5.571620032100521e-62

AL interation 3923/4801.

mae: 0.011509248045764654
max_error: 0.08142397672989721
variance: 0.00010160260593007544
pearson: 0.05402896712259643
p-valu: 1.2271081720384661e-61

AL interation 3924/4801.

mae: 0.011509635639296
max_error: 0.08142168724887999
variance: 0.00010158906769891579
pearson: 0.054770296318177536
p-valu: 2.720389867091732e-63

AL interation 3925/4801.

mae: 0.011507442373650072
max_error: 0.08149751310591857
variance: 0.00010164914811067629
pearson: 0.05464223788265403
p-valu: 5.281540221948173e-63

AL interation 3926/4801.

mae: 0.011508270302656089
max_error: 0.08107155163341706
variance: 0.0001018107695398242
pearson: 0.05440853451740793
p-valu: 1.7632256892833859e-62

AL interation 3927/4801.

mae: 0.011504699187474206
max_error: 0.08099109773619095
variance: 0.00010177330903557078
pearson: 0.05493438758752086
p-valu: 1.1674989220536038e-63

AL interation 3928/4801.

mae: 0.011504723171529566
max_error: 0.08098525601988915
variance: 0.00010177337728272637
pearson: 0.05535906795824221
p-valu: 1.2791565181034227e-64

AL interation 3929/4801.

mae: 0.011504367855381354
max_error: 0.0810685938279534
variance: 0.00010182697169285343
pearson: 0.05574731969336689
p-valu: 1.6694456659613195e-65

AL interation 3930/4801.

mae: 0.011500010859037062
max_error: 0.08097222592712972
variance: 0.00010163268415263859
pearson: 0.05509545793958378
p-valu: 5.077279675820244e-64

AL interation 3931/4801.

mae: 0.011501843160446222
max_error: 0.08091927247122332
variance: 0.0001016676896356227
pearson: 0.054857882519737014
p-valu: 1.7467045522301844e-63

AL interation 3932/4801.

mae: 0.011502793638534858
max_error: 0.0808183078018232
variance: 0.0001016607018368627
pearson: 0.054852019238981295
p-valu: 1.8033220235419892e-63

AL interation 3933/4801.

mae: 0.011504947888289528
max_error: 0.0812519379035479
variance: 0.0001019532622505303
pearson: 0.05559860399111891
p-valu: 3.6728113897764505e-65

AL interation 3934/4801.

mae: 0.01150930215072268
max_error: 0.0811954115236262
variance: 0.00010193688995775073
pearson: 0.05546321660730329
p-valu: 7.484258353675007e-65

AL interation 3935/4801.

mae: 0.01150941341005356
max_error: 0.08119623165274281
variance: 0.00010194271478606863
pearson: 0.055394217359503534
p-valu: 1.0758252235739836e-64

AL interation 3936/4801.

mae: 0.01150342172477007
max_error: 0.08141750055691266
variance: 0.00010191585505283201
pearson: 0.0550730344685249
p-valu: 5.7581792658710464e-64

AL interation 3937/4801.

mae: 0.011508137298188658
max_error: 0.08139833162821053
variance: 0.00010195623993269669
pearson: 0.05520462076642776
p-valu: 2.905742123264564e-64

AL interation 3938/4801.

mae: 0.011499070063642553
max_error: 0.08134230280419108
variance: 0.00010191795848984207
pearson: 0.05548674699002331
p-valu: 6.656977142334253e-65

AL interation 3939/4801.

mae: 0.011502847411737698
max_error: 0.08132216978200124
variance: 0.00010197173462816515
pearson: 0.05539108207239774
p-valu: 1.1003878466493107e-64

AL interation 3940/4801.

mae: 0.011502783382343729
max_error: 0.08142067515817364
variance: 0.00010203911609609819
pearson: 0.055162204851026776
p-valu: 3.641539690651299e-64

AL interation 3941/4801.

mae: 0.011503483302010382
max_error: 0.08078871394153286
variance: 0.00010201477557597575
pearson: 0.05511383937925682
p-valu: 4.6920315906538454e-64

AL interation 3942/4801.

mae: 0.011504744776258949
max_error: 0.08098422311767028
variance: 0.00010200550624124285
pearson: 0.05523347639923497
p-valu: 2.5188969542121253e-64

AL interation 3943/4801.

mae: 0.0115113719389106
max_error: 0.08104541474429827
variance: 0.00010211075222034429
pearson: 0.0550619108358664
p-valu: 6.166654748141595e-64

AL interation 3944/4801.

mae: 0.011508947457424996
max_error: 0.08103914242863941
variance: 0.00010205855153032208
pearson: 0.05526148291114937
p-valu: 2.1830429094507545e-64

AL interation 3945/4801.

mae: 0.01150851264203385
max_error: 0.08104944192681107
variance: 0.00010206477582497844
pearson: 0.055626372436905304
p-valu: 3.233990081600586e-65

AL interation 3946/4801.

mae: 0.011509565589152327
max_error: 0.08093310992970548
variance: 0.0001019968803824391
pearson: 0.055551598468107366
p-valu: 4.796674303387701e-65

AL interation 3947/4801.

mae: 0.011495691174008357
max_error: 0.08096788076480554
variance: 0.00010194031460636807
pearson: 0.05557108912226671
p-valu: 4.336972742173723e-65

AL interation 3948/4801.

mae: 0.01149590514154977
max_error: 0.08096112569117797
variance: 0.00010194649571868672
pearson: 0.05594335688752689
p-valu: 6.114104278865624e-66

AL interation 3949/4801.

mae: 0.011493641001161863
max_error: 0.08096147837776191
variance: 0.00010189672448015743
pearson: 0.05606465472847898
p-valu: 3.223545459625828e-66

AL interation 3950/4801.

mae: 0.011493797799007386
max_error: 0.08095095542947495
variance: 0.0001018876570428638
pearson: 0.05636742753260536
p-valu: 6.46804887418773e-67

AL interation 3951/4801.

mae: 0.011494848549650924
max_error: 0.08092889620209864
variance: 0.0001018695333903251
pearson: 0.0567733669845681
p-valu: 7.403042000088484e-68

AL interation 3952/4801.

mae: 0.011496863517237998
max_error: 0.08091149727696068
variance: 0.00010183557598459177
pearson: 0.05730730180411888
p-valu: 4.1758102215859893e-69

AL interation 3953/4801.

mae: 0.011489626003347023
max_error: 0.08083456773809705
variance: 0.00010185476371779052
pearson: 0.05777041633083256
p-valu: 3.3755007580455044e-70

AL interation 3954/4801.

mae: 0.011489520383410575
max_error: 0.080824078365626
variance: 0.00010185545747472319
pearson: 0.05825568966026185
p-valu: 2.3670804726406707e-71

AL interation 3955/4801.

mae: 0.011489302847550495
max_error: 0.08080612359597983
variance: 0.00010185387033475709
pearson: 0.0584155625170301
p-valu: 9.825969773239947e-72

AL interation 3956/4801.

mae: 0.011485816125411635
max_error: 0.08079468986696559
variance: 0.00010191569943894584
pearson: 0.058170939287954616
p-valu: 3.785081545092009e-71

AL interation 3957/4801.

mae: 0.011494544673171764
max_error: 0.08080457067834179
variance: 0.00010204023448534598
pearson: 0.057870196831151494
p-valu: 1.9705631618810683e-70

AL interation 3958/4801.

mae: 0.011494629476144075
max_error: 0.08109479692237476
variance: 0.0001019981252693582
pearson: 0.05825569051113546
p-valu: 2.3832683956055993e-71

AL interation 3959/4801.

mae: 0.011492984332726476
max_error: 0.08097009702331381
variance: 0.00010192665875458658
pearson: 0.05801863235941388
p-valu: 8.774894487258885e-71

AL interation 3960/4801.

mae: 0.01148957814031871
max_error: 0.08124207116387372
variance: 0.00010188236713624154
pearson: 0.057993054654529475
p-valu: 1.0111946312775107e-70

AL interation 3961/4801.

mae: 0.011496925143721302
max_error: 0.08147014346949111
variance: 0.00010206614248313755
pearson: 0.05759212571143523
p-valu: 9.03651406313419e-70

AL interation 3962/4801.

mae: 0.011495860997868085
max_error: 0.08140472273570087
variance: 0.0001021143944856383
pearson: 0.05812418406940132
p-valu: 4.943357185464002e-71

AL interation 3963/4801.

mae: 0.011496188199441733
max_error: 0.08132611017552738
variance: 0.0001020418142600015
pearson: 0.05803198715080573
p-valu: 8.21096946904313e-71

AL interation 3964/4801.

mae: 0.011496026979887618
max_error: 0.08131322345051051
variance: 0.00010203002003958441
pearson: 0.058289234763741045
p-valu: 2.0018828164065758e-71

AL interation 3965/4801.

mae: 0.011493851897193725
max_error: 0.081416793817229
variance: 0.00010210408819576022
pearson: 0.05751998059168489
p-valu: 1.3465232768357942e-69

AL interation 3966/4801.

mae: 0.01148513449236422
max_error: 0.0814962895426874
variance: 0.00010207202607842032
pearson: 0.057001496754717135
p-valu: 2.2266999346587206e-68

AL interation 3967/4801.

mae: 0.011479116184057376
max_error: 0.0817778241855962
variance: 0.00010187511747336046
pearson: 0.05665612331875711
p-valu: 1.4236288685963487e-67

AL interation 3968/4801.

mae: 0.011482403611129854
max_error: 0.08187450196354296
variance: 0.00010194904372834717
pearson: 0.05711921184200422
p-valu: 1.1846340131479707e-68

AL interation 3969/4801.

mae: 0.011480420538515435
max_error: 0.08182289047661873
variance: 0.00010198467215302374
pearson: 0.05685780633739287
p-valu: 4.845089982468201e-68

AL interation 3970/4801.

mae: 0.011479827910238672
max_error: 0.0818773598232696
variance: 0.00010200552342126812
pearson: 0.0567986791895039
p-valu: 6.665306811422023e-68

AL interation 3971/4801.

mae: 0.011469539054065602
max_error: 0.08205522426422651
variance: 0.00010175436858247997
pearson: 0.055693264750344466
p-valu: 2.369135621546507e-65

AL interation 3972/4801.

mae: 0.011467657691723638
max_error: 0.08207303904262919
variance: 0.00010177763940097495
pearson: 0.05555563219812537
p-valu: 4.889439512048987e-65

AL interation 3973/4801.

mae: 0.011466588599407693
max_error: 0.08202939583933078
variance: 0.00010176991949122629
pearson: 0.055509461180770776
p-valu: 6.2386590746586214e-65

AL interation 3974/4801.

mae: 0.011467433616057865
max_error: 0.08186792405311683
variance: 0.00010176202835259807
pearson: 0.055911319839565196
p-valu: 7.543532549367217e-66

AL interation 3975/4801.

mae: 0.011466703021469495
max_error: 0.08187044841477875
variance: 0.0001017913849534453
pearson: 0.05633920625273671
p-valu: 7.822245006945749e-67

AL interation 3976/4801.

mae: 0.011460332860584765
max_error: 0.08179583784456956
variance: 0.00010152595537827542
pearson: 0.05608464225412539
p-valu: 3.026129897104602e-66

AL interation 3977/4801.

mae: 0.011457647666914546
max_error: 0.08180653834986917
variance: 0.00010153024680903148
pearson: 0.056464661568036756
p-valu: 4.022738728092038e-67

AL interation 3978/4801.

mae: 0.011465833738732037
max_error: 0.08188810888194387
variance: 0.00010166823119095772
pearson: 0.056761374316805495
p-valu: 8.24746535280904e-68

AL interation 3979/4801.

mae: 0.01146059768891359
max_error: 0.0819150769150696
variance: 0.00010161253229209651
pearson: 0.05638160842277626
p-valu: 6.281948862046128e-67

AL interation 3980/4801.

mae: 0.011458652035576403
max_error: 0.08202328963242
variance: 0.0001015026542869919
pearson: 0.05645509674702654
p-valu: 4.253591046802339e-67

AL interation 3981/4801.

mae: 0.011458202337712551
max_error: 0.08196347454239405
variance: 0.00010148088023333232
pearson: 0.05698195106809308
p-valu: 2.5350073576413354e-68

AL interation 3982/4801.

mae: 0.011457770496304155
max_error: 0.08187099620434712
variance: 0.00010143164663843823
pearson: 0.05713190223993756
p-valu: 1.1319350984077775e-68

AL interation 3983/4801.

mae: 0.01145301683041571
max_error: 0.08193859586143337
variance: 0.00010150969908080115
pearson: 0.056895016921066605
p-valu: 4.058694672118291e-68

AL interation 3984/4801.

mae: 0.011455782916577187
max_error: 0.0819661163170935
variance: 0.00010157860934454487
pearson: 0.05654070575503845
p-valu: 2.7113808471172005e-67

AL interation 3985/4801.

mae: 0.011455025610428288
max_error: 0.08193812946982182
variance: 0.00010155109740244037
pearson: 0.056529956074534884
p-valu: 2.8761414972577096e-67

AL interation 3986/4801.

mae: 0.01145402769116464
max_error: 0.08179598656059572
variance: 0.0001015058533548113
pearson: 0.056133485775605396
p-valu: 2.373380281324844e-66

AL interation 3987/4801.

mae: 0.011452618078337567
max_error: 0.081575106188015
variance: 0.00010135015039833011
pearson: 0.055656109374038934
p-valu: 2.95289880202467e-65

AL interation 3988/4801.

mae: 0.01144872183967451
max_error: 0.08177310034196528
variance: 0.00010128474261483005
pearson: 0.05548105498130042
p-valu: 7.410058165805433e-65

AL interation 3989/4801.

mae: 0.011447091418826315
max_error: 0.08182080197119324
variance: 0.00010124935502593014
pearson: 0.05609916035831403
p-valu: 2.8603381741086766e-66

AL interation 3990/4801.

mae: 0.011445518526677915
max_error: 0.08174099926444289
variance: 0.00010122067619631865
pearson: 0.05661990402225152
p-valu: 1.7931890806346116e-67

AL interation 3991/4801.

mae: 0.01144759949679984
max_error: 0.08225083467030747
variance: 0.00010128332018221406
pearson: 0.057072228961327756
p-valu: 1.584734420769947e-68

AL interation 3992/4801.

mae: 0.011449594561456266
max_error: 0.08234053193544644
variance: 0.00010124122412118346
pearson: 0.056717485937912725
p-valu: 1.0672690811040711e-67

AL interation 3993/4801.

mae: 0.011448993225848796
max_error: 0.08228856693657183
variance: 0.00010120237886044887
pearson: 0.057084806960094776
p-valu: 1.4857284006851973e-68

AL interation 3994/4801.

mae: 0.01145202589858537
max_error: 0.08240609399516363
variance: 0.00010125735148984211
pearson: 0.057344273262760995
p-valu: 3.663814304652647e-69

AL interation 3995/4801.

mae: 0.011448290058281642
max_error: 0.08229317854582807
variance: 0.0001012516270858205
pearson: 0.057603944599598084
p-valu: 8.967988619161176e-70

AL interation 3996/4801.

mae: 0.011441093491022212
max_error: 0.08243358112875687
variance: 0.00010121960580169645
pearson: 0.05734024362513336
p-valu: 3.757016507544365e-69

AL interation 3997/4801.

mae: 0.011434525046432189
max_error: 0.0826123604977369
variance: 0.00010116107972747591
pearson: 0.057254770246824474
p-valu: 5.975420943025304e-69

AL interation 3998/4801.

mae: 0.011446499697414654
max_error: 0.08254343848173851
variance: 0.00010148446855611091
pearson: 0.057523966853154036
p-valu: 1.3919892735517657e-69

AL interation 3999/4801.

mae: 0.011443987253461652
max_error: 0.08268695045470342
variance: 0.00010153389570923942
pearson: 0.057583134009455784
p-valu: 1.0109611238622259e-69

AL interation 4000/4801.

mae: 0.011437425937312722
max_error: 0.08270668409685134
variance: 0.00010148651932717412
pearson: 0.057642995498534445
p-valu: 7.31225605186621e-70

AL interation 4001/4801.

mae: 0.011434923723209197
max_error: 0.08269453020446638
variance: 0.0001015033605953427
pearson: 0.05775249978353695
p-valu: 4.0338946257222993e-70

AL interation 4002/4801.

mae: 0.011431781077273327
max_error: 0.08257944661798722
variance: 0.0001015275406769645
pearson: 0.05752562333305271
p-valu: 1.388727760582562e-69

AL interation 4003/4801.

mae: 0.011432265878347989
max_error: 0.08258683501142916
variance: 0.00010153460835156377
pearson: 0.057385394533821625
p-valu: 2.9762891830277334e-69

AL interation 4004/4801.

mae: 0.01142901508651854
max_error: 0.08251563912861859
variance: 0.00010151602057191584
pearson: 0.05747610651180324
p-valu: 1.8230498277797363e-69

AL interation 4005/4801.

mae: 0.01142687782514468
max_error: 0.08276370750107565
variance: 0.00010147875245863688
pearson: 0.057577845433698996
p-valu: 1.0508982305201202e-69

AL interation 4006/4801.

mae: 0.011429099744035057
max_error: 0.08275586922607947
variance: 0.00010143235731119138
pearson: 0.05843532672322264
p-valu: 9.616223247339113e-72

AL interation 4007/4801.

mae: 0.01142483256354036
max_error: 0.08265691646355156
variance: 0.00010146391660893644
pearson: 0.05886125829109348
p-valu: 9.11146325877097e-73

AL interation 4008/4801.

mae: 0.011424062556345153
max_error: 0.08270977179225558
variance: 0.00010133702048676781
pearson: 0.058591141144954825
p-valu: 4.080402658430466e-72

AL interation 4009/4801.

mae: 0.011418481872633248
max_error: 0.0826403659314423
variance: 0.0001013772398077439
pearson: 0.05890358039955945
p-valu: 7.226553120253751e-73

AL interation 4010/4801.

mae: 0.011426509575746605
max_error: 0.08309680211121706
variance: 0.00010164001650803113
pearson: 0.0591028364399372
p-valu: 2.386087139896518e-73

AL interation 4011/4801.

mae: 0.01140937660011037
max_error: 0.08289527736522762
variance: 0.00010149452815818937
pearson: 0.05881923750951936
p-valu: 1.1587198224796978e-72

AL interation 4012/4801.

mae: 0.011409556637237082
max_error: 0.08314667535504161
variance: 0.00010152190764550852
pearson: 0.05928354091276437
p-valu: 8.723394665397042e-74

AL interation 4013/4801.

mae: 0.011406677664334713
max_error: 0.08292646617181565
variance: 0.00010142980219964803
pearson: 0.05903471484622627
p-valu: 3.5070137930974536e-73

AL interation 4014/4801.

mae: 0.011409100932236847
max_error: 0.08301303351643985
variance: 0.00010141354440818661
pearson: 0.0592086200707149
p-valu: 1.3310436019985539e-73

AL interation 4015/4801.

mae: 0.011409514564911138
max_error: 0.08307346107156666
variance: 0.0001015102541420686
pearson: 0.05851025519166942
p-valu: 6.457996733051238e-72

AL interation 4016/4801.

mae: 0.011403498200402894
max_error: 0.08292260849410416
variance: 0.00010149473055872052
pearson: 0.05819450840501639
p-valu: 3.682636802293906e-71

AL interation 4017/4801.

mae: 0.011403882581463638
max_error: 0.08300712924145448
variance: 0.00010151118198805269
pearson: 0.05825622153498085
p-valu: 2.627809030958037e-71

AL interation 4018/4801.

mae: 0.01140266222769528
max_error: 0.08302248615590035
variance: 0.0001015324654497284
pearson: 0.05814487900587833
p-valu: 4.8526990945082235e-71

AL interation 4019/4801.

mae: 0.011403414013807876
max_error: 0.08298984692308697
variance: 0.00010154080264284458
pearson: 0.0583265859783158
p-valu: 1.7903329068036803e-71

AL interation 4020/4801.

mae: 0.01140065378596951
max_error: 0.08319118965190175
variance: 0.00010145254297559037
pearson: 0.0577804860919182
p-valu: 3.575033611903998e-70

AL interation 4021/4801.

mae: 0.011400530150311582
max_error: 0.0831871503681072
variance: 0.00010145268966762409
pearson: 0.057994866355504895
p-valu: 1.1099207603340281e-70

AL interation 4022/4801.

mae: 0.011393247745702976
max_error: 0.08351682853870845
variance: 0.00010151677132003992
pearson: 0.05781913441163248
p-valu: 2.905134599117793e-70

AL interation 4023/4801.

mae: 0.01139293002305735
max_error: 0.08339710687622248
variance: 0.00010152414388479645
pearson: 0.057813145977078095
p-valu: 3.006686718805855e-70

AL interation 4024/4801.

mae: 0.011390099625518624
max_error: 0.08346070825863028
variance: 0.00010144238185568892
pearson: 0.0574830355488066
p-valu: 1.8150532045015812e-69

AL interation 4025/4801.

mae: 0.011388762678206411
max_error: 0.08358294811685885
variance: 0.0001014233150116333
pearson: 0.05794422942470106
p-valu: 1.474185165922137e-70

AL interation 4026/4801.

mae: 0.011384702422762153
max_error: 0.08346624538833969
variance: 0.00010144364069381858
pearson: 0.058829535483963934
p-valu: 1.1232343615889771e-72

AL interation 4027/4801.

mae: 0.011384579021499655
max_error: 0.08344690040511016
variance: 0.00010145020554717042
pearson: 0.058655121713970436
p-valu: 2.959312144372429e-72

AL interation 4028/4801.

mae: 0.011388190070896049
max_error: 0.0833749801143171
variance: 0.00010140212467169527
pearson: 0.05822222183606211
p-valu: 3.227777665638854e-71

AL interation 4029/4801.

mae: 0.011388664785656536
max_error: 0.0833449916620197
variance: 0.00010131111436929156
pearson: 0.05797789292378474
p-valu: 1.2345414714185395e-70

AL interation 4030/4801.

mae: 0.01138804910964878
max_error: 0.08327104283333431
variance: 0.00010131842652552785
pearson: 0.05794159509694927
p-valu: 1.508243999807475e-70

AL interation 4031/4801.

mae: 0.011394430081146234
max_error: 0.08294205375685526
variance: 0.0001012453204836446
pearson: 0.058224211656812255
p-valu: 3.2090308399880142e-71

AL interation 4032/4801.

mae: 0.011395392593433584
max_error: 0.08295584126225042
variance: 0.00010123174506318347
pearson: 0.05838499974354675
p-valu: 1.326980816912389e-71

AL interation 4033/4801.

mae: 0.011398484975515665
max_error: 0.08310366657977686
variance: 0.00010122461356056853
pearson: 0.058663325037363434
p-valu: 2.857402992313079e-72

AL interation 4034/4801.

mae: 0.011398852586973178
max_error: 0.0833054458901501
variance: 0.00010117423169167983
pearson: 0.05893172205543285
p-valu: 6.455030151156048e-73

AL interation 4035/4801.

mae: 0.011397059017403123
max_error: 0.08327501397187409
variance: 0.00010107347656799092
pearson: 0.058816453610061555
p-valu: 1.226892776524664e-72

AL interation 4036/4801.

mae: 0.011390533581326922
max_error: 0.08316299545757322
variance: 0.00010114270699402006
pearson: 0.058447716230826015
p-valu: 9.455397073994873e-72

AL interation 4037/4801.

mae: 0.011390312284076531
max_error: 0.08318272624390777
variance: 0.00010114033789239432
pearson: 0.05827964515144492
p-valu: 2.390367791726829e-71

AL interation 4038/4801.

mae: 0.011384547965380137
max_error: 0.0830715192690008
variance: 0.00010105510460466702
pearson: 0.05855994041493651
p-valu: 5.105978831567263e-72

AL interation 4039/4801.

mae: 0.011384407593053595
max_error: 0.08307251293061602
variance: 0.00010105439192113868
pearson: 0.05918627059680932
p-valu: 1.5759388544871886e-73

AL interation 4040/4801.

mae: 0.011378708980602665
max_error: 0.08308553968325616
variance: 0.00010095122462654914
pearson: 0.058891763528897696
p-valu: 8.14561802118182e-73

AL interation 4041/4801.

mae: 0.011388810522154777
max_error: 0.08304773022772172
variance: 0.00010086761991512204
pearson: 0.05884075819401119
p-valu: 1.0832679018911084e-72

AL interation 4042/4801.

mae: 0.011388624521020425
max_error: 0.08305707546267915
variance: 0.00010087171011399642
pearson: 0.05970385125337707
p-valu: 8.6864785841245485e-75

AL interation 4043/4801.

mae: 0.011377736312420976
max_error: 0.08289681159184004
variance: 0.00010095272368441408
pearson: 0.05914982719980747
p-valu: 1.945221124444905e-73

AL interation 4044/4801.

mae: 0.011384256342946247
max_error: 0.08288842132813845
variance: 0.00010106703710334119
pearson: 0.059212252747355525
p-valu: 1.3750662422895903e-73

AL interation 4045/4801.

mae: 0.011379013886759713
max_error: 0.0829156112997993
variance: 0.00010096644258323362
pearson: 0.059443631322640085
p-valu: 3.7714451726586005e-74

AL interation 4046/4801.

mae: 0.011369345792470323
max_error: 0.08322425430449987
variance: 0.0001008086683796479
pearson: 0.059633877358524316
p-valu: 1.2973831217507682e-74

AL interation 4047/4801.

mae: 0.011360636621699303
max_error: 0.08338791126905964
variance: 0.00010055951058122239
pearson: 0.05965083563757905
p-valu: 1.1813902538658146e-74

AL interation 4048/4801.

mae: 0.011358296567331744
max_error: 0.08359513457552059
variance: 0.00010046298231077505
pearson: 0.059248981447201865
p-valu: 1.127793981143575e-73

AL interation 4049/4801.

mae: 0.011358927565324565
max_error: 0.08376999966165788
variance: 0.00010054617391391094
pearson: 0.059794387158427276
p-valu: 5.2795984726449435e-75

AL interation 4050/4801.

mae: 0.011358868745914288
max_error: 0.08385053742429993
variance: 0.00010060651589193564
pearson: 0.05973561552060419
p-valu: 7.367606194051625e-75

AL interation 4051/4801.

mae: 0.01135866128065059
max_error: 0.08389752900783098
variance: 0.00010062449027961751
pearson: 0.05961882046993567
p-valu: 1.4247527618299028e-74

AL interation 4052/4801.

mae: 0.011354398303945686
max_error: 0.0839315997530179
variance: 0.00010063080539862483
pearson: 0.05897201592215962
p-valu: 5.3234731740737205e-73

AL interation 4053/4801.

mae: 0.011361938981077936
max_error: 0.0839099858970116
variance: 0.00010066602351646014
pearson: 0.05774614001380662
p-valu: 4.5563711750505343e-70

AL interation 4054/4801.

mae: 0.011348670192644907
max_error: 0.08383018561861211
variance: 0.0001007433777410132
pearson: 0.056720267184169094
p-valu: 1.1623349674567442e-67

AL interation 4055/4801.

mae: 0.01134537241911113
max_error: 0.08374314147684747
variance: 0.00010070469324298247
pearson: 0.057825338987542885
p-valu: 2.968499045219041e-70

AL interation 4056/4801.

mae: 0.011345479182305421
max_error: 0.08374018086331891
variance: 0.00010073155721045079
pearson: 0.05809722941928333
p-valu: 6.722021509879607e-71

AL interation 4057/4801.

mae: 0.01134510028554339
max_error: 0.08374518845610912
variance: 0.00010070077320364291
pearson: 0.05813789666158775
p-valu: 5.387510440045592e-71

AL interation 4058/4801.

mae: 0.011338486658604284
max_error: 0.08368575329612615
variance: 0.000100675284664372
pearson: 0.05838679557912696
p-valu: 1.3737460509344046e-71

AL interation 4059/4801.

mae: 0.011333711370784677
max_error: 0.08320622890940688
variance: 0.00010056754241995056
pearson: 0.058632713266443745
p-valu: 3.5404620983800743e-72

AL interation 4060/4801.

mae: 0.011334196714411994
max_error: 0.0830836761245195
variance: 0.00010059058552373214
pearson: 0.059124468534303955
p-valu: 2.3088501868691567e-73

AL interation 4061/4801.

mae: 0.011317401804180558
max_error: 0.08239739373019295
variance: 0.00010032702352433242
pearson: 0.05835790947728882
p-valu: 1.618931442752967e-71

AL interation 4062/4801.

mae: 0.01130535072863385
max_error: 0.08259259466402402
variance: 0.00010022072445064581
pearson: 0.058105234343150326
p-valu: 6.499224787953452e-71

AL interation 4063/4801.

mae: 0.011303960887584712
max_error: 0.0825491779244516
variance: 0.00010021222480522742
pearson: 0.05849132637274826
p-valu: 7.786199717823923e-72

AL interation 4064/4801.

mae: 0.01130427844957668
max_error: 0.08257552118292044
variance: 0.00010022233494752614
pearson: 0.05839688099047246
p-valu: 1.312923968001576e-71

AL interation 4065/4801.

mae: 0.011307686629038735
max_error: 0.0821895074462049
variance: 0.00010017432261996432
pearson: 0.058861141652874795
p-valu: 1.0085892973080799e-72

AL interation 4066/4801.

mae: 0.011296268571045919
max_error: 0.08205046878518663
variance: 9.992785972578703e-05
pearson: 0.058939710084607126
p-valu: 6.529154924389061e-73

AL interation 4067/4801.

mae: 0.011299330787101002
max_error: 0.08231644627656753
variance: 9.98485432400384e-05
pearson: 0.058413393972368
p-valu: 1.2049137813596565e-71

AL interation 4068/4801.

mae: 0.011303318917451916
max_error: 0.08203215409301667
variance: 9.978972415171199e-05
pearson: 0.057411702927971105
p-valu: 2.8741643793873874e-69

AL interation 4069/4801.

mae: 0.011301619959693107
max_error: 0.08193634174338915
variance: 9.979159559783085e-05
pearson: 0.057215443557534516
p-valu: 8.319394060923022e-69

AL interation 4070/4801.

mae: 0.011306438993703491
max_error: 0.08197560965962514
variance: 9.98112193402749e-05
pearson: 0.0576121720409076
p-valu: 9.71804987314119e-70

AL interation 4071/4801.

mae: 0.011310833368495105
max_error: 0.08185236870693591
variance: 9.990734544235872e-05
pearson: 0.05781779719509209
p-valu: 3.177438202686723e-70

AL interation 4072/4801.

mae: 0.011307445425303854
max_error: 0.08186392644828122
variance: 9.989013853330991e-05
pearson: 0.0586885944633163
p-valu: 2.6577137506894875e-72

AL interation 4073/4801.

mae: 0.011303511975943191
max_error: 0.0818706961456741
variance: 9.986568109581304e-05
pearson: 0.0583695361767587
p-valu: 1.5500445288426559e-71

AL interation 4074/4801.

mae: 0.011304171941890748
max_error: 0.08188424274956962
variance: 9.988508056815577e-05
pearson: 0.057861708856804556
p-valu: 2.5130986925621886e-70

AL interation 4075/4801.

mae: 0.011309123010296823
max_error: 0.08197366207176349
variance: 9.988804581668202e-05
pearson: 0.05789404388829753
p-valu: 2.109926087546818e-70

AL interation 4076/4801.

mae: 0.011308155581327788
max_error: 0.08193610134756857
variance: 9.98507728723011e-05
pearson: 0.05784532518264616
p-valu: 2.7574191967380202e-70

AL interation 4077/4801.

mae: 0.011304693793981002
max_error: 0.0819096743228187
variance: 9.966675408999695e-05
pearson: 0.05680989282924159
p-valu: 7.465329547244335e-68

AL interation 4078/4801.

mae: 0.011305119088149738
max_error: 0.0818795259522489
variance: 9.96618795241491e-05
pearson: 0.05697420809461706
p-valu: 3.0958435640638313e-68

AL interation 4079/4801.

mae: 0.011305617632499022
max_error: 0.0818724685216552
variance: 9.966310660069219e-05
pearson: 0.05716868198335105
p-valu: 1.0884213632973402e-68

AL interation 4080/4801.

mae: 0.011305403818339726
max_error: 0.08180348475642352
variance: 9.956830508045627e-05
pearson: 0.05706796635562482
p-valu: 1.875770200655209e-68

AL interation 4081/4801.

mae: 0.011300830160691949
max_error: 0.08178779921607604
variance: 9.942780377173757e-05
pearson: 0.056711546028666654
p-valu: 1.2721819170572488e-67

AL interation 4082/4801.

mae: 0.01130178386219498
max_error: 0.0804494216006646
variance: 9.938161882363608e-05
pearson: 0.05729459240899145
p-valu: 5.542864877688394e-69

AL interation 4083/4801.

mae: 0.0112983873660796
max_error: 0.08032802893174851
variance: 9.929216679588904e-05
pearson: 0.05725190251160521
p-valu: 6.992146966163327e-69

AL interation 4084/4801.

mae: 0.01129628644234713
max_error: 0.0804551179792583
variance: 9.92740548110868e-05
pearson: 0.05705481318686256
p-valu: 2.0265997700098983e-68

AL interation 4085/4801.

mae: 0.01129627629023303
max_error: 0.080454617986365
variance: 9.927404023972392e-05
pearson: 0.05719904501289989
p-valu: 9.331475455056928e-69

AL interation 4086/4801.

mae: 0.011298791713026475
max_error: 0.0806107095297961
variance: 9.933100734993067e-05
pearson: 0.05773292515389857
p-valu: 5.174720289599136e-70

AL interation 4087/4801.

mae: 0.011302006815540985
max_error: 0.0804456612543476
variance: 9.939640576621367e-05
pearson: 0.05764608343680174
p-valu: 8.314508533352326e-70

AL interation 4088/4801.

mae: 0.011296023386470299
max_error: 0.08043786857550406
variance: 9.93378516018104e-05
pearson: 0.057103404486736675
p-valu: 1.5703478666559327e-68

AL interation 4089/4801.

mae: 0.011298763329330585
max_error: 0.08039025321639603
variance: 9.93466541554714e-05
pearson: 0.057792497278769873
p-valu: 3.759356292920335e-70

AL interation 4090/4801.

mae: 0.011298683013294657
max_error: 0.08035427400708106
variance: 9.929305978307789e-05
pearson: 0.05823522332481476
p-valu: 3.3400301886225313e-71

AL interation 4091/4801.

mae: 0.011297550088044714
max_error: 0.0797172914183506
variance: 9.924760811701984e-05
pearson: 0.05818544613252954
p-valu: 4.397240224317284e-71

AL interation 4092/4801.

mae: 0.011297513184738532
max_error: 0.07971219497202076
variance: 9.924240714053707e-05
pearson: 0.057842784497974135
p-valu: 2.87213248634977e-70

AL interation 4093/4801.

mae: 0.011292879487430267
max_error: 0.07970524444616278
variance: 9.922529266156295e-05
pearson: 0.05759697871912834
p-valu: 1.0966958210419437e-69

AL interation 4094/4801.

mae: 0.011291157693892412
max_error: 0.07965135649400001
variance: 9.923018693168957e-05
pearson: 0.05758322310098327
p-valu: 1.1837461510761254e-69

AL interation 4095/4801.

mae: 0.011287437317245564
max_error: 0.07972481342884241
variance: 9.934333107509385e-05
pearson: 0.0577545119775904
p-valu: 4.670628347086378e-70

AL interation 4096/4801.

mae: 0.011279642799860544
max_error: 0.08014267455408519
variance: 9.939095962194007e-05
pearson: 0.058080781660259116
p-valu: 7.872152376994382e-71

AL interation 4097/4801.

mae: 0.011275542330309196
max_error: 0.0801548246948045
variance: 9.931404461700613e-05
pearson: 0.05821372202861608
p-valu: 3.803711447120727e-71

AL interation 4098/4801.

mae: 0.011266877274893596
max_error: 0.07991766901730846
variance: 9.922385543248537e-05
pearson: 0.0580246039087757
p-valu: 1.0743459726091191e-70

AL interation 4099/4801.

mae: 0.011266857520176636
max_error: 0.07992200556262508
variance: 9.92236243220141e-05
pearson: 0.05841617659513915
p-valu: 1.2534943413632145e-71

AL interation 4100/4801.

mae: 0.011265802221332642
max_error: 0.07990989124008085
variance: 9.921853018739121e-05
pearson: 0.05843591294828644
p-valu: 1.1262561641867724e-71

AL interation 4101/4801.

mae: 0.011269010983917695
max_error: 0.07997023934266001
variance: 9.927613699072622e-05
pearson: 0.058325724505900414
p-valu: 2.0694738080933875e-71

AL interation 4102/4801.

mae: 0.011270775429911235
max_error: 0.07999942529866932
variance: 9.929958533579765e-05
pearson: 0.05860193693130973
p-valu: 4.5206684879725456e-72

AL interation 4103/4801.

mae: 0.011275046402683224
max_error: 0.07987433728547733
variance: 9.932805137252403e-05
pearson: 0.058518803000093426
p-valu: 7.167136458612358e-72

AL interation 4104/4801.

mae: 0.01127597956712251
max_error: 0.07987670395440039
variance: 9.934235094316025e-05
pearson: 0.058644818767668035
p-valu: 3.578830345343009e-72

AL interation 4105/4801.

mae: 0.01127189054436261
max_error: 0.0789538891274646
variance: 9.917504474314777e-05
pearson: 0.05770880089904727
p-valu: 6.091654210234154e-70

AL interation 4106/4801.

mae: 0.011273256822733946
max_error: 0.07884766310852176
variance: 9.907441795203105e-05
pearson: 0.05696729912645406
p-valu: 3.3630430235912047e-68

AL interation 4107/4801.

mae: 0.011271474498649762
max_error: 0.07878850662226289
variance: 9.907734153350643e-05
pearson: 0.05765774414508282
p-valu: 8.068746659301072e-70

AL interation 4108/4801.

mae: 0.011277492141530296
max_error: 0.07874353488412855
variance: 9.90506798414e-05
pearson: 0.057828390771100004
p-valu: 3.191381703622356e-70

AL interation 4109/4801.

mae: 0.011266545248284939
max_error: 0.0788080524510264
variance: 9.859994689455652e-05
pearson: 0.057763805546005416
p-valu: 4.545494591977969e-70

AL interation 4110/4801.

mae: 0.011267912121762055
max_error: 0.07864994581794638
variance: 9.856217334868959e-05
pearson: 0.05791122084385729
p-valu: 2.03766111542773e-70

AL interation 4111/4801.

mae: 0.011264559825371582
max_error: 0.07882993540377758
variance: 9.858727876803308e-05
pearson: 0.057817480965170136
p-valu: 3.404102914878538e-70

AL interation 4112/4801.

mae: 0.011266219294281146
max_error: 0.0788330109165003
variance: 9.862327605290469e-05
pearson: 0.05812176646144634
p-valu: 6.4617537611495346e-71

AL interation 4113/4801.

mae: 0.011259850017680388
max_error: 0.07880323934003575
variance: 9.845012721621856e-05
pearson: 0.05821200354837435
p-valu: 3.945801556666006e-71

AL interation 4114/4801.

mae: 0.011256415480220716
max_error: 0.07882201434520941
variance: 9.849897175067085e-05
pearson: 0.05784107271206171
p-valu: 3.008294476285935e-70

AL interation 4115/4801.

mae: 0.011256698087314084
max_error: 0.07882323468109864
variance: 9.849108118995335e-05
pearson: 0.058333690731100986
p-valu: 2.028723263401356e-71

AL interation 4116/4801.

mae: 0.011248888794435856
max_error: 0.07881423424422285
variance: 9.826614670264417e-05
pearson: 0.05738970289404566
p-valu: 3.5054846540240364e-69

AL interation 4117/4801.

mae: 0.01124687236319037
max_error: 0.07876543118735246
variance: 9.820057501674197e-05
pearson: 0.0571910891854072
p-valu: 1.0266667541104288e-68

AL interation 4118/4801.

mae: 0.01124727709575283
max_error: 0.07874487912184525
variance: 9.825649979659044e-05
pearson: 0.05751164797944645
p-valu: 1.816751517029745e-69

AL interation 4119/4801.

mae: 0.011249724599512852
max_error: 0.07871905702839688
variance: 9.8210632388096e-05
pearson: 0.057771310084404504
p-valu: 4.437202354365477e-70

AL interation 4120/4801.

mae: 0.011247869656080479
max_error: 0.07901565546561362
variance: 9.837995618548478e-05
pearson: 0.05712066703440551
p-valu: 1.5079713209864503e-68

AL interation 4121/4801.

mae: 0.011241886511168557
max_error: 0.07874194299145931
variance: 9.838675395052438e-05
pearson: 0.056376183969106916
p-valu: 8.111872146258097e-67

AL interation 4122/4801.

mae: 0.011242135247851795
max_error: 0.078789978674908
variance: 9.847057753401639e-05
pearson: 0.057113750667344546
p-valu: 1.570338968291938e-68

AL interation 4123/4801.

mae: 0.01124246340159468
max_error: 0.07879237036130182
variance: 9.846994857773666e-05
pearson: 0.05740029040354692
p-valu: 3.348851787532168e-69

AL interation 4124/4801.

mae: 0.011239839423075437
max_error: 0.07862012122385242
variance: 9.845613163576507e-05
pearson: 0.05769079858558824
p-valu: 6.93546554839866e-70

AL interation 4125/4801.

mae: 0.011240009478170832
max_error: 0.07854271468685003
variance: 9.849296787079851e-05
pearson: 0.05794834071131227
p-valu: 1.7063096601884635e-70

AL interation 4126/4801.

mae: 0.011244973357208813
max_error: 0.07837643875407996
variance: 9.84824988855696e-05
pearson: 0.05787925754070689
p-valu: 2.4923749842683497e-70

AL interation 4127/4801.

mae: 0.011217934003933415
max_error: 0.07831885744534195
variance: 9.804812651503686e-05
pearson: 0.057661203363743974
p-valu: 8.187417478715482e-70

AL interation 4128/4801.

mae: 0.011218120901366231
max_error: 0.07828752696721897
variance: 9.803318577248847e-05
pearson: 0.05690782353559323
p-valu: 4.797006422218114e-68

AL interation 4129/4801.

mae: 0.011217394967201208
max_error: 0.07839180968838666
variance: 9.795381264819916e-05
pearson: 0.056999815535119874
p-valu: 2.931920974352716e-68

AL interation 4130/4801.

mae: 0.0112129967738151
max_error: 0.07838111921526836
variance: 9.798026424643232e-05
pearson: 0.057210921685681204
p-valu: 9.424499910844338e-69

AL interation 4131/4801.

mae: 0.011211934812037277
max_error: 0.07847221080081401
variance: 9.783077051810298e-05
pearson: 0.05732529047193825
p-valu: 5.090953029970793e-69

AL interation 4132/4801.

mae: 0.011210800274245973
max_error: 0.0786564602674702
variance: 9.781768934671165e-05
pearson: 0.05778310258943615
p-valu: 4.252846180163472e-70

AL interation 4133/4801.

mae: 0.01121141969654747
max_error: 0.07864351631204447
variance: 9.783553637378493e-05
pearson: 0.05762389177853404
p-valu: 1.0128819355599398e-69

AL interation 4134/4801.

mae: 0.011210329787760816
max_error: 0.07864188668171157
variance: 9.784657047434505e-05
pearson: 0.05816377799329872
p-valu: 5.32789282084529e-71

AL interation 4135/4801.

mae: 0.011212711371201613
max_error: 0.0786699178777639
variance: 9.78013192479661e-05
pearson: 0.057591715846476266
p-valu: 1.210316266937532e-69

AL interation 4136/4801.

mae: 0.011213383403262953
max_error: 0.07871495281623031
variance: 9.78031194041919e-05
pearson: 0.057462029131735114
p-valu: 2.4494683164371347e-69

AL interation 4137/4801.

mae: 0.011212818790717538
max_error: 0.07839922580868408
variance: 9.795485064496636e-05
pearson: 0.05747272411185164
p-valu: 2.3154153521446481e-69

AL interation 4138/4801.

mae: 0.011221810588418882
max_error: 0.07840315156753097
variance: 9.785715352225404e-05
pearson: 0.057820922261553116
p-valu: 3.49583204525486e-70

AL interation 4139/4801.

mae: 0.011216820718510967
max_error: 0.07847086625614286
variance: 9.779415382982168e-05
pearson: 0.05742119179705414
p-valu: 3.070939048490745e-69

AL interation 4140/4801.

mae: 0.011208392212282986
max_error: 0.07821007484270415
variance: 9.771001602228664e-05
pearson: 0.057676697887577365
p-valu: 7.691225753224031e-70

AL interation 4141/4801.

mae: 0.011209049640784894
max_error: 0.07820927378296294
variance: 9.766447036689487e-05
pearson: 0.057347179190314575
p-valu: 4.5982141050506137e-69

AL interation 4142/4801.

mae: 0.011210716529039535
max_error: 0.07838354998492325
variance: 9.77799647939593e-05
pearson: 0.05765096606852875
p-valu: 8.8755143941814e-70

AL interation 4143/4801.

mae: 0.01121070188348765
max_error: 0.07837300595091112
variance: 9.778609233920304e-05
pearson: 0.0578361932645938
p-valu: 3.243728461469213e-70

AL interation 4144/4801.

mae: 0.011210969240149757
max_error: 0.07836755503857096
variance: 9.779124009063588e-05
pearson: 0.057981928169536644
p-valu: 1.4664769350810435e-70

AL interation 4145/4801.

mae: 0.011204075267958713
max_error: 0.07858420056553261
variance: 9.782195378838792e-05
pearson: 0.05838589924706214
p-valu: 1.6023664990999343e-71

AL interation 4146/4801.

mae: 0.011204024562022281
max_error: 0.0785536096730397
variance: 9.784279246225577e-05
pearson: 0.05824773931946648
p-valu: 3.430418512089982e-71

AL interation 4147/4801.

mae: 0.011207675509080512
max_error: 0.07819139235133155
variance: 9.778347777080779e-05
pearson: 0.05774134978945668
p-valu: 5.4744254357275165e-70

AL interation 4148/4801.

mae: 0.01121057311967384
max_error: 0.07706205141883804
variance: 9.779343901990892e-05
pearson: 0.05776873250781219
p-valu: 4.724156819030869e-70

AL interation 4149/4801.

mae: 0.011211345934496273
max_error: 0.07706321751109901
variance: 9.780105187145911e-05
pearson: 0.058078738456320264
p-valu: 8.708887487189375e-71

AL interation 4150/4801.

mae: 0.01121201086772279
max_error: 0.07705901524721814
variance: 9.781286032281942e-05
pearson: 0.05855447475855204
p-valu: 6.382394743525089e-72

AL interation 4151/4801.

mae: 0.011216715352969255
max_error: 0.07698791626379209
variance: 9.785220523449864e-05
pearson: 0.05738138572980698
p-valu: 3.885435861258687e-69

AL interation 4152/4801.

mae: 0.011215762594218092
max_error: 0.07715798212055636
variance: 9.787025552064002e-05
pearson: 0.059322248873155195
p-valu: 8.996455243040405e-74

AL interation 4153/4801.

mae: 0.011213971045334408
max_error: 0.07720240712777415
variance: 9.785628077954915e-05
pearson: 0.05962220676241431
p-valu: 1.6771682234946667e-74

AL interation 4154/4801.

mae: 0.011213399971972902
max_error: 0.07733736788694334
variance: 9.780430557491887e-05
pearson: 0.05980437474063139
p-valu: 6.026428543051932e-75

AL interation 4155/4801.

mae: 0.011192864677230905
max_error: 0.07721800860898331
variance: 9.747163169880484e-05
pearson: 0.05982446259628061
p-valu: 5.39081919363433e-75

AL interation 4156/4801.

mae: 0.011193430052541895
max_error: 0.07710113762303483
variance: 9.737141961677653e-05
pearson: 0.06035004020786422
p-valu: 2.7522147744442754e-76

AL interation 4157/4801.

mae: 0.011192774572168709
max_error: 0.07698652224215441
variance: 9.736908925685662e-05
pearson: 0.0598526793178597
p-valu: 4.614245808239457e-75

AL interation 4158/4801.

mae: 0.011192576881087725
max_error: 0.07699008040188748
variance: 9.73666700892153e-05
pearson: 0.06062094378653571
p-valu: 5.895580270675475e-77

AL interation 4159/4801.

mae: 0.011192593868640528
max_error: 0.07703896460751314
variance: 9.735875061278246e-05
pearson: 0.061025248687318775
p-valu: 5.817034772049553e-78

AL interation 4160/4801.

mae: 0.011198345491556842
max_error: 0.07723821558582533
variance: 9.710726617491832e-05
pearson: 0.06083601794105558
p-valu: 1.7277655444474147e-77

AL interation 4161/4801.

mae: 0.011196926732156911
max_error: 0.07714878805726078
variance: 9.703088481474565e-05
pearson: 0.06061141826180294
p-valu: 6.259893154950863e-77

AL interation 4162/4801.

mae: 0.011196572802759376
max_error: 0.07715703685952069
variance: 9.70255668619277e-05
pearson: 0.06105935696317151
p-valu: 4.8074353255653785e-78

AL interation 4163/4801.

mae: 0.011197170494196471
max_error: 0.07718142388810922
variance: 9.701173975483041e-05
pearson: 0.06109316009609716
p-valu: 3.9647650307606784e-78

AL interation 4164/4801.

mae: 0.011204626420537772
max_error: 0.07720588839336817
variance: 9.700500138272005e-05
pearson: 0.061036048470254886
p-valu: 5.518037377372177e-78

AL interation 4165/4801.

mae: 0.011205312110497708
max_error: 0.07716422546016877
variance: 9.698228516194075e-05
pearson: 0.06087980355400054
p-valu: 1.3565957037569477e-77

AL interation 4166/4801.

mae: 0.011188772971563005
max_error: 0.07671682775552147
variance: 9.654502182607474e-05
pearson: 0.06051130489586237
p-valu: 1.1187703684539949e-76

AL interation 4167/4801.

mae: 0.011191238555542741
max_error: 0.07682585836781475
variance: 9.656066651250325e-05
pearson: 0.05992180157942184
p-valu: 3.180420641156604e-75

AL interation 4168/4801.

mae: 0.011190470210826916
max_error: 0.07681976079337294
variance: 9.654475626139013e-05
pearson: 0.06011718705255672
p-valu: 1.055081670242556e-75

AL interation 4169/4801.

mae: 0.01118709617540808
max_error: 0.07681265344152455
variance: 9.642970945012532e-05
pearson: 0.060145591397536634
p-valu: 8.998440569491892e-76

AL interation 4170/4801.

mae: 0.011185613355254677
max_error: 0.07678383054579574
variance: 9.63968412824236e-05
pearson: 0.06017968088842842
p-valu: 7.430437934833628e-76

AL interation 4171/4801.

mae: 0.01118678350914978
max_error: 0.0768268746726648
variance: 9.630092098291254e-05
pearson: 0.06083432322919578
p-valu: 1.7806831546083623e-77

AL interation 4172/4801.

mae: 0.011177739810656272
max_error: 0.07688645914939518
variance: 9.616067324454979e-05
pearson: 0.06097037084917126
p-valu: 8.170929755833386e-78

AL interation 4173/4801.

mae: 0.011182606251091059
max_error: 0.0768787526429009
variance: 9.61699192670185e-05
pearson: 0.06107383264725965
p-valu: 4.515236791155477e-78

AL interation 4174/4801.

mae: 0.011160558000861133
max_error: 0.07692835228207007
variance: 9.594439757955706e-05
pearson: 0.06012515753448746
p-valu: 1.0195417083367734e-75

AL interation 4175/4801.

mae: 0.011160722570907443
max_error: 0.07693045290060074
variance: 9.594591939430462e-05
pearson: 0.060465596399950014
p-valu: 1.476005782532685e-76

AL interation 4176/4801.

mae: 0.01115274618348613
max_error: 0.07691625419673476
variance: 9.599243979305673e-05
pearson: 0.060465276415208366
p-valu: 1.481417880298285e-76

AL interation 4177/4801.

mae: 0.011154198139852895
max_error: 0.07704595007388382
variance: 9.597504069577046e-05
pearson: 0.06049347524301694
p-valu: 1.2637972850306878e-76

AL interation 4178/4801.

mae: 0.011150715296098238
max_error: 0.07704406170549594
variance: 9.592856891286416e-05
pearson: 0.06083015443858433
p-valu: 1.847640091221689e-77

AL interation 4179/4801.

mae: 0.011153474487655725
max_error: 0.07704344178981448
variance: 9.58975725977054e-05
pearson: 0.06068563899063504
p-valu: 4.234207581673012e-77

AL interation 4180/4801.

mae: 0.01115455605042141
max_error: 0.07652940647566031
variance: 9.584998665151724e-05
pearson: 0.06045833999240606
p-valu: 1.5525004764037257e-76

AL interation 4181/4801.

mae: 0.011154303150361988
max_error: 0.07652735531681576
variance: 9.585168715948193e-05
pearson: 0.060825463773605946
p-valu: 1.908605424309845e-77

AL interation 4182/4801.

mae: 0.011154911121312736
max_error: 0.07632011076046585
variance: 9.591824218164592e-05
pearson: 0.06076567641923496
p-valu: 2.6932472986787874e-77

AL interation 4183/4801.

mae: 0.011159705087343128
max_error: 0.07634183126518512
variance: 9.602341132789935e-05
pearson: 0.06097825498849135
p-valu: 7.971118257051705e-78

AL interation 4184/4801.

mae: 0.011157906364100427
max_error: 0.07642899401006109
variance: 9.60158072010667e-05
pearson: 0.061280954310226884
p-valu: 1.396610733475202e-78

AL interation 4185/4801.

mae: 0.011152925779290179
max_error: 0.07650747398500646
variance: 9.6111707946236e-05
pearson: 0.06170044064333875
p-valu: 1.2310529363837454e-79

AL interation 4186/4801.

mae: 0.011153900290621181
max_error: 0.07649880639772566
variance: 9.611194944377022e-05
pearson: 0.062189492897669
p-valu: 7.10120451691552e-81

AL interation 4187/4801.

mae: 0.011153066408579007
max_error: 0.07639118446357718
variance: 9.625516038140292e-05
pearson: 0.06244162066778418
p-valu: 1.6187949706748922e-81

AL interation 4188/4801.

mae: 0.01115364027557419
max_error: 0.0763790095454937
variance: 9.625014602191896e-05
pearson: 0.06262131597950614
p-valu: 5.625890207113708e-82

AL interation 4189/4801.

mae: 0.01115376775686829
max_error: 0.0763189915367406
variance: 9.629434864762054e-05
pearson: 0.062366696549863515
p-valu: 2.524847079434486e-81

AL interation 4190/4801.

mae: 0.011153850620634462
max_error: 0.0763244270786203
variance: 9.630727678800907e-05
pearson: 0.06243517038651923
p-valu: 1.691318332008547e-81

AL interation 4191/4801.

mae: 0.011150726723992897
max_error: 0.07632752825182654
variance: 9.633248066852045e-05
pearson: 0.062290034856833064
p-valu: 3.976208556380206e-81

AL interation 4192/4801.

mae: 0.011154111806421011
max_error: 0.07651687687101405
variance: 9.632018743003896e-05
pearson: 0.06188671803352858
p-valu: 4.2174849494453005e-80

AL interation 4193/4801.

mae: 0.011154001726713627
max_error: 0.07651245693139974
variance: 9.63185594874273e-05
pearson: 0.06150369662235361
p-valu: 3.916288055372087e-79

AL interation 4194/4801.

mae: 0.011153747240926179
max_error: 0.07646893086055973
variance: 9.634094018475176e-05
pearson: 0.06167082160952849
p-valu: 1.4877029519145987e-79

AL interation 4195/4801.

mae: 0.01115159585846576
max_error: 0.07611764372339569
variance: 9.634774560486639e-05
pearson: 0.06231737718960817
p-valu: 3.4130691766880295e-81

AL interation 4196/4801.

mae: 0.011152336246483706
max_error: 0.07615119003438342
variance: 9.634732859053506e-05
pearson: 0.06221179494965512
p-valu: 6.353379730938077e-81

AL interation 4197/4801.

mae: 0.011158474958413763
max_error: 0.0762746798502889
variance: 9.651467605889935e-05
pearson: 0.061941379282323475
p-valu: 3.095619521003728e-80

AL interation 4198/4801.

mae: 0.011157882178301947
max_error: 0.07643231556520225
variance: 9.652335338499675e-05
pearson: 0.062391819823181684
p-valu: 2.216888997104845e-81

AL interation 4199/4801.

mae: 0.011142753965492205
max_error: 0.07621224827724693
variance: 9.636564973635501e-05
pearson: 0.06099789290326798
p-valu: 7.336572560567775e-78

AL interation 4200/4801.

mae: 0.011144079468178632
max_error: 0.07630420371768598
variance: 9.635179191339235e-05
pearson: 0.060551124886661645
p-valu: 9.49029507577322e-77

AL interation 4201/4801.

mae: 0.011142840551266865
max_error: 0.07613149411807574
variance: 9.63879246223166e-05
pearson: 0.060316927057538425
p-valu: 3.607309642442839e-76

AL interation 4202/4801.

mae: 0.011142204083132988
max_error: 0.07611389832098614
variance: 9.637532570986802e-05
pearson: 0.06066337560701273
p-valu: 5.017899626221812e-77

AL interation 4203/4801.

mae: 0.011141757257161494
max_error: 0.0761034813870396
variance: 9.63777985091647e-05
pearson: 0.0608541979197825
p-valu: 1.6863455628719758e-77

AL interation 4204/4801.

mae: 0.011143027089964529
max_error: 0.07617502347446536
variance: 9.662270968449994e-05
pearson: 0.06089114351584876
p-valu: 1.3669022509058252e-77

AL interation 4205/4801.

mae: 0.01114170984767561
max_error: 0.07556005097493146
variance: 9.658051681429763e-05
pearson: 0.060529957999777326
p-valu: 1.0807098898229583e-76

AL interation 4206/4801.

mae: 0.011141443167479118
max_error: 0.07563322697686492
variance: 9.676808037996953e-05
pearson: 0.060935754089358356
p-valu: 1.0621249008734033e-77

AL interation 4207/4801.

mae: 0.011148432156223576
max_error: 0.07534146159949562
variance: 9.662742593549718e-05
pearson: 0.061332733058308185
p-valu: 1.0815370946192498e-78

AL interation 4208/4801.

mae: 0.01114758831384224
max_error: 0.07547538820589073
variance: 9.670289378809032e-05
pearson: 0.060965102182142246
p-valu: 9.007634418977088e-78

AL interation 4209/4801.

mae: 0.011147149515628807
max_error: 0.07541810455794296
variance: 9.668917649420488e-05
pearson: 0.06095288735349672
p-valu: 9.680228529621205e-78

AL interation 4210/4801.

mae: 0.01114681524267749
max_error: 0.07537656273533178
variance: 9.673479242502151e-05
pearson: 0.060675375767241094
p-valu: 4.755095940608091e-77

AL interation 4211/4801.

mae: 0.011145172822887031
max_error: 0.07547147141147836
variance: 9.67226110126498e-05
pearson: 0.06096383831854336
p-valu: 9.124219765017111e-78

AL interation 4212/4801.

mae: 0.011145199467673015
max_error: 0.07545691651856434
variance: 9.67147881438565e-05
pearson: 0.06126641591620688
p-valu: 1.6012579956033335e-78

AL interation 4213/4801.

mae: 0.01114432670609323
max_error: 0.07541125853984743
variance: 9.67147291286178e-05
pearson: 0.06138375576571708
p-valu: 8.14487876612374e-79

AL interation 4214/4801.

mae: 0.011144886923936715
max_error: 0.07543539267979615
variance: 9.669835662432458e-05
pearson: 0.061359422251474005
p-valu: 9.392973832672799e-79

AL interation 4215/4801.

mae: 0.01114281486710159
max_error: 0.07550259366761058
variance: 9.662775777448277e-05
pearson: 0.06180554769657506
p-valu: 7.073764038596116e-80

AL interation 4216/4801.

mae: 0.011130887340450106
max_error: 0.07542247462950802
variance: 9.627862144127945e-05
pearson: 0.061607565675980205
p-valu: 2.2401854931055468e-79

AL interation 4217/4801.

mae: 0.011130714850132853
max_error: 0.07544951186654036
variance: 9.627647466451894e-05
pearson: 0.06257556052789243
p-valu: 7.801560651652395e-82

AL interation 4218/4801.

mae: 0.011128442401127432
max_error: 0.07554199033191655
variance: 9.630287607461806e-05
pearson: 0.062306759331962364
p-valu: 3.7992592038526357e-81

AL interation 4219/4801.

mae: 0.01113142664577438
max_error: 0.07565519410516974
variance: 9.634583301265575e-05
pearson: 0.06220928203509765
p-valu: 6.742496143685335e-81

AL interation 4220/4801.

mae: 0.011131442034478621
max_error: 0.07565479794246532
variance: 9.634349367330937e-05
pearson: 0.06238125412377168
p-valu: 2.462599591250882e-81

AL interation 4221/4801.

mae: 0.011137223883299917
max_error: 0.0758151608422708
variance: 9.660161307846077e-05
pearson: 0.0622321618932934
p-valu: 5.919302006797962e-81

AL interation 4222/4801.

mae: 0.011139399935179341
max_error: 0.07596829165439378
variance: 9.650958602570185e-05
pearson: 0.061807229012430555
p-valu: 7.099588892230126e-80

AL interation 4223/4801.

mae: 0.011139252605005923
max_error: 0.07592625384612295
variance: 9.652749448794204e-05
pearson: 0.06174652000319281
p-valu: 1.0127176545211049e-79

AL interation 4224/4801.

mae: 0.01113860432425076
max_error: 0.0756036933323998
variance: 9.639151134117033e-05
pearson: 0.06191451661993903
p-valu: 3.8141685826978946e-80

AL interation 4225/4801.

mae: 0.011136872233294156
max_error: 0.07564069654407324
variance: 9.643493520761311e-05
pearson: 0.0620197809341675
p-valu: 2.067284964428358e-80

AL interation 4226/4801.

mae: 0.011141665856456795
max_error: 0.07560337707153342
variance: 9.645993913096167e-05
pearson: 0.062316589047541
p-valu: 3.6426580750387586e-81

AL interation 4227/4801.

mae: 0.011139406455914155
max_error: 0.0755630185338163
variance: 9.654205486150859e-05
pearson: 0.06236117399540695
p-valu: 2.8091151168745037e-81

AL interation 4228/4801.

mae: 0.01113904816748391
max_error: 0.07556471456180991
variance: 9.654209158476536e-05
pearson: 0.06222388975538168
p-valu: 6.298568791691027e-81

AL interation 4229/4801.

mae: 0.011141242741193439
max_error: 0.0755458629267054
variance: 9.655019973268517e-05
pearson: 0.06263697222892764
p-valu: 5.561047844863123e-82

AL interation 4230/4801.

mae: 0.011141360195630622
max_error: 0.07543995938729897
variance: 9.64971096379649e-05
pearson: 0.0626839742952706
p-valu: 4.2221786156185585e-82

AL interation 4231/4801.

mae: 0.01114085554148936
max_error: 0.07548368598534982
variance: 9.650373452320537e-05
pearson: 0.06275447339764817
p-valu: 2.7894731779308394e-82

AL interation 4232/4801.

mae: 0.011143136111129002
max_error: 0.07555585297839973
variance: 9.649274111338382e-05
pearson: 0.06284880209134316
p-valu: 1.5997663801593023e-82

AL interation 4233/4801.

mae: 0.011137119693764309
max_error: 0.0756542361453143
variance: 9.633740998923524e-05
pearson: 0.0623161803912327
p-valu: 3.701609053575851e-81

AL interation 4234/4801.

mae: 0.01113718919089737
max_error: 0.07578227265938442
variance: 9.634978375487508e-05
pearson: 0.06218258760694956
p-valu: 8.1170289906407265e-81

AL interation 4235/4801.

mae: 0.011136444632858459
max_error: 0.0755233367310979
variance: 9.634795915345602e-05
pearson: 0.06207818007430733
p-valu: 1.4982184405655887e-80

AL interation 4236/4801.

mae: 0.01113643834290747
max_error: 0.07552108623784481
variance: 9.634797875676278e-05
pearson: 0.06174782055910661
p-valu: 1.0304264699735429e-79

AL interation 4237/4801.

mae: 0.01113659602029291
max_error: 0.07551556619663136
variance: 9.631051491978645e-05
pearson: 0.061605351577457994
p-valu: 2.361849724951473e-79

AL interation 4238/4801.

mae: 0.011136739320712404
max_error: 0.07551876796722756
variance: 9.630691744709863e-05
pearson: 0.061597586655322036
p-valu: 2.475395205185645e-79

AL interation 4239/4801.

mae: 0.011132973958336777
max_error: 0.07549040269603613
variance: 9.63177204954177e-05
pearson: 0.06224657797037739
p-valu: 5.633523307057586e-81

AL interation 4240/4801.

mae: 0.011132808087290584
max_error: 0.07550282123955587
variance: 9.631408037873924e-05
pearson: 0.0626098356463761
p-valu: 6.669294981170286e-82

AL interation 4241/4801.

mae: 0.01113398152204283
max_error: 0.0754727332453371
variance: 9.629433790263951e-05
pearson: 0.06244546069495431
p-valu: 1.7592085501202532e-81

AL interation 4242/4801.

mae: 0.01113243961280167
max_error: 0.07551338719011658
variance: 9.625158281286309e-05
pearson: 0.06274820797986569
p-valu: 2.9583781104462467e-82

AL interation 4243/4801.

mae: 0.011134506464283711
max_error: 0.07558545071813971
variance: 9.629692509108585e-05
pearson: 0.06267120544042194
p-valu: 4.6710456519047683e-82

AL interation 4244/4801.

mae: 0.011135906169782796
max_error: 0.07550331423752543
variance: 9.633427460520431e-05
pearson: 0.06292201541164548
p-valu: 1.0619138224932019e-82

AL interation 4245/4801.

mae: 0.011134242306504083
max_error: 0.07548402724504233
variance: 9.633115157656346e-05
pearson: 0.06279783559742182
p-valu: 2.2193006097904744e-82

AL interation 4246/4801.

mae: 0.011139036309071534
max_error: 0.07542445115840057
variance: 9.630193329496926e-05
pearson: 0.06294066788992955
p-valu: 9.545695973178635e-83

AL interation 4247/4801.

mae: 0.011139060580333952
max_error: 0.07539744834210471
variance: 9.631842866094562e-05
pearson: 0.06287960181757551
p-valu: 1.373388909013349e-82

AL interation 4248/4801.

mae: 0.011137839381482492
max_error: 0.07542475922562919
variance: 9.633411433128305e-05
pearson: 0.06329141748868691
p-valu: 1.191551666040492e-83

AL interation 4249/4801.

mae: 0.011137953407783693
max_error: 0.07541241292554735
variance: 9.633513183677636e-05
pearson: 0.06274359265498665
p-valu: 3.082551393473225e-82

AL interation 4250/4801.

mae: 0.011136330108868218
max_error: 0.0753934287052147
variance: 9.637068561905188e-05
pearson: 0.06235609577695058
p-valu: 3.0271514398271194e-81

AL interation 4251/4801.

mae: 0.01113647272627115
max_error: 0.07540822649869772
variance: 9.635404616094453e-05
pearson: 0.0620439057351184
p-valu: 1.888066801254496e-80

AL interation 4252/4801.

mae: 0.011139013621461658
max_error: 0.07533976050379754
variance: 9.647238996399134e-05
pearson: 0.0612919216195877
p-valu: 1.490393861046156e-78

AL interation 4253/4801.

mae: 0.011128401070889483
max_error: 0.07555878769724989
variance: 9.650418821757599e-05
pearson: 0.06134478822005791
p-valu: 1.1004086812018732e-78

AL interation 4254/4801.

mae: 0.01112944842264949
max_error: 0.07551155453646463
variance: 9.649818919120407e-05
pearson: 0.061455358011546266
p-valu: 5.817633755259396e-79

AL interation 4255/4801.

mae: 0.011132928749268974
max_error: 0.07569414812158759
variance: 9.64743229100228e-05
pearson: 0.061464825763366704
p-valu: 5.517912794113842e-79

AL interation 4256/4801.

mae: 0.011136793904349756
max_error: 0.0755114101750991
variance: 9.642115179541938e-05
pearson: 0.062055767877080545
p-valu: 1.7787572592888588e-80

AL interation 4257/4801.

mae: 0.01113685433152585
max_error: 0.07551714473564464
variance: 9.642105751310285e-05
pearson: 0.062177554519978376
p-valu: 8.741728201246803e-81

AL interation 4258/4801.

mae: 0.01111805522500457
max_error: 0.07418995886817759
variance: 9.610544001893702e-05
pearson: 0.06185843758748867
p-valu: 5.646182062438568e-80

AL interation 4259/4801.

mae: 0.011118887309719857
max_error: 0.07419693269938255
variance: 9.609066488150594e-05
pearson: 0.062119612130822684
p-valu: 1.231801476680363e-80

AL interation 4260/4801.

mae: 0.01112369714984031
max_error: 0.07403103932327615
variance: 9.622902964646992e-05
pearson: 0.0623843172373763
p-valu: 2.615402404759317e-81

AL interation 4261/4801.

mae: 0.011124913161495208
max_error: 0.07419757728920051
variance: 9.620000348350023e-05
pearson: 0.062166359179743655
p-valu: 9.406614473625371e-81

AL interation 4262/4801.

mae: 0.011121798850162977
max_error: 0.07419185280358254
variance: 9.624447669898085e-05
pearson: 0.0621211923580361
p-valu: 1.2275868831084623e-80

AL interation 4263/4801.

mae: 0.011119202090349617
max_error: 0.07411278267616983
variance: 9.584842496753923e-05
pearson: 0.06191234078987695
p-valu: 4.16413642007528e-80

AL interation 4264/4801.

mae: 0.01111900185433261
max_error: 0.07410261266821583
variance: 9.584606371159836e-05
pearson: 0.06205200308326745
p-valu: 1.8466757239600133e-80

AL interation 4265/4801.

mae: 0.011117647780711195
max_error: 0.07409175263299805
variance: 9.5790839684842e-05
pearson: 0.06152094113742499
p-valu: 4.063691157019181e-79

AL interation 4266/4801.

mae: 0.011115611307857374
max_error: 0.07488631062668394
variance: 9.592400022838716e-05
pearson: 0.06178530495604167
p-valu: 8.776104987103911e-80

AL interation 4267/4801.

mae: 0.011115509243484508
max_error: 0.07490302099202784
variance: 9.591501185645765e-05
pearson: 0.06212193876536398
p-valu: 1.234144004183736e-80

AL interation 4268/4801.

mae: 0.011114075773513676
max_error: 0.074869232486239
variance: 9.601117786940315e-05
pearson: 0.0620463482240303
p-valu: 1.9235248669554275e-80

AL interation 4269/4801.

mae: 0.01110140532177941
max_error: 0.07598659243857075
variance: 9.589790065558475e-05
pearson: 0.06106657082821845
p-valu: 5.635550759813554e-78

AL interation 4270/4801.

mae: 0.011095215280537956
max_error: 0.07590751651631256
variance: 9.606746564363586e-05
pearson: 0.060851259006822145
p-valu: 1.9426348772662598e-77

AL interation 4271/4801.

mae: 0.011090292929359088
max_error: 0.07560125129001283
variance: 9.608032402716777e-05
pearson: 0.06046924504271751
p-valu: 1.7244246671090357e-76

AL interation 4272/4801.

mae: 0.011095777785232873
max_error: 0.07562822606567754
variance: 9.613660681553763e-05
pearson: 0.060131795319131015
p-valu: 1.1732271325410518e-75

AL interation 4273/4801.

mae: 0.011098711437715424
max_error: 0.07538001736273547
variance: 9.606785064771978e-05
pearson: 0.06018170200374061
p-valu: 8.85987113728753e-76

AL interation 4274/4801.

mae: 0.011098509520325414
max_error: 0.0753746541106779
variance: 9.605966869898792e-05
pearson: 0.060539252914195776
p-valu: 1.1637549747440889e-76

AL interation 4275/4801.

mae: 0.011097349838309673
max_error: 0.07536849495707831
variance: 9.602426290034668e-05
pearson: 0.06060298629168871
p-valu: 8.106499026303113e-77

AL interation 4276/4801.

mae: 0.01109821791639952
max_error: 0.0754079458722885
variance: 9.60168777013189e-05
pearson: 0.06133895297369708
p-valu: 1.188698367444587e-78

AL interation 4277/4801.

mae: 0.011095853358679415
max_error: 0.07531797839263565
variance: 9.599141469331735e-05
pearson: 0.06125873190214275
p-valu: 1.892068299539246e-78

AL interation 4278/4801.

mae: 0.011096998524087348
max_error: 0.07524007632199248
variance: 9.59424528878454e-05
pearson: 0.061303005636769256
p-valu: 1.4683637434245458e-78

AL interation 4279/4801.

mae: 0.011089134066999226
max_error: 0.07531407896184139
variance: 9.607239918250599e-05
pearson: 0.060974580810512775
p-valu: 9.739971234896362e-78

AL interation 4280/4801.

mae: 0.011091800055766177
max_error: 0.0753599230568256
variance: 9.606912600640489e-05
pearson: 0.061214025208236565
p-valu: 2.462156700515166e-78

AL interation 4281/4801.

mae: 0.01109341192617464
max_error: 0.07496906128043013
variance: 9.624402314028672e-05
pearson: 0.060493649893974696
p-valu: 1.528550511566224e-76

AL interation 4282/4801.

mae: 0.011098172730147638
max_error: 0.07500151923912601
variance: 9.625645583782266e-05
pearson: 0.060744790424979454
p-valu: 3.653519986727421e-77

AL interation 4283/4801.

mae: 0.011099585169135793
max_error: 0.07501524749867206
variance: 9.62406573575718e-05
pearson: 0.06110450820209468
p-valu: 4.651448898115514e-78

AL interation 4284/4801.

mae: 0.011099649810997193
max_error: 0.07500184329663573
variance: 9.625554548922686e-05
pearson: 0.06081315212735086
p-valu: 2.4800857144955583e-77

AL interation 4285/4801.

mae: 0.01110061616517771
max_error: 0.07518664304078304
variance: 9.626631587250148e-05
pearson: 0.06046242773866594
p-valu: 1.8393484761970987e-76

AL interation 4286/4801.

mae: 0.01109919108351953
max_error: 0.07521256232601847
variance: 9.625538416811303e-05
pearson: 0.06045743962181792
p-valu: 1.8957885877157957e-76

AL interation 4287/4801.

mae: 0.011099137192077927
max_error: 0.07519657716628392
variance: 9.623496397235482e-05
pearson: 0.06012132511879391
p-valu: 1.2792336290263737e-75

AL interation 4288/4801.

mae: 0.011099242755515881
max_error: 0.07521118668344973
variance: 9.62431179364156e-05
pearson: 0.059899263599264826
p-valu: 4.492330843045652e-75

AL interation 4289/4801.

mae: 0.011097736404240029
max_error: 0.07525150266636449
variance: 9.62324418754927e-05
pearson: 0.060420820956876196
p-valu: 2.3477532678912735e-76

AL interation 4290/4801.

mae: 0.011094962195958786
max_error: 0.07532686622679141
variance: 9.632243535105508e-05
pearson: 0.060143551586893086
p-valu: 1.1341816527065264e-75

AL interation 4291/4801.

mae: 0.011093559812038734
max_error: 0.07539386751185195
variance: 9.621525512710924e-05
pearson: 0.05986344520697191
p-valu: 5.527051161719534e-75

AL interation 4292/4801.

mae: 0.01108805502467924
max_error: 0.0753217577414802
variance: 9.615098062570582e-05
pearson: 0.059824382639921694
p-valu: 6.899674631789533e-75

AL interation 4293/4801.

mae: 0.011087056770484912
max_error: 0.0752991212964702
variance: 9.616444675758548e-05
pearson: 0.06014753462092354
p-valu: 1.1149567899531883e-75

AL interation 4294/4801.

mae: 0.011081691358549646
max_error: 0.07519266377929346
variance: 9.600414952981679e-05
pearson: 0.05980061685661703
p-valu: 7.915774673767601e-75

AL interation 4295/4801.

mae: 0.011082472591329726
max_error: 0.0753379901605371
variance: 9.585373526297234e-05
pearson: 0.060391266744685736
p-valu: 2.808040907689467e-76

AL interation 4296/4801.

mae: 0.011082508167690868
max_error: 0.07533869053102937
variance: 9.585203161346802e-05
pearson: 0.06045936355869448
p-valu: 1.9098974132962433e-76

AL interation 4297/4801.

mae: 0.011084729807552264
max_error: 0.07514649693237918
variance: 9.589977532678339e-05
pearson: 0.060621551279593344
p-valu: 7.5939460961467e-77

AL interation 4298/4801.

mae: 0.011085309097052264
max_error: 0.07503991285492195
variance: 9.597944342011001e-05
pearson: 0.060167312879284826
p-valu: 1.0059424697058631e-75

AL interation 4299/4801.

mae: 0.011085776457697908
max_error: 0.07506395995440873
variance: 9.598739491365825e-05
pearson: 0.06039547284292692
p-valu: 2.7618728562232598e-76

AL interation 4300/4801.

mae: 0.01108447309694148
max_error: 0.07509868153536847
variance: 9.600318847779288e-05
pearson: 0.060428482374156066
p-valu: 2.2934661061763033e-76

AL interation 4301/4801.

mae: 0.011083636606627202
max_error: 0.07514480188163764
variance: 9.59982728045556e-05
pearson: 0.060268517278165186
p-valu: 5.699741945534188e-76

AL interation 4302/4801.

mae: 0.011076352002599455
max_error: 0.07514539342699611
variance: 9.571011098938881e-05
pearson: 0.06093552473206752
p-valu: 1.2720894203390833e-77

AL interation 4303/4801.

mae: 0.01106865072269018
max_error: 0.0752429368292582
variance: 9.565514181754588e-05
pearson: 0.06083733211408242
p-valu: 2.237095888792846e-77

AL interation 4304/4801.

mae: 0.01106471025700654
max_error: 0.07522788858776441
variance: 9.56214162042545e-05
pearson: 0.06059913399420776
p-valu: 8.742034212906734e-77

AL interation 4305/4801.

mae: 0.011064657245059664
max_error: 0.07522818669284281
variance: 9.562181114015412e-05
pearson: 0.060788394860623485
p-valu: 2.971202279445109e-77

AL interation 4306/4801.

mae: 0.011065108976251419
max_error: 0.07517196741654009
variance: 9.56173790664976e-05
pearson: 0.06040716824128964
p-valu: 2.6175990348259414e-76

AL interation 4307/4801.

mae: 0.011059851482916558
max_error: 0.07537197798982054
variance: 9.55155146325405e-05
pearson: 0.06069223738118727
p-valu: 5.167155485097152e-77

AL interation 4308/4801.

mae: 0.01105615423625025
max_error: 0.07531758293206114
variance: 9.550732019211207e-05
pearson: 0.06061530220424531
p-valu: 8.030986800651462e-77

AL interation 4309/4801.

mae: 0.011050176181789965
max_error: 0.07544711339258758
variance: 9.57493236401211e-05
pearson: 0.06120560782071355
p-valu: 2.729486861749951e-78

AL interation 4310/4801.

mae: 0.011049215954355636
max_error: 0.07542686006607657
variance: 9.57677157656476e-05
pearson: 0.061262494220643206
p-valu: 1.970311023576619e-78

AL interation 4311/4801.

mae: 0.011048951518611275
max_error: 0.07541141044001454
variance: 9.574424575175091e-05
pearson: 0.061939606504359576
p-valu: 3.896357071479694e-80

AL interation 4312/4801.

mae: 0.011047755229332393
max_error: 0.07542748597396387
variance: 9.577882980008267e-05
pearson: 0.06202003900308987
p-valu: 2.4420450577270932e-80

AL interation 4313/4801.

mae: 0.011051231286615747
max_error: 0.0754795422156207
variance: 9.579168780873044e-05
pearson: 0.06200293072373293
p-valu: 2.7036547887052258e-80

AL interation 4314/4801.

mae: 0.011051031992360592
max_error: 0.07547742401974067
variance: 9.577706998321977e-05
pearson: 0.06213860883773642
p-valu: 1.2263321868002804e-80

AL interation 4315/4801.

mae: 0.011050262353067304
max_error: 0.07541497187711177
variance: 9.578815712668994e-05
pearson: 0.0618084377822359
p-valu: 8.42730647231738e-80

AL interation 4316/4801.

mae: 0.011050051945546677
max_error: 0.07540938985337964
variance: 9.578317681851662e-05
pearson: 0.06226145416741339
p-valu: 5.998199234333178e-81

AL interation 4317/4801.

mae: 0.011064939695200178
max_error: 0.0750054365792352
variance: 9.580578800342409e-05
pearson: 0.062275678472036924
p-valu: 5.5292848972901775e-81

AL interation 4318/4801.

mae: 0.011065095443320268
max_error: 0.07500338169510035
variance: 9.581037624447707e-05
pearson: 0.06262644616846452
p-valu: 7.051441330703523e-82

AL interation 4319/4801.

mae: 0.011059089494430652
max_error: 0.07518655209586034
variance: 9.577606383509678e-05
pearson: 0.06268615120549763
p-valu: 4.9688128713297575e-82

AL interation 4320/4801.

mae: 0.011060107992102126
max_error: 0.07511719432185093
variance: 9.570936070665014e-05
pearson: 0.06178568244285194
p-valu: 9.712297744758531e-80

AL interation 4321/4801.

mae: 0.011066742666633824
max_error: 0.07542316978131969
variance: 9.607464401180373e-05
pearson: 0.06119233984780114
p-valu: 3.0134915400077305e-78

AL interation 4322/4801.

mae: 0.01106945530285749
max_error: 0.07542484212516176
variance: 9.606368577940098e-05
pearson: 0.06140463929019789
p-valu: 8.87351465168409e-79

AL interation 4323/4801.

mae: 0.011069464532613678
max_error: 0.0754322589967018
variance: 9.606430824349558e-05
pearson: 0.06134686210807408
p-valu: 1.241155570497175e-78

AL interation 4324/4801.

mae: 0.011065754955556246
max_error: 0.07537121057774532
variance: 9.605429247046369e-05
pearson: 0.06162201789287355
p-valu: 2.531198944433238e-79

AL interation 4325/4801.

mae: 0.01106653124922126
max_error: 0.0754286715221355
variance: 9.606323905853323e-05
pearson: 0.061839973488035466
p-valu: 7.150772406913392e-80

AL interation 4326/4801.

mae: 0.011062018767204248
max_error: 0.07529389266963737
variance: 9.607206893528742e-05
pearson: 0.061569985556408156
p-valu: 3.4351667001236106e-79

AL interation 4327/4801.

mae: 0.011059698550470022
max_error: 0.07542630771993974
variance: 9.606134798636063e-05
pearson: 0.06141019620294172
p-valu: 8.674913376377745e-79

AL interation 4328/4801.

mae: 0.011062859051877727
max_error: 0.07557456376187877
variance: 9.607364076358012e-05
pearson: 0.06150702500701264
p-valu: 4.965021232308444e-79

AL interation 4329/4801.

mae: 0.01106316801999828
max_error: 0.07551573840217718
variance: 9.597907195073778e-05
pearson: 0.06120589117741788
p-valu: 2.8295561839057827e-78

AL interation 4330/4801.

mae: 0.011063297974752532
max_error: 0.07546235625003139
variance: 9.596673993700737e-05
pearson: 0.0609550190292102
p-valu: 1.1985474367602946e-77

AL interation 4331/4801.

mae: 0.011063982496997894
max_error: 0.07543106719211612
variance: 9.595361032369654e-05
pearson: 0.061453038290475694
p-valu: 6.823660200973773e-79

AL interation 4332/4801.

mae: 0.011069302143242728
max_error: 0.07561313023350924
variance: 9.605292855218972e-05
pearson: 0.06174722598358568
p-valu: 1.2427184424876919e-79

AL interation 4333/4801.

mae: 0.01106931541794568
max_error: 0.07561264393396816
variance: 9.605212671553038e-05
pearson: 0.06171913700839635
p-valu: 1.4657388366912736e-79

AL interation 4334/4801.

mae: 0.011071452973645871
max_error: 0.07566952545065253
variance: 9.597265942175857e-05
pearson: 0.06138691722649599
p-valu: 1.005597491371972e-78

AL interation 4335/4801.

mae: 0.011071652608892504
max_error: 0.07587290613381303
variance: 9.608507519051404e-05
pearson: 0.06191377512713487
p-valu: 4.7435939308067595e-80

AL interation 4336/4801.

mae: 0.011072560002713129
max_error: 0.07592435655923002
variance: 9.608205957073297e-05
pearson: 0.062219223009666785
p-valu: 7.986073768920436e-81

AL interation 4337/4801.

mae: 0.011077339773710922
max_error: 0.07564916749814476
variance: 9.604916939131494e-05
pearson: 0.06158220588455937
p-valu: 3.2681392048745003e-79

AL interation 4338/4801.

mae: 0.011077872091499137
max_error: 0.07565196964495446
variance: 9.605562715243956e-05
pearson: 0.06184947293251539
p-valu: 6.937378370603326e-80

AL interation 4339/4801.

mae: 0.011076922894793747
max_error: 0.07569785244712368
variance: 9.604094991013042e-05
pearson: 0.06207055672813926
p-valu: 1.9157872655945803e-80

AL interation 4340/4801.

mae: 0.011076454995799545
max_error: 0.0756972043575701
variance: 9.603782386478964e-05
pearson: 0.06199004562744721
p-valu: 3.070679632410226e-80

AL interation 4341/4801.

mae: 0.011074149836211552
max_error: 0.07567232340878438
variance: 9.610004193941522e-05
pearson: 0.06213997797596581
p-valu: 1.2819659275508551e-80

AL interation 4342/4801.

mae: 0.01107635401837581
max_error: 0.07557877744537511
variance: 9.626286292179299e-05
pearson: 0.06404547577879806
p-valu: 1.5726096739622972e-85

AL interation 4343/4801.

mae: 0.011074836981018335
max_error: 0.07524506663438335
variance: 9.623122553207108e-05
pearson: 0.06322542071779713
p-valu: 2.136535473100573e-83

AL interation 4344/4801.

mae: 0.011073960297451226
max_error: 0.07522261973489042
variance: 9.625481935907384e-05
pearson: 0.0631017847422827
p-valu: 4.4632345456368715e-83

AL interation 4345/4801.

mae: 0.011071482331040943
max_error: 0.07524952215070191
variance: 9.630716631570653e-05
pearson: 0.06311410245729744
p-valu: 4.156793743927401e-83

AL interation 4346/4801.

mae: 0.01107186392997669
max_error: 0.07525499801275548
variance: 9.632085289181861e-05
pearson: 0.06334012298774894
p-valu: 1.0858264024607155e-83

AL interation 4347/4801.

mae: 0.011069766050353454
max_error: 0.07522059493502131
variance: 9.634298046719296e-05
pearson: 0.06336152189865414
p-valu: 9.577432253076975e-84

AL interation 4348/4801.

mae: 0.011068818548220189
max_error: 0.07520803033620216
variance: 9.636897749281233e-05
pearson: 0.06373746615879637
p-valu: 1.0139645672041033e-84

AL interation 4349/4801.

mae: 0.011061863385676163
max_error: 0.07482192654996145
variance: 9.645409235964453e-05
pearson: 0.0635840498564508
p-valu: 2.546446058232275e-84

AL interation 4350/4801.

mae: 0.011061760950440687
max_error: 0.07484203558513802
variance: 9.644485905832017e-05
pearson: 0.06359079152925506
p-valu: 2.450768521483005e-84

AL interation 4351/4801.

mae: 0.01106184784242653
max_error: 0.07483743845822066
variance: 9.644108347360722e-05
pearson: 0.06385059600310851
p-valu: 5.174006360497665e-85

AL interation 4352/4801.

mae: 0.011065703863134513
max_error: 0.07505163243039026
variance: 9.645837320239677e-05
pearson: 0.06443550612254134
p-valu: 1.5201734346479304e-86

AL interation 4353/4801.

mae: 0.011065457076100028
max_error: 0.07504775805435604
variance: 9.645431754595864e-05
pearson: 0.06427037692727026
p-valu: 4.1395631686941355e-86

AL interation 4354/4801.

mae: 0.011064137135465212
max_error: 0.07510347532778217
variance: 9.64620357587422e-05
pearson: 0.06478928162983418
p-valu: 1.7775022473759323e-87

AL interation 4355/4801.

mae: 0.011063770687065426
max_error: 0.07507025052999272
variance: 9.647104598871951e-05
pearson: 0.06505567520637727
p-valu: 3.500442181410631e-88

AL interation 4356/4801.

mae: 0.011059666519242953
max_error: 0.07491660304711734
variance: 9.645729684116053e-05
pearson: 0.06496060100398275
p-valu: 6.274217477377599e-88

AL interation 4357/4801.

mae: 0.011059840631239218
max_error: 0.07485803073567188
variance: 9.646436778333405e-05
pearson: 0.0640534965333226
p-valu: 1.5454543147226506e-85

AL interation 4358/4801.

mae: 0.011055335394507324
max_error: 0.07438838554233773
variance: 9.618295773640404e-05
pearson: 0.06414754675916992
p-valu: 8.783380463104986e-86

AL interation 4359/4801.

mae: 0.01106818850497973
max_error: 0.074321015863265
variance: 9.63165236355904e-05
pearson: 0.06417866269030288
p-valu: 7.294526373542818e-86

AL interation 4360/4801.

mae: 0.011065790983453741
max_error: 0.07461254187936395
variance: 9.61871047416937e-05
pearson: 0.06430733414530138
p-valu: 3.358917514599079e-86

AL interation 4361/4801.

mae: 0.01105935427172355
max_error: 0.07455054213668011
variance: 9.606897470390312e-05
pearson: 0.06371060087543096
p-valu: 1.2231498405412294e-84

AL interation 4362/4801.

mae: 0.011061787095076884
max_error: 0.07459387721272326
variance: 9.609647063963274e-05
pearson: 0.06397169215988348
p-valu: 2.5553413243511877e-85

AL interation 4363/4801.

mae: 0.011058040105727775
max_error: 0.0747399417344099
variance: 9.611068183414958e-05
pearson: 0.06403920331989958
p-valu: 1.7053853207358564e-85

AL interation 4364/4801.

mae: 0.011058794887187754
max_error: 0.07474643969297579
variance: 9.610037488524525e-05
pearson: 0.06321442609560005
p-valu: 2.3791240225934866e-83

AL interation 4365/4801.

mae: 0.011057000797438866
max_error: 0.07468203751821823
variance: 9.611181707452249e-05
pearson: 0.06318725919621428
p-valu: 2.8017168555408436e-83

AL interation 4366/4801.

mae: 0.011056818647508352
max_error: 0.07473386962945772
variance: 9.608858626080243e-05
pearson: 0.06320860139757593
p-valu: 2.4728647136013566e-83

AL interation 4367/4801.

mae: 0.011059075619254191
max_error: 0.0746117382512097
variance: 9.610777724974644e-05
pearson: 0.06241779029355719
p-valu: 2.648925471038679e-81

AL interation 4368/4801.

mae: 0.011060077330338945
max_error: 0.07461990294112586
variance: 9.612280661345706e-05
pearson: 0.06259290408582444
p-valu: 9.480681500691069e-82

AL interation 4369/4801.

mae: 0.011059394479985987
max_error: 0.07456664319878148
variance: 9.610880063153033e-05
pearson: 0.06286212295742091
p-valu: 1.9405026449091888e-82

AL interation 4370/4801.

mae: 0.011059364678534767
max_error: 0.07457526437227391
variance: 9.609943890269826e-05
pearson: 0.06273294971000462
p-valu: 4.1697005889580514e-82

AL interation 4371/4801.

mae: 0.011059075381662878
max_error: 0.07455625489345441
variance: 9.611400363955577e-05
pearson: 0.06203926041138811
p-valu: 2.4466229289793622e-80

AL interation 4372/4801.

mae: 0.011056948192199838
max_error: 0.07462689555567015
variance: 9.61109578775098e-05
pearson: 0.062215996979785165
p-valu: 8.728423292268397e-81

AL interation 4373/4801.

mae: 0.011057926747598677
max_error: 0.07475428852947918
variance: 9.611788329713554e-05
pearson: 0.06243746826160098
p-valu: 2.3877856123899896e-81

AL interation 4374/4801.

mae: 0.011048449420378881
max_error: 0.07461217767948658
variance: 9.637746068234096e-05
pearson: 0.06245864938332071
p-valu: 2.1126220222848216e-81

AL interation 4375/4801.

mae: 0.011053169401446964
max_error: 0.0744885569381808
variance: 9.647885927174178e-05
pearson: 0.06227773251212512
p-valu: 6.116716522291726e-81

AL interation 4376/4801.

mae: 0.011051155773600805
max_error: 0.07452667474015873
variance: 9.644743229831214e-05
pearson: 0.06267788166737366
p-valu: 5.838330247560661e-82

AL interation 4377/4801.

mae: 0.011051154786515518
max_error: 0.07452695618602267
variance: 9.644774812524878e-05
pearson: 0.0630098911615679
p-valu: 8.221991592478146e-83

AL interation 4378/4801.

mae: 0.011058408871906114
max_error: 0.0747641165528734
variance: 9.64466777996511e-05
pearson: 0.06312023650988438
p-valu: 4.281770913212859e-83

AL interation 4379/4801.

mae: 0.011058810609548072
max_error: 0.07470283645287457
variance: 9.644275011048238e-05
pearson: 0.06300025634104993
p-valu: 8.73981212047561e-83

AL interation 4380/4801.

mae: 0.011051793759357434
max_error: 0.07495881750427036
variance: 9.641931868012368e-05
pearson: 0.06302474530372885
p-valu: 7.574345406768328e-83

AL interation 4381/4801.

mae: 0.011059302687905519
max_error: 0.07486903917859711
variance: 9.650484624428658e-05
pearson: 0.06305379652849505
p-valu: 6.388761243351995e-83

AL interation 4382/4801.

mae: 0.01105658235233951
max_error: 0.07480730674913905
variance: 9.649507607257672e-05
pearson: 0.06314815932703895
p-valu: 3.656811623356766e-83

AL interation 4383/4801.

mae: 0.011056805538873263
max_error: 0.07477191398655525
variance: 9.651240790176107e-05
pearson: 0.06299856978212098
p-valu: 8.898258460130164e-83

AL interation 4384/4801.

mae: 0.01105603387278505
max_error: 0.07479803776121519
variance: 9.649727572064347e-05
pearson: 0.06293930647475993
p-valu: 1.2664091962414223e-82

AL interation 4385/4801.

mae: 0.011055458007104595
max_error: 0.07474389213828947
variance: 9.629798965010755e-05
pearson: 0.06325523141400957
p-valu: 1.946907341593211e-83

AL interation 4386/4801.

mae: 0.011050043790018319
max_error: 0.07482226520758961
variance: 9.598767867192473e-05
pearson: 0.06266387844682726
p-valu: 6.466937497926964e-82

AL interation 4387/4801.

mae: 0.011043415004614851
max_error: 0.07481416468252466
variance: 9.592782832769215e-05
pearson: 0.06266511248821816
p-valu: 6.432759691555754e-82

AL interation 4388/4801.

mae: 0.011043476845710509
max_error: 0.07488371446268904
variance: 9.594280823342746e-05
pearson: 0.06280614478988965
p-valu: 2.80500783908957e-82

AL interation 4389/4801.

mae: 0.011043547776572807
max_error: 0.07498446416073823
variance: 9.600823301401591e-05
pearson: 0.06320841300212648
p-valu: 2.592591061612651e-83

AL interation 4390/4801.

mae: 0.011043339345633243
max_error: 0.07498460156446929
variance: 9.599353122143822e-05
pearson: 0.06339725935840612
p-valu: 8.441354682050025e-84

AL interation 4391/4801.

mae: 0.011040275945198375
max_error: 0.07504999601977436
variance: 9.597194792425865e-05
pearson: 0.0635699917614191
p-valu: 3.0163251626404447e-84

AL interation 4392/4801.

mae: 0.011036575317600028
max_error: 0.07457870037004288
variance: 9.566457483325645e-05
pearson: 0.06319549906579339
p-valu: 2.816301181918678e-83

AL interation 4393/4801.

mae: 0.011035565027443187
max_error: 0.0750402607339169
variance: 9.559946017736939e-05
pearson: 0.06291140450727636
p-valu: 1.520718480017881e-82

AL interation 4394/4801.

mae: 0.0110363754581244
max_error: 0.0750145549966732
variance: 9.559806942762187e-05
pearson: 0.06302401163547101
p-valu: 7.822853455849028e-83

AL interation 4395/4801.

mae: 0.011032724691246828
max_error: 0.07508894389482923
variance: 9.561875472074218e-05
pearson: 0.06297977764537968
p-valu: 1.0186651379101154e-82

AL interation 4396/4801.

mae: 0.011028059668743886
max_error: 0.07505965306316686
variance: 9.563147604692209e-05
pearson: 0.06265321280316358
p-valu: 7.023514002756136e-82

AL interation 4397/4801.

mae: 0.01102720602669612
max_error: 0.07515116457696824
variance: 9.561893241813763e-05
pearson: 0.062345961470838006
p-valu: 4.280888479392733e-81

AL interation 4398/4801.

mae: 0.011027618581232546
max_error: 0.07513933529779426
variance: 9.56295503672897e-05
pearson: 0.06270527623431536
p-valu: 5.1882022233954886e-82

AL interation 4399/4801.

mae: 0.01102861655455713
max_error: 0.0751121508135697
variance: 9.563281884505063e-05
pearson: 0.06302220202469591
p-valu: 7.9864693933213e-83

AL interation 4400/4801.

mae: 0.01102323853529856
max_error: 0.07485515164788414
variance: 9.560388174946478e-05
pearson: 0.06255220811766489
p-valu: 1.2828262709571656e-81

AL interation 4401/4801.

mae: 0.011021432074722188
max_error: 0.07481469272377983
variance: 9.553893398598921e-05
pearson: 0.06310510917024288
p-valu: 4.9045443535724016e-83

AL interation 4402/4801.

mae: 0.011024757403331663
max_error: 0.07493052365205988
variance: 9.557580515581088e-05
pearson: 0.06357033813174302
p-valu: 3.078058139010124e-84

AL interation 4403/4801.

mae: 0.011029580321150822
max_error: 0.07487473633708253
variance: 9.562009393237064e-05
pearson: 0.0638141028072711
p-valu: 7.164639052103658e-85

AL interation 4404/4801.

mae: 0.01135458849158536
max_error: 0.07781023914893415
variance: 0.00010037589079875723
pearson: 0.11128799771540626
p-valu: 4.26928337667462e-255

AL interation 4405/4801.

mae: 0.011352113911358796
max_error: 0.07768793379389938
variance: 0.00010039611289354497
pearson: 0.11143314168570884
p-valu: 9.30424567024632e-256

AL interation 4406/4801.

mae: 0.011353867046620043
max_error: 0.07762179811678327
variance: 0.00010035327220559492
pearson: 0.1108828781935134
p-valu: 3.058150580082698e-253

AL interation 4407/4801.

mae: 0.01135304290726878
max_error: 0.07762107822262299
variance: 0.00010018444095746168
pearson: 0.11002918299122671
p-valu: 2.308331625932224e-249

AL interation 4408/4801.

mae: 0.011346313043658117
max_error: 0.0776125423820162
variance: 0.00010020981192165415
pearson: 0.10993289217861074
p-valu: 6.325691149116987e-249

AL interation 4409/4801.

mae: 0.011344895443305032
max_error: 0.07758950733321801
variance: 0.00010020408920478991
pearson: 0.11021717507686918
p-valu: 3.295300005219606e-250

AL interation 4410/4801.

mae: 0.011344599870046022
max_error: 0.07793708954730794
variance: 0.00010023673615681332
pearson: 0.1106857694401383
p-valu: 2.475338628567685e-252

AL interation 4411/4801.

mae: 0.011353689382867677
max_error: 0.0782171779867753
variance: 0.00010030096818863508
pearson: 0.10971810396669827
p-valu: 6.001820527674178e-248

AL interation 4412/4801.

mae: 0.011350140974455346
max_error: 0.07801321520153981
variance: 0.00010039067599434041
pearson: 0.11009748647328826
p-valu: 1.1685052534524807e-249

AL interation 4413/4801.

mae: 0.011350115006255277
max_error: 0.0780900843640524
variance: 0.00010043464240197245
pearson: 0.10918323459876587
p-valu: 1.5442212169443627e-245

AL interation 4414/4801.

mae: 0.011335031172141314
max_error: 0.07813809389907367
variance: 0.00010022460631814566
pearson: 0.1084079446175895
p-valu: 4.531243520341516e-242

AL interation 4415/4801.

mae: 0.011329669542375246
max_error: 0.0774713237699729
variance: 9.984486444775143e-05
pearson: 0.1050678103208352
p-valu: 1.9856457154766575e-227

AL interation 4416/4801.

mae: 0.011339710375817054
max_error: 0.07753716275536537
variance: 9.991194266369322e-05
pearson: 0.10488067296563754
p-valu: 1.2783706868134854e-226

AL interation 4417/4801.

mae: 0.011321025517528845
max_error: 0.07748844925689302
variance: 9.983907080673177e-05
pearson: 0.10347207154592547
p-valu: 1.353192877349616e-220

AL interation 4418/4801.

mae: 0.011308246875620485
max_error: 0.07765769996356942
variance: 9.968302783230196e-05
pearson: 0.10333872914589357
p-valu: 5.005869879191301e-220

AL interation 4419/4801.

mae: 0.011314266314625347
max_error: 0.07762934234804963
variance: 9.974744489945126e-05
pearson: 0.10313913879970989
p-valu: 3.526050027095645e-219

AL interation 4420/4801.

mae: 0.011312965282863413
max_error: 0.07799461717357592
variance: 9.980774083466253e-05
pearson: 0.10321839395319848
p-valu: 1.6371451091019192e-219

AL interation 4421/4801.

mae: 0.011312671470259853
max_error: 0.07799988446302852
variance: 9.980691665150875e-05
pearson: 0.10368366450707939
p-valu: 1.7434860847585129e-221

AL interation 4422/4801.

mae: 0.011314155380022511
max_error: 0.07799892354549631
variance: 9.983223843513958e-05
pearson: 0.10321815634277651
p-valu: 1.658631554500142e-219

AL interation 4423/4801.

mae: 0.011317414689676031
max_error: 0.07809033846413915
variance: 9.987320763177523e-05
pearson: 0.10322753413589673
p-valu: 1.5218131276794178e-219

AL interation 4424/4801.

mae: 0.011316103718902881
max_error: 0.07806525060212555
variance: 9.98245597763223e-05
pearson: 0.1030479189709107
p-valu: 8.805381446264612e-219

AL interation 4425/4801.

mae: 0.011316551821515369
max_error: 0.078088330752766
variance: 9.970077985669425e-05
pearson: 0.1023147275135344
p-valu: 1.085446693205265e-215

AL interation 4426/4801.

mae: 0.011317710091004702
max_error: 0.07808173498077342
variance: 9.970286573343401e-05
pearson: 0.10323528709786352
p-valu: 1.4338713806194688e-219

AL interation 4427/4801.

mae: 0.01131752751553277
max_error: 0.0781906734630724
variance: 9.97168911999387e-05
pearson: 0.10331240347946494
p-valu: 6.7933732371638365e-220

AL interation 4428/4801.

mae: 0.011318867362496996
max_error: 0.07823129450506205
variance: 9.975945262327476e-05
pearson: 0.10375127032584885
p-valu: 9.335902189698963e-222

AL interation 4429/4801.

mae: 0.011321112711503978
max_error: 0.07869352835794818
variance: 9.977597947474389e-05
pearson: 0.10307292456497864
p-valu: 7.089632936634693e-219

AL interation 4430/4801.

mae: 0.011314873136369108
max_error: 0.07872065465042799
variance: 9.969351611017456e-05
pearson: 0.10209775842173698
p-valu: 9.050260179297472e-215

AL interation 4431/4801.

mae: 0.011312960258098748
max_error: 0.07904818250634382
variance: 9.973159964589335e-05
pearson: 0.10273855831502723
p-valu: 1.8484971011903414e-217

AL interation 4432/4801.

mae: 0.01131342288216306
max_error: 0.07903754652787431
variance: 9.973166618479319e-05
pearson: 0.10282390586908043
p-valu: 8.114701846367936e-218

AL interation 4433/4801.

mae: 0.011310141844094264
max_error: 0.07900061296848837
variance: 9.971106520048952e-05
pearson: 0.10284756964267504
p-valu: 6.482701239868911e-218

AL interation 4434/4801.

mae: 0.011310905294359632
max_error: 0.07900087040096371
variance: 9.970361350906627e-05
pearson: 0.10328706524712075
p-valu: 9.032213703119817e-220

AL interation 4435/4801.

mae: 0.01131174100200023
max_error: 0.0789544409201739
variance: 9.974685235424464e-05
pearson: 0.10353638381431746
p-valu: 7.950194419044831e-221

AL interation 4436/4801.

mae: 0.011314459144840566
max_error: 0.0788934786853901
variance: 9.982755871759478e-05
pearson: 0.10405724638530259
p-valu: 4.8368688399824786e-223

AL interation 4437/4801.

mae: 0.011314324492719787
max_error: 0.07890343361421803
variance: 9.981784624119807e-05
pearson: 0.10492121046881028
p-valu: 9.60813077655749e-227

AL interation 4438/4801.

mae: 0.011316582443493147
max_error: 0.07899336672952306
variance: 9.976557930403269e-05
pearson: 0.10542679960053256
p-valu: 6.35086435545866e-229

AL interation 4439/4801.

mae: 0.01131657756286127
max_error: 0.07899382561325585
variance: 9.976663244622203e-05
pearson: 0.10555958335711116
p-valu: 1.6997113327996226e-229

AL interation 4440/4801.

mae: 0.01131265838464806
max_error: 0.07939677909806453
variance: 9.976013988059422e-05
pearson: 0.10448676215079057
p-valu: 7.184934034587468e-225

AL interation 4441/4801.

mae: 0.011312257918368603
max_error: 0.07939840585121094
variance: 9.97660883072501e-05
pearson: 0.10558300268800241
p-valu: 1.360748449704796e-229

AL interation 4442/4801.

mae: 0.011309515915028307
max_error: 0.0792862984801872
variance: 9.958778328377245e-05
pearson: 0.10491187169761232
p-valu: 1.0836136194355123e-226

AL interation 4443/4801.

mae: 0.011305604297769486
max_error: 0.07902559640232032
variance: 9.959470692884914e-05
pearson: 0.1043277534267319
p-valu: 3.5054989970631907e-224

AL interation 4444/4801.

mae: 0.011312723922265993
max_error: 0.07882595095751133
variance: 9.983841092886429e-05
pearson: 0.1030966854273333
p-valu: 6.095034784494815e-219

AL interation 4445/4801.

mae: 0.011313290599144692
max_error: 0.0788584648619548
variance: 9.984588028326526e-05
pearson: 0.10384524312365466
p-valu: 4.073672562839999e-222

AL interation 4446/4801.

mae: 0.011313234135217247
max_error: 0.0789089124284914
variance: 9.986898264963594e-05
pearson: 0.10346930053115268
p-valu: 1.6254503180620428e-220

AL interation 4447/4801.

mae: 0.01131411177969237
max_error: 0.07888639568617184
variance: 9.978451642494443e-05
pearson: 0.10378517606646788
p-valu: 7.421957505922886e-222

AL interation 4448/4801.

mae: 0.011314799685043541
max_error: 0.07878502831252665
variance: 9.96833683325737e-05
pearson: 0.10298003602389447
p-valu: 1.9376189233796734e-218

AL interation 4449/4801.

mae: 0.011324069077565621
max_error: 0.07850363450259867
variance: 9.96843967881095e-05
pearson: 0.10280862825283756
p-valu: 1.0303272489516946e-217

AL interation 4450/4801.

mae: 0.01130514664724878
max_error: 0.07920504970414588
variance: 9.9746552791687e-05
pearson: 0.10164093099852503
p-valu: 8.13889368703744e-213

AL interation 4451/4801.

mae: 0.011304866442584985
max_error: 0.07918950524643553
variance: 9.973985323567031e-05
pearson: 0.10159558472585127
p-valu: 1.2640793922306389e-212

AL interation 4452/4801.

mae: 0.011304287694752505
max_error: 0.0791798564717141
variance: 9.970419942475048e-05
pearson: 0.10177388110990696
p-valu: 2.2940664684879897e-213

AL interation 4453/4801.

mae: 0.011304288821947952
max_error: 0.07919087049075135
variance: 9.970814275330076e-05
pearson: 0.10239626544598183
p-valu: 5.7199955520499185e-216

AL interation 4454/4801.

mae: 0.011304269407867227
max_error: 0.07919076496753807
variance: 9.97085221545142e-05
pearson: 0.10268223150011253
p-valu: 3.6069359298971025e-217

AL interation 4455/4801.

mae: 0.011303971419848525
max_error: 0.07923549009163655
variance: 9.968594193209647e-05
pearson: 0.10218866293908936
p-valu: 4.2937842020047627e-215

AL interation 4456/4801.

mae: 0.01129995609427678
max_error: 0.07826219675033319
variance: 9.953639417022739e-05
pearson: 0.10173479606380174
p-valu: 3.4098435571445415e-213

AL interation 4457/4801.

mae: 0.011297228208893293
max_error: 0.07816092704550504
variance: 9.949731094486583e-05
pearson: 0.10129511711971939
p-valu: 2.317729063572205e-211

AL interation 4458/4801.

mae: 0.011294584855069087
max_error: 0.07804592795608589
variance: 9.960877398524506e-05
pearson: 0.10081449929278075
p-valu: 2.2830351688280727e-209

AL interation 4459/4801.

mae: 0.011294261194375925
max_error: 0.07805544848841639
variance: 9.967645730016858e-05
pearson: 0.10094846207682899
p-valu: 6.407646843235595e-210

AL interation 4460/4801.

mae: 0.011296175811346494
max_error: 0.07799551125052351
variance: 9.970482420542148e-05
pearson: 0.1016319115431254
p-valu: 9.348125660062989e-213

AL interation 4461/4801.

mae: 0.011293846731245559
max_error: 0.07803776440804033
variance: 9.966720426758388e-05
pearson: 0.1019206198602077
p-valu: 5.86403817158616e-214

AL interation 4462/4801.

mae: 0.011293146486580636
max_error: 0.07782620485730551
variance: 9.965924369714402e-05
pearson: 0.10235101831415334
p-valu: 9.288813815784176e-216

AL interation 4463/4801.

mae: 0.011287395009630316
max_error: 0.07871427474882187
variance: 9.954572514272028e-05
pearson: 0.1005550797876527
p-valu: 2.7563216580826736e-208

AL interation 4464/4801.

mae: 0.0112886362846562
max_error: 0.07873718169892929
variance: 9.955733894530541e-05
pearson: 0.10033645865377026
p-valu: 2.201270294406396e-207

AL interation 4465/4801.

mae: 0.011284490330949382
max_error: 0.0787711628638903
variance: 9.94924737243263e-05
pearson: 0.10047725967162348
p-valu: 5.826183545569746e-208

AL interation 4466/4801.

mae: 0.011294664124563869
max_error: 0.07910872325036
variance: 9.96892934390374e-05
pearson: 0.09896717362875812
p-valu: 8.697241540460097e-202

AL interation 4467/4801.

mae: 0.011286840659004408
max_error: 0.07942557641425485
variance: 9.954512578424033e-05
pearson: 0.09925362029574333
p-valu: 5.999618956125833e-203

AL interation 4468/4801.

mae: 0.01128574655610444
max_error: 0.07936672371241404
variance: 9.952809252233333e-05
pearson: 0.09936510171733043
p-valu: 2.1211723614709136e-203

AL interation 4469/4801.

mae: 0.011279653731410095
max_error: 0.079238715852884
variance: 9.939497817887842e-05
pearson: 0.09920597859881279
p-valu: 9.465788333151706e-203

AL interation 4470/4801.

mae: 0.011277485577060889
max_error: 0.07877905494959525
variance: 9.938643110075273e-05
pearson: 0.09839071678503589
p-valu: 1.9000402023390868e-199

AL interation 4471/4801.

mae: 0.011267927991018403
max_error: 0.0789155738405356
variance: 9.925726150125902e-05
pearson: 0.09857925869114365
p-valu: 3.3118250097896246e-200

AL interation 4472/4801.

mae: 0.011266358928862305
max_error: 0.07886574791180867
variance: 9.910295602317289e-05
pearson: 0.0977737035247249
p-valu: 5.78626665607768e-197

AL interation 4473/4801.

mae: 0.011267385576244614
max_error: 0.07887129694998696
variance: 9.90522597060872e-05
pearson: 0.09763165270982081
p-valu: 2.153034326059848e-196

AL interation 4474/4801.

mae: 0.011261073462670588
max_error: 0.07892584732170183
variance: 9.891905100295684e-05
pearson: 0.09744904026360825
p-valu: 1.160924992880726e-195

AL interation 4475/4801.

mae: 0.011253946890668741
max_error: 0.07867921613095352
variance: 9.917100555162187e-05
pearson: 0.09736998889213809
p-valu: 2.411640760580588e-195

AL interation 4476/4801.

mae: 0.011255513628550467
max_error: 0.07856176435442142
variance: 9.914930878253942e-05
pearson: 0.09696945759125894
p-valu: 9.518821354608766e-194

AL interation 4477/4801.

mae: 0.011254314668126625
max_error: 0.07857263991926122
variance: 9.913981531772563e-05
pearson: 0.0971766606110391
p-valu: 1.4347228143575003e-194

AL interation 4478/4801.

mae: 0.011265959258655365
max_error: 0.07819253101868928
variance: 9.926276765807332e-05
pearson: 0.09591710212325338
p-valu: 1.3783765518310306e-189

AL interation 4479/4801.

mae: 0.011269043122900453
max_error: 0.07826894195594325
variance: 9.92488631175143e-05
pearson: 0.09630132719409254
p-valu: 4.256907081178988e-191

AL interation 4480/4801.

mae: 0.01126542691102052
max_error: 0.07826594569113188
variance: 9.918344166294034e-05
pearson: 0.0963371509841811
p-valu: 3.088930272298132e-191

AL interation 4481/4801.

mae: 0.011251184919023865
max_error: 0.07869063922615571
variance: 9.924353829558536e-05
pearson: 0.09572642269730622
p-valu: 7.827077322451938e-189

AL interation 4482/4801.

mae: 0.011251571007670965
max_error: 0.07866610762201565
variance: 9.924057554632596e-05
pearson: 0.09602189693484041
p-valu: 5.439547866847509e-190

AL interation 4483/4801.

mae: 0.011252199996877642
max_error: 0.07883145923031809
variance: 9.925086251395335e-05
pearson: 0.09705847641108571
p-valu: 4.357628249949366e-194

AL interation 4484/4801.

mae: 0.011252650567691983
max_error: 0.07875050480678003
variance: 9.930251493197697e-05
pearson: 0.0974050915926234
p-valu: 1.8235934062162056e-195

AL interation 4485/4801.

mae: 0.01125425113261258
max_error: 0.07874161550379033
variance: 9.928935396465543e-05
pearson: 0.09699290750432715
p-valu: 8.015399254557113e-194

AL interation 4486/4801.

mae: 0.011251532119607445
max_error: 0.07870891500195687
variance: 9.93042569304749e-05
pearson: 0.0972394912858838
p-valu: 8.417417477045097e-195

AL interation 4487/4801.

mae: 0.011250523273779234
max_error: 0.07873205963031471
variance: 9.932308023953382e-05
pearson: 0.09677847359912674
p-valu: 5.739718359445622e-193

AL interation 4488/4801.

mae: 0.011231151873755523
max_error: 0.07812547025085625
variance: 9.905980088453359e-05
pearson: 0.09587429752222072
p-valu: 2.1258893113513356e-189

AL interation 4489/4801.

mae: 0.01124032591008732
max_error: 0.07842418656790362
variance: 9.937546335586342e-05
pearson: 0.09471821959528037
p-valu: 6.921503417024121e-185

AL interation 4490/4801.

mae: 0.01123697678462494
max_error: 0.07846282931339776
variance: 9.937940519788544e-05
pearson: 0.09519511173562788
p-valu: 9.73269166582203e-187

AL interation 4491/4801.

mae: 0.011230496970950927
max_error: 0.07849289778122004
variance: 9.934856316804324e-05
pearson: 0.09548498386943212
p-valu: 7.223020028503679e-188

AL interation 4492/4801.

mae: 0.011223235480177562
max_error: 0.07844150274675887
variance: 9.938459894583154e-05
pearson: 0.09477447655248299
p-valu: 4.2449736971566043e-185

AL interation 4493/4801.

mae: 0.011216339136093005
max_error: 0.07838574626319716
variance: 9.949467216584583e-05
pearson: 0.0940246375978279
p-valu: 3.368107348252512e-182

AL interation 4494/4801.

mae: 0.011219118769777232
max_error: 0.07870463856514509
variance: 9.962576792560651e-05
pearson: 0.0935654585517723
p-valu: 1.9594432516002835e-180

AL interation 4495/4801.

mae: 0.011213517048237216
max_error: 0.07865398573474924
variance: 9.955740766067733e-05
pearson: 0.09395649192524431
p-valu: 6.214602513445856e-182

AL interation 4496/4801.

mae: 0.011211086590830447
max_error: 0.07859336668687722
variance: 9.945927728118415e-05
pearson: 0.09443350733457578
p-valu: 9.0398240467008e-184

AL interation 4497/4801.

mae: 0.011210690980007869
max_error: 0.0786089996984487
variance: 9.946926407169601e-05
pearson: 0.09468989063308803
p-valu: 9.240554397772858e-185

AL interation 4498/4801.

mae: 0.011209867900613197
max_error: 0.07851464651165263
variance: 9.951288848096357e-05
pearson: 0.0949919111853514
p-valu: 6.238788813248171e-186

AL interation 4499/4801.

mae: 0.011209511542175869
max_error: 0.07849731318518427
variance: 9.951441708157667e-05
pearson: 0.09530861730112333
p-valu: 3.6596457882434404e-187

AL interation 4500/4801.

mae: 0.011210111126444397
max_error: 0.078484023128371
variance: 9.95066073147946e-05
pearson: 0.09510549623165067
p-valu: 2.275570082034958e-186

AL interation 4501/4801.

mae: 0.011211174392472247
max_error: 0.07842322956301762
variance: 9.941876811233288e-05
pearson: 0.09564593424003624
p-valu: 1.773911516996397e-188

AL interation 4502/4801.

mae: 0.01120191517149451
max_error: 0.07826104854601401
variance: 9.940185676575064e-05
pearson: 0.0945970242490707
p-valu: 2.1639757597695122e-184

AL interation 4503/4801.

mae: 0.011206795580795771
max_error: 0.07813317801654596
variance: 9.940313305841717e-05
pearson: 0.09465040068587863
p-valu: 1.3504315658302487e-184

AL interation 4504/4801.

mae: 0.011205801898500902
max_error: 0.078192734998342
variance: 9.940517380043685e-05
pearson: 0.09534685608032031
p-valu: 2.6554402409799993e-187

AL interation 4505/4801.

mae: 0.011204450478988513
max_error: 0.07818938470907999
variance: 9.942664008477496e-05
pearson: 0.0949105709406351
p-valu: 1.3336358294465281e-185

AL interation 4506/4801.

mae: 0.011203893411262917
max_error: 0.07812301384027198
variance: 9.93630239636263e-05
pearson: 0.09489522380210522
p-valu: 1.5368173257032566e-185

AL interation 4507/4801.

mae: 0.011210241070275174
max_error: 0.07835175424614538
variance: 9.953598924812576e-05
pearson: 0.09458726900667268
p-valu: 2.4143069397475126e-184

AL interation 4508/4801.

mae: 0.011208659892241764
max_error: 0.07830476773077355
variance: 9.937129064599651e-05
pearson: 0.09365020895835245
p-valu: 9.86830697942061e-181

AL interation 4509/4801.

mae: 0.011206768534276377
max_error: 0.07831909098811995
variance: 9.936831139131429e-05
pearson: 0.09426447419270864
p-valu: 4.307174320382093e-183

AL interation 4510/4801.

mae: 0.011205310600603735
max_error: 0.07839073958374176
variance: 9.945016180367754e-05
pearson: 0.09467095468504291
p-valu: 1.1602022500242898e-184

AL interation 4511/4801.

mae: 0.011212511045751751
max_error: 0.07866198317450146
variance: 9.953911418482038e-05
pearson: 0.09419387156433717
p-valu: 8.134774346204591e-183

AL interation 4512/4801.

mae: 0.011210942351245258
max_error: 0.07872225707822911
variance: 9.958107276000201e-05
pearson: 0.09325725691087512
p-valu: 3.196003876742085e-179

AL interation 4513/4801.

mae: 0.011210320720001558
max_error: 0.07854048859033758
variance: 9.936003372929916e-05
pearson: 0.09225467739321119
p-valu: 2.048409073403838e-175

AL interation 4514/4801.

mae: 0.011217592451946676
max_error: 0.07865077996237635
variance: 9.943610278962813e-05
pearson: 0.09153247810303755
p-valu: 1.067145925494422e-172

AL interation 4515/4801.

mae: 0.011209021889349875
max_error: 0.07858870473708923
variance: 9.933879181554299e-05
pearson: 0.0906075047459677
p-valu: 2.989789649846824e-169

AL interation 4516/4801.

mae: 0.011207291040459711
max_error: 0.07867830095372885
variance: 9.942975325401407e-05
pearson: 0.09032383454435267
p-valu: 3.365131245098838e-168

AL interation 4517/4801.

mae: 0.011216092821593282
max_error: 0.07867592926075706
variance: 9.945888946003481e-05
pearson: 0.0895876067115533
p-valu: 1.7266458509688508e-165

AL interation 4518/4801.

mae: 0.011216169071370616
max_error: 0.07873789643261664
variance: 9.942187976278282e-05
pearson: 0.0894557378656006
p-valu: 5.2685870382188e-165

AL interation 4519/4801.

mae: 0.011216771427143602
max_error: 0.07867694603945385
variance: 9.944035854256845e-05
pearson: 0.0892867680890512
p-valu: 2.1924875804254117e-164

AL interation 4520/4801.

mae: 0.011218770364520044
max_error: 0.07866794326972415
variance: 9.941994510669488e-05
pearson: 0.08899477795884735
p-valu: 2.552397988718259e-163

AL interation 4521/4801.

mae: 0.011217420362043286
max_error: 0.07856434751400632
variance: 9.928335425915579e-05
pearson: 0.0882012355107901
p-valu: 1.9194450852510587e-160

AL interation 4522/4801.

mae: 0.011221584237556545
max_error: 0.0786114820078041
variance: 9.926294522376925e-05
pearson: 0.0889424513941883
p-valu: 3.987984271428519e-163

AL interation 4523/4801.

mae: 0.011220765460852182
max_error: 0.07863173618378316
variance: 9.925919665494078e-05
pearson: 0.08866233195303987
p-valu: 4.1641291119357187e-162

AL interation 4524/4801.

mae: 0.011225389674172838
max_error: 0.07875129914490064
variance: 9.92536883962074e-05
pearson: 0.08851050215148544
p-valu: 1.4829693359634699e-161

AL interation 4525/4801.

mae: 0.011223015998164509
max_error: 0.0788375929917351
variance: 9.919882742412754e-05
pearson: 0.08873542210570205
p-valu: 2.2798343684734913e-162

AL interation 4526/4801.

mae: 0.01122376214638921
max_error: 0.07882685301254644
variance: 9.922476127769584e-05
pearson: 0.08828104934320301
p-valu: 1.0086657583688368e-160

AL interation 4527/4801.

mae: 0.011224672051495885
max_error: 0.07879853602415499
variance: 9.919517939131454e-05
pearson: 0.08840589877931165
p-valu: 3.585452074633955e-161

AL interation 4528/4801.

mae: 0.011224155306509491
max_error: 0.07866279950238497
variance: 9.917119255972323e-05
pearson: 0.08818524047640448
p-valu: 2.2528409408569368e-160

AL interation 4529/4801.

mae: 0.01122774214707454
max_error: 0.07846040184839187
variance: 9.897592980967087e-05
pearson: 0.08772437509247864
p-valu: 1.026670756154462e-158

AL interation 4530/4801.

mae: 0.011227610073674104
max_error: 0.07840155936381454
variance: 9.898627257124925e-05
pearson: 0.08830869211248506
p-valu: 8.142861234073888e-161

AL interation 4531/4801.

mae: 0.011229102066094407
max_error: 0.0783751769852501
variance: 9.897046828233223e-05
pearson: 0.08957447051299329
p-valu: 2.0410211822133667e-165

AL interation 4532/4801.

mae: 0.01122916543892175
max_error: 0.07818046317541705
variance: 9.903717919948095e-05
pearson: 0.08912049968783431
p-valu: 9.331398341326354e-164

AL interation 4533/4801.

mae: 0.011222352384955793
max_error: 0.07833420127124957
variance: 9.909069443900501e-05
pearson: 0.0885541204394765
p-valu: 1.068221975557925e-161

AL interation 4534/4801.

mae: 0.011220608331537109
max_error: 0.07839916443871009
variance: 9.911644684238982e-05
pearson: 0.08919796496918121
p-valu: 4.909592482993173e-164

AL interation 4535/4801.

mae: 0.011217949566546835
max_error: 0.07841308687264648
variance: 9.903479844805897e-05
pearson: 0.08880913453105467
p-valu: 1.2811123338275278e-162

AL interation 4536/4801.

mae: 0.011214817391249248
max_error: 0.07848288607809484
variance: 9.897513954071013e-05
pearson: 0.08891546859732082
p-valu: 5.284773662584847e-163

AL interation 4537/4801.

mae: 0.011213727112678274
max_error: 0.0784693433818433
variance: 9.899827713445195e-05
pearson: 0.08881952971506299
p-valu: 1.1838289086842323e-162

AL interation 4538/4801.

mae: 0.011214085747880045
max_error: 0.0784428903228076
variance: 9.899168877746065e-05
pearson: 0.0889192969556479
p-valu: 5.158962611715059e-163

AL interation 4539/4801.

mae: 0.011206133348807672
max_error: 0.07854103033995163
variance: 9.898368628833035e-05
pearson: 0.08968005172702208
p-valu: 8.649268053588708e-166

AL interation 4540/4801.

mae: 0.011205677743476774
max_error: 0.07857246494157555
variance: 9.896125405778713e-05
pearson: 0.08976142925151671
p-valu: 4.367484510507272e-166

AL interation 4541/4801.

mae: 0.011210453873221414
max_error: 0.07836139266172215
variance: 9.898159343267405e-05
pearson: 0.09028522041387631
p-valu: 5.177327836551229e-168

AL interation 4542/4801.

mae: 0.011207995345361781
max_error: 0.07835161606843433
variance: 9.89827404451804e-05
pearson: 0.0903127038753237
p-valu: 4.1154352710995387e-168

AL interation 4543/4801.

mae: 0.011208243652577096
max_error: 0.07836509146571591
variance: 9.898722757764924e-05
pearson: 0.09027405167511307
p-valu: 5.739720812756887e-168

AL interation 4544/4801.

mae: 0.011207739329503568
max_error: 0.07835651183293924
variance: 9.900027404192561e-05
pearson: 0.09086504408067764
p-valu: 3.733625854374328e-170

AL interation 4545/4801.

mae: 0.011207447451430217
max_error: 0.07842147167710611
variance: 9.904317180802639e-05
pearson: 0.09129137513474928
p-valu: 9.686945496996636e-172

AL interation 4546/4801.

mae: 0.011208896402380215
max_error: 0.07847998418972968
variance: 9.908350343603425e-05
pearson: 0.0920934917967257
p-valu: 9.557678283518768e-175

AL interation 4547/4801.

mae: 0.011203727638488698
max_error: 0.07846269080826862
variance: 9.917496090956134e-05
pearson: 0.09253740933368329
p-valu: 2.0240133978125702e-176

AL interation 4548/4801.

mae: 0.01120559967982718
max_error: 0.07837602973293945
variance: 9.919820149876473e-05
pearson: 0.09275479106317837
p-valu: 3.0506610212853226e-177

AL interation 4549/4801.

mae: 0.011215062676521441
max_error: 0.07846097466998292
variance: 9.919953963051078e-05
pearson: 0.09178416057559673
p-valu: 1.4090135773612396e-173

AL interation 4550/4801.

mae: 0.011212871384748226
max_error: 0.0784323637947495
variance: 9.916745619038887e-05
pearson: 0.09171954141065095
p-valu: 2.472876678965717e-173

AL interation 4551/4801.

mae: 0.011213174940383694
max_error: 0.07846987492510782
variance: 9.920196887372081e-05
pearson: 0.09284489753606892
p-valu: 1.4061770043787749e-177

AL interation 4552/4801.

mae: 0.011207529893659014
max_error: 0.07847492549470592
variance: 9.911814389508097e-05
pearson: 0.0924511204895676
p-valu: 4.384952601019383e-176

AL interation 4553/4801.

mae: 0.011205703724613233
max_error: 0.07854916990825989
variance: 9.912253716008358e-05
pearson: 0.09275754131503504
p-valu: 3.0433645222370957e-177

AL interation 4554/4801.

mae: 0.011205663845471992
max_error: 0.07854931214777428
variance: 9.912352660405671e-05
pearson: 0.09310412105043156
p-valu: 1.472254598086325e-178

AL interation 4555/4801.

mae: 0.011205673166744493
max_error: 0.0785492288544305
variance: 9.912356352977256e-05
pearson: 0.09370456801504778
p-valu: 7.515717308918767e-181

AL interation 4556/4801.

mae: 0.01120595650210941
max_error: 0.07852767814827932
variance: 9.905484637515329e-05
pearson: 0.09280575023209275
p-valu: 2.023319252658142e-177

AL interation 4557/4801.

mae: 0.011205548564762875
max_error: 0.07851411669824704
variance: 9.906717268698806e-05
pearson: 0.0936372186046112
p-valu: 1.3735424950739975e-180

AL interation 4558/4801.

mae: 0.011203598841729919
max_error: 0.07856309569095576
variance: 9.894221331688266e-05
pearson: 0.09378036941409089
p-valu: 3.90015096095423e-181

AL interation 4559/4801.

mae: 0.01120553399660193
max_error: 0.07859502186355205
variance: 9.894146277529622e-05
pearson: 0.09353154151225121
p-valu: 3.516943272016466e-180

AL interation 4560/4801.

mae: 0.011202762340953649
max_error: 0.07875444883055427
variance: 9.889772371438729e-05
pearson: 0.09294232031839027
p-valu: 6.235609829891566e-178

AL interation 4561/4801.

mae: 0.011197779653105311
max_error: 0.07875685693605594
variance: 9.895458311374158e-05
pearson: 0.09241171099566153
p-valu: 6.422701421359726e-176

AL interation 4562/4801.

mae: 0.011199385891227744
max_error: 0.0787679660009275
variance: 9.898724957972697e-05
pearson: 0.09177215569089366
p-valu: 1.6514914104855893e-173

AL interation 4563/4801.

mae: 0.011205938147995363
max_error: 0.07846126854227298
variance: 9.887625989415125e-05
pearson: 0.0915325400265862
p-valu: 1.3110740013999535e-172

AL interation 4564/4801.

mae: 0.011202047246364342
max_error: 0.07828549284593866
variance: 9.901235215998799e-05
pearson: 0.09194582596842235
p-valu: 3.709179273940015e-174

AL interation 4565/4801.

mae: 0.011200253245085685
max_error: 0.0783231646658209
variance: 9.905410719870211e-05
pearson: 0.09174708250883169
p-valu: 2.0771092717618245e-173

AL interation 4566/4801.

mae: 0.01120132473737166
max_error: 0.07802660655059701
variance: 9.911351927447877e-05
pearson: 0.0921370759749868
p-valu: 7.132383662097161e-175

AL interation 4567/4801.

mae: 0.011200397945502743
max_error: 0.07811827815047256
variance: 9.912104530357956e-05
pearson: 0.09224323583483723
p-valu: 2.85052069922182e-175

AL interation 4568/4801.

mae: 0.011204646082333543
max_error: 0.07810677475962113
variance: 9.907227208330072e-05
pearson: 0.09178063253277893
p-valu: 1.5743547326781944e-173

AL interation 4569/4801.

mae: 0.011186031949130863
max_error: 0.07815013217467315
variance: 9.878365246369732e-05
pearson: 0.09057247939958657
p-valu: 5.036508202894189e-169

AL interation 4570/4801.

mae: 0.01118557688769351
max_error: 0.07813136290704681
variance: 9.878077403804594e-05
pearson: 0.09078792838688253
p-valu: 8.041048303679657e-170

AL interation 4571/4801.

mae: 0.011191070451729233
max_error: 0.07805720248532855
variance: 9.888915512853481e-05
pearson: 0.09116191687752637
p-valu: 3.283141690950736e-171

AL interation 4572/4801.

mae: 0.011191002619093256
max_error: 0.07807384597279854
variance: 9.888438875597118e-05
pearson: 0.09244968089338428
p-valu: 4.8387447143720336e-176

AL interation 4573/4801.

mae: 0.011190165943500448
max_error: 0.07803335040651693
variance: 9.882353794705657e-05
pearson: 0.09206087675553297
p-valu: 1.4227621278213356e-174

AL interation 4574/4801.

mae: 0.011191460888781757
max_error: 0.07807050243562519
variance: 9.883457916027664e-05
pearson: 0.09264457060977656
p-valu: 8.933205114545841e-177

AL interation 4575/4801.

mae: 0.011188488087635591
max_error: 0.07798978572307935
variance: 9.879451965191844e-05
pearson: 0.09345077089909756
p-valu: 7.682910315490597e-180

AL interation 4576/4801.

mae: 0.01118927497235295
max_error: 0.07790758830950328
variance: 9.881336673906379e-05
pearson: 0.09407732261936452
p-valu: 3.054784239620162e-182

AL interation 4577/4801.

mae: 0.011194070270780423
max_error: 0.07798943907099276
variance: 9.883651187290496e-05
pearson: 0.09333358349823653
p-valu: 2.1720486550828722e-179

AL interation 4578/4801.

mae: 0.01118740897509749
max_error: 0.07762653988746426
variance: 9.875113394595837e-05
pearson: 0.09286883304777233
p-valu: 1.2822908933631632e-177

AL interation 4579/4801.

mae: 0.011184749315883678
max_error: 0.07757396614423162
variance: 9.881090349865606e-05
pearson: 0.09350373481443464
p-valu: 4.905755830610991e-180

AL interation 4580/4801.

mae: 0.011182336573700899
max_error: 0.07718435398809054
variance: 9.871829956886957e-05
pearson: 0.09308611720093325
p-valu: 1.9307586444622836e-178

AL interation 4581/4801.

mae: 0.011184742710744237
max_error: 0.07761821777265543
variance: 9.879533955623716e-05
pearson: 0.09245061734134952
p-valu: 4.988723774301289e-176

AL interation 4582/4801.

mae: 0.011181371658808642
max_error: 0.07747977409806883
variance: 9.878510907089565e-05
pearson: 0.09209061203526504
p-valu: 1.1425116176094957e-174

AL interation 4583/4801.

mae: 0.011180840278471707
max_error: 0.07731598129456363
variance: 9.872732326430925e-05
pearson: 0.09179157200434515
p-valu: 1.526321342956729e-173

AL interation 4584/4801.

mae: 0.011175603707313308
max_error: 0.07704175405186509
variance: 9.8718002080486e-05
pearson: 0.09142960337438218
p-valu: 3.475034570783864e-172

AL interation 4585/4801.

mae: 0.011176481239509192
max_error: 0.07709883013402252
variance: 9.86796900156209e-05
pearson: 0.09134554017456088
p-valu: 7.191132572173014e-172

AL interation 4586/4801.

mae: 0.0111759883597226
max_error: 0.07714779128608318
variance: 9.87479984895832e-05
pearson: 0.09119736233899993
p-valu: 2.578749650556577e-171

AL interation 4587/4801.

mae: 0.011174791271579644
max_error: 0.07750282582154289
variance: 9.858693213980943e-05
pearson: 0.09049709609080746
p-valu: 1.03106723264577e-168

AL interation 4588/4801.

mae: 0.011174179456825577
max_error: 0.0775283340265418
variance: 9.86032214929898e-05
pearson: 0.09044421822456389
p-valu: 1.6239820063119904e-168

AL interation 4589/4801.

mae: 0.01117949763622846
max_error: 0.07770790043676645
variance: 9.863495043030938e-05
pearson: 0.09077139936748442
p-valu: 1.001909340873135e-169

AL interation 4590/4801.

mae: 0.011181451514245372
max_error: 0.0778548463461306
variance: 9.86980625177165e-05
pearson: 0.08962055808802234
p-valu: 1.7557598233581757e-165

AL interation 4591/4801.

mae: 0.011185140168733006
max_error: 0.07785607064969047
variance: 9.863338356523988e-05
pearson: 0.08973604751631956
p-valu: 6.65306949142144e-166

AL interation 4592/4801.

mae: 0.011186804832698379
max_error: 0.07784331985411375
variance: 9.862526162669875e-05
pearson: 0.0896507989150393
p-valu: 1.3715539078103405e-165

AL interation 4593/4801.

mae: 0.011187151123705968
max_error: 0.07788510944581906
variance: 9.864343221846668e-05
pearson: 0.08943738362678114
p-valu: 8.31377197800621e-165

AL interation 4594/4801.

mae: 0.011182678115089268
max_error: 0.07809896395545768
variance: 9.852524602819795e-05
pearson: 0.08883263520566585
p-valu: 1.3301273094905785e-162

AL interation 4595/4801.

mae: 0.011183369584551532
max_error: 0.07824751626893378
variance: 9.853139004848358e-05
pearson: 0.08870618736494866
p-valu: 3.838750731489305e-162

AL interation 4596/4801.

mae: 0.011182982717797909
max_error: 0.07846415266638762
variance: 9.85305834293478e-05
pearson: 0.08844874397569953
p-valu: 3.2922522558549173e-161

AL interation 4597/4801.

mae: 0.011184725870465685
max_error: 0.07841508708978329
variance: 9.853293011587253e-05
pearson: 0.08912537642611686
p-valu: 1.1611620636265949e-163

AL interation 4598/4801.

mae: 0.011184269927393235
max_error: 0.07841366739038169
variance: 9.84730472397308e-05
pearson: 0.08930964806906144
p-valu: 2.4828653574891825e-164

AL interation 4599/4801.

mae: 0.011173300577489727
max_error: 0.07730427048798849
variance: 9.837572262698704e-05
pearson: 0.08929579661181283
p-valu: 2.800474406786371e-164

AL interation 4600/4801.

mae: 0.011174250885525676
max_error: 0.07769136963023304
variance: 9.819748159249252e-05
pearson: 0.08874562969450472
p-valu: 2.8171917930481453e-162

AL interation 4601/4801.

mae: 0.01117595392394437
max_error: 0.07771355153662118
variance: 9.815009615917857e-05
pearson: 0.08913624399264385
p-valu: 1.0771023207814173e-163

AL interation 4602/4801.

mae: 0.011168972677427618
max_error: 0.07756629348867539
variance: 9.81538112094579e-05
pearson: 0.08918456086449603
p-valu: 7.21103011606942e-164

AL interation 4603/4801.

mae: 0.011169044050169382
max_error: 0.07756789836119826
variance: 9.824023242565097e-05
pearson: 0.08886302930485088
p-valu: 1.0692550392007839e-162

AL interation 4604/4801.

mae: 0.01116642388650688
max_error: 0.0773003733195623
variance: 9.83155603130357e-05
pearson: 0.08839176793430144
p-valu: 5.4568336977267185e-161

AL interation 4605/4801.

mae: 0.011166860772610096
max_error: 0.07714900887757214
variance: 9.836968293815706e-05
pearson: 0.0876994843482613
p-valu: 1.6914921824034912e-158

AL interation 4606/4801.

mae: 0.011168905424283655
max_error: 0.07717005018665479
variance: 9.820583726542451e-05
pearson: 0.08736829821559122
p-valu: 2.5938992726113187e-157

AL interation 4607/4801.

mae: 0.011169954061456447
max_error: 0.07719424174709677
variance: 9.81573142809788e-05
pearson: 0.08718332738880166
p-valu: 1.188273581854715e-156

AL interation 4608/4801.

mae: 0.011167142726900503
max_error: 0.07715791036415287
variance: 9.81454087396525e-05
pearson: 0.08768683727411387
p-valu: 1.8993406301405113e-158

AL interation 4609/4801.

mae: 0.011159783415710865
max_error: 0.07704342951027177
variance: 9.800158903505015e-05
pearson: 0.08732178712675634
p-valu: 3.844698009225356e-157

AL interation 4610/4801.

mae: 0.011161381250033606
max_error: 0.07718750081247383
variance: 9.785666425531027e-05
pearson: 0.08768532401478812
p-valu: 1.938112356678039e-158

AL interation 4611/4801.

mae: 0.011187349774846294
max_error: 0.07650236961697776
variance: 9.795737088717562e-05
pearson: 0.08637519533325141
p-valu: 8.816347897822783e-154

AL interation 4612/4801.

mae: 0.011188077164835764
max_error: 0.07653915765539243
variance: 9.801241548259066e-05
pearson: 0.08615296987218561
p-valu: 5.3661822814651e-153

AL interation 4613/4801.

mae: 0.011184122864612182
max_error: 0.07641132186316502
variance: 9.792539231087806e-05
pearson: 0.08637781949713229
p-valu: 8.695417047548308e-154

AL interation 4614/4801.

mae: 0.011184161733041965
max_error: 0.07640823347745429
variance: 9.79262599726464e-05
pearson: 0.0870241745798902
p-valu: 4.4939563836644936e-156

AL interation 4615/4801.

mae: 0.011181754413611661
max_error: 0.07640589385872265
variance: 9.798897748865761e-05
pearson: 0.08765973208015368
p-valu: 2.4400621168441066e-158

AL interation 4616/4801.

mae: 0.011180959353899844
max_error: 0.07658132979148324
variance: 9.765974760090285e-05
pearson: 0.08693204934236733
p-valu: 9.619094766752298e-156

AL interation 4617/4801.

mae: 0.011177210784823732
max_error: 0.07614198589934351
variance: 9.756496476941226e-05
pearson: 0.08686897793961014
p-valu: 1.616547114125583e-155

AL interation 4618/4801.

mae: 0.01117432730919871
max_error: 0.07596677225800197
variance: 9.756274138395969e-05
pearson: 0.08635017285527852
p-valu: 1.1089738749026889e-153

AL interation 4619/4801.

mae: 0.011174217074578604
max_error: 0.07593430326622586
variance: 9.75615388319205e-05
pearson: 0.08636024163851193
p-valu: 1.0257656288492811e-153

AL interation 4620/4801.

mae: 0.011173537541111086
max_error: 0.0759965485670222
variance: 9.757505813350575e-05
pearson: 0.08680263895828555
p-valu: 2.8102455018463767e-155

AL interation 4621/4801.

mae: 0.011174915059621515
max_error: 0.07570704482558033
variance: 9.73186177458164e-05
pearson: 0.08622846045623084
p-valu: 3.010224807237928e-153

AL interation 4622/4801.

mae: 0.011177484017876762
max_error: 0.07552602579770284
variance: 9.751789477618286e-05
pearson: 0.08644143313191882
p-valu: 5.3644051639242836e-154

AL interation 4623/4801.

mae: 0.011182399489281177
max_error: 0.07562349256866985
variance: 9.76250673977073e-05
pearson: 0.08652647698508915
p-valu: 2.6968936854179762e-154

AL interation 4624/4801.

mae: 0.011175734031210702
max_error: 0.0755410440290547
variance: 9.760301859396633e-05
pearson: 0.08658195709741047
p-valu: 1.723611857312521e-154

AL interation 4625/4801.

mae: 0.011174299348144436
max_error: 0.07547453036412155
variance: 9.761429966740607e-05
pearson: 0.08660561277353497
p-valu: 1.4270602181362888e-154

AL interation 4626/4801.

mae: 0.011175346877447607
max_error: 0.0753257568415251
variance: 9.763151975547279e-05
pearson: 0.08647001193770015
p-valu: 4.3168866463218664e-154

AL interation 4627/4801.

mae: 0.01117481400384473
max_error: 0.07467576349179983
variance: 9.764943110152983e-05
pearson: 0.08556812225984033
p-valu: 6.366528367712467e-151

AL interation 4628/4801.

mae: 0.011174561206445641
max_error: 0.07464793855095597
variance: 9.76855019607621e-05
pearson: 0.08574538464273185
p-valu: 1.5334915373166498e-151

AL interation 4629/4801.

mae: 0.01117164491454501
max_error: 0.07449648561876931
variance: 9.764795149684443e-05
pearson: 0.08573776818466818
p-valu: 1.6366069832007575e-151

AL interation 4630/4801.

mae: 0.011180617475208621
max_error: 0.07464132606063179
variance: 9.748207832348291e-05
pearson: 0.08545866904855456
p-valu: 1.5515190267229562e-150

AL interation 4631/4801.

mae: 0.011180189559483971
max_error: 0.07465531738697284
variance: 9.7400868356052e-05
pearson: 0.08522821957995558
p-valu: 9.888665038073743e-150

AL interation 4632/4801.

mae: 0.011175536560728411
max_error: 0.07465055435958168
variance: 9.733419542350904e-05
pearson: 0.0850775919321508
p-valu: 3.313248519463912e-149

AL interation 4633/4801.

mae: 0.01117699105455377
max_error: 0.07473416466044402
variance: 9.734764783271621e-05
pearson: 0.08498032151256073
p-valu: 7.23455045123262e-149

AL interation 4634/4801.

mae: 0.011176933536943313
max_error: 0.07473624484035502
variance: 9.73495215550524e-05
pearson: 0.08491839305085049
p-valu: 1.19043338149177e-148

AL interation 4635/4801.

mae: 0.011179359272426598
max_error: 0.07469475887436094
variance: 9.737643908357273e-05
pearson: 0.08491307931803056
p-valu: 1.246508049436385e-148

AL interation 4636/4801.

mae: 0.011179413230988276
max_error: 0.0747039636101221
variance: 9.738851965198969e-05
pearson: 0.08531023078543243
p-valu: 5.219629692454619e-150

AL interation 4637/4801.

mae: 0.011176185358609866
max_error: 0.07473066133596551
variance: 9.736466032348235e-05
pearson: 0.08491110961627027
p-valu: 1.2754648981376863e-148

AL interation 4638/4801.

mae: 0.011173546782774853
max_error: 0.07475073892627226
variance: 9.741892822224436e-05
pearson: 0.08526110901046685
p-valu: 7.794812397964234e-150

AL interation 4639/4801.

mae: 0.011172625709108975
max_error: 0.07476607956985792
variance: 9.74405034720994e-05
pearson: 0.08571578057885364
p-valu: 2.0273366358327056e-151

AL interation 4640/4801.

mae: 0.01117535301986808
max_error: 0.07473251023501182
variance: 9.747564373543732e-05
pearson: 0.08506315911649018
p-valu: 3.828269372892604e-149

AL interation 4641/4801.

mae: 0.011165283392576495
max_error: 0.07481141020460602
variance: 9.739424234843687e-05
pearson: 0.08413580333681314
p-valu: 6.113086096254326e-146

AL interation 4642/4801.

mae: 0.011170687129269503
max_error: 0.07476252769291425
variance: 9.763980814255975e-05
pearson: 0.08405642431477507
p-valu: 1.1487037187963273e-145

AL interation 4643/4801.

mae: 0.011160512115254364
max_error: 0.07475620508219838
variance: 9.771883884546853e-05
pearson: 0.08410562090881649
p-valu: 7.815486866188535e-146

AL interation 4644/4801.

mae: 0.011160498191655365
max_error: 0.07475466685744725
variance: 9.773080824362298e-05
pearson: 0.08399814415855705
p-valu: 1.832822868861198e-145

AL interation 4645/4801.

mae: 0.011160747952113565
max_error: 0.07474772434787558
variance: 9.772548901680549e-05
pearson: 0.08408381944575741
p-valu: 9.350943948817479e-146

AL interation 4646/4801.

mae: 0.011161186744588925
max_error: 0.07466394083556627
variance: 9.774024849871758e-05
pearson: 0.0844786641652774
p-valu: 4.115888083526352e-147

AL interation 4647/4801.

mae: 0.011156574768227151
max_error: 0.07443224843362661
variance: 9.755889400285542e-05
pearson: 0.0846590246585391
p-valu: 9.853672103817923e-148

AL interation 4648/4801.

mae: 0.011156578160280409
max_error: 0.07444556567159855
variance: 9.75531758829499e-05
pearson: 0.08429655924038981
p-valu: 1.756519482793013e-146

AL interation 4649/4801.

mae: 0.0111496131790255
max_error: 0.07409544118516753
variance: 9.749233706395954e-05
pearson: 0.08345510269567702
p-valu: 1.336413303838326e-143

AL interation 4650/4801.

mae: 0.011152210260833519
max_error: 0.07417200342596009
variance: 9.754668782681962e-05
pearson: 0.08397013523539171
p-valu: 2.3352828379560856e-145

AL interation 4651/4801.

mae: 0.011153342014679315
max_error: 0.07423271362521011
variance: 9.759578351317351e-05
pearson: 0.08368368691335047
p-valu: 2.236649943160342e-144

AL interation 4652/4801.

mae: 0.011154342816873136
max_error: 0.0742098120975101
variance: 9.758163389887461e-05
pearson: 0.08374003626206142
p-valu: 1.4410134667121813e-144

AL interation 4653/4801.

mae: 0.011150170548780355
max_error: 0.07425666392581154
variance: 9.763119008228197e-05
pearson: 0.08362746335142279
p-valu: 3.503892861465789e-144

AL interation 4654/4801.

mae: 0.011149522065849137
max_error: 0.07426675288505469
variance: 9.761037792228545e-05
pearson: 0.08370122074559845
p-valu: 1.969302677314112e-144

AL interation 4655/4801.

mae: 0.011150240148813492
max_error: 0.07417353272129223
variance: 9.768916246092486e-05
pearson: 0.08451428779085936
p-valu: 3.20377356579726e-147

AL interation 4656/4801.

mae: 0.01114474797759436
max_error: 0.07408360855177709
variance: 9.774761034821814e-05
pearson: 0.08454091898495932
p-valu: 2.6023805676767145e-147

AL interation 4657/4801.

mae: 0.01114043914380585
max_error: 0.07408594747019781
variance: 9.776323089652718e-05
pearson: 0.08348124914318383
p-valu: 1.1196092175810611e-143

AL interation 4658/4801.

mae: 0.011140160903334586
max_error: 0.0740530730347786
variance: 9.769103264351579e-05
pearson: 0.08327566859399625
p-valu: 5.62166711868817e-143

AL interation 4659/4801.

mae: 0.011139878503823746
max_error: 0.07405074440092396
variance: 9.773664037436972e-05
pearson: 0.08385793477806235
p-valu: 5.83863129937282e-145

AL interation 4660/4801.

mae: 0.011133907803749557
max_error: 0.07400584448467673
variance: 9.751667482146618e-05
pearson: 0.08450937266814718
p-valu: 3.391598595176853e-147

AL interation 4661/4801.

mae: 0.011138172896878875
max_error: 0.07407322287898244
variance: 9.749203927379742e-05
pearson: 0.08455573024269483
p-valu: 2.3554662101442492e-147

AL interation 4662/4801.

mae: 0.011136373641453852
max_error: 0.07408229490673368
variance: 9.746951334931554e-05
pearson: 0.08474946693959244
p-valu: 5.063968070577921e-148

AL interation 4663/4801.

mae: 0.011135728472103909
max_error: 0.07416492859946122
variance: 9.74462576706508e-05
pearson: 0.08492517653734583
p-valu: 1.252687986863011e-148

AL interation 4664/4801.

mae: 0.011135982998465369
max_error: 0.07415521554711124
variance: 9.744775606399076e-05
pearson: 0.08483044881268194
p-valu: 2.6759017515492917e-148

AL interation 4665/4801.

mae: 0.01114130719196407
max_error: 0.07421676434231306
variance: 9.743537726942773e-05
pearson: 0.08410816123113846
p-valu: 8.283306978461986e-146

AL interation 4666/4801.

mae: 0.011132104699421766
max_error: 0.07402895937983378
variance: 9.724737328594743e-05
pearson: 0.08427845976596313
p-valu: 2.161756810894561e-146

AL interation 4667/4801.

mae: 0.011132991563661002
max_error: 0.07407918827292126
variance: 9.724113737226408e-05
pearson: 0.08413277257313799
p-valu: 6.868019428828818e-146

AL interation 4668/4801.

mae: 0.011130966626228016
max_error: 0.07407340556372621
variance: 9.726172711494211e-05
pearson: 0.08405370947780666
p-valu: 1.2870925621635365e-145

AL interation 4669/4801.

mae: 0.011134447035867216
max_error: 0.07420414780270623
variance: 9.712677682845321e-05
pearson: 0.08394834030898506
p-valu: 2.9663740064497738e-145

AL interation 4670/4801.

mae: 0.011134656647680933
max_error: 0.07423757546556264
variance: 9.71365255619057e-05
pearson: 0.08412650328617194
p-valu: 7.294278415457596e-146

AL interation 4671/4801.

mae: 0.011135679131410423
max_error: 0.07427676945761452
variance: 9.716099189426103e-05
pearson: 0.0842363134138841
p-valu: 3.072031112962383e-146

AL interation 4672/4801.

mae: 0.011134850461983217
max_error: 0.07428179266051704
variance: 9.716614151028927e-05
pearson: 0.08490807940734722
p-valu: 1.4833434554897298e-148

AL interation 4673/4801.

mae: 0.011134376631650044
max_error: 0.0745035410439272
variance: 9.718310961726002e-05
pearson: 0.08524177949108444
p-valu: 1.0341172843862387e-149

AL interation 4674/4801.

mae: 0.01113623576424264
max_error: 0.07423290151408257
variance: 9.726903225919435e-05
pearson: 0.08531317236862519
p-valu: 5.858180438025222e-150

AL interation 4675/4801.

mae: 0.011136886214200108
max_error: 0.07422432480624086
variance: 9.722711221536604e-05
pearson: 0.08504739120536008
p-valu: 4.931643369056823e-149

AL interation 4676/4801.

mae: 0.011118105191665856
max_error: 0.07437499730102393
variance: 9.707718078357502e-05
pearson: 0.08445528676706247
p-valu: 5.517508313579934e-147

AL interation 4677/4801.

mae: 0.011119792626518884
max_error: 0.07442730327082647
variance: 9.711385678569895e-05
pearson: 0.08468778784324654
p-valu: 8.733172013847343e-148

AL interation 4678/4801.

mae: 0.011123967854720088
max_error: 0.0743492522927085
variance: 9.724098700186016e-05
pearson: 0.08456163734490073
p-valu: 2.3890658029020806e-147

AL interation 4679/4801.

mae: 0.01112331203792945
max_error: 0.07437711521768908
variance: 9.723624699626468e-05
pearson: 0.08505792535467795
p-valu: 4.5999723737477776e-149

AL interation 4680/4801.

mae: 0.011117338021123128
max_error: 0.07422418921513274
variance: 9.729586907741001e-05
pearson: 0.08472095362565213
p-valu: 6.780599341986053e-148

AL interation 4681/4801.

mae: 0.011112308999450248
max_error: 0.07367785570230301
variance: 9.72757274132775e-05
pearson: 0.08428786872441398
p-valu: 2.116957894686307e-146

AL interation 4682/4801.

mae: 0.01110905374719031
max_error: 0.0738824863131271
variance: 9.74683880316634e-05
pearson: 0.08420037485363457
p-valu: 4.245396414796087e-146

AL interation 4683/4801.

mae: 0.011109275369105356
max_error: 0.07380370926174185
variance: 9.73076109779888e-05
pearson: 0.08393718108477748
p-valu: 3.403815084759932e-145

AL interation 4684/4801.

mae: 0.011106863525608609
max_error: 0.07375845663435432
variance: 9.732324771620954e-05
pearson: 0.0838868026843421
p-valu: 5.080719547735846e-145

AL interation 4685/4801.

mae: 0.011107564746758275
max_error: 0.07471319003187493
variance: 9.748838422061699e-05
pearson: 0.08362872468742448
p-valu: 3.882307809685007e-144

AL interation 4686/4801.

mae: 0.011107243628281612
max_error: 0.07469850776422793
variance: 9.749472758269059e-05
pearson: 0.08379181629297903
p-valu: 1.0809334602212139e-144

AL interation 4687/4801.

mae: 0.011106180123909523
max_error: 0.07473830658662739
variance: 9.74900346882313e-05
pearson: 0.08338912053720535
p-valu: 2.5596840328890283e-143

AL interation 4688/4801.

mae: 0.011105823342335579
max_error: 0.07473530003543094
variance: 9.748844479011479e-05
pearson: 0.08357938527684143
p-valu: 5.779640862861748e-144

AL interation 4689/4801.

mae: 0.011101524589257828
max_error: 0.0746521512249132
variance: 9.753529844253606e-05
pearson: 0.08362508659989296
p-valu: 4.0513833890823374e-144

AL interation 4690/4801.

mae: 0.011106827353366844
max_error: 0.07440317416174769
variance: 9.768570775046018e-05
pearson: 0.0833065513613441
p-valu: 4.936234228545035e-143

AL interation 4691/4801.

mae: 0.011106241465995322
max_error: 0.07446323371212604
variance: 9.7659024505391e-05
pearson: 0.08382539043594354
p-valu: 8.447024123630396e-145

AL interation 4692/4801.

mae: 0.011101397447716238
max_error: 0.07453102892421559
variance: 9.753354737961504e-05
pearson: 0.08384318752324817
p-valu: 7.368658801133121e-145

AL interation 4693/4801.

mae: 0.011102041296278915
max_error: 0.07446738286515431
variance: 9.744319232126905e-05
pearson: 0.08400491675127075
p-valu: 2.0671517830219946e-145

AL interation 4694/4801.

mae: 0.011103148022671025
max_error: 0.07449200701401826
variance: 9.742748303690521e-05
pearson: 0.08428601592071197
p-valu: 2.2502901225260416e-146

AL interation 4695/4801.

mae: 0.011090604936042397
max_error: 0.07447348342273874
variance: 9.72535764599564e-05
pearson: 0.08442356594333052
p-valu: 7.595622934427537e-147

AL interation 4696/4801.

mae: 0.011087298812723589
max_error: 0.07448572421552346
variance: 9.726054220903365e-05
pearson: 0.08414132947033304
p-valu: 7.116552593643051e-146

AL interation 4697/4801.

mae: 0.01109716993558259
max_error: 0.07393933644223982
variance: 9.769951112053771e-05
pearson: 0.08428024636025025
p-valu: 2.3807949315263965e-146

AL interation 4698/4801.

mae: 0.011096938017256065
max_error: 0.07403535341134959
variance: 9.76648493104777e-05
pearson: 0.08510161338116348
p-valu: 3.4765768565287088e-149

AL interation 4699/4801.

mae: 0.011095730063729293
max_error: 0.07400371062093147
variance: 9.767111686790738e-05
pearson: 0.08539165998450432
p-valu: 3.4216087972934266e-150

AL interation 4700/4801.

mae: 0.011077801323407053
max_error: 0.07439030740559649
variance: 9.749788255920839e-05
pearson: 0.08537354794449173
p-valu: 3.9709919291574047e-150

AL interation 4701/4801.

mae: 0.011078485698459246
max_error: 0.07439700871535426
variance: 9.7522471563233e-05
pearson: 0.08563128316479711
p-valu: 5.0307671850049355e-151

AL interation 4702/4801.

mae: 0.01107438530131418
max_error: 0.07443648007418635
variance: 9.756824098648554e-05
pearson: 0.08561961541847071
p-valu: 5.546064903251686e-151

AL interation 4703/4801.

mae: 0.011083529774265964
max_error: 0.07447589166102664
variance: 9.75041372452264e-05
pearson: 0.08508820521631259
p-valu: 3.940850858282481e-149

AL interation 4704/4801.

mae: 0.011087811663012051
max_error: 0.07450906434340543
variance: 9.75711741664459e-05
pearson: 0.08546944398997307
p-valu: 1.8670432034133658e-150

AL interation 4705/4801.

mae: 0.011087532519237994
max_error: 0.07447860606433498
variance: 9.758917189380807e-05
pearson: 0.08540058561190077
p-valu: 3.256054145228661e-150

AL interation 4706/4801.

mae: 0.01108517735621905
max_error: 0.07443889864251507
variance: 9.740026301695023e-05
pearson: 0.08518808716330309
p-valu: 1.7927129284363304e-149

AL interation 4707/4801.

mae: 0.011084809634887335
max_error: 0.0744171184781266
variance: 9.745834078515902e-05
pearson: 0.08448874075469788
p-valu: 4.7288950632872254e-147

AL interation 4708/4801.

mae: 0.011084962238352222
max_error: 0.07442671270135581
variance: 9.742750985073142e-05
pearson: 0.08424624041766668
p-valu: 3.240588121603814e-146

AL interation 4709/4801.

mae: 0.011082375875775544
max_error: 0.07436143522525929
variance: 9.738827463167567e-05
pearson: 0.08537839760673824
p-valu: 3.9475711073582233e-150

AL interation 4710/4801.

mae: 0.011080038837965702
max_error: 0.07446990390625108
variance: 9.74358873629097e-05
pearson: 0.08477582714029151
p-valu: 4.882226459985688e-148

AL interation 4711/4801.

mae: 0.011077897228243679
max_error: 0.07431310528071156
variance: 9.742747707697497e-05
pearson: 0.08502300482931911
p-valu: 6.8295562638764355e-149

AL interation 4712/4801.

mae: 0.011070611444799457
max_error: 0.0743954668053306
variance: 9.741383772218712e-05
pearson: 0.08542246664600173
p-valu: 2.8029485314127353e-150

AL interation 4713/4801.

mae: 0.011071918159957872
max_error: 0.07439984765577212
variance: 9.743381479056568e-05
pearson: 0.08568268081528568
p-valu: 3.477643069243846e-151

AL interation 4714/4801.

mae: 0.011072059232672867
max_error: 0.07440155386965164
variance: 9.743648926184283e-05
pearson: 0.08590910150017211
p-valu: 5.631312464675101e-152

AL interation 4715/4801.

mae: 0.011067079564975397
max_error: 0.07458836351932807
variance: 9.729402973961945e-05
pearson: 0.08615793316727079
p-valu: 7.569940327048692e-153

AL interation 4716/4801.

mae: 0.011064800310322961
max_error: 0.07485394615312946
variance: 9.732056076718194e-05
pearson: 0.08608439706857468
p-valu: 1.377233510680156e-152

AL interation 4717/4801.

mae: 0.011067665699707121
max_error: 0.07485661498529628
variance: 9.735514599298271e-05
pearson: 0.0863055203523549
p-valu: 2.3081624402636239e-153

AL interation 4718/4801.

mae: 0.011063433740533986
max_error: 0.07483214288575657
variance: 9.717315799576472e-05
pearson: 0.0863981793465992
p-valu: 1.0928309427713213e-153

AL interation 4719/4801.

mae: 0.011063093449705108
max_error: 0.07484868182135362
variance: 9.715514775778152e-05
pearson: 0.08667689324072407
p-valu: 1.1387889518300078e-154

AL interation 4720/4801.

mae: 0.01106248953991243
max_error: 0.07480854656413105
variance: 9.722309818559559e-05
pearson: 0.0865884935297906
p-valu: 2.346603344591789e-154

AL interation 4721/4801.

mae: 0.01106296774867995
max_error: 0.07350054971746833
variance: 9.701636792922976e-05
pearson: 0.08594907753930445
p-valu: 4.185958195931309e-152

AL interation 4722/4801.

mae: 0.011066717781557722
max_error: 0.07344248418692989
variance: 9.711299452218135e-05
pearson: 0.08581675326791473
p-valu: 1.2214170624505381e-151

AL interation 4723/4801.

mae: 0.01106638684876151
max_error: 0.0734099450858452
variance: 9.708713547516333e-05
pearson: 0.0865952496023707
p-valu: 2.2464107012658453e-154

AL interation 4724/4801.

mae: 0.011063631043616932
max_error: 0.07329538961701876
variance: 9.699885384836119e-05
pearson: 0.08604899379046893
p-valu: 1.8889086068813347e-152

AL interation 4725/4801.

mae: 0.011062708187911217
max_error: 0.07360158501277003
variance: 9.703367871095432e-05
pearson: 0.08556438659658737
p-valu: 9.409178040014873e-151

AL interation 4726/4801.

mae: 0.011061670356863416
max_error: 0.07351726816549164
variance: 9.700496885649869e-05
pearson: 0.08566997568707364
p-valu: 4.0411484308648864e-151

AL interation 4727/4801.

mae: 0.011069580468417575
max_error: 0.07341019432923024
variance: 9.702449051446345e-05
pearson: 0.08540725076456927
p-valu: 3.3458068052769386e-150

AL interation 4728/4801.

mae: 0.011070269437629171
max_error: 0.07331737550910877
variance: 9.702428950585787e-05
pearson: 0.08500330908172364
p-valu: 8.501318953727237e-149

AL interation 4729/4801.

mae: 0.011071613227667936
max_error: 0.0732892405178831
variance: 9.696536789926234e-05
pearson: 0.08493754505854488
p-valu: 1.4417975873050271e-148

AL interation 4730/4801.

mae: 0.011074241575126655
max_error: 0.0732840111816444
variance: 9.695404903547529e-05
pearson: 0.08600000238037175
p-valu: 2.8692506024588845e-152

AL interation 4731/4801.

mae: 0.01107135733249644
max_error: 0.07337497577126162
variance: 9.691726756975408e-05
pearson: 0.08654994845952865
p-valu: 3.345968537566757e-154

AL interation 4732/4801.

mae: 0.011070067311318292
max_error: 0.07356441248910817
variance: 9.69091122026191e-05
pearson: 0.0864188889048412
p-valu: 9.736175158682008e-154

AL interation 4733/4801.

mae: 0.011069344487866183
max_error: 0.07356114865459351
variance: 9.690218460383953e-05
pearson: 0.08606572535970063
p-valu: 1.706246135787447e-152

AL interation 4734/4801.

mae: 0.011071454838723151
max_error: 0.0736123557346986
variance: 9.692282550612833e-05
pearson: 0.08623192354381284
p-valu: 4.464901744196362e-153

AL interation 4735/4801.

mae: 0.011070647024002693
max_error: 0.07368458180306736
variance: 9.690492563838694e-05
pearson: 0.08534394254207053
p-valu: 5.722875057860188e-150

AL interation 4736/4801.

mae: 0.011068545412232006
max_error: 0.07399641297004966
variance: 9.674580409610618e-05
pearson: 0.08472132182643638
p-valu: 8.274145952135587e-148

AL interation 4737/4801.

mae: 0.011065818725101874
max_error: 0.07383199142921915
variance: 9.677076612095752e-05
pearson: 0.08420815348694935
p-valu: 4.856457202207265e-146

AL interation 4738/4801.

mae: 0.011057119579245154
max_error: 0.07350312528459146
variance: 9.667558363855191e-05
pearson: 0.08420798237739777
p-valu: 4.88039022292958e-146

AL interation 4739/4801.

mae: 0.011061106446002413
max_error: 0.07359409461813304
variance: 9.676031801424661e-05
pearson: 0.08471590266587924
p-valu: 8.732515969753878e-148

AL interation 4740/4801.

mae: 0.011065765506862437
max_error: 0.0736103840629625
variance: 9.675643227949367e-05
pearson: 0.08466570445227728
p-valu: 1.306228753137825e-147

AL interation 4741/4801.

mae: 0.011072780613886586
max_error: 0.074168481660567
variance: 9.681907030615194e-05
pearson: 0.08431179968666372
p-valu: 2.170240118790633e-146

AL interation 4742/4801.

mae: 0.011066972599238509
max_error: 0.07419139083166049
variance: 9.672720128162086e-05
pearson: 0.08423283980028311
p-valu: 4.067303244201077e-146

AL interation 4743/4801.

mae: 0.011069676004005047
max_error: 0.07406703270160908
variance: 9.676933367758724e-05
pearson: 0.08463624740484009
p-valu: 1.6686451842263418e-147

AL interation 4744/4801.

mae: 0.011071642587068825
max_error: 0.07411273385358474
variance: 9.680542268555224e-05
pearson: 0.0847367548794232
p-valu: 7.532684262207414e-148

AL interation 4745/4801.

mae: 0.011073923702968343
max_error: 0.07408263815185312
variance: 9.679645484232766e-05
pearson: 0.08480130689837405
p-valu: 4.523238151813839e-148

AL interation 4746/4801.

mae: 0.011072713292187996
max_error: 0.0740469602663183
variance: 9.677012020857077e-05
pearson: 0.08367241696437863
p-valu: 3.41372515183235e-144

AL interation 4747/4801.

mae: 0.011074743413302219
max_error: 0.07399934136290942
variance: 9.66509514565738e-05
pearson: 0.08336996303603615
p-valu: 3.6672800282723053e-143

AL interation 4748/4801.

mae: 0.011075494878066496
max_error: 0.07400667839309283
variance: 9.664559744598873e-05
pearson: 0.08325075149595797
p-valu: 9.346105286614474e-143

AL interation 4749/4801.

mae: 0.01108372206618327
max_error: 0.07445979225693411
variance: 9.651389253096973e-05
pearson: 0.08324039991369234
p-valu: 1.0168639987670655e-142

AL interation 4750/4801.

mae: 0.011077601666061181
max_error: 0.07444710670305033
variance: 9.646606537059016e-05
pearson: 0.08338750942669856
p-valu: 3.2304999793808175e-143

AL interation 4751/4801.

mae: 0.011076666791557815
max_error: 0.07449564280821908
variance: 9.64507832150244e-05
pearson: 0.08388323750597693
p-valu: 6.62235538812394e-145

AL interation 4752/4801.

mae: 0.011077596229509797
max_error: 0.07446433221619775
variance: 9.64526125062544e-05
pearson: 0.08438666860175578
p-valu: 1.2478715631387679e-146

AL interation 4753/4801.

mae: 0.011073402704593787
max_error: 0.07445476170167642
variance: 9.627513227688105e-05
pearson: 0.08443857510556269
p-valu: 8.301046614575833e-147

AL interation 4754/4801.

mae: 0.011073416275528842
max_error: 0.07425487747267145
variance: 9.621002880847301e-05
pearson: 0.08416691280176437
p-valu: 7.147246568205691e-146

AL interation 4755/4801.

mae: 0.01107336020820364
max_error: 0.074254369092418
variance: 9.62085043288323e-05
pearson: 0.08473518057299115
p-valu: 7.936440374902705e-148

AL interation 4756/4801.

mae: 0.011070086224716072
max_error: 0.07455569146830787
variance: 9.615101779034279e-05
pearson: 0.08445865190491923
p-valu: 7.156434627582756e-147

AL interation 4757/4801.

mae: 0.011061839728115853
max_error: 0.07468471657583398
variance: 9.610728762380581e-05
pearson: 0.08426389838808813
p-valu: 3.356510031106305e-146

AL interation 4758/4801.

mae: 0.011062207388770501
max_error: 0.07461588910180983
variance: 9.61350983978513e-05
pearson: 0.08483910939406357
p-valu: 3.508816407356959e-148

AL interation 4759/4801.

mae: 0.011061773288887024
max_error: 0.07462757063720749
variance: 9.61241015472619e-05
pearson: 0.08440224729433857
p-valu: 1.131003007083713e-146

AL interation 4760/4801.

mae: 0.011061630213345204
max_error: 0.07449509740789328
variance: 9.610447509657868e-05
pearson: 0.08462043536132857
p-valu: 2.0113238393935997e-147

AL interation 4761/4801.

mae: 0.01106157028392078
max_error: 0.07449494744494989
variance: 9.610551265718456e-05
pearson: 0.0841865804768628
p-valu: 6.2732001714644165e-146

AL interation 4762/4801.

mae: 0.011062894229165912
max_error: 0.0745269646961646
variance: 9.610052802632406e-05
pearson: 0.08409866482551778
p-valu: 1.2604159208405278e-145

AL interation 4763/4801.

mae: 0.011061540049351606
max_error: 0.07462215145304474
variance: 9.609295168596354e-05
pearson: 0.08415264014658785
p-valu: 8.26050336149961e-146

AL interation 4764/4801.

mae: 0.01105947978423612
max_error: 0.07455789321491868
variance: 9.610381644602703e-05
pearson: 0.08465822523254561
p-valu: 1.5113827019178268e-147

AL interation 4765/4801.

mae: 0.011059482178374866
max_error: 0.07456405656401732
variance: 9.610051972492096e-05
pearson: 0.08410985440643193
p-valu: 1.16625235347634e-145

AL interation 4766/4801.

mae: 0.01105871522717199
max_error: 0.0745793376738988
variance: 9.609538763490498e-05
pearson: 0.08501950973519612
p-valu: 8.57592484489402e-149

AL interation 4767/4801.

mae: 0.011057490407761439
max_error: 0.07463701144141344
variance: 9.609270654161622e-05
pearson: 0.08528829956954834
p-valu: 1.0045611510290606e-149

AL interation 4768/4801.

mae: 0.011056673478419703
max_error: 0.07490154221912637
variance: 9.599325907580416e-05
pearson: 0.08549164680570479
p-valu: 1.9762411336444394e-150

AL interation 4769/4801.

mae: 0.011051258191264205
max_error: 0.07482145801830886
variance: 9.593587085062997e-05
pearson: 0.08571668210327603
p-valu: 3.252738656051762e-151

AL interation 4770/4801.

mae: 0.011050574325837191
max_error: 0.07496246881445079
variance: 9.588190082088406e-05
pearson: 0.0856920369753525
p-valu: 3.980565371873839e-151

AL interation 4771/4801.

mae: 0.011050754901164375
max_error: 0.07495319624675578
variance: 9.588200202966053e-05
pearson: 0.08606062909479188
p-valu: 2.0481301690019444e-152

AL interation 4772/4801.

mae: 0.01105024877323681
max_error: 0.0749075070455405
variance: 9.587074874098214e-05
pearson: 0.08590100368323468
p-valu: 7.454112301480086e-152

AL interation 4773/4801.

mae: 0.011050139918635455
max_error: 0.07489934296271206
variance: 9.586547456067184e-05
pearson: 0.08629528949676014
p-valu: 3.0924485957168957e-153

AL interation 4774/4801.

mae: 0.011052816478676203
max_error: 0.07493511077362602
variance: 9.582958752910643e-05
pearson: 0.08561210938603993
p-valu: 7.68032354587215e-151

AL interation 4775/4801.

mae: 0.011055284925973484
max_error: 0.07481434487479821
variance: 9.576931047186737e-05
pearson: 0.08550443666063767
p-valu: 1.8299513759268188e-150

AL interation 4776/4801.

mae: 0.01105312756475523
max_error: 0.075193475166347
variance: 9.56996337293732e-05
pearson: 0.08447085090227463
p-valu: 6.979840901372379e-147

AL interation 4777/4801.

mae: 0.011047654539501555
max_error: 0.07524740279066866
variance: 9.557882739455364e-05
pearson: 0.0847854156177704
p-valu: 5.762166751931266e-148

AL interation 4778/4801.

mae: 0.011017828265807914
max_error: 0.07528581884642738
variance: 9.518359769557679e-05
pearson: 0.08488711861064872
p-valu: 2.5736538563815053e-148

AL interation 4779/4801.

mae: 0.011021919607167696
max_error: 0.07536234873285541
variance: 9.511630545623476e-05
pearson: 0.0848656716184876
p-valu: 3.0641036361760343e-148

AL interation 4780/4801.

mae: 0.011022929907639726
max_error: 0.07542139468413045
variance: 9.513961187605449e-05
pearson: 0.08425849477221103
p-valu: 3.8026196619281425e-146

AL interation 4781/4801.

mae: 0.011022862785995454
max_error: 0.07541736439114577
variance: 9.513842335752911e-05
pearson: 0.08444799214401016
p-valu: 8.51728268509705e-147

AL interation 4782/4801.

mae: 0.011023584660048354
max_error: 0.07547578489746631
variance: 9.520283632053736e-05
pearson: 0.0844799925417765
p-valu: 6.633189653387822e-147

AL interation 4783/4801.

mae: 0.011024414016683418
max_error: 0.07550347718123196
variance: 9.520289449282044e-05
pearson: 0.08493968221855172
p-valu: 1.7239909308977408e-148

AL interation 4784/4801.

mae: 0.01102309552477079
max_error: 0.07552865012647492
variance: 9.518887260817755e-05
pearson: 0.08475420432991138
p-valu: 7.574931902907733e-148

AL interation 4785/4801.

mae: 0.011025786983087139
max_error: 0.07586722112526734
variance: 9.524391615045541e-05
pearson: 0.08494895027950562
p-valu: 1.6128878701803877e-148

AL interation 4786/4801.

mae: 0.011025205653104843
max_error: 0.07589974893952278
variance: 9.527835776624442e-05
pearson: 0.08432038922950372
p-valu: 2.3812946483147846e-146

AL interation 4787/4801.

mae: 0.011024094376234923
max_error: 0.07585915865300596
variance: 9.522808784983078e-05
pearson: 0.08439714279713796
p-valu: 1.3018193452287987e-146

AL interation 4788/4801.

mae: 0.011025602386605765
max_error: 0.07585337945809845
variance: 9.500783388444482e-05
pearson: 0.08503948216209589
p-valu: 7.921167997306132e-149

AL interation 4789/4801.

mae: 0.01102876013496803
max_error: 0.07594660071507353
variance: 9.512878213809375e-05
pearson: 0.08526702296029047
p-valu: 1.290743629369755e-149

AL interation 4790/4801.

mae: 0.011029665133872175
max_error: 0.07595646068537865
variance: 9.512315729315736e-05
pearson: 0.0854836703658109
p-valu: 2.2841357213698064e-150

AL interation 4791/4801.

mae: 0.011027338828004609
max_error: 0.0760307171006247
variance: 9.504817387427745e-05
pearson: 0.08523610596404008
p-valu: 1.664996717226768e-149

AL interation 4792/4801.

mae: 0.011025442206939278
max_error: 0.07592399317244092
variance: 9.498494147860837e-05
pearson: 0.08532321150858739
p-valu: 8.323645936815397e-150

AL interation 4793/4801.

mae: 0.011037548749887292
max_error: 0.07607171744919872
variance: 9.524965281507815e-05
pearson: 0.08551216191532078
p-valu: 1.8375762321541983e-150

AL interation 4794/4801.

mae: 0.011031182976409837
max_error: 0.07586678427677218
variance: 9.521015912662093e-05
pearson: 0.08516221065104686
p-valu: 3.038789681099897e-149

AL interation 4795/4801.

mae: 0.011031209138121128
max_error: 0.07585993006640313
variance: 9.521927672477847e-05
pearson: 0.0856431069758288
p-valu: 6.468726584628115e-151

AL interation 4796/4801.

mae: 0.011028458562347389
max_error: 0.07606256546594925
variance: 9.524044357185789e-05
pearson: 0.08555246127148258
p-valu: 1.3445665809304188e-150

AL interation 4797/4801.

mae: 0.011028649137631184
max_error: 0.07609963411440224
variance: 9.524602780830444e-05
pearson: 0.08549901129109966
p-valu: 2.0722727845387644e-150

AL interation 4798/4801.

mae: 0.011026553612406353
max_error: 0.07605924807129161
variance: 9.527836786001435e-05
pearson: 0.08537504519510034
p-valu: 5.618134853275433e-150

AL interation 4799/4801.

mae: 0.011023348901242286
max_error: 0.07611862647925993
variance: 9.526703819436394e-05
pearson: 0.08577054195866078
p-valu: 2.356048146867869e-151

AL interation 4800/4801.

mae: 0.011023837800978696
max_error: 0.07609147923747916
variance: 9.526602592563326e-05
pearson: 0.08554372362661772
p-valu: 1.463622814975731e-150
[2024-09-05 01:30:46,435][__main__][INFO] - Experiment run time: 10040.010910272598
submitit INFO (2024-09-05 01:30:46,452) - Job completed successfully
[2024-09-05 01:30:46,452][submitit][INFO] - Job completed successfully
submitit INFO (2024-09-05 01:30:46,462) - Exiting after successful completion
[2024-09-05 01:30:46,462][submitit][INFO] - Exiting after successful completion
