submitit INFO (2024-09-04 22:39:19,320) - Starting with JobEnvironment(job_id=1657037_1, hostname=gpu21001.pleiades.uni-wuppertal.de, local_rank=0(1), node=0(1), global_rank=0(1))
submitit INFO (2024-09-04 22:39:19,321) - Loading pickle: /beegfs/holzenkamp/dev/active_learning/active/../../experiments/p-porphyrin/candidate_based_al/dftb_traj1_LC-DFTB/GPR_coulomb_rbf/combinations3_1000-likelihood-no_fast_pred/.submitit/1657037_1/1657037_1_submitted.pkl
[2024-09-04 22:39:22,738][__main__][INFO] - Running on host: gpu21001.pleiades.uni-wuppertal.de
[2024-09-04 22:39:22,738][__main__][INFO] - Init trajectory.
[2024-09-04 22:43:00,968][__main__][INFO] - Run experiment
contexts:  [<torch.autograd.grad_mode.no_grad object at 0x1546ee413210>, <linear_operator.settings.max_cholesky_size object at 0x1546ee440e50>, <gpytorch.settings.debug object at 0x1546ed825990>]

AL interation 0/4801.

mae: 0.027636690772721347
max_error: 0.15804646124804317
variance: 0.000514401354850634
pearson: 0.06264467911726146
p-valu: 1.2734218167638778e-85

AL interation 1/4801.

mae: 0.02700310155629066
max_error: 0.14062299655604227
variance: 0.00048009774055239086
pearson: 0.04117661259382337
p-valu: 5.655558477848031e-38

AL interation 2/4801.

mae: 0.026988748323449024
max_error: 0.141046662053546
variance: 0.00048109095658538853
pearson: 0.043256815997298
p-valu: 9.888516521319239e-42

AL interation 3/4801.

mae: 0.02699946376260344
max_error: 0.1418672880594917
variance: 0.00048234382952113536
pearson: 0.025532278148750136
p-valu: 1.396315555759087e-15

AL interation 4/4801.

mae: 0.02694666991958021
max_error: 0.13900286576470255
variance: 0.00047520026132572354
pearson: 0.01589661985706218
p-valu: 6.643772871576429e-07

AL interation 5/4801.

mae: 0.02694618143198149
max_error: 0.13839084713714594
variance: 0.00047417540351265614
pearson: 0.03286370006964469
p-valu: 8.686758952061309e-25

AL interation 6/4801.

mae: 0.026956895410304788
max_error: 0.1383669245019122
variance: 0.0004744938167726009
pearson: 0.0063990479905291255
p-valu: 0.045380832414653585

AL interation 7/4801.

mae: 0.026960017446116837
max_error: 0.13837023340840646
variance: 0.00047481597025263606
pearson: 0.005884293563126582
p-valu: 0.06575044852430524

AL interation 8/4801.

mae: 0.02697333987453916
max_error: 0.13924715830388093
variance: 0.0004733465283531203
pearson: 0.050085981843754006
p-valu: 2.336625727575805e-55

AL interation 9/4801.

mae: 0.026858830454165268
max_error: 0.14263857688838844
variance: 0.0004722482073304361
pearson: 0.046559797083844945
p-valu: 4.509118320072559e-48

AL interation 10/4801.

mae: 0.026902289201903056
max_error: 0.1435646127091803
variance: 0.00047175243897090485
pearson: 0.035304712706358134
p-valu: 2.3546950006856773e-28

AL interation 11/4801.

mae: 0.026921804089621644
max_error: 0.1436717287583682
variance: 0.00047225647068782205
pearson: 0.024548029193551275
p-valu: 1.6218519357290683e-14

AL interation 12/4801.

mae: 0.02675130152972132
max_error: 0.142580362764948
variance: 0.000467771290021295
pearson: 0.012121476467858853
p-valu: 0.00015027985780876913

AL interation 13/4801.

mae: 0.02673310174926089
max_error: 0.1425163492235253
variance: 0.00046592192129407824
pearson: 0.06354975308758937
p-valu: 4.731404654209972e-88

AL interation 14/4801.

mae: 0.02661480940745505
max_error: 0.14314121415465664
variance: 0.00046276330632279757
pearson: 0.016215034889652324
p-valu: 3.9608019749212044e-07

AL interation 15/4801.

mae: 0.026583096018940055
max_error: 0.1432982981388129
variance: 0.00046145318960518893
pearson: -0.004143843693492851
p-valu: 0.19504663703228448

AL interation 16/4801.

mae: 0.026579177497902496
max_error: 0.14339035033888692
variance: 0.0004614155835766149
pearson: 0.01683190443418627
p-valu: 1.411732237387861e-07

AL interation 17/4801.

mae: 0.026357875467413975
max_error: 0.1453982159294256
variance: 0.000454127702669351
pearson: 0.012245414470222784
p-valu: 0.00012852435954644796

AL interation 18/4801.

mae: 0.026171947013739955
max_error: 0.14526777820479708
variance: 0.0004485779276637992
pearson: 0.012224937504725399
p-valu: 0.00013192028108576742

AL interation 19/4801.

mae: 0.026076773733046066
max_error: 0.1452004886372773
variance: 0.00044758480567655293
pearson: 0.0010511019545506
p-valu: 0.7424013655184794

AL interation 20/4801.

mae: 0.02608828348194602
max_error: 0.14532149214946344
variance: 0.000447935157226738
pearson: 0.008285083106259515
p-valu: 0.009576988956792248

AL interation 21/4801.

mae: 0.025847675236509132
max_error: 0.1340558011988442
variance: 0.00043999845458247424
pearson: 0.019656447594110855
p-valu: 7.895494265679618e-10

AL interation 22/4801.

mae: 0.025848945515181545
max_error: 0.13400349056337646
variance: 0.00044003641422524085
pearson: 0.0034363756246329627
p-valu: 0.28258699128563197

AL interation 23/4801.

mae: 0.02584601137669419
max_error: 0.13423083822831217
variance: 0.00044189543254252993
pearson: 0.006993855838412985
p-valu: 0.028747668805470267

AL interation 24/4801.

mae: 0.025847749552124124
max_error: 0.133539586269233
variance: 0.00043996498677243453
pearson: 0.006893047030833003
p-valu: 0.031130894446512524

AL interation 25/4801.

mae: 0.025825897985853566
max_error: 0.13296478757867902
variance: 0.0004385497722930594
pearson: -0.0194957766419421
p-valu: 1.0832466719145997e-09

AL interation 26/4801.

mae: 0.025827055905356836
max_error: 0.1329514033743724
variance: 0.00043848594805482254
pearson: -0.018845528056251688
p-valu: 3.787303500118827e-09

AL interation 27/4801.

mae: 0.025827174452973622
max_error: 0.13372474109380406
variance: 0.0004410941206547551
pearson: -0.0008482696206382489
p-valu: 0.7908251043626277

AL interation 28/4801.

mae: 0.025835451983226492
max_error: 0.13341695977899448
variance: 0.00044201194689535013
pearson: 0.0029333238089474943
p-valu: 0.35903940414644714

AL interation 29/4801.

mae: 0.025820236048468444
max_error: 0.13189382235047908
variance: 0.0004397160090350166
pearson: 0.036504426137895084
p-valu: 3.39995669359816e-30

AL interation 30/4801.

mae: 0.025821337341920894
max_error: 0.13156773541192734
variance: 0.0004402546043630548
pearson: 0.01172868228319972
p-valu: 0.00024500398802644347

AL interation 31/4801.

mae: 0.025780885138441036
max_error: 0.13123115689292675
variance: 0.00043923310237241087
pearson: 0.00599522874536713
p-valu: 0.06085010165650568

AL interation 32/4801.

mae: 0.025781072327097164
max_error: 0.1312316311795012
variance: 0.00043923616640637877
pearson: 0.022821278586405747
p-valu: 9.569071307370995e-13

AL interation 33/4801.

mae: 0.025773574061856607
max_error: 0.13109518421691568
variance: 0.00043927363768201023
pearson: 0.020500028970467012
p-valu: 1.4506003246231797e-10

AL interation 34/4801.

mae: 0.025650907139296335
max_error: 0.13053453418493177
variance: 0.00043589850419352286
pearson: 0.012145631757585889
p-valu: 0.00014602513517094108

AL interation 35/4801.

mae: 0.02565415286141615
max_error: 0.13064228647820464
variance: 0.00043583276433773377
pearson: 0.016945890332544476
p-valu: 1.1653356016894005e-07

AL interation 36/4801.

mae: 0.025653071212895014
max_error: 0.13061821988976874
variance: 0.0004357580137343613
pearson: 0.002132788728352933
p-valu: 0.5048639262200428

AL interation 37/4801.

mae: 0.025635304903627195
max_error: 0.129805784350566
variance: 0.0004314087836198059
pearson: 0.026193115170894097
p-valu: 2.588030344954557e-16

AL interation 38/4801.

mae: 0.025637110139268136
max_error: 0.12958831731674714
variance: 0.0004320301430575487
pearson: -0.004180124415140282
p-valu: 0.1912178183682883

AL interation 39/4801.

mae: 0.025674803904675848
max_error: 0.12964212648130058
variance: 0.00043205315176068085
pearson: 0.007782902257013823
p-valu: 0.014955008624147522

AL interation 40/4801.

mae: 0.026320987031771017
max_error: 0.13571513396916934
variance: 0.00044605784792485455
pearson: -0.004752810519991619
p-valu: 0.13727080630491903

AL interation 41/4801.

mae: 0.02633505001395765
max_error: 0.13576717063248367
variance: 0.0004466506310505657
pearson: 0.002871930613889286
p-valu: 0.3692171605910505

AL interation 42/4801.

mae: 0.026353139586133438
max_error: 0.1358955924828411
variance: 0.00044731213265869447
pearson: 0.004106570774564795
p-valu: 0.19915569335606875

AL interation 43/4801.

mae: 0.026351200920367
max_error: 0.13726204181097224
variance: 0.0004508734945644414
pearson: 0.015051088770877182
p-valu: 2.5250413643096614e-06

AL interation 44/4801.

mae: 0.026379785212473115
max_error: 0.13845215578208503
variance: 0.0004495820638406193
pearson: 0.018384932168788094
p-valu: 8.996567854273026e-09

AL interation 45/4801.

mae: 0.026379743771954244
max_error: 0.13750406769458756
variance: 0.00044761148962550057
pearson: 0.02594737005770343
p-valu: 4.901482360383012e-16

AL interation 46/4801.

mae: 0.027019945192994166
max_error: 0.14132004580698254
variance: 0.0004673002752234269
pearson: 0.030491022850314475
p-valu: 1.4944246199825369e-21

AL interation 47/4801.

mae: 0.026692871197332935
max_error: 0.1445690947074656
variance: 0.00045879896146613604
pearson: 0.03542358857566756
p-valu: 1.591867282200306e-28

AL interation 48/4801.

mae: 0.026068493160884082
max_error: 0.13239296656614563
variance: 0.00044255502623934194
pearson: 0.006304833943141285
p-valu: 0.04869864249694185

AL interation 49/4801.

mae: 0.026180319449012977
max_error: 0.14810509343694722
variance: 0.0004516511531892808
pearson: 0.023748142284915348
p-valu: 1.1206129324716289e-13

AL interation 50/4801.

mae: 0.02656383823091349
max_error: 0.15252494012215312
variance: 0.0004612669478612667
pearson: 0.01663535183683741
p-valu: 1.978615330217442e-07

AL interation 51/4801.

mae: 0.026497089906696424
max_error: 0.15208678540174336
variance: 0.0004600208876756718
pearson: 0.05390805319834019
p-valu: 7.961279358479614e-64

AL interation 52/4801.

mae: 0.02646474288612596
max_error: 0.1306270519441579
variance: 0.0004504139361348944
pearson: 0.02020069991378344
p-valu: 2.6799131686566936e-10

AL interation 53/4801.

mae: 0.02647256264540974
max_error: 0.13058869209420543
variance: 0.00045053745073024733
pearson: 0.030095185080690676
p-valu: 4.908530365787177e-21

AL interation 54/4801.

mae: 0.026473588434003156
max_error: 0.13061016927114188
variance: 0.0004505109508650949
pearson: 0.01873411096875525
p-valu: 4.6977827538225815e-09

AL interation 55/4801.

mae: 0.026473731317583352
max_error: 0.13036637803678097
variance: 0.0004507434302992784
pearson: 0.0022301334777976166
p-valu: 0.4856618273640343

AL interation 56/4801.

mae: 0.026481216302776882
max_error: 0.13033446178549202
variance: 0.0004496039058932604
pearson: 0.02508633299354614
p-valu: 4.359498604138632e-15

AL interation 57/4801.

mae: 0.02770423871318239
max_error: 0.13894959051348565
variance: 0.0005028727926096459
pearson: 0.029780248047220934
p-valu: 1.2496848472851134e-20

AL interation 58/4801.

mae: 0.027699569107865994
max_error: 0.13903661956224256
variance: 0.0005025490277661449
pearson: 0.02248555224931595
p-valu: 2.056202749679507e-12

AL interation 59/4801.

mae: 0.02816598732101354
max_error: 0.17781735758157158
variance: 0.0005251746171678217
pearson: 0.03373881988958113
p-valu: 5.0353627495890736e-26

AL interation 60/4801.

mae: 0.027636571632747013
max_error: 0.17936809029143053
variance: 0.0005242153157413901
pearson: 0.0512687633390417
p-valu: 6.857529099739773e-58

AL interation 61/4801.

mae: 0.027251227738245412
max_error: 0.17113033031648417
variance: 0.0005024416614838617
pearson: 0.0663905539216228
p-valu: 6.774675462675079e-96

AL interation 62/4801.

mae: 0.028487448304564376
max_error: 0.17010026804237288
variance: 0.0005367301355738305
pearson: 0.06228853711091697
p-valu: 1.2838367094402196e-84

AL interation 63/4801.

mae: 0.02776168676733017
max_error: 0.16908856285834606
variance: 0.0005092372783138202
pearson: 0.027863424154991684
p-valu: 2.972472340730039e-18

AL interation 64/4801.

mae: 0.027988168760061577
max_error: 0.17301470148507025
variance: 0.0005206473546105537
pearson: 0.024973911908632553
p-valu: 5.780312327247863e-15

AL interation 65/4801.

mae: 0.0279881583951595
max_error: 0.1730110691663329
variance: 0.0005205702867449189
pearson: 0.029907654589817572
p-valu: 8.610190522029657e-21

AL interation 66/4801.

mae: 0.027608868646451065
max_error: 0.13002900083813085
variance: 0.0004976731616026079
pearson: 0.032194745250536505
p-valu: 7.703103515038583e-24

AL interation 67/4801.

mae: 0.0280321602278624
max_error: 0.12717377359589666
variance: 0.0005120708513962183
pearson: -0.0035693440058851074
p-valu: 0.2644874117848471

AL interation 68/4801.

mae: 0.028019005439637274
max_error: 0.12705674825604962
variance: 0.0005117270605790601
pearson: 0.04392409753298883
p-valu: 6.006585073149109e-43

AL interation 69/4801.

mae: 0.027937565313499318
max_error: 0.12778108650925635
variance: 0.0005097579421650691
pearson: 6.420757531897955e-05
p-valu: 0.9839857063987946

AL interation 70/4801.

mae: 0.02794062432836861
max_error: 0.1277035096746859
variance: 0.0005097450084007894
pearson: 0.028127810662308416
p-valu: 1.4319227747309386e-18

AL interation 71/4801.

mae: 0.027916952194863114
max_error: 0.12740298455011345
variance: 0.0005088063349319045
pearson: -0.020831628883072634
p-valu: 7.369800048338835e-11

AL interation 72/4801.

mae: 0.027838022771680803
max_error: 0.12820791540926013
variance: 0.0005066544890854335
pearson: 0.01731470371614574
p-valu: 6.191907113817775e-08

AL interation 73/4801.

mae: 0.02783549411637523
max_error: 0.1282803526452172
variance: 0.0005063190245085588
pearson: 0.062208384098503114
p-valu: 2.1426784132535463e-84

AL interation 74/4801.

mae: 0.028303280901985382
max_error: 0.1317722599277955
variance: 0.0005176779789968575
pearson: -0.014972120470081736
p-valu: 2.859518671558419e-06

AL interation 75/4801.

mae: 0.02829907342703714
max_error: 0.14591771642949158
variance: 0.0005189387244126034
pearson: 0.007267132710919449
p-valu: 0.023099852668542795

AL interation 76/4801.

mae: 0.028236156359569976
max_error: 0.1447324658969622
variance: 0.0005169033930629606
pearson: -0.012099946973322881
p-valu: 0.00015517693717334807

AL interation 77/4801.

mae: 0.02820081598162115
max_error: 0.1450680623187255
variance: 0.0005164003143261122
pearson: 0.009286442586403931
p-valu: 0.0036957077614365045

AL interation 78/4801.

mae: 0.028233747987946957
max_error: 0.14181251913794046
variance: 0.0005169753584908543
pearson: -0.0028481487136862737
p-valu: 0.373285246829363

AL interation 79/4801.

mae: 0.029448106809951947
max_error: 0.1442424045396793
variance: 0.0005467870950348616
pearson: 0.0698060586254083
p-valu: 8.121499769657112e-106

AL interation 80/4801.

mae: 0.029445587754589202
max_error: 0.14425634212863958
variance: 0.0005467279265219584
pearson: 0.04629301682160691
p-valu: 1.6479391828986263e-47

AL interation 81/4801.

mae: 0.030476593315407606
max_error: 0.14525336176131765
variance: 0.0005963096050575901
pearson: -0.009261821299623062
p-valu: 0.0037882776549614124

AL interation 82/4801.

mae: 0.030420658351495593
max_error: 0.14449784567562807
variance: 0.000594963687041509
pearson: -0.014454181634548773
p-valu: 6.226814869776427e-06

AL interation 83/4801.

mae: 0.03041501516239264
max_error: 0.14419880764654414
variance: 0.0005942383513846403
pearson: 0.006079897291527064
p-valu: 0.057360713906459034

AL interation 84/4801.

mae: 0.03043103998331471
max_error: 0.1447136578252617
variance: 0.0005952228218602266
pearson: 0.04035980925775214
p-valu: 1.6118199710247244e-36

AL interation 85/4801.

mae: 0.03043062883801316
max_error: 0.14503360015134836
variance: 0.0005950499371482757
pearson: 0.026793280520540967
p-valu: 5.437926189328811e-17

AL interation 86/4801.

mae: 0.030415521503473316
max_error: 0.1449924498264159
variance: 0.0005949069019469035
pearson: 0.0006065010884843188
p-valu: 0.849634174042047

AL interation 87/4801.

mae: 0.029490392310318206
max_error: 0.13437121745016345
variance: 0.0005539375891826406
pearson: 0.005373609285224508
p-valu: 0.09300958908717874

AL interation 88/4801.

mae: 0.02961720853264971
max_error: 0.14064392243227264
variance: 0.0005541913801839774
pearson: 0.06186405084976412
p-valu: 1.8029236849478297e-83

AL interation 89/4801.

mae: 0.03005446070334397
max_error: 0.14629009946815774
variance: 0.0005707103591886607
pearson: 0.05884004550163562
p-valu: 1.125349245482067e-75

AL interation 90/4801.

mae: 0.02991656008959561
max_error: 0.14344800482484477
variance: 0.0005654427008453378
pearson: -0.008068274097480092
p-valu: 0.011667703286923238

AL interation 91/4801.

mae: 0.030422906840365735
max_error: 0.14245191403847235
variance: 0.0005857271859444746
pearson: -0.016324067568935334
p-valu: 3.3444643633766097e-07

AL interation 92/4801.

mae: 0.030387025347448356
max_error: 0.1426168153230356
variance: 0.0005839807034056441
pearson: 0.041874879650624926
p-valu: 3.519399493589762e-39

AL interation 93/4801.

mae: 0.029871813208057284
max_error: 0.14109744064796548
variance: 0.0005810814379368083
pearson: 0.061855424089722465
p-valu: 1.918417295325328e-83

AL interation 94/4801.

mae: 0.029970434719309928
max_error: 0.14485949885022098
variance: 0.0005848272343733767
pearson: 0.12430496419185383
p-valu: 0.0

AL interation 95/4801.

mae: 0.02958230739301114
max_error: 0.1427507948465605
variance: 0.000564260658103194
pearson: 0.13190330086506757
p-valu: 0.0

AL interation 96/4801.

mae: 0.029398722439574032
max_error: 0.1454865952810538
variance: 0.0005583110476741421
pearson: 0.16372318061852037
p-valu: 0.0

AL interation 97/4801.

mae: 0.028992454013016505
max_error: 0.14450011372553906
variance: 0.0005433179931230003
pearson: 0.019146091720844888
p-valu: 2.1631329539950452e-09

AL interation 98/4801.

mae: 0.028458593813459627
max_error: 0.14548363177368362
variance: 0.000522253850058678
pearson: 0.06415104926727125
p-valu: 1.2885330841585429e-89

AL interation 99/4801.

mae: 0.02888439264843161
max_error: 0.14555307808018103
variance: 0.0005434829224135253
pearson: 0.03193622285231344
p-valu: 1.777038176186527e-23

AL interation 100/4801.

mae: 0.028616592474966916
max_error: 0.14436688747121895
variance: 0.0005362773872027795
pearson: 0.026949840521905993
p-valu: 3.603383307127893e-17

AL interation 101/4801.

mae: 0.02866191096802034
max_error: 0.14333503830061733
variance: 0.0005391859575785727
pearson: -0.0023343626095302683
p-valu: 0.46561049333979543

AL interation 102/4801.

mae: 0.028956764029029778
max_error: 0.14521649257011138
variance: 0.0005483976408873707
pearson: 0.02602374086962426
p-valu: 4.1047597722809227e-16

AL interation 103/4801.

mae: 0.028200246052841344
max_error: 0.14684534040179376
variance: 0.0005312971311446309
pearson: 0.0011382224825979871
p-valu: 0.7220170915461097

AL interation 104/4801.

mae: 0.028183513450736997
max_error: 0.14406161328673495
variance: 0.0005315459552318099
pearson: 0.03991421860117045
p-valu: 9.533173609788457e-36

AL interation 105/4801.

mae: 0.0278317315854383
max_error: 0.1466072026198022
variance: 0.0005257548917178011
pearson: 0.036458501214507694
p-valu: 4.220490335544015e-30

AL interation 106/4801.

mae: 0.027823379174569327
max_error: 0.14679924020896085
variance: 0.0005253055568171758
pearson: 0.01703583752476236
p-valu: 1.0092729923448424e-07

AL interation 107/4801.

mae: 0.028626215942247697
max_error: 0.1400482393503406
variance: 0.0005423705723298957
pearson: 0.04066657490262865
p-valu: 4.8318407383567845e-37

AL interation 108/4801.

mae: 0.028528195021186992
max_error: 0.14226567630828946
variance: 0.0005372885843823948
pearson: 0.1056511461409657
p-valu: 1.8494631858548045e-240

AL interation 109/4801.

mae: 0.02994600171487091
max_error: 0.16558342815918614
variance: 0.0005844952629694627
pearson: -0.007937981057141252
p-valu: 0.013098948037308482

AL interation 110/4801.

mae: 0.029940969526316846
max_error: 0.1655616691201427
variance: 0.0005842854825926797
pearson: 0.095794560285574
p-valu: 7.350354487885978e-198

AL interation 111/4801.

mae: 0.02978113874656579
max_error: 0.16006251394714432
variance: 0.0005894056596802696
pearson: -0.0024691516257098227
p-valu: 0.44027402859774356

AL interation 112/4801.

mae: 0.029716998412605094
max_error: 0.15964015444618518
variance: 0.0005856603575474143
pearson: 0.008076849546641578
p-valu: 0.011588455750871538

AL interation 113/4801.

mae: 0.029731267743826194
max_error: 0.15968168077836786
variance: 0.0005864524774956934
pearson: -0.0009622785380323289
p-valu: 0.7636008642170862

AL interation 114/4801.

mae: 0.030246311039478373
max_error: 0.1565851466893431
variance: 0.0005985679896583353
pearson: 0.08405980951124846
p-valu: 1.1641641653184985e-152

AL interation 115/4801.

mae: 0.029569936519806904
max_error: 0.15826677088455732
variance: 0.0005664497005945408
pearson: 0.1643413502760415
p-valu: 0.0

AL interation 116/4801.

mae: 0.028853085048406415
max_error: 0.15008458106465206
variance: 0.0005372684081009788
pearson: 0.04749226747900523
p-valu: 6.7895229058205e-50

AL interation 117/4801.

mae: 0.02918028028370445
max_error: 0.16150809485256978
variance: 0.0005521476799986739
pearson: 0.10851443491833027
p-valu: 1.3165613880954722e-253

AL interation 118/4801.

mae: 0.02857675891832482
max_error: 0.163464841108782
variance: 0.0005360568264396446
pearson: 0.048298296251633635
p-valu: 1.5279802023650845e-51

AL interation 119/4801.

mae: 0.028427303740256527
max_error: 0.16253206742383064
variance: 0.000532124472786802
pearson: 0.09709018306642214
p-valu: 3.373425698904669e-203

AL interation 120/4801.

mae: 0.028480349007051705
max_error: 0.1624436551121331
variance: 0.0005377149141881115
pearson: 0.035028833240778025
p-valu: 6.567321996710611e-28

AL interation 121/4801.

mae: 0.0282909459471793
max_error: 0.16210916405538534
variance: 0.0005345144272401504
pearson: 0.01858309588623474
p-valu: 6.310243553920811e-09

AL interation 122/4801.

mae: 0.02830599194691938
max_error: 0.15860211954873726
variance: 0.0005325939900889459
pearson: 0.04642270339054381
p-valu: 9.545905184059107e-48

AL interation 123/4801.

mae: 0.02826413789716078
max_error: 0.160408035684247
variance: 0.0005318740044862767
pearson: 0.05498240009778442
p-valu: 2.8151066010181225e-66

AL interation 124/4801.

mae: 0.02864440330982072
max_error: 0.16384271968420272
variance: 0.0005321462923316222
pearson: 0.031202181635239294
p-valu: 1.774837868068508e-22

AL interation 125/4801.

mae: 0.039797357310740404
max_error: 0.27242648850567885
variance: 0.001117271844894991
pearson: 0.48233117932156433
p-valu: 0.0

AL interation 126/4801.

mae: 0.038657751214297036
max_error: 0.21725636353422062
variance: 0.0009992646722916108
pearson: -0.005853585034283901
p-valu: 0.06733913635533677

AL interation 127/4801.

mae: 0.03880482257395907
max_error: 0.21681613581559334
variance: 0.0010052053121290673
pearson: 0.3191510123056016
p-valu: 0.0

AL interation 128/4801.

mae: 0.03833700922065004
max_error: 0.20582371113433084
variance: 0.0009672067027092914
pearson: 0.02202475756742797
p-valu: 5.81790939487026e-12

AL interation 129/4801.

mae: 0.038348834087018016
max_error: 0.20557244697188737
variance: 0.0009670484057412891
pearson: 0.07329404436464207
p-valu: 2.001415074653423e-116

AL interation 130/4801.

mae: 0.038649298354884495
max_error: 0.21812202491743649
variance: 0.0009875267822056022
pearson: 0.00019732205318074116
p-valu: 0.9508282638750213

AL interation 131/4801.

mae: 0.03916346860568279
max_error: 0.21307142672772472
variance: 0.0010195334316789482
pearson: 0.0028525075139246353
p-valu: 0.37268394758104206

AL interation 132/4801.

mae: 0.03916990767349663
max_error: 0.2144459826274263
variance: 0.0010220265847864362
pearson: 0.019646935161391512
p-valu: 8.223591311154178e-10

AL interation 133/4801.

mae: 0.03938407999475912
max_error: 0.20419622249651526
variance: 0.0010246261382919112
pearson: 0.02275297179805497
p-valu: 1.1476802851130084e-12

AL interation 134/4801.

mae: 0.04016504489434068
max_error: 0.21023011773117495
variance: 0.0010794227786613678
pearson: 0.34040506709628277
p-valu: 0.0

AL interation 135/4801.

mae: 0.039998956305163834
max_error: 0.2093502957780109
variance: 0.001073039532163532
pearson: 0.25673331026627705
p-valu: 0.0

AL interation 136/4801.

mae: 0.03948426976404929
max_error: 0.21350694435914108
variance: 0.0010397120139856927
pearson: -0.01919458833978939
p-valu: 1.9850860131491263e-09

AL interation 137/4801.

mae: 0.03948235166730134
max_error: 0.2132371018021948
variance: 0.0010400352634722734
pearson: 0.3531109110051091
p-valu: 0.0

AL interation 138/4801.

mae: 0.038191491472719705
max_error: 0.20188947010296432
variance: 0.000968409417405458
pearson: 0.09019929396544522
p-valu: 1.6240543765617214e-175

AL interation 139/4801.

mae: 0.03821010925525394
max_error: 0.2017609344806408
variance: 0.000968232878818009
pearson: 0.02724564450802847
p-valu: 1.6524047581830424e-17

AL interation 140/4801.

mae: 0.03829146305094557
max_error: 0.20241220279266003
variance: 0.0009755619551852019
pearson: 0.06642940698534426
p-valu: 6.2614032292752675e-96

AL interation 141/4801.

mae: 0.03818595428212059
max_error: 0.2026243019370304
variance: 0.0009685783494785704
pearson: 0.3054212672125413
p-valu: 0.0

AL interation 142/4801.

mae: 0.03793679382485875
max_error: 0.20919884796591703
variance: 0.0009663164776023465
pearson: 0.09532632796985992
p-valu: 7.042560822736602e-196

AL interation 143/4801.

mae: 0.04385640708249525
max_error: 0.2861697023871166
variance: 0.0012909064758054212
pearson: 0.05486295041206443
p-valu: 5.529748313371425e-66

AL interation 144/4801.

mae: 0.04386750339065416
max_error: 0.2863345728354325
variance: 0.0012931952250131338
pearson: 0.38355846464582477
p-valu: 0.0

AL interation 145/4801.

mae: 0.04228655513540901
max_error: 0.27012726621326877
variance: 0.001175393684118531
pearson: 0.16944780834244677
p-valu: 0.0

AL interation 146/4801.

mae: 0.04185327813893663
max_error: 0.2581779938025939
variance: 0.001144471832759476
pearson: 0.37600494579518334
p-valu: 0.0

AL interation 147/4801.

mae: 0.041796742257681575
max_error: 0.25712910229670527
variance: 0.0011395351109640055
pearson: 0.04415642201166824
p-valu: 2.370846286709226e-43

AL interation 148/4801.

mae: 0.041612667219283354
max_error: 0.2576674069149085
variance: 0.0011310010512874083
pearson: 0.2598147510763287
p-valu: 0.0

AL interation 149/4801.

mae: 0.04151972555000784
max_error: 0.2563624608699975
variance: 0.0011268233893176375
pearson: 0.133415714849766
p-valu: 0.0

AL interation 150/4801.

mae: 0.041503977939462304
max_error: 0.25401942537594735
variance: 0.0011278922936517777
pearson: 0.3988969271104568
p-valu: 0.0

AL interation 151/4801.

mae: 0.040851118814833186
max_error: 0.23397132128919274
variance: 0.0010758364200758853
pearson: 0.2584247809443014
p-valu: 0.0

AL interation 152/4801.

mae: 0.04080489201634043
max_error: 0.22879925600121354
variance: 0.0010565691671490722
pearson: 0.15089110470620065
p-valu: 0.0

AL interation 153/4801.

mae: 0.04047643690509821
max_error: 0.2375225852536751
variance: 0.0010412375143119493
pearson: 0.11980027230913048
p-valu: 6.469418036204454e-309

AL interation 154/4801.

mae: 0.041031484437504734
max_error: 0.24060446120150303
variance: 0.0010959106891360764
pearson: 0.06857314784161292
p-valu: 4.28462941870954e-102

AL interation 155/4801.

mae: 0.04069229171719718
max_error: 0.23772398563581376
variance: 0.0010934504394472236
pearson: 0.13156037253222275
p-valu: 0.0

AL interation 156/4801.

mae: 0.040777528986462024
max_error: 0.2372431237061683
variance: 0.0011011184761130983
pearson: 0.17349988257911836
p-valu: 0.0

AL interation 157/4801.

mae: 0.04023493418939148
max_error: 0.22850007851032572
variance: 0.0010814050086614363
pearson: 0.14093137552160057
p-valu: 0.0

AL interation 158/4801.

mae: 0.04024255966150316
max_error: 0.22722154660148752
variance: 0.0010818290321421315
pearson: 0.03276583285473936
p-valu: 1.2962636417080275e-24

AL interation 159/4801.

mae: 0.0415336204412597
max_error: 0.25035560369345333
variance: 0.0011457086702948583
pearson: 0.1719554653419135
p-valu: 0.0

AL interation 160/4801.

mae: 0.04153476024249744
max_error: 0.25032608778277066
variance: 0.0011458170554911958
pearson: 0.33163279897841064
p-valu: 0.0

AL interation 161/4801.

mae: 0.041429190672281554
max_error: 0.24622631082896262
variance: 0.001141501297412993
pearson: 0.07132777857721688
p-valu: 2.578048672422854e-110

AL interation 162/4801.

mae: 0.04126047296483224
max_error: 0.2456953814679146
variance: 0.0011345932266222266
pearson: 0.046468122629757636
p-valu: 8.101784226888385e-48

AL interation 163/4801.

mae: 0.04129276574980538
max_error: 0.2456790702634244
variance: 0.0011323806850123243
pearson: 0.15750910739543633
p-valu: 0.0

AL interation 164/4801.

mae: 0.040619073023125646
max_error: 0.24834472523601292
variance: 0.001101231361469684
pearson: 0.06744915426395814
p-valu: 8.049256435407812e-99

AL interation 165/4801.

mae: 0.04064622480500048
max_error: 0.24881271023408047
variance: 0.0011026823044333579
pearson: 0.1245326941601333
p-valu: 0.0

AL interation 166/4801.

mae: 0.040605111346787924
max_error: 0.2487545935180897
variance: 0.0011009544509332405
pearson: 0.21246869150649134
p-valu: 0.0

AL interation 167/4801.

mae: 0.040580770955146034
max_error: 0.24858374454818843
variance: 0.001099704195116563
pearson: 0.1249572826149023
p-valu: 0.0

AL interation 168/4801.

mae: 0.04094117561286615
max_error: 0.25190094075954406
variance: 0.0011143796495816287
pearson: 0.10819707805961544
p-valu: 5.337773153376271e-252

AL interation 169/4801.

mae: 0.04063406333066702
max_error: 0.25025267439726306
variance: 0.0011114774999070247
pearson: 0.2699364491099209
p-valu: 0.0

AL interation 170/4801.

mae: 0.04996031305916222
max_error: 0.2681271294921608
variance: 0.0017708214335925762
pearson: 0.1394260618724652
p-valu: 0.0

AL interation 171/4801.

mae: 0.049948455038331716
max_error: 0.27116077532430793
variance: 0.0017615000354101991
pearson: 0.07365990057177625
p-valu: 1.5938529160815255e-117

AL interation 172/4801.

mae: 0.04989890892584999
max_error: 0.27097488978400364
variance: 0.001756344575530884
pearson: 0.2770678338047697
p-valu: 0.0

AL interation 173/4801.

mae: 0.049079499837269995
max_error: 0.26784908335942603
variance: 0.0016969030443908242
pearson: 0.2412056251242485
p-valu: 0.0

AL interation 174/4801.

mae: 0.048952270250254074
max_error: 0.26641877777804623
variance: 0.0016784518247684186
pearson: 0.1767822913376115
p-valu: 0.0

AL interation 175/4801.

mae: 0.04897007676647387
max_error: 0.26718650512505704
variance: 0.001679722255395288
pearson: 0.15998900544519942
p-valu: 0.0

AL interation 176/4801.

mae: 0.04901580390745695
max_error: 0.26240545311687313
variance: 0.001677916569340173
pearson: 0.2440903097226929
p-valu: 0.0

AL interation 177/4801.

mae: 0.04801979752484747
max_error: 0.255769151380415
variance: 0.0015910925674092198
pearson: 0.17759362811642
p-valu: 0.0

AL interation 178/4801.

mae: 0.047992969423523144
max_error: 0.25513463031453854
variance: 0.0015915861251351788
pearson: 0.07208915091786747
p-valu: 1.255805351714959e-112

AL interation 179/4801.

mae: 0.047734646876194775
max_error: 0.25654801860961585
variance: 0.0015772503487077312
pearson: 0.1910495593371467
p-valu: 0.0

AL interation 180/4801.

mae: 0.04758511712871025
max_error: 0.2583045428101889
variance: 0.0015718422558984417
pearson: 0.1760279749331882
p-valu: 0.0

AL interation 181/4801.

mae: 0.047329915584374285
max_error: 0.25431638735411255
variance: 0.0015635624320191107
pearson: 0.09627087199397377
p-valu: 1.1199784699462663e-199

AL interation 182/4801.

mae: 0.0471295917634416
max_error: 0.25740648075028005
variance: 0.0015624051927764526
pearson: 0.04215583043487361
p-valu: 1.1933809430550036e-39

AL interation 183/4801.

mae: 0.04707525005278893
max_error: 0.25934268161730145
variance: 0.0015591638859415332
pearson: 0.09841994476364992
p-valu: 1.2302128783141095e-208

AL interation 184/4801.

mae: 0.047041118312681464
max_error: 0.2618164920021009
variance: 0.0015572034326517595
pearson: 0.4244354469853894
p-valu: 0.0

AL interation 185/4801.

mae: 0.04611994602162926
max_error: 0.2634658855293601
variance: 0.0014912316405891173
pearson: 0.3517768775537029
p-valu: 0.0

AL interation 186/4801.

mae: 0.04584566351736199
max_error: 0.2639256654391211
variance: 0.0014519388346131376
pearson: 0.353858064480376
p-valu: 0.0

AL interation 187/4801.

mae: 0.045847130562844084
max_error: 0.2640719446124713
variance: 0.001451893852675363
pearson: 0.14995527334602526
p-valu: 0.0

AL interation 188/4801.

mae: 0.04576412901105458
max_error: 0.26289700349464695
variance: 0.0014485237639001347
pearson: 0.28342948418222086
p-valu: 0.0

AL interation 189/4801.

mae: 0.04485249595443466
max_error: 0.2738778996634501
variance: 0.0013523742597886196
pearson: 0.16100414783069852
p-valu: 0.0

AL interation 190/4801.

mae: 0.04483967770072205
max_error: 0.2769992710908191
variance: 0.0013475510636421365
pearson: 0.18879498711764936
p-valu: 0.0

AL interation 191/4801.

mae: 0.06907022707438203
max_error: 0.4375690695265426
variance: 0.0039527685215227145
pearson: 0.6345246427889689
p-valu: 0.0

AL interation 192/4801.

mae: 0.06456505864994845
max_error: 0.4058481751197096
variance: 0.0034085997499118067
pearson: 0.4922143066200933
p-valu: 0.0

AL interation 193/4801.

mae: 0.06363485737481318
max_error: 0.3731336888465919
variance: 0.0032360236847170072
pearson: 0.1701896397320467
p-valu: 0.0

AL interation 194/4801.

mae: 0.06348244615053533
max_error: 0.3707179748414817
variance: 0.003225653225740891
pearson: 0.11167914432343803
p-valu: 2.2627131130452158e-268

AL interation 195/4801.

mae: 0.06408064095429554
max_error: 0.3827260270671913
variance: 0.0032345820545403216
pearson: 0.5793506607627843
p-valu: 0.0

AL interation 196/4801.

mae: 0.06136360870729272
max_error: 0.3650124861401842
variance: 0.0028667118790014342
pearson: 0.4805439000054232
p-valu: 0.0

AL interation 197/4801.

mae: 0.060748744887036445
max_error: 0.3664940962907066
variance: 0.0027425680642883285
pearson: 0.500914972330175
p-valu: 0.0

AL interation 198/4801.

mae: 0.06075531669737053
max_error: 0.36636365164385
variance: 0.002743280695457088
pearson: 0.5366513171839071
p-valu: 0.0

AL interation 199/4801.

mae: 0.060372478386658456
max_error: 0.3508792295987304
variance: 0.0026743424020867716
pearson: 0.5606341708547449
p-valu: 0.0

AL interation 200/4801.

mae: 0.058403990820894716
max_error: 0.32729690561235736
variance: 0.0024170475704577902
pearson: 0.0547468775095156
p-valu: 1.1259088870930136e-65

AL interation 201/4801.

mae: 0.05824495122482382
max_error: 0.3283245514072777
variance: 0.002399539046322223
pearson: 0.21989609714952654
p-valu: 0.0

AL interation 202/4801.

mae: 0.05822945151038542
max_error: 0.3287136092266254
variance: 0.0023983107732787746
pearson: 0.4685034168986062
p-valu: 0.0

AL interation 203/4801.

mae: 0.05819050520411753
max_error: 0.33760889947451767
variance: 0.002406430333122429
pearson: 0.2355003125336712
p-valu: 0.0

AL interation 204/4801.

mae: 0.057968278784276836
max_error: 0.33632776243042906
variance: 0.0023809983014972604
pearson: 0.5639921720936152
p-valu: 0.0

AL interation 205/4801.

mae: 0.0576958070759774
max_error: 0.33799465201299506
variance: 0.0023407837462030992
pearson: 0.13884975203207225
p-valu: 0.0

AL interation 206/4801.

mae: 0.05768932566759234
max_error: 0.33899798657957114
variance: 0.0023411998667643
pearson: 0.3141106201252536
p-valu: 0.0

AL interation 207/4801.

mae: 0.05642665308862042
max_error: 0.3343891617787982
variance: 0.0021952823796442425
pearson: 0.4189994232957314
p-valu: 0.0

AL interation 208/4801.

mae: 0.056296068552098934
max_error: 0.3326837774594047
variance: 0.002187396144371569
pearson: 0.49476092718692083
p-valu: 0.0

AL interation 209/4801.

mae: 0.056209873219957206
max_error: 0.33591072636277985
variance: 0.0021786797128254226
pearson: 0.4879264229713433
p-valu: 0.0

AL interation 210/4801.

mae: 0.05545362475673648
max_error: 0.3337114464575812
variance: 0.0020830925726890727
pearson: 0.1461028205465588
p-valu: 0.0

AL interation 211/4801.

mae: 0.054769886500191774
max_error: 0.3384855359518575
variance: 0.0020027841647674723
pearson: 0.32958924164195236
p-valu: 0.0

AL interation 212/4801.

mae: 0.05480842760132639
max_error: 0.34017059802505045
variance: 0.0020085812914406895
pearson: 0.530893267112729
p-valu: 0.0

AL interation 213/4801.

mae: 0.054383059213040326
max_error: 0.3424155445591701
variance: 0.001968973958256196
pearson: 0.22295237325797093
p-valu: 0.0

AL interation 214/4801.

mae: 0.054285438555965536
max_error: 0.3438237090868448
variance: 0.0019689367971302677
pearson: 0.3189409391683935
p-valu: 0.0

AL interation 215/4801.

mae: 0.05375623946695004
max_error: 0.35126237024729434
variance: 0.0018840776451186263
pearson: 0.47444164053425175
p-valu: 0.0

AL interation 216/4801.

mae: 0.05360105363394837
max_error: 0.3506181485341209
variance: 0.0018828063770268805
pearson: 0.4131362742158346
p-valu: 0.0

AL interation 217/4801.

mae: 0.053452284819597906
max_error: 0.35075411151143143
variance: 0.0018748522295943919
pearson: 0.13552319616644665
p-valu: 0.0

AL interation 218/4801.

mae: 0.05346485369715255
max_error: 0.34881096964141634
variance: 0.001862418553279512
pearson: 0.3258961251415589
p-valu: 0.0

AL interation 219/4801.

mae: 0.05348669476926085
max_error: 0.353292549275519
variance: 0.0018640005673112548
pearson: 0.4233991888394296
p-valu: 0.0

AL interation 220/4801.

mae: 0.0534462713605006
max_error: 0.3544803454161034
variance: 0.0018701676935516166
pearson: 0.41189881738959766
p-valu: 0.0

AL interation 221/4801.

mae: 0.052461710597678166
max_error: 0.3567371520130642
variance: 0.0017817625928875421
pearson: 0.5323014071513913
p-valu: 0.0

AL interation 222/4801.

mae: 0.05206504314920553
max_error: 0.3382302372256696
variance: 0.0017601878549433098
pearson: 0.3638293876926252
p-valu: 0.0

AL interation 223/4801.

mae: 0.05080305116541076
max_error: 0.3298522454729742
variance: 0.0016140478227785705
pearson: 0.3467188369425797
p-valu: 0.0

AL interation 224/4801.

mae: 0.05016062383769986
max_error: 0.3318699232073037
variance: 0.001556081248827105
pearson: 0.17527721504770621
p-valu: 0.0

AL interation 225/4801.

mae: 0.049912679869886095
max_error: 0.3287378552836877
variance: 0.001529516810607272
pearson: 0.2544227470157683
p-valu: 0.0

AL interation 226/4801.

mae: 0.04969245160774555
max_error: 0.3304752701101812
variance: 0.001523153982852978
pearson: 0.26748316804104794
p-valu: 0.0

AL interation 227/4801.

mae: 0.04972224016044434
max_error: 0.33025087820857024
variance: 0.0015217692680776639
pearson: 0.09102713523437375
p-valu: 1.4445943020105667e-178

AL interation 228/4801.

mae: 0.049779083934660025
max_error: 0.32964422096261714
variance: 0.0015277353662598591
pearson: 0.3572514812110364
p-valu: 0.0

AL interation 229/4801.

mae: 0.049766959390676546
max_error: 0.32939049455358926
variance: 0.0015225556361945457
pearson: 0.21657294732644863
p-valu: 0.0

AL interation 230/4801.

mae: 0.04976225406844335
max_error: 0.3294508346476128
variance: 0.001522275032596503
pearson: 0.13902913956678636
p-valu: 0.0

AL interation 231/4801.

mae: 0.049750953471600634
max_error: 0.32925967905663
variance: 0.0015216737888512247
pearson: 0.14291308470896347
p-valu: 0.0

AL interation 232/4801.

mae: 0.049759304003093884
max_error: 0.32901762100192045
variance: 0.001521846373464331
pearson: 0.0464056649401663
p-valu: 1.1623338794380322e-47

AL interation 233/4801.

mae: 0.04975955119398934
max_error: 0.3290127973792174
variance: 0.001521280809785538
pearson: 0.2015200584756292
p-valu: 0.0

AL interation 234/4801.

mae: 0.04970745147253858
max_error: 0.3280097556067254
variance: 0.0015289268231377109
pearson: 0.3996238214176173
p-valu: 0.0

AL interation 235/4801.

mae: 0.049422859577865644
max_error: 0.32111750507607084
variance: 0.0015275445394378753
pearson: 0.2514175299516812
p-valu: 0.0

AL interation 236/4801.

mae: 0.049400771978129386
max_error: 0.3207821949250125
variance: 0.0015266321266096468
pearson: 0.31969611556315997
p-valu: 0.0

AL interation 237/4801.

mae: 0.04879469004178466
max_error: 0.3209717646018895
variance: 0.0014746098996961344
pearson: 0.2907187887949212
p-valu: 0.0

AL interation 238/4801.

mae: 0.04897290590007042
max_error: 0.3224892124786116
variance: 0.0014818188870887436
pearson: 0.4062279986145504
p-valu: 0.0

AL interation 239/4801.

mae: 0.04899904187540446
max_error: 0.322934778681482
variance: 0.0014849069450926047
pearson: 0.1646326168065327
p-valu: 0.0

AL interation 240/4801.

mae: 0.04898463776070734
max_error: 0.3230220900909977
variance: 0.0014866490088153391
pearson: 0.18992074581634355
p-valu: 0.0

AL interation 241/4801.

mae: 0.04878136139492961
max_error: 0.32151754821409995
variance: 0.0014744147804990092
pearson: 0.13386858842149568
p-valu: 0.0

AL interation 242/4801.

mae: 0.0488060852173749
max_error: 0.32199583705601853
variance: 0.0014762713700521488
pearson: 0.3445178347823458
p-valu: 0.0

AL interation 243/4801.

mae: 0.04887608596752048
max_error: 0.32232401744186845
variance: 0.0014830617304837953
pearson: 0.3972018895658997
p-valu: 0.0

AL interation 244/4801.

mae: 0.04888705307469259
max_error: 0.32237264815472244
variance: 0.0014831834362333037
pearson: 0.09777018505656704
p-valu: 8.883093741936952e-206

AL interation 245/4801.

mae: 0.04892413520093847
max_error: 0.31959834649006424
variance: 0.0014915092026476131
pearson: 0.09515201558253385
p-valu: 5.790404972888735e-195

AL interation 246/4801.

mae: 0.048919271175192666
max_error: 0.31967850326423886
variance: 0.0014914369660485437
pearson: 0.028361742772260463
p-valu: 7.996273005068116e-19

AL interation 247/4801.

mae: 0.04891675365195351
max_error: 0.3222860026667682
variance: 0.0014993930731759186
pearson: 0.06755230041186773
p-valu: 4.9106700049661976e-99

AL interation 248/4801.

mae: 0.048911971010555354
max_error: 0.322390389527353
variance: 0.001499356596658918
pearson: 0.17704410676209906
p-valu: 0.0

AL interation 249/4801.

mae: 0.04880569040392879
max_error: 0.317638463378497
variance: 0.0014939540392647792
pearson: 0.09787930235700855
p-valu: 3.1763718682796716e-206

AL interation 250/4801.

mae: 0.0488431052742011
max_error: 0.31663124902416584
variance: 0.0014995543583436553
pearson: 0.353658688074045
p-valu: 0.0

AL interation 251/4801.

mae: 0.04891279760487952
max_error: 0.31711874285275243
variance: 0.001504337345613097
pearson: 0.09929853610869754
p-valu: 3.2664438035834513e-212

AL interation 252/4801.

mae: 0.048372546410494564
max_error: 0.315072520205657
variance: 0.0014791890137296892
pearson: 0.4163650244512236
p-valu: 0.0

AL interation 253/4801.

mae: 0.048085498172428735
max_error: 0.3095633909752529
variance: 0.001458584726460594
pearson: 0.39796983902123084
p-valu: 0.0

AL interation 254/4801.

mae: 0.04757148892900814
max_error: 0.30987658139707364
variance: 0.0014268404237985136
pearson: 0.3482511183980568
p-valu: 0.0

AL interation 255/4801.

mae: 0.04762368932040712
max_error: 0.2611636066460252
variance: 0.001411749112163738
pearson: 0.3374392598427638
p-valu: 0.0

AL interation 256/4801.

mae: 0.046879941951998697
max_error: 0.24445940713073666
variance: 0.0013673409691890587
pearson: 0.07368404556291752
p-valu: 1.6871315255586325e-117

AL interation 257/4801.

mae: 0.04686177852628123
max_error: 0.24483858002051617
variance: 0.001362655823957771
pearson: 0.12990253384162861
p-valu: 0.0

AL interation 258/4801.

mae: 0.046867414800810366
max_error: 0.24487538272271392
variance: 0.0013627838599575596
pearson: 0.38838897917530557
p-valu: 0.0

AL interation 259/4801.

mae: 0.04680198594095238
max_error: 0.24574385551952416
variance: 0.0013611248452016947
pearson: 0.483304012007824
p-valu: 0.0

AL interation 260/4801.

mae: 0.04610829922503894
max_error: 0.23908607676978333
variance: 0.0013033610661511905
pearson: 0.14829744981513876
p-valu: 0.0

AL interation 261/4801.

mae: 0.04592511502256634
max_error: 0.2359933435948025
variance: 0.0012835132587435388
pearson: 0.2465684654005427
p-valu: 0.0

AL interation 262/4801.

mae: 0.04588818426968585
max_error: 0.235617974288036
variance: 0.0012865251936789676
pearson: 0.09827237298154015
p-valu: 7.560567547117618e-208

AL interation 263/4801.

mae: 0.04570438560186163
max_error: 0.23341980950610575
variance: 0.0012766865459401268
pearson: 0.33527639127755127
p-valu: 0.0

AL interation 264/4801.

mae: 0.045718797728278304
max_error: 0.23340582375223873
variance: 0.0012765488001067235
pearson: 0.2657934440589871
p-valu: 0.0

AL interation 265/4801.

mae: 0.045743336801120534
max_error: 0.24235820344594883
variance: 0.0012750690112260288
pearson: 0.3257773253031349
p-valu: 0.0

AL interation 266/4801.

mae: 0.044831293867268494
max_error: 0.2248409551145616
variance: 0.0012203183312293042
pearson: 0.2569057108863297
p-valu: 0.0

AL interation 267/4801.

mae: 0.04454088531577463
max_error: 0.2290420976007428
variance: 0.0012110946403347514
pearson: 0.30333798368608617
p-valu: 0.0

AL interation 268/4801.

mae: 0.04427094288765789
max_error: 0.228718521184621
variance: 0.001199396721557022
pearson: 0.31174289152167395
p-valu: 0.0

AL interation 269/4801.

mae: 0.04425570748831015
max_error: 0.22825931974077518
variance: 0.0011988840756400644
pearson: 0.05034457231403122
p-valu: 9.076240225824472e-56

AL interation 270/4801.

mae: 0.04419050317158946
max_error: 0.22817121637328652
variance: 0.0011977395379135852
pearson: 0.12932567232703113
p-valu: 0.0

AL interation 271/4801.

mae: 0.04418598952637079
max_error: 0.2283521968381339
variance: 0.0011969495897812474
pearson: 0.12646549186126227
p-valu: 0.0

AL interation 272/4801.

mae: 0.0441165999783273
max_error: 0.22750328272534004
variance: 0.0011921232017799157
pearson: 0.22768451353553235
p-valu: 0.0

AL interation 273/4801.

mae: 0.04410174734243375
max_error: 0.22815985294775798
variance: 0.001191251376334387
pearson: 0.1762034404389674
p-valu: 0.0

AL interation 274/4801.

mae: 0.043855727255997096
max_error: 0.22484085664402498
variance: 0.0011799882690227076
pearson: 0.32308332896628716
p-valu: 0.0

AL interation 275/4801.

mae: 0.04468757306790056
max_error: 0.23227210295792444
variance: 0.0012247429224156526
pearson: 0.2322136931244976
p-valu: 0.0

AL interation 276/4801.

mae: 0.044609959280013184
max_error: 0.2316431433148156
variance: 0.001222452126815704
pearson: 0.09106272040438197
p-valu: 1.2878097728707854e-178

AL interation 277/4801.

mae: 0.044602091858560594
max_error: 0.23193105695847605
variance: 0.0012220771615222973
pearson: 0.366615698415133
p-valu: 0.0

AL interation 278/4801.

mae: 0.044389745550942925
max_error: 0.22652601427964525
variance: 0.0012120694720923815
pearson: 0.11112650039494314
p-valu: 1.683195480184599e-265

AL interation 279/4801.

mae: 0.04436332102849941
max_error: 0.2336885782262672
variance: 0.0012148896663853926
pearson: 0.30832724633794684
p-valu: 0.0

AL interation 280/4801.

mae: 0.044490310569398714
max_error: 0.235183620132577
variance: 0.001212792923510333
pearson: 0.16079910119449087
p-valu: 0.0

AL interation 281/4801.

mae: 0.04379779588985552
max_error: 0.23146819714222344
variance: 0.0011607021464853297
pearson: 0.32552965122461
p-valu: 0.0

AL interation 282/4801.

mae: 0.04369153249726966
max_error: 0.2296377822933411
variance: 0.0011574413084568227
pearson: 0.04950136493443617
p-valu: 5.749078881755655e-54

AL interation 283/4801.

mae: 0.04369563527247542
max_error: 0.2292303885608109
variance: 0.0011579898165930231
pearson: 0.28793945444620767
p-valu: 0.0

AL interation 284/4801.

mae: 0.04398672485392853
max_error: 0.229770650045086
variance: 0.001168790329133094
pearson: 0.10598439952407958
p-valu: 1.530115291617556e-241

AL interation 285/4801.

mae: 0.043932442147275014
max_error: 0.23129434429413065
variance: 0.0011705121944763925
pearson: 0.09065486736638252
p-valu: 5.134462720763885e-177

AL interation 286/4801.

mae: 0.043936200630501646
max_error: 0.2317826105647529
variance: 0.0011708865366977747
pearson: 0.29489967918250953
p-valu: 0.0

AL interation 287/4801.

mae: 0.04394045558948336
max_error: 0.23167552671495484
variance: 0.0011708819953735576
pearson: 0.09052611908572278
p-valu: 1.631970016124444e-176

AL interation 288/4801.

mae: 0.044016700016244185
max_error: 0.23244858884411057
variance: 0.001174172831012217
pearson: 0.3018755845755618
p-valu: 0.0

AL interation 289/4801.

mae: 0.0440367464368416
max_error: 0.2327667536175997
variance: 0.001175438486719222
pearson: 0.05072796323896904
p-valu: 1.3903067309353368e-56

AL interation 290/4801.

mae: 0.04393451957034509
max_error: 0.2326715654273559
variance: 0.001168663834921309
pearson: 0.09673607239610936
p-valu: 2.2323866877639826e-201

AL interation 291/4801.

mae: 0.04392484317839657
max_error: 0.23193656673194907
variance: 0.0011675900717927202
pearson: 0.1266494444022298
p-valu: 0.0

AL interation 292/4801.

mae: 0.04389085089614963
max_error: 0.2325974647830864
variance: 0.0011683329277742207
pearson: 0.23365692126053042
p-valu: 0.0

AL interation 293/4801.

mae: 0.04331695415039851
max_error: 0.23609828535720423
variance: 0.0011441621468600892
pearson: 0.12854543465054277
p-valu: 0.0

AL interation 294/4801.

mae: 0.04321771304036325
max_error: 0.23585770268275352
variance: 0.0011328058860349969
pearson: 0.12040209083555303
p-valu: 1.4000135746916e-311

AL interation 295/4801.

mae: 0.04317559333684542
max_error: 0.2363721809653927
variance: 0.0011323390703493535
pearson: 0.06073201205944206
p-valu: 2.4336042247902576e-80

AL interation 296/4801.

mae: 0.0431707005157977
max_error: 0.23546420411750857
variance: 0.0011360815930164627
pearson: 0.04041708592476788
p-valu: 1.5279395162065977e-36

AL interation 297/4801.

mae: 0.04317102138445462
max_error: 0.23536732481918277
variance: 0.001135705770330275
pearson: 0.12954211019089656
p-valu: 0.0

AL interation 298/4801.

mae: 0.0431686535037955
max_error: 0.2355145591193124
variance: 0.0011356898463666825
pearson: 0.33629934577638887
p-valu: 0.0

AL interation 299/4801.

mae: 0.04311328107956771
max_error: 0.2366499291531201
variance: 0.0011354470602137456
pearson: 0.15255467270480585
p-valu: 0.0

AL interation 300/4801.

mae: 0.043088484326030255
max_error: 0.23654670705875303
variance: 0.00113453238342749
pearson: 0.10884220163431349
p-valu: 1.1558960999495417e-254

AL interation 301/4801.

mae: 0.04313932295841218
max_error: 0.23746782734108107
variance: 0.0011373443537426578
pearson: 0.2679966375471225
p-valu: 0.0

AL interation 302/4801.

mae: 0.043034612603726666
max_error: 0.23720391967274024
variance: 0.0011322271092840356
pearson: 0.13483605921038003
p-valu: 0.0

AL interation 303/4801.

mae: 0.04289843239541263
max_error: 0.21482721567392415
variance: 0.001119135356079176
pearson: 0.2845721933037677
p-valu: 0.0

AL interation 304/4801.

mae: 0.04287372723802173
max_error: 0.21443732131067206
variance: 0.0011176013718348834
pearson: 0.23700927293509513
p-valu: 0.0

AL interation 305/4801.

mae: 0.04302865190986096
max_error: 0.218628995967467
variance: 0.001134552591793332
pearson: 0.11339271112119431
p-valu: 2.4052934126506252e-276

AL interation 306/4801.

mae: 0.04311497929081116
max_error: 0.2197147772323862
variance: 0.0011352387101623122
pearson: 0.1235622014677643
p-valu: 0.0

AL interation 307/4801.

mae: 0.04311351268909726
max_error: 0.21963097326008407
variance: 0.001135262880004852
pearson: 0.18996897599113524
p-valu: 0.0

AL interation 308/4801.

mae: 0.04311181141014827
max_error: 0.21965801242024297
variance: 0.0011356297930211095
pearson: 0.1264785819042646
p-valu: 0.0

AL interation 309/4801.

mae: 0.04312058580636044
max_error: 0.22654331937721706
variance: 0.0011382265393878332
pearson: 0.2583621998611647
p-valu: 0.0

AL interation 310/4801.

mae: 0.04311877166607445
max_error: 0.2266373420554575
variance: 0.0011382755434247872
pearson: 0.1447503797560092
p-valu: 0.0

AL interation 311/4801.

mae: 0.042504072898273834
max_error: 0.21445301776313697
variance: 0.0011161451014629815
pearson: 0.1026755691670407
p-valu: 1.0994473809414522e-226

AL interation 312/4801.

mae: 0.04219286198550456
max_error: 0.21628136181627466
variance: 0.0011053847261816754
pearson: 0.2908598704049537
p-valu: 0.0

AL interation 313/4801.

mae: 0.042190994898338184
max_error: 0.21655740674052337
variance: 0.0011054639032234124
pearson: 0.2592563422399884
p-valu: 0.0

AL interation 314/4801.

mae: 0.04230924393304041
max_error: 0.22102338713941405
variance: 0.0011235763542741927
pearson: 0.2833360969170994
p-valu: 0.0

AL interation 315/4801.

mae: 0.04235855151263288
max_error: 0.21386395996180196
variance: 0.0011105352825687535
pearson: 0.17725897269979066
p-valu: 0.0

AL interation 316/4801.

mae: 0.04234940470075342
max_error: 0.21383675361923649
variance: 0.001109777363767505
pearson: 0.058171579781654284
p-valu: 7.746103347545298e-74

AL interation 317/4801.

mae: 0.04232513565195023
max_error: 0.21361908818719
variance: 0.0011089757449979395
pearson: 0.09976646634624554
p-valu: 4.59967475020982e-214

AL interation 318/4801.

mae: 0.04232403832761635
max_error: 0.2136241716804963
variance: 0.0011088582554912008
pearson: 0.27120473638898257
p-valu: 0.0

AL interation 319/4801.

mae: 0.042327314105665766
max_error: 0.21371975458643844
variance: 0.0011086242517168094
pearson: 0.08799519199089427
p-valu: 8.37480869272972e-167

AL interation 320/4801.

mae: 0.042226476106668624
max_error: 0.21368334399560096
variance: 0.0011058806772832317
pearson: 0.25757271683678995
p-valu: 0.0

AL interation 321/4801.

mae: 0.042202600451868494
max_error: 0.21585398913132137
variance: 0.0011037238045813668
pearson: 0.4305415260071329
p-valu: 0.0

AL interation 322/4801.

mae: 0.04149411082251802
max_error: 0.21368994472297542
variance: 0.0010736020844012103
pearson: 0.2949448063720824
p-valu: 0.0

AL interation 323/4801.

mae: 0.04143652974100745
max_error: 0.21414206045912776
variance: 0.0010704510381741152
pearson: 0.3716106089920321
p-valu: 0.0

AL interation 324/4801.

mae: 0.04142896400943928
max_error: 0.21418002470656772
variance: 0.001067353515137927
pearson: 0.03275180390535336
p-valu: 1.4840024354708134e-24

AL interation 325/4801.

mae: 0.04147176289063296
max_error: 0.214309216595868
variance: 0.0010702084974309838
pearson: 0.23507235347732325
p-valu: 0.0

AL interation 326/4801.

mae: 0.04116190241676365
max_error: 0.21310208517681728
variance: 0.0010428126665567006
pearson: 0.08316443005949335
p-valu: 3.8815873903630325e-149

AL interation 327/4801.

mae: 0.04116253107435328
max_error: 0.2128321543284275
variance: 0.001043473725254567
pearson: 0.06287632005952562
p-valu: 5.827301074797673e-86

AL interation 328/4801.

mae: 0.041086405203491286
max_error: 0.21642002844621144
variance: 0.0010451622925845955
pearson: 0.11052758064191055
p-valu: 1.6151232043913104e-262

AL interation 329/4801.

mae: 0.04102242528890363
max_error: 0.20987649073638037
variance: 0.001038354320729997
pearson: 0.11953675413667691
p-valu: 5.2355722956607686e-307

AL interation 330/4801.

mae: 0.04098966681543361
max_error: 0.20970700357085859
variance: 0.0010350659439281721
pearson: 0.10917945735274437
p-valu: 3.667140246279777e-256

AL interation 331/4801.

mae: 0.04095906809698638
max_error: 0.2096795940026115
variance: 0.0010356441101727263
pearson: 0.2846245231300749
p-valu: 0.0

AL interation 332/4801.

mae: 0.04067382660568636
max_error: 0.2101689758037284
variance: 0.0010276332308679
pearson: 0.0248059102270053
p-valu: 9.5233277723759e-15

AL interation 333/4801.

mae: 0.040663154409548145
max_error: 0.21029808956174945
variance: 0.0010251004485182912
pearson: 0.2902265437462783
p-valu: 0.0

AL interation 334/4801.

mae: 0.04048632720381905
max_error: 0.2086953844165893
variance: 0.0010182681331630094
pearson: 0.08972734677931853
p-valu: 2.3595151392072306e-173

AL interation 335/4801.

mae: 0.04033595542174934
max_error: 0.23625095652116412
variance: 0.0010004373826073356
pearson: 0.17558405106498176
p-valu: 0.0

AL interation 336/4801.

mae: 0.039859931932007174
max_error: 0.2264797771697178
variance: 0.0009833711801064452
pearson: 0.0800742644041095
p-valu: 2.332235469149164e-138

AL interation 337/4801.

mae: 0.03987663002421657
max_error: 0.22670127106195848
variance: 0.000984177879475356
pearson: 0.055303711140312635
p-valu: 6.853477670058155e-67

AL interation 338/4801.

mae: 0.03958122942389501
max_error: 0.22583673481878774
variance: 0.0009717038742479901
pearson: 0.10976673383948041
p-valu: 6.739721610668047e-259

AL interation 339/4801.

mae: 0.03957957937140391
max_error: 0.22553558458659806
variance: 0.0009718035932345249
pearson: 0.22279804141357615
p-valu: 0.0

AL interation 340/4801.

mae: 0.03957456792641494
max_error: 0.22564515482574476
variance: 0.00097415528691145
pearson: 0.16544257420906394
p-valu: 0.0

AL interation 341/4801.

mae: 0.03978943301231903
max_error: 0.22548421175654054
variance: 0.0009696700392465683
pearson: 0.10535772051170215
p-valu: 1.4512188296240865e-238

AL interation 342/4801.

mae: 0.03958987378101915
max_error: 0.21774795410076164
variance: 0.0009603350318793391
pearson: 0.27477473283824644
p-valu: 0.0

AL interation 343/4801.

mae: 0.039406659792891714
max_error: 0.20902777396279104
variance: 0.0009418899676162125
pearson: 0.013829109429232368
p-valu: 1.5792310738757405e-05

AL interation 344/4801.

mae: 0.03912609962500353
max_error: 0.20760482866919316
variance: 0.0008998562728451335
pearson: 0.11557549134300199
p-valu: 5.83010676265284e-287

AL interation 345/4801.

mae: 0.03913209096987551
max_error: 0.20731064628327855
variance: 0.0008999529881785681
pearson: 0.13059608769401365
p-valu: 0.0

AL interation 346/4801.

mae: 0.03895924641163824
max_error: 0.20766727425527476
variance: 0.0008915376334118082
pearson: 0.07247963010019642
p-valu: 1.2194846021097675e-113

AL interation 347/4801.

mae: 0.03915599283719124
max_error: 0.20804637565035788
variance: 0.0009144724800368704
pearson: 0.3031669550709009
p-valu: 0.0

AL interation 348/4801.

mae: 0.03906595471044142
max_error: 0.20830877383579915
variance: 0.0009084531782519343
pearson: 0.26973695773674644
p-valu: 0.0

AL interation 349/4801.

mae: 0.03905490770635022
max_error: 0.2093210419936642
variance: 0.000908609515185358
pearson: 0.11053416962683041
p-valu: 1.7103060291726707e-262

AL interation 350/4801.

mae: 0.0386992784993522
max_error: 0.211411056247218
variance: 0.0009049619421436893
pearson: 0.1298912069157494
p-valu: 0.0

AL interation 351/4801.

mae: 0.03869898828479973
max_error: 0.2113768580167945
variance: 0.0009048894426273517
pearson: 0.0862882085527408
p-valu: 2.132546834888613e-160

AL interation 352/4801.

mae: 0.038588669185882565
max_error: 0.21133220455905954
variance: 0.0009000919988820575
pearson: 0.3493636549014251
p-valu: 0.0

AL interation 353/4801.

mae: 0.0383907928410464
max_error: 0.21022689757794266
variance: 0.0008647997981274175
pearson: 0.2378370762912238
p-valu: 0.0

AL interation 354/4801.

mae: 0.0383809670959734
max_error: 0.20892490521712004
variance: 0.0008647395633392048
pearson: 0.17868909531563637
p-valu: 0.0

AL interation 355/4801.

mae: 0.038321003998177165
max_error: 0.19385285017617404
variance: 0.0008633207083220076
pearson: 0.08906837958057114
p-valu: 8.433932719621646e-171

AL interation 356/4801.

mae: 0.03831720794780938
max_error: 0.19369216365177833
variance: 0.0008630519552119683
pearson: 0.08238377283670577
p-valu: 2.4648158144424825e-146

AL interation 357/4801.

mae: 0.03833433278946362
max_error: 0.19316193285542083
variance: 0.0008633565214932723
pearson: 0.12265895139795982
p-valu: 3e-323

AL interation 358/4801.

mae: 0.03833200107155163
max_error: 0.19332979202792755
variance: 0.0008649674283804497
pearson: 0.08511143821787677
p-valu: 4.4207090771774607e-156

AL interation 359/4801.

mae: 0.038642701375808844
max_error: 0.19470528288568145
variance: 0.0008809724333397426
pearson: 0.252664612609954
p-valu: 0.0

AL interation 360/4801.

mae: 0.038586407993643636
max_error: 0.19401389545439285
variance: 0.0008815143837682297
pearson: 0.1805009794004186
p-valu: 0.0

AL interation 361/4801.

mae: 0.03859971439860401
max_error: 0.19232259417751463
variance: 0.000879552351453969
pearson: 0.0967878643913609
p-valu: 1.9036037671480717e-201

AL interation 362/4801.

mae: 0.038543031252685336
max_error: 0.1975874126075925
variance: 0.0008813077713106808
pearson: 0.0946826021625162
p-valu: 7.920104698324195e-193

AL interation 363/4801.

mae: 0.03841476940313503
max_error: 0.19856277585879267
variance: 0.0008721469050999707
pearson: 0.07101129423244958
p-valu: 3.9387977155533746e-109

AL interation 364/4801.

mae: 0.03931422512382566
max_error: 0.20622472075612874
variance: 0.0008907447853937704
pearson: 0.10621932318501237
p-valu: 2.057932925349935e-242

AL interation 365/4801.

mae: 0.03935870613778343
max_error: 0.2044724173704
variance: 0.0009064715671276795
pearson: 0.07486093768775201
p-valu: 4.267003782077301e-121

AL interation 366/4801.

mae: 0.03935954674439826
max_error: 0.20453678343276094
variance: 0.0009063654200013957
pearson: 0.28669833915582715
p-valu: 0.0

AL interation 367/4801.

mae: 0.039023443103926685
max_error: 0.20197051551278689
variance: 0.0008959843975484289
pearson: 0.15360325739931854
p-valu: 0.0

AL interation 368/4801.

mae: 0.038976717345976526
max_error: 0.20254912407492354
variance: 0.0008966186803163332
pearson: 0.1365483904648785
p-valu: 0.0

AL interation 369/4801.

mae: 0.03891876290613945
max_error: 0.20266590607045343
variance: 0.0008835394020094793
pearson: 0.28776951738301454
p-valu: 0.0

AL interation 370/4801.

mae: 0.038416444156914906
max_error: 0.17267143990668243
variance: 0.0008652974689763016
pearson: 0.28362236832845517
p-valu: 0.0

AL interation 371/4801.

mae: 0.0384273511955787
max_error: 0.1726498985319469
variance: 0.0008662297694753704
pearson: 0.05612652199205416
p-valu: 8.062688694016262e-69

AL interation 372/4801.

mae: 0.03835968673054538
max_error: 0.17255848473016355
variance: 0.0008632743371961713
pearson: 0.25563168006970477
p-valu: 0.0

AL interation 373/4801.

mae: 0.03829533805168215
max_error: 0.1768283459170763
variance: 0.0008652254702875677
pearson: 0.09215470118032544
p-valu: 1.0277357938055505e-182

AL interation 374/4801.

mae: 0.038058878882763096
max_error: 0.17956690215598625
variance: 0.0008565345452160715
pearson: 0.21207517625472844
p-valu: 0.0

AL interation 375/4801.

mae: 0.03802506199515916
max_error: 0.17787880899342978
variance: 0.0008556154656303188
pearson: 0.22253980580510035
p-valu: 0.0

AL interation 376/4801.

mae: 0.03804063366243478
max_error: 0.17813228004453974
variance: 0.0008570775898729752
pearson: 0.08308124653106762
p-valu: 9.109454976888834e-149

AL interation 377/4801.

mae: 0.03802800023130491
max_error: 0.1780331943702751
variance: 0.0008563261138197069
pearson: 0.2295277017534103
p-valu: 0.0

AL interation 378/4801.

mae: 0.03803576583375646
max_error: 0.17749957833823116
variance: 0.0008561179521140243
pearson: 0.15960350219797026
p-valu: 0.0

AL interation 379/4801.

mae: 0.03804234235823439
max_error: 0.17707820373400152
variance: 0.0008523751158384078
pearson: 0.08649175833828017
p-valu: 4.2053741873053136e-161

AL interation 380/4801.

mae: 0.03814064470720729
max_error: 0.1721772832163171
variance: 0.0008531738702595383
pearson: 0.06817164074230463
p-valu: 1.0793452872755307e-100

AL interation 381/4801.

mae: 0.03813969150313054
max_error: 0.17195145350544605
variance: 0.0008529664976229748
pearson: 0.24551343539356157
p-valu: 0.0

AL interation 382/4801.

mae: 0.03780824043457339
max_error: 0.1738364968625521
variance: 0.000836971899849181
pearson: 0.23773532304626105
p-valu: 0.0

AL interation 383/4801.

mae: 0.03764703166831878
max_error: 0.17118139391024867
variance: 0.000833927748641996
pearson: 0.2258459488718838
p-valu: 0.0

AL interation 384/4801.

mae: 0.03765410537058262
max_error: 0.17335143060356328
variance: 0.0008347697889473281
pearson: 0.09419330135036685
p-valu: 8.251887852739487e-191

AL interation 385/4801.

mae: 0.03772414697111764
max_error: 0.1764357418144047
variance: 0.000839511332715066
pearson: 0.10830261824244487
p-valu: 6.212075904411791e-252

AL interation 386/4801.

mae: 0.0377332933675516
max_error: 0.1767057400413452
variance: 0.0008414275204769761
pearson: 0.29754062107140283
p-valu: 0.0

AL interation 387/4801.

mae: 0.037795041868290954
max_error: 0.1780785432003742
variance: 0.0008427973606351651
pearson: 0.1286851628494933
p-valu: 0.0

AL interation 388/4801.

mae: 0.03765462571681897
max_error: 0.17405373743187935
variance: 0.0008313108774656337
pearson: 0.0858743837078214
p-valu: 8.116309210611457e-159

AL interation 389/4801.

mae: 0.037640973706842044
max_error: 0.1748434521252622
variance: 0.0008304948553635123
pearson: 0.05870501260868102
p-valu: 4.128313992625996e-75

AL interation 390/4801.

mae: 0.03765848412161188
max_error: 0.17608165336807557
variance: 0.000831490124370103
pearson: 0.08519270888238098
p-valu: 2.516363520218679e-156

AL interation 391/4801.

mae: 0.037689333323911514
max_error: 0.17354670907136294
variance: 0.000833178420885814
pearson: 0.15715094275486546
p-valu: 0.0

AL interation 392/4801.

mae: 0.03772430789643856
max_error: 0.17287707290435916
variance: 0.0008345353336156443
pearson: 0.08067842160423969
p-valu: 2.3729049025116274e-140

AL interation 393/4801.

mae: 0.03772268174032853
max_error: 0.17284335522183225
variance: 0.0008339927433806384
pearson: 0.24088687681365428
p-valu: 0.0

AL interation 394/4801.

mae: 0.037669113964343096
max_error: 0.1733496277758806
variance: 0.0008317985043658181
pearson: 0.26681582884284905
p-valu: 0.0

AL interation 395/4801.

mae: 0.03759655097817227
max_error: 0.17226500757553564
variance: 0.0008263715823505351
pearson: 0.1910222164931607
p-valu: 0.0

AL interation 396/4801.

mae: 0.037597090659982825
max_error: 0.17226829979174196
variance: 0.000826369203851587
pearson: 0.22969147658359715
p-valu: 0.0

AL interation 397/4801.

mae: 0.037525611054386364
max_error: 0.17127693220411144
variance: 0.0008257044300940318
pearson: 0.23445209560353517
p-valu: 0.0

AL interation 398/4801.

mae: 0.037491576668994955
max_error: 0.1712001625275863
variance: 0.0008257278322073831
pearson: 0.09451078894019639
p-valu: 4.610066057199491e-192

AL interation 399/4801.

mae: 0.037500826043041204
max_error: 0.17000252597992782
variance: 0.0008248422522096941
pearson: 0.12722664579498622
p-valu: 0.0

AL interation 400/4801.

mae: 0.037500045171919544
max_error: 0.17002451619211767
variance: 0.0008248385460465189
pearson: 0.08087114736507221
p-valu: 5.281942686868089e-141

AL interation 401/4801.

mae: 0.03751755142231817
max_error: 0.17088406900822717
variance: 0.0008262603291259572
pearson: 0.2713688503284065
p-valu: 0.0

AL interation 402/4801.

mae: 0.037489716445389565
max_error: 0.16856602780191876
variance: 0.0008220056760242818
pearson: 0.29656249313003813
p-valu: 0.0

AL interation 403/4801.

mae: 0.03750664276757797
max_error: 0.16763668803307352
variance: 0.0008230629799155094
pearson: 0.1868173316295861
p-valu: 0.0

AL interation 404/4801.

mae: 0.03749939473036656
max_error: 0.1676690091792099
variance: 0.000822904546791121
pearson: 0.14986569276224818
p-valu: 0.0

AL interation 405/4801.

mae: 0.037329531165138756
max_error: 0.1642119063837728
variance: 0.0008207540911899572
pearson: 0.18826198190159227
p-valu: 0.0

AL interation 406/4801.

mae: 0.037440627169577426
max_error: 0.16157356747519058
variance: 0.0008159562727622313
pearson: 0.1752143139055495
p-valu: 0.0

AL interation 407/4801.

mae: 0.03744223807453977
max_error: 0.1624525102181198
variance: 0.000816365351675871
pearson: 0.07360249775598932
p-valu: 4.590561591678368e-117

AL interation 408/4801.

mae: 0.0433645067072646
max_error: 0.19898920153997546
variance: 0.0011458093363393475
pearson: 0.18479062279238453
p-valu: 0.0

AL interation 409/4801.

mae: 0.04324119221036287
max_error: 0.19842854854329284
variance: 0.0011386871437523032
pearson: 0.20800126694546792
p-valu: 0.0

AL interation 410/4801.

mae: 0.04305368453173748
max_error: 0.19682352437581807
variance: 0.0011238072998120089
pearson: 0.11369263175259255
p-valu: 1.6451490003687157e-277

AL interation 411/4801.

mae: 0.04304272861642664
max_error: 0.19687771610761917
variance: 0.0011158084645921265
pearson: 0.2530363372536201
p-valu: 0.0

AL interation 412/4801.

mae: 0.04267910431139022
max_error: 0.19187199123649856
variance: 0.0010719951102160538
pearson: 0.15223654915020696
p-valu: 0.0

AL interation 413/4801.

mae: 0.04261026067041215
max_error: 0.19416067977369034
variance: 0.0010707339802794667
pearson: 0.15511052802944125
p-valu: 0.0

AL interation 414/4801.

mae: 0.042575663565561216
max_error: 0.19273629289461036
variance: 0.0010695443397239315
pearson: 0.07281694801986044
p-valu: 1.3187789105186086e-114

AL interation 415/4801.

mae: 0.04257373205477167
max_error: 0.1927300802145191
variance: 0.001069369666301086
pearson: 0.19216674721717203
p-valu: 0.0

AL interation 416/4801.

mae: 0.042450986511509824
max_error: 0.19176083433018443
variance: 0.0010669836909805736
pearson: 0.1727538088447227
p-valu: 0.0

AL interation 417/4801.

mae: 0.0423331190839664
max_error: 0.19011626951402372
variance: 0.0010563641648896269
pearson: 0.1767282157384183
p-valu: 0.0

AL interation 418/4801.

mae: 0.042329919522509626
max_error: 0.1901323443271985
variance: 0.00105625835753601
pearson: 0.135132618103882
p-valu: 0.0

AL interation 419/4801.

mae: 0.042268399372382366
max_error: 0.19224628760645368
variance: 0.0010527504606826557
pearson: 0.17388395382934296
p-valu: 0.0

AL interation 420/4801.

mae: 0.04227538717094866
max_error: 0.19293247888350828
variance: 0.0010520591028232557
pearson: 0.14697839863440612
p-valu: 0.0

AL interation 421/4801.

mae: 0.04207629046195403
max_error: 0.19150274325335426
variance: 0.001048907290085697
pearson: 0.18857669518095244
p-valu: 0.0

AL interation 422/4801.

mae: 0.042091011084757116
max_error: 0.19130773555667924
variance: 0.001048800639394546
pearson: 0.1910939999378232
p-valu: 0.0

AL interation 423/4801.

mae: 0.042050404791229144
max_error: 0.19066147560812619
variance: 0.0010471971917551531
pearson: 0.19105214600330844
p-valu: 0.0

AL interation 424/4801.

mae: 0.04203334288176556
max_error: 0.19609866030993084
variance: 0.0010505477600489845
pearson: 0.2766584131857692
p-valu: 0.0

AL interation 425/4801.

mae: 0.04199749104479875
max_error: 0.19701020092913035
variance: 0.0010483041466558204
pearson: 0.1910465332146876
p-valu: 0.0

AL interation 426/4801.

mae: 0.04191468470559811
max_error: 0.19771276759826373
variance: 0.0010462131881548691
pearson: 0.20131365877831467
p-valu: 0.0

AL interation 427/4801.

mae: 0.04144972055075673
max_error: 0.18741462758595384
variance: 0.001015517927164449
pearson: 0.1515966540215474
p-valu: 0.0

AL interation 428/4801.

mae: 0.041448649655912446
max_error: 0.18719675354083387
variance: 0.00101484603346103
pearson: 0.08827018920064732
p-valu: 1.182891168768397e-167

AL interation 429/4801.

mae: 0.04132339036999081
max_error: 0.18826788282427964
variance: 0.0010136268846623875
pearson: 0.005695720733404889
p-valu: 0.07551841687121313

AL interation 430/4801.

mae: 0.04132714378520704
max_error: 0.18825971202028535
variance: 0.0010140048766035363
pearson: 0.10888257272412276
p-valu: 1.6270127509233833e-254

AL interation 431/4801.

mae: 0.041248118358167205
max_error: 0.18658046800379902
variance: 0.0010062630847038339
pearson: 0.05025643608516577
p-valu: 1.7227998966491298e-55

AL interation 432/4801.

mae: 0.041176702244984376
max_error: 0.18676511835662035
variance: 0.0010010864914469827
pearson: 0.08818846710361834
p-valu: 2.440235788319764e-167

AL interation 433/4801.

mae: 0.04117671011929128
max_error: 0.18677724369814763
variance: 0.0010010408609108787
pearson: 0.0961988153628699
p-valu: 7.170996459163601e-199

AL interation 434/4801.

mae: 0.041157137818707425
max_error: 0.18690544491807026
variance: 0.0010006856813970348
pearson: 0.11969437618499897
p-valu: 1.7296723315973779e-307

AL interation 435/4801.

mae: 0.041162856525745896
max_error: 0.18659850564478342
variance: 0.0010006624332376318
pearson: 0.18230849417670705
p-valu: 0.0

AL interation 436/4801.

mae: 0.04112499237705562
max_error: 0.18774195399970717
variance: 0.000998848388273988
pearson: 0.16972048728729747
p-valu: 0.0

AL interation 437/4801.

mae: 0.0461222368874889
max_error: 0.3068221557902624
variance: 0.0014009372885004534
pearson: 0.06976742433295073
p-valu: 2.5407845102216243e-105

AL interation 438/4801.

mae: 0.04607790565267115
max_error: 0.307094490983848
variance: 0.0014024505019444677
pearson: 0.0730554631671548
p-valu: 2.552779201797504e-115

AL interation 439/4801.

mae: 0.04606380325666595
max_error: 0.3060561684785106
variance: 0.0013990363598815237
pearson: 0.2672800660996074
p-valu: 0.0

AL interation 440/4801.

mae: 0.04607028853429221
max_error: 0.3104825568177083
variance: 0.001403859274879943
pearson: 0.03454686443953062
p-valu: 4.160162912825098e-27

AL interation 441/4801.

mae: 0.046048572497356006
max_error: 0.3108740837184931
variance: 0.0014031351019039798
pearson: 0.2963520825090493
p-valu: 0.0

AL interation 442/4801.

mae: 0.04537329534472574
max_error: 0.2747670725267062
variance: 0.0013254776287226519
pearson: 0.23265714031415718
p-valu: 0.0

AL interation 443/4801.

mae: 0.04520204369047631
max_error: 0.26926967756397513
variance: 0.0013166026520516462
pearson: 0.11548449240838882
p-valu: 3.2051372570767966e-286

AL interation 444/4801.

mae: 0.04522142553046979
max_error: 0.26931319545936727
variance: 0.0013173061913758866
pearson: 0.23959834114535608
p-valu: 0.0

AL interation 445/4801.

mae: 0.04542355419419225
max_error: 0.2699887716745115
variance: 0.0013266636975080674
pearson: 0.2606574509786645
p-valu: 0.0

AL interation 446/4801.

mae: 0.04499184891082573
max_error: 0.2699397689949228
variance: 0.0013126346050940207
pearson: 0.2023405545583444
p-valu: 0.0

AL interation 447/4801.

mae: 0.04500457637638381
max_error: 0.2843388774536697
variance: 0.001308427558963654
pearson: 0.1652475952600046
p-valu: 0.0

AL interation 448/4801.

mae: 0.04490758901177031
max_error: 0.28630712188267804
variance: 0.0013057467217015405
pearson: 0.03731885799612297
p-valu: 2.3526648405149176e-31

AL interation 449/4801.

mae: 0.04491968405620256
max_error: 0.28866653752000726
variance: 0.0013099329190959198
pearson: 0.18471416048865746
p-valu: 0.0

AL interation 450/4801.

mae: 0.04492492484229071
max_error: 0.2880335735108792
variance: 0.0013107363326485574
pearson: 0.2736826644671227
p-valu: 0.0

AL interation 451/4801.

mae: 0.044206393725757194
max_error: 0.22783978004445737
variance: 0.0012426302062681716
pearson: 0.17591041915362535
p-valu: 0.0

AL interation 452/4801.

mae: 0.04403734648087781
max_error: 0.22551400151869117
variance: 0.0012280088087848059
pearson: 0.13855070160381106
p-valu: 0.0

AL interation 453/4801.

mae: 0.044027988084574796
max_error: 0.22544900251778666
variance: 0.0012274373861549215
pearson: 0.1711791821724494
p-valu: 0.0

AL interation 454/4801.

mae: 0.04402684901951045
max_error: 0.22573945257508554
variance: 0.0012271523239844372
pearson: 0.20352767769970556
p-valu: 0.0

AL interation 455/4801.

mae: 0.04379143235780652
max_error: 0.22292899674730093
variance: 0.0012086916574687836
pearson: 0.07363900035044693
p-valu: 4.019281541953221e-117

AL interation 456/4801.

mae: 0.04367184306511561
max_error: 0.22397584520222802
variance: 0.001204703365096585
pearson: 0.19803265306017673
p-valu: 0.0

AL interation 457/4801.

mae: 0.043717142471950694
max_error: 0.23167789467043542
variance: 0.0012120856699612778
pearson: 0.05864078105551391
p-valu: 6.718009224434688e-75

AL interation 458/4801.

mae: 0.04365582615940154
max_error: 0.23164791988966238
variance: 0.0012087612979544535
pearson: 0.27032479457399
p-valu: 0.0

AL interation 459/4801.

mae: 0.043517160670132726
max_error: 0.23361095175169533
variance: 0.0012020461896388452
pearson: 0.1446359055841394
p-valu: 0.0

AL interation 460/4801.

mae: 0.04357047341376024
max_error: 0.23369687858103783
variance: 0.0012034533616487025
pearson: 0.2577882365133308
p-valu: 0.0

AL interation 461/4801.

mae: 0.043571028914785676
max_error: 0.23343870341232753
variance: 0.0012032947451049638
pearson: 0.1337490798736267
p-valu: 0.0

AL interation 462/4801.

mae: 0.043537226388765164
max_error: 0.23303580178144978
variance: 0.0012013611659270269
pearson: 0.24969651676568488
p-valu: 0.0

AL interation 463/4801.

mae: 0.043201815135481
max_error: 0.21928820879184707
variance: 0.0011799753036950335
pearson: 0.1379312597487816
p-valu: 0.0

AL interation 464/4801.

mae: 0.0427913902500415
max_error: 0.21751965558979203
variance: 0.0011649269172190188
pearson: 0.1192763657976039
p-valu: 2.988381809821036e-305

AL interation 465/4801.

mae: 0.04278990488245341
max_error: 0.21744117088456472
variance: 0.001164733349037231
pearson: 0.15415505362919152
p-valu: 0.0

AL interation 466/4801.

mae: 0.04282630175520772
max_error: 0.2175336527150713
variance: 0.0011654907390227548
pearson: 0.29041115105852616
p-valu: 0.0

AL interation 467/4801.

mae: 0.04260703076002379
max_error: 0.2196535403819284
variance: 0.0011507336898617432
pearson: 0.1783937420882608
p-valu: 0.0

AL interation 468/4801.

mae: 0.04267352183038064
max_error: 0.2202443493050006
variance: 0.0011549021049852366
pearson: 0.1792917150920167
p-valu: 0.0

AL interation 469/4801.

mae: 0.0426767897982626
max_error: 0.2203385793844128
variance: 0.0011568547969516062
pearson: 0.11399826261571773
p-valu: 7.794563138586451e-279

AL interation 470/4801.

mae: 0.04261981884328724
max_error: 0.22045511758261194
variance: 0.0011450033605002739
pearson: 0.21099838666957332
p-valu: 0.0

AL interation 471/4801.

mae: 0.04261985267680756
max_error: 0.22045586373570325
variance: 0.0011450475684097352
pearson: 0.2103457061257264
p-valu: 0.0

AL interation 472/4801.

mae: 0.04254866302079918
max_error: 0.22045041024176237
variance: 0.0011430200806633083
pearson: 0.2685637023003241
p-valu: 0.0

AL interation 473/4801.

mae: 0.04252511381670131
max_error: 0.22051480671944512
variance: 0.0011427346188514333
pearson: 0.1288453749484146
p-valu: 0.0

AL interation 474/4801.

mae: 0.04240363624611057
max_error: 0.21816557747006948
variance: 0.0011363284781130659
pearson: 0.1478933622179036
p-valu: 0.0

AL interation 475/4801.

mae: 0.04239312370129491
max_error: 0.21845413513875167
variance: 0.001135869693103176
pearson: 0.1824957624617325
p-valu: 0.0

AL interation 476/4801.

mae: 0.04203359642846207
max_error: 0.2174696945119714
variance: 0.0011192218221739417
pearson: 0.0988771166757298
p-valu: 6.067395888760984e-210

AL interation 477/4801.

mae: 0.04156898849157131
max_error: 0.21801647831744697
variance: 0.001100128428938334
pearson: 0.1411938647388194
p-valu: 0.0

AL interation 478/4801.

mae: 0.04153702853408548
max_error: 0.21743082759786114
variance: 0.0010935300704686339
pearson: 0.2917096088109632
p-valu: 0.0

AL interation 479/4801.

mae: 0.04127087691172531
max_error: 0.21574589849552206
variance: 0.00108145662278753
pearson: 0.1816200011186076
p-valu: 0.0

AL interation 480/4801.

mae: 0.04113664698646045
max_error: 0.21407526555486323
variance: 0.0010640690674890293
pearson: 0.16677117448067258
p-valu: 0.0

AL interation 481/4801.

mae: 0.041134083048560394
max_error: 0.21418045143655684
variance: 0.0010641566951236144
pearson: 0.11465664094797048
p-valu: 5.012045579389678e-282

AL interation 482/4801.

mae: 0.04105764134454367
max_error: 0.21178461980599161
variance: 0.0010593418779405975
pearson: 0.060202071088811614
p-valu: 7.939047631900591e-79

AL interation 483/4801.

mae: 0.04083890485349218
max_error: 0.2089432336950332
variance: 0.0010516383605191802
pearson: 0.15263658978957972
p-valu: 0.0

AL interation 484/4801.

mae: 0.040847603084974794
max_error: 0.2111172523262277
variance: 0.0010501934669123493
pearson: 0.05174659802513607
p-valu: 1.0776597473547691e-58

AL interation 485/4801.

mae: 0.04085483583130451
max_error: 0.2109983259695647
variance: 0.0010503666333093078
pearson: 0.3416947468320034
p-valu: 0.0

AL interation 486/4801.

mae: 0.0407287138200938
max_error: 0.21298994749013866
variance: 0.0010470817194897608
pearson: 0.19199908124081744
p-valu: 0.0

AL interation 487/4801.

mae: 0.040662231187261796
max_error: 0.21212649732188504
variance: 0.0010421982108539058
pearson: 0.2871873695836964
p-valu: 0.0

AL interation 488/4801.

mae: 0.04061486836571157
max_error: 0.2113106218046661
variance: 0.0010380466890507656
pearson: 0.17426571569584942
p-valu: 0.0

AL interation 489/4801.

mae: 0.04057166493461847
max_error: 0.21360480957815975
variance: 0.0010168829578650835
pearson: 0.03245704012529172
p-valu: 4.175295739061286e-24

AL interation 490/4801.

mae: 0.040574482821829565
max_error: 0.21371605726204956
variance: 0.0010174648435250864
pearson: 0.06428703611115526
p-valu: 1.2316656149298913e-89

AL interation 491/4801.

mae: 0.04051161957707301
max_error: 0.21499931050135723
variance: 0.0010118816050153393
pearson: 0.10685014638586805
p-valu: 5.6415664197017666e-245

AL interation 492/4801.

mae: 0.040394514939603623
max_error: 0.21332484820419717
variance: 0.001001892621721267
pearson: 0.18927684650628102
p-valu: 0.0

AL interation 493/4801.

mae: 0.0403573955043806
max_error: 0.21337656318252352
variance: 0.000990909737870161
pearson: 0.13138834098935495
p-valu: 0.0

AL interation 494/4801.

mae: 0.04032264273529252
max_error: 0.21357505593556647
variance: 0.0009935036420597573
pearson: 0.17928571676531596
p-valu: 0.0

AL interation 495/4801.

mae: 0.04032500885544785
max_error: 0.2135613619266814
variance: 0.0009936506476861293
pearson: 0.18350984938079679
p-valu: 0.0

AL interation 496/4801.

mae: 0.040327048104650993
max_error: 0.21586757247865984
variance: 0.000992942910962862
pearson: 0.19610013968638962
p-valu: 0.0

AL interation 497/4801.

mae: 0.04008103809767678
max_error: 0.21408223775148594
variance: 0.0009855408561004636
pearson: 0.19357007199779486
p-valu: 0.0

AL interation 498/4801.

mae: 0.04006159711155289
max_error: 0.21339577739132887
variance: 0.0009870733841771354
pearson: 0.12559971914462734
p-valu: 0.0

AL interation 499/4801.

mae: 0.04004298478833427
max_error: 0.21389594276303336
variance: 0.0009859883835440782
pearson: 0.16777653074651638
p-valu: 0.0

AL interation 500/4801.

mae: 0.03987203710265817
max_error: 0.21673211107196488
variance: 0.0009901674617558175
pearson: 0.20494055191279906
p-valu: 0.0

AL interation 501/4801.

mae: 0.03969605010321796
max_error: 0.21767220028238166
variance: 0.0009804133722681962
pearson: 0.05008968100830248
p-valu: 4.272575780490285e-55

AL interation 502/4801.

mae: 0.03969254667731512
max_error: 0.21719713492899695
variance: 0.0009791686541889945
pearson: 0.10668944308576005
p-valu: 3.257534104907236e-244

AL interation 503/4801.

mae: 0.03944089775860212
max_error: 0.21670314601402874
variance: 0.0009602024975889875
pearson: 0.22023720707072522
p-valu: 0.0

AL interation 504/4801.

mae: 0.03944102244444903
max_error: 0.21670517429999103
variance: 0.0009601829262575484
pearson: 0.1477090743865298
p-valu: 0.0

AL interation 505/4801.

mae: 0.039439407388870064
max_error: 0.21635223180243424
variance: 0.0009621887616303831
pearson: 0.17854078208574187
p-valu: 0.0

AL interation 506/4801.

mae: 0.039411541057935255
max_error: 0.216217760111308
variance: 0.0009628392090505433
pearson: 0.09307350750395552
p-valu: 4.2418939158748256e-186

AL interation 507/4801.

mae: 0.039404532290757334
max_error: 0.2162784251850689
variance: 0.0009631088931578234
pearson: 0.07410331334775205
p-valu: 1.6059884152045705e-118

AL interation 508/4801.

mae: 0.03940215592561684
max_error: 0.21625301455975654
variance: 0.0009632036434235113
pearson: 0.19860466228336573
p-valu: 0.0

AL interation 509/4801.

mae: 0.03918880147903592
max_error: 0.21261263261300423
variance: 0.0009485916050686952
pearson: 0.09339141903312868
p-valu: 2.335812195029664e-187

AL interation 510/4801.

mae: 0.03919365142755119
max_error: 0.20827674750040837
variance: 0.0009410604905895899
pearson: 0.10439535976506603
p-valu: 7.71909426589814e-234

AL interation 511/4801.

mae: 0.0390896024303129
max_error: 0.20878875235945538
variance: 0.0009392780394207541
pearson: 0.15221769985911326
p-valu: 0.0

AL interation 512/4801.

mae: 0.039054211925714385
max_error: 0.20713198799427568
variance: 0.0009346196176884319
pearson: 0.07000905333748828
p-valu: 5.835969793623657e-106

AL interation 513/4801.

mae: 0.03905392753537925
max_error: 0.207057566207427
variance: 0.0009345316660576464
pearson: 0.2192616314382649
p-valu: 0.0

AL interation 514/4801.

mae: 0.03868935325280874
max_error: 0.18758691699810237
variance: 0.0009187499042666803
pearson: 0.06731592074432212
p-valu: 4.3148898836616487e-98

AL interation 515/4801.

mae: 0.03866229478568057
max_error: 0.18833850090123372
variance: 0.0009160152743884922
pearson: 0.14352808430863884
p-valu: 0.0

AL interation 516/4801.

mae: 0.03864488487761695
max_error: 0.18840818674362447
variance: 0.0009155814338001498
pearson: 0.15773139665396455
p-valu: 0.0

AL interation 517/4801.

mae: 0.03865181852944653
max_error: 0.18838368596225985
variance: 0.0009164489696043946
pearson: 0.14832879058631945
p-valu: 0.0

AL interation 518/4801.

mae: 0.038675240390451934
max_error: 0.18827515684352614
variance: 0.0009174398476238055
pearson: 0.10399837335212886
p-valu: 4.731930512692514e-232

AL interation 519/4801.

mae: 0.03874611527107062
max_error: 0.18914683480289307
variance: 0.0009154886701817849
pearson: 0.11223074820965818
p-valu: 3.952178071547435e-270

AL interation 520/4801.

mae: 0.03879528054059384
max_error: 0.18847589638135753
variance: 0.0009160976366203703
pearson: 0.16899332880243395
p-valu: 0.0

AL interation 521/4801.

mae: 0.038766494681268554
max_error: 0.18987313798680328
variance: 0.0009165868773624325
pearson: 0.08930948109487369
p-valu: 1.9796481091283336e-171

AL interation 522/4801.

mae: 0.03876651981569556
max_error: 0.189866750045264
variance: 0.0009165910311024334
pearson: 0.028797062558912137
p-valu: 2.625627790971844e-19

AL interation 523/4801.

mae: 0.03876445714907813
max_error: 0.19013818116473624
variance: 0.0009164190627356686
pearson: 0.20783743243426506
p-valu: 0.0

AL interation 524/4801.

mae: 0.03886011943002022
max_error: 0.1906778157197615
variance: 0.000920936766480312
pearson: 0.11977260542118645
p-valu: 1.313536463544174e-307

AL interation 525/4801.

mae: 0.03884832600390978
max_error: 0.18969226717200138
variance: 0.0009201179047666607
pearson: 0.10577483350298011
p-valu: 5.312202246325071e-240

AL interation 526/4801.

mae: 0.03891797492110807
max_error: 0.18930453496141775
variance: 0.0009226444341569466
pearson: 0.32907658937107115
p-valu: 0.0

AL interation 527/4801.

mae: 0.03888605770862928
max_error: 0.18877931820025617
variance: 0.0009222559145429013
pearson: 0.13367419458241783
p-valu: 0.0

AL interation 528/4801.

mae: 0.038876087426949944
max_error: 0.1888312938288501
variance: 0.0009220262647172508
pearson: 0.07120587226385748
p-valu: 1.5424586102118827e-109

AL interation 529/4801.

mae: 0.038808742434024
max_error: 0.18685163808259597
variance: 0.0009174887614096103
pearson: 0.24251339328986116
p-valu: 0.0

AL interation 530/4801.

mae: 0.03835439792115531
max_error: 0.18288993103015594
variance: 0.000907160868573195
pearson: 0.0396242100469121
p-valu: 4.1569031013195184e-35

AL interation 531/4801.

mae: 0.03836440776513946
max_error: 0.1811566959157127
variance: 0.0009056174797413553
pearson: 0.051448282767575335
p-valu: 5.18069735917885e-58

AL interation 532/4801.

mae: 0.03831799717010174
max_error: 0.18180283654583684
variance: 0.0009040934975809397
pearson: 0.15752633021270684
p-valu: 0.0

AL interation 533/4801.

mae: 0.03832696741116288
max_error: 0.18164588868676868
variance: 0.0009043431015450103
pearson: 0.07682850545869743
p-valu: 3.0486272320044586e-127

AL interation 534/4801.

mae: 0.0383254319609582
max_error: 0.1816412567403014
variance: 0.0009040299614312294
pearson: 0.12451543044022927
p-valu: 0.0

AL interation 535/4801.

mae: 0.03800245480616792
max_error: 0.18378931608259075
variance: 0.0008970487548226559
pearson: 0.1965053958529152
p-valu: 0.0

AL interation 536/4801.

mae: 0.038019978549484884
max_error: 0.1844495907151278
variance: 0.0008969426575520731
pearson: 0.11600046223521798
p-valu: 1.653608151389924e-288

AL interation 537/4801.

mae: 0.03800284402980193
max_error: 0.18430371298819148
variance: 0.0008965816681212591
pearson: 0.16223337742477426
p-valu: 0.0

AL interation 538/4801.

mae: 0.03799253857270563
max_error: 0.18458555650141273
variance: 0.0008974847303319251
pearson: 0.06507064562320904
p-valu: 9.521683319856427e-92

AL interation 539/4801.

mae: 0.03794908216978642
max_error: 0.18464820090303613
variance: 0.000897373629100611
pearson: 0.0966733157349903
p-valu: 1.3083581435077763e-200

AL interation 540/4801.

mae: 0.03790813438544238
max_error: 0.18533778276178703
variance: 0.0008938348648708071
pearson: 0.1434515393999809
p-valu: 0.0

AL interation 541/4801.

mae: 0.037886492335380086
max_error: 0.18640401270550422
variance: 0.0008917712936247346
pearson: 0.10633180682023269
p-valu: 1.7329354697615124e-242

AL interation 542/4801.

mae: 0.03788884853511983
max_error: 0.18665354979185134
variance: 0.0008896954716525067
pearson: 0.07890891550559363
p-valu: 3.9802782705593325e-134

AL interation 543/4801.

mae: 0.03787251822860647
max_error: 0.18636383805351864
variance: 0.0008885430398231005
pearson: 0.03634686874409333
p-valu: 8.433572312175932e-30

AL interation 544/4801.

mae: 0.03785768106368444
max_error: 0.18635271099065642
variance: 0.0008869623176089331
pearson: 0.07447755766385977
p-valu: 1.1669890880715903e-119

AL interation 545/4801.

mae: 0.037760650982969976
max_error: 0.18224755231204393
variance: 0.0008825603417047178
pearson: 0.03408888453824341
p-valu: 2.0743230501979074e-26

AL interation 546/4801.

mae: 0.03772035904783935
max_error: 0.18188868768703026
variance: 0.0008832146714804717
pearson: 0.17070126257933954
p-valu: 0.0

AL interation 547/4801.

mae: 0.037725499177315006
max_error: 0.18194141608801795
variance: 0.0008834538382236489
pearson: 0.1286807747840695
p-valu: 0.0

AL interation 548/4801.

mae: 0.03769875186225548
max_error: 0.18190172830764562
variance: 0.0008829902314869147
pearson: 0.10230887177616166
p-valu: 1.559124274089515e-224

AL interation 549/4801.

mae: 0.03774372644957711
max_error: 0.1803884274266303
variance: 0.0008788263912825612
pearson: 0.05423333753072866
p-valu: 2.945721133995794e-64

AL interation 550/4801.

mae: 0.03756302744322455
max_error: 0.181047665377998
variance: 0.0008774386163106256
pearson: 0.18466478879706757
p-valu: 0.0

AL interation 551/4801.

mae: 0.03736204441632277
max_error: 0.17742774696744812
variance: 0.0008656382867327361
pearson: 0.05970946018697261
p-valu: 1.620848488070286e-77

AL interation 552/4801.

mae: 0.03730312332611334
max_error: 0.1777918081541494
variance: 0.0008644400701468667
pearson: 0.25221198564458797
p-valu: 0.0

AL interation 553/4801.

mae: 0.037249842064144986
max_error: 0.176244126415265
variance: 0.0008599840798462303
pearson: 0.09332725863619983
p-valu: 5.10189581446384e-187

AL interation 554/4801.

mae: 0.03722168249938891
max_error: 0.17579654942601985
variance: 0.0008608676566768693
pearson: 0.06805571870215976
p-valu: 3.509973329536601e-100

AL interation 555/4801.

mae: 0.037195835497234694
max_error: 0.175565056529019
variance: 0.0008594022608537273
pearson: 0.19449615797474215
p-valu: 0.0

AL interation 556/4801.

mae: 0.03699358885414813
max_error: 0.17716660738261192
variance: 0.0008538632062341004
pearson: 0.07104385707041067
p-valu: 5.120239271251757e-109

AL interation 557/4801.

mae: 0.03699112029190631
max_error: 0.17467256479067794
variance: 0.0008541539551061932
pearson: 0.13685960974539246
p-valu: 0.0

AL interation 558/4801.

mae: 0.03699106118269343
max_error: 0.17467119665962594
variance: 0.0008541625990891344
pearson: 0.06698702676153129
p-valu: 4.1447766120555884e-97

AL interation 559/4801.

mae: 0.03700161286981146
max_error: 0.1729849369392571
variance: 0.0008535551857931421
pearson: 0.12204144831694752
p-valu: 2.90896e-319

AL interation 560/4801.

mae: 0.03701426991222796
max_error: 0.17148224424163994
variance: 0.0008516999297981031
pearson: 0.1487429553904081
p-valu: 0.0

AL interation 561/4801.

mae: 0.03697150579038138
max_error: 0.17690176133401758
variance: 0.0008531585504741136
pearson: 0.0985516038817398
p-valu: 2.1690335746749642e-208

AL interation 562/4801.

mae: 0.03688670445616131
max_error: 0.1787201952691313
variance: 0.0008422667656018771
pearson: 0.03455798139109474
p-valu: 4.311586001328215e-27

AL interation 563/4801.

mae: 0.03688696364772355
max_error: 0.17870202085469566
variance: 0.000842301197760616
pearson: 0.17976370790719295
p-valu: 0.0

AL interation 564/4801.

mae: 0.03691545920121633
max_error: 0.1814672172484344
variance: 0.0008430041469921509
pearson: 0.1304352966807268
p-valu: 0.0

AL interation 565/4801.

mae: 0.03668880007707794
max_error: 0.18002509624130392
variance: 0.000830835675924295
pearson: 0.08859516573895669
p-valu: 1.2056757638115345e-168

AL interation 566/4801.

mae: 0.03667142882847824
max_error: 0.17979331758106776
variance: 0.0008313861442015144
pearson: 0.15649548851835654
p-valu: 0.0

AL interation 567/4801.

mae: 0.03622446304417761
max_error: 0.18169762394682687
variance: 0.0008095098240868113
pearson: 0.05818176841014635
p-valu: 1.1199537464355751e-73

AL interation 568/4801.

mae: 0.03621437598819281
max_error: 0.18196393543694933
variance: 0.000806393130694596
pearson: 0.1397356774955567
p-valu: 0.0

AL interation 569/4801.

mae: 0.03604267550658594
max_error: 0.18237230654340886
variance: 0.0008015533812713653
pearson: 0.08902406682496244
p-valu: 2.9160397038383566e-170

AL interation 570/4801.

mae: 0.03604006656132431
max_error: 0.1824630139279244
variance: 0.0008014437931295935
pearson: 0.09559776514033182
p-valu: 3.905242273982663e-196

AL interation 571/4801.

mae: 0.036069830439936
max_error: 0.18258015617612466
variance: 0.0008023652336929415
pearson: 0.1801965053581597
p-valu: 0.0

AL interation 572/4801.

mae: 0.03604518331202681
max_error: 0.17355349834656186
variance: 0.000784777467421883
pearson: 0.2105993652970709
p-valu: 0.0

AL interation 573/4801.

mae: 0.03605089976126411
max_error: 0.17361425706371625
variance: 0.0007850561523147394
pearson: 0.05470745285832965
p-valu: 2.438618300142291e-65

AL interation 574/4801.

mae: 0.0360578072064486
max_error: 0.1735944677905059
variance: 0.0007863309664142718
pearson: 0.09636126336787942
p-valu: 2.973333511453977e-199

AL interation 575/4801.

mae: 0.03587382532334613
max_error: 0.1709206469033666
variance: 0.0007836270215358064
pearson: 0.06350713417402795
p-valu: 1.9282397117383811e-87

AL interation 576/4801.

mae: 0.035872879931460114
max_error: 0.17093722033427872
variance: 0.0007833236025488923
pearson: 0.11278928597984936
p-valu: 1.159704702005566e-272

AL interation 577/4801.

mae: 0.03581991104768902
max_error: 0.17004853897856043
variance: 0.0007829355305117729
pearson: 0.13261659607115137
p-valu: 0.0

AL interation 578/4801.

mae: 0.03583569324852149
max_error: 0.170855804256687
variance: 0.0007845676465602627
pearson: 0.07955903488747951
p-valu: 2.861557557756006e-136

AL interation 579/4801.

mae: 0.03583477633117093
max_error: 0.17013737030833687
variance: 0.0007841408984044412
pearson: 0.11787218183263781
p-valu: 9.307156272144807e-298

AL interation 580/4801.

mae: 0.03587526932145112
max_error: 0.16946673777533539
variance: 0.0007872327150423948
pearson: 0.14302812193149997
p-valu: 0.0

AL interation 581/4801.

mae: 0.035852397260352616
max_error: 0.16861646326009083
variance: 0.0007846564210385068
pearson: 0.07649969559521648
p-valu: 4.1530173783500095e-126

AL interation 582/4801.

mae: 0.03585650285904585
max_error: 0.16861562057078805
variance: 0.0007848309133898541
pearson: 0.1373059298988979
p-valu: 0.0

AL interation 583/4801.

mae: 0.035852167946586445
max_error: 0.1691915755895339
variance: 0.0007847915444543256
pearson: 0.10365299141476365
p-valu: 2.2940348019502114e-230

AL interation 584/4801.

mae: 0.03584000597546683
max_error: 0.16896617071523412
variance: 0.0007852711691373828
pearson: 0.0757291294172227
p-valu: 1.3098730751344667e-123

AL interation 585/4801.

mae: 0.03583426358963055
max_error: 0.1679144673716424
variance: 0.0007840769586714834
pearson: 0.11012391721705372
p-valu: 6.3050697211503945e-260

AL interation 586/4801.

mae: 0.03583149721041366
max_error: 0.16794015282897323
variance: 0.0007838251859066293
pearson: 0.003764498292759269
p-valu: 0.24050399086871055

AL interation 587/4801.

mae: 0.03581831954433608
max_error: 0.16782003078446683
variance: 0.0007819643780641937
pearson: 0.05367336502777843
p-valu: 5.988178191040096e-63

AL interation 588/4801.

mae: 0.0357772294475239
max_error: 0.16772811335863258
variance: 0.00078096422803653
pearson: 0.13985460739216987
p-valu: 0.0

AL interation 589/4801.

mae: 0.03580138163158273
max_error: 0.16776971716194344
variance: 0.0007796166426242384
pearson: 0.08700678245834774
p-valu: 1.1577872290764818e-162

AL interation 590/4801.

mae: 0.035801538714563416
max_error: 0.16769488137628974
variance: 0.0007796194526741996
pearson: 0.08945228103978405
p-valu: 7.462061328581705e-172

AL interation 591/4801.

mae: 0.03577318317254113
max_error: 0.16790780593003962
variance: 0.0007784820955704125
pearson: 0.05977547111904843
p-valu: 1.183839972714114e-77

AL interation 592/4801.

mae: 0.035773444039765095
max_error: 0.1679070274957981
variance: 0.0007784899687429056
pearson: 0.03417854543766138
p-valu: 1.5789691763384905e-26

AL interation 593/4801.

mae: 0.035701179817990224
max_error: 0.1661074465009138
variance: 0.0007755637111728527
pearson: 0.09856228055233307
p-valu: 2.2869244646705106e-208

AL interation 594/4801.

mae: 0.03563819562613812
max_error: 0.1667192415463865
variance: 0.0007750687037615189
pearson: 0.10730196877055063
p-valu: 8.72151941350548e-247

AL interation 595/4801.

mae: 0.03551151244985104
max_error: 0.1620130830930835
variance: 0.0007714986558891119
pearson: 0.10326948710089315
p-valu: 1.2119746084674472e-228

AL interation 596/4801.

mae: 0.03548494961655057
max_error: 0.16152605733344405
variance: 0.0007701450625609087
pearson: 0.1593601825476971
p-valu: 0.0

AL interation 597/4801.

mae: 0.03540800673761798
max_error: 0.1611081065336153
variance: 0.0007672075943237934
pearson: 0.0010987010604329146
p-valu: 0.7319429856269601

AL interation 598/4801.

mae: 0.03540297058193494
max_error: 0.16133506193153568
variance: 0.0007670126067208142
pearson: 0.1470058255519585
p-valu: 0.0

AL interation 599/4801.

mae: 0.03538946602441067
max_error: 0.1623310666167841
variance: 0.0007683684895247824
pearson: 0.10501751394812554
p-valu: 2.0729165701654908e-236

AL interation 600/4801.

mae: 0.035256449917179494
max_error: 0.16010360424905645
variance: 0.0007631434820822439
pearson: 0.13367605309007363
p-valu: 0.0

AL interation 601/4801.

mae: 0.03521420101125291
max_error: 0.1612425501693311
variance: 0.0007621174325068384
pearson: 0.2092810986540666
p-valu: 0.0

AL interation 602/4801.

mae: 0.035143387130240934
max_error: 0.1661525906584438
variance: 0.000761670500383592
pearson: 0.027778680117034483
p-valu: 4.635328129416787e-18

AL interation 603/4801.

mae: 0.035122061556355576
max_error: 0.16159652919867273
variance: 0.0007617063084524766
pearson: 0.16426274806408003
p-valu: 0.0

AL interation 604/4801.

mae: 0.03509780810007005
max_error: 0.1613159495249734
variance: 0.0007572930869685896
pearson: 0.03842474832740686
p-valu: 4.3270418562624335e-33

AL interation 605/4801.

mae: 0.035111956041627354
max_error: 0.1618065823110415
variance: 0.0007580667685495477
pearson: 0.029300892698582014
p-valu: 6.437316265344967e-20

AL interation 606/4801.

mae: 0.03511864610000029
max_error: 0.16202735095947407
variance: 0.0007607256452521665
pearson: 0.12266840892479945
p-valu: 2.08e-322

AL interation 607/4801.

mae: 0.03531707653346771
max_error: 0.1644138588669053
variance: 0.0007718797955926403
pearson: 0.15404946943408543
p-valu: 0.0

AL interation 608/4801.

mae: 0.03522547500113493
max_error: 0.1641123868720884
variance: 0.0007686836194284397
pearson: 0.21803400797675915
p-valu: 0.0

AL interation 609/4801.

mae: 0.03521392260869916
max_error: 0.1642818445565668
variance: 0.0007699854728290334
pearson: 0.2111075184843
p-valu: 0.0

AL interation 610/4801.

mae: 0.03520311255992244
max_error: 0.16451897738482746
variance: 0.0007696011755815367
pearson: 0.1262435196459558
p-valu: 0.0

AL interation 611/4801.

mae: 0.03516617902019509
max_error: 0.16576511809779237
variance: 0.000768987606960295
pearson: 0.10732962911347038
p-valu: 7.186523668447835e-247

AL interation 612/4801.

mae: 0.03516230074645293
max_error: 0.16581437790835896
variance: 0.0007703149008352529
pearson: 0.08819897702428937
p-valu: 4.5032276090294905e-167

AL interation 613/4801.

mae: 0.03517352263328078
max_error: 0.16616111585102278
variance: 0.0007708604244880446
pearson: 0.0974040285623686
p-valu: 1.750966868777416e-203

AL interation 614/4801.

mae: 0.03518262245465064
max_error: 0.16602811937712847
variance: 0.0007699526622427278
pearson: 0.17520033227354848
p-valu: 0.0

AL interation 615/4801.

mae: 0.03516879934458055
max_error: 0.16640736422612878
variance: 0.0007690697844452208
pearson: 0.2048354002661885
p-valu: 0.0

AL interation 616/4801.

mae: 0.034987917350584895
max_error: 0.16551006303865012
variance: 0.0007652892235212127
pearson: 0.1966795213005176
p-valu: 0.0

AL interation 617/4801.

mae: 0.03496746443552229
max_error: 0.16453573812890188
variance: 0.000763582542717653
pearson: 0.09591086656783629
p-valu: 2.5525913730704026e-197

AL interation 618/4801.

mae: 0.034810273047969666
max_error: 0.16592676399426143
variance: 0.0007615196402967873
pearson: 0.04128904222148136
p-valu: 6.081844036785306e-38

AL interation 619/4801.

mae: 0.034806344417745064
max_error: 0.16623614243797835
variance: 0.0007620990451216061
pearson: 0.15775068273045662
p-valu: 0.0

AL interation 620/4801.

mae: 0.03481480176294982
max_error: 0.16635708406505234
variance: 0.0007627887271075447
pearson: 0.190155289083207
p-valu: 0.0

AL interation 621/4801.

mae: 0.034731300248588226
max_error: 0.16339195803419404
variance: 0.0007574890718232523
pearson: 0.08311351015878854
p-valu: 1.6384289877555516e-148

AL interation 622/4801.

mae: 0.03470070556140627
max_error: 0.16389306749959776
variance: 0.0007534090433548315
pearson: 0.07619189291503409
p-valu: 4.6775307868639246e-125

AL interation 623/4801.

mae: 0.03468163131737043
max_error: 0.16339230202919186
variance: 0.0007527941956862443
pearson: 0.11141314037446647
p-valu: 6.219989834281287e-266

AL interation 624/4801.

mae: 0.03466088711753584
max_error: 0.1636206266365976
variance: 0.0007517850439738097
pearson: 0.08101422955160624
p-valu: 3.5457251008637895e-141

AL interation 625/4801.

mae: 0.0346551213373833
max_error: 0.16303333452372915
variance: 0.0007513466244711828
pearson: 0.06514493081243751
p-valu: 7.138320153740646e-92

AL interation 626/4801.

mae: 0.03465532165341633
max_error: 0.16318988116966882
variance: 0.0007527138227388247
pearson: 0.11302684470081735
p-valu: 1.1376339547074549e-273

AL interation 627/4801.

mae: 0.0346604905675077
max_error: 0.16330498493033208
variance: 0.0007526233465238524
pearson: 0.07072438951747687
p-valu: 5.6218766493856226e-108

AL interation 628/4801.

mae: 0.03464589824886584
max_error: 0.16305633523159901
variance: 0.0007511399141645938
pearson: 0.09059411145882475
p-valu: 3.634694075736151e-176

AL interation 629/4801.

mae: 0.034641046641886906
max_error: 0.16323929125354386
variance: 0.0007509947302369127
pearson: 0.18700468129534686
p-valu: 0.0

AL interation 630/4801.

mae: 0.0346448233552356
max_error: 0.1631695982698007
variance: 0.000751177105872604
pearson: 0.17148493337246135
p-valu: 0.0

AL interation 631/4801.

mae: 0.034598247871065864
max_error: 0.162915092181092
variance: 0.0007508027633157144
pearson: 0.10910863217295631
p-valu: 4.777658147834911e-255

AL interation 632/4801.

mae: 0.03456360386543194
max_error: 0.16298965074821314
variance: 0.0007508386576295879
pearson: 0.11717257088171126
p-valu: 4.474065474118991e-294

AL interation 633/4801.

mae: 0.03456366560143246
max_error: 0.16299416910493125
variance: 0.0007508147219224381
pearson: 0.12975352400438325
p-valu: 0.0

AL interation 634/4801.

mae: 0.034539575834163734
max_error: 0.1627416948196556
variance: 0.0007503922024436272
pearson: 0.12435501603767629
p-valu: 0.0

AL interation 635/4801.

mae: 0.03455204451640849
max_error: 0.1630974545604973
variance: 0.0007515143734492113
pearson: 0.1601439166884998
p-valu: 0.0

AL interation 636/4801.

mae: 0.0345444425735611
max_error: 0.16330113457882778
variance: 0.0007515041862338935
pearson: 0.10529306521099906
p-valu: 1.4732439051685793e-237

AL interation 637/4801.

mae: 0.03454649153591394
max_error: 0.16352380117308218
variance: 0.0007514773489618748
pearson: 0.18698684113845832
p-valu: 0.0

AL interation 638/4801.

mae: 0.034509343895710774
max_error: 0.16206270884486873
variance: 0.0007472563221794258
pearson: 0.15848264415957836
p-valu: 0.0

AL interation 639/4801.

mae: 0.03447969193267008
max_error: 0.16075370622064344
variance: 0.0007477916529218906
pearson: 0.07599431036078523
p-valu: 2.1417186496707664e-124

AL interation 640/4801.

mae: 0.03447006878516441
max_error: 0.16045214432966493
variance: 0.0007472290723367869
pearson: 0.1244712799674564
p-valu: 0.0

AL interation 641/4801.

mae: 0.03445154921865857
max_error: 0.16155608688648915
variance: 0.0007458804702618114
pearson: 0.06397857803672773
p-valu: 1.1664216688353332e-88

AL interation 642/4801.

mae: 0.03445411785686871
max_error: 0.16163961753710243
variance: 0.0007460313471970151
pearson: 0.09409596124441967
p-valu: 6.411927705491414e-190

AL interation 643/4801.

mae: 0.0344037251948269
max_error: 0.16140943504654803
variance: 0.0007468823953794968
pearson: 0.0822759331163823
p-valu: 1.5652502393490845e-145

AL interation 644/4801.

mae: 0.03434838592572124
max_error: 0.16053850913720868
variance: 0.0007422982977755845
pearson: 0.03154037651100106
p-valu: 8.083425617010801e-23

AL interation 645/4801.

mae: 0.0343739660024615
max_error: 0.1604348268825193
variance: 0.0007425057521341011
pearson: 0.09470166455172635
p-valu: 2.3758488118142378e-192

AL interation 646/4801.

mae: 0.03429693156595806
max_error: 0.16037474950400332
variance: 0.0007427540272435238
pearson: 0.08879947758180447
p-valu: 2.8076432609112353e-169

AL interation 647/4801.

mae: 0.03435774465902849
max_error: 0.16121198661613523
variance: 0.0007446504989124428
pearson: 0.21588293695106175
p-valu: 0.0

AL interation 648/4801.

mae: 0.034266811154978045
max_error: 0.16444631364646245
variance: 0.0007442096931583673
pearson: 0.0636685419115913
p-valu: 8.193939123862943e-88

AL interation 649/4801.

mae: 0.0342691652658639
max_error: 0.1642132280306301
variance: 0.0007443040566404032
pearson: 0.2449182876937875
p-valu: 0.0

AL interation 650/4801.

mae: 0.0342944370059478
max_error: 0.1645442539831352
variance: 0.0007451695967446728
pearson: 0.09660237804141225
p-valu: 4.3208651523940077e-200

AL interation 651/4801.

mae: 0.03432122538871035
max_error: 0.16500482312681886
variance: 0.0007463009117374898
pearson: 0.1327901807284557
p-valu: 0.0

AL interation 652/4801.

mae: 0.03419586253327151
max_error: 0.16714431456062773
variance: 0.0007385911103126023
pearson: 0.08338568320478543
p-valu: 1.9820686274281855e-149

AL interation 653/4801.

mae: 0.03418055878589916
max_error: 0.16824987239357103
variance: 0.0007396372994464904
pearson: 0.08395159073957247
p-valu: 1.9231092488322803e-151

AL interation 654/4801.

mae: 0.034134180310363985
max_error: 0.1667428721904658
variance: 0.0007356866754494525
pearson: 0.11846918581018068
p-valu: 1.5001397242811175e-300

AL interation 655/4801.

mae: 0.034085667197159025
max_error: 0.16759683838557482
variance: 0.0007357927969891701
pearson: 0.07807489291360231
p-valu: 3.443420826474019e-131

AL interation 656/4801.

mae: 0.03404974239669272
max_error: 0.16759441754691995
variance: 0.0007349900049017406
pearson: 0.11557035437111494
p-valu: 5.044970637681622e-286

AL interation 657/4801.

mae: 0.03406426445292834
max_error: 0.16751613572870117
variance: 0.0007351624890536185
pearson: 0.054648289797097425
p-valu: 3.7962388313032596e-65

AL interation 658/4801.

mae: 0.034068719009847426
max_error: 0.16751029004961726
variance: 0.0007352363400955847
pearson: 0.11253189090446179
p-valu: 3.4086377099157377e-271

AL interation 659/4801.

mae: 0.03407214452731776
max_error: 0.16855792856955265
variance: 0.0007371923905491393
pearson: 0.08380248203628492
p-valu: 6.689041266032561e-151

AL interation 660/4801.

mae: 0.034097597059187634
max_error: 0.16871887956113785
variance: 0.0007390355453655139
pearson: 0.17353133103420967
p-valu: 0.0

AL interation 661/4801.

mae: 0.034147498768348473
max_error: 0.16942895450477824
variance: 0.0007413497317213437
pearson: 0.05851059760840499
p-valu: 2.0139373839687503e-74

AL interation 662/4801.

mae: 0.03415571857670257
max_error: 0.16939925207662743
variance: 0.000741461846494157
pearson: 0.15975684287469755
p-valu: 0.0

AL interation 663/4801.

mae: 0.03416851336399471
max_error: 0.16835006365380156
variance: 0.0007414970885514673
pearson: 0.15185522284875388
p-valu: 0.0

AL interation 664/4801.

mae: 0.03418780408248864
max_error: 0.16839804399802194
variance: 0.0007409334952807112
pearson: 0.07874622168242945
p-valu: 2.04616957900885e-133

AL interation 665/4801.

mae: 0.034220825082040475
max_error: 0.1679863588989834
variance: 0.0007428197049868352
pearson: 0.16240858664026678
p-valu: 0.0

AL interation 666/4801.

mae: 0.03417378045926226
max_error: 0.16651437143951586
variance: 0.0007409291428237945
pearson: 0.10990118607217048
p-valu: 1.1525573854958727e-258

AL interation 667/4801.

mae: 0.03415246395936906
max_error: 0.16615835339274287
variance: 0.0007409412426936655
pearson: 0.09408594561587671
p-valu: 7.861008894143085e-190

AL interation 668/4801.

mae: 0.03415102226265576
max_error: 0.1660490103797061
variance: 0.0007407740200464
pearson: 0.08287253256384555
p-valu: 1.367804643848391e-147

AL interation 669/4801.

mae: 0.03415925973657346
max_error: 0.1658173217596728
variance: 0.0007382294937824144
pearson: 0.0328596368693538
p-valu: 1.264181998808252e-24

AL interation 670/4801.

mae: 0.034211769500716305
max_error: 0.16433227728742583
variance: 0.0007401164532229589
pearson: 0.0687206096937502
p-valu: 5.385551227211924e-102

AL interation 671/4801.

mae: 0.034238395399061886
max_error: 0.16528057802093787
variance: 0.0007420224250210713
pearson: 0.07583066863091724
p-valu: 7.925928883279084e-124

AL interation 672/4801.

mae: 0.03411989578809777
max_error: 0.16673325286052165
variance: 0.0007427851285610515
pearson: 0.05361856508296729
p-valu: 9.026841855968223e-63

AL interation 673/4801.

mae: 0.03411774755924634
max_error: 0.16654132220412254
variance: 0.0007430139973707682
pearson: 0.08545653476385393
p-valu: 7.78415864343086e-157

AL interation 674/4801.

mae: 0.03411586062814101
max_error: 0.1665762199786487
variance: 0.0007432616526716595
pearson: 0.05574147390850748
p-valu: 1.0691051442450153e-67

AL interation 675/4801.

mae: 0.03407172667735051
max_error: 0.1632399605640531
variance: 0.0007468640501309408
pearson: 0.1903429849369981
p-valu: 0.0

AL interation 676/4801.

mae: 0.034007038166187234
max_error: 0.1609779799769031
variance: 0.0007443918802603406
pearson: 0.09956663617993194
p-valu: 1.9619920672184502e-212

AL interation 677/4801.

mae: 0.0339951254208384
max_error: 0.16009334450177182
variance: 0.0007438112246837997
pearson: 0.17364660081663086
p-valu: 0.0

AL interation 678/4801.

mae: 0.0336842323096103
max_error: 0.16449132937969768
variance: 0.0007276904481776634
pearson: 0.11975336231013191
p-valu: 5.019633825089299e-307

AL interation 679/4801.

mae: 0.03369799218839606
max_error: 0.1641910641179125
variance: 0.0007280301046640368
pearson: 0.019477967348215015
p-valu: 1.2738668260197752e-09

AL interation 680/4801.

mae: 0.03363872369887035
max_error: 0.16297275895925356
variance: 0.0007254253218016833
pearson: 0.11066128008234578
p-valu: 3.285502383636795e-262

AL interation 681/4801.

mae: 0.03364322248361617
max_error: 0.16333720657661122
variance: 0.0007256219396358359
pearson: 0.05745313435578106
p-valu: 8.348948655150627e-72

AL interation 682/4801.

mae: 0.03359951663194781
max_error: 0.1633324094706241
variance: 0.0007237717681530841
pearson: 0.14939226130811423
p-valu: 0.0

AL interation 683/4801.

mae: 0.03358859551253684
max_error: 0.16298325208930198
variance: 0.000725426176095513
pearson: 0.04377993089617575
p-valu: 2.0251278600932046e-42

AL interation 684/4801.

mae: 0.03361840484736186
max_error: 0.1632968748264121
variance: 0.000725542520181642
pearson: 0.050060694123671534
p-valu: 6.202188766342427e-55

AL interation 685/4801.

mae: 0.03361915855842044
max_error: 0.16330186225337417
variance: 0.0007255349813831169
pearson: 0.022448898285637474
p-valu: 2.6224013801172137e-12

AL interation 686/4801.

mae: 0.033617386096915496
max_error: 0.1633890270815046
variance: 0.000725342699865895
pearson: 0.10137116626736468
p-valu: 3.8217692161713915e-220

AL interation 687/4801.

mae: 0.03362535665107495
max_error: 0.16304211142920355
variance: 0.0007251772961571013
pearson: 0.12928480874188092
p-valu: 0.0

AL interation 688/4801.

mae: 0.033618904986249
max_error: 0.16320112483003602
variance: 0.0007243848437711109
pearson: 0.1542852096147069
p-valu: 0.0

AL interation 689/4801.

mae: 0.03361216349969675
max_error: 0.16353822588137934
variance: 0.0007249443428737727
pearson: 0.05740579112912704
p-valu: 1.1035574689282563e-71

AL interation 690/4801.

mae: 0.0336688063311343
max_error: 0.17106002363328532
variance: 0.0007229246495029683
pearson: 0.15466693800182899
p-valu: 0.0

AL interation 691/4801.

mae: 0.03346645000136064
max_error: 0.1717300240110804
variance: 0.0007168886507186734
pearson: 0.08298519618914174
p-valu: 5.9313305271926e-148

AL interation 692/4801.

mae: 0.03331004569765957
max_error: 0.17069464848321747
variance: 0.0007133102650550786
pearson: 0.056090163328600534
p-valu: 1.635702800105242e-68

AL interation 693/4801.

mae: 0.03328769093102051
max_error: 0.16985685064213119
variance: 0.0007128550609457405
pearson: 0.030295479583468118
p-valu: 3.632191337150098e-21

AL interation 694/4801.

mae: 0.03328262120563775
max_error: 0.17009047111826892
variance: 0.0007127092747254772
pearson: 0.1166140891175202
p-valu: 4.268370597867289e-291

AL interation 695/4801.

mae: 0.033290941455495826
max_error: 0.17080459818447213
variance: 0.0007123040496717417
pearson: 0.06896037547466292
p-valu: 1.1378913898015852e-102

AL interation 696/4801.

mae: 0.03329217015424808
max_error: 0.17081751986864635
variance: 0.0007122514546911289
pearson: 0.13882788505935656
p-valu: 0.0

AL interation 697/4801.

mae: 0.03326377041570821
max_error: 0.17105661720182486
variance: 0.0007105618978175684
pearson: 0.05978029274455534
p-valu: 1.3921536732779048e-77

AL interation 698/4801.

mae: 0.03330795707412006
max_error: 0.17112388150183921
variance: 0.0007117583726858189
pearson: 0.11777906003877253
p-valu: 6.312129421305042e-297

AL interation 699/4801.

mae: 0.03329980523540603
max_error: 0.17107414142941213
variance: 0.0007113703457885509
pearson: 0.13088189666556693
p-valu: 0.0

AL interation 700/4801.

mae: 0.033201568843336214
max_error: 0.17044143401238632
variance: 0.0007045853098794641
pearson: 0.099376754757317
p-valu: 1.4123532594339503e-211

AL interation 701/4801.

mae: 0.03320056788282934
max_error: 0.1705157285309129
variance: 0.0007044484553829556
pearson: 0.1410132772267748
p-valu: 0.0

AL interation 702/4801.

mae: 0.03310586457208076
max_error: 0.17053283592434543
variance: 0.0007004389475310178
pearson: 0.12184336471601837
p-valu: 9.218583e-318

AL interation 703/4801.

mae: 0.03309375718947961
max_error: 0.16958401437426307
variance: 0.0006995014086172206
pearson: 0.16243211956635553
p-valu: 0.0

AL interation 704/4801.

mae: 0.03309528847923243
max_error: 0.16979842267067813
variance: 0.0007001006052846347
pearson: 0.15604407522973832
p-valu: 0.0

AL interation 705/4801.

mae: 0.03310291817194733
max_error: 0.1688475198056354
variance: 0.0007004721952517854
pearson: 0.04773895495409517
p-valu: 4.2003992565603894e-50

AL interation 706/4801.

mae: 0.03301950340297121
max_error: 0.16524595008234844
variance: 0.0006976992103765238
pearson: 0.06147507691308358
p-valu: 6.165908796388225e-82

AL interation 707/4801.

mae: 0.033011825739588045
max_error: 0.16542985761719553
variance: 0.0006972578476168565
pearson: 0.17143113923795417
p-valu: 0.0

AL interation 708/4801.

mae: 0.0329481023227834
max_error: 0.16425345066857933
variance: 0.0006976211624430444
pearson: 0.09484613457377249
p-valu: 8.240970379229071e-193

AL interation 709/4801.

mae: 0.03292315245495637
max_error: 0.16370954842153385
variance: 0.0006974149965247326
pearson: 0.06618780946828727
p-valu: 1.0578536797578281e-94

AL interation 710/4801.

mae: 0.03288853432073133
max_error: 0.16294622524349922
variance: 0.0006968054003084636
pearson: 0.08809240315988012
p-valu: 1.658264550637683e-166

AL interation 711/4801.

mae: 0.03289432522335702
max_error: 0.1629305137225261
variance: 0.0006967140953986864
pearson: 0.04537040088305179
p-valu: 2.0305991992945355e-45

AL interation 712/4801.

mae: 0.03572374371140272
max_error: 0.18297014852344962
variance: 0.0008085578735837466
pearson: 0.09932358356664732
p-valu: 2.5177809692455285e-211

AL interation 713/4801.

mae: 0.0356163812563672
max_error: 0.18361932236115042
variance: 0.0008090492911330803
pearson: 0.1340748496145505
p-valu: 0.0

AL interation 714/4801.

mae: 0.03561998824259027
max_error: 0.18362659437883355
variance: 0.0008093343238272435
pearson: 0.058731116741785494
p-valu: 6.238577335260855e-75

AL interation 715/4801.

mae: 0.03562058659460032
max_error: 0.18324650152265765
variance: 0.0008081201877418948
pearson: 0.2018909064428042
p-valu: 0.0

AL interation 716/4801.

mae: 0.03557955281579725
max_error: 0.1831017649114388
variance: 0.0008082193788766386
pearson: 0.11932803091826617
p-valu: 9.914721006225202e-305

AL interation 717/4801.

mae: 0.03546129814213708
max_error: 0.18383853413746198
variance: 0.0008004359923092722
pearson: 0.09160983529655818
p-valu: 6.0400436717249114e-180

AL interation 718/4801.

mae: 0.035461199855283565
max_error: 0.18385343443463587
variance: 0.0008004210029322149
pearson: 0.07571625374956739
p-valu: 2.1198137351774247e-123

AL interation 719/4801.

mae: 0.03544620019381491
max_error: 0.18368075445908705
variance: 0.0008003307647181831
pearson: 0.1266043980802467
p-valu: 0.0

AL interation 720/4801.

mae: 0.035461504404398825
max_error: 0.18315315139664978
variance: 0.0007994868096348528
pearson: 0.11195859626951309
p-valu: 2.8453562842029813e-268

AL interation 721/4801.

mae: 0.03529845291192975
max_error: 0.1802622822373765
variance: 0.0007983560618384884
pearson: 0.09182989811960683
p-valu: 8.494682761525875e-181

AL interation 722/4801.

mae: 0.03526560902145953
max_error: 0.17833795857080492
variance: 0.000798859120174483
pearson: 0.07889545133004985
p-valu: 7.755230764278402e-134

AL interation 723/4801.

mae: 0.03526519500208963
max_error: 0.1779982082147713
variance: 0.0007990767540756082
pearson: 0.12112553677376979
p-valu: 5.848400986e-314

AL interation 724/4801.

mae: 0.035266225680443984
max_error: 0.17800568006299233
variance: 0.0007990704400184557
pearson: 0.05000682353101401
p-valu: 8.488088615025033e-55

AL interation 725/4801.

mae: 0.035277962860407956
max_error: 0.1781477572571335
variance: 0.0007985786931134406
pearson: 0.14815418099065017
p-valu: 0.0

AL interation 726/4801.

mae: 0.035276007351659915
max_error: 0.17738689506080352
variance: 0.0008000007399282034
pearson: 0.07079143764440572
p-valu: 4.533987610401665e-108

AL interation 727/4801.

mae: 0.03528843437385582
max_error: 0.17698149446863187
variance: 0.0007978378669769245
pearson: 0.09993325267632658
p-valu: 6.988179849966248e-214

AL interation 728/4801.

mae: 0.0352969707325062
max_error: 0.17717908330945153
variance: 0.0007973760412245897
pearson: 0.07457230184422019
p-valu: 9.768908824314976e-120

AL interation 729/4801.

mae: 0.035295113889290894
max_error: 0.17674176007807052
variance: 0.000796969896631356
pearson: 0.08543381868057526
p-valu: 1.1561345714993668e-156

AL interation 730/4801.

mae: 0.035304550731437234
max_error: 0.17691554372816842
variance: 0.0007972394797424506
pearson: 0.07727547123203234
p-valu: 1.8826629925036894e-128

AL interation 731/4801.

mae: 0.03531117012964339
max_error: 0.17658824283028896
variance: 0.0007972457730943237
pearson: 0.04567496328362581
p-valu: 5.346374418168486e-46

AL interation 732/4801.

mae: 0.03528553428056077
max_error: 0.17673360930842552
variance: 0.0007959650527254441
pearson: 0.13139978668003482
p-valu: 0.0

AL interation 733/4801.

mae: 0.03523335826123333
max_error: 0.17935866038299952
variance: 0.0007958447679079175
pearson: 0.10732357268554957
p-valu: 1.554124169486019e-246

AL interation 734/4801.

mae: 0.03535505250162162
max_error: 0.17862295009711904
variance: 0.0007990924186931068
pearson: 0.02481615730415531
p-valu: 1.0531534121350058e-14

AL interation 735/4801.

mae: 0.0353366695147356
max_error: 0.17842756270277693
variance: 0.0007974686720930086
pearson: 0.03421922764707759
p-valu: 1.4988513388233957e-26

AL interation 736/4801.

mae: 0.03533914015235567
max_error: 0.17881205137876766
variance: 0.0007972060186911979
pearson: 0.16709530169685202
p-valu: 0.0

AL interation 737/4801.

mae: 0.035296769694146274
max_error: 0.17944341754485738
variance: 0.0007938420999122697
pearson: 0.11860983508119909
p-valu: 5.220793723693603e-301

AL interation 738/4801.

mae: 0.03524099036156701
max_error: 0.17966165630280972
variance: 0.0007925161837820295
pearson: 0.10425298417338212
p-valu: 1.1592953799132678e-232

AL interation 739/4801.

mae: 0.035221083042894424
max_error: 0.1801516834433956
variance: 0.0007899079696675522
pearson: 0.10880349165845941
p-valu: 2.397728461386094e-253

AL interation 740/4801.

mae: 0.03519884075911963
max_error: 0.18280669139988692
variance: 0.0007885116320924162
pearson: 0.0582580014718071
p-valu: 9.742812158524512e-74

AL interation 741/4801.

mae: 0.035199281293266375
max_error: 0.1829049387310393
variance: 0.0007887144517988665
pearson: 0.024635114164463935
p-valu: 1.6418213630404953e-14

AL interation 742/4801.

mae: 0.03517418434554652
max_error: 0.18265103613742628
variance: 0.0007875188270742969
pearson: 0.08127276959263983
p-valu: 6.717059994267825e-142

AL interation 743/4801.

mae: 0.03514154248025506
max_error: 0.18179117058519711
variance: 0.000783829055282656
pearson: 0.08736978822441248
p-valu: 9.375822977550285e-164

AL interation 744/4801.

mae: 0.035154106360506296
max_error: 0.18148548543052545
variance: 0.0007834942305289892
pearson: 0.053673522126503406
p-valu: 7.510016297672278e-63

AL interation 745/4801.

mae: 0.03513057791297083
max_error: 0.18131742533881567
variance: 0.0007829735656267024
pearson: 0.06259063178807943
p-valu: 7.69691449688387e-85

AL interation 746/4801.

mae: 0.03510631246484409
max_error: 0.18031776936134936
variance: 0.00078236053294342
pearson: 0.01694044413858914
p-valu: 1.3070806485097824e-07

AL interation 747/4801.

mae: 0.03507551544786689
max_error: 0.17863897804039386
variance: 0.0007808882716796222
pearson: 0.1184118610523353
p-valu: 5.6523876845215756e-300

AL interation 748/4801.

mae: 0.0350257457123378
max_error: 0.1777239059505833
variance: 0.0007782334900244204
pearson: 0.21818548218530798
p-valu: 0.0

AL interation 749/4801.

mae: 0.034963308396504446
max_error: 0.17563598880718434
variance: 0.000774643021230707
pearson: 0.12645226431142798
p-valu: 0.0

AL interation 750/4801.

mae: 0.03482255602391065
max_error: 0.1679851469738738
variance: 0.0007733937803961308
pearson: 0.1432408588176776
p-valu: 0.0

AL interation 751/4801.

mae: 0.034674524933301636
max_error: 0.1676691859333319
variance: 0.0007707279593907203
pearson: 0.14046626571348214
p-valu: 0.0

AL interation 752/4801.

mae: 0.03460430354702171
max_error: 0.16782907404143277
variance: 0.0007678954712314071
pearson: 0.07965647167637106
p-valu: 2.3300920126114102e-136

AL interation 753/4801.

mae: 0.03458004588675647
max_error: 0.16908356619154308
variance: 0.0007679855120709382
pearson: 0.0940192494221036
p-valu: 2.1318894170317632e-189

AL interation 754/4801.

mae: 0.034594217787230576
max_error: 0.1695424973890427
variance: 0.0007680551738280831
pearson: 0.09958948980761569
p-valu: 2.3155139971866666e-212

AL interation 755/4801.

mae: 0.034474492412799644
max_error: 0.16723440534536582
variance: 0.0007630082566874995
pearson: 0.12919747377071272
p-valu: 0.0

AL interation 756/4801.

mae: 0.03443772801555465
max_error: 0.1670718328581957
variance: 0.0007601721790123581
pearson: 0.148758201378868
p-valu: 0.0

AL interation 757/4801.

mae: 0.034486345161609464
max_error: 0.16819968101065985
variance: 0.0007606639413505536
pearson: 0.041986084378206966
p-valu: 4.012082405804593e-39

AL interation 758/4801.

mae: 0.03448594607190462
max_error: 0.1684289353919981
variance: 0.0007607568798261805
pearson: 0.08872546717822653
p-valu: 8.328087885014705e-169

AL interation 759/4801.

mae: 0.03444094603375506
max_error: 0.16833519312916412
variance: 0.000759983643812777
pearson: 0.09599272881963497
p-valu: 2.279198104284675e-197

AL interation 760/4801.

mae: 0.03436209334616062
max_error: 0.16876299064227585
variance: 0.0007575449646497563
pearson: 0.09752041058622535
p-valu: 1.160849828804288e-203

AL interation 761/4801.

mae: 0.03440034684632288
max_error: 0.16795731338373532
variance: 0.0007645825772902505
pearson: 0.07686779681857982
p-valu: 4.461579579351713e-127

AL interation 762/4801.

mae: 0.03441494668948984
max_error: 0.1626625885959898
variance: 0.0007691102701615886
pearson: 0.12131637521380473
p-valu: 7.983059e-315

AL interation 763/4801.

mae: 0.0343494063476619
max_error: 0.16083821138037657
variance: 0.0007649594550833924
pearson: 0.11732348995494578
p-valu: 1.9391089218942093e-294

AL interation 764/4801.

mae: 0.03433242311746014
max_error: 0.16147815691821799
variance: 0.0007634421773511874
pearson: 0.11611875325194729
p-valu: 2.00806987218424e-288

AL interation 765/4801.

mae: 0.034274845539781496
max_error: 0.16287978196252717
variance: 0.0007610943843785053
pearson: 0.05332681897533092
p-valu: 4.737395018211379e-62

AL interation 766/4801.

mae: 0.03424587753293734
max_error: 0.1626525611222116
variance: 0.0007622832892579057
pearson: 0.055012589400564284
p-valu: 6.356818396764449e-66

AL interation 767/4801.

mae: 0.03427401253469735
max_error: 0.16227645290329584
variance: 0.0007648125761226633
pearson: 0.15397622785800438
p-valu: 0.0

AL interation 768/4801.

mae: 0.03422545773257236
max_error: 0.1625527047539601
variance: 0.0007642594787087619
pearson: 0.09208224815854153
p-valu: 1.0673291971805962e-181

AL interation 769/4801.

mae: 0.0342206754498695
max_error: 0.1624765478112915
variance: 0.0007639838590944033
pearson: 0.06069525983189608
p-valu: 7.282454113814466e-80

AL interation 770/4801.

mae: 0.03418322186147198
max_error: 0.1621137331034499
variance: 0.0007644871857692343
pearson: 0.11475397587939302
p-valu: 1.1324309187062021e-281

AL interation 771/4801.

mae: 0.034030303585834344
max_error: 0.15798430509806582
variance: 0.0007498357960156847
pearson: 0.03464800914424274
p-valu: 3.60404024510111e-27

AL interation 772/4801.

mae: 0.03402787778555081
max_error: 0.1581086351829386
variance: 0.000749416867483441
pearson: 0.08150835401195082
p-valu: 1.1371328429946398e-142

AL interation 773/4801.

mae: 0.03403790914468944
max_error: 0.15842861067397696
variance: 0.0007484684391796414
pearson: 0.11475128631134061
p-valu: 1.1908105807948227e-281

AL interation 774/4801.

mae: 0.034069800592140834
max_error: 0.15916123835671403
variance: 0.0007470393062521741
pearson: 0.06354898544700077
p-valu: 2.2257098681446157e-87

AL interation 775/4801.

mae: 0.03405951000275804
max_error: 0.15919261793118
variance: 0.000746550266231461
pearson: 0.040668118560483996
p-valu: 8.375368388636694e-37

AL interation 776/4801.

mae: 0.03405795304930923
max_error: 0.15922003949202423
variance: 0.0007466806988348212
pearson: 0.06653990518688009
p-valu: 1.2509249748847153e-95

AL interation 777/4801.

mae: 0.034053552738116055
max_error: 0.15889777870091581
variance: 0.0007465850560739698
pearson: 0.08075355114914243
p-valu: 4.618324363930743e-140

AL interation 778/4801.

mae: 0.03405557957130742
max_error: 0.15898263753518638
variance: 0.0007465934526281433
pearson: 0.03411350253323631
p-valu: 2.1902563338049796e-26

AL interation 779/4801.

mae: 0.03406732419056503
max_error: 0.1592282313962956
variance: 0.0007467580944910267
pearson: 0.06599318772605423
p-valu: 4.334445994864943e-94

AL interation 780/4801.

mae: 0.034037002093473684
max_error: 0.15991511826308358
variance: 0.0007457478672130844
pearson: 0.06265277360833386
p-valu: 5.638845885570695e-85

AL interation 781/4801.

mae: 0.033964518341568814
max_error: 0.15964276489688434
variance: 0.0007452701192969651
pearson: 0.043849141373566644
p-valu: 1.6550218237161557e-42

AL interation 782/4801.

mae: 0.0339746212070893
max_error: 0.15961163786817867
variance: 0.0007458490345462002
pearson: 0.04992576433389638
p-valu: 1.3559676027571946e-54

AL interation 783/4801.

mae: 0.033963076550644664
max_error: 0.15967604694236304
variance: 0.0007450199353820932
pearson: 0.07056524984926463
p-valu: 2.4952916354082635e-107

AL interation 784/4801.

mae: 0.03379449524241217
max_error: 0.15898624368622638
variance: 0.0007388400434002651
pearson: 0.12449866076141741
p-valu: 0.0

AL interation 785/4801.

mae: 0.033803752579897206
max_error: 0.15929874182841974
variance: 0.0007392730275225176
pearson: 0.08928128692446544
p-valu: 7.299974844049795e-171

AL interation 786/4801.

mae: 0.03380341735767938
max_error: 0.15932693711823465
variance: 0.000739184034293173
pearson: 0.08532664873709098
p-valu: 3.488969878681854e-156

AL interation 787/4801.

mae: 0.03382734643948081
max_error: 0.15924869044777967
variance: 0.0007392186018319281
pearson: 0.041738096005565335
p-valu: 1.1366321129802468e-38

AL interation 788/4801.

mae: 0.03399450855445295
max_error: 0.15842073115748878
variance: 0.0007472020538348736
pearson: 0.09996626367870974
p-valu: 6.869007490493856e-214

AL interation 789/4801.

mae: 0.0339887596557411
max_error: 0.15826855728340394
variance: 0.0007470853941586084
pearson: 0.06176415199931971
p-valu: 1.2678848397693937e-82

AL interation 790/4801.

mae: 0.033976612061608735
max_error: 0.1581044809913097
variance: 0.0007465584853443498
pearson: 0.13218871677077365
p-valu: 0.0

AL interation 791/4801.

mae: 0.033976735719842596
max_error: 0.1580845481188904
variance: 0.0007465191835799801
pearson: 0.04849660397084518
p-valu: 1.3178104495545111e-51

AL interation 792/4801.

mae: 0.033928424476573876
max_error: 0.15926324423565763
variance: 0.0007380928433757134
pearson: 0.12518345947979148
p-valu: 0.0

AL interation 793/4801.

mae: 0.033838347260165415
max_error: 0.15841563913948864
variance: 0.0007348754443095701
pearson: 0.11242272549001095
p-valu: 2.6965708176866303e-270

AL interation 794/4801.

mae: 0.03383195560137955
max_error: 0.1585291313235162
variance: 0.0007345392583947418
pearson: 0.1525527907738887
p-valu: 0.0

AL interation 795/4801.

mae: 0.033812493483437775
max_error: 0.15833501099990333
variance: 0.0007344553817353306
pearson: 0.11457557536327512
p-valu: 9.999184705709359e-281

AL interation 796/4801.

mae: 0.03380496684741929
max_error: 0.15880416372550332
variance: 0.0007289288725343602
pearson: 0.09007147796292923
p-valu: 7.399994668011904e-174

AL interation 797/4801.

mae: 0.03380630303177759
max_error: 0.15883726172836266
variance: 0.0007287579629714149
pearson: 0.03104502152325107
p-valu: 3.993794520090015e-22

AL interation 798/4801.

mae: 0.03378367218744309
max_error: 0.15970829865858338
variance: 0.0007277516595876084
pearson: 0.06728814267882383
p-valu: 9.885137470725432e-98

AL interation 799/4801.

mae: 0.03380610244545711
max_error: 0.160797192482673
variance: 0.0007278378166710282
pearson: 0.09409319458494922
p-valu: 1.3231645343837342e-189

AL interation 800/4801.

mae: 0.03382894448619054
max_error: 0.16120055379672937
variance: 0.0007279274611968155
pearson: 0.03574077199002352
p-valu: 8.49221312517764e-29

AL interation 801/4801.

mae: 0.0338275412590109
max_error: 0.16251723991484557
variance: 0.000727999855619794
pearson: 0.06271613251198113
p-valu: 3.9881374545387364e-85

AL interation 802/4801.

mae: 0.03378830206024759
max_error: 0.16145236832420284
variance: 0.0007241199859605874
pearson: 0.023840398599364213
p-valu: 1.1198763565527598e-13

AL interation 803/4801.

mae: 0.03377904970452329
max_error: 0.16195332461614687
variance: 0.000725654285896268
pearson: 0.05026522881353012
p-valu: 2.6460782460686583e-55

AL interation 804/4801.

mae: 0.03377914292284919
max_error: 0.1619568277132517
variance: 0.0007256659401562751
pearson: 0.10305318787499661
p-valu: 3.322922585262524e-227

AL interation 805/4801.

mae: 0.03374472891872203
max_error: 0.1622206632404728
variance: 0.0007237087313068265
pearson: 0.0369386139980987
p-valu: 1.2030657895756564e-30

AL interation 806/4801.

mae: 0.03374190914830926
max_error: 0.16202973583079672
variance: 0.0007240340551485562
pearson: 0.08866200417957498
p-valu: 1.747112228092355e-168

AL interation 807/4801.

mae: 0.03374007965457517
max_error: 0.1620785994058993
variance: 0.0007238721838884655
pearson: 0.060826323720354535
p-valu: 3.590842102231134e-80

AL interation 808/4801.

mae: 0.03374738991088937
max_error: 0.1614738277425518
variance: 0.0007242185860887718
pearson: 0.10839939122941977
p-valu: 2.695462072192044e-251

AL interation 809/4801.

mae: 0.03374819599453606
max_error: 0.1614840632768706
variance: 0.0007242311145396385
pearson: 0.07436487247878959
p-valu: 5.541149387189849e-119

AL interation 810/4801.

mae: 0.033731645662939486
max_error: 0.16064454035261821
variance: 0.0007284866881726873
pearson: 0.07902339706986841
p-valu: 3.803674252442682e-134

AL interation 811/4801.

mae: 0.03370339530443554
max_error: 0.1605523687853152
variance: 0.0007259323664026725
pearson: 0.17697750153468075
p-valu: 0.0

AL interation 812/4801.

mae: 0.03367378988589468
max_error: 0.16195139772792988
variance: 0.0007241214028052893
pearson: 0.10256094764031767
p-valu: 4.9713040310056925e-225

AL interation 813/4801.

mae: 0.03366108586276201
max_error: 0.1620303171106885
variance: 0.0007230540281747528
pearson: 0.1331095511830229
p-valu: 0.0

AL interation 814/4801.

mae: 0.033454229857051244
max_error: 0.165083650162555
variance: 0.000717779772739591
pearson: 0.09058712980351352
p-valu: 8.329741651900664e-176

AL interation 815/4801.

mae: 0.033455590523840145
max_error: 0.1647728913371198
variance: 0.0007176708051600822
pearson: 0.15103193135928922
p-valu: 0.0

AL interation 816/4801.

mae: 0.03353532537902359
max_error: 0.16391399617844815
variance: 0.0007196132119848585
pearson: 0.16394897255558222
p-valu: 0.0

AL interation 817/4801.

mae: 0.0335244799416877
max_error: 0.1641807808541076
variance: 0.0007173886258074642
pearson: 0.07694301243874437
p-valu: 2.9934481112664136e-127

AL interation 818/4801.

mae: 0.03344621398321423
max_error: 0.16495718731897302
variance: 0.0007156741432781469
pearson: 0.08309826516839136
p-valu: 3.674585563197453e-148

AL interation 819/4801.

mae: 0.03344777627471179
max_error: 0.16506647012505216
variance: 0.0007158547772339928
pearson: 0.13572359564448466
p-valu: 0.0

AL interation 820/4801.

mae: 0.03343990537718734
max_error: 0.16532907666936314
variance: 0.0007146797128235016
pearson: 0.07146859120250862
p-valu: 5.202356159617399e-110

AL interation 821/4801.

mae: 0.03344372343863344
max_error: 0.16416784700544174
variance: 0.0007143927202272892
pearson: 0.027381095426850535
p-valu: 1.4843767499149498e-17

AL interation 822/4801.

mae: 0.03343618650458855
max_error: 0.16419052731037898
variance: 0.0007137033883604054
pearson: 0.0816666075384969
p-valu: 3.8021475240820826e-143

AL interation 823/4801.

mae: 0.033396289966258354
max_error: 0.16370648740706617
variance: 0.0007124730149192038
pearson: 0.03396571798370021
p-valu: 3.680743327062619e-26

AL interation 824/4801.

mae: 0.033388389809967035
max_error: 0.16345325960940915
variance: 0.0007121496820688725
pearson: 0.06010639629286354
p-valu: 2.594919245665584e-78

AL interation 825/4801.

mae: 0.033387430354109605
max_error: 0.1635673598861418
variance: 0.0007118615528458228
pearson: 0.0956044151390839
p-valu: 1.1845080075100872e-195

AL interation 826/4801.

mae: 0.033333656781712344
max_error: 0.16105931811438
variance: 0.000708809329044511
pearson: 0.015948922666529333
p-valu: 6.80492411969397e-07

AL interation 827/4801.

mae: 0.033271440542760516
max_error: 0.1618164956739152
variance: 0.0007074332597060787
pearson: 0.05361992726939419
p-valu: 1.1212135688962761e-62

AL interation 828/4801.

mae: 0.033343163851262174
max_error: 0.16189045526010393
variance: 0.0007115355395439219
pearson: 0.09114764935618302
p-valu: 6.028583883169152e-178

AL interation 829/4801.

mae: 0.03332061546710833
max_error: 0.16207427263128427
variance: 0.0007098079523356065
pearson: 0.052214948269051896
p-valu: 1.5929611824512102e-59

AL interation 830/4801.

mae: 0.033321557352438774
max_error: 0.16214649689430605
variance: 0.0007098367664668578
pearson: 0.12602068306870512
p-valu: 0.0

AL interation 831/4801.

mae: 0.03333951514021439
max_error: 0.16184102121809207
variance: 0.0007112631543781236
pearson: 0.031837105214952595
p-valu: 3.532287664459381e-23

AL interation 832/4801.

mae: 0.03333326995004612
max_error: 0.16153506880203583
variance: 0.0007111251425917905
pearson: 0.1280347345229699
p-valu: 0.0

AL interation 833/4801.

mae: 0.03315493154276261
max_error: 0.15873205263181678
variance: 0.0007005368300762798
pearson: 0.0728718614329721
p-valu: 2.723586774975343e-114

AL interation 834/4801.

mae: 0.03314059890884815
max_error: 0.15873473991308362
variance: 0.0007007489722378599
pearson: 0.08160402751308062
p-valu: 6.5223184929031065e-143

AL interation 835/4801.

mae: 0.03310678934289031
max_error: 0.15917924034004916
variance: 0.0007000114327340597
pearson: 0.08972205642868279
p-valu: 1.8773039679517221e-172

AL interation 836/4801.

mae: 0.03309435941464022
max_error: 0.159188104728341
variance: 0.0006990625208911085
pearson: 0.05783978738293072
p-valu: 1.226413105228693e-72

AL interation 837/4801.

mae: 0.033088415339910984
max_error: 0.1595040744854801
variance: 0.0006971072251178361
pearson: 0.05060961376465332
p-valu: 5.071177707280555e-56

AL interation 838/4801.

mae: 0.03298940828941688
max_error: 0.1593744453879795
variance: 0.0006903316344089363
pearson: 0.061313598927418195
p-valu: 2.084489481106325e-81

AL interation 839/4801.

mae: 0.032972551576116525
max_error: 0.1578481382070409
variance: 0.0006887835549201545
pearson: 0.17004444274987612
p-valu: 0.0

AL interation 840/4801.

mae: 0.03297034373174952
max_error: 0.15769566482543684
variance: 0.0006886682403405704
pearson: 0.08244910989861111
p-valu: 7.585270017924368e-146

AL interation 841/4801.

mae: 0.03296049222692611
max_error: 0.15777459387430515
variance: 0.0006883024413063626
pearson: 0.09852166191351264
p-valu: 1.1373355852687532e-207

AL interation 842/4801.

mae: 0.03279541036908608
max_error: 0.16143766741555243
variance: 0.0006801024398990933
pearson: 0.07608393787987915
p-valu: 1.983245086905163e-124

AL interation 843/4801.

mae: 0.03279410001643362
max_error: 0.16093170580864768
variance: 0.0006802183364516213
pearson: 0.12220462873422977
p-valu: 3.4466e-319

AL interation 844/4801.

mae: 0.03259013854247378
max_error: 0.16119408471825825
variance: 0.0006714837149118647
pearson: 0.12083832422780887
p-valu: 4.380402255304e-312

AL interation 845/4801.

mae: 0.032591029371000974
max_error: 0.16118809040784488
variance: 0.000671536436119864
pearson: 0.053867709995872905
p-valu: 3.13798593888781e-63

AL interation 846/4801.

mae: 0.03258167218148037
max_error: 0.16070747701581656
variance: 0.0006701045180046648
pearson: 0.09410251085141605
p-valu: 1.4969090179905063e-189

AL interation 847/4801.

mae: 0.032589441498153376
max_error: 0.1609788967220398
variance: 0.0006701872923991409
pearson: 0.046359762082735435
p-valu: 2.785191970227556e-47

AL interation 848/4801.

mae: 0.03259734602133001
max_error: 0.1609199956796461
variance: 0.0006663191071764538
pearson: 0.08329289473428196
p-valu: 8.372893017201334e-149

AL interation 849/4801.

mae: 0.032594724718166365
max_error: 0.16101895102968644
variance: 0.0006663421420235887
pearson: 0.09715306982319649
p-valu: 5.904194441902785e-202

AL interation 850/4801.

mae: 0.03260737738844944
max_error: 0.1597924965912485
variance: 0.000669587450189679
pearson: 0.11598230492869699
p-valu: 1.7092633087747118e-287

AL interation 851/4801.

mae: 0.032604687816364615
max_error: 0.15998358957170655
variance: 0.0006695905152931622
pearson: 0.16010171666500367
p-valu: 0.0

AL interation 852/4801.

mae: 0.0326102667124789
max_error: 0.15996494971426234
variance: 0.0006694642987712687
pearson: 0.08868652341204498
p-valu: 1.6938234364068345e-168

AL interation 853/4801.

mae: 0.03256743749370535
max_error: 0.15993294097591804
variance: 0.0006694431756966873
pearson: 0.049602086014743633
p-valu: 7.137377266898055e-54

AL interation 854/4801.

mae: 0.03246105261157527
max_error: 0.15665092001421232
variance: 0.0006673301981354861
pearson: 0.044527081902814195
p-valu: 9.53143530218452e-44

AL interation 855/4801.

mae: 0.032454322534525244
max_error: 0.15623105805155735
variance: 0.000666740035873647
pearson: 0.057739029124568395
p-valu: 2.2347431878542346e-72

AL interation 856/4801.

mae: 0.03245465850829126
max_error: 0.1549712649224917
variance: 0.000667687021474567
pearson: 0.14809418385937137
p-valu: 0.0

AL interation 857/4801.

mae: 0.03247795615606875
max_error: 0.15503459595077818
variance: 0.0006682615000319778
pearson: 0.041136213740535235
p-valu: 1.381428333684273e-37

AL interation 858/4801.

mae: 0.03247505049154164
max_error: 0.15524358433270624
variance: 0.0006678069582439566
pearson: 0.08416587593777021
p-valu: 6.830804411710899e-152

AL interation 859/4801.

mae: 0.032438197866918414
max_error: 0.15520601706287795
variance: 0.0006639859802784709
pearson: 0.11639415060919152
p-valu: 1.6429902253841926e-289

AL interation 860/4801.

mae: 0.03244432034869824
max_error: 0.1553404400160021
variance: 0.0006641016896555997
pearson: 0.026899957127208364
p-valu: 5.440453033522838e-17

AL interation 861/4801.

mae: 0.03248923108764188
max_error: 0.16176658011113698
variance: 0.0006822068606498206
pearson: 0.14018639589268106
p-valu: 0.0

AL interation 862/4801.

mae: 0.032469230799945466
max_error: 0.1617130453685176
variance: 0.0006818379825253256
pearson: 0.11476988533982495
p-valu: 1.7421631093412733e-281

AL interation 863/4801.

mae: 0.03290580468962776
max_error: 0.1654832475030643
variance: 0.0006904855188042744
pearson: 0.07398656950922426
p-valu: 9.972539491308714e-118

AL interation 864/4801.

mae: 0.03288049711322928
max_error: 0.16540099103417827
variance: 0.0006899612010075162
pearson: 0.05359857964804844
p-valu: 1.3224900095006093e-62

AL interation 865/4801.

mae: 0.03289521016267092
max_error: 0.16413450417508368
variance: 0.0006891900290838513
pearson: 0.0944225172029833
p-valu: 8.496244021252043e-191

AL interation 866/4801.

mae: 0.03291176399225077
max_error: 0.16428193079787246
variance: 0.0006895814107793489
pearson: 0.08872106989872218
p-valu: 1.3265108763662837e-168

AL interation 867/4801.

mae: 0.03292872975789821
max_error: 0.16309713894239386
variance: 0.0006909450339380564
pearson: 0.14525208447671858
p-valu: 0.0

AL interation 868/4801.

mae: 0.033097266035101054
max_error: 0.17356948468128386
variance: 0.0006978737122130672
pearson: 0.06039111114517885
p-valu: 5.272606878308631e-79

AL interation 869/4801.

mae: 0.03305726641994625
max_error: 0.17313590048266625
variance: 0.00069698786695031
pearson: 0.08222974447687233
p-valu: 4.894231835938392e-145

AL interation 870/4801.

mae: 0.03314852091522015
max_error: 0.17541137434469412
variance: 0.000702025958200446
pearson: 0.11633469592300691
p-valu: 3.4969751483154063e-289

AL interation 871/4801.

mae: 0.033142283445314176
max_error: 0.1753756090494425
variance: 0.0007017814452587954
pearson: 0.09748720904887728
p-valu: 2.7106759832168996e-203

AL interation 872/4801.

mae: 0.033055646732589414
max_error: 0.17445329861235215
variance: 0.0006976388871123505
pearson: 0.06786387726235805
p-valu: 2.62513679416649e-99

AL interation 873/4801.

mae: 0.033800328752452674
max_error: 0.17155277751562026
variance: 0.0007375867807534019
pearson: 0.08881080433544063
p-valu: 6.256680236771416e-169

AL interation 874/4801.

mae: 0.033730398054067294
max_error: 0.17032852388064712
variance: 0.0007345691571199324
pearson: 0.1271632482419653
p-valu: 0.0

AL interation 875/4801.

mae: 0.033706976560485456
max_error: 0.1715687791217475
variance: 0.0007346291936842975
pearson: 0.08133346518729893
p-valu: 6.448350894336031e-142

AL interation 876/4801.

mae: 0.03369625330126838
max_error: 0.174271076171584
variance: 0.0007353686726788432
pearson: 0.1294502149935544
p-valu: 0.0

AL interation 877/4801.

mae: 0.033714828528183687
max_error: 0.17409030253720048
variance: 0.000736083599464
pearson: 0.08261710151569406
p-valu: 2.2200849886487627e-146

AL interation 878/4801.

mae: 0.03344922177427208
max_error: 0.16399565293767737
variance: 0.0007239241488980886
pearson: 0.12461218730234105
p-valu: 0.0

AL interation 879/4801.

mae: 0.03338510296665018
max_error: 0.1589761543107242
variance: 0.0007180186862406781
pearson: 0.10542580925474795
p-valu: 1.4496148345937318e-237

AL interation 880/4801.

mae: 0.033380016763698145
max_error: 0.1590926421993144
variance: 0.0007182717622789412
pearson: 0.02487539606444001
p-valu: 9.535559439223856e-15

AL interation 881/4801.

mae: 0.03334900650870351
max_error: 0.1589767903803958
variance: 0.000716585559343009
pearson: 0.14799528285936278
p-valu: 0.0

AL interation 882/4801.

mae: 0.03332329384963514
max_error: 0.1594869298439816
variance: 0.0007146832363200639
pearson: 0.060214368894211834
p-valu: 1.5299072627198563e-78

AL interation 883/4801.

mae: 0.033347375199311635
max_error: 0.15918289339947744
variance: 0.0007171391526414176
pearson: 0.07169306523572828
p-valu: 1.2742587357687565e-110

AL interation 884/4801.

mae: 0.03334596534083736
max_error: 0.15901568743697947
variance: 0.0007174013143632542
pearson: 0.09893348547666762
p-valu: 2.612947601584263e-209

AL interation 885/4801.

mae: 0.0332139132282522
max_error: 0.15786585850560453
variance: 0.0007123018154252488
pearson: 0.08288311579388043
p-valu: 2.654711486418117e-147

AL interation 886/4801.

mae: 0.033126741514342195
max_error: 0.16153268445913782
variance: 0.0007067217568878965
pearson: 0.20705511480646713
p-valu: 0.0

AL interation 887/4801.

mae: 0.03285364124573005
max_error: 0.16095430228114638
variance: 0.0006961888370111099
pearson: 0.14828570660234214
p-valu: 0.0

AL interation 888/4801.

mae: 0.03285345745481334
max_error: 0.16095367665611193
variance: 0.0006961688742864486
pearson: 0.08911350050112614
p-valu: 4.76762666640591e-170

AL interation 889/4801.

mae: 0.03281350244680786
max_error: 0.16075906032137355
variance: 0.0006953549010199947
pearson: 0.11726314968871969
p-valu: 9.318849545318388e-294

AL interation 890/4801.

mae: 0.03282102610669594
max_error: 0.16159501033570778
variance: 0.0006949219440355486
pearson: 0.10098510196457411
p-valu: 5.045454299078493e-218

AL interation 891/4801.

mae: 0.032658479733891764
max_error: 0.15559304526295237
variance: 0.0006855951476400795
pearson: 0.21476358940425677
p-valu: 0.0

AL interation 892/4801.

mae: 0.032362902384491125
max_error: 0.15169000283952716
variance: 0.0006741976792182266
pearson: 0.07605294029893069
p-valu: 2.887425619403072e-124

AL interation 893/4801.

mae: 0.03238538371358311
max_error: 0.1517624921884222
variance: 0.0006742397224231211
pearson: 0.07200388937034481
p-valu: 1.4786396411287541e-111

AL interation 894/4801.

mae: 0.03236093423108735
max_error: 0.15242746508528726
variance: 0.0006740509545195075
pearson: 0.11501756921748879
p-valu: 1.3143754571956035e-282

AL interation 895/4801.

mae: 0.032318814590497395
max_error: 0.15174077039722267
variance: 0.0006735318792632362
pearson: 0.07446158716708796
p-valu: 3.485198128750508e-119

AL interation 896/4801.

mae: 0.03226749793401539
max_error: 0.1486289467672519
variance: 0.0006739196086941183
pearson: 0.1215467732161565
p-valu: 1.37419646e-315

AL interation 897/4801.

mae: 0.032299801716475396
max_error: 0.1484316421189702
variance: 0.0006733454886633866
pearson: 0.13447058814369853
p-valu: 0.0

AL interation 898/4801.

mae: 0.03228811952412874
max_error: 0.14832581330182948
variance: 0.000673127784790027
pearson: 0.11128051294982551
p-valu: 1.479352175736817e-264

AL interation 899/4801.

mae: 0.03229507600371948
max_error: 0.14926878997238746
variance: 0.0006745779552791358
pearson: 0.15000824896271667
p-valu: 0.0

AL interation 900/4801.

mae: 0.03228143941606399
max_error: 0.14927323794808545
variance: 0.0006746994308578025
pearson: 0.09574594656348485
p-valu: 4.441244329582022e-196

AL interation 901/4801.

mae: 0.032279666433963815
max_error: 0.14935338276308685
variance: 0.0006747675757399992
pearson: 0.11786885361472962
p-valu: 9.216785832961876e-297

AL interation 902/4801.

mae: 0.0322826290658312
max_error: 0.14856022876001007
variance: 0.0006739956486662565
pearson: 0.024166399770202733
p-valu: 5.327771257902389e-14

AL interation 903/4801.

mae: 0.03229458564528716
max_error: 0.14840045739101115
variance: 0.0006757359280943235
pearson: 0.09623330318000685
p-valu: 4.617492705756141e-198

AL interation 904/4801.

mae: 0.03230820341975123
max_error: 0.14787467637455354
variance: 0.0006756699603532901
pearson: 0.08513927088151896
p-valu: 2.5593294221701897e-155

AL interation 905/4801.

mae: 0.03229324221975703
max_error: 0.14786661426790904
variance: 0.0006758438077154286
pearson: 0.08064513919216476
p-valu: 1.6510561537155584e-139

AL interation 906/4801.

mae: 0.03224658227104545
max_error: 0.14705769720188488
variance: 0.0006731362644421869
pearson: 0.049840960890609166
p-valu: 2.3928178013773584e-54

AL interation 907/4801.

mae: 0.03224449471414228
max_error: 0.14667993063761475
variance: 0.0006722305265427391
pearson: 0.111882480423035
p-valu: 2.138333229184329e-267

AL interation 908/4801.

mae: 0.03224839063400376
max_error: 0.14673223344055675
variance: 0.000672378611241192
pearson: 0.08941336067257669
p-valu: 3.768489111470761e-171

AL interation 909/4801.

mae: 0.032237812444499345
max_error: 0.14658474495757634
variance: 0.0006716558944452819
pearson: 0.05261921266453952
p-valu: 2.2509882651745702e-60

AL interation 910/4801.

mae: 0.03222449965462393
max_error: 0.14766939516397048
variance: 0.0006698636361400373
pearson: 0.08108385322863315
p-valu: 5.2469875135056844e-141

AL interation 911/4801.

mae: 0.03223082830687099
max_error: 0.1469626284683132
variance: 0.0006712279618601456
pearson: 0.1655197273542431
p-valu: 0.0

AL interation 912/4801.

mae: 0.03218697634298417
max_error: 0.14587837267157244
variance: 0.0006699270608313667
pearson: 0.15439164741192724
p-valu: 0.0

AL interation 913/4801.

mae: 0.031967271404130665
max_error: 0.1443849117999294
variance: 0.0006633588091128389
pearson: 0.061041055678562994
p-valu: 1.2207599495098768e-80

AL interation 914/4801.

mae: 0.03194449697134653
max_error: 0.14456342774195452
variance: 0.000662848746842113
pearson: 0.07194874563171948
p-valu: 2.3004674323021196e-111

AL interation 915/4801.

mae: 0.03193945893990542
max_error: 0.14448575796762686
variance: 0.0006622591777686922
pearson: 0.07374071042127889
p-valu: 6.7706722002208e-117

AL interation 916/4801.

mae: 0.03188577174579938
max_error: 0.14492435809682735
variance: 0.000658304073044412
pearson: 0.060375502185512235
p-valu: 6.3114519855793e-79

AL interation 917/4801.

mae: 0.0318795534383057
max_error: 0.14533801386590728
variance: 0.0006582501038746821
pearson: 0.054518577244045796
p-valu: 1.1184197988369715e-64

AL interation 918/4801.

mae: 0.03189609711725057
max_error: 0.1451539966396327
variance: 0.0006584195784563669
pearson: 0.07018967475906428
p-valu: 4.610157758765174e-106

AL interation 919/4801.

mae: 0.03187812560297
max_error: 0.14555340469059375
variance: 0.0006583649667778255
pearson: 0.035798433648008776
p-valu: 7.494344518621497e-29

AL interation 920/4801.

mae: 0.031865981890586266
max_error: 0.14549273688471076
variance: 0.0006574181004610025
pearson: 0.16121583893226588
p-valu: 0.0

AL interation 921/4801.

mae: 0.03183495366324111
max_error: 0.14600455944191126
variance: 0.0006578139835943273
pearson: 0.18808334031612994
p-valu: 0.0

AL interation 922/4801.

mae: 0.03182878018057916
max_error: 0.1459311325085706
variance: 0.000657265392998863
pearson: 0.14212667968387296
p-valu: 0.0

AL interation 923/4801.

mae: 0.03175645406975587
max_error: 0.14575144569374476
variance: 0.000654589592053076
pearson: 0.11586136283655482
p-valu: 1.1117019219545415e-286

AL interation 924/4801.

mae: 0.03166499907195648
max_error: 0.1466912919756338
variance: 0.0006524913120208323
pearson: 0.0817392369635845
p-valu: 2.9974680206643822e-143

AL interation 925/4801.

mae: 0.03162162631122416
max_error: 0.14907439123789445
variance: 0.0006505801197290811
pearson: 0.06557258817684025
p-valu: 8.861308345657532e-93

AL interation 926/4801.

mae: 0.03162259800334461
max_error: 0.14934909340599334
variance: 0.000650728266514054
pearson: 0.10556775969794971
p-valu: 4.34237529412595e-238

AL interation 927/4801.

mae: 0.0316398006912305
max_error: 0.14922611791616291
variance: 0.0006509082322281417
pearson: 0.2274128698766263
p-valu: 0.0

AL interation 928/4801.

mae: 0.031708638453406976
max_error: 0.1464086021364297
variance: 0.000649626670773733
pearson: 0.16496986770353117
p-valu: 0.0

AL interation 929/4801.

mae: 0.03169491877375728
max_error: 0.14630322465512524
variance: 0.0006488934105010621
pearson: 0.09143761842374026
p-valu: 6.902461365539282e-179

AL interation 930/4801.

mae: 0.031697414992580074
max_error: 0.14625438656133571
variance: 0.0006490625133973185
pearson: 0.11072451669615149
p-valu: 7.72107366791591e-262

AL interation 931/4801.

mae: 0.03155566392355055
max_error: 0.14760394329590287
variance: 0.0006474273567725878
pearson: 0.18628934107643466
p-valu: 0.0

AL interation 932/4801.

mae: 0.03158184639462005
max_error: 0.14787991894212116
variance: 0.0006491516956568433
pearson: 0.06609204122804034
p-valu: 3.2046983950731627e-94

AL interation 933/4801.

mae: 0.03158238866767656
max_error: 0.14784967347571598
variance: 0.0006492782128191621
pearson: 0.14276072452990196
p-valu: 0.0

AL interation 934/4801.

mae: 0.03142383065405953
max_error: 0.14979561582316325
variance: 0.0006418443650181546
pearson: 0.10826668970962049
p-valu: 2.326968626518987e-250

AL interation 935/4801.

mae: 0.03141975303773238
max_error: 0.14949828362426576
variance: 0.0006429976408976305
pearson: 0.11912018281619438
p-valu: 5.457775119323159e-303

AL interation 936/4801.

mae: 0.0313691851267758
max_error: 0.14895712504897762
variance: 0.000641585391470537
pearson: 0.11515394609799845
p-valu: 3.72097426478183e-283

AL interation 937/4801.

mae: 0.03136437904260577
max_error: 0.14850038175376046
variance: 0.0006416145107505866
pearson: 0.08600135633693909
p-valu: 2.1374723357921987e-158

AL interation 938/4801.

mae: 0.031363744322762385
max_error: 0.14849235705099506
variance: 0.0006415921376759452
pearson: 0.15336893234595475
p-valu: 0.0

AL interation 939/4801.

mae: 0.03135772649076833
max_error: 0.14825974834769529
variance: 0.0006415887876908394
pearson: 0.11255702320038949
p-valu: 1.5496720463932351e-270

AL interation 940/4801.

mae: 0.03136521812881977
max_error: 0.14767589152455418
variance: 0.0006413302197530434
pearson: 0.15184448089787267
p-valu: 0.0

AL interation 941/4801.

mae: 0.0313400058960848
max_error: 0.14806311729210808
variance: 0.0006408951606454754
pearson: 0.09170024058972716
p-valu: 6.9110692808973945e-180

AL interation 942/4801.

mae: 0.03134046371932282
max_error: 0.14797210829368357
variance: 0.0006410296979257853
pearson: 0.05442304832607299
p-valu: 1.9280115397986218e-64

AL interation 943/4801.

mae: 0.031353835326653215
max_error: 0.14699591615447805
variance: 0.0006402298565404422
pearson: 0.12141976215579009
p-valu: 8.89737821e-315

AL interation 944/4801.

mae: 0.03114680800009726
max_error: 0.14676564757376998
variance: 0.0006353250921939101
pearson: 0.07323145924659108
p-valu: 2.8229421933767836e-115

AL interation 945/4801.

mae: 0.031020553181051753
max_error: 0.14631475894878765
variance: 0.0006318012654100736
pearson: 0.07944414188666031
p-valu: 2.2424888950010935e-135

AL interation 946/4801.

mae: 0.0310243033537812
max_error: 0.14640169870966435
variance: 0.0006316915354527914
pearson: 0.14621077569485078
p-valu: 0.0

AL interation 947/4801.

mae: 0.031036596796436385
max_error: 0.14725039528405848
variance: 0.000632618105279137
pearson: 0.11507296290500431
p-valu: 1.0005743854239788e-282

AL interation 948/4801.

mae: 0.03102554962552897
max_error: 0.14728507690909698
variance: 0.0006324634380536282
pearson: 0.06962534769293559
p-valu: 2.3278177029004914e-104

AL interation 949/4801.

mae: 0.031023362431190138
max_error: 0.14730732922856493
variance: 0.0006321885107931874
pearson: 0.07032950478951493
p-valu: 1.9093956281410495e-106

AL interation 950/4801.

mae: 0.03095272447581258
max_error: 0.14714339612458804
variance: 0.0006301808583703178
pearson: 0.16446831630517245
p-valu: 0.0

AL interation 951/4801.

mae: 0.030960799585450352
max_error: 0.14713216973853793
variance: 0.0006300711961407028
pearson: 0.05838556273887586
p-valu: 6.760864159115609e-74

AL interation 952/4801.

mae: 0.030958396786805474
max_error: 0.14723503425869655
variance: 0.0006300356289571729
pearson: 0.05468742794503678
p-valu: 4.797695853022408e-65

AL interation 953/4801.

mae: 0.030950538534883672
max_error: 0.14771875322315697
variance: 0.000629130854400322
pearson: 0.04132496427994949
p-valu: 7.014662856519282e-38

AL interation 954/4801.

mae: 0.03093190581748447
max_error: 0.14681747364869313
variance: 0.0006284020680247917
pearson: 0.08484058712912908
p-valu: 3.665929515149264e-154

AL interation 955/4801.

mae: 0.03089103337032826
max_error: 0.14668428863245442
variance: 0.0006281852228384848
pearson: 0.05520370864273169
p-valu: 3.035569150794232e-66

AL interation 956/4801.

mae: 0.030734325007790695
max_error: 0.14523122243320774
variance: 0.0006221753084970516
pearson: 0.1298662626171163
p-valu: 0.0

AL interation 957/4801.

mae: 0.030740820281405186
max_error: 0.14529656955477055
variance: 0.0006225681093130289
pearson: 0.07292298889065957
p-valu: 2.635688140038591e-114

AL interation 958/4801.

mae: 0.03071928112478065
max_error: 0.14492777061735485
variance: 0.0006214950642697348
pearson: 0.08866297684068629
p-valu: 3.1585428998071787e-168

AL interation 959/4801.

mae: 0.030715840773197407
max_error: 0.14495057076731843
variance: 0.0006214567268658981
pearson: 0.14352839149787971
p-valu: 0.0

AL interation 960/4801.

mae: 0.030570729444813212
max_error: 0.14413928874585924
variance: 0.0006141762154241016
pearson: 0.08806795704206191
p-valu: 5.42650487600455e-166

AL interation 961/4801.

mae: 0.030394788688185025
max_error: 0.14348508487040323
variance: 0.0006042767739288606
pearson: 0.07551793863091454
p-valu: 1.8435315336069843e-122

AL interation 962/4801.

mae: 0.030385625163133298
max_error: 0.14336321116882988
variance: 0.0006030712427036609
pearson: 0.061390800918152286
p-valu: 1.6603532111766959e-81

AL interation 963/4801.

mae: 0.0303670179583813
max_error: 0.14232783353093925
variance: 0.0006029312790448162
pearson: 0.03129487671999382
p-valu: 2.0195574083375259e-22

AL interation 964/4801.

mae: 0.03033996090588486
max_error: 0.14229948589075736
variance: 0.0006021186125615024
pearson: 0.14483648645190547
p-valu: 0.0

AL interation 965/4801.

mae: 0.03032755069904953
max_error: 0.14227790034186416
variance: 0.000601270721818238
pearson: 0.13232857635767376
p-valu: 0.0

AL interation 966/4801.

mae: 0.030281787752409188
max_error: 0.14327991543490004
variance: 0.0005983994016278619
pearson: 0.052765710819960586
p-valu: 1.14838901836887e-60

AL interation 967/4801.

mae: 0.03026755642964023
max_error: 0.14252969471766352
variance: 0.0005994874295844879
pearson: 0.11294521470934822
p-valu: 2.523504869605422e-272

AL interation 968/4801.

mae: 0.03025997731424342
max_error: 0.14270076233645757
variance: 0.0005994847786573603
pearson: 0.112891664794805
p-valu: 4.597983010658876e-272

AL interation 969/4801.

mae: 0.030245681101228016
max_error: 0.14330142355123332
variance: 0.000599520913047157
pearson: 0.11466790746134742
p-valu: 1.1176869531820604e-280

AL interation 970/4801.

mae: 0.030162644625009793
max_error: 0.14326788336933038
variance: 0.0005937868750871039
pearson: 0.13726087040775725
p-valu: 0.0

AL interation 971/4801.

mae: 0.03031053646663386
max_error: 0.14453442085453805
variance: 0.0005936029833285308
pearson: 0.11669623801437563
p-valu: 1.1107441966250287e-290

AL interation 972/4801.

mae: 0.030353651319205577
max_error: 0.14463783458216728
variance: 0.0005950512576349814
pearson: 0.1658754483433488
p-valu: 0.0

AL interation 973/4801.

mae: 0.03033829711815806
max_error: 0.14484507228320087
variance: 0.0005936911122377978
pearson: 0.12598681840676934
p-valu: 0.0

AL interation 974/4801.

mae: 0.030331689616356832
max_error: 0.144782679787963
variance: 0.0005932306480104879
pearson: 0.17673820273836816
p-valu: 0.0

AL interation 975/4801.

mae: 0.03033784765082566
max_error: 0.14447885284738238
variance: 0.0005936035494233309
pearson: 0.10760481867622503
p-valu: 3.265403920697369e-247

AL interation 976/4801.

mae: 0.030331695004693494
max_error: 0.1442167367544558
variance: 0.0005932117428946581
pearson: 0.214722754722672
p-valu: 0.0

AL interation 977/4801.

mae: 0.03031939896082553
max_error: 0.1439802348353938
variance: 0.0005931439686774997
pearson: 0.13306837495652776
p-valu: 0.0

AL interation 978/4801.

mae: 0.03035830575680444
max_error: 0.14358276261139924
variance: 0.0005926156170273545
pearson: 0.0801294984249382
p-valu: 1.1978878993935207e-137

AL interation 979/4801.

mae: 0.030351072028870163
max_error: 0.1435142393524389
variance: 0.0005930022586242199
pearson: 0.050949241225127284
p-valu: 1.133926683192019e-56

AL interation 980/4801.

mae: 0.030336870429313777
max_error: 0.143761208231294
variance: 0.0005926576266483394
pearson: 0.1216604073979022
p-valu: 6.6004126e-316

AL interation 981/4801.

mae: 0.030304902686642293
max_error: 0.14280445437128453
variance: 0.0005949688909345941
pearson: 0.127918762543891
p-valu: 0.0

AL interation 982/4801.

mae: 0.03033165034718248
max_error: 0.14086541168347555
variance: 0.0005926054018809047
pearson: 0.07865919258359515
p-valu: 1.0750975346219314e-132

AL interation 983/4801.

mae: 0.03033675940603586
max_error: 0.1400188056081193
variance: 0.0005924722157135449
pearson: 0.07400845358032695
p-valu: 1.1844439045526021e-117

AL interation 984/4801.

mae: 0.030372471414393105
max_error: 0.14019106611288823
variance: 0.0005935258775909967
pearson: 0.11656562215775959
p-valu: 5.422350347656582e-290

AL interation 985/4801.

mae: 0.030397842443788896
max_error: 0.13949631360577275
variance: 0.0005943657871834755
pearson: 0.17537717658584576
p-valu: 0.0

AL interation 986/4801.

mae: 0.030420308516732407
max_error: 0.14021689543681948
variance: 0.0005963707791344765
pearson: 0.09014977465975822
p-valu: 8.059253952282971e-174

AL interation 987/4801.

mae: 0.030428590322142204
max_error: 0.14151837717457472
variance: 0.0005949033844450088
pearson: 0.07305312695330692
p-valu: 1.130901514225636e-114

AL interation 988/4801.

mae: 0.030426246783580694
max_error: 0.14164675823797968
variance: 0.0005948116659046871
pearson: 0.11474058849625281
p-valu: 5.591260756600127e-281

AL interation 989/4801.

mae: 0.030418096822433967
max_error: 0.14118599468332338
variance: 0.0005945806330017622
pearson: 0.08520235573770879
p-valu: 2.0640732915000882e-155

AL interation 990/4801.

mae: 0.030325345066316144
max_error: 0.140676771470166
variance: 0.0005903045316812101
pearson: 0.15353428975556263
p-valu: 0.0

AL interation 991/4801.

mae: 0.03031907281833795
max_error: 0.14040695349234245
variance: 0.0005883876412937848
pearson: 0.19132665850207922
p-valu: 0.0

AL interation 992/4801.

mae: 0.03011706609591194
max_error: 0.13867612552843145
variance: 0.0005819310485632891
pearson: 0.06741740955087619
p-valu: 6.577279486183599e-98

AL interation 993/4801.

mae: 0.030118319759348856
max_error: 0.13865701954403864
variance: 0.0005820927796034949
pearson: 0.05039220445593204
p-valu: 1.807009307924703e-55

AL interation 994/4801.

mae: 0.030118694061166473
max_error: 0.13923900072717021
variance: 0.000582172000514001
pearson: 0.04263416521251809
p-valu: 3.413967723771865e-40

AL interation 995/4801.

mae: 0.030106469804406278
max_error: 0.1390697901073823
variance: 0.0005815429668329708
pearson: 0.09927700671061608
p-valu: 1.612446649398151e-210

AL interation 996/4801.

mae: 0.030118014259174607
max_error: 0.1391448702956355
variance: 0.0005816111060193095
pearson: 0.08885969255560094
p-valu: 6.665698937618754e-169

AL interation 997/4801.

mae: 0.030122392879846468
max_error: 0.13947957069779893
variance: 0.0005819252526301768
pearson: 0.11556409242103372
p-valu: 5.372249644469826e-285

AL interation 998/4801.

mae: 0.030128830963038686
max_error: 0.14096182889209974
variance: 0.0005826294917580387
pearson: 0.0718628027342008
p-valu: 5.2280084406905066e-111

AL interation 999/4801.

mae: 0.030006288652900927
max_error: 0.13976310417041038
variance: 0.0005771872964198285
pearson: 0.08162886757945197
p-valu: 9.294622784481625e-143

AL interation 1000/4801.

mae: 0.029962793800395623
max_error: 0.1419175641926218
variance: 0.0005769630996044936
pearson: 0.04988359871901292
p-valu: 2.18736253327322e-54

AL interation 1001/4801.

mae: 0.029959481660972325
max_error: 0.1420500335438506
variance: 0.0005770088867658524
pearson: 0.15953149992973858
p-valu: 0.0

AL interation 1002/4801.

mae: 0.029971743522204563
max_error: 0.14134469469666744
variance: 0.0005784403659499717
pearson: 0.051302881033111265
p-valu: 2.0071951186196112e-57

AL interation 1003/4801.

mae: 0.029974739071251227
max_error: 0.14129147834995326
variance: 0.000578144687525189
pearson: 0.1648060384574105
p-valu: 0.0

AL interation 1004/4801.

mae: 0.029989095392427185
max_error: 0.14013326951447613
variance: 0.0005779664706217643
pearson: 0.18335181501308206
p-valu: 0.0

AL interation 1005/4801.

mae: 0.029998414399408972
max_error: 0.14092781806124055
variance: 0.0005789703770639929
pearson: 0.08587288951934167
p-valu: 8.08833840548435e-158

AL interation 1006/4801.

mae: 0.02999702185370382
max_error: 0.14098068037804712
variance: 0.0005789208896094439
pearson: 0.17600135338594294
p-valu: 0.0

AL interation 1007/4801.

mae: 0.030004853292334595
max_error: 0.14118702446233744
variance: 0.0005791110877687039
pearson: 0.050951783052274
p-valu: 1.161371427746959e-56

AL interation 1008/4801.

mae: 0.029997969691006342
max_error: 0.14134873743517762
variance: 0.0005789196318281769
pearson: 0.11990048682969262
p-valu: 9.640660417932862e-307

AL interation 1009/4801.

mae: 0.029998084027952496
max_error: 0.14131841891088204
variance: 0.0005785949074075222
pearson: 0.129725327315815
p-valu: 0.0

AL interation 1010/4801.

mae: 0.029935644406550565
max_error: 0.13990720878558438
variance: 0.0005777009210669959
pearson: 0.1050965457007362
p-valu: 8.99546295163091e-236

AL interation 1011/4801.

mae: 0.02989580515099008
max_error: 0.14046514747991257
variance: 0.0005770435769086288
pearson: 0.0661410246510458
p-valu: 2.779788400259664e-94

AL interation 1012/4801.

mae: 0.029892098650186754
max_error: 0.14051130440514914
variance: 0.0005769014729969519
pearson: 0.06890705075313681
p-valu: 3.4715340802992337e-102

AL interation 1013/4801.

mae: 0.029867309385388112
max_error: 0.13890314750954946
variance: 0.0005756301317304104
pearson: 0.027816512228208762
p-valu: 4.909736558530572e-18

AL interation 1014/4801.

mae: 0.02987090490115397
max_error: 0.13879981402845676
variance: 0.0005759282835833025
pearson: 0.15027866666610068
p-valu: 0.0

AL interation 1015/4801.

mae: 0.029920213167946293
max_error: 0.1384348673959126
variance: 0.0005751092418730553
pearson: 0.1171639777446093
p-valu: 6.986340562946306e-293

AL interation 1016/4801.

mae: 0.029935695522416844
max_error: 0.13809311895732623
variance: 0.0005746415592650742
pearson: 0.06675939843529721
p-valu: 5.128196037281998e-96

AL interation 1017/4801.

mae: 0.029915502875010946
max_error: 0.1378229618252904
variance: 0.0005735019801242956
pearson: 0.1363182890746694
p-valu: 0.0

AL interation 1018/4801.

mae: 0.029917745802254522
max_error: 0.13776733403341002
variance: 0.0005736367986920351
pearson: 0.143684159103385
p-valu: 0.0

AL interation 1019/4801.

mae: 0.029944165603374623
max_error: 0.13744737399741513
variance: 0.0005745768894316994
pearson: 0.034857072262586476
p-valu: 2.059268770278695e-27

AL interation 1020/4801.

mae: 0.029940260587636516
max_error: 0.13765074971837254
variance: 0.0005745807142819086
pearson: 0.10043875490913313
p-valu: 2.144131428706676e-215

AL interation 1021/4801.

mae: 0.029861946494827873
max_error: 0.13786178577123298
variance: 0.0005706117834337679
pearson: 0.08011898566804708
p-valu: 1.4939858265094974e-137

AL interation 1022/4801.

mae: 0.029861726373890646
max_error: 0.13786440780625941
variance: 0.0005706093164019376
pearson: 0.11959987010430209
p-valu: 3.66664563960895e-305

AL interation 1023/4801.

mae: 0.029832306202607642
max_error: 0.1388910971795072
variance: 0.0005702861344639682
pearson: 0.12420903269001689
p-valu: 0.0

AL interation 1024/4801.

mae: 0.02981463022818838
max_error: 0.13889637206324057
variance: 0.0005692061714442307
pearson: 0.09898686885612235
p-valu: 3.104612259396957e-209

AL interation 1025/4801.

mae: 0.02982680920062181
max_error: 0.13831414551480936
variance: 0.0005693693941414975
pearson: 0.06800177417526196
p-valu: 1.501234061268544e-99

AL interation 1026/4801.

mae: 0.02982124451854562
max_error: 0.13831884912673065
variance: 0.0005693330999208032
pearson: 0.05974004288240006
p-valu: 3.176362052588815e-77

AL interation 1027/4801.

mae: 0.02986753869954935
max_error: 0.13970766478399543
variance: 0.0005706766224493695
pearson: 0.14419816212665346
p-valu: 0.0

AL interation 1028/4801.

mae: 0.029870040255542726
max_error: 0.13970244938667253
variance: 0.0005707394729307597
pearson: 0.13163460377098218
p-valu: 0.0

AL interation 1029/4801.

mae: 0.029591174487449884
max_error: 0.1385757077363765
variance: 0.0005678502008411892
pearson: 0.10644295298193368
p-valu: 8.744497822393975e-242

AL interation 1030/4801.

mae: 0.02958044078355469
max_error: 0.13858037456287509
variance: 0.0005679676531561606
pearson: 0.07506507605942002
p-valu: 6.240387627061084e-121

AL interation 1031/4801.

mae: 0.029553960170878378
max_error: 0.13880547811589583
variance: 0.0005672758540817316
pearson: 0.13374617670937214
p-valu: 0.0

AL interation 1032/4801.

mae: 0.02951037503672486
max_error: 0.1385243864219179
variance: 0.0005635283666372902
pearson: 0.10952803683846864
p-valu: 5.904612746629702e-256

AL interation 1033/4801.

mae: 0.02946804991530724
max_error: 0.1385013207995458
variance: 0.0005626953534819485
pearson: 0.16426331810942257
p-valu: 0.0

AL interation 1034/4801.

mae: 0.029467572629189816
max_error: 0.13853456396776398
variance: 0.0005625890251796817
pearson: 0.07085417478903598
p-valu: 6.384614150442279e-108

AL interation 1035/4801.

mae: 0.029471349125993
max_error: 0.13853047837204446
variance: 0.0005627207477816048
pearson: 0.12864018192924068
p-valu: 0.0

AL interation 1036/4801.

mae: 0.029467137771884522
max_error: 0.13802134095879826
variance: 0.0005625364754470479
pearson: 0.07208676176370263
p-valu: 1.1991752992833353e-111

AL interation 1037/4801.

mae: 0.029390136180801607
max_error: 0.13827423911919556
variance: 0.0005588769614992638
pearson: 0.12494769207992185
p-valu: 0.0

AL interation 1038/4801.

mae: 0.029361673932692903
max_error: 0.13909008815010981
variance: 0.0005576900752838654
pearson: 0.09736649500510719
p-valu: 1.9020787795843364e-202

AL interation 1039/4801.

mae: 0.02935666567066769
max_error: 0.13893477603545268
variance: 0.0005575243868021562
pearson: 0.11713254232791526
p-valu: 1.1840215037015601e-292

AL interation 1040/4801.

mae: 0.029380878490634737
max_error: 0.13890037121694565
variance: 0.00055873099048905
pearson: 0.08800287500443621
p-valu: 1.2969495446809922e-165

AL interation 1041/4801.

mae: 0.029383915386601196
max_error: 0.13939646617785417
variance: 0.0005590132657948136
pearson: 0.05295824062421405
p-valu: 4.733967263313381e-61

AL interation 1042/4801.

mae: 0.029409106313586512
max_error: 0.1398809884935277
variance: 0.0005596647885426974
pearson: 0.08859055216165893
p-valu: 8.238359552221405e-168

AL interation 1043/4801.

mae: 0.02940484186573977
max_error: 0.1400275458230995
variance: 0.0005596252127203893
pearson: 0.08134456306380798
p-valu: 1.0320671815570679e-141

AL interation 1044/4801.

mae: 0.029246732686794494
max_error: 0.1417648824912563
variance: 0.0005569763101928548
pearson: 0.07637718551713081
p-valu: 4.036453837000993e-125

AL interation 1045/4801.

mae: 0.02911678265624338
max_error: 0.14347085846150964
variance: 0.0005517589935252664
pearson: 0.0920434439282947
p-valu: 4.92818940696375e-181

AL interation 1046/4801.

mae: 0.02910593198505056
max_error: 0.1433134137782277
variance: 0.0005512367717855956
pearson: 0.0743994419473945
p-valu: 8.330552651758551e-119

AL interation 1047/4801.

mae: 0.029056949733025066
max_error: 0.14320058390461288
variance: 0.000549115180305292
pearson: 0.08978400824689044
p-valu: 2.5719345514956307e-172

AL interation 1048/4801.

mae: 0.02901071875051399
max_error: 0.142739467689748
variance: 0.0005487674692526948
pearson: 0.0348338022139989
p-valu: 2.268977479682641e-27

AL interation 1049/4801.

mae: 0.029009269551515206
max_error: 0.142989532650458
variance: 0.0005490546903164219
pearson: 0.10383537393996871
p-valu: 4.469704172713251e-230

AL interation 1050/4801.

mae: 0.028984344932142782
max_error: 0.14312824053689344
variance: 0.0005483626467280704
pearson: 0.06866115214972796
p-valu: 1.974594760924771e-101

AL interation 1051/4801.

mae: 0.028996526098448983
max_error: 0.14346490722112737
variance: 0.0005491567036442831
pearson: 0.09773231876928908
p-valu: 6.1760922059969136e-204

AL interation 1052/4801.

mae: 0.028983039438387845
max_error: 0.14201793110026717
variance: 0.0005463070436195655
pearson: 0.06990973793113782
p-valu: 4.3394092273746925e-105

AL interation 1053/4801.

mae: 0.028979400961231618
max_error: 0.14239602946093743
variance: 0.0005459734503012645
pearson: 0.1846349050539013
p-valu: 0.0

AL interation 1054/4801.

mae: 0.02897858824556795
max_error: 0.1421269730521404
variance: 0.0005462031696005703
pearson: 0.1405563999540946
p-valu: 0.0

AL interation 1055/4801.

mae: 0.028971541545962397
max_error: 0.1424443276077314
variance: 0.0005451038938495405
pearson: 0.206584127058977
p-valu: 0.0

AL interation 1056/4801.

mae: 0.028970813118974384
max_error: 0.14244070410444198
variance: 0.0005450831951200898
pearson: 0.11326501518542281
p-valu: 1.2873482181450791e-273

AL interation 1057/4801.

mae: 0.028970070252180898
max_error: 0.1424696053449539
variance: 0.0005448244675513513
pearson: 0.13488315231383677
p-valu: 0.0

AL interation 1058/4801.

mae: 0.02893833877096982
max_error: 0.14304220366596798
variance: 0.0005443740633888389
pearson: 0.08974179285357095
p-valu: 3.8933197807411995e-172

AL interation 1059/4801.

mae: 0.02894300256812161
max_error: 0.14226897171050457
variance: 0.0005442396371505471
pearson: 0.08627634407377745
p-valu: 3.333098305819996e-159

AL interation 1060/4801.

mae: 0.028947314389812306
max_error: 0.1419792541323064
variance: 0.0005436051724590539
pearson: 0.12364002869303235
p-valu: 0.0

AL interation 1061/4801.

mae: 0.028913642200555992
max_error: 0.14390904514897063
variance: 0.000540506553219522
pearson: 0.03870336971627509
p-valu: 2.1313096437989463e-33

AL interation 1062/4801.

mae: 0.028939166483348815
max_error: 0.14332627083007043
variance: 0.0005426628186056328
pearson: 0.13989805941269293
p-valu: 0.0

AL interation 1063/4801.

mae: 0.02897626785613599
max_error: 0.14313449861714123
variance: 0.0005436750214561692
pearson: 0.18050383235194511
p-valu: 0.0

AL interation 1064/4801.

mae: 0.028838794599639374
max_error: 0.14282223716275855
variance: 0.0005373477221015352
pearson: 0.04270395993008559
p-valu: 2.722866114089e-40

AL interation 1065/4801.

mae: 0.02883685532547175
max_error: 0.14278579326076812
variance: 0.0005373467436952114
pearson: 0.07551903860057817
p-valu: 2.4633570873158035e-122

AL interation 1066/4801.

mae: 0.028827837336354526
max_error: 0.14212877358062048
variance: 0.0005366088799352725
pearson: 0.05858721752510106
p-valu: 2.6113831351554918e-74

AL interation 1067/4801.

mae: 0.028827243516369092
max_error: 0.14212288092261094
variance: 0.0005365478318359656
pearson: 0.056631977750566005
p-valu: 1.513676799116245e-69

AL interation 1068/4801.

mae: 0.02882920961365713
max_error: 0.14208273811840133
variance: 0.0005364404564405335
pearson: 0.08917921454912003
p-valu: 5.520138653099312e-170

AL interation 1069/4801.

mae: 0.028828819371548756
max_error: 0.14218487807869185
variance: 0.0005364005332766326
pearson: 0.11708653647216449
p-valu: 2.4721422287236462e-292

AL interation 1070/4801.

mae: 0.028791924244030584
max_error: 0.14275858962849686
variance: 0.000535631621131855
pearson: 0.08156476228298062
p-valu: 1.9634294011586147e-142

AL interation 1071/4801.

mae: 0.028779853981313993
max_error: 0.14253717280319922
variance: 0.0005358666765005872
pearson: 0.050637534447987215
p-valu: 5.972797196991456e-56

AL interation 1072/4801.

mae: 0.02878829344485807
max_error: 0.1425584740495056
variance: 0.000535890710364342
pearson: 0.09417764958093267
p-valu: 2.0514736990782304e-189

AL interation 1073/4801.

mae: 0.028770313877417436
max_error: 0.14329379532449327
variance: 0.0005349187622177816
pearson: 0.10867543939363417
p-valu: 6.86581340033026e-252

AL interation 1074/4801.

mae: 0.02871830297617613
max_error: 0.14499486082371238
variance: 0.0005349381264338603
pearson: 0.10301863533749632
p-valu: 1.992508355077675e-226

AL interation 1075/4801.

mae: 0.02871508584875483
max_error: 0.1447013211795225
variance: 0.0005345982942742978
pearson: 0.30772766026229437
p-valu: 0.0

AL interation 1076/4801.

mae: 0.02870907621168621
max_error: 0.14705782612821583
variance: 0.00053527376754599
pearson: 0.09464784977028252
p-valu: 2.7297524474017212e-191

AL interation 1077/4801.

mae: 0.028709328954310054
max_error: 0.14707096396108188
variance: 0.0005352960437542239
pearson: 0.06008677842308334
p-valu: 4.60649422846036e-78

AL interation 1078/4801.

mae: 0.028727062929617353
max_error: 0.14758650748029556
variance: 0.0005358904852474879
pearson: 0.11868978927889257
p-valu: 2.3075455421746203e-300

AL interation 1079/4801.

mae: 0.028652178048913485
max_error: 0.14677543509918412
variance: 0.0005339628195070778
pearson: 0.05880031618958629
p-valu: 7.9040177780394675e-75

AL interation 1080/4801.

mae: 0.02861558682341977
max_error: 0.14680612057366904
variance: 0.000532686491127192
pearson: 0.05649438150244987
p-valu: 3.297176582668896e-69

AL interation 1081/4801.

mae: 0.028609568228528115
max_error: 0.14660212863730937
variance: 0.0005331127896325785
pearson: 0.10471587198884749
p-valu: 6.65390794042332e-234

AL interation 1082/4801.

mae: 0.028598629523829598
max_error: 0.1448172564755028
variance: 0.0005314278055563616
pearson: 0.06059665559538026
p-valu: 2.326105037412739e-79

AL interation 1083/4801.

mae: 0.028623657945229444
max_error: 0.14466414849397058
variance: 0.0005322715958858839
pearson: 0.05801938891698192
p-valu: 6.746912347110287e-73

AL interation 1084/4801.

mae: 0.028699235175753162
max_error: 0.14481757702691045
variance: 0.0005346767896642905
pearson: 0.11994546663117114
p-valu: 9.845029386657693e-307

AL interation 1085/4801.

mae: 0.028633808418633208
max_error: 0.1439002324781855
variance: 0.0005337665561871416
pearson: 0.041603082108989706
p-valu: 2.5539766822626097e-38

AL interation 1086/4801.

mae: 0.02863648547924768
max_error: 0.1438762438060026
variance: 0.0005337435912798174
pearson: 0.19441829095779933
p-valu: 0.0

AL interation 1087/4801.

mae: 0.02854643789083744
max_error: 0.14281950011121314
variance: 0.0005287305681271556
pearson: 0.06670324233925451
p-valu: 8.6586646585747e-96

AL interation 1088/4801.

mae: 0.028546338674063754
max_error: 0.1429121160794553
variance: 0.0005286640689953578
pearson: 0.15324467609055584
p-valu: 0.0

AL interation 1089/4801.

mae: 0.02853186258945744
max_error: 0.1420650847589373
variance: 0.00052991682467204
pearson: 0.06518811344862953
p-valu: 1.4593337690499037e-91

AL interation 1090/4801.

mae: 0.02852114950285538
max_error: 0.14189979962560262
variance: 0.0005300033207511457
pearson: 0.1467708796774526
p-valu: 0.0

AL interation 1091/4801.

mae: 0.028517211439360205
max_error: 0.1419976681367503
variance: 0.0005300579903837253
pearson: 0.09402367842111956
p-valu: 9.194538647254304e-189

AL interation 1092/4801.

mae: 0.028488425022682697
max_error: 0.1424897341507263
variance: 0.000529155319835548
pearson: 0.18716621208479634
p-valu: 0.0

AL interation 1093/4801.

mae: 0.02846699907998599
max_error: 0.14223180929314783
variance: 0.0005291492542833052
pearson: 0.032237053310656474
p-valu: 1.1543142676651152e-23

AL interation 1094/4801.

mae: 0.02846207046761191
max_error: 0.14215354635183264
variance: 0.0005289376884512932
pearson: 0.04081755761399083
p-valu: 6.0348129024278e-37

AL interation 1095/4801.

mae: 0.028467895429085226
max_error: 0.14269946790358023
variance: 0.0005300045287994606
pearson: 0.04839983820093725
p-valu: 2.979761865141141e-51

AL interation 1096/4801.

mae: 0.028460715345327972
max_error: 0.14216782237002423
variance: 0.0005297530821464832
pearson: 0.14291855747113297
p-valu: 0.0

AL interation 1097/4801.

mae: 0.028460412505119274
max_error: 0.14249913633233025
variance: 0.0005299860979544032
pearson: 0.08367917281671267
p-valu: 8.590234001181974e-150

AL interation 1098/4801.

mae: 0.028458561313889463
max_error: 0.14235884025532375
variance: 0.0005300036502382485
pearson: 0.045844506299830966
p-valu: 3.691550957689802e-46

AL interation 1099/4801.

mae: 0.028481155493009554
max_error: 0.14368101123858157
variance: 0.0005294987410693626
pearson: 0.04423197793913033
p-valu: 4.357446114545649e-43

AL interation 1100/4801.

mae: 0.02845738162463468
max_error: 0.14368111967763486
variance: 0.0005288845392902309
pearson: 0.111538168668962
p-valu: 3.1293430185442056e-265

AL interation 1101/4801.

mae: 0.028464789201638602
max_error: 0.1438927249541253
variance: 0.0005288529409898667
pearson: 0.07678440179335302
p-valu: 2.2850944414976116e-126

AL interation 1102/4801.

mae: 0.028468525179855327
max_error: 0.14389846661418648
variance: 0.0005289188385790784
pearson: 0.05166765749185534
p-valu: 3.683050132491908e-58

AL interation 1103/4801.

mae: 0.02845338542960325
max_error: 0.1444478972220482
variance: 0.0005313930419612973
pearson: 0.044440653635521514
p-valu: 1.776756244933993e-43

AL interation 1104/4801.

mae: 0.028454002273614595
max_error: 0.1443681928698739
variance: 0.0005314666227504633
pearson: 0.13756257456836116
p-valu: 0.0

AL interation 1105/4801.

mae: 0.028444137355599048
max_error: 0.14406307390475792
variance: 0.0005292713949136856
pearson: 0.1579225228383953
p-valu: 0.0

AL interation 1106/4801.

mae: 0.02842075287537819
max_error: 0.14418119377427008
variance: 0.0005285290085042923
pearson: 0.059204328765143636
p-valu: 8.142354805043679e-76

AL interation 1107/4801.

mae: 0.028478654552461485
max_error: 0.14336502928329953
variance: 0.0005300815650192493
pearson: 0.09339270468590946
p-valu: 3.178563044077305e-186

AL interation 1108/4801.

mae: 0.028481182738061606
max_error: 0.14339089380649472
variance: 0.0005306297855038863
pearson: 0.0886519414274654
p-valu: 6.285655331941815e-168

AL interation 1109/4801.

mae: 0.028483680339006938
max_error: 0.1435407342100321
variance: 0.0005308512457862102
pearson: 0.03774677005116684
p-valu: 7.81286238817355e-32

AL interation 1110/4801.

mae: 0.02839617839958965
max_error: 0.14376584892437183
variance: 0.0005282411071754618
pearson: 0.1479401435323241
p-valu: 0.0

AL interation 1111/4801.

mae: 0.028396435214262713
max_error: 0.1438953619139598
variance: 0.0005282805601907951
pearson: 0.12703736723643175
p-valu: 0.0

AL interation 1112/4801.

mae: 0.028416900482862346
max_error: 0.14226046363313305
variance: 0.0005277547752228515
pearson: 0.09935107431342227
p-valu: 1.4031799984436164e-210

AL interation 1113/4801.

mae: 0.02836509620246287
max_error: 0.14221648742698978
variance: 0.0005275265724520343
pearson: 0.0892367495179946
p-valu: 4.0045207596392995e-170

AL interation 1114/4801.

mae: 0.02834166206216279
max_error: 0.14276512047711964
variance: 0.0005279177273161019
pearson: 0.09607324071898245
p-valu: 5.548295199027664e-197

AL interation 1115/4801.

mae: 0.02827963577122003
max_error: 0.14159826343478432
variance: 0.0005297272526046296
pearson: 0.12219071818682058
p-valu: 3.156625e-318

AL interation 1116/4801.

mae: 0.02816959909898418
max_error: 0.14290827370080894
variance: 0.0005254269996246672
pearson: 0.12175041244454224
p-valu: 6.20972395e-316

AL interation 1117/4801.

mae: 0.028167584053124473
max_error: 0.14290243922863244
variance: 0.0005253446306116603
pearson: 0.09603946760403675
p-valu: 7.723999347843255e-197

AL interation 1118/4801.

mae: 0.028120207988182024
max_error: 0.1421642815943729
variance: 0.0005262246348667123
pearson: 0.040755221159018924
p-valu: 7.88847937266805e-37

AL interation 1119/4801.

mae: 0.028118400686514677
max_error: 0.14212948173502316
variance: 0.0005263391510103005
pearson: 0.0974873085620504
p-valu: 8.860734978011382e-203

AL interation 1120/4801.

mae: 0.02811271992547476
max_error: 0.14190161282880087
variance: 0.0005263200944162501
pearson: 0.07317472297879948
p-valu: 6.796116371346277e-115

AL interation 1121/4801.

mae: 0.028112276195286515
max_error: 0.14198421122767702
variance: 0.0005260231208532931
pearson: 0.08060263262721296
p-valu: 4.670303981376829e-139

AL interation 1122/4801.

mae: 0.028094724503900773
max_error: 0.1416466134027674
variance: 0.0005254288833724717
pearson: 0.07270812419730673
p-valu: 1.879188540784382e-113

AL interation 1123/4801.

mae: 0.028073379763867097
max_error: 0.14168217673744454
variance: 0.0005251505917291205
pearson: 0.1047488793183264
p-valu: 5.981948380545226e-234

AL interation 1124/4801.

mae: 0.0280811126666312
max_error: 0.14170993647479424
variance: 0.0005255265499879894
pearson: 0.08723547844441265
p-valu: 1.2693220039018066e-162

AL interation 1125/4801.

mae: 0.02806684223759779
max_error: 0.1413891848873705
variance: 0.0005242216369751845
pearson: 0.13641824863886812
p-valu: 0.0

AL interation 1126/4801.

mae: 0.02801249681213753
max_error: 0.14363916725181713
variance: 0.0005233480347874976
pearson: 0.13731670919073083
p-valu: 0.0

AL interation 1127/4801.

mae: 0.028011356761886503
max_error: 0.14365335532732804
variance: 0.0005232840327532014
pearson: 0.07361005173211187
p-valu: 3.0848626105974743e-116

AL interation 1128/4801.

mae: 0.027993129229660983
max_error: 0.14359314326014516
variance: 0.00052162132569642
pearson: 0.05300153304092927
p-valu: 4.281143971505507e-61

AL interation 1129/4801.

mae: 0.02799330396502521
max_error: 0.14358574736564567
variance: 0.0005216122031434764
pearson: 0.1647641865530396
p-valu: 0.0

AL interation 1130/4801.

mae: 0.028000013349998618
max_error: 0.14340476055207052
variance: 0.0005214757678494583
pearson: 0.09170508221337352
p-valu: 1.471351614404796e-179

AL interation 1131/4801.

mae: 0.028027942374039265
max_error: 0.14343650259746443
variance: 0.0005224905810872914
pearson: 0.11112236702113318
p-valu: 3.541620093618466e-263

AL interation 1132/4801.

mae: 0.02804841716170187
max_error: 0.14406458883916873
variance: 0.0005235462612802198
pearson: 0.08416219362741846
p-valu: 1.8671846150306267e-151

AL interation 1133/4801.

mae: 0.02814542012582195
max_error: 0.1455521605561758
variance: 0.0005271620515965549
pearson: 0.07091418968082669
p-valu: 5.416171245679517e-108

AL interation 1134/4801.

mae: 0.028146139105856692
max_error: 0.14554285362049502
variance: 0.0005273409233426048
pearson: 0.06614120197609955
p-valu: 3.638227297900867e-94

AL interation 1135/4801.

mae: 0.028150956075857464
max_error: 0.14544670562230255
variance: 0.0005272076783369663
pearson: 0.0336968778039026
p-valu: 1.0726975813611122e-25

AL interation 1136/4801.

mae: 0.028134989576487655
max_error: 0.14544528373101873
variance: 0.0005268349688588341
pearson: 0.055025697763454264
p-valu: 1.040195301742122e-65

AL interation 1137/4801.

mae: 0.02814832392205572
max_error: 0.14569464245999786
variance: 0.0005271919914517658
pearson: 0.08283575226491618
p-valu: 9.288077809866216e-147

AL interation 1138/4801.

mae: 0.02815683346312386
max_error: 0.1456300038930154
variance: 0.0005264226175102323
pearson: 0.03821735942552401
p-valu: 1.3967985733296147e-32

AL interation 1139/4801.

mae: 0.028136032430339193
max_error: 0.14742620165946807
variance: 0.0005244865215040037
pearson: 0.07993371386973763
p-valu: 9.26896987362286e-137

AL interation 1140/4801.

mae: 0.028116373787654938
max_error: 0.14757985110139504
variance: 0.0005221240503954859
pearson: 0.15854597230978668
p-valu: 0.0

AL interation 1141/4801.

mae: 0.028110280722201886
max_error: 0.14765758381093708
variance: 0.0005219404185306317
pearson: 0.04807535967654606
p-valu: 1.442696875206899e-50

AL interation 1142/4801.

mae: 0.028109927913723097
max_error: 0.14804240751021513
variance: 0.000522402208965309
pearson: 0.11902904389206466
p-valu: 6.955014293013924e-302

AL interation 1143/4801.

mae: 0.028114168204625666
max_error: 0.1486068467924584
variance: 0.0005229188369043319
pearson: 0.12943900402978317
p-valu: 0.0

AL interation 1144/4801.

mae: 0.02813019798655703
max_error: 0.14977030928770052
variance: 0.0005231032560637909
pearson: 0.044974043859525484
p-valu: 1.8163494221731436e-44

AL interation 1145/4801.

mae: 0.02812061147814105
max_error: 0.14972062570944633
variance: 0.0005226114641025892
pearson: 0.10465387723527955
p-valu: 1.7870958876537916e-233

AL interation 1146/4801.

mae: 0.028120294824335645
max_error: 0.15023640645216307
variance: 0.0005224771503353536
pearson: 0.08809851154668688
p-valu: 8.618122184102417e-166

AL interation 1147/4801.

mae: 0.028102891355499114
max_error: 0.15017608776309732
variance: 0.0005212121233535358
pearson: 0.12228751227325439
p-valu: 1.256883e-318

AL interation 1148/4801.

mae: 0.028092840642206896
max_error: 0.15001817424257258
variance: 0.000521871086391204
pearson: 0.0917206540565116
p-valu: 1.3811451675203271e-179

AL interation 1149/4801.

mae: 0.02808766164666524
max_error: 0.1500870365520628
variance: 0.0005217114749810987
pearson: 0.17172837561454993
p-valu: 0.0

AL interation 1150/4801.

mae: 0.02808336460206253
max_error: 0.1501437519977431
variance: 0.0005218034794618005
pearson: 0.09214810229472493
p-valu: 3.0087802469470386e-181

AL interation 1151/4801.

mae: 0.0280035079674235
max_error: 0.14982193284361944
variance: 0.0005176692172550836
pearson: 0.09034610402501625
p-valu: 2.8073272835860874e-174

AL interation 1152/4801.

mae: 0.027986241498246703
max_error: 0.14914122558860488
variance: 0.0005179931781968695
pearson: 0.059627471636457374
p-valu: 7.653438981870679e-77

AL interation 1153/4801.

mae: 0.028056590393083804
max_error: 0.14940353147124785
variance: 0.0005217869716376743
pearson: 0.06146435618563731
p-valu: 1.5358705105741128e-81

AL interation 1154/4801.

mae: 0.028063501503323762
max_error: 0.1496573525723166
variance: 0.000522255202352581
pearson: 0.06383369097804811
p-valu: 8.243448907506672e-88

AL interation 1155/4801.

mae: 0.028065787022661416
max_error: 0.14976768633226545
variance: 0.0005223796702051514
pearson: 0.056006866579958625
p-valu: 5.3548901904817625e-68

AL interation 1156/4801.

mae: 0.02803766089278143
max_error: 0.14916931614737639
variance: 0.0005216975071056617
pearson: 0.064258420810392
p-valu: 5.86961406273068e-89

AL interation 1157/4801.

mae: 0.028023731179095648
max_error: 0.1487514982977105
variance: 0.0005216426158654691
pearson: 0.12702717209988457
p-valu: 0.0

AL interation 1158/4801.

mae: 0.028025160217041767
max_error: 0.14876594367109153
variance: 0.0005216423121516239
pearson: 0.051687952289712555
p-valu: 3.585362924126672e-58

AL interation 1159/4801.

mae: 0.028082807697152375
max_error: 0.147557409969008
variance: 0.0005195321589118901
pearson: 0.09538200893753503
p-valu: 4.373462473709838e-194

AL interation 1160/4801.

mae: 0.028074230683670955
max_error: 0.14748875309618104
variance: 0.0005197820829132436
pearson: 0.07570699605170256
p-valu: 8.104967104669796e-123

AL interation 1161/4801.

mae: 0.02806398066911942
max_error: 0.1476966158510864
variance: 0.0005193312908856243
pearson: 0.1020641991435318
p-valu: 4.5322266908899114e-222

AL interation 1162/4801.

mae: 0.028037266925768023
max_error: 0.1465930181961399
variance: 0.0005177864225073852
pearson: 0.10598628187485763
p-valu: 2.1473352500649404e-239

AL interation 1163/4801.

mae: 0.028038874956388692
max_error: 0.14725316622155749
variance: 0.0005187011979499384
pearson: 0.051156541536965736
p-valu: 5.149630778977502e-57

AL interation 1164/4801.

mae: 0.02802994105303056
max_error: 0.14689195694830648
variance: 0.0005174006166852851
pearson: 0.059312774056591265
p-valu: 4.8268678519332996e-76

AL interation 1165/4801.

mae: 0.028044072504568033
max_error: 0.14895579204443
variance: 0.0005192388913244074
pearson: 0.1171469316706745
p-valu: 2.3980209490368175e-292

AL interation 1166/4801.

mae: 0.028039302110283066
max_error: 0.1484486984840574
variance: 0.0005190245885689991
pearson: 0.06271096611386452
p-valu: 8.465163973186036e-85

AL interation 1167/4801.

mae: 0.02804624839218372
max_error: 0.14776902360921174
variance: 0.0005184524119608903
pearson: 0.045511573068310836
p-valu: 1.7440854266237207e-45

AL interation 1168/4801.

mae: 0.028041249504351277
max_error: 0.1476606689515707
variance: 0.0005182795291403732
pearson: 0.07855079585733801
p-valu: 4.394723846477352e-132

AL interation 1169/4801.

mae: 0.028067418427599442
max_error: 0.14803201303533076
variance: 0.0005182699906158439
pearson: 0.10777645865955954
p-valu: 1.6577158085593075e-247

AL interation 1170/4801.

mae: 0.02806785711975268
max_error: 0.1480174501334064
variance: 0.0005181807971628705
pearson: 0.06950473884721517
p-valu: 9.041896634053286e-104

AL interation 1171/4801.

mae: 0.02804615318248999
max_error: 0.14640675624417288
variance: 0.0005186001075414002
pearson: 0.055445254627419435
p-valu: 1.1520785318838034e-66

AL interation 1172/4801.

mae: 0.02805090646715351
max_error: 0.1462838440360743
variance: 0.0005179088856098873
pearson: 0.119433109512728
p-valu: 7.638046132472618e-304

AL interation 1173/4801.

mae: 0.02804538037082638
max_error: 0.14718238673179673
variance: 0.0005187542830692967
pearson: 0.06983999934599479
p-valu: 9.383262113461798e-105

AL interation 1174/4801.

mae: 0.02806527950954181
max_error: 0.1469207609438259
variance: 0.0005193016083732148
pearson: 0.05580260743383937
p-valu: 1.6749991447560782e-67

AL interation 1175/4801.

mae: 0.028064320395083754
max_error: 0.14690665202527686
variance: 0.0005192424549073544
pearson: 0.044659934864234564
p-valu: 7.376128459218286e-44

AL interation 1176/4801.

mae: 0.028067923686266028
max_error: 0.14707997751923774
variance: 0.0005197064481956883
pearson: 0.0317849706540433
p-valu: 4.9562065037204085e-23

AL interation 1177/4801.

mae: 0.02810713570718425
max_error: 0.14900482242904634
variance: 0.0005170398752627568
pearson: 0.10696612490322698
p-valu: 8.642630893696654e-244

AL interation 1178/4801.

mae: 0.0281051021115137
max_error: 0.1489233807437218
variance: 0.0005168759945703205
pearson: 0.12655543466948202
p-valu: 0.0

AL interation 1179/4801.

mae: 0.028123889443211657
max_error: 0.14871255267956673
variance: 0.0005168586414993182
pearson: 0.06570402726743521
p-valu: 6.6264810697922346e-93

AL interation 1180/4801.

mae: 0.028112078791295743
max_error: 0.1485922341648207
variance: 0.0005160270420080742
pearson: 0.17469845891622138
p-valu: 0.0

AL interation 1181/4801.

mae: 0.028102979950214883
max_error: 0.14804233573835024
variance: 0.0005176258958483166
pearson: 0.06645433628877963
p-valu: 5.354932815974659e-95

AL interation 1182/4801.

mae: 0.028071111465943356
max_error: 0.14799542890562822
variance: 0.000516566733686488
pearson: 0.11364144734454971
p-valu: 4.430533561042401e-275

AL interation 1183/4801.

mae: 0.02807799090998885
max_error: 0.14807335619610473
variance: 0.0005170205333121117
pearson: 0.08199846424217104
p-valu: 9.046716508032622e-144

AL interation 1184/4801.

mae: 0.028034239987479167
max_error: 0.14697215112158535
variance: 0.0005140145139617434
pearson: 0.0888787099650271
p-valu: 1.1921237281680677e-168

AL interation 1185/4801.

mae: 0.02811588776151755
max_error: 0.14895769966409222
variance: 0.0005150753063157445
pearson: 0.0845821163915866
p-valu: 7.140389816772712e-153

AL interation 1186/4801.

mae: 0.027995510255616935
max_error: 0.14854342776874052
variance: 0.0005127248102785829
pearson: 0.07664485784639723
p-valu: 8.333914794897145e-126

AL interation 1187/4801.

mae: 0.028015515566418098
max_error: 0.14893111329496111
variance: 0.0005141808465650401
pearson: 0.09612142091178849
p-valu: 4.954776990110389e-197

AL interation 1188/4801.

mae: 0.028018922224485914
max_error: 0.14875945276383806
variance: 0.0005140247372726048
pearson: 0.1097002316754209
p-valu: 2.388482819504354e-256

AL interation 1189/4801.

mae: 0.028019930741476018
max_error: 0.14880377507091413
variance: 0.0005139721576640827
pearson: 0.08355753667239198
p-valu: 3.1986553802053835e-149

AL interation 1190/4801.

mae: 0.027968409793624367
max_error: 0.1485171484668486
variance: 0.000511294543515342
pearson: 0.10760782594891945
p-valu: 1.1076429280639185e-246

AL interation 1191/4801.

mae: 0.02797351522924514
max_error: 0.14853499783515378
variance: 0.0005111374327470185
pearson: 0.08757715839503769
p-valu: 8.923001176126359e-164

AL interation 1192/4801.

mae: 0.027931981066512457
max_error: 0.14870663939421735
variance: 0.0005111564309102205
pearson: 0.14129065685567618
p-valu: 0.0

AL interation 1193/4801.

mae: 0.027946394870886224
max_error: 0.1487569901213961
variance: 0.0005120877486683799
pearson: 0.09038822078563494
p-valu: 2.301119592135933e-174

AL interation 1194/4801.

mae: 0.027934289707427746
max_error: 0.14884821887193045
variance: 0.0005123418395480908
pearson: 0.11326590492472993
p-valu: 3.109160917616019e-273

AL interation 1195/4801.

mae: 0.02791766317584945
max_error: 0.14895657800246642
variance: 0.0005116503560532326
pearson: 0.056423461201268045
p-valu: 5.851865476926202e-69

AL interation 1196/4801.

mae: 0.027921196012711407
max_error: 0.1489157753580317
variance: 0.0005121506883604363
pearson: 0.10062024976006784
p-valu: 8.812035752738691e-216

AL interation 1197/4801.

mae: 0.027841898320616294
max_error: 0.14893897187124328
variance: 0.0005109276302831154
pearson: 0.0828332200128065
p-valu: 1.1658514869145818e-146

AL interation 1198/4801.

mae: 0.027837811676112958
max_error: 0.14883601087552467
variance: 0.0005107764381380713
pearson: 0.04291109684882773
p-valu: 1.2992054989165794e-40

AL interation 1199/4801.

mae: 0.02778691388143118
max_error: 0.14984639705056413
variance: 0.0005103697366797478
pearson: 0.11974588298652537
p-valu: 2.366836599682991e-305

AL interation 1200/4801.

mae: 0.027784938982260636
max_error: 0.14932541443834868
variance: 0.0005102704719155996
pearson: 0.11820583114528518
p-valu: 1.5139612576918111e-297

AL interation 1201/4801.

mae: 0.02778638878725552
max_error: 0.14931421784006904
variance: 0.0005103754990353242
pearson: 0.09143929281417412
p-valu: 2.1331872859702526e-178

AL interation 1202/4801.

mae: 0.027726352796048712
max_error: 0.14880583137295122
variance: 0.0005067598490381825
pearson: 0.04395617064036688
p-valu: 1.5744609115934394e-42

AL interation 1203/4801.

mae: 0.02772318729481826
max_error: 0.14842093083956076
variance: 0.0005066115943208138
pearson: 0.09297484113386609
p-valu: 2.1617152215247755e-184

AL interation 1204/4801.

mae: 0.027726978582085053
max_error: 0.14846017372422882
variance: 0.0005066867596451579
pearson: 0.05404176161547218
p-valu: 2.1256626293471584e-63

AL interation 1205/4801.

mae: 0.027746554521525326
max_error: 0.1486077679014075
variance: 0.0005085500049234069
pearson: 0.06888231347863324
p-valu: 6.492476029688454e-102

AL interation 1206/4801.

mae: 0.027760760836499754
max_error: 0.1484518147694276
variance: 0.0005086804533564348
pearson: 0.03515109592845495
p-valu: 8.465081153759893e-28

AL interation 1207/4801.

mae: 0.02774157327934669
max_error: 0.14849052892298875
variance: 0.0005082176425450153
pearson: 0.18149432627163342
p-valu: 0.0

AL interation 1208/4801.

mae: 0.027735007889746973
max_error: 0.14849980311140332
variance: 0.0005083731137225781
pearson: 0.046370701022560724
p-valu: 3.916464002359841e-47

AL interation 1209/4801.

mae: 0.02775877991391213
max_error: 0.14884809793460096
variance: 0.0005101219117499639
pearson: 0.06831250512368683
p-valu: 2.9345013092993987e-100

AL interation 1210/4801.

mae: 0.027745605452126655
max_error: 0.14860733596236475
variance: 0.0005099901922976963
pearson: 0.14259459810615294
p-valu: 0.0

AL interation 1211/4801.

mae: 0.02776043035389627
max_error: 0.14992688306614088
variance: 0.0005096660027774178
pearson: 0.121917778055488
p-valu: 1.7082028e-316

AL interation 1212/4801.

mae: 0.027762489237838448
max_error: 0.14945652820773336
variance: 0.0005091852621762986
pearson: 0.06902450263296567
p-valu: 2.544104551143751e-102

AL interation 1213/4801.

mae: 0.027762791175277378
max_error: 0.14917811859726005
variance: 0.0005094834528994895
pearson: 0.15691795801238562
p-valu: 0.0

AL interation 1214/4801.

mae: 0.02776047660132608
max_error: 0.149200099350705
variance: 0.0005093347887814881
pearson: 0.049274700221184436
p-valu: 5.381162923570973e-53

AL interation 1215/4801.

mae: 0.02775057101691973
max_error: 0.14954127590993682
variance: 0.0005090572863651941
pearson: 0.13095877523685817
p-valu: 0.0

AL interation 1216/4801.

mae: 0.027702367487046128
max_error: 0.15038371489157232
variance: 0.0005072173158382909
pearson: 0.07722349930058683
p-valu: 1.1957617941056325e-127

AL interation 1217/4801.

mae: 0.027710328528607043
max_error: 0.1507005507968957
variance: 0.000506175626155839
pearson: 0.15840632066553378
p-valu: 0.0

AL interation 1218/4801.

mae: 0.02772996229135581
max_error: 0.14659582924599324
variance: 0.0005080499362529711
pearson: 0.11041244015084055
p-valu: 1.3373111483515843e-259

AL interation 1219/4801.

mae: 0.027745224047816874
max_error: 0.1468753828771101
variance: 0.0005080930733466547
pearson: 0.06418367924991299
p-valu: 1.066647866222406e-88

AL interation 1220/4801.

mae: 0.027821859334654028
max_error: 0.14698874458684674
variance: 0.0005101509702677141
pearson: 0.09616751111777287
p-valu: 3.748069932796463e-197

AL interation 1221/4801.

mae: 0.02784380215985142
max_error: 0.1473736780785062
variance: 0.000510124630096204
pearson: 0.06469466708754303
p-valu: 4.360673267938997e-90

AL interation 1222/4801.

mae: 0.02778839329417515
max_error: 0.14740419924913528
variance: 0.0005066889781423702
pearson: 0.14345837568116074
p-valu: 0.0

AL interation 1223/4801.

mae: 0.02777274938418185
max_error: 0.14523465609948705
variance: 0.0005075650021107306
pearson: 0.10977634573477739
p-valu: 1.3041275337185097e-256

AL interation 1224/4801.

mae: 0.027764643518481038
max_error: 0.14542931371346146
variance: 0.0005074685267477649
pearson: 0.10260483025915863
p-valu: 2.834234690582571e-224

AL interation 1225/4801.

mae: 0.027778749031138868
max_error: 0.14587448490914046
variance: 0.0005066405169367867
pearson: 0.095948002125712
p-valu: 3.0025080384318176e-196

AL interation 1226/4801.

mae: 0.02770442642673275
max_error: 0.14303988196610096
variance: 0.0005025908740337527
pearson: 0.0622856246523382
p-valu: 1.2628011939309251e-83

AL interation 1227/4801.

mae: 0.027709912046601844
max_error: 0.14299027048531077
variance: 0.0005034441792996546
pearson: 0.08123170506374461
p-valu: 4.648361934676736e-141

AL interation 1228/4801.

mae: 0.027613520620828086
max_error: 0.143402526656641
variance: 0.0005021861563711151
pearson: 0.07443507681883456
p-valu: 1.0675858060039364e-118

AL interation 1229/4801.

mae: 0.027700612230017775
max_error: 0.1445875108287824
variance: 0.000500644688387907
pearson: 0.026473488832567876
p-valu: 1.900416296610409e-16

AL interation 1230/4801.

mae: 0.02770140853383326
max_error: 0.14449819659006113
variance: 0.0005005864072552208
pearson: 0.10653960897334631
p-valu: 1.0057853312929561e-241

AL interation 1231/4801.

mae: 0.027715492004575227
max_error: 0.14513166051386595
variance: 0.0005010105537036611
pearson: 0.0454775421561905
p-valu: 2.1672664639428457e-45

AL interation 1232/4801.

mae: 0.0277148892025597
max_error: 0.144873445460175
variance: 0.0005012255438269297
pearson: 0.054856504054418484
p-valu: 2.9709512424168964e-65

AL interation 1233/4801.

mae: 0.02771268874006129
max_error: 0.1447589711983115
variance: 0.000500848930901369
pearson: 0.09222939207493044
p-valu: 2.0649681443444248e-181

AL interation 1234/4801.

mae: 0.02771805748120537
max_error: 0.14463730173468736
variance: 0.0005016569334357544
pearson: 0.08668310855472028
p-valu: 2.083471601012062e-160

AL interation 1235/4801.

mae: 0.027719126444039087
max_error: 0.14457305115814467
variance: 0.0005013140830400178
pearson: 0.08779301342977582
p-valu: 1.6718896109553868e-164

AL interation 1236/4801.

mae: 0.02771345186908454
max_error: 0.14449987201390702
variance: 0.0005015532029809509
pearson: 0.1115484790673306
p-valu: 6.555213945974234e-265

AL interation 1237/4801.

mae: 0.02769644527772423
max_error: 0.14459067688715965
variance: 0.0005020989930381337
pearson: 0.04169431492440024
p-valu: 2.0145115594615223e-38

AL interation 1238/4801.

mae: 0.0277079422548533
max_error: 0.14436747928214988
variance: 0.0005014422243025415
pearson: 0.11169336735783876
p-valu: 1.3636587953556144e-265

AL interation 1239/4801.

mae: 0.027663892821161374
max_error: 0.14526753851663177
variance: 0.0005002954961423785
pearson: 0.061614409316917584
p-valu: 7.370042011446354e-82

AL interation 1240/4801.

mae: 0.027676472193924287
max_error: 0.14567935680809985
variance: 0.0005004087300624894
pearson: 0.05448835620845824
p-valu: 2.126298359699005e-64

AL interation 1241/4801.

mae: 0.02767365133006041
max_error: 0.14590168103989942
variance: 0.0005006506700489977
pearson: 0.07715437083778266
p-valu: 2.166002270886038e-127

AL interation 1242/4801.

mae: 0.027649085875641497
max_error: 0.1457415024228199
variance: 0.0004997555441771907
pearson: 0.1106636517974062
p-valu: 1.024203509960845e-260

AL interation 1243/4801.

mae: 0.02763201517797243
max_error: 0.14511284579697037
variance: 0.0004979473029320171
pearson: 0.08456917007300413
p-valu: 9.785668527789095e-153

AL interation 1244/4801.

mae: 0.027625759481375876
max_error: 0.14514612503211044
variance: 0.000497710079583783
pearson: 0.05907427900164754
p-valu: 2.1921419335681465e-75

AL interation 1245/4801.

mae: 0.02762308792073497
max_error: 0.1441636420126402
variance: 0.0004978170073458598
pearson: 0.1049409216467443
p-valu: 1.6403178921270276e-234

AL interation 1246/4801.

mae: 0.027628651270531226
max_error: 0.1440890839489244
variance: 0.0004972791998983523
pearson: 0.06447246030845566
p-valu: 1.8541632298289468e-89

AL interation 1247/4801.

mae: 0.027589567597278885
max_error: 0.14246393612068875
variance: 0.0004985035337196923
pearson: 0.09408283951529886
p-valu: 1.069071767647195e-188

AL interation 1248/4801.

mae: 0.027591529061343562
max_error: 0.14252269858064626
variance: 0.0004981639601409148
pearson: 0.09285340358625442
p-valu: 7.898452259839157e-184

AL interation 1249/4801.

mae: 0.02756055911891005
max_error: 0.1425623333320205
variance: 0.0004979181732328005
pearson: 0.08022728352987288
p-valu: 1.3386877680675148e-137

AL interation 1250/4801.

mae: 0.02756099074222662
max_error: 0.14255992446436228
variance: 0.0004979240263454693
pearson: 0.08026815976922547
p-valu: 9.759577745043819e-138

AL interation 1251/4801.

mae: 0.027535192726127134
max_error: 0.1426020741104681
variance: 0.0004969715427302912
pearson: 0.21330666122146597
p-valu: 0.0

AL interation 1252/4801.

mae: 0.027531736160352163
max_error: 0.14252913652620425
variance: 0.0004970866319439804
pearson: 0.06038338254831006
p-valu: 1.1149227630399292e-78

AL interation 1253/4801.

mae: 0.02754341932057691
max_error: 0.14231995865651204
variance: 0.0004979108318923644
pearson: 0.06673025743515226
p-valu: 1.0531212492612374e-95

AL interation 1254/4801.

mae: 0.027537925420984634
max_error: 0.14272501106227953
variance: 0.0004971814679359091
pearson: 0.07370620130164605
p-valu: 2.188889751938715e-116

AL interation 1255/4801.

mae: 0.027417694708054816
max_error: 0.142637180182132
variance: 0.0004944841948140041
pearson: 0.06807965049114272
p-valu: 1.5302270630056116e-99

AL interation 1256/4801.

mae: 0.02744167898954719
max_error: 0.14287682216621267
variance: 0.000494650494502664
pearson: 0.08161916981887873
p-valu: 2.3733981331758373e-142

AL interation 1257/4801.

mae: 0.027438532303203624
max_error: 0.14266024394367793
variance: 0.0004948246946054566
pearson: 0.07305739183707305
p-valu: 2.2625647110099334e-114

AL interation 1258/4801.

mae: 0.027404034019754456
max_error: 0.14289604011304124
variance: 0.000495234358092521
pearson: 0.0918140898168604
p-valu: 9.534404198153717e-180

AL interation 1259/4801.

mae: 0.027385906062059255
max_error: 0.14287990242467874
variance: 0.0004946882302092148
pearson: 0.13502662969248977
p-valu: 0.0

AL interation 1260/4801.

mae: 0.027376501375205472
max_error: 0.14286939377728647
variance: 0.0004945313468380626
pearson: 0.06311976063237658
p-valu: 8.372831348626564e-86

AL interation 1261/4801.

mae: 0.027391546769704022
max_error: 0.1420415910883408
variance: 0.000494104613128707
pearson: 0.06710206253541978
p-valu: 9.55121943812609e-97

AL interation 1262/4801.

mae: 0.02733026662602016
max_error: 0.14200851155822836
variance: 0.0004922480160075988
pearson: 0.04584908566403911
p-valu: 4.301656882646422e-46

AL interation 1263/4801.

mae: 0.02738531387204821
max_error: 0.14082577366701532
variance: 0.0004916692707868364
pearson: 0.17284272616848545
p-valu: 0.0

AL interation 1264/4801.

mae: 0.027382926540499997
max_error: 0.14316684960379877
variance: 0.0004916263474246408
pearson: 0.11378073997805759
p-valu: 1.6025823292467077e-275

AL interation 1265/4801.

mae: 0.027367999429116364
max_error: 0.14294834538435186
variance: 0.0004912374005492988
pearson: 0.05085229390683883
p-valu: 2.66000398400649e-56

AL interation 1266/4801.

mae: 0.027369048629907942
max_error: 0.14275524870703027
variance: 0.0004913198774093077
pearson: 0.07317251862447548
p-valu: 1.0223819769765338e-114

AL interation 1267/4801.

mae: 0.02736198482561209
max_error: 0.14299163364506473
variance: 0.0004916109960959766
pearson: 0.1261679262079851
p-valu: 0.0

AL interation 1268/4801.

mae: 0.027259360417726367
max_error: 0.1407599395110397
variance: 0.0004868520603030352
pearson: 0.12675632880167365
p-valu: 0.0

AL interation 1269/4801.

mae: 0.027260269199508986
max_error: 0.1407054722998824
variance: 0.00048691013978967654
pearson: 0.07678439431303329
p-valu: 3.758599109581579e-126

AL interation 1270/4801.

mae: 0.027258302225634193
max_error: 0.1405610546766498
variance: 0.0004868587109438185
pearson: 0.06914376055026568
p-valu: 1.3122781802193062e-102

AL interation 1271/4801.

mae: 0.027255451860867853
max_error: 0.14118190819629906
variance: 0.00048714629161969116
pearson: 0.07110349648124477
p-valu: 2.0775176920112584e-108

AL interation 1272/4801.

mae: 0.02726128699844423
max_error: 0.14103513615867502
variance: 0.00048735381708623536
pearson: 0.09408461590461427
p-valu: 1.1755805007713825e-188

AL interation 1273/4801.

mae: 0.02726270470996609
max_error: 0.14141874809450616
variance: 0.0004876580367173176
pearson: 0.03627266807794216
p-valu: 1.7829669085970452e-29

AL interation 1274/4801.

mae: 0.02721668525292688
max_error: 0.141843033079053
variance: 0.0004869639415569316
pearson: 0.09114615891280478
p-valu: 3.9348168907065115e-177

AL interation 1275/4801.

mae: 0.02721676655809773
max_error: 0.1413494331276839
variance: 0.0004850523051937367
pearson: 0.035669419451695085
p-valu: 1.4780827246049359e-28

AL interation 1276/4801.

mae: 0.027216679556103917
max_error: 0.14120464079991013
variance: 0.000484901511650413
pearson: 0.09302806539525177
p-valu: 1.832445737908962e-184

AL interation 1277/4801.

mae: 0.027211562684710405
max_error: 0.14099502280208487
variance: 0.0004845655019858685
pearson: 0.09613487054776967
p-valu: 6.635440799048992e-197

AL interation 1278/4801.

mae: 0.02721182171397354
max_error: 0.14099336096608983
variance: 0.00048457661468799643
pearson: 0.05516918397168046
p-valu: 5.989781562557244e-66

AL interation 1279/4801.

mae: 0.027211935392241107
max_error: 0.1410392508727769
variance: 0.0004847656997113301
pearson: 0.0840255426273595
p-valu: 9.643968824838145e-151

AL interation 1280/4801.

mae: 0.027152441665848317
max_error: 0.14029448165041192
variance: 0.00048288126016522167
pearson: 0.09922349773909774
p-valu: 1.1121534856983143e-209

AL interation 1281/4801.

mae: 0.02714483449393053
max_error: 0.13934824353912934
variance: 0.0004830637043287007
pearson: 0.07621867168501319
p-valu: 2.6208611218320327e-124

AL interation 1282/4801.

mae: 0.027135137721993503
max_error: 0.13921586997770152
variance: 0.00048181123853884944
pearson: 0.10413014826815305
p-valu: 7.928689109691445e-231

AL interation 1283/4801.

mae: 0.027121999066877095
max_error: 0.13936099148071168
variance: 0.0004808896896067867
pearson: 0.04119006972201148
p-valu: 1.6006615944775144e-37

AL interation 1284/4801.

mae: 0.027127624734041653
max_error: 0.13844969851510047
variance: 0.0004802005619935211
pearson: 0.07941665281854016
p-valu: 8.124788038311907e-135

AL interation 1285/4801.

mae: 0.027162079916887707
max_error: 0.1377075328068118
variance: 0.0004824697019625456
pearson: 0.07660368176769372
p-valu: 1.5170107909318205e-125

AL interation 1286/4801.

mae: 0.02710189113544666
max_error: 0.13727803468958388
variance: 0.00048143059335482245
pearson: 0.06836184076930509
p-valu: 2.53295710576906e-100

AL interation 1287/4801.

mae: 0.02710113279426869
max_error: 0.13729520038344578
variance: 0.00048140812620901954
pearson: 0.0730885965977603
p-valu: 1.964534557618514e-114

AL interation 1288/4801.

mae: 0.0271002867493117
max_error: 0.13726587253534905
variance: 0.0004812903041799846
pearson: 0.10751346761741554
p-valu: 5.287196716393616e-246

AL interation 1289/4801.

mae: 0.027099695953857413
max_error: 0.13700357472720004
variance: 0.00048152072999831243
pearson: 0.05406981473585245
p-valu: 2.0782586119054845e-63

AL interation 1290/4801.

mae: 0.02702740909833961
max_error: 0.13517487727898203
variance: 0.0004794387439393542
pearson: 0.10991704649415004
p-valu: 4.321247942719018e-257

AL interation 1291/4801.

mae: 0.027024539776446116
max_error: 0.135371853757019
variance: 0.0004797360146263593
pearson: 0.10480002577014767
p-valu: 8.96197286881338e-234

AL interation 1292/4801.

mae: 0.027024623565760093
max_error: 0.1353709944391399
variance: 0.00047973779620203057
pearson: 0.06302427888806668
p-valu: 1.60232097585321e-85

AL interation 1293/4801.

mae: 0.027024419296741913
max_error: 0.13553780800378679
variance: 0.00047913509092331385
pearson: 0.15925521496176898
p-valu: 0.0

AL interation 1294/4801.

mae: 0.02700182356864645
max_error: 0.13626916044580373
variance: 0.0004790614745031939
pearson: 0.04612017936815105
p-valu: 1.3250007525856317e-46

AL interation 1295/4801.

mae: 0.026945614404123484
max_error: 0.13418002078236402
variance: 0.0004761243843109994
pearson: 0.10114987898256302
p-valu: 7.932257488718596e-218

AL interation 1296/4801.

mae: 0.026912636864584477
max_error: 0.13364552551268805
variance: 0.00047347349365420397
pearson: 0.10717863497588076
p-valu: 1.8566643708173883e-244

AL interation 1297/4801.

mae: 0.026906698525478657
max_error: 0.1337109552618445
variance: 0.00047339475860767253
pearson: 0.08542937256977107
p-valu: 9.63579386716004e-156

AL interation 1298/4801.

mae: 0.026934813617160762
max_error: 0.13656573661085947
variance: 0.0004704138738803358
pearson: 0.08764239263489138
p-valu: 7.72589436825289e-164

AL interation 1299/4801.

mae: 0.02693094756911876
max_error: 0.13693426324919944
variance: 0.0004690968496446628
pearson: 0.1552144864269802
p-valu: 0.0

AL interation 1300/4801.

mae: 0.02693752509117168
max_error: 0.13861432001743612
variance: 0.0004686985012843863
pearson: 0.08544015283515918
p-valu: 8.906957645503243e-156

AL interation 1301/4801.

mae: 0.026869020213498244
max_error: 0.13825404163020227
variance: 0.0004673982942518479
pearson: 0.08168526220576004
p-valu: 1.6321329673606341e-142

AL interation 1302/4801.

mae: 0.026865050838879356
max_error: 0.13838611072008877
variance: 0.00046723616473078126
pearson: 0.07497302350095318
p-valu: 2.637208210149786e-120

AL interation 1303/4801.

mae: 0.02686513615795872
max_error: 0.1382991023396558
variance: 0.0004665196029501668
pearson: 0.05074289285751619
p-valu: 4.794629309880553e-56

AL interation 1304/4801.

mae: 0.026865070499746842
max_error: 0.1382894006923694
variance: 0.0004665236390137143
pearson: 0.08412346083804652
p-valu: 4.729562091245348e-151

AL interation 1305/4801.

mae: 0.026899077280867382
max_error: 0.1384456822810849
variance: 0.0004662056629121889
pearson: 0.10580360977905022
p-valu: 3.188494389234531e-238

AL interation 1306/4801.

mae: 0.02690300621168147
max_error: 0.13883104214931752
variance: 0.0004663607867779258
pearson: 0.04434261435565017
p-valu: 3.3182829502893327e-43

AL interation 1307/4801.

mae: 0.026901259426276355
max_error: 0.1390641719603396
variance: 0.00046633356084904834
pearson: 0.11526623427736803
p-valu: 1.2504931159966924e-282

AL interation 1308/4801.

mae: 0.02687488877343272
max_error: 0.1440842285878121
variance: 0.00046729440207691824
pearson: 0.08450066619616362
p-valu: 2.171772024332405e-152

AL interation 1309/4801.

mae: 0.026898696677882736
max_error: 0.14602018391036342
variance: 0.0004680659981563055
pearson: 0.09497044006674044
p-valu: 3.955485115148776e-192

AL interation 1310/4801.

mae: 0.026874805798264335
max_error: 0.14575068385005086
variance: 0.00046771005458345254
pearson: 0.11953763061304892
p-valu: 6.060770395801544e-304

AL interation 1311/4801.

mae: 0.02686569556863812
max_error: 0.14520795415540722
variance: 0.00046706606818297264
pearson: 0.07795555117948554
p-valu: 6.347916983733741e-130

AL interation 1312/4801.

mae: 0.026856132005254617
max_error: 0.14459583812771104
variance: 0.0004668962184706974
pearson: 0.08531042723625137
p-valu: 2.7353219059456946e-155

AL interation 1313/4801.

mae: 0.026891101632369137
max_error: 0.14543973119310483
variance: 0.0004678338568085011
pearson: 0.05647473678270061
p-valu: 5.33576817458869e-69

AL interation 1314/4801.

mae: 0.02690024708431323
max_error: 0.1454427505099689
variance: 0.0004678449286523737
pearson: 0.03814582356911319
p-valu: 2.0739808710713446e-32

AL interation 1315/4801.

mae: 0.026886325470548034
max_error: 0.14552582298841532
variance: 0.00046517708572396503
pearson: 0.11860423309959654
p-valu: 3.353942682661406e-299

AL interation 1316/4801.

mae: 0.02688891971321986
max_error: 0.145602402716972
variance: 0.0004653886093043952
pearson: 0.02979859626505269
p-valu: 2.084178678106969e-20

AL interation 1317/4801.

mae: 0.026887996108494492
max_error: 0.1456096681844743
variance: 0.0004649189912515342
pearson: 0.15278656140214197
p-valu: 0.0

AL interation 1318/4801.

mae: 0.026934644246835907
max_error: 0.14657619097073127
variance: 0.0004650752246539783
pearson: 0.10785616125962896
p-valu: 1.7110137715309083e-247

AL interation 1319/4801.

mae: 0.02693649182693812
max_error: 0.14651648242528115
variance: 0.0004651326111801211
pearson: 0.11930201419198552
p-valu: 1.017530662668585e-302

AL interation 1320/4801.

mae: 0.026917646009140043
max_error: 0.1466714449520028
variance: 0.000464335232953636
pearson: 0.04120861244428671
p-valu: 1.5337970968148614e-37

AL interation 1321/4801.

mae: 0.02689456692014965
max_error: 0.14560094458960027
variance: 0.00046511391512000984
pearson: 0.1054830468630164
p-valu: 9.52801932097465e-237

AL interation 1322/4801.

mae: 0.026893997554371076
max_error: 0.14559778647656874
variance: 0.0004651115251671897
pearson: 0.059679762528508436
p-valu: 7.659088933191143e-77

AL interation 1323/4801.

mae: 0.0268218811798723
max_error: 0.14668927210862837
variance: 0.00046201203910996124
pearson: 0.15469438717310113
p-valu: 0.0

AL interation 1324/4801.

mae: 0.026821915657909652
max_error: 0.14638983446223808
variance: 0.0004618040309075365
pearson: 0.05456647352743361
p-valu: 1.5937899405455472e-64

AL interation 1325/4801.

mae: 0.02688690308516925
max_error: 0.1486272647265965
variance: 0.00046359549844433975
pearson: 0.07487097095636472
p-valu: 5.916911903551456e-120

AL interation 1326/4801.

mae: 0.026886682373448368
max_error: 0.14863750055104408
variance: 0.0004636183742334578
pearson: 0.05542181851442131
p-valu: 1.660499237045958e-66

AL interation 1327/4801.

mae: 0.026868590429504794
max_error: 0.1485838223538254
variance: 0.00046367764369395595
pearson: 0.06604909499568287
p-valu: 1.0042582425797422e-93

AL interation 1328/4801.

mae: 0.026863369269614565
max_error: 0.14847346367190273
variance: 0.0004635783153625624
pearson: 0.0736553986624363
p-valu: 3.853929185944202e-116

AL interation 1329/4801.

mae: 0.026860631608294112
max_error: 0.14849024628113927
variance: 0.0004633292015815866
pearson: 0.15488342524164747
p-valu: 0.0

AL interation 1330/4801.

mae: 0.026829567001965815
max_error: 0.14887924789166807
variance: 0.00046291914250366984
pearson: 0.12922956125123714
p-valu: 0.0

AL interation 1331/4801.

mae: 0.026828905327845858
max_error: 0.1495486592752373
variance: 0.0004633386995260172
pearson: 0.055460935065973056
p-valu: 1.3556530530082803e-66

AL interation 1332/4801.

mae: 0.02680282035039636
max_error: 0.14921439617631638
variance: 0.0004631117007921578
pearson: 0.049770365169889474
p-valu: 5.730846250762317e-54

AL interation 1333/4801.

mae: 0.026799051723061365
max_error: 0.14942789520085586
variance: 0.00046279900345309096
pearson: 0.06720414432029093
p-valu: 5.776027167010757e-97

AL interation 1334/4801.

mae: 0.026806832318901932
max_error: 0.14909212211153733
variance: 0.0004632577646723845
pearson: 0.04049963475383141
p-valu: 2.5934630174214808e-36

AL interation 1335/4801.

mae: 0.026811521974191628
max_error: 0.149014553558513
variance: 0.000463173122593902
pearson: 0.04102703230693417
p-valu: 3.2102972780193673e-37

AL interation 1336/4801.

mae: 0.026800174487603877
max_error: 0.14896428691048147
variance: 0.00046289426793247795
pearson: 0.12737633641247764
p-valu: 0.0

AL interation 1337/4801.

mae: 0.026855836095202812
max_error: 0.15571044840129122
variance: 0.0004612760215341264
pearson: 0.07384599726646413
p-valu: 1.0077277179501454e-116

AL interation 1338/4801.

mae: 0.02686552339903283
max_error: 0.15585501010485547
variance: 0.00046143641639563224
pearson: 0.08092427109592369
p-valu: 7.583711867932717e-140

AL interation 1339/4801.

mae: 0.026876773267378227
max_error: 0.15607752927774943
variance: 0.0004617042272635145
pearson: 0.08220398377922014
p-valu: 2.9692160843193266e-144

AL interation 1340/4801.

mae: 0.026838037761032916
max_error: 0.15755359223788634
variance: 0.00045998143696239795
pearson: 0.04743491328086073
p-valu: 3.544334984619384e-49

AL interation 1341/4801.

mae: 0.02683635777318242
max_error: 0.1577823854872209
variance: 0.00046023221302884476
pearson: 0.14258798741747047
p-valu: 0.0

AL interation 1342/4801.

mae: 0.026845926403469143
max_error: 0.1576102926186964
variance: 0.00045942726514084823
pearson: 0.03665392019219666
p-valu: 4.8242271750917115e-30

AL interation 1343/4801.

mae: 0.026840109492415172
max_error: 0.15780228910392413
variance: 0.00045910539537771095
pearson: 0.04653330808222682
p-valu: 2.1761796223560436e-47

AL interation 1344/4801.

mae: 0.02684962191191429
max_error: 0.15786362595593761
variance: 0.00045941678303383133
pearson: 0.028418261826111017
p-valu: 1.0691515643971243e-18

AL interation 1345/4801.

mae: 0.026846692219997026
max_error: 0.1577618076875611
variance: 0.0004595002107682823
pearson: 0.09545162242260292
p-valu: 5.36122857036207e-194

AL interation 1346/4801.

mae: 0.026845826480599865
max_error: 0.1577762546452819
variance: 0.00045913264570086204
pearson: 0.07354826766313305
p-valu: 8.708201077147201e-116

AL interation 1347/4801.

mae: 0.026646492281621137
max_error: 0.1575979092244184
variance: 0.0004523106334446468
pearson: 0.04649818715252303
p-valu: 2.561482417768692e-47

AL interation 1348/4801.

mae: 0.026685769661034087
max_error: 0.16219850935106894
variance: 0.0004539639142938326
pearson: 0.05564506970911408
p-valu: 5.1561239788128234e-67

AL interation 1349/4801.

mae: 0.026697519337424595
max_error: 0.16237903457971203
variance: 0.0004543035443343506
pearson: 0.0332140753728715
p-valu: 5.851122729465986e-25

AL interation 1350/4801.

mae: 0.026694190166814367
max_error: 0.16240169435462537
variance: 0.0004538573431993025
pearson: 0.08516134704126192
p-valu: 1.0821197080828797e-154

AL interation 1351/4801.

mae: 0.026694290500158247
max_error: 0.16240991336729582
variance: 0.00045384789154962623
pearson: 0.049992808382810824
p-valu: 1.9982492628669168e-54

AL interation 1352/4801.

mae: 0.026708855820739695
max_error: 0.16281437782839436
variance: 0.0004544698011465628
pearson: 0.0638142158968272
p-valu: 1.3948005924529616e-87

AL interation 1353/4801.

mae: 0.026704026505725065
max_error: 0.16264733070732706
variance: 0.00045432957094664197
pearson: 0.07869789670829935
p-valu: 2.5335360976569355e-132

AL interation 1354/4801.

mae: 0.026711930936248258
max_error: 0.1626184689916359
variance: 0.00045459412427657493
pearson: 0.045068586902775445
p-valu: 1.4874722181782092e-44

AL interation 1355/4801.

mae: 0.02669841506698242
max_error: 0.16243781170981908
variance: 0.00045383612850405716
pearson: 0.14433524449710405
p-valu: 0.0

AL interation 1356/4801.

mae: 0.026704403354925226
max_error: 0.16396947249944294
variance: 0.00045456442995518763
pearson: 0.08394803913315853
p-valu: 2.3870959934932394e-150

AL interation 1357/4801.

mae: 0.026719630226550797
max_error: 0.16406082291854052
variance: 0.00045527028714114097
pearson: 0.1487619851273986
p-valu: 0.0

AL interation 1358/4801.

mae: 0.026701417120373657
max_error: 0.16391850500752714
variance: 0.0004551541837139117
pearson: 0.12653186702684327
p-valu: 0.0

AL interation 1359/4801.

mae: 0.026767703916877925
max_error: 0.1649441857256848
variance: 0.0004597769678466055
pearson: 0.10381771707052422
p-valu: 2.8733630985857313e-229

AL interation 1360/4801.

mae: 0.026737446485107483
max_error: 0.1647921819289282
variance: 0.0004598396563977672
pearson: 0.09696549790111023
p-valu: 3.9373665618272275e-200

AL interation 1361/4801.

mae: 0.02672422870871681
max_error: 0.16560398688983202
variance: 0.0004598771355573681
pearson: 0.04167168133172021
p-valu: 2.46099218059291e-38

AL interation 1362/4801.

mae: 0.02676019185380377
max_error: 0.16524804802560045
variance: 0.00046204136205124587
pearson: 0.07990284540252697
p-valu: 2.4103198997641767e-136

AL interation 1363/4801.

mae: 0.0267374200525485
max_error: 0.1664430709983522
variance: 0.0004616072837531255
pearson: 0.06378158182252512
p-valu: 1.7460517084661934e-87

AL interation 1364/4801.

mae: 0.02673853178690286
max_error: 0.1677181045101266
variance: 0.0004606832157054582
pearson: 0.06481731513896738
p-valu: 2.724378035775878e-90

AL interation 1365/4801.

mae: 0.026662928374321666
max_error: 0.16615025842059783
variance: 0.00046122484823069314
pearson: 0.029033508914613697
p-valu: 1.918244995652565e-19

AL interation 1366/4801.

mae: 0.026666725578190414
max_error: 0.16922734779421678
variance: 0.000461123038805696
pearson: 0.11173097638026674
p-valu: 2.0211723621766625e-265

AL interation 1367/4801.

mae: 0.026663142201037805
max_error: 0.16898678752789653
variance: 0.0004613889439318015
pearson: 0.04215639732612282
p-valu: 3.4362589015620135e-39

AL interation 1368/4801.

mae: 0.026663194318104877
max_error: 0.16898655079006364
variance: 0.0004613933093534638
pearson: 0.15766339658905884
p-valu: 0.0

AL interation 1369/4801.

mae: 0.02665249096261706
max_error: 0.17091900491817302
variance: 0.0004585765452122814
pearson: 0.11048040836850626
p-valu: 1.6226824086647894e-259

AL interation 1370/4801.

mae: 0.026567041398403803
max_error: 0.17172394851280348
variance: 0.00045498025993138757
pearson: 0.06183330620851979
p-valu: 2.549424209210134e-82

AL interation 1371/4801.

mae: 0.026546965053838318
max_error: 0.17311076938079584
variance: 0.00045385895510742036
pearson: 0.11241006205267595
p-valu: 1.227337191635544e-268

AL interation 1372/4801.

mae: 0.02648445961851968
max_error: 0.1726203027332618
variance: 0.0004512647976932187
pearson: 0.06384137744111874
p-valu: 1.2279953392450425e-87

AL interation 1373/4801.

mae: 0.026486375392555425
max_error: 0.17259560004771135
variance: 0.00045128780785967383
pearson: 0.05439352857080104
p-valu: 4.2793547405558426e-64

AL interation 1374/4801.

mae: 0.026473675983886148
max_error: 0.1726135337389083
variance: 0.0004514924723070785
pearson: 0.11238794336794927
p-valu: 1.595077731716196e-268

AL interation 1375/4801.

mae: 0.026452954847984187
max_error: 0.17382141506044224
variance: 0.0004511702663110273
pearson: 0.030056306342059868
p-valu: 1.008151646898713e-20

AL interation 1376/4801.

mae: 0.026454166034210382
max_error: 0.17381456698370545
variance: 0.00045117397138271946
pearson: 0.09989485701004086
p-valu: 2.6468517845004465e-212

AL interation 1377/4801.

mae: 0.026449179435872387
max_error: 0.1739371015968887
variance: 0.0004505379309173089
pearson: 0.20305357964946044
p-valu: 0.0

AL interation 1378/4801.

mae: 0.026450140304657695
max_error: 0.17422141272748792
variance: 0.00045008519787213233
pearson: 0.0865982004537235
p-valu: 7.34105745864226e-160

AL interation 1379/4801.

mae: 0.026397221943828847
max_error: 0.17525633537792107
variance: 0.0004484750916529809
pearson: 0.09896158995535496
p-valu: 2.279162735663933e-208

AL interation 1380/4801.

mae: 0.026400789585956375
max_error: 0.17536281568339707
variance: 0.0004484947667305585
pearson: 0.0982982939493376
p-valu: 1.3463555287380492e-205

AL interation 1381/4801.

mae: 0.026381608505803136
max_error: 0.17486485367902294
variance: 0.0004467814495863781
pearson: 0.0533132410605915
p-valu: 1.2256139176963529e-61

AL interation 1382/4801.

mae: 0.026369363455762754
max_error: 0.17496154047279067
variance: 0.000445925136901462
pearson: 0.1295641938536028
p-valu: 0.0

AL interation 1383/4801.

mae: 0.02637034785867661
max_error: 0.17498360325174378
variance: 0.0004459123593235328
pearson: 0.11526315101727987
p-valu: 2.153184741729296e-282

AL interation 1384/4801.

mae: 0.02633630590342898
max_error: 0.1753456811560996
variance: 0.0004449257853626144
pearson: 0.16264781963559713
p-valu: 0.0

AL interation 1385/4801.

mae: 0.02634196813957128
max_error: 0.17555459830094566
variance: 0.0004449194937916754
pearson: 0.11472174689531564
p-valu: 9.609197063455903e-280

AL interation 1386/4801.

mae: 0.026304129370132663
max_error: 0.17591343336374354
variance: 0.00044569813462282256
pearson: 0.03983293059819744
p-valu: 3.653698848498615e-35

AL interation 1387/4801.

mae: 0.026307265829644523
max_error: 0.1745399716577909
variance: 0.00044550775934287866
pearson: 0.035733415547948906
p-valu: 1.2716191790135765e-28

AL interation 1388/4801.

mae: 0.026296939622098787
max_error: 0.1749410749502518
variance: 0.00044565783625603135
pearson: 0.041044588713103014
p-valu: 3.1307740336770966e-37

AL interation 1389/4801.

mae: 0.026287189070286487
max_error: 0.17519430098530808
variance: 0.0004458204447675942
pearson: 0.03778669521300372
p-valu: 8.249877798280671e-32

AL interation 1390/4801.

mae: 0.0263038445632017
max_error: 0.1741956267427982
variance: 0.00044622747633588105
pearson: 0.05470507594495192
p-valu: 8.437401474329395e-65

AL interation 1391/4801.

mae: 0.02630466116059271
max_error: 0.1749054455898973
variance: 0.00044416257756274856
pearson: 0.10351330202477364
p-valu: 7.424453211250283e-228

AL interation 1392/4801.

mae: 0.026299405207617754
max_error: 0.17491355361147232
variance: 0.0004437626677692233
pearson: 0.0918677309641817
p-valu: 1.0414819971208737e-179

AL interation 1393/4801.

mae: 0.026301690839660302
max_error: 0.17485740590694565
variance: 0.0004438111674758085
pearson: 0.1112265931809267
p-valu: 5.821936032969182e-263

AL interation 1394/4801.

mae: 0.026271497926961998
max_error: 0.17411107323772246
variance: 0.00044237013300356165
pearson: 0.05306434814208262
p-valu: 4.510928603450232e-61

AL interation 1395/4801.

mae: 0.026259827981356954
max_error: 0.17388341325880408
variance: 0.00044212953386285137
pearson: 0.19779901824252527
p-valu: 0.0

AL interation 1396/4801.

mae: 0.02626511005310647
max_error: 0.17396353009774845
variance: 0.00044230944272025363
pearson: 0.06388899666489777
p-valu: 9.602074779305933e-88

AL interation 1397/4801.

mae: 0.026246923768221336
max_error: 0.17361376862157574
variance: 0.00044222543620045307
pearson: 0.07098217003423664
p-valu: 6.605970032105888e-108

AL interation 1398/4801.

mae: 0.026245574115289515
max_error: 0.1736486969961648
variance: 0.0004420610286300813
pearson: 0.09473609235663061
p-valu: 5.1599301341458536e-191

AL interation 1399/4801.

mae: 0.02626208438495594
max_error: 0.17319276341862366
variance: 0.0004420179326845341
pearson: 0.05240714492831293
p-valu: 1.3114105923437761e-59

AL interation 1400/4801.

mae: 0.02625246583813985
max_error: 0.17425574033717073
variance: 0.0004426416501219255
pearson: 0.1069579732634247
p-valu: 3.3990124026600744e-243

AL interation 1401/4801.

mae: 0.026258012100476888
max_error: 0.17418651747851488
variance: 0.00044313735552800154
pearson: 0.06999058933350244
p-valu: 5.903015284484759e-105

AL interation 1402/4801.

mae: 0.026203017867328773
max_error: 0.1741715679340219
variance: 0.0004427522395762739
pearson: 0.12819698228576126
p-valu: 0.0

AL interation 1403/4801.

mae: 0.026203250614324606
max_error: 0.17416790944974725
variance: 0.0004427537019283953
pearson: 0.08644963731596149
p-valu: 2.8158562580647254e-159

AL interation 1404/4801.

mae: 0.026188828440034024
max_error: 0.1742539392648128
variance: 0.00044220505997473025
pearson: 0.08008463153081576
p-valu: 6.712926057091672e-137

AL interation 1405/4801.

mae: 0.026172343671480164
max_error: 0.17432348644564133
variance: 0.00044227191295999774
pearson: 0.10035653554155224
p-valu: 3.382235407906067e-214

AL interation 1406/4801.

mae: 0.02617573303538015
max_error: 0.17507706696727343
variance: 0.00044205433125074785
pearson: 0.06505344831075933
p-valu: 6.723175468566991e-91

AL interation 1407/4801.

mae: 0.026151004800850305
max_error: 0.17563272990213097
variance: 0.00044108122684182024
pearson: 0.051095202649538145
p-valu: 9.622806692786633e-57

AL interation 1408/4801.

mae: 0.026154933243152066
max_error: 0.1756232286238033
variance: 0.0004409762681302447
pearson: 0.04104769877006499
p-valu: 3.145092109397168e-37

AL interation 1409/4801.

mae: 0.026174843918784944
max_error: 0.1755736999397728
variance: 0.00044198169649250916
pearson: 0.07943466810734644
p-valu: 1.050634391620396e-134

AL interation 1410/4801.

mae: 0.026168526718096587
max_error: 0.17420505020657817
variance: 0.0004422707027661684
pearson: 0.10807791373602937
p-valu: 2.8332207205359856e-248

AL interation 1411/4801.

mae: 0.026157501679454936
max_error: 0.17467987986259192
variance: 0.00044178078882468544
pearson: 0.049711069063133856
p-valu: 8.418318589627103e-54

AL interation 1412/4801.

mae: 0.02608914842310805
max_error: 0.17630728419811437
variance: 0.0004385625912036129
pearson: 0.05417018918825257
p-valu: 1.469982799283271e-63

AL interation 1413/4801.

mae: 0.026088897281294685
max_error: 0.17641474211580732
variance: 0.00043861595137814245
pearson: 0.05876121864140073
p-valu: 1.7644595005080637e-74

AL interation 1414/4801.

mae: 0.02610459177733291
max_error: 0.175940526585177
variance: 0.00043857389503962346
pearson: 0.057834651650639717
p-valu: 3.334531721234854e-72

AL interation 1415/4801.

mae: 0.026109168980332723
max_error: 0.1760741338034082
variance: 0.0004385981158196603
pearson: 0.06985581678445822
p-valu: 1.5250005533972977e-104

AL interation 1416/4801.

mae: 0.026084378668979426
max_error: 0.17559963403021772
variance: 0.0004388356965426266
pearson: 0.06440762357780416
p-valu: 3.965921455572168e-89

AL interation 1417/4801.

mae: 0.026081907808104335
max_error: 0.1756048779620274
variance: 0.0004387671278862755
pearson: 0.13461982821664065
p-valu: 0.0

AL interation 1418/4801.

mae: 0.026073098320354753
max_error: 0.1754222218455057
variance: 0.0004385347249846858
pearson: 0.07706141023620255
p-valu: 7.377089863614028e-127

AL interation 1419/4801.

mae: 0.02606475196588622
max_error: 0.17559634683078418
variance: 0.00043882976825777365
pearson: 0.0594468742592948
p-valu: 3.498855035402426e-76

AL interation 1420/4801.

mae: 0.02608458295058606
max_error: 0.17551703993325152
variance: 0.0004400669884057322
pearson: 0.1199326231362779
p-valu: 1.3084314371019927e-305

AL interation 1421/4801.

mae: 0.026179764532555324
max_error: 0.1745610797474315
variance: 0.00044268721660238104
pearson: 0.052772538493725124
p-valu: 2.096024235955831e-60

AL interation 1422/4801.

mae: 0.02618338644714009
max_error: 0.17303267023220048
variance: 0.0004420379921889386
pearson: 0.09203785717574377
p-valu: 2.580929505884936e-180

AL interation 1423/4801.

mae: 0.026157620013294042
max_error: 0.17298594895458752
variance: 0.000441930537106613
pearson: 0.07226909717512853
p-valu: 9.178365165549984e-112

AL interation 1424/4801.

mae: 0.026158316970977247
max_error: 0.17301999358226983
variance: 0.000441944654054816
pearson: 0.04034560257026045
p-valu: 5.1147720972499364e-36

AL interation 1425/4801.

mae: 0.02615590838951175
max_error: 0.17378546829553176
variance: 0.00044312054211344417
pearson: 0.04000091418880105
p-valu: 1.9650140135656937e-35

AL interation 1426/4801.

mae: 0.026153597201164232
max_error: 0.1737337657136182
variance: 0.00044312933489799503
pearson: 0.09988990344509666
p-valu: 3.5700323002620835e-212

AL interation 1427/4801.

mae: 0.026097202985717154
max_error: 0.17460631330089615
variance: 0.00044251340659890576
pearson: 0.05314401431963483
p-valu: 3.135690590939569e-61

AL interation 1428/4801.

mae: 0.026033976281464973
max_error: 0.1743732067947663
variance: 0.00044239788955976474
pearson: 0.07202890499089643
p-valu: 5.000271061341922e-111

AL interation 1429/4801.

mae: 0.026038523437867753
max_error: 0.17448732058749972
variance: 0.000442585180317936
pearson: 0.09383463324481227
p-valu: 2.326385246959318e-187

AL interation 1430/4801.

mae: 0.026101143726868302
max_error: 0.1744380535632759
variance: 0.00044388647648394475
pearson: 0.04955874059008842
p-valu: 1.7947959764800777e-53

AL interation 1431/4801.

mae: 0.026159927724362906
max_error: 0.17556359540816135
variance: 0.00044584428584196667
pearson: 0.10014065866078194
p-valu: 3.178825947913296e-213

AL interation 1432/4801.

mae: 0.026180830558485114
max_error: 0.17559542826660124
variance: 0.00044515704714905084
pearson: 0.09112636081592612
p-valu: 9.072732281261578e-177

AL interation 1433/4801.

mae: 0.026173586732688586
max_error: 0.17532065107974137
variance: 0.00044512490064961427
pearson: 0.09348515771731261
p-valu: 5.727503732158939e-186

AL interation 1434/4801.

mae: 0.026181028979213147
max_error: 0.17535381228611602
variance: 0.00044507952391826763
pearson: 0.08877603295335457
p-valu: 7.810045338204117e-168

AL interation 1435/4801.

mae: 0.026133651530992872
max_error: 0.17453807325494797
variance: 0.0004439365194005452
pearson: 0.052298925028279604
p-valu: 2.3876371463477635e-59

AL interation 1436/4801.

mae: 0.026125429053670414
max_error: 0.1737685265429123
variance: 0.0004435980431630354
pearson: 0.05566585571544952
p-valu: 5.285124139541664e-67

AL interation 1437/4801.

mae: 0.02615646575503424
max_error: 0.1739992080833277
variance: 0.00044537208599561393
pearson: 0.0674685729041478
p-valu: 1.2997114717911212e-97

AL interation 1438/4801.

mae: 0.025992175584953845
max_error: 0.17419871986151936
variance: 0.0004389622693301652
pearson: 0.08760591216311496
p-valu: 1.8099430648674512e-163

AL interation 1439/4801.

mae: 0.0259942413777185
max_error: 0.17386492699136813
variance: 0.0004382435740926802
pearson: 0.037101262623219264
p-valu: 1.036248832523822e-30

AL interation 1440/4801.

mae: 0.02594585790296806
max_error: 0.17293337604081405
variance: 0.00043683875411050033
pearson: 0.1121284524837594
p-valu: 4.1753442569469395e-267

AL interation 1441/4801.

mae: 0.025974338214154853
max_error: 0.17358664157057735
variance: 0.0004367019591635974
pearson: 0.04778753641352251
p-valu: 7.794946256184353e-50

AL interation 1442/4801.

mae: 0.02597254736333683
max_error: 0.17359441889624083
variance: 0.0004366999882637537
pearson: 0.13271671759030687
p-valu: 0.0

AL interation 1443/4801.

mae: 0.025973429597046897
max_error: 0.17347710316738318
variance: 0.0004366419012961838
pearson: 0.1100914725214264
p-valu: 1.6839935437788027e-257

AL interation 1444/4801.

mae: 0.02597478006744634
max_error: 0.17342462095024036
variance: 0.00043676821472091464
pearson: 0.08435761887604658
p-valu: 1.1441869852501938e-151

AL interation 1445/4801.

mae: 0.025808449318265047
max_error: 0.17372082087370888
variance: 0.00042948185206961924
pearson: 0.09131387081161346
p-valu: 1.8140739914374258e-177

AL interation 1446/4801.

mae: 0.02574128207374029
max_error: 0.1733288992358526
variance: 0.00042675542280669635
pearson: 0.0905695806947823
p-valu: 1.3183018822753212e-174

AL interation 1447/4801.

mae: 0.025715403830408264
max_error: 0.17244305417574157
variance: 0.00042630816014337943
pearson: 0.10343400953358946
p-valu: 2.2344004168546064e-227

AL interation 1448/4801.

mae: 0.025719409720752748
max_error: 0.17246368490799302
variance: 0.00042649707190663073
pearson: 0.05832134425125716
p-valu: 2.277462267849225e-73

AL interation 1449/4801.

mae: 0.02571494713309178
max_error: 0.17243312069825567
variance: 0.0004264838341516186
pearson: 0.03542889501093653
p-valu: 3.7959059065250383e-28

AL interation 1450/4801.

mae: 0.025718771731453923
max_error: 0.17246568129070017
variance: 0.00042638559022001337
pearson: 0.08760791514952408
p-valu: 1.863625178390505e-163

AL interation 1451/4801.

mae: 0.025765723631074874
max_error: 0.1705068253408486
variance: 0.00042651781860152067
pearson: 0.042191869124476596
p-valu: 3.203675074787842e-39

AL interation 1452/4801.

mae: 0.025747865493505682
max_error: 0.17051914414463187
variance: 0.00042683864508611736
pearson: 0.04055400438576436
p-valu: 2.308239566683208e-36

AL interation 1453/4801.

mae: 0.025747091822393653
max_error: 0.17058076844608383
variance: 0.0004268963920556388
pearson: 0.1305205448823196
p-valu: 0.0

AL interation 1454/4801.

mae: 0.02578082670638159
max_error: 0.17090339289955825
variance: 0.0004286357173657084
pearson: 0.0981826474088275
p-valu: 5.832581087719785e-205

AL interation 1455/4801.

mae: 0.025778993404154873
max_error: 0.1708219509413853
variance: 0.00042872297767528977
pearson: 0.08652022623733284
p-valu: 1.8911187932028605e-159

AL interation 1456/4801.

mae: 0.025745142527414146
max_error: 0.16793007881409228
variance: 0.000425522002952769
pearson: 0.07541481212385946
p-valu: 1.6203134541798337e-121

AL interation 1457/4801.

mae: 0.0257257901931284
max_error: 0.16761880415236607
variance: 0.00042525367964979115
pearson: 0.05332550455030325
p-valu: 1.2822175250918381e-61

AL interation 1458/4801.

mae: 0.02569054066793808
max_error: 0.16627646064756352
variance: 0.00042869295279884925
pearson: 0.058564583314325534
p-valu: 5.837901711537407e-74

AL interation 1459/4801.

mae: 0.02564276884958472
max_error: 0.16628377601176414
variance: 0.0004277732604571841
pearson: 0.09785983372420919
p-valu: 1.3018784747211708e-203

AL interation 1460/4801.

mae: 0.025643535119102195
max_error: 0.16664935473403109
variance: 0.00042826366624650405
pearson: 0.03402441298185947
p-valu: 4.3923438365290403e-26

AL interation 1461/4801.

mae: 0.02564052076828711
max_error: 0.16680935473180813
variance: 0.0004293270424946633
pearson: 0.0967328528207022
p-valu: 5.692091405886009e-199

AL interation 1462/4801.

mae: 0.025635393463531622
max_error: 0.16620319098677516
variance: 0.00042864852873048513
pearson: 0.03954042406425954
p-valu: 1.1987185657478284e-34

AL interation 1463/4801.

mae: 0.02555760876676808
max_error: 0.16568626251813345
variance: 0.0004243260081603046
pearson: 0.062354637391268085
p-valu: 1.3206534971341423e-83

AL interation 1464/4801.

mae: 0.02562190747510377
max_error: 0.16503982796296857
variance: 0.00042575266631580483
pearson: 0.06952269365971867
p-valu: 1.6349127746677016e-103

AL interation 1465/4801.

mae: 0.025634074822580993
max_error: 0.16753922077753902
variance: 0.00042637622700274653
pearson: 0.11236332326498849
p-valu: 3.728175748280851e-268

AL interation 1466/4801.

mae: 0.025670412306973277
max_error: 0.16809081882950938
variance: 0.0004265237875865929
pearson: 0.06370870611749589
p-valu: 3.3814127993820175e-87

AL interation 1467/4801.

mae: 0.02563021727880755
max_error: 0.16946331943603088
variance: 0.0004243125431851217
pearson: 0.04281336827454761
p-valu: 2.5031218785459697e-40

AL interation 1468/4801.

mae: 0.025737582423300227
max_error: 0.170876332087059
variance: 0.0004252339530379136
pearson: 0.10488512115328166
p-valu: 9.989173477860702e-234

AL interation 1469/4801.

mae: 0.025798621119606627
max_error: 0.17028834969590623
variance: 0.00042574678574270485
pearson: 0.05669260900861392
p-valu: 2.0734667858640603e-69

AL interation 1470/4801.

mae: 0.02578286763705472
max_error: 0.1702171015016889
variance: 0.0004246044538474476
pearson: 0.0658204503211183
p-valu: 5.92739794660274e-93

AL interation 1471/4801.

mae: 0.025736647745845196
max_error: 0.17009330761305552
variance: 0.00042406993773964495
pearson: 0.05583020555691096
p-valu: 2.2959399423346075e-67

AL interation 1472/4801.

mae: 0.025739188485771045
max_error: 0.16989088312533074
variance: 0.0004241816875535565
pearson: 0.10125414449288674
p-valu: 7.057008613858167e-218

AL interation 1473/4801.

mae: 0.025750217503183
max_error: 0.16871847121859407
variance: 0.00042590845583138416
pearson: 0.07131841302521627
p-valu: 7.861728981398776e-109

AL interation 1474/4801.

mae: 0.0257465678660142
max_error: 0.1686148485345571
variance: 0.00042461908952538975
pearson: 0.08516040712876916
p-valu: 1.7136599189032294e-154

AL interation 1475/4801.

mae: 0.025744507499848877
max_error: 0.16861484960594186
variance: 0.00042464826327583767
pearson: 0.06672164609692062
p-valu: 1.82943282037961e-95

AL interation 1476/4801.

mae: 0.025724120371662013
max_error: 0.16924508435971308
variance: 0.0004248316003919427
pearson: 0.15018490900631268
p-valu: 0.0

AL interation 1477/4801.

mae: 0.025728042033788107
max_error: 0.16924354893620563
variance: 0.00042492347412775616
pearson: 0.030042595915299824
p-valu: 1.0995435467983471e-20

AL interation 1478/4801.

mae: 0.025710718055515277
max_error: 0.16854961123629852
variance: 0.0004242460933426207
pearson: 0.04943220081956261
p-valu: 3.495371335371122e-53

AL interation 1479/4801.

mae: 0.025706262842370656
max_error: 0.1685221071051588
variance: 0.0004241435892625576
pearson: 0.17497581584888583
p-valu: 0.0

AL interation 1480/4801.

mae: 0.025576704270361624
max_error: 0.16952128696305824
variance: 0.0004219124646385867
pearson: 0.09229256997764518
p-valu: 3.368549680060454e-181

AL interation 1481/4801.

mae: 0.025578353340484455
max_error: 0.16958362917051506
variance: 0.0004220617222368941
pearson: 0.0577784535472026
p-valu: 5.113226037584653e-72

AL interation 1482/4801.

mae: 0.02557786793599887
max_error: 0.16958497242688697
variance: 0.00042206541702250133
pearson: 0.09912450150252741
p-valu: 7.866803719184362e-209

AL interation 1483/4801.

mae: 0.025483673902620605
max_error: 0.1681848359980309
variance: 0.0004240355125142157
pearson: 0.12788383787328114
p-valu: 0.0

AL interation 1484/4801.

mae: 0.025486740229379662
max_error: 0.16823038701789716
variance: 0.0004240263291247978
pearson: 0.20702038449153906
p-valu: 0.0

AL interation 1485/4801.

mae: 0.025429985881710426
max_error: 0.16678716313020647
variance: 0.0004220809250751776
pearson: 0.11071151754980353
p-valu: 2.732619845324899e-260

AL interation 1486/4801.

mae: 0.025433373287556762
max_error: 0.16476682733212744
variance: 0.00042213788186375894
pearson: 0.0853726534637618
p-valu: 3.0854464740818166e-155

AL interation 1487/4801.

mae: 0.025441438612245775
max_error: 0.16482352049700655
variance: 0.0004225855725643748
pearson: 0.08487570002934047
p-valu: 1.8869631509025178e-153

AL interation 1488/4801.

mae: 0.02543720721715843
max_error: 0.1648264458339641
variance: 0.0004224007934073878
pearson: 0.08834327919011588
p-valu: 4.011803264225382e-166

AL interation 1489/4801.

mae: 0.02542137923089667
max_error: 0.1649859573985255
variance: 0.0004220419882132208
pearson: 0.06647031945858312
p-valu: 9.565899451231284e-95

AL interation 1490/4801.

mae: 0.02538948776200212
max_error: 0.16638160289533932
variance: 0.0004183976444776551
pearson: 0.05795074512104729
p-valu: 1.9750408378202615e-72

AL interation 1491/4801.

mae: 0.025389242464445745
max_error: 0.16637366603157222
variance: 0.0004183338181263761
pearson: 0.05849878282687735
p-valu: 8.975884746354227e-74

AL interation 1492/4801.

mae: 0.02538932513490045
max_error: 0.16621272647483654
variance: 0.0004183163978819947
pearson: 0.07579856745612447
p-valu: 1.0753715382514814e-122

AL interation 1493/4801.

mae: 0.025388833582891724
max_error: 0.1662863509222321
variance: 0.0004183386657622348
pearson: 0.07485719388818342
p-valu: 1.0495601170917854e-119

AL interation 1494/4801.

mae: 0.025240344901094558
max_error: 0.1551664081993609
variance: 0.00041294300543477354
pearson: 0.07088751462569177
p-valu: 1.6194600797730995e-107

AL interation 1495/4801.

mae: 0.025317616029906093
max_error: 0.1555487025993303
variance: 0.0004113089346267835
pearson: 0.07416044840384708
p-valu: 1.6249891118912022e-117

AL interation 1496/4801.

mae: 0.025313181026563818
max_error: 0.1552059074833183
variance: 0.0004095109593571958
pearson: 0.09107041837778855
p-valu: 1.945186421514002e-176

AL interation 1497/4801.

mae: 0.025306324933152914
max_error: 0.15529148177978147
variance: 0.0004093574360572845
pearson: 0.12072361443200778
p-valu: 2.075822929653286e-309

AL interation 1498/4801.

mae: 0.025316003630086376
max_error: 0.15612284488764505
variance: 0.00040930558693963426
pearson: 0.07309803936651248
p-valu: 3.236455887651146e-114

AL interation 1499/4801.

mae: 0.025847831444908757
max_error: 0.16071330393918704
variance: 0.000431601500469751
pearson: 0.0882954077410674
p-valu: 6.317239532047428e-166

AL interation 1500/4801.

mae: 0.02584766782043093
max_error: 0.16072496141663084
variance: 0.00043159577408402095
pearson: 0.08925928592631599
p-valu: 1.5502118863663005e-169

AL interation 1501/4801.

mae: 0.025843416210974256
max_error: 0.15879575465026807
variance: 0.0004309790965947547
pearson: 0.12991915737141882
p-valu: 0.0

AL interation 1502/4801.

mae: 0.025835695588947133
max_error: 0.15888543963540958
variance: 0.00043191394859048044
pearson: 0.058273575994484975
p-valu: 3.271423297368603e-73

AL interation 1503/4801.

mae: 0.025924667877234492
max_error: 0.17114990555768106
variance: 0.0004343603667328307
pearson: 0.0314126968543333
p-valu: 1.8412066608971756e-22

AL interation 1504/4801.

mae: 0.026087532633734364
max_error: 0.17297001877471718
variance: 0.0004357148152461779
pearson: 0.11122283581365401
p-valu: 1.2108175294120968e-262

AL interation 1505/4801.

mae: 0.026094580442013217
max_error: 0.17350189380107128
variance: 0.00043626555319653716
pearson: 0.05706124502220713
p-valu: 2.8805516611786173e-70

AL interation 1506/4801.

mae: 0.026109511281800765
max_error: 0.17263915433016752
variance: 0.00043500715262788397
pearson: 0.048592906746175606
p-valu: 1.9508127073046855e-51

AL interation 1507/4801.

mae: 0.026108924530171797
max_error: 0.17202144732749236
variance: 0.0004347712721597105
pearson: 0.04588649298176917
p-valu: 4.719346851010801e-46

AL interation 1508/4801.

mae: 0.0260904903681641
max_error: 0.17202983529699356
variance: 0.0004346159382622569
pearson: 0.06300474472475368
p-valu: 2.7779470786155786e-85

AL interation 1509/4801.

mae: 0.026089588420400146
max_error: 0.1715152251230707
variance: 0.0004341385969235839
pearson: 0.05404590978467795
p-valu: 3.254236703283127e-63

AL interation 1510/4801.

mae: 0.026086932285903166
max_error: 0.1722948695855253
variance: 0.0004356242780178004
pearson: 0.06047209263195012
p-valu: 1.0637717232238458e-78

AL interation 1511/4801.

mae: 0.026871478536041948
max_error: 0.17599206820108027
variance: 0.00045917295626139053
pearson: 0.07981148601520724
p-valu: 7.891827791254047e-136

AL interation 1512/4801.

mae: 0.02687145278610193
max_error: 0.1760188462607717
variance: 0.00045916472679711703
pearson: 0.07511037184676954
p-valu: 1.7556198583431566e-120

AL interation 1513/4801.

mae: 0.026895761121572725
max_error: 0.17570258718063503
variance: 0.000459313405620379
pearson: 0.07867525454013274
p-valu: 4.954781407967755e-132

AL interation 1514/4801.

mae: 0.0269601297861788
max_error: 0.17579407456235874
variance: 0.00046290333869654783
pearson: 0.07207436341676808
p-valu: 4.553836999150091e-111

AL interation 1515/4801.

mae: 0.0269600739531447
max_error: 0.1693839504854937
variance: 0.0004615904614176199
pearson: 0.054677857566704464
p-valu: 1.1762209918362894e-64

AL interation 1516/4801.

mae: 0.02693542527461414
max_error: 0.16941852595249163
variance: 0.0004603745615210678
pearson: 0.07068424625760177
p-valu: 6.908925702781235e-107

AL interation 1517/4801.

mae: 0.026935616433552974
max_error: 0.1694129937454223
variance: 0.0004603744502542854
pearson: 0.0645291716710417
p-valu: 2.2903464114749644e-89

AL interation 1518/4801.

mae: 0.026933909228848918
max_error: 0.1695923267210988
variance: 0.00046014825127318353
pearson: 0.07723115661326402
p-valu: 2.790295607103075e-127

AL interation 1519/4801.

mae: 0.02692869411410733
max_error: 0.16965320668844885
variance: 0.000459981344966138
pearson: 0.08961511861639594
p-valu: 7.590732766204877e-171

AL interation 1520/4801.

mae: 0.02701044302543238
max_error: 0.16856922444224853
variance: 0.0004626047740523168
pearson: 0.07722925865926102
p-valu: 2.8472737086724066e-127

AL interation 1521/4801.

mae: 0.027069841383963712
max_error: 0.16998724641183305
variance: 0.00046346316266749927
pearson: 0.0584828112464076
p-valu: 1.0346385646412397e-73

AL interation 1522/4801.

mae: 0.027074145173772893
max_error: 0.17044717655829533
variance: 0.0004636557584130127
pearson: 0.08127902015803769
p-valu: 8.511119264561644e-141

AL interation 1523/4801.

mae: 0.027069086570070733
max_error: 0.17025317392784434
variance: 0.00046641596770681624
pearson: 0.07588432983100477
p-valu: 6.257417028634627e-123

AL interation 1524/4801.

mae: 0.027075433372611514
max_error: 0.1697833085103726
variance: 0.00046656475239874665
pearson: 0.04404540796547987
p-valu: 1.4713494872720758e-42

AL interation 1525/4801.

mae: 0.027075311690599364
max_error: 0.16978809452797083
variance: 0.0004665623285007055
pearson: 0.10381978201465357
p-valu: 6.923344021415894e-229

AL interation 1526/4801.

mae: 0.027071026155553925
max_error: 0.17012771690809547
variance: 0.00046665486641323374
pearson: 0.11202152223989084
p-valu: 2.3174954378007916e-266

AL interation 1527/4801.

mae: 0.02708692439667725
max_error: 0.17005710014148878
variance: 0.00046743377936450995
pearson: 0.05227990658356921
p-valu: 2.9835990022666855e-59

AL interation 1528/4801.

mae: 0.027091984687623687
max_error: 0.1718164850294075
variance: 0.00047017394203362667
pearson: 0.103218605381732
p-valu: 3.0201659664721875e-226

AL interation 1529/4801.

mae: 0.027082867476588248
max_error: 0.17243241945419374
variance: 0.0004715008562298687
pearson: 0.04781281970275248
p-valu: 7.670545071626814e-50

AL interation 1530/4801.

mae: 0.027014959356057886
max_error: 0.17742448407028366
variance: 0.0004731573970716487
pearson: 0.08312800585934677
p-valu: 3.419105410131325e-147

AL interation 1531/4801.

mae: 0.027017815504073787
max_error: 0.17763415840402974
variance: 0.0004737157953461228
pearson: 0.08855241300503451
p-valu: 7.872795589681406e-167

AL interation 1532/4801.

mae: 0.027006141031530848
max_error: 0.17792085403874314
variance: 0.0004728557120490048
pearson: 0.12347796982516948
p-valu: 3e-323

AL interation 1533/4801.

mae: 0.02699245929929448
max_error: 0.1781293033886273
variance: 0.00047196756674902776
pearson: 0.0756989184943861
p-valu: 2.5171792066147986e-122

AL interation 1534/4801.

mae: 0.026967501778411777
max_error: 0.17871729982055928
variance: 0.0004699765143444947
pearson: 0.0982201213624373
p-valu: 6.00899020628627e-205

AL interation 1535/4801.

mae: 0.026849920119886843
max_error: 0.17587814669007873
variance: 0.00046926749837454025
pearson: 0.09195880113674189
p-valu: 8.468382977132817e-180

AL interation 1536/4801.

mae: 0.02691744339577661
max_error: 0.17625089352025913
variance: 0.0004727352468329979
pearson: 0.1080097066698433
p-valu: 1.2190888587487377e-247

AL interation 1537/4801.

mae: 0.02690939971133701
max_error: 0.1764715443090923
variance: 0.0004724339729617476
pearson: 0.06685848204441978
p-valu: 8.66668996303653e-96

AL interation 1538/4801.

mae: 0.026914342622846876
max_error: 0.17663927933557222
variance: 0.00047279794622522004
pearson: 0.066554020788195
p-valu: 6.217810217450302e-95

AL interation 1539/4801.

mae: 0.026914467036904484
max_error: 0.17662284113378934
variance: 0.0004728035203086676
pearson: 0.10419376049702506
p-valu: 1.6900599432378873e-230

AL interation 1540/4801.

mae: 0.026923334788301088
max_error: 0.17553373243702897
variance: 0.00047289665603217877
pearson: 0.06958498695561598
p-valu: 1.2919040799518246e-103

AL interation 1541/4801.

mae: 0.026921620799956268
max_error: 0.17552148383168475
variance: 0.00047282324904492
pearson: 0.11468578199592891
p-valu: 4.043135400001287e-279

AL interation 1542/4801.

mae: 0.02695684575741787
max_error: 0.17563001467300143
variance: 0.0004740444644338502
pearson: 0.046143242979929125
p-valu: 1.5583048104716527e-46

AL interation 1543/4801.

mae: 0.026907292876873604
max_error: 0.17496016908392864
variance: 0.0004732737964442727
pearson: 0.05797463886574153
p-valu: 1.8886079283148085e-72

AL interation 1544/4801.

mae: 0.026934829126024993
max_error: 0.17456131396050711
variance: 0.0004733781006348799
pearson: 0.03449931540759733
p-valu: 9.486853685783384e-27

AL interation 1545/4801.

mae: 0.0269244825927488
max_error: 0.1746936465528366
variance: 0.00047238376364298266
pearson: 0.05182652368027678
p-valu: 3.009160260207936e-58

AL interation 1546/4801.

mae: 0.02693140968273047
max_error: 0.17318902137179482
variance: 0.00047261861097957293
pearson: 0.040228974083520115
p-valu: 8.917194221268772e-36

AL interation 1547/4801.

mae: 0.0269314460446174
max_error: 0.17340983594789083
variance: 0.00047209848874840563
pearson: 0.06757262347264674
p-valu: 8.460260718846837e-98

AL interation 1548/4801.

mae: 0.02692480360174718
max_error: 0.17289300683063136
variance: 0.00047197071667096253
pearson: 0.1045773189222883
p-valu: 3.594222076613708e-232

AL interation 1549/4801.

mae: 0.026883469107396217
max_error: 0.17265034667019297
variance: 0.0004698749340921888
pearson: 0.07762543535727064
p-valu: 1.5848724924412667e-128

AL interation 1550/4801.

mae: 0.026914601928167387
max_error: 0.17302977400271136
variance: 0.0004698952918900041
pearson: 0.07360343135367722
p-valu: 1.0227239347975726e-115

AL interation 1551/4801.

mae: 0.026906876150071143
max_error: 0.17280355490532617
variance: 0.000469259821925847
pearson: 0.04307181827853894
p-valu: 9.221028090109076e-41

AL interation 1552/4801.

mae: 0.02691626112914689
max_error: 0.17425671765107342
variance: 0.0004702405701386343
pearson: 0.04341225191598341
p-valu: 2.2147436155830815e-41

AL interation 1553/4801.

mae: 0.02686864815754786
max_error: 0.1735773222657686
variance: 0.0004684408389614511
pearson: 0.05969638486275558
p-valu: 1.0517959377199008e-76

AL interation 1554/4801.

mae: 0.026864048779925036
max_error: 0.17186232509578492
variance: 0.00046780573998770334
pearson: 0.07561025242520637
p-valu: 5.124728572152169e-122

AL interation 1555/4801.

mae: 0.027308745867168444
max_error: 0.17698752867130185
variance: 0.0004855342907856097
pearson: 0.06503427153764264
p-valu: 1.0413781271988074e-90

AL interation 1556/4801.

mae: 0.02730724654877915
max_error: 0.17695757303903026
variance: 0.0004856139121099004
pearson: 0.13393036644302783
p-valu: 0.0

AL interation 1557/4801.

mae: 0.027302343753614854
max_error: 0.17698570989472007
variance: 0.0004854207771085086
pearson: 0.07785261107298812
p-valu: 2.9282456071792865e-129

AL interation 1558/4801.

mae: 0.02730188176767124
max_error: 0.17692638008832962
variance: 0.00048530531269734984
pearson: 0.053904673765866856
p-valu: 7.317602977074631e-63

AL interation 1559/4801.

mae: 0.02727953532904779
max_error: 0.17673371519725567
variance: 0.00048456784069123406
pearson: 0.07044051782184824
p-valu: 4.075471388196411e-106

AL interation 1560/4801.

mae: 0.027259651478597113
max_error: 0.17667155623479136
variance: 0.0004841600584221041
pearson: 0.11240965672049691
p-valu: 4.104088102638559e-268

AL interation 1561/4801.

mae: 0.027246638930931818
max_error: 0.17667351590665437
variance: 0.00048371109467527473
pearson: 0.06794191042095861
p-valu: 7.733107326237673e-99

AL interation 1562/4801.

mae: 0.02725019620196167
max_error: 0.17663799017594517
variance: 0.00048370803004701545
pearson: 0.06794081968562196
p-valu: 7.806916386429555e-99

AL interation 1563/4801.

mae: 0.02724961868323493
max_error: 0.17658758566124977
variance: 0.0004836525185797236
pearson: 0.12175421971684207
p-valu: 1.6748526633e-314

AL interation 1564/4801.

mae: 0.027334446820913964
max_error: 0.17634512941498048
variance: 0.0004866172524689042
pearson: 0.05468765368046574
p-valu: 1.2020556150431946e-64

AL interation 1565/4801.

mae: 0.02733040813537388
max_error: 0.1757562845700109
variance: 0.0004857160825475316
pearson: 0.12354279970245866
p-valu: 0.0

AL interation 1566/4801.

mae: 0.027344897504996662
max_error: 0.17551448615034548
variance: 0.00048617096821584947
pearson: 0.08400372962928425
p-valu: 3.189442095001371e-150

AL interation 1567/4801.

mae: 0.027344402749986285
max_error: 0.17548721055157745
variance: 0.0004860948567451836
pearson: 0.05133023489076507
p-valu: 3.6994839485553616e-57

AL interation 1568/4801.

mae: 0.027327416957365312
max_error: 0.1754718792103036
variance: 0.0004860876334477725
pearson: 0.061643882637916696
p-valu: 1.1575266195467327e-81

AL interation 1569/4801.

mae: 0.027390230499924978
max_error: 0.17578375977558114
variance: 0.00048724604350438536
pearson: 0.0991415159512071
p-valu: 1.0262966563728111e-208

AL interation 1570/4801.

mae: 0.02740141630260871
max_error: 0.17583139450237883
variance: 0.00048755024102027156
pearson: 0.10043259515280023
p-valu: 3.7116098773676508e-214

AL interation 1571/4801.

mae: 0.02739325676891981
max_error: 0.1768167981276152
variance: 0.0004892756565053057
pearson: 0.09533395334227895
p-valu: 4.496586207475757e-193

AL interation 1572/4801.

mae: 0.027384030806890655
max_error: 0.17886284431500332
variance: 0.0004899332094618927
pearson: 0.1037078041437278
p-valu: 2.7691723145602183e-228

AL interation 1573/4801.

mae: 0.027369480493214547
max_error: 0.17855229483887758
variance: 0.00048984737968219
pearson: 0.05446138742189558
p-valu: 4.028714427390468e-64

AL interation 1574/4801.

mae: 0.02736640246060668
max_error: 0.1794488046138527
variance: 0.0004899840978137732
pearson: 0.16771462022017483
p-valu: 0.0

AL interation 1575/4801.

mae: 0.02738606720261401
max_error: 0.17958571857837757
variance: 0.0004892523502021992
pearson: 0.09850717249381048
p-valu: 4.7040857234986796e-206

AL interation 1576/4801.

mae: 0.027366894240969327
max_error: 0.1784722343540439
variance: 0.0004882125251179539
pearson: 0.07008805891653364
p-valu: 4.685876367387945e-105

AL interation 1577/4801.

mae: 0.027368078994783093
max_error: 0.17857765824140603
variance: 0.0004880408926801941
pearson: 0.041335953410971654
p-valu: 1.1477989785844135e-37

AL interation 1578/4801.

mae: 0.02736769341249876
max_error: 0.1787241395645056
variance: 0.0004882679106199132
pearson: 0.05196996573593441
p-valu: 1.5299466403902558e-58

AL interation 1579/4801.

mae: 0.027351031217082777
max_error: 0.17956177605577484
variance: 0.0004849888608946131
pearson: 0.1138673186344809
p-valu: 4.778598874737903e-275

AL interation 1580/4801.

mae: 0.027334665358567982
max_error: 0.1785656173482808
variance: 0.00048329417339042967
pearson: 0.09747975792836791
p-valu: 8.620169999584264e-202

AL interation 1581/4801.

mae: 0.027317257970325175
max_error: 0.17959790449770896
variance: 0.0004822527909671262
pearson: 0.02870002365423244
p-valu: 5.375664994048032e-19

AL interation 1582/4801.

mae: 0.027468531598896576
max_error: 0.18218853959063797
variance: 0.0004852399624001897
pearson: 0.03838437692388436
p-valu: 1.0410661737265249e-32

AL interation 1583/4801.

mae: 0.027469617695189637
max_error: 0.18221012473571552
variance: 0.0004851795478154075
pearson: 0.04764628992268241
p-valu: 1.7626770616028017e-49

AL interation 1584/4801.

mae: 0.027469790797437235
max_error: 0.18220834972401878
variance: 0.0004852476952784666
pearson: 0.07177761099688251
p-valu: 4.325106574633689e-110

AL interation 1585/4801.

mae: 0.027468689121930855
max_error: 0.18221051117091935
variance: 0.000485258005412248
pearson: 0.13546385985606726
p-valu: 0.0

AL interation 1586/4801.

mae: 0.02744847822575863
max_error: 0.1818884868493429
variance: 0.0004850345055518077
pearson: 0.06987216148805908
p-valu: 2.0760960347305672e-104

AL interation 1587/4801.

mae: 0.027444944181696292
max_error: 0.18177575632165333
variance: 0.0004850266978522358
pearson: 0.11774646698889626
p-valu: 4.587297064980162e-294

AL interation 1588/4801.

mae: 0.02744695706932831
max_error: 0.1817887693209146
variance: 0.00048504324513557725
pearson: 0.08941576584386189
p-valu: 5.6737823271184265e-170

AL interation 1589/4801.

mae: 0.027440232882414334
max_error: 0.18172004187675572
variance: 0.00048472120638192524
pearson: 0.0656192919930297
p-valu: 2.7632436196083802e-92

AL interation 1590/4801.

mae: 0.02733388684863084
max_error: 0.17998772382582917
variance: 0.00048030454560338997
pearson: 0.04238193788038743
p-valu: 1.6648750153881846e-39

AL interation 1591/4801.

mae: 0.027330800661207022
max_error: 0.17990044968922536
variance: 0.0004808214813843954
pearson: 0.047235220017187794
p-valu: 1.1763039919936837e-48

AL interation 1592/4801.

mae: 0.027370656567476084
max_error: 0.17995194919552393
variance: 0.0004821826801532826
pearson: 0.03698813428182626
p-valu: 1.7306711117263482e-30

AL interation 1593/4801.

mae: 0.02737047117528363
max_error: 0.18001778848650662
variance: 0.00048213588990233744
pearson: 0.1062077975398797
p-valu: 2.489392153224662e-239

AL interation 1594/4801.

mae: 0.027335350419239735
max_error: 0.17982182521830925
variance: 0.0004809678337663243
pearson: 0.061148689766842866
p-valu: 2.310139626310195e-80

AL interation 1595/4801.

mae: 0.02733816033435201
max_error: 0.1798698317174372
variance: 0.0004810736557969187
pearson: 0.054333323752325975
p-valu: 8.172249055175305e-64

AL interation 1596/4801.

mae: 0.02731533983096001
max_error: 0.18026941656665674
variance: 0.0004806356007824089
pearson: 0.11236114906316844
p-valu: 8.781579514342566e-268

AL interation 1597/4801.

mae: 0.027311197992485096
max_error: 0.180286165064385
variance: 0.0004807213876756145
pearson: 0.06602606377034863
p-valu: 2.1025905011030192e-93

AL interation 1598/4801.

mae: 0.02729819462724152
max_error: 0.18019694892376226
variance: 0.0004802704213607077
pearson: 0.035731213643843636
p-valu: 1.4678595541740952e-28

AL interation 1599/4801.

mae: 0.027308720426186654
max_error: 0.18271889197188518
variance: 0.0004800039466252228
pearson: 0.05392202112846165
p-valu: 7.096458826138369e-63

AL interation 1600/4801.

mae: 0.027288425155334278
max_error: 0.1828624893273032
variance: 0.00047960138458295534
pearson: 0.0478947873916118
p-valu: 5.692243411214599e-50

AL interation 1601/4801.

mae: 0.027290009243488587
max_error: 0.18315633198966186
variance: 0.00047935888798083127
pearson: 0.05570861621700851
p-valu: 5.426231870754373e-67

AL interation 1602/4801.

mae: 0.02737766752229817
max_error: 0.1809746728426349
variance: 0.00048432085494046385
pearson: 0.12326990049310033
p-valu: 2.87e-322

AL interation 1603/4801.

mae: 0.02733024537526634
max_error: 0.18202232826973574
variance: 0.00048498295451292195
pearson: 0.15634228973379988
p-valu: 0.0

AL interation 1604/4801.

mae: 0.027330978450082546
max_error: 0.18197144722347236
variance: 0.0004852381015896538
pearson: 0.08535667002777035
p-valu: 5.4265442358222865e-155

AL interation 1605/4801.

mae: 0.027330237340859903
max_error: 0.18196356486390375
variance: 0.00048524476614154454
pearson: 0.09123379604650998
p-valu: 7.214469123218711e-177

AL interation 1606/4801.

mae: 0.027324380791994535
max_error: 0.1819332631561652
variance: 0.0004852420409620581
pearson: 0.07198701439680653
p-valu: 1.0650555951975548e-110

AL interation 1607/4801.

mae: 0.027296579553194384
max_error: 0.18101985759079486
variance: 0.0004857813027473444
pearson: 0.02914826333752217
p-valu: 1.536391946269221e-19

AL interation 1608/4801.

mae: 0.027286352782782446
max_error: 0.18250573937569659
variance: 0.00048587598701581997
pearson: 0.10238715735985136
p-valu: 1.899506820927929e-222

AL interation 1609/4801.

mae: 0.027283670714699802
max_error: 0.18224109437636304
variance: 0.00048606754859304335
pearson: 0.1123131296234736
p-valu: 1.6139119063187706e-267

AL interation 1610/4801.

mae: 0.027245008559814224
max_error: 0.182278237357818
variance: 0.000486198413048455
pearson: 0.04494722648603692
p-valu: 3.2797950567083425e-44

AL interation 1611/4801.

mae: 0.027216220666999476
max_error: 0.18161367424130237
variance: 0.0004856449947633321
pearson: 0.07526341025439864
p-valu: 7.620741129436604e-121

AL interation 1612/4801.

mae: 0.027276000431445582
max_error: 0.18345148887186458
variance: 0.0004882835687983632
pearson: 0.090514524713272
p-valu: 4.2414034571211955e-174

AL interation 1613/4801.

mae: 0.027219508851344564
max_error: 0.1832463319146287
variance: 0.0004882058683243733
pearson: 0.06020590182767722
p-valu: 6.085764951649457e-78

AL interation 1614/4801.

mae: 0.027145249239726815
max_error: 0.18319002318770305
variance: 0.0004865427636791032
pearson: 0.09752319930907445
p-valu: 6.7183404282095375e-202

AL interation 1615/4801.

mae: 0.0271237360069087
max_error: 0.18253570003747388
variance: 0.0004856691584774685
pearson: 0.08511285388997122
p-valu: 4.2431700076403246e-154

AL interation 1616/4801.

mae: 0.027115074493171538
max_error: 0.18247974261197175
variance: 0.00048578297254533716
pearson: 0.14684735994100234
p-valu: 0.0

AL interation 1617/4801.

mae: 0.027109434798389686
max_error: 0.18240757774895844
variance: 0.0004858311329240039
pearson: 0.11356113500718999
p-valu: 1.8266231608642757e-273

AL interation 1618/4801.

mae: 0.027073387049699648
max_error: 0.18308942134848127
variance: 0.0004841769406197393
pearson: 0.10138776591432207
p-valu: 4.0152377691651474e-218

AL interation 1619/4801.

mae: 0.027069994443947754
max_error: 0.18321388807765704
variance: 0.00048438980479154656
pearson: 0.046098606249680735
p-valu: 2.065638932202312e-46

AL interation 1620/4801.

mae: 0.02706426227814288
max_error: 0.18378025517762087
variance: 0.0004842331376724807
pearson: 0.09591406408877144
p-valu: 2.564866335625635e-195

AL interation 1621/4801.

mae: 0.027004355410807816
max_error: 0.18287705882852112
variance: 0.00048198877926674806
pearson: 0.07082962493381369
p-valu: 3.320000823474364e-107

AL interation 1622/4801.

mae: 0.027010685560484853
max_error: 0.1827902826966552
variance: 0.0004821698040610153
pearson: 0.08829204345217326
p-valu: 1.0528526650839194e-165

AL interation 1623/4801.

mae: 0.02692646083003423
max_error: 0.18060296018978494
variance: 0.00048331033288799807
pearson: 0.04994406559475335
p-valu: 3.560131484344918e-54

AL interation 1624/4801.

mae: 0.02687302228430871
max_error: 0.18203582656081796
variance: 0.0004801442896886197
pearson: 0.07749925738589357
p-valu: 5.13500080220799e-128

AL interation 1625/4801.

mae: 0.02687740668626969
max_error: 0.1818754405007299
variance: 0.00048052439240613994
pearson: 0.09405741755254979
p-valu: 7.253326052916614e-188

AL interation 1626/4801.

mae: 0.026998931215824678
max_error: 0.18251320760049072
variance: 0.0004816150066409438
pearson: 0.0816554762937271
p-valu: 6.143326494175482e-142

AL interation 1627/4801.

mae: 0.026933756315015187
max_error: 0.18276493501383317
variance: 0.00047898655413623536
pearson: 0.06244939868554926
p-valu: 1.0263394456604394e-83

AL interation 1628/4801.

mae: 0.026935051344498785
max_error: 0.18278732905622253
variance: 0.000479056230029206
pearson: 0.04482139086873913
p-valu: 5.772576556245787e-44

AL interation 1629/4801.

mae: 0.026935007571293666
max_error: 0.1824865532557256
variance: 0.00047926205008497425
pearson: 0.048393221614026
p-valu: 5.764879438478954e-51

AL interation 1630/4801.

mae: 0.026884485411725313
max_error: 0.18284704370983906
variance: 0.0004792557479713882
pearson: 0.046772753228866745
p-valu: 1.0084414112573372e-47

AL interation 1631/4801.

mae: 0.026884489018852605
max_error: 0.18293121607115115
variance: 0.0004790621095782864
pearson: 0.09599890848721729
p-valu: 1.2234877221403126e-195

AL interation 1632/4801.

mae: 0.026882579706194683
max_error: 0.18294627809831088
variance: 0.0004790897402505382
pearson: 0.046073595687758116
p-valu: 2.341876189507784e-46

AL interation 1633/4801.

mae: 0.026862524952152363
max_error: 0.18426036190561224
variance: 0.0004760588792285111
pearson: 0.0710387170801911
p-valu: 8.136356773132885e-108

AL interation 1634/4801.

mae: 0.026859909882092046
max_error: 0.18420576039846726
variance: 0.0004761239838825614
pearson: 0.08773228959920015
p-valu: 1.3154947413124211e-163

AL interation 1635/4801.

mae: 0.02678216055256651
max_error: 0.18532666444246804
variance: 0.00047647911108339853
pearson: 0.05868021862758707
p-valu: 4.109350637550246e-74

AL interation 1636/4801.

mae: 0.026753728310295495
max_error: 0.1853577925534724
variance: 0.0004740381795767623
pearson: 0.08163138725427123
p-valu: 7.687180686908763e-142

AL interation 1637/4801.

mae: 0.026752747948337315
max_error: 0.1848543630616719
variance: 0.0004738472052503155
pearson: 0.10322764718167568
p-valu: 4.947273095252541e-226

AL interation 1638/4801.

mae: 0.026682494981966266
max_error: 0.18450126693408908
variance: 0.00047214489682821556
pearson: 0.06817029478116661
p-valu: 2.052656829750401e-99

AL interation 1639/4801.

mae: 0.026672982754623875
max_error: 0.1840351670975311
variance: 0.00047198086288666695
pearson: 0.11989784423618381
p-valu: 9.617703195538528e-305

AL interation 1640/4801.

mae: 0.02648062757365217
max_error: 0.18209329509539618
variance: 0.0004645590862173866
pearson: 0.14691426240165312
p-valu: 0.0

AL interation 1641/4801.

mae: 0.026458742048856947
max_error: 0.18181671789301124
variance: 0.00046394792847025796
pearson: 0.12634878288454662
p-valu: 0.0

AL interation 1642/4801.

mae: 0.026449963570320253
max_error: 0.18179989963522036
variance: 0.00046452516107172164
pearson: 0.07246017085912183
p-valu: 4.272520646064946e-112

AL interation 1643/4801.

mae: 0.026474428447623828
max_error: 0.1806343278689697
variance: 0.00046718807227912463
pearson: 0.07837248443516785
p-valu: 7.434333214667313e-131

AL interation 1644/4801.

mae: 0.026483859330929935
max_error: 0.18014997179801373
variance: 0.0004669522267705529
pearson: 0.0898218789972323
p-valu: 2.077323076236608e-171

AL interation 1645/4801.

mae: 0.026476282548688602
max_error: 0.1799698424578624
variance: 0.00046689368190802204
pearson: 0.03402600259089045
p-valu: 4.8680851029208535e-26

AL interation 1646/4801.

mae: 0.026471000793182528
max_error: 0.1795030031657321
variance: 0.0004671150685208406
pearson: 0.07670671772878138
p-valu: 2.0455471648516317e-125

AL interation 1647/4801.

mae: 0.026453267131705416
max_error: 0.17923989052127087
variance: 0.0004665182748765893
pearson: 0.10288847652121912
p-valu: 1.564452323814197e-224

AL interation 1648/4801.

mae: 0.02645399886912044
max_error: 0.17920086828001747
variance: 0.00046659124990126535
pearson: 0.10232609712752985
p-valu: 4.307935519129455e-222

AL interation 1649/4801.

mae: 0.02642465565499286
max_error: 0.17813536334818725
variance: 0.000463860120717546
pearson: 0.06577157561821301
p-valu: 1.1945716391376963e-92

AL interation 1650/4801.

mae: 0.026433045716572522
max_error: 0.1781101059800081
variance: 0.00046416959157671
pearson: 0.06620223782776948
p-valu: 7.647242704672037e-94

AL interation 1651/4801.

mae: 0.026444682524717024
max_error: 0.17691949959538267
variance: 0.0004636977181114923
pearson: 0.04760577166780264
p-valu: 2.296209244371033e-49

AL interation 1652/4801.

mae: 0.026432273500610132
max_error: 0.17663801326437767
variance: 0.0004637251193288184
pearson: 0.09887948077252175
p-valu: 1.9260973709785638e-207

AL interation 1653/4801.

mae: 0.02644409064511043
max_error: 0.17679367149270053
variance: 0.0004628740583710228
pearson: 0.07716436735416644
p-valu: 6.891041043581197e-127

AL interation 1654/4801.

mae: 0.026417953189645415
max_error: 0.17586283270742076
variance: 0.0004613418889935603
pearson: 0.09888357246261625
p-valu: 1.8701281829437213e-207

AL interation 1655/4801.

mae: 0.026355972118242282
max_error: 0.17471221131876025
variance: 0.0004588151149190719
pearson: 0.06761533291117262
p-valu: 8.195722705832382e-98

AL interation 1656/4801.

mae: 0.026355927953823487
max_error: 0.1747093465068561
variance: 0.0004588157895849866
pearson: 0.06525191611636416
p-valu: 3.2721712397664137e-91

AL interation 1657/4801.

mae: 0.026348482714222375
max_error: 0.17455946389912658
variance: 0.00045873727828234494
pearson: 0.09825508244246765
p-valu: 7.8170638723993e-205

AL interation 1658/4801.

mae: 0.02627095878799512
max_error: 0.1743116711490389
variance: 0.00045555973726324006
pearson: 0.06889717769208363
p-valu: 1.7306846639137817e-101

AL interation 1659/4801.

mae: 0.026265614458555908
max_error: 0.1750120787068541
variance: 0.00045546687665896636
pearson: 0.1375401231134149
p-valu: 0.0

AL interation 1660/4801.

mae: 0.026292745299786837
max_error: 0.1747637756483842
variance: 0.0004568227897816627
pearson: 0.110387025704157
p-valu: 2.6496034853396245e-258

AL interation 1661/4801.

mae: 0.026248652435968446
max_error: 0.17440385096545885
variance: 0.0004557769034218959
pearson: 0.11228183877594337
p-valu: 3.16259893301572e-267

AL interation 1662/4801.

mae: 0.026223768716335992
max_error: 0.1752092034034236
variance: 0.0004553322797911428
pearson: 0.05798581980913043
p-valu: 2.1685316826466327e-72

AL interation 1663/4801.

mae: 0.02618883376289127
max_error: 0.17537906520868507
variance: 0.0004546141953941767
pearson: 0.15631370768290623
p-valu: 0.0

AL interation 1664/4801.

mae: 0.026056334787684012
max_error: 0.17643319709662553
variance: 0.00045079230719658093
pearson: 0.14645229299740875
p-valu: 0.0

AL interation 1665/4801.

mae: 0.026051092641662013
max_error: 0.17642115368965694
variance: 0.0004505217313836458
pearson: 0.1059937331675608
p-valu: 3.41610848784176e-238

AL interation 1666/4801.

mae: 0.02604950231280357
max_error: 0.17654253052154179
variance: 0.00045038942803323157
pearson: 0.05931125488771341
p-valu: 1.1823405410958677e-75

AL interation 1667/4801.

mae: 0.026048751521477606
max_error: 0.17639469075532777
variance: 0.00045020955258190875
pearson: 0.06023176700975809
p-valu: 5.775211031823983e-78

AL interation 1668/4801.

mae: 0.026048495221950043
max_error: 0.17637273227904604
variance: 0.00045018288647552155
pearson: 0.11953428800943178
p-valu: 8.300597458837117e-303

AL interation 1669/4801.

mae: 0.026078139956279587
max_error: 0.1797289953059904
variance: 0.0004501111061037013
pearson: 0.10064207349060719
p-valu: 7.917894868796249e-215

AL interation 1670/4801.

mae: 0.02611323870525431
max_error: 0.17880322597141873
variance: 0.00045006591249530987
pearson: 0.0608498872874238
p-valu: 1.5542382021368017e-79

AL interation 1671/4801.

mae: 0.026157462982531146
max_error: 0.17835401164978482
variance: 0.0004514610956863475
pearson: 0.07565348329878523
p-valu: 5.224739028442432e-122

AL interation 1672/4801.

mae: 0.026146559847051627
max_error: 0.17834667377559033
variance: 0.0004512481287905705
pearson: 0.1296558794181315
p-valu: 0.0

AL interation 1673/4801.

mae: 0.02614553204606276
max_error: 0.1783081631687624
variance: 0.00045123382798896086
pearson: 0.06998508835080025
p-valu: 1.1965134153204305e-104

AL interation 1674/4801.

mae: 0.026144143701485323
max_error: 0.17831153334867356
variance: 0.0004512977096511408
pearson: 0.05834031891746916
p-valu: 3.010669689772636e-73

AL interation 1675/4801.

mae: 0.02608471153569198
max_error: 0.17822280352032482
variance: 0.0004495807738867546
pearson: 0.07897524151268459
p-valu: 8.295617877531399e-133

AL interation 1676/4801.

mae: 0.026074781585849235
max_error: 0.17822935810857832
variance: 0.00044978826264512446
pearson: 0.06660347953594431
p-valu: 6.145824384232018e-95

AL interation 1677/4801.

mae: 0.02607310714664972
max_error: 0.17824783790404997
variance: 0.00044958953740610277
pearson: 0.10109986984886397
p-valu: 9.26451135434287e-217

AL interation 1678/4801.

mae: 0.026071246978749598
max_error: 0.17832905155176793
variance: 0.0004497528322824013
pearson: 0.046252412032920284
p-valu: 1.1063786901415645e-46

AL interation 1679/4801.

mae: 0.02609655564995709
max_error: 0.17908434065924173
variance: 0.0004523848552509036
pearson: 0.124480492338117
p-valu: 0.0

AL interation 1680/4801.

mae: 0.026084589815512222
max_error: 0.17921521087504022
variance: 0.00045300730058169745
pearson: 0.06705909150588175
p-valu: 3.2564705542955965e-96

AL interation 1681/4801.

mae: 0.026086915987773844
max_error: 0.1792404593283523
variance: 0.00045253963599858096
pearson: 0.0483904994051668
p-valu: 6.207513903824412e-51

AL interation 1682/4801.

mae: 0.026045280873042892
max_error: 0.17949937259930682
variance: 0.00045151185538546464
pearson: 0.0719760618159544
p-valu: 1.400985740297559e-110

AL interation 1683/4801.

mae: 0.026258427633289765
max_error: 0.18009842934901332
variance: 0.0004567798543542501
pearson: 0.05861051710904042
p-valu: 6.63076702330515e-74

AL interation 1684/4801.

mae: 0.02625700411805243
max_error: 0.18002649896464806
variance: 0.0004567615170084105
pearson: 0.07841138166676183
p-valu: 6.279218133398924e-131

AL interation 1685/4801.

mae: 0.02620697795736497
max_error: 0.179029696194843
variance: 0.0004581810394377658
pearson: 0.10797296113316011
p-valu: 4.303144886414817e-247

AL interation 1686/4801.

mae: 0.0262129992305435
max_error: 0.17976399269303744
variance: 0.0004583643525932055
pearson: 0.12014058671799785
p-valu: 7.874760362624809e-306

AL interation 1687/4801.

mae: 0.0261510539858245
max_error: 0.18002500536698296
variance: 0.00045539625909025804
pearson: 0.1357530151108863
p-valu: 0.0

AL interation 1688/4801.

mae: 0.026157724218697102
max_error: 0.18007028297455197
variance: 0.00045556528480886655
pearson: 0.11996622526642702
p-valu: 6.16160979313709e-305

AL interation 1689/4801.

mae: 0.026125116119282414
max_error: 0.17984115628445085
variance: 0.00045573027844664926
pearson: 0.06070656674843874
p-valu: 3.7395192731683905e-79

AL interation 1690/4801.

mae: 0.02608510889317196
max_error: 0.18027443819067646
variance: 0.0004538916359713719
pearson: 0.08755765039105141
p-valu: 7.20863356133136e-163

AL interation 1691/4801.

mae: 0.026092358448346387
max_error: 0.180915109483462
variance: 0.0004547170646118137
pearson: 0.08707125804196814
p-valu: 4.4479816821387765e-161

AL interation 1692/4801.

mae: 0.02608516865560447
max_error: 0.18102861282698957
variance: 0.00045436477453523116
pearson: 0.14600243774778718
p-valu: 0.0

AL interation 1693/4801.

mae: 0.026096064443996567
max_error: 0.18371318558405125
variance: 0.0004530792128553137
pearson: 0.05437251886482173
p-valu: 7.691037515853437e-64

AL interation 1694/4801.

mae: 0.026076455527011873
max_error: 0.1833902137145147
variance: 0.00045271636537045414
pearson: 0.06245573765411842
p-valu: 1.1263159636128395e-83

AL interation 1695/4801.

mae: 0.026077034863127836
max_error: 0.18345337532394712
variance: 0.0004526755917429008
pearson: 0.08954554237571719
p-valu: 2.8275845926105327e-170

AL interation 1696/4801.

mae: 0.026055642080346948
max_error: 0.1830709006657658
variance: 0.00045214123150635264
pearson: 0.06632775875995556
p-valu: 3.784276563833942e-94

AL interation 1697/4801.

mae: 0.02606363657430816
max_error: 0.1826539429088685
variance: 0.00045221362417286495
pearson: 0.11322807664831477
p-valu: 1.2172231498695925e-271

AL interation 1698/4801.

mae: 0.026058701542171464
max_error: 0.18293738511186763
variance: 0.0004523762302765864
pearson: 0.07338631153471283
p-valu: 7.170502355282346e-115

AL interation 1699/4801.

mae: 0.026052091597912445
max_error: 0.18377586255104195
variance: 0.0004528617230617468
pearson: 0.08456325401088799
p-valu: 5.289325403758614e-152

AL interation 1700/4801.

mae: 0.02604934119150649
max_error: 0.18384334497698962
variance: 0.0004524984828756781
pearson: 0.04433788305174585
p-valu: 5.000378909203045e-43

AL interation 1701/4801.

mae: 0.02599822101014587
max_error: 0.18245371093092633
variance: 0.00045239752544723596
pearson: 0.051028727776627744
p-valu: 1.9653572044297762e-56

AL interation 1702/4801.

mae: 0.025995002627225743
max_error: 0.1823151571256263
variance: 0.0004522453661736201
pearson: 0.10379214402666688
p-valu: 2.3899653138000947e-228

AL interation 1703/4801.

mae: 0.025994963756100577
max_error: 0.1818213492037417
variance: 0.0004524103980254911
pearson: 0.06875871829460659
p-valu: 4.8449806725296973e-101

AL interation 1704/4801.

mae: 0.02595639223904677
max_error: 0.1818693821327857
variance: 0.0004511029908107236
pearson: 0.03893082715727063
p-valu: 1.4717913332344295e-33

AL interation 1705/4801.

mae: 0.025930041876372465
max_error: 0.18066879049677897
variance: 0.0004512650637765825
pearson: 0.09818485011278194
p-valu: 1.928682682475042e-204

AL interation 1706/4801.

mae: 0.02592473856656078
max_error: 0.18073462218802394
variance: 0.0004512359771857605
pearson: 0.09615520544929883
p-valu: 4.030283772195429e-196

AL interation 1707/4801.

mae: 0.025923343335670715
max_error: 0.1800405276821353
variance: 0.0004510545195892591
pearson: 0.050717320073477914
p-valu: 9.16917990431175e-56

AL interation 1708/4801.

mae: 0.025919687092437377
max_error: 0.1798402620638031
variance: 0.0004511418548546331
pearson: 0.06997322651434419
p-valu: 1.4131779939425622e-104

AL interation 1709/4801.

mae: 0.02594054837625147
max_error: 0.18033822359705898
variance: 0.0004505413732433747
pearson: 0.061893099153650585
p-valu: 3.418362977466756e-82

AL interation 1710/4801.

mae: 0.0258904851558384
max_error: 0.18133917889957463
variance: 0.0004512613844425085
pearson: 0.07326625423576036
p-valu: 1.7366432073920734e-114

AL interation 1711/4801.

mae: 0.025849516483551414
max_error: 0.18144587513728272
variance: 0.0004493876744668804
pearson: 0.053078224357213453
p-valu: 6.578818180520657e-61

AL interation 1712/4801.

mae: 0.025874247544743257
max_error: 0.1805879987581962
variance: 0.00044860133421480294
pearson: 0.10612326060788621
p-valu: 1.1712124282683577e-238

AL interation 1713/4801.

mae: 0.02589512888472889
max_error: 0.18027143235070486
variance: 0.00044960957077278273
pearson: 0.06134634805158262
p-valu: 8.9585064679427e-81

AL interation 1714/4801.

mae: 0.025927886467639587
max_error: 0.17873039871795715
variance: 0.0004507623807339819
pearson: 0.04426866750903986
p-valu: 6.8218117613130244e-43

AL interation 1715/4801.

mae: 0.025939717812602014
max_error: 0.1786924556249092
variance: 0.0004511745941984088
pearson: 0.1198525760071154
p-valu: 2.832119356232652e-304

AL interation 1716/4801.

mae: 0.025946176544361578
max_error: 0.17851943605950016
variance: 0.00045143810051440883
pearson: 0.10274773725171359
p-valu: 9.222439841543433e-224

AL interation 1717/4801.

mae: 0.025945984507008888
max_error: 0.17851080858002621
variance: 0.00045143473300432734
pearson: 0.061583893150953924
p-valu: 2.1993192754074988e-81

AL interation 1718/4801.

mae: 0.025946283200805026
max_error: 0.17848787107635378
variance: 0.00045152253630346295
pearson: 0.06960038677767343
p-valu: 1.7955974843423124e-103

AL interation 1719/4801.

mae: 0.025901325353564455
max_error: 0.17838947316834908
variance: 0.0004504472451890387
pearson: 0.10004506199572762
p-valu: 3.4430453329302103e-212

AL interation 1720/4801.

mae: 0.025911211146491885
max_error: 0.17763649136344117
variance: 0.00045027554028250415
pearson: 0.05270684739999459
p-valu: 4.452847835750193e-60

AL interation 1721/4801.

mae: 0.025907282167826232
max_error: 0.17780655112750043
variance: 0.0004500825374880839
pearson: 0.08541948297108085
p-valu: 4.95234678217782e-155

AL interation 1722/4801.

mae: 0.025886637869725216
max_error: 0.1765508019156501
variance: 0.0004503598388930888
pearson: 0.04610943632717275
p-valu: 2.1972834620923653e-46

AL interation 1723/4801.

mae: 0.02588117326530201
max_error: 0.1762835874828257
variance: 0.00045004347400167993
pearson: 0.055429384560270634
p-valu: 2.942512870087811e-66

AL interation 1724/4801.

mae: 0.025880778348967695
max_error: 0.1759773939442626
variance: 0.0004496663064847711
pearson: 0.11409156199689988
p-valu: 1.0214387179060347e-275

AL interation 1725/4801.

mae: 0.025885135559874175
max_error: 0.17642799690241606
variance: 0.00044971597680604816
pearson: 0.0607686015092993
p-valu: 2.7766834291827785e-79

AL interation 1726/4801.

mae: 0.025889275211838165
max_error: 0.17611898687340233
variance: 0.0004499158761328734
pearson: 0.05785233009627763
p-valu: 5.102543256093922e-72

AL interation 1727/4801.

mae: 0.025893399013281485
max_error: 0.17584027477226716
variance: 0.00045051252711604707
pearson: 0.08181642531587424
p-valu: 2.4095118189004018e-142

AL interation 1728/4801.

mae: 0.0259006801690283
max_error: 0.17569832599059243
variance: 0.00045066581683291304
pearson: 0.061515254385760616
p-valu: 3.3791420607772388e-81

AL interation 1729/4801.

mae: 0.025882485856439423
max_error: 0.17565384402899742
variance: 0.0004501833496153796
pearson: 0.05374346389519688
p-valu: 2.173556421628908e-62

AL interation 1730/4801.

mae: 0.02588974001687481
max_error: 0.1748409939640938
variance: 0.0004490886365216099
pearson: 0.10724429236031191
p-valu: 1.1512987182269277e-243

AL interation 1731/4801.

mae: 0.025788778112909885
max_error: 0.17756235316977342
variance: 0.00044763626863562314
pearson: 0.06736624713878404
p-valu: 4.960937720017744e-97

AL interation 1732/4801.

mae: 0.02577150537055896
max_error: 0.1773257216331645
variance: 0.00044734482268717594
pearson: 0.0968729351779577
p-valu: 5.4624711728793095e-199

AL interation 1733/4801.

mae: 0.025744090844348717
max_error: 0.17485057448305685
variance: 0.00044694406273487866
pearson: 0.0764684657337221
p-valu: 1.5474253297718077e-124

AL interation 1734/4801.

mae: 0.025743756894639994
max_error: 0.17499534455185728
variance: 0.00044706057362857676
pearson: 0.08656096002654702
p-valu: 3.8387334960551777e-159

AL interation 1735/4801.

mae: 0.025728422777271925
max_error: 0.17500202672220855
variance: 0.0004469830489216091
pearson: 0.0689095256000327
p-valu: 1.9151650789179424e-101

AL interation 1736/4801.

mae: 0.02572684071244708
max_error: 0.17464075805349655
variance: 0.0004466913093885045
pearson: 0.06291947123532812
p-valu: 7.35575458102084e-85

AL interation 1737/4801.

mae: 0.025758624664787247
max_error: 0.17673810594845651
variance: 0.0004450106583471443
pearson: 0.14126802127937707
p-valu: 0.0

AL interation 1738/4801.

mae: 0.025759939439376805
max_error: 0.17683662516304555
variance: 0.00044512273560951194
pearson: 0.05363737021979923
p-valu: 3.8196158387029212e-62

AL interation 1739/4801.

mae: 0.025786705774642447
max_error: 0.1768902067391851
variance: 0.0004459853981843919
pearson: 0.042551831803540774
p-valu: 9.476169019319075e-40

AL interation 1740/4801.

mae: 0.025758299386098946
max_error: 0.17716683114616405
variance: 0.0004454638883971278
pearson: 0.09466874575459595
p-valu: 4.4846150476941893e-190

AL interation 1741/4801.

mae: 0.025768000150853808
max_error: 0.17538768213074452
variance: 0.0004452036313153613
pearson: 0.13036616837806567
p-valu: 0.0

AL interation 1742/4801.

mae: 0.02575221317358602
max_error: 0.1752828656603329
variance: 0.0004445931890490328
pearson: 0.039372880669019374
p-valu: 2.8346609399998977e-34

AL interation 1743/4801.

mae: 0.025751717052470997
max_error: 0.17526143894013746
variance: 0.0004445850781672989
pearson: 0.10797717946360752
p-valu: 5.78584579854927e-247

AL interation 1744/4801.

mae: 0.025745928765251856
max_error: 0.17533283657342924
variance: 0.0004446091341045686
pearson: 0.03724171942573876
p-valu: 7.720672197189065e-31

AL interation 1745/4801.

mae: 0.025692985544626627
max_error: 0.17446048286677485
variance: 0.0004421840076350309
pearson: 0.05082682694566649
p-valu: 5.626094574997813e-56

AL interation 1746/4801.

mae: 0.025702218231597202
max_error: 0.17553597538374976
variance: 0.0004421206635493251
pearson: 0.10004995413614338
p-valu: 3.76129237179879e-212

AL interation 1747/4801.

mae: 0.025619504031817245
max_error: 0.17412955523417128
variance: 0.0004418559026223755
pearson: 0.03644353228896914
p-valu: 1.3372496794664722e-29

AL interation 1748/4801.

mae: 0.025672325663880387
max_error: 0.17450032322943532
variance: 0.00044212517854559034
pearson: 0.09212413591950674
p-valu: 4.787204639651515e-180

AL interation 1749/4801.

mae: 0.025703373094777632
max_error: 0.17359882084332146
variance: 0.00044218195178643633
pearson: 0.06640752770995474
p-valu: 2.5498462183964e-94

AL interation 1750/4801.

mae: 0.025703085748017687
max_error: 0.17320183447685356
variance: 0.0004424805341418574
pearson: 0.08266361162857974
p-valu: 3.055008817562318e-145

AL interation 1751/4801.

mae: 0.02570330223237871
max_error: 0.17313588821292303
variance: 0.0004424520643956754
pearson: 0.08634063065147865
p-valu: 2.591822719096646e-158

AL interation 1752/4801.

mae: 0.02571455558443866
max_error: 0.1733623661052066
variance: 0.0004426334807820704
pearson: 0.05968265397870969
p-valu: 1.6257575589173743e-76

AL interation 1753/4801.

mae: 0.025717626925208695
max_error: 0.1734629339184126
variance: 0.0004424482630157819
pearson: 0.03888518788350192
p-valu: 1.814588566620104e-33

AL interation 1754/4801.

mae: 0.025696781774749773
max_error: 0.1740462309966775
variance: 0.0004425327136619582
pearson: 0.09565721920351641
p-valu: 5.189676329262759e-194

AL interation 1755/4801.

mae: 0.02569638280905221
max_error: 0.17403882206729993
variance: 0.0004426189181990125
pearson: 0.07875507281236623
p-valu: 5.724171338666368e-132

AL interation 1756/4801.

mae: 0.02570187358078841
max_error: 0.1742665013074971
variance: 0.00044372197021239285
pearson: 0.0537847341822767
p-valu: 1.8240692627829657e-62

AL interation 1757/4801.

mae: 0.02570113378757803
max_error: 0.17385537423200237
variance: 0.00044341048923993143
pearson: 0.06539465342373799
p-valu: 1.648639248514904e-91

AL interation 1758/4801.

mae: 0.025701590680732207
max_error: 0.17363576359406085
variance: 0.0004433848050188383
pearson: 0.06992764835004271
p-valu: 2.1752803250348415e-104

AL interation 1759/4801.

mae: 0.025704670067946318
max_error: 0.17272979657121557
variance: 0.00044820756474131887
pearson: 0.10609905862100819
p-valu: 1.9623051437764883e-238

AL interation 1760/4801.

mae: 0.025693598880844846
max_error: 0.17266892445462378
variance: 0.000447866216958143
pearson: 0.018481080827391718
p-valu: 1.0176487570293662e-08

AL interation 1761/4801.

mae: 0.025677603715253072
max_error: 0.1725411291021688
variance: 0.00044633296429061553
pearson: 0.055534969180118174
p-valu: 1.77128933843725e-66

AL interation 1762/4801.

mae: 0.02562216884834679
max_error: 0.1736413908142227
variance: 0.00044616309644419336
pearson: 0.062200937234923925
p-valu: 5.9737671952380806e-83

AL interation 1763/4801.

mae: 0.025607567102647878
max_error: 0.1737121409600464
variance: 0.0004460121735250207
pearson: 0.12085599918915524
p-valu: 3.0798115223098e-309

AL interation 1764/4801.

mae: 0.025575864572156496
max_error: 0.17570732410189027
variance: 0.0004459494326272487
pearson: 0.08110116080188695
p-valu: 7.692236232040085e-140

AL interation 1765/4801.

mae: 0.02557821323634294
max_error: 0.17584298782406638
variance: 0.00044558135760456647
pearson: 0.15004280619585147
p-valu: 0.0

AL interation 1766/4801.

mae: 0.025503779785593546
max_error: 0.1739881262650984
variance: 0.0004426136153070282
pearson: 0.06499375141169013
p-valu: 2.103219848465093e-90

AL interation 1767/4801.

mae: 0.025493623292366898
max_error: 0.17410343605609757
variance: 0.00044215352075819794
pearson: 0.0987297277458985
p-valu: 1.426014380257033e-206

AL interation 1768/4801.

mae: 0.025498008737391664
max_error: 0.1737531266330139
variance: 0.0004428723344166858
pearson: 0.08794885380133541
p-valu: 3.49638538166024e-164

AL interation 1769/4801.

mae: 0.025493216654179616
max_error: 0.17349809588762088
variance: 0.00044152788722912983
pearson: 0.06852564383234257
p-valu: 2.6620141966420544e-100

AL interation 1770/4801.

mae: 0.025482438624568195
max_error: 0.1737788658096493
variance: 0.0004413284909196995
pearson: 0.06479554424546242
p-valu: 7.355054269665088e-90

AL interation 1771/4801.

mae: 0.02548257420105943
max_error: 0.17320922568381736
variance: 0.00044190567633220257
pearson: 0.07679177381448488
p-valu: 1.5737520312746163e-125

AL interation 1772/4801.

mae: 0.02546809206475099
max_error: 0.17363464616886137
variance: 0.000441147796381595
pearson: 0.0687719725569104
p-valu: 5.2261052796971815e-101

AL interation 1773/4801.

mae: 0.025465263350011137
max_error: 0.1728608437619501
variance: 0.00044068591282713806
pearson: 0.07028617012453445
p-valu: 1.985749240317009e-105

AL interation 1774/4801.

mae: 0.025461697594512295
max_error: 0.172616607881932
variance: 0.0004406413981719537
pearson: 0.06763826900023436
p-valu: 9.271196695971627e-98

AL interation 1775/4801.

mae: 0.025462211605871993
max_error: 0.17276623363562482
variance: 0.00044036846867964567
pearson: 0.06326470662467637
p-valu: 9.682128006646229e-86

AL interation 1776/4801.

mae: 0.02546061218679008
max_error: 0.17274206286805072
variance: 0.00044045830839193267
pearson: 0.07832486040264788
p-valu: 1.60807239458614e-130

AL interation 1777/4801.

mae: 0.025484864588115316
max_error: 0.17206051588567295
variance: 0.0004401592719677568
pearson: 0.057763646503725695
p-valu: 9.124200479024977e-72

AL interation 1778/4801.

mae: 0.025484282273177717
max_error: 0.17203309058225802
variance: 0.0004403482408045102
pearson: 0.053569473860583784
p-valu: 5.75291185298494e-62

AL interation 1779/4801.

mae: 0.02547684663974922
max_error: 0.1721154257169788
variance: 0.00043967951006643137
pearson: 0.08293671392417246
p-valu: 3.7787530538101253e-146

AL interation 1780/4801.

mae: 0.025485782364818625
max_error: 0.17228243228731532
variance: 0.000439879553009735
pearson: 0.07886920226689359
p-valu: 2.5911343445721287e-132

AL interation 1781/4801.

mae: 0.026099703758896246
max_error: 0.16635216812158848
variance: 0.0004648361471115691
pearson: 0.08113439967056729
p-valu: 6.267527716266179e-140

AL interation 1782/4801.

mae: 0.026101962385742028
max_error: 0.16616129029665405
variance: 0.0004648619561773224
pearson: 0.1784866718558654
p-valu: 0.0

AL interation 1783/4801.

mae: 0.02599835091746004
max_error: 0.16534736323359045
variance: 0.00046216048468026265
pearson: 0.08827428829757207
p-valu: 2.3030137945967405e-165

AL interation 1784/4801.

mae: 0.026005137063235064
max_error: 0.16549453909413803
variance: 0.0004623109846906983
pearson: 0.06634043270495522
p-valu: 4.237793589047571e-94

AL interation 1785/4801.

mae: 0.026111460427572477
max_error: 0.1650825000555729
variance: 0.0004634714329032647
pearson: 0.07379194149371852
p-valu: 5.057320419123372e-116

AL interation 1786/4801.

mae: 0.026208108340422396
max_error: 0.16581942573560315
variance: 0.00046813390451352135
pearson: 0.06309415220286411
p-valu: 2.804494311950714e-85

AL interation 1787/4801.

mae: 0.026211548724647878
max_error: 0.16569046578427749
variance: 0.00046851653868500663
pearson: 0.07812149428000276
p-valu: 7.754476758581217e-130

AL interation 1788/4801.

mae: 0.0262511168237221
max_error: 0.16665146726103064
variance: 0.00046877053729482986
pearson: 0.06994104090812898
p-valu: 2.1388869061323728e-104

AL interation 1789/4801.

mae: 0.026421261340716855
max_error: 0.1605068754865302
variance: 0.0004687171753307617
pearson: 0.07058888112345679
p-valu: 2.6291797951701217e-106

AL interation 1790/4801.

mae: 0.02641780634093169
max_error: 0.16019224202449056
variance: 0.0004684762430008884
pearson: 0.08307201609541845
p-valu: 1.323227662107341e-146

AL interation 1791/4801.

mae: 0.026416462609788992
max_error: 0.15908793880902028
variance: 0.00046832140672229083
pearson: 0.11621127618393116
p-valu: 7.549208266296945e-286

AL interation 1792/4801.

mae: 0.02641208325323882
max_error: 0.15794267954464392
variance: 0.00046849297577578796
pearson: 0.08252225600250628
p-valu: 1.0927301794765958e-144

AL interation 1793/4801.

mae: 0.026405658532988
max_error: 0.1581726909602681
variance: 0.0004680815855248808
pearson: 0.0662020070553715
p-valu: 1.049204006387635e-93

AL interation 1794/4801.

mae: 0.026410044647796768
max_error: 0.1600115703144498
variance: 0.00046749747470278314
pearson: 0.0679498655168086
p-valu: 1.259738854272602e-98

AL interation 1795/4801.

mae: 0.02641031932267657
max_error: 0.16072238923646598
variance: 0.00046814935045940564
pearson: 0.05796984544022323
p-valu: 2.9689236191509816e-72

AL interation 1796/4801.

mae: 0.02637954689332324
max_error: 0.1612934619710673
variance: 0.00046688218211434054
pearson: 0.060587902432568716
p-valu: 9.137878653073324e-79

AL interation 1797/4801.

mae: 0.026415322244001643
max_error: 0.16123006761648373
variance: 0.0004654492460803269
pearson: 0.040089100391165575
p-valu: 1.884235550488087e-35

AL interation 1798/4801.

mae: 0.026398700797635063
max_error: 0.15975586870393688
variance: 0.0004658044737954937
pearson: 0.07082643207929833
p-valu: 5.300779275845257e-107

AL interation 1799/4801.

mae: 0.026392283642400677
max_error: 0.15952419709122712
variance: 0.00046549139870248157
pearson: 0.046185084548946057
p-valu: 1.7024915031502826e-46

AL interation 1800/4801.

mae: 0.02659068250222798
max_error: 0.16133774323628547
variance: 0.0004854621699028135
pearson: 0.0773497212467251
p-valu: 2.676768683675391e-127

AL interation 1801/4801.

mae: 0.026515224803670738
max_error: 0.1600084951255072
variance: 0.0004828411429179846
pearson: 0.10628304329334308
p-valu: 3.728466413319613e-239

AL interation 1802/4801.

mae: 0.0264840282535287
max_error: 0.1600907670339753
variance: 0.00048214584765670965
pearson: 0.08955078271612125
p-valu: 4.15878226048469e-170

AL interation 1803/4801.

mae: 0.026494548802953176
max_error: 0.1600174046138223
variance: 0.0004822753961950125
pearson: 0.10490421981020091
p-valu: 5.253434018141707e-233

AL interation 1804/4801.

mae: 0.026449637722549903
max_error: 0.15928721212133912
variance: 0.0004825004487553563
pearson: 0.12098081978902334
p-valu: 9.56322039191995e-310

AL interation 1805/4801.

mae: 0.026455776736902265
max_error: 0.158993650029001
variance: 0.00048063752672449384
pearson: 0.0742732287984194
p-valu: 1.703150122006203e-117

AL interation 1806/4801.

mae: 0.026476796356808698
max_error: 0.15760258597532317
variance: 0.00048066698030748453
pearson: 0.07395379752952412
p-valu: 1.6854662545380446e-116

AL interation 1807/4801.

mae: 0.02647543821253796
max_error: 0.15755510297770758
variance: 0.0004805029758695613
pearson: 0.07716004079408925
p-valu: 1.1281560927950798e-126

AL interation 1808/4801.

mae: 0.026529395231593148
max_error: 0.1572750268509795
variance: 0.0004801939055123687
pearson: 0.08265456478276954
p-valu: 4.008083946424667e-145

AL interation 1809/4801.

mae: 0.02640814433167611
max_error: 0.15739164965583274
variance: 0.0004765878279035726
pearson: 0.07170113514092846
p-valu: 1.315914871602039e-109

AL interation 1810/4801.

mae: 0.026373576881880967
max_error: 0.15747000972390612
variance: 0.0004757123085758154
pearson: 0.1575960859799506
p-valu: 0.0

AL interation 1811/4801.

mae: 0.02636317754157022
max_error: 0.1574104802907046
variance: 0.0004759280531539673
pearson: 0.09640012540917797
p-valu: 6.669278562092552e-197

AL interation 1812/4801.

mae: 0.026295718382834024
max_error: 0.15904256272318396
variance: 0.0004729913581879411
pearson: 0.07781863291976346
p-valu: 8.221031990058634e-129

AL interation 1813/4801.

mae: 0.026259272514689604
max_error: 0.16020299844370545
variance: 0.0004757941683467505
pearson: 0.06826627020212818
p-valu: 1.640234302965921e-99

AL interation 1814/4801.

mae: 0.026234520030414456
max_error: 0.15951373467526953
variance: 0.0004734289730787628
pearson: 0.07768345507258277
p-valu: 2.2861662235176223e-128

AL interation 1815/4801.

mae: 0.026235196212672646
max_error: 0.15906468428459863
variance: 0.00047257548515659435
pearson: 0.06568227922683935
p-valu: 3.0210779679918946e-92

AL interation 1816/4801.

mae: 0.026230690908895352
max_error: 0.15938807202422556
variance: 0.0004727784849234367
pearson: 0.10620548055612883
p-valu: 9.04294930502821e-239

AL interation 1817/4801.

mae: 0.026187786936712636
max_error: 0.15980218180214667
variance: 0.0004719953526520715
pearson: 0.10623639158704083
p-valu: 6.610317961431289e-239

AL interation 1818/4801.

mae: 0.026216231238039067
max_error: 0.15919956868804963
variance: 0.00047279218538498464
pearson: 0.04870107152937458
p-valu: 1.6992890603200205e-51

AL interation 1819/4801.

mae: 0.0262150568099161
max_error: 0.15947911300412176
variance: 0.0004729632959305914
pearson: 0.11883948536185797
p-valu: 7.860415721504063e-299

AL interation 1820/4801.

mae: 0.02619983880583619
max_error: 0.16022408157135448
variance: 0.00047153867517215654
pearson: 0.10173708375360707
p-valu: 3.6449535464324475e-219

AL interation 1821/4801.

mae: 0.026216002050943082
max_error: 0.16235500001988346
variance: 0.0004732467946125505
pearson: 0.0670359365095947
p-valu: 5.202514403235939e-96

AL interation 1822/4801.

mae: 0.026135364057916954
max_error: 0.16140325424879354
variance: 0.00046850106239385757
pearson: 0.109707807086465
p-valu: 1.0262747016814043e-254

AL interation 1823/4801.

mae: 0.02612309167540016
max_error: 0.16157807320945228
variance: 0.0004684092707916291
pearson: 0.04575205121508422
p-valu: 1.1961424101002574e-45

AL interation 1824/4801.

mae: 0.026128214918735602
max_error: 0.16159639272467263
variance: 0.0004687530278688791
pearson: 0.11904504769900924
p-valu: 7.523568451607633e-300

AL interation 1825/4801.

mae: 0.026111599953968816
max_error: 0.16214510139564897
variance: 0.00046979835640897135
pearson: 0.09332170434262516
p-valu: 1.4084364312671723e-184

AL interation 1826/4801.

mae: 0.026193583181422526
max_error: 0.16159460235888634
variance: 0.0004788260578279093
pearson: 0.030343488497090843
p-valu: 5.3355133483959634e-21

AL interation 1827/4801.

mae: 0.026219427555318534
max_error: 0.16107303372831172
variance: 0.0004795663187757847
pearson: 0.0918622781274782
p-valu: 6.923097886002947e-179

AL interation 1828/4801.

mae: 0.026192564789598905
max_error: 0.1615600435829352
variance: 0.00047991825634024777
pearson: 0.10467962324239746
p-valu: 5.934068875699037e-232

AL interation 1829/4801.

mae: 0.02619174902516283
max_error: 0.16157062920814003
variance: 0.000479928328341816
pearson: 0.12562397605688494
p-valu: 0.0

AL interation 1830/4801.

mae: 0.02619320715953301
max_error: 0.16131437716415764
variance: 0.0004788467291866478
pearson: 0.09682610650002647
p-valu: 1.3467323973851645e-198

AL interation 1831/4801.

mae: 0.026086575320436046
max_error: 0.16342415476668481
variance: 0.0004736910144457116
pearson: 0.1224070157919463
p-valu: 5.2443626e-317

AL interation 1832/4801.

mae: 0.02613625518436667
max_error: 0.16229887770662987
variance: 0.00047434027039683395
pearson: 0.12318229516732924
p-valu: 4.92e-321

AL interation 1833/4801.

mae: 0.026166444673922384
max_error: 0.16329308117513808
variance: 0.0004746852437810077
pearson: 0.08902740744886715
p-valu: 4.355806663524967e-168

AL interation 1834/4801.

mae: 0.026170991812286062
max_error: 0.16339916058444448
variance: 0.000474551694177461
pearson: 0.06749195341055964
p-valu: 2.765970558524613e-97

AL interation 1835/4801.

mae: 0.026182975731201073
max_error: 0.1634250024794115
variance: 0.0004741839950920483
pearson: 0.04799445693531979
p-valu: 4.704281872036926e-50

AL interation 1836/4801.

mae: 0.026129585393185543
max_error: 0.16251662021335012
variance: 0.00047354922279620415
pearson: 0.1114392721337461
p-valu: 9.194901927654112e-263

AL interation 1837/4801.

mae: 0.026123916134672336
max_error: 0.16256454580746738
variance: 0.00047328606871643663
pearson: 0.07913565240541212
p-valu: 4.042095065054644e-133

AL interation 1838/4801.

mae: 0.02612715410516415
max_error: 0.16251249590044115
variance: 0.0004730368026503348
pearson: 0.07230113076305178
p-valu: 2.1796841798010232e-111

AL interation 1839/4801.

mae: 0.026147881959721453
max_error: 0.16278834559801414
variance: 0.00047292193708321263
pearson: 0.12176111297796804
p-valu: 1.2138602179e-313

AL interation 1840/4801.

mae: 0.026140783879946172
max_error: 0.1625416449618884
variance: 0.00047302936739906834
pearson: 0.10010285553659581
p-valu: 3.6125190426637374e-212

AL interation 1841/4801.

mae: 0.0261089876931341
max_error: 0.16254335332581338
variance: 0.00047216954945225234
pearson: 0.07805357483159435
p-valu: 1.5283110437616068e-129

AL interation 1842/4801.

mae: 0.026093435586711598
max_error: 0.16250660993267463
variance: 0.0004693636736692728
pearson: 0.11611249288665841
p-valu: 3.26362789886984e-285

AL interation 1843/4801.

mae: 0.02605503092866293
max_error: 0.16299238108279912
variance: 0.0004686930856379535
pearson: 0.09537602909139005
p-valu: 1.0564182584829156e-192

AL interation 1844/4801.

mae: 0.02606332657873559
max_error: 0.16308384568168055
variance: 0.0004685072498942981
pearson: 0.12352319564996926
p-valu: 8e-323

AL interation 1845/4801.

mae: 0.0260140850783065
max_error: 0.1626901404865153
variance: 0.0004653105238109387
pearson: 0.046597047208913986
p-valu: 2.8221011894776953e-47

AL interation 1846/4801.

mae: 0.026017717489909685
max_error: 0.16268058525150497
variance: 0.00046529836931623954
pearson: 0.11432196866308553
p-valu: 1.756655617951734e-276

AL interation 1847/4801.

mae: 0.026028066062011128
max_error: 0.1625852932533549
variance: 0.00046523622770664683
pearson: 0.08587925837736494
p-valu: 1.737919318237779e-156

AL interation 1848/4801.

mae: 0.026031978061383895
max_error: 0.16279147686458106
variance: 0.0004647985339135502
pearson: 0.06222256904585858
p-valu: 6.1999335411627744e-83

AL interation 1849/4801.

mae: 0.02602816383957789
max_error: 0.1627679286497683
variance: 0.00046462792503711045
pearson: 0.06985156009331153
p-valu: 4.547095808778293e-104

AL interation 1850/4801.

mae: 0.026040428323376517
max_error: 0.16161374758069957
variance: 0.0004664226935448424
pearson: 0.07014599024088798
p-valu: 6.222270350196264e-105

AL interation 1851/4801.

mae: 0.026027667813714274
max_error: 0.16191632640714904
variance: 0.0004661902656466873
pearson: 0.04345755968434562
p-valu: 2.4314459788036284e-41

AL interation 1852/4801.

mae: 0.02602766926993853
max_error: 0.16191631583336363
variance: 0.00046618964871699347
pearson: 0.06723410972853718
p-valu: 1.5432579606362148e-96

AL interation 1853/4801.

mae: 0.026025188184504246
max_error: 0.161899520365691
variance: 0.00046604226677013816
pearson: 0.09536916747164728
p-valu: 1.1782883031482224e-192

AL interation 1854/4801.

mae: 0.026017979522414695
max_error: 0.16145652572725755
variance: 0.00046607795695739794
pearson: 0.08633732347855526
p-valu: 3.9192151368076525e-158

AL interation 1855/4801.

mae: 0.026005520915947395
max_error: 0.16190784807207326
variance: 0.0004661245631906524
pearson: 0.08857608531950768
p-valu: 2.3044471168558674e-166

AL interation 1856/4801.

mae: 0.026019652973513666
max_error: 0.1614534866143318
variance: 0.0004664671874446772
pearson: 0.14549062585870529
p-valu: 0.0

AL interation 1857/4801.

mae: 0.02602208582016683
max_error: 0.16147466866771953
variance: 0.00046655927893015606
pearson: 0.12377929819131993
p-valu: 0.0

AL interation 1858/4801.

mae: 0.026054037503063607
max_error: 0.16095676002754278
variance: 0.0004654390299395779
pearson: 0.05937089796017721
p-valu: 1.1794383011818434e-75

AL interation 1859/4801.

mae: 0.026047726195229638
max_error: 0.16060869992855675
variance: 0.00046569844966065757
pearson: 0.11219827071122802
p-valu: 2.767622045935678e-266

AL interation 1860/4801.

mae: 0.026039610992829285
max_error: 0.16050006726385124
variance: 0.00046568669958735364
pearson: 0.08956343488116614
p-valu: 4.708153584692743e-170

AL interation 1861/4801.

mae: 0.02604359141283072
max_error: 0.16064624328049337
variance: 0.0004653375813679403
pearson: 0.07491989239263412
p-valu: 1.8783675625934237e-119

AL interation 1862/4801.

mae: 0.026033537513629208
max_error: 0.1607737104308713
variance: 0.0004648319215997809
pearson: 0.05875951242901653
p-valu: 3.882032520662408e-74

AL interation 1863/4801.

mae: 0.02600480260136439
max_error: 0.16031968229930005
variance: 0.00046355871052636976
pearson: 0.05693198419946841
p-valu: 1.0537668389883481e-69

AL interation 1864/4801.

mae: 0.026261804917702112
max_error: 0.1640332772962525
variance: 0.0004675968607422879
pearson: 0.03994635387316899
p-valu: 3.4561763982308346e-35

AL interation 1865/4801.

mae: 0.02624878421802564
max_error: 0.16317881098387677
variance: 0.00046756999640667964
pearson: 0.08339935924598682
p-valu: 1.2296430039225568e-147

AL interation 1866/4801.

mae: 0.026239770469106204
max_error: 0.16314991309576232
variance: 0.00046723909626178906
pearson: 0.11153242594526333
p-valu: 4.0414102202415206e-263

AL interation 1867/4801.

mae: 0.02623669241662077
max_error: 0.1628094795173043
variance: 0.00046693553535985245
pearson: 0.08572945385625126
p-valu: 6.493428786065911e-156

AL interation 1868/4801.

mae: 0.026237887170578945
max_error: 0.16244716432941875
variance: 0.0004680751064761264
pearson: 0.08641088321023227
p-valu: 2.2331243962127075e-158

AL interation 1869/4801.

mae: 0.026199511770690492
max_error: 0.16263634435329966
variance: 0.0004683921849837543
pearson: 0.0945581543493263
p-valu: 2.2108637952424924e-189

AL interation 1870/4801.

mae: 0.026190431324667092
max_error: 0.16215949606288138
variance: 0.00046847465905061055
pearson: 0.11563978207692474
p-valu: 8.149683823972219e-283

AL interation 1871/4801.

mae: 0.026166109746751716
max_error: 0.16210348971202126
variance: 0.0004678900895460742
pearson: 0.0881201372233103
p-valu: 1.2122267340655443e-164

AL interation 1872/4801.

mae: 0.02616351466994562
max_error: 0.16191562711122476
variance: 0.0004678916021642954
pearson: 0.05273718073029567
p-valu: 4.7178138664899593e-60

AL interation 1873/4801.

mae: 0.026161080029076345
max_error: 0.16187307389321592
variance: 0.00046814957672116936
pearson: 0.10223709486296781
p-valu: 3.409388120834118e-221

AL interation 1874/4801.

mae: 0.026154663044575394
max_error: 0.16118203553145083
variance: 0.0004679356972557684
pearson: 0.098017712872144
p-valu: 2.1457183633855977e-203

AL interation 1875/4801.

mae: 0.026156180003142303
max_error: 0.16110426597827843
variance: 0.0004680724889870449
pearson: 0.08577903951927661
p-valu: 4.432034504915478e-156

AL interation 1876/4801.

mae: 0.02612945120650498
max_error: 0.16093827641765035
variance: 0.0004666862099143098
pearson: 0.06955116206667974
p-valu: 3.6715017848534236e-103

AL interation 1877/4801.

mae: 0.026128682088913315
max_error: 0.16095060909304681
variance: 0.00046667276557511465
pearson: 0.10868203103442352
p-valu: 7.629130835316678e-250

AL interation 1878/4801.

mae: 0.02601323187717786
max_error: 0.1594549092364419
variance: 0.0004545510282697374
pearson: 0.0670570727619668
p-valu: 5.160034031079958e-96

AL interation 1879/4801.

mae: 0.02598922458387264
max_error: 0.15976866002477852
variance: 0.00045426554654899316
pearson: 0.05684764102949704
p-valu: 1.7188212792172608e-69

AL interation 1880/4801.

mae: 0.02598827943346423
max_error: 0.15984833015448618
variance: 0.0004543634319343838
pearson: 0.045793450937554284
p-valu: 1.0576781974482834e-45

AL interation 1881/4801.

mae: 0.025940545605508618
max_error: 0.15930248609714415
variance: 0.00045192644635032065
pearson: 0.07174700991235644
p-valu: 1.1532614739542468e-109

AL interation 1882/4801.

mae: 0.025937263291262468
max_error: 0.1593064052444193
variance: 0.0004519170654504856
pearson: 0.053779176216120786
p-valu: 2.2548620860149717e-62

AL interation 1883/4801.

mae: 0.025927678644208505
max_error: 0.15875568546055963
variance: 0.00045159670381146735
pearson: 0.06899357055705564
p-valu: 1.5575279455329158e-101

AL interation 1884/4801.

mae: 0.025925355051229587
max_error: 0.1588053978952617
variance: 0.0004517003868813951
pearson: 0.09242554227366948
p-valu: 5.783788778917675e-181

AL interation 1885/4801.

mae: 0.025917564989011516
max_error: 0.15879266813447845
variance: 0.0004515791716406567
pearson: 0.11186151564148221
p-valu: 1.2777613794509502e-264

AL interation 1886/4801.

mae: 0.0259064341543247
max_error: 0.15950683634713148
variance: 0.0004506706945205797
pearson: 0.06293180903016132
p-valu: 9.196383988948507e-85

AL interation 1887/4801.

mae: 0.025884711270356506
max_error: 0.15933775568686048
variance: 0.0004509527923891471
pearson: 0.08038043781952695
p-valu: 3.208142771941039e-137

AL interation 1888/4801.

mae: 0.025897139591772502
max_error: 0.15904917492610782
variance: 0.00045035993028357126
pearson: 0.07415316275192801
p-valu: 5.070446102104612e-117

AL interation 1889/4801.

mae: 0.02582555201121776
max_error: 0.15871683221797372
variance: 0.00044851053241535947
pearson: 0.07857941490107498
p-valu: 3.305077448099712e-131

AL interation 1890/4801.

mae: 0.02582256743764263
max_error: 0.1586690913749722
variance: 0.0004487286059326991
pearson: 0.06774250829396208
p-valu: 6.12325911223631e-98

AL interation 1891/4801.

mae: 0.02582690555199378
max_error: 0.15844326251084073
variance: 0.0004485496685259033
pearson: 0.0709372347283671
p-valu: 3.137986851682232e-107

AL interation 1892/4801.

mae: 0.025834013297334372
max_error: 0.15850760083543225
variance: 0.0004488497119685507
pearson: 0.07430943590041816
p-valu: 1.671416639236708e-117

AL interation 1893/4801.

mae: 0.025801717077341337
max_error: 0.15826779714865058
variance: 0.00044814955707920824
pearson: 0.09395423921938623
p-valu: 6.114232162285898e-187

AL interation 1894/4801.

mae: 0.02579604031733842
max_error: 0.1583234794047117
variance: 0.00044840149814536824
pearson: 0.03545270171272287
p-valu: 4.636594245829282e-28

AL interation 1895/4801.

mae: 0.025791151014879526
max_error: 0.15822860102292413
variance: 0.0004481837088411773
pearson: 0.07535506492253473
p-valu: 8.776263297191185e-121

AL interation 1896/4801.

mae: 0.02579061683466167
max_error: 0.15821972316865374
variance: 0.000448365343546924
pearson: 0.06475739177193911
p-valu: 1.2178794314494955e-89

AL interation 1897/4801.

mae: 0.02579122650101989
max_error: 0.1582349705162729
variance: 0.0004484306227038286
pearson: 0.07777463028263665
p-valu: 1.4822481755339872e-128

AL interation 1898/4801.

mae: 0.02580678421824203
max_error: 0.15811411867747172
variance: 0.00044978008143275295
pearson: 0.10559787003819313
p-valu: 7.436072653565422e-236

AL interation 1899/4801.

mae: 0.025819629144373437
max_error: 0.15798589445824707
variance: 0.00044718719322477265
pearson: 0.08945919231337274
p-valu: 1.3595824081633302e-169

AL interation 1900/4801.

mae: 0.025742580965449242
max_error: 0.15820978361574323
variance: 0.0004468218544962441
pearson: 0.06385998412839335
p-valu: 3.2272031598343847e-87

AL interation 1901/4801.

mae: 0.02574467509529874
max_error: 0.1583756464382846
variance: 0.0004468937942202029
pearson: 0.062462150001445706
p-valu: 1.625602222500575e-83

AL interation 1902/4801.

mae: 0.02573307891717596
max_error: 0.15852058743933828
variance: 0.00044624919126546296
pearson: 0.059541210998010366
p-valu: 4.797942149549868e-76

AL interation 1903/4801.

mae: 0.025712024061648776
max_error: 0.15796396508943378
variance: 0.0004447242891976802
pearson: 0.08241889761526852
p-valu: 3.6428196601322067e-144

AL interation 1904/4801.

mae: 0.025704804332306944
max_error: 0.15809915682387743
variance: 0.00044483600955643295
pearson: 0.06362973721436652
p-valu: 1.3417868695270502e-86

AL interation 1905/4801.

mae: 0.025706808761316743
max_error: 0.15804614289430408
variance: 0.0004448674374220319
pearson: 0.11561776495165517
p-valu: 1.3215414142466669e-282

AL interation 1906/4801.

mae: 0.025696183670204136
max_error: 0.15781569255289885
variance: 0.0004451974164356429
pearson: 0.10408153215421316
p-valu: 3.9008219238972635e-229

AL interation 1907/4801.

mae: 0.02570599076454594
max_error: 0.157858482264996
variance: 0.00044546974823789345
pearson: 0.1367853828010554
p-valu: 0.0

AL interation 1908/4801.

mae: 0.025706140471624887
max_error: 0.15787195360956918
variance: 0.0004454593982084583
pearson: 0.0811060111436634
p-valu: 1.1918190732139039e-139

AL interation 1909/4801.

mae: 0.025712908206176152
max_error: 0.15774551259476954
variance: 0.0004452605799000333
pearson: 0.08660273545705749
p-valu: 5.22894475612602e-159

AL interation 1910/4801.

mae: 0.025698812651839396
max_error: 0.15814381395051402
variance: 0.0004450774254599185
pearson: 0.10731680210381463
p-valu: 1.5337025309381316e-243

AL interation 1911/4801.

mae: 0.025702092010213267
max_error: 0.15832844326126594
variance: 0.00044508430235038534
pearson: 0.10220180594775694
p-valu: 5.907681625231523e-221

AL interation 1912/4801.

mae: 0.02557741959445607
max_error: 0.15761422564304173
variance: 0.00044238545695927825
pearson: 0.10592762003743708
p-valu: 2.7250995181713434e-237

AL interation 1913/4801.

mae: 0.02560340481066429
max_error: 0.15792441763499898
variance: 0.00044240628372990264
pearson: 0.07157775526748794
p-valu: 4.0418330071383555e-109

AL interation 1914/4801.

mae: 0.02557787419631987
max_error: 0.15767561969863397
variance: 0.00044141174611323603
pearson: 0.0887622724931101
p-valu: 5.88555275285464e-167

AL interation 1915/4801.

mae: 0.025558605869986612
max_error: 0.15741658434074868
variance: 0.00044126354874455317
pearson: 0.07386638598083163
p-valu: 4.244133645042314e-116

AL interation 1916/4801.

mae: 0.02555380491422597
max_error: 0.15743216834328866
variance: 0.0004407369282732625
pearson: 0.09791519519388601
p-valu: 6.957165332876602e-203

AL interation 1917/4801.

mae: 0.025550452221369317
max_error: 0.15742674345477514
variance: 0.0004407785265785779
pearson: 0.11278338267078358
p-valu: 6.662474084389462e-269

AL interation 1918/4801.

mae: 0.02554746272197912
max_error: 0.1573819443069029
variance: 0.00044071120472219605
pearson: 0.10961839386213931
p-valu: 4.759064487078506e-254

AL interation 1919/4801.

mae: 0.025572155885956092
max_error: 0.157114469034636
variance: 0.0004404904754619938
pearson: 0.08139310565020912
p-valu: 1.2963274972419804e-140

AL interation 1920/4801.

mae: 0.02557645346602746
max_error: 0.15765378801500862
variance: 0.00044108277553663044
pearson: 0.08772187563232325
p-valu: 4.344935803748982e-163

AL interation 1921/4801.

mae: 0.025579211322237536
max_error: 0.15771232736682084
variance: 0.00044112229247690284
pearson: 0.0770056168879755
p-valu: 5.0109901037580325e-126

AL interation 1922/4801.

mae: 0.025585806091609358
max_error: 0.15773687976382877
variance: 0.0004414376376657192
pearson: 0.07556247308348334
p-valu: 2.0900820382347637e-121

AL interation 1923/4801.

mae: 0.02558030541449132
max_error: 0.15770232315793198
variance: 0.00044121304148255196
pearson: 0.05082882744407966
p-valu: 7.019835382732788e-56

AL interation 1924/4801.

mae: 0.025581552924055142
max_error: 0.15874613291037765
variance: 0.0004451115797311354
pearson: 0.030202315909778826
p-valu: 8.454485269884181e-21

AL interation 1925/4801.

mae: 0.025589197671616437
max_error: 0.1592119579922242
variance: 0.0004434109491794557
pearson: 0.08630938977774802
p-valu: 6.4566674562626005e-158

AL interation 1926/4801.

mae: 0.02560431556401249
max_error: 0.1586054200155873
variance: 0.0004421005581385435
pearson: 0.036929560164106374
p-valu: 2.686522583221735e-30

AL interation 1927/4801.

mae: 0.02552466770779455
max_error: 0.15525960027247
variance: 0.0004419367247116009
pearson: 0.06678929036002068
p-valu: 3.2505721518909434e-95

AL interation 1928/4801.

mae: 0.025522615839280394
max_error: 0.15522333361826401
variance: 0.0004415804522755272
pearson: 0.11469018647486089
p-valu: 4.999274871082951e-278

AL interation 1929/4801.

mae: 0.025489961599641425
max_error: 0.15551061805439037
variance: 0.0004400328013201311
pearson: 0.097273850489946
p-valu: 3.1885655422292276e-200

AL interation 1930/4801.

mae: 0.025484278174866305
max_error: 0.15549587848493918
variance: 0.00043989789604659144
pearson: 0.08258701909456138
p-valu: 1.0450150972561192e-144

AL interation 1931/4801.

mae: 0.025453524829803606
max_error: 0.15546540149574373
variance: 0.0004404111998801908
pearson: 0.058552135583581515
p-valu: 1.4149694665683953e-73

AL interation 1932/4801.

mae: 0.025460757790412687
max_error: 0.15494845418964776
variance: 0.0004409959010523699
pearson: 0.05992087975842894
p-valu: 5.67485580138644e-77

AL interation 1933/4801.

mae: 0.02545900408696841
max_error: 0.15492521120853286
variance: 0.0004410179208720209
pearson: 0.0775391030538725
p-valu: 9.67958234088833e-128

AL interation 1934/4801.

mae: 0.025456690114101076
max_error: 0.15488553653579817
variance: 0.00044101931417080977
pearson: 0.132457801451038
p-valu: 0.0

AL interation 1935/4801.

mae: 0.02540522165621245
max_error: 0.15564616167597212
variance: 0.000439760001238891
pearson: 0.056366505281551516
p-valu: 2.6057218021161016e-68

AL interation 1936/4801.

mae: 0.025780216503274354
max_error: 0.1459358498354364
variance: 0.0004573318302182223
pearson: 0.052251978228611676
p-valu: 6.024226155114028e-59

AL interation 1937/4801.

mae: 0.025738354214711896
max_error: 0.14628619462604053
variance: 0.00045482623980596764
pearson: 0.09811134239638584
p-valu: 1.1951016130487952e-203

AL interation 1938/4801.

mae: 0.025713209910386028
max_error: 0.14854542640153756
variance: 0.0004519125019928354
pearson: 0.08627090825390289
p-valu: 9.345788217947748e-158

AL interation 1939/4801.

mae: 0.025712943641015857
max_error: 0.14853111892392423
variance: 0.00045187416644009744
pearson: 0.08369091476643153
p-valu: 1.5115192374603785e-148

AL interation 1940/4801.

mae: 0.025696458282518993
max_error: 0.14818555158529723
variance: 0.0004520508989315695
pearson: 0.06137863530676444
p-valu: 1.1365369729933038e-80

AL interation 1941/4801.

mae: 0.02563992403060078
max_error: 0.14716096150681057
variance: 0.0004494733439669015
pearson: 0.08425629930342332
p-valu: 1.5453527244196322e-150

AL interation 1942/4801.

mae: 0.025625122622822495
max_error: 0.1471761544402712
variance: 0.00044907885177245536
pearson: 0.07071778064908464
p-valu: 1.6006790037366805e-106

AL interation 1943/4801.

mae: 0.025594778522528387
max_error: 0.1468480008974753
variance: 0.00044785820489267545
pearson: 0.1411088586062362
p-valu: 0.0

AL interation 1944/4801.

mae: 0.025592557405018826
max_error: 0.14698319200891508
variance: 0.00044785415018985895
pearson: 0.07483937192033223
p-valu: 4.2490538642336695e-119

AL interation 1945/4801.

mae: 0.025612425750747222
max_error: 0.14690268164707465
variance: 0.00044803344398872493
pearson: 0.07655196814725293
p-valu: 1.5562231051743655e-124

AL interation 1946/4801.

mae: 0.025613309109161733
max_error: 0.14680784780597111
variance: 0.00044792458098879466
pearson: 0.0706766781450984
p-valu: 2.1403809268265222e-106

AL interation 1947/4801.

mae: 0.025614291617862807
max_error: 0.14668375392505784
variance: 0.00044754020716869085
pearson: 0.05964769970068309
p-valu: 2.8182048371633035e-76

AL interation 1948/4801.

mae: 0.025591337533947222
max_error: 0.14423404236043513
variance: 0.0004475888214511745
pearson: 0.11044564618836786
p-valu: 8.27117737570135e-258

AL interation 1949/4801.

mae: 0.025514635295668792
max_error: 0.1443733463506165
variance: 0.00044405076309278084
pearson: 0.09447459918447557
p-valu: 6.805384505613705e-189

AL interation 1950/4801.

mae: 0.025513618873082605
max_error: 0.14449141788412323
variance: 0.0004439445462528642
pearson: 0.08710686423217928
p-valu: 8.841294293538304e-161

AL interation 1951/4801.

mae: 0.025526866549803635
max_error: 0.14454235486612976
variance: 0.0004441733952877745
pearson: 0.08629087519373389
p-valu: 8.305854012162253e-158

AL interation 1952/4801.

mae: 0.02553075282738899
max_error: 0.14499513915273798
variance: 0.00044475544649705213
pearson: 0.09998123524594685
p-valu: 2.0658890124305054e-211

AL interation 1953/4801.

mae: 0.025517796525916837
max_error: 0.14542345288958547
variance: 0.0004437287109039704
pearson: 0.10262284191398639
p-valu: 1.1262407150201421e-222

AL interation 1954/4801.

mae: 0.025501731233470205
max_error: 0.1460157800897237
variance: 0.00044460251255469606
pearson: 0.09703766896499405
p-valu: 3.3155187911040834e-199

AL interation 1955/4801.

mae: 0.02549649022480991
max_error: 0.14561853155686055
variance: 0.00044405113422461514
pearson: 0.07174078259239498
p-valu: 1.4579927661424555e-109

AL interation 1956/4801.

mae: 0.02549863438662114
max_error: 0.1458743062534582
variance: 0.00044398231401408664
pearson: 0.09099137856715059
p-valu: 2.656240817502814e-175

AL interation 1957/4801.

mae: 0.025500490644359473
max_error: 0.1459417171776609
variance: 0.00044394384142366124
pearson: 0.12587031428135775
p-valu: 0.0

AL interation 1958/4801.

mae: 0.025500884991797167
max_error: 0.1459394023253795
variance: 0.00044388547499040864
pearson: 0.07054525203207124
p-valu: 5.402219347860438e-106

AL interation 1959/4801.

mae: 0.025507845443715666
max_error: 0.14481265477519134
variance: 0.00044400989141800694
pearson: 0.06862834175318797
p-valu: 2.1118625506531293e-100

AL interation 1960/4801.

mae: 0.025508858606106202
max_error: 0.14480868908361533
variance: 0.0004439820737432942
pearson: 0.10547807118947813
p-valu: 3.590146770038881e-235

AL interation 1961/4801.

mae: 0.02550961816197749
max_error: 0.14491166185274285
variance: 0.0004439215976147521
pearson: 0.12030839175316996
p-valu: 8.174391770029626e-306

AL interation 1962/4801.

mae: 0.0255178796138312
max_error: 0.1444898262211014
variance: 0.00043909797189410686
pearson: 0.08271210726140973
p-valu: 4.293766115634365e-145

AL interation 1963/4801.

mae: 0.025522247937488182
max_error: 0.14449399853350275
variance: 0.00043924491263637705
pearson: 0.07145903827675076
p-valu: 1.0432128941511876e-108

AL interation 1964/4801.

mae: 0.0254606791413672
max_error: 0.14413861743599643
variance: 0.00043627177780633156
pearson: 0.08837324112383803
p-valu: 2.0094241749045421e-165

AL interation 1965/4801.

mae: 0.025452107860339666
max_error: 0.14383242693150766
variance: 0.0004357802358154664
pearson: 0.08182520165548998
p-valu: 5.0054574166144365e-142

AL interation 1966/4801.

mae: 0.02543847045257857
max_error: 0.14404498739025673
variance: 0.00043377077394722027
pearson: 0.08156516689239485
p-valu: 3.9117116724838746e-141

AL interation 1967/4801.

mae: 0.025408337961893835
max_error: 0.14387442860828248
variance: 0.0004335860078605033
pearson: 0.044234343325192625
p-valu: 1.0136953435500018e-42

AL interation 1968/4801.

mae: 0.025404907684475123
max_error: 0.14374640184308607
variance: 0.00043383194835389566
pearson: 0.07774623272655089
p-valu: 2.2763664242881054e-128

AL interation 1969/4801.

mae: 0.025376543822045017
max_error: 0.14291404531053065
variance: 0.00043434532477059783
pearson: 0.08235049245020296
p-valu: 7.866373885149e-144

AL interation 1970/4801.

mae: 0.025376933891723377
max_error: 0.14292690392670426
variance: 0.00043436389653988324
pearson: 0.09197621107016185
p-valu: 4.60974980318876e-179

AL interation 1971/4801.

mae: 0.025370707847381525
max_error: 0.14210308105287783
variance: 0.000433828034093471
pearson: 0.042182095277523916
p-valu: 5.312369562243333e-39

AL interation 1972/4801.

mae: 0.02538381163132467
max_error: 0.14203547765503988
variance: 0.0004339768105259953
pearson: 0.06774377106275478
p-valu: 7.336416846801975e-98

AL interation 1973/4801.

mae: 0.025383921417236503
max_error: 0.14203494666747662
variance: 0.0004339796418865108
pearson: 0.07666857418701518
p-valu: 7.132632015857159e-125

AL interation 1974/4801.

mae: 0.025428890196458696
max_error: 0.14233859760628054
variance: 0.00043458071983785865
pearson: 0.05718189382279838
p-valu: 3.191643785667325e-70

AL interation 1975/4801.

mae: 0.02541820782257149
max_error: 0.14204763386208885
variance: 0.000434758201528446
pearson: 0.07781390548983308
p-valu: 1.3986767224989919e-128

AL interation 1976/4801.

mae: 0.025418653023959015
max_error: 0.1416423586519473
variance: 0.0004362842208073883
pearson: 0.10679725044497397
p-valu: 4.9606566622660634e-241

AL interation 1977/4801.

mae: 0.025419057105624896
max_error: 0.14162363820144908
variance: 0.0004363487524879216
pearson: 0.05278253184803802
p-valu: 4.3376822152718864e-60

AL interation 1978/4801.

mae: 0.025421613207157752
max_error: 0.14168826976168436
variance: 0.00043657035093595396
pearson: 0.10837579750995256
p-valu: 3.499938065515353e-248

AL interation 1979/4801.

mae: 0.025381052600439838
max_error: 0.14086704821732798
variance: 0.0004344313917332215
pearson: 0.1139033877049709
p-valu: 4.369573310101156e-274

AL interation 1980/4801.

mae: 0.025382930912524096
max_error: 0.1402530213721862
variance: 0.0004343533088845754
pearson: 0.10984376967526188
p-valu: 6.278537293700853e-255

AL interation 1981/4801.

mae: 0.02532572149043852
max_error: 0.14303574461285695
variance: 0.00043513086484287114
pearson: 0.08819660021997723
p-valu: 9.704156532091457e-165

AL interation 1982/4801.

mae: 0.025322524257522096
max_error: 0.14332067765229528
variance: 0.0004351969394365759
pearson: 0.0947652419985993
p-valu: 5.509841825618062e-190

AL interation 1983/4801.

mae: 0.025316499252166304
max_error: 0.14343888773822489
variance: 0.0004349592948252912
pearson: 0.06368637420427566
p-valu: 1.1128451819964866e-86

AL interation 1984/4801.

mae: 0.025313838368416268
max_error: 0.1438099080073103
variance: 0.00043494755969015596
pearson: 0.052079250796848255
p-valu: 1.534241483428103e-58

AL interation 1985/4801.

mae: 0.025417285655845834
max_error: 0.1421278862321147
variance: 0.0004388445539617155
pearson: 0.0551473854028744
p-valu: 1.9830481102444167e-65

AL interation 1986/4801.

mae: 0.02542065390712617
max_error: 0.14224465840328282
variance: 0.00043890842227132994
pearson: 0.09485700767337264
p-valu: 2.4168581134370854e-190

AL interation 1987/4801.

mae: 0.025398821522494317
max_error: 0.14211748782275624
variance: 0.0004387648702090436
pearson: 0.11482514137717632
p-valu: 1.6411573260774214e-278

AL interation 1988/4801.

mae: 0.025395675185999195
max_error: 0.14220374247036904
variance: 0.00043866473227552165
pearson: 0.11835677063070543
p-valu: 6.849649757753091e-296

AL interation 1989/4801.

mae: 0.025395730248883246
max_error: 0.14237197573987448
variance: 0.00043883499478084324
pearson: 0.06641330580669307
p-valu: 4.1813316759692497e-94

AL interation 1990/4801.

mae: 0.02539376541838903
max_error: 0.1422642897227293
variance: 0.00043877674137616655
pearson: 0.10683850217914038
p-valu: 3.506017610732802e-241

AL interation 1991/4801.

mae: 0.025391760888773207
max_error: 0.14177881134986325
variance: 0.00043835606024623936
pearson: 0.10238105023029002
p-valu: 1.5215291286855536e-221

AL interation 1992/4801.

mae: 0.025365270817727027
max_error: 0.1413190825236912
variance: 0.000438055160565402
pearson: 0.04141749217933674
p-valu: 1.18423808187985e-37

AL interation 1993/4801.

mae: 0.025370985604449458
max_error: 0.1422765679794198
variance: 0.000438406415366795
pearson: 0.05055145791020523
p-valu: 2.983109267620727e-55

AL interation 1994/4801.

mae: 0.02543605178291402
max_error: 0.14264036873958919
variance: 0.0004377737286086804
pearson: 0.08223762536033785
p-valu: 2.101163364669395e-143

AL interation 1995/4801.

mae: 0.025433157432994822
max_error: 0.14270582452394098
variance: 0.0004377865418511558
pearson: 0.08070368778327944
p-valu: 3.6852078599697994e-138

AL interation 1996/4801.

mae: 0.025457248739855762
max_error: 0.14425003207491915
variance: 0.00043934215684651246
pearson: 0.06804400887755072
p-valu: 1.085313289318045e-98

AL interation 1997/4801.

mae: 0.02541002821216883
max_error: 0.14565338475352707
variance: 0.00043635530455458715
pearson: 0.10283651281101999
p-valu: 1.6942672933586172e-223

AL interation 1998/4801.

mae: 0.0254134353236426
max_error: 0.14567176287476702
variance: 0.00043625623427903404
pearson: 0.06836483054243246
p-valu: 1.3209900586472233e-99

AL interation 1999/4801.

mae: 0.025402019213219662
max_error: 0.14650872626537836
variance: 0.000435288977812058
pearson: 0.17651572015756406
p-valu: 0.0

AL interation 2000/4801.

mae: 0.025391028772066924
max_error: 0.14692822626733193
variance: 0.00043484678982111125
pearson: 0.07415695508690272
p-valu: 6.72375630746348e-117

AL interation 2001/4801.

mae: 0.02539695296071053
max_error: 0.14709921559500305
variance: 0.00043501324848578565
pearson: 0.0370024297062806
p-valu: 2.1803099563398934e-30

AL interation 2002/4801.

mae: 0.025390511006428824
max_error: 0.1466263745873535
variance: 0.00043415605274063255
pearson: 0.10813946977729233
p-valu: 4.8267740109438474e-247

AL interation 2003/4801.

mae: 0.025379934413617977
max_error: 0.1468019383368615
variance: 0.00043402783529973403
pearson: 0.07590289368181646
p-valu: 2.189562127380642e-122

AL interation 2004/4801.

mae: 0.0253819992646769
max_error: 0.14724850461737748
variance: 0.00043397496514391325
pearson: 0.04791138752240154
p-valu: 8.401400916968925e-50

AL interation 2005/4801.

mae: 0.02535360506729815
max_error: 0.14749928565237003
variance: 0.0004331980782829813
pearson: 0.07801901207578413
p-valu: 3.2756280793180575e-129

AL interation 2006/4801.

mae: 0.025334481610083386
max_error: 0.1468958722229532
variance: 0.00043247423350609507
pearson: 0.10874565097213781
p-valu: 8.398054716527943e-250

AL interation 2007/4801.

mae: 0.02523617971639917
max_error: 0.14726039530381474
variance: 0.00043062229613278564
pearson: 0.11028666074227567
p-valu: 6.524285486411642e-257

AL interation 2008/4801.

mae: 0.02523710472070159
max_error: 0.1473351354738357
variance: 0.0004310866005255626
pearson: 0.08551547595007757
p-valu: 6.420186131940663e-155

AL interation 2009/4801.

mae: 0.025185690708701622
max_error: 0.14628997097810004
variance: 0.00042917663738217723
pearson: 0.04983601810544315
p-valu: 9.714316089395384e-54

AL interation 2010/4801.

mae: 0.025185776496069488
max_error: 0.1462920128992069
variance: 0.00042917279328159527
pearson: 0.10578689194177124
p-valu: 2.00935002905239e-236

AL interation 2011/4801.

mae: 0.025184053055715246
max_error: 0.14595104640778533
variance: 0.00042832109238046483
pearson: 0.056807725711511596
p-valu: 2.650193195290411e-69

AL interation 2012/4801.

mae: 0.025168794831467084
max_error: 0.14568428052137694
variance: 0.0004274644603160118
pearson: 0.10670233289845775
p-valu: 1.6294487499561095e-240

AL interation 2013/4801.

mae: 0.025177462143298898
max_error: 0.14572524985436264
variance: 0.0004277340251092579
pearson: 0.05929515310900839
p-valu: 2.3935289129397913e-75

AL interation 2014/4801.

mae: 0.025180348542371087
max_error: 0.14575603194083175
variance: 0.0004277340582429069
pearson: 0.05785241035408587
p-valu: 8.277526687241105e-72

AL interation 2015/4801.

mae: 0.025182415338787068
max_error: 0.14587368818450575
variance: 0.0004280153820560846
pearson: 0.047223666781040834
p-valu: 1.9951610955020498e-48

AL interation 2016/4801.

mae: 0.025176098676464215
max_error: 0.14523236058579148
variance: 0.00042765538148491406
pearson: 0.05791566092063226
p-valu: 5.83553128913567e-72

AL interation 2017/4801.

mae: 0.025171317493853883
max_error: 0.14532919951255696
variance: 0.00042744226206701137
pearson: 0.10040755261173741
p-valu: 4.5749670667357785e-213

AL interation 2018/4801.

mae: 0.025173596002057916
max_error: 0.1453553051082368
variance: 0.00042742499996680357
pearson: 0.08018856985803105
p-valu: 2.172131556207283e-136

AL interation 2019/4801.

mae: 0.02516639381945992
max_error: 0.14542157742419892
variance: 0.0004280374867939671
pearson: 0.10283588432887238
p-valu: 1.9166441598168213e-223

AL interation 2020/4801.

mae: 0.025168614831668972
max_error: 0.1453782688672023
variance: 0.00042828803712195246
pearson: 0.11068777988406256
p-valu: 9.57821608973034e-259

AL interation 2021/4801.

mae: 0.02518016078751471
max_error: 0.14716645934407513
variance: 0.0004284940170946378
pearson: 0.06937870970440739
p-valu: 1.6581694089127405e-102

AL interation 2022/4801.

mae: 0.025203008205304713
max_error: 0.1475071414965301
variance: 0.00042933623554624245
pearson: 0.0684291508760137
p-valu: 9.143489890237023e-100

AL interation 2023/4801.

mae: 0.025202737229689697
max_error: 0.1475081310667834
variance: 0.0004293020000767988
pearson: 0.07750107370858828
p-valu: 1.6884595134467807e-127

AL interation 2024/4801.

mae: 0.02518474526000471
max_error: 0.147978342572455
variance: 0.00042888359576819446
pearson: 0.04052657039913595
p-valu: 4.126948920863937e-36

AL interation 2025/4801.

mae: 0.025158524976829855
max_error: 0.14748669977728657
variance: 0.00042706863647636994
pearson: 0.10573063866499882
p-valu: 3.8924943975489567e-236

AL interation 2026/4801.

mae: 0.025159011071042018
max_error: 0.14752183527656104
variance: 0.0004270301127903542
pearson: 0.036412411765800706
p-valu: 1.7985903646063723e-29

AL interation 2027/4801.

mae: 0.025157141017415847
max_error: 0.1462142547456411
variance: 0.0004282252795887164
pearson: 0.06417228848533264
p-valu: 6.091610641553661e-88

AL interation 2028/4801.

mae: 0.025149303827674614
max_error: 0.14664960125213344
variance: 0.0004286164985392683
pearson: 0.06552374806591187
p-valu: 1.306453331540045e-91

AL interation 2029/4801.

mae: 0.025151908627193485
max_error: 0.14695015358250618
variance: 0.00042959755138649553
pearson: 0.05137868336262109
p-valu: 5.366509192214996e-57

AL interation 2030/4801.

mae: 0.025147563020414446
max_error: 0.1464389779570725
variance: 0.0004289769950596409
pearson: 0.0702048514602198
p-valu: 6.518413268169443e-105

AL interation 2031/4801.

mae: 0.025147988507612275
max_error: 0.1464841606570504
variance: 0.0004289789164718632
pearson: 0.06059385420476903
p-valu: 1.3612789889594507e-78

AL interation 2032/4801.

mae: 0.02514702196861822
max_error: 0.14652667677858933
variance: 0.0004287942240445055
pearson: 0.08580235821049598
p-valu: 6.528279317530837e-156

AL interation 2033/4801.

mae: 0.025177155338780444
max_error: 0.1463117705092687
variance: 0.00042913776764250144
pearson: 0.07647804857556444
p-valu: 3.480312149897282e-124

AL interation 2034/4801.

mae: 0.02518455774357388
max_error: 0.14679765746899154
variance: 0.0004287883859841688
pearson: 0.09182981101429774
p-valu: 2.2228996063778946e-178

AL interation 2035/4801.

mae: 0.025172459769403747
max_error: 0.1465462762420744
variance: 0.00042893645177330295
pearson: 0.09350633078698464
p-valu: 6.662505323267448e-185

AL interation 2036/4801.

mae: 0.02518269373895176
max_error: 0.14638561765553693
variance: 0.00042913619546971
pearson: 0.04329704389305683
p-valu: 5.674492969272108e-41

AL interation 2037/4801.

mae: 0.025182701570287992
max_error: 0.14638581114871574
variance: 0.00042913722025077813
pearson: 0.1533627511649253
p-valu: 0.0

AL interation 2038/4801.

mae: 0.025177617928941205
max_error: 0.14630438608531637
variance: 0.00042862706083403
pearson: 0.08024428277505208
p-valu: 1.5051591911438693e-136

AL interation 2039/4801.

mae: 0.025179671183633345
max_error: 0.14611770696995752
variance: 0.00042866458955632394
pearson: 0.0961362003473626
p-valu: 2.262296109071678e-195

AL interation 2040/4801.

mae: 0.025227016430926306
max_error: 0.14544622190572642
variance: 0.00042963023729908746
pearson: 0.07812379632886039
p-valu: 1.6553865098140248e-129

AL interation 2041/4801.

mae: 0.025222985717647747
max_error: 0.1454111110501204
variance: 0.00042935713992808415
pearson: 0.08338963411204481
p-valu: 2.4600434476666702e-147

AL interation 2042/4801.

mae: 0.02524898365623557
max_error: 0.1475192708180062
variance: 0.00042895524593489
pearson: 0.10981538135606864
p-valu: 1.2381816251796865e-254

AL interation 2043/4801.

mae: 0.025238266018345244
max_error: 0.147067628756699
variance: 0.0004278485720859201
pearson: 0.07773455565850876
p-valu: 3.1202995586235387e-128

AL interation 2044/4801.

mae: 0.025232881431506416
max_error: 0.14702285173501384
variance: 0.0004287066760493471
pearson: 0.11805658224432795
p-valu: 3.1987859847382466e-294

AL interation 2045/4801.

mae: 0.02519616178441784
max_error: 0.15030466602314352
variance: 0.0004278596914787971
pearson: 0.038556806918121155
p-valu: 7.736933236801775e-33

AL interation 2046/4801.

mae: 0.02518916720272559
max_error: 0.15053556650985644
variance: 0.0004276655775920761
pearson: 0.05605445153857485
p-valu: 1.6865917188282846e-67

AL interation 2047/4801.

mae: 0.025140647495662014
max_error: 0.14880635390494223
variance: 0.0004265633175931804
pearson: 0.05376686264204472
p-valu: 3.05477943862607e-62

AL interation 2048/4801.

mae: 0.02513712433283508
max_error: 0.1489332705363582
variance: 0.00042645716889585866
pearson: 0.055398653267961846
p-valu: 5.726435188053615e-66

AL interation 2049/4801.

mae: 0.025110241912471316
max_error: 0.14933787215471472
variance: 0.0004256624348910548
pearson: 0.08019714626757271
p-valu: 2.2467270530538185e-136

AL interation 2050/4801.

mae: 0.025102086401104038
max_error: 0.1491670773188476
variance: 0.00042525318552120257
pearson: 0.1006064928346337
p-valu: 7.80344833686928e-214

AL interation 2051/4801.

mae: 0.025093291997619907
max_error: 0.1491844118731338
variance: 0.00042470935899440273
pearson: 0.08961710636073549
p-valu: 6.389945325812543e-170

AL interation 2052/4801.

mae: 0.02509349783420968
max_error: 0.1491850202214069
variance: 0.0004247139913653191
pearson: 0.0726207533186536
p-valu: 4.0963300997050862e-112

AL interation 2053/4801.

mae: 0.025088757433759497
max_error: 0.1477809476304488
variance: 0.0004243169710827761
pearson: 0.05155143785256496
p-valu: 2.3517931437151043e-57

AL interation 2054/4801.

mae: 0.025088939215283535
max_error: 0.1476451668344767
variance: 0.0004241310664059588
pearson: 0.10195553754101823
p-valu: 1.4293569486048198e-219

AL interation 2055/4801.

mae: 0.025069126882909763
max_error: 0.14708153710620042
variance: 0.0004239665177059661
pearson: 0.06794917802711123
p-valu: 2.3179909181075124e-98

AL interation 2056/4801.

mae: 0.025011809444429628
max_error: 0.14711548984217604
variance: 0.0004221633610853086
pearson: 0.041430023162531526
p-valu: 1.1903981549216872e-37

AL interation 2057/4801.

mae: 0.02499890011276964
max_error: 0.14700609970844614
variance: 0.00042201936473633406
pearson: 0.062042960459539394
p-valu: 2.7287825357611746e-82

AL interation 2058/4801.

mae: 0.02499494868127055
max_error: 0.14695206002346328
variance: 0.00042183724588510063
pearson: 0.07978267245502102
p-valu: 5.672978901869554e-135

AL interation 2059/4801.

mae: 0.024991396765736577
max_error: 0.147064785032339
variance: 0.0004218804992882636
pearson: 0.1032502290696118
p-valu: 3.7927610622816545e-225

AL interation 2060/4801.

mae: 0.02495944212590116
max_error: 0.14730075503524365
variance: 0.00042062853640383626
pearson: 0.07515877904172934
p-valu: 5.8416237876827284e-120

AL interation 2061/4801.

mae: 0.024958437974043016
max_error: 0.14730353965518095
variance: 0.0004205626351521361
pearson: 0.07239794197624791
p-valu: 1.9923237588904325e-111

AL interation 2062/4801.

mae: 0.024974906420236954
max_error: 0.14658518768868323
variance: 0.00042115486177099135
pearson: 0.08828231808909678
p-valu: 6.413936452441233e-165

AL interation 2063/4801.

mae: 0.024902908017246716
max_error: 0.14827940385788185
variance: 0.00041875541391142915
pearson: 0.05480336491012777
p-valu: 1.382025880540044e-64

AL interation 2064/4801.

mae: 0.024907831207058823
max_error: 0.14834395840938175
variance: 0.0004192246081833167
pearson: 0.06827878965674998
p-valu: 2.7182335974328347e-99

AL interation 2065/4801.

mae: 0.024928999231204074
max_error: 0.14855184426545254
variance: 0.00041924503601816073
pearson: 0.08985701376276775
p-valu: 8.443823861531067e-171

AL interation 2066/4801.

mae: 0.02485009149643815
max_error: 0.14778967800469633
variance: 0.0004186979767109617
pearson: 0.10141972791513161
p-valu: 2.975907634601454e-217

AL interation 2067/4801.

mae: 0.02484795912792911
max_error: 0.14741048797935452
variance: 0.0004185518273164734
pearson: 0.08149062268261316
p-valu: 9.857145599196265e-141

AL interation 2068/4801.

mae: 0.024794435851861762
max_error: 0.1436358785571743
variance: 0.00041841411359492777
pearson: 0.052935517380981977
p-valu: 2.2604702600595538e-60

AL interation 2069/4801.

mae: 0.024805743374806687
max_error: 0.14354476033571206
variance: 0.0004181910291737147
pearson: 0.05979523879053437
p-valu: 1.4995743307950573e-76

AL interation 2070/4801.

mae: 0.024805823151718805
max_error: 0.14354312116614398
variance: 0.000418213553980017
pearson: 0.06354927457790756
p-valu: 3.0791061220912987e-86

AL interation 2071/4801.

mae: 0.024807962333153917
max_error: 0.14365457660227055
variance: 0.00041821733364153256
pearson: 0.07509989398854122
p-valu: 9.234102194162859e-120

AL interation 2072/4801.

mae: 0.02479546578244395
max_error: 0.14407620818513767
variance: 0.00041686896018065345
pearson: 0.05044191691153199
p-valu: 5.626314279029336e-55

AL interation 2073/4801.

mae: 0.024761765245593516
max_error: 0.14424288422509068
variance: 0.0004164891671018533
pearson: 0.05038301754135693
p-valu: 7.499597525852434e-55

AL interation 2074/4801.

mae: 0.024759079789988158
max_error: 0.14451986078841816
variance: 0.00041640665905222964
pearson: 0.11693874250140016
p-valu: 1.3718875428343365e-288

AL interation 2075/4801.

mae: 0.024762107153899076
max_error: 0.14447652462643834
variance: 0.0004164389713130737
pearson: 0.08432598059192846
p-valu: 1.4136984247739564e-150

AL interation 2076/4801.

mae: 0.024755695660687322
max_error: 0.1444615400700373
variance: 0.00041585355005905906
pearson: 0.09603028891012177
p-valu: 7.189501652383495e-195

AL interation 2077/4801.

mae: 0.02475823118111812
max_error: 0.14468725436148322
variance: 0.000416540331681665
pearson: 0.06809420491034582
p-valu: 9.426347823949686e-99

AL interation 2078/4801.

mae: 0.024747018314826164
max_error: 0.14472284174501926
variance: 0.0004163443611851205
pearson: 0.041432001785424284
p-valu: 1.203689063607383e-37

AL interation 2079/4801.

mae: 0.024755175992774024
max_error: 0.14241086558962213
variance: 0.0004167532882146589
pearson: 0.07222130871865032
p-valu: 7.157078490537942e-111

AL interation 2080/4801.

mae: 0.024752508820461278
max_error: 0.14248747404729745
variance: 0.00041678302807176973
pearson: 0.06686915616949446
p-valu: 2.738136013793072e-95

AL interation 2081/4801.

mae: 0.024738568226764315
max_error: 0.14271072256582062
variance: 0.0004166789652481525
pearson: 0.08233146683862953
p-valu: 1.340257065298563e-143

AL interation 2082/4801.

mae: 0.024735379434140115
max_error: 0.1425139830257054
variance: 0.00041659610691144214
pearson: 0.038177472755621056
p-valu: 3.241339221024962e-32

AL interation 2083/4801.

mae: 0.02472001185786201
max_error: 0.14224770342428616
variance: 0.00041598988519008694
pearson: 0.07712139580931131
p-valu: 3.433654042712622e-126

AL interation 2084/4801.

mae: 0.024684998069347337
max_error: 0.14296943586617505
variance: 0.0004174009258338684
pearson: 0.06710628327744138
p-valu: 5.978026419161318e-96

AL interation 2085/4801.

mae: 0.024684485346769536
max_error: 0.14288852066914348
variance: 0.0004177809417935864
pearson: 0.07672697633562389
p-valu: 6.445497413853616e-125

AL interation 2086/4801.

mae: 0.024659181051884447
max_error: 0.14349762143995992
variance: 0.0004182748536295274
pearson: 0.07084264795146338
p-valu: 9.804149050724072e-107

AL interation 2087/4801.

mae: 0.024651139310354505
max_error: 0.14393572075954086
variance: 0.0004180267933511663
pearson: 0.09074909375291011
p-valu: 3.845843452397451e-174

AL interation 2088/4801.

mae: 0.02464984314330318
max_error: 0.14396839163367492
variance: 0.0004182013013251636
pearson: 0.07475401473490609
p-valu: 1.1792632722707366e-118

AL interation 2089/4801.

mae: 0.0246511775768445
max_error: 0.143952279078289
variance: 0.0004183897141970092
pearson: 0.05683475166482899
p-valu: 2.593930673204743e-69

AL interation 2090/4801.

mae: 0.024655623410158357
max_error: 0.1437406202725784
variance: 0.0004182264023613781
pearson: 0.11118251627135081
p-valu: 7.197836666993891e-261

AL interation 2091/4801.

mae: 0.02467318078905505
max_error: 0.1443837364417364
variance: 0.0004194961607291953
pearson: 0.052312245957669076
p-valu: 5.501062047744468e-59

AL interation 2092/4801.

mae: 0.024676703578543988
max_error: 0.14441010686044553
variance: 0.0004195637047842115
pearson: 0.08476551063989321
p-valu: 4.15729678517756e-152

AL interation 2093/4801.

mae: 0.024662675146601924
max_error: 0.1467117128281048
variance: 0.0004191103944172206
pearson: 0.07742126684945305
p-valu: 3.785883864970785e-127

AL interation 2094/4801.

mae: 0.02466785177340499
max_error: 0.14661350032059506
variance: 0.00041932675157642466
pearson: 0.0750077143773261
p-valu: 1.9204846593249915e-119

AL interation 2095/4801.

mae: 0.02464951309519867
max_error: 0.14666548277767522
variance: 0.00041848177330712255
pearson: 0.06346178976625244
p-valu: 5.53217048051632e-86

AL interation 2096/4801.

mae: 0.024636271230712384
max_error: 0.14658309531790525
variance: 0.00041807678469579833
pearson: 0.08153499279820921
p-valu: 7.659700558482902e-141

AL interation 2097/4801.

mae: 0.024645031417779892
max_error: 0.14506308398034395
variance: 0.0004163548180166422
pearson: 0.13965764074882353
p-valu: 0.0

AL interation 2098/4801.

mae: 0.024648291538696007
max_error: 0.14298129122238112
variance: 0.00041558698465161487
pearson: 0.08173832811874002
p-valu: 1.5541502588227436e-141

AL interation 2099/4801.

mae: 0.02464564946260753
max_error: 0.1429233402372434
variance: 0.00041555051248674867
pearson: 0.12202764767205258
p-valu: 3.6012301686e-314

AL interation 2100/4801.

mae: 0.024658789043380862
max_error: 0.14246751443118644
variance: 0.000415487976309529
pearson: 0.04892953775331868
p-valu: 8.122177673589795e-52

AL interation 2101/4801.

mae: 0.024655202784621695
max_error: 0.14290092420145317
variance: 0.0004153608420497043
pearson: 0.11839341565564977
p-valu: 9.979412853720106e-296

AL interation 2102/4801.

mae: 0.024657329769455304
max_error: 0.14313062826425682
variance: 0.00041506167269745323
pearson: 0.08370688539903501
p-valu: 2.357967713959688e-148

AL interation 2103/4801.

mae: 0.02464786487723823
max_error: 0.14286381149161986
variance: 0.00041537743332418494
pearson: 0.07586779748159199
p-valu: 3.7807320457928e-122

AL interation 2104/4801.

mae: 0.024621811507167232
max_error: 0.1431701758769437
variance: 0.00041473346408162234
pearson: 0.0848742646202525
p-valu: 1.7820952590415741e-152

AL interation 2105/4801.

mae: 0.02460187922193446
max_error: 0.14367968468235137
variance: 0.00041517032591147427
pearson: 0.05185788463278242
p-valu: 5.479674879152803e-58

AL interation 2106/4801.

mae: 0.02459828421266878
max_error: 0.14384878947879276
variance: 0.000415212889200866
pearson: 0.08741007384222647
p-valu: 1.2456578704808394e-161

AL interation 2107/4801.

mae: 0.024546362347475835
max_error: 0.1441712769459942
variance: 0.0004152182375451132
pearson: 0.04705137663617862
p-valu: 4.837457037676648e-48

AL interation 2108/4801.

mae: 0.024576550765065836
max_error: 0.14319213575202827
variance: 0.0004149226454465807
pearson: 0.10099454828648664
p-valu: 2.3801996382878495e-215

AL interation 2109/4801.

mae: 0.02457625676023811
max_error: 0.14303085005252303
variance: 0.0004149502278850132
pearson: 0.08212522246207493
p-valu: 7.572924277468833e-143

AL interation 2110/4801.

mae: 0.024574960586076833
max_error: 0.14324132268796763
variance: 0.0004144621371043678
pearson: 0.05559828615484398
p-valu: 2.167759250150214e-66

AL interation 2111/4801.

mae: 0.024578338897816854
max_error: 0.1435899780112182
variance: 0.00041437653025081856
pearson: 0.06530773770965656
p-valu: 6.095224912392211e-91

AL interation 2112/4801.

mae: 0.0245836165761445
max_error: 0.1437982717974906
variance: 0.0004147375238295121
pearson: 0.09694133406538702
p-valu: 1.72941953224436e-198

AL interation 2113/4801.

mae: 0.024582538300592163
max_error: 0.1436613444688506
variance: 0.0004141943827828756
pearson: 0.07438516333986751
p-valu: 1.7931118730721144e-117

AL interation 2114/4801.

mae: 0.02458615183720552
max_error: 0.14284712331885618
variance: 0.00041665639944798527
pearson: 0.08063120226079606
p-valu: 9.561918024082378e-138

AL interation 2115/4801.

mae: 0.024585136608529127
max_error: 0.1428267130881382
variance: 0.0004164934943980065
pearson: 0.06742787208611631
p-valu: 7.978739119235177e-97

AL interation 2116/4801.

mae: 0.024590699595441023
max_error: 0.14291833773625928
variance: 0.00041669500826146895
pearson: 0.07871268967572383
p-valu: 2.432257381409862e-131

AL interation 2117/4801.

mae: 0.02452980369687986
max_error: 0.14113988267075417
variance: 0.0004154513558579134
pearson: 0.10384157569557206
p-valu: 1.3791874352313694e-227

AL interation 2118/4801.

mae: 0.024546948789874894
max_error: 0.14045404447227572
variance: 0.0004170900449997261
pearson: 0.057184245474611074
p-valu: 3.991402959025501e-70

AL interation 2119/4801.

mae: 0.024546849118788107
max_error: 0.1404847792195456
variance: 0.0004170848876510182
pearson: 0.07378367980577874
p-valu: 1.3372123364407518e-115

AL interation 2120/4801.

mae: 0.024531943589164704
max_error: 0.1408565414416758
variance: 0.0004166625791849585
pearson: 0.06582865820102542
p-valu: 2.314964064631753e-92

AL interation 2121/4801.

mae: 0.024528476010290633
max_error: 0.14101380945197395
variance: 0.0004168426553617697
pearson: 0.15186431933278025
p-valu: 0.0

AL interation 2122/4801.

mae: 0.024541234116204114
max_error: 0.1411408246689776
variance: 0.00041721028029920843
pearson: 0.1040269205627205
p-valu: 2.19510792764247e-228

AL interation 2123/4801.

mae: 0.0245205872005522
max_error: 0.14144193784107717
variance: 0.00041621586190872706
pearson: 0.0725885773933855
p-valu: 6.192319318815377e-112

AL interation 2124/4801.

mae: 0.0245201281976523
max_error: 0.14143763766645367
variance: 0.00041622268234192385
pearson: 0.060168342452485035
p-valu: 1.9184327848392534e-77

AL interation 2125/4801.

mae: 0.02452494074935568
max_error: 0.14148435516784463
variance: 0.0004161449626802445
pearson: 0.051907407232022224
p-valu: 4.395796219345216e-58

AL interation 2126/4801.

mae: 0.02452511397698196
max_error: 0.14157180886598741
variance: 0.0004162158325496012
pearson: 0.0945535626841216
p-valu: 7.3213869645087e-189

AL interation 2127/4801.

mae: 0.024532749846293694
max_error: 0.1412330459310711
variance: 0.00041658176254655955
pearson: 0.06540731388688717
p-valu: 3.370171077376241e-91

AL interation 2128/4801.

mae: 0.024568431922676014
max_error: 0.1415227614137935
variance: 0.0004179564380797256
pearson: 0.09315587257229446
p-valu: 2.3646918913541305e-183

AL interation 2129/4801.

mae: 0.02456905935268567
max_error: 0.1412677487909919
variance: 0.0004170425191236967
pearson: 0.06005696077877027
p-valu: 3.688846143228572e-77

AL interation 2130/4801.

mae: 0.024673869864161153
max_error: 0.1400492944844105
variance: 0.0004170707252325959
pearson: 0.07569108217679203
p-valu: 1.4862449219677834e-121

AL interation 2131/4801.

mae: 0.024677100486913076
max_error: 0.14002923296487513
variance: 0.0004169556841957743
pearson: 0.10734284526221587
p-valu: 4.212561017328656e-243

AL interation 2132/4801.

mae: 0.024668014719266416
max_error: 0.14040108715329058
variance: 0.0004159873596734024
pearson: 0.08695771158964742
p-valu: 6.19620991950735e-160

AL interation 2133/4801.

mae: 0.024673953445049687
max_error: 0.1414179218876912
variance: 0.00041569405654424735
pearson: 0.07133822598200208
p-valu: 3.7041306124553934e-108

AL interation 2134/4801.

mae: 0.02455669196651266
max_error: 0.13980609976300418
variance: 0.0004154200836887049
pearson: 0.09560783505603912
p-valu: 4.707256588861215e-193

AL interation 2135/4801.

mae: 0.024556437409827395
max_error: 0.1398353616963819
variance: 0.00041535329901240314
pearson: 0.06308182828550955
p-valu: 6.073602087967709e-85

AL interation 2136/4801.

mae: 0.024545739039988745
max_error: 0.1395739017056572
variance: 0.0004117984861007435
pearson: 0.06390888770577348
p-valu: 3.8736206344685076e-87

AL interation 2137/4801.

mae: 0.02454653606657172
max_error: 0.1396855842244209
variance: 0.00041187126516546154
pearson: 0.06911455123584927
p-valu: 1.2784552220789056e-101

AL interation 2138/4801.

mae: 0.024546833730061623
max_error: 0.13963056114829175
variance: 0.0004118696785781774
pearson: 0.06901305043886216
p-valu: 2.5176062266368123e-101

AL interation 2139/4801.

mae: 0.024537094620076843
max_error: 0.13948010023108015
variance: 0.0004102116008211162
pearson: 0.07003251915786392
p-valu: 2.7345505638981716e-104

AL interation 2140/4801.

mae: 0.02452591623068411
max_error: 0.13943406536548952
variance: 0.0004106527823871398
pearson: 0.06974947390375287
p-valu: 1.8432012385879235e-103

AL interation 2141/4801.

mae: 0.024498981966480662
max_error: 0.1386544120845743
variance: 0.0004090886996531001
pearson: 0.09113153789534854
p-valu: 1.672444092070343e-175

AL interation 2142/4801.

mae: 0.024499024545208543
max_error: 0.13867154140956206
variance: 0.0004090921213540256
pearson: 0.09741745701115975
p-valu: 2.2744041114311864e-200

AL interation 2143/4801.

mae: 0.024506614157476347
max_error: 0.13874051246551478
variance: 0.0004092964769854243
pearson: 0.08106599183472321
p-valu: 3.543593714299675e-139

AL interation 2144/4801.

mae: 0.024481828391694264
max_error: 0.13868652167678608
variance: 0.0004096216157135097
pearson: 0.07855072629036412
p-valu: 9.059413047423607e-131

AL interation 2145/4801.

mae: 0.024479766292687232
max_error: 0.13870784244812473
variance: 0.0004095842504726465
pearson: 0.08612260899529718
p-valu: 6.960201004663008e-157

AL interation 2146/4801.

mae: 0.024478851353434812
max_error: 0.13873759073197522
variance: 0.0004095646582901298
pearson: 0.07882871516039883
p-valu: 1.1063558004223299e-131

AL interation 2147/4801.

mae: 0.024478618181223263
max_error: 0.13874222857833463
variance: 0.00040954819144454856
pearson: 0.05582142448648868
p-valu: 6.938099026734536e-67

AL interation 2148/4801.

mae: 0.02447760399408568
max_error: 0.1387146261217227
variance: 0.0004096019912149075
pearson: 0.06886324106667635
p-valu: 6.972300660426506e-101

AL interation 2149/4801.

mae: 0.024472825597623045
max_error: 0.1385304918562129
variance: 0.0004090957447064347
pearson: 0.06076048182602956
p-valu: 6.393513259332664e-79

AL interation 2150/4801.

mae: 0.024503447644371314
max_error: 0.1385044366392636
variance: 0.0004093585948687811
pearson: 0.10230833127747377
p-valu: 7.230780745981414e-221

AL interation 2151/4801.

mae: 0.024503445027974358
max_error: 0.13850461162604422
variance: 0.00040935848182916665
pearson: 0.069189282294736
p-valu: 8.037299241204353e-102

AL interation 2152/4801.

mae: 0.02450257362195732
max_error: 0.13850975607368543
variance: 0.00040935122415208873
pearson: 0.045928304835827556
p-valu: 7.766977757221044e-46

AL interation 2153/4801.

mae: 0.02444878210785666
max_error: 0.13846641139337823
variance: 0.00040933987343139106
pearson: 0.07648604174233282
p-valu: 4.668282960984514e-124

AL interation 2154/4801.

mae: 0.024448213788648098
max_error: 0.13842519620214677
variance: 0.00040923655017167243
pearson: 0.10021626026281429
p-valu: 5.863166815665862e-212

AL interation 2155/4801.

mae: 0.024437068546350745
max_error: 0.13901299387310662
variance: 0.00040876527854590797
pearson: 0.05680226987887146
p-valu: 3.4485060913678603e-69

AL interation 2156/4801.

mae: 0.024453451071990515
max_error: 0.13952608207312966
variance: 0.00040721775292139865
pearson: 0.06575286382285132
p-valu: 4.046683784140933e-92

AL interation 2157/4801.

mae: 0.02446272176447789
max_error: 0.13965487382796216
variance: 0.00040728716069897555
pearson: 0.0709409660441713
p-valu: 5.992004241777853e-107

AL interation 2158/4801.

mae: 0.024459652446112642
max_error: 0.1393484302092789
variance: 0.0004071000418494491
pearson: 0.07277361292641717
p-valu: 1.8595895936768234e-112

AL interation 2159/4801.

mae: 0.024465813183175613
max_error: 0.13906833737331414
variance: 0.0004072450080989316
pearson: 0.07331573893527715
p-valu: 4.109201570189104e-114

AL interation 2160/4801.

mae: 0.024469163171341356
max_error: 0.13935388540761284
variance: 0.00040721867200632335
pearson: 0.08031078804766423
p-valu: 1.334897524341818e-136

AL interation 2161/4801.

mae: 0.02446416696429038
max_error: 0.13948817067779107
variance: 0.000407047484169537
pearson: 0.05018545602685747
p-valu: 2.1835228176087684e-54

AL interation 2162/4801.

mae: 0.024461196769899062
max_error: 0.13948920520618646
variance: 0.00040682182864208916
pearson: 0.08295495290265298
p-valu: 1.2271333216579435e-145

AL interation 2163/4801.

mae: 0.024400145425655852
max_error: 0.13840749091053528
variance: 0.00040494771021257957
pearson: 0.0997422198799012
p-valu: 6.001622725074147e-210

AL interation 2164/4801.

mae: 0.024371701882382368
max_error: 0.137530774439651
variance: 0.0004042710461984182
pearson: 0.08786764166737455
p-valu: 3.2468320480832185e-163

AL interation 2165/4801.

mae: 0.0243701824299661
max_error: 0.13752076230542531
variance: 0.00040415493492012054
pearson: 0.09342136326016375
p-valu: 2.5407751748177256e-184

AL interation 2166/4801.

mae: 0.024356876659641133
max_error: 0.136728450302539
variance: 0.00040306490782411267
pearson: 0.10743192530131443
p-valu: 2.0436636721820173e-243

AL interation 2167/4801.

mae: 0.024403840748300626
max_error: 0.1375184132606906
variance: 0.00040408325648010437
pearson: 0.05725752077425499
p-valu: 2.8895066091831895e-70

AL interation 2168/4801.

mae: 0.02439090514124038
max_error: 0.1376655004345908
variance: 0.0004043886407577414
pearson: 0.07737157189069296
p-valu: 6.874321895299975e-127

AL interation 2169/4801.

mae: 0.024385732281919426
max_error: 0.1378908994933541
variance: 0.0004039456754385365
pearson: 0.08901921908532032
p-valu: 1.782263804557561e-167

AL interation 2170/4801.

mae: 0.024461486709775288
max_error: 0.13787052222090512
variance: 0.0004051797344583341
pearson: 0.09182627904174641
p-valu: 4.0824401043508985e-178

AL interation 2171/4801.

mae: 0.024462280410169693
max_error: 0.1369543801296773
variance: 0.00040507831316958983
pearson: 0.08500561131680372
p-valu: 7.742727713646185e-153

AL interation 2172/4801.

mae: 0.02446169559731034
max_error: 0.13696150719937084
variance: 0.00040523539591437365
pearson: 0.05614357021839046
p-valu: 1.2718354126552675e-67

AL interation 2173/4801.

mae: 0.024461844278223965
max_error: 0.13695770349607717
variance: 0.0004054386287204996
pearson: 0.09849984737866657
p-valu: 9.339654645810249e-205

AL interation 2174/4801.

mae: 0.02444108323352866
max_error: 0.13721853847112886
variance: 0.00040610208326495725
pearson: 0.06664947452730806
p-valu: 1.3878669950677854e-94

AL interation 2175/4801.

mae: 0.02443364601705469
max_error: 0.13721894113171818
variance: 0.00040598531578413824
pearson: 0.07330862149479432
p-valu: 4.5117792516077864e-114

AL interation 2176/4801.

mae: 0.02442978066078101
max_error: 0.13725543151434483
variance: 0.00040587027555433463
pearson: 0.06498928045006616
p-valu: 5.162198591071565e-90

AL interation 2177/4801.

mae: 0.02440812637297902
max_error: 0.1379552317752628
variance: 0.00040516456611663633
pearson: 0.05379972121150384
p-valu: 3.1126630246323033e-62

AL interation 2178/4801.

mae: 0.024398698377601124
max_error: 0.1378072149759051
variance: 0.0004043682981690432
pearson: 0.08389276231188456
p-valu: 6.860725935658262e-149

AL interation 2179/4801.

mae: 0.02441618490497415
max_error: 0.14185283332466003
variance: 0.0004055343679930684
pearson: 0.09138582884851826
p-valu: 2.085792122326021e-176

AL interation 2180/4801.

mae: 0.024416038566199113
max_error: 0.14191371322834545
variance: 0.0004055134939158998
pearson: 0.05688649688657089
p-valu: 2.2653020769259824e-69

AL interation 2181/4801.

mae: 0.024416700646927438
max_error: 0.1418775678316111
variance: 0.00040551226266746755
pearson: 0.07524437027729294
p-valu: 4.4294720537438475e-120

AL interation 2182/4801.

mae: 0.024435857518147544
max_error: 0.14115565305604338
variance: 0.0004052904427841526
pearson: 0.07847514744416925
p-valu: 1.8055595080019144e-130

AL interation 2183/4801.

mae: 0.02443356967132462
max_error: 0.14103830750303548
variance: 0.0004050999932643416
pearson: 0.0760914031686065
p-valu: 9.272087986209735e-123

AL interation 2184/4801.

mae: 0.02442292370856044
max_error: 0.14094381282432966
variance: 0.0004044925895783215
pearson: 0.08983438171101826
p-valu: 1.6654487031624363e-170

AL interation 2185/4801.

mae: 0.024403656954710577
max_error: 0.14046977759192902
variance: 0.00040317291662422095
pearson: 0.05758361200322967
p-valu: 4.910924137927453e-71

AL interation 2186/4801.

mae: 0.0244026251882689
max_error: 0.14030357900395263
variance: 0.0004032520459769687
pearson: 0.07807419074579623
p-valu: 3.762275776980035e-129

AL interation 2187/4801.

mae: 0.024412501180219617
max_error: 0.13933126524301276
variance: 0.0004043490643530344
pearson: 0.08489682198669737
p-valu: 2.0008785468408224e-152

AL interation 2188/4801.

mae: 0.024416673645867724
max_error: 0.13939353247718334
variance: 0.0004048919796756256
pearson: 0.07092784812204078
p-valu: 7.087908379499002e-107

AL interation 2189/4801.

mae: 0.024436114347374766
max_error: 0.13994934370878997
variance: 0.00040458953138909127
pearson: 0.038945495846984785
p-valu: 2.0172331415755778e-33

AL interation 2190/4801.

mae: 0.02438493583385286
max_error: 0.13955368864247664
variance: 0.0004027652604342462
pearson: 0.04828254256441599
p-valu: 1.8677657830677533e-50

AL interation 2191/4801.

mae: 0.024387132416494144
max_error: 0.1412269821552714
variance: 0.00040338997987273193
pearson: 0.10125390913848474
p-valu: 2.885379313324988e-216

AL interation 2192/4801.

mae: 0.024377557724018974
max_error: 0.14116085449989857
variance: 0.00040349216252530683
pearson: 0.06305947632051774
p-valu: 7.795579141112408e-85

AL interation 2193/4801.

mae: 0.024367067937441093
max_error: 0.14118005570474867
variance: 0.0004042355865241371
pearson: 0.054115183300397975
p-valu: 6.193096843265541e-63

AL interation 2194/4801.

mae: 0.02436230522697086
max_error: 0.14121809941883345
variance: 0.0004036836181505099
pearson: 0.046665222353829416
p-valu: 3.04208728323742e-47

AL interation 2195/4801.

mae: 0.024347535661619134
max_error: 0.1412500816435882
variance: 0.00040316169752068766
pearson: 0.07417809990069663
p-valu: 9.907334980682025e-117

AL interation 2196/4801.

mae: 0.024420349527344024
max_error: 0.1441521885203061
variance: 0.00040606899740829733
pearson: 0.0865269877156387
p-valu: 2.903470842901261e-158

AL interation 2197/4801.

mae: 0.02441586323880023
max_error: 0.1441993913971915
variance: 0.0004058223727655599
pearson: 0.04227279448329234
p-valu: 4.4974903331042746e-39

AL interation 2198/4801.

mae: 0.024453924345198694
max_error: 0.1440339718041601
variance: 0.0004061985168054488
pearson: 0.0630549090570694
p-valu: 8.111282076365825e-85

AL interation 2199/4801.

mae: 0.02443473227024833
max_error: 0.14381326830829
variance: 0.00040569522304222404
pearson: 0.08544388174366538
p-valu: 2.3373034939850092e-154

AL interation 2200/4801.

mae: 0.024355117956822294
max_error: 0.13620461681369722
variance: 0.0004045229329451798
pearson: 0.08819348800019591
p-valu: 2.3459309371032343e-164

AL interation 2201/4801.

mae: 0.024353277975301273
max_error: 0.13607599087611977
variance: 0.000404910361717638
pearson: 0.11087226654239465
p-valu: 4.04052809247956e-259

AL interation 2202/4801.

mae: 0.02433552076825174
max_error: 0.13626508392866032
variance: 0.00040484842683040655
pearson: 0.07001726673088188
p-valu: 3.539515807074826e-104

AL interation 2203/4801.

mae: 0.024310237587427803
max_error: 0.14119440906455072
variance: 0.00040397485609884734
pearson: 0.08359893279832173
p-valu: 8.037058800300525e-148

AL interation 2204/4801.

mae: 0.024303317335805243
max_error: 0.13696975161240932
variance: 0.0004073989428560725
pearson: 0.07610264028847537
p-valu: 9.076801819809967e-123

AL interation 2205/4801.

mae: 0.024301284261340927
max_error: 0.13704583133897774
variance: 0.00040736542485297683
pearson: 0.10998875608054534
p-valu: 5.262467644717235e-255

AL interation 2206/4801.

mae: 0.024292098753951302
max_error: 0.13684162170960423
variance: 0.00040734214548782143
pearson: 0.09290555685692624
p-valu: 3.147357427162904e-182

AL interation 2207/4801.

mae: 0.02429227000692921
max_error: 0.1368747762839435
variance: 0.0004073224564730225
pearson: 0.05352996308891221
p-valu: 1.309102544994951e-61

AL interation 2208/4801.

mae: 0.024294681434370104
max_error: 0.1369032877241212
variance: 0.0004076730089206622
pearson: 0.04292476137239068
p-valu: 3.1305797851820157e-40

AL interation 2209/4801.

mae: 0.02430285796206396
max_error: 0.13637806812533615
variance: 0.00040763393148298614
pearson: 0.05704982074658955
p-valu: 9.70182167423199e-70

AL interation 2210/4801.

mae: 0.02447769870224178
max_error: 0.14025447992156348
variance: 0.00040719250497557737
pearson: 0.06293735848342817
p-valu: 1.6941213860207451e-84

AL interation 2211/4801.

mae: 0.024366807056555837
max_error: 0.1418772681822107
variance: 0.00041008847475397574
pearson: 0.09311155142112272
p-valu: 5.05956531324305e-183

AL interation 2212/4801.

mae: 0.02438216980564579
max_error: 0.14006938753976517
variance: 0.0004094428770443973
pearson: 0.1025754525895234
p-valu: 7.109591273798751e-222

AL interation 2213/4801.

mae: 0.024346180620210732
max_error: 0.1409411696981211
variance: 0.0004083840500825009
pearson: 0.08337630920250619
p-valu: 4.9943051009831033e-147

AL interation 2214/4801.

mae: 0.024322534628666816
max_error: 0.14122377066581482
variance: 0.00040637894039649753
pearson: 0.10288438296149006
p-valu: 3.339329122386093e-223

AL interation 2215/4801.

mae: 0.024336836659710506
max_error: 0.14093462200019946
variance: 0.00040694642502778417
pearson: 0.03439048955556052
p-valu: 2.038340374898977e-26

AL interation 2216/4801.

mae: 0.024456441927504773
max_error: 0.14048560117720132
variance: 0.00041140907725382444
pearson: 0.06036373999978773
p-valu: 7.304714199614829e-78

AL interation 2217/4801.

mae: 0.024454309753930467
max_error: 0.14068138042187872
variance: 0.00041100003789056185
pearson: 0.08390573545859191
p-valu: 7.090934849556073e-149

AL interation 2218/4801.

mae: 0.02443493949261521
max_error: 0.1410794180550825
variance: 0.00041029204809597234
pearson: 0.07357171506618343
p-valu: 7.885388521951121e-115

AL interation 2219/4801.

mae: 0.0244350063162246
max_error: 0.14107843337609172
variance: 0.0004103138052445653
pearson: 0.07376468146741699
p-valu: 2.011750194152e-115

AL interation 2220/4801.

mae: 0.024448951710903884
max_error: 0.14149312542525383
variance: 0.000410607303240852
pearson: 0.1358213502875161
p-valu: 0.0

AL interation 2221/4801.

mae: 0.024415816987354212
max_error: 0.1416556098733368
variance: 0.0004109534609573599
pearson: 0.03958066063381212
p-valu: 1.8693089159614913e-34

AL interation 2222/4801.

mae: 0.02442176940757909
max_error: 0.141552978669492
variance: 0.00041095619538125976
pearson: 0.049744009565655
p-valu: 1.969381578781779e-53

AL interation 2223/4801.

mae: 0.0244159917621052
max_error: 0.14227908957712732
variance: 0.00041012727841706673
pearson: 0.08388592827762228
p-valu: 8.501355924350978e-149

AL interation 2224/4801.

mae: 0.02442484264157449
max_error: 0.1423323267949259
variance: 0.0004099606297966312
pearson: 0.10672004894439092
p-valu: 4.573103066633251e-240

AL interation 2225/4801.

mae: 0.024466928740744156
max_error: 0.14246514541031008
variance: 0.0004111087493538669
pearson: 0.08229167888791454
p-valu: 3.000991883278544e-143

AL interation 2226/4801.

mae: 0.024465159753202074
max_error: 0.14245840542156163
variance: 0.0004105888138057351
pearson: 0.0870621847249691
p-valu: 3.6861485370238356e-160

AL interation 2227/4801.

mae: 0.024445713198576354
max_error: 0.1418291499043649
variance: 0.0004097051701200483
pearson: 0.08450814656826547
p-valu: 5.526531605767593e-151

AL interation 2228/4801.

mae: 0.024445504306706077
max_error: 0.14183745736175712
variance: 0.00040971425660364555
pearson: 0.08829885050565354
p-valu: 1.0675732961980567e-164

AL interation 2229/4801.

mae: 0.024449849449892293
max_error: 0.14194047487893346
variance: 0.00040962967267740456
pearson: 0.06719290226657042
p-valu: 4.741701495789783e-96

AL interation 2230/4801.

mae: 0.024375543132940523
max_error: 0.14264398774087983
variance: 0.00040855357528357726
pearson: 0.05205893115688777
p-valu: 2.3753554772771783e-58

AL interation 2231/4801.

mae: 0.024374174988959475
max_error: 0.14261791170741578
variance: 0.00040852364309600895
pearson: 0.06894528642032619
p-valu: 4.9313621568091184e-101

AL interation 2232/4801.

mae: 0.024364082373233686
max_error: 0.1429943100715123
variance: 0.0004080407182167383
pearson: 0.06602270604367036
p-valu: 8.627405254322132e-93

AL interation 2233/4801.

mae: 0.024364142205473328
max_error: 0.1430040044810399
variance: 0.0004080081150688922
pearson: 0.07025729370883434
p-valu: 7.558919602659705e-105

AL interation 2234/4801.

mae: 0.024400007497468765
max_error: 0.14287237996671553
variance: 0.0004077449226343001
pearson: 0.09627260199671002
p-valu: 1.5770190343176899e-195

AL interation 2235/4801.

mae: 0.024407908180593414
max_error: 0.14312348432343658
variance: 0.00040750542674261044
pearson: 0.1186673370217159
p-valu: 1.102683459192493e-296

AL interation 2236/4801.

mae: 0.024387209609660374
max_error: 0.14366190913045518
variance: 0.00040601225186036826
pearson: 0.07301038414757749
p-valu: 4.345392699465265e-113

AL interation 2237/4801.

mae: 0.024386396612871238
max_error: 0.14365831223716174
variance: 0.00040596050035143023
pearson: 0.09227728170062183
p-valu: 9.87318739733606e-180

AL interation 2238/4801.

mae: 0.024378451450551505
max_error: 0.14392773101411382
variance: 0.0004058117031880206
pearson: 0.10630470873427408
p-valu: 3.5792250580620745e-238

AL interation 2239/4801.

mae: 0.02438048728108972
max_error: 0.14380096114421992
variance: 0.0004057204688899105
pearson: 0.04073624728073039
p-valu: 2.1701507462751447e-36

AL interation 2240/4801.

mae: 0.02451430860889805
max_error: 0.14572851750511706
variance: 0.0004079423275406717
pearson: 0.11959505136328491
p-valu: 2.5225977107500197e-301

AL interation 2241/4801.

mae: 0.02456340151257868
max_error: 0.1461171128570955
variance: 0.00040928506703327645
pearson: 0.05998959157012604
p-valu: 6.666954138269538e-77

AL interation 2242/4801.

mae: 0.024607014215029404
max_error: 0.14689155454601366
variance: 0.0004108517111427802
pearson: 0.08104755887853332
p-valu: 5.674444559900074e-139

AL interation 2243/4801.

mae: 0.024607096769814624
max_error: 0.14660376278282872
variance: 0.00041099947967231326
pearson: 0.05540138199501207
p-valu: 7.623653961092376e-66

AL interation 2244/4801.

mae: 0.02460700667590293
max_error: 0.14660305230557658
variance: 0.00041098292119566576
pearson: 0.07500391275072563
p-valu: 3.0160968732567906e-119

AL interation 2245/4801.

mae: 0.02462063864075992
max_error: 0.1455735331468846
variance: 0.0004112554252444909
pearson: 0.07117296190527864
p-valu: 1.531809699779269e-107

AL interation 2246/4801.

mae: 0.02460011454617464
max_error: 0.14577606671030896
variance: 0.0004108026308767238
pearson: 0.06840857493991707
p-valu: 1.7731334390697117e-99

AL interation 2247/4801.

mae: 0.02452820462786266
max_error: 0.14400176310794865
variance: 0.0004099628518346667
pearson: 0.05165880766736915
p-valu: 1.7885399712541654e-57

AL interation 2248/4801.

mae: 0.02448155634595607
max_error: 0.1440288939606349
variance: 0.0004068059870028698
pearson: 0.0665658454990912
p-valu: 2.797555685809606e-94

AL interation 2249/4801.

mae: 0.02489714991838467
max_error: 0.145516098321818
variance: 0.00042066358561058416
pearson: 0.09851377927998235
p-valu: 1.1853157139403417e-204

AL interation 2250/4801.

mae: 0.02491571061415708
max_error: 0.14602814758421534
variance: 0.00042075343954994023
pearson: 0.0857264554300784
p-valu: 2.73905154189843e-155

AL interation 2251/4801.

mae: 0.02487507339339498
max_error: 0.1453876677236936
variance: 0.0004205801005516501
pearson: 0.06722198366181564
p-valu: 4.12994245984171e-96

AL interation 2252/4801.

mae: 0.024797241280170405
max_error: 0.1444590873374496
variance: 0.00041728389227635275
pearson: 0.08074204800813785
p-valu: 6.341134331402734e-138

AL interation 2253/4801.

mae: 0.025054001462244905
max_error: 0.14182220206697327
variance: 0.0004226888931966887
pearson: 0.0907113532170084
p-valu: 1.0638965712433496e-173

AL interation 2254/4801.

mae: 0.02505591377798895
max_error: 0.1419810665715291
variance: 0.00042262549796188905
pearson: 0.0969626103479178
p-valu: 2.7724677179679164e-198

AL interation 2255/4801.

mae: 0.025016157153929228
max_error: 0.14286256422331878
variance: 0.0004220493050974824
pearson: 0.06480576878420644
p-valu: 1.9191181608544348e-89

AL interation 2256/4801.

mae: 0.025024600622707664
max_error: 0.14285009829967255
variance: 0.0004220915735392437
pearson: 0.04671762420448571
p-valu: 2.572965174219076e-47

AL interation 2257/4801.

mae: 0.0250195998993413
max_error: 0.14259105413424056
variance: 0.00042190305611256067
pearson: 0.051236243608271934
p-valu: 1.4665886092360909e-56

AL interation 2258/4801.

mae: 0.02508990732107311
max_error: 0.142148430988013
variance: 0.00042419519912817406
pearson: 0.05398650457562483
p-valu: 1.3301774527572184e-62

AL interation 2259/4801.

mae: 0.02509562174215608
max_error: 0.14203851374935272
variance: 0.00042442532568362485
pearson: 0.11636024796761218
p-valu: 3.400757041200674e-285

AL interation 2260/4801.

mae: 0.02507174141603029
max_error: 0.14133782593620214
variance: 0.00042409517376359367
pearson: 0.06060021939526291
p-valu: 2.0011024382620363e-78

AL interation 2261/4801.

mae: 0.02514585408572059
max_error: 0.14173524313212926
variance: 0.0004275288574032501
pearson: 0.08781645517412678
p-valu: 7.297858431003343e-163

AL interation 2262/4801.

mae: 0.02515767026295923
max_error: 0.1417907621520813
variance: 0.0004281723301422321
pearson: 0.09388626130654232
p-valu: 5.823744077097373e-186

AL interation 2263/4801.

mae: 0.025139388554218593
max_error: 0.14190681460189314
variance: 0.00042836835600693085
pearson: 0.06607053126872196
p-valu: 6.814200404971622e-93

AL interation 2264/4801.

mae: 0.025132386617580358
max_error: 0.14179864741111903
variance: 0.0004281886500126832
pearson: 0.0673906869582063
p-valu: 1.426992133201925e-96

AL interation 2265/4801.

mae: 0.025101966119813805
max_error: 0.14111817072756327
variance: 0.0004274208514028928
pearson: 0.04845961182644914
p-valu: 8.948165075015008e-51

AL interation 2266/4801.

mae: 0.025113821190174055
max_error: 0.1415144603210452
variance: 0.0004275012247481266
pearson: 0.08250340594964913
p-valu: 6.426646052834955e-144

AL interation 2267/4801.

mae: 0.025099429289149277
max_error: 0.13599614054640785
variance: 0.0004242895585748746
pearson: 0.05482292250780389
p-valu: 1.6961227633400747e-64

AL interation 2268/4801.

mae: 0.02502151442268898
max_error: 0.13691123353731616
variance: 0.0004215795992565043
pearson: 0.07274648698199675
p-valu: 3.01290255885928e-112

AL interation 2269/4801.

mae: 0.025106549023325854
max_error: 0.1365062671788424
variance: 0.00042497906116250315
pearson: 0.0789108452982165
p-valu: 8.705375016354905e-132

AL interation 2270/4801.

mae: 0.025214621139178484
max_error: 0.13508256324297196
variance: 0.00042542298764649075
pearson: 0.07106014475609684
p-valu: 3.532387223013802e-107

AL interation 2271/4801.

mae: 0.025197777002749548
max_error: 0.13509025431033894
variance: 0.000424037961742755
pearson: 0.0807780259627751
p-valu: 5.1011448854603857e-138

AL interation 2272/4801.

mae: 0.025196191874413347
max_error: 0.13539679925218895
variance: 0.0004244371180673566
pearson: 0.07536345913328144
p-valu: 2.4204901638861776e-120

AL interation 2273/4801.

mae: 0.025339028827832105
max_error: 0.13760766400576774
variance: 0.0004331907298464071
pearson: 0.07729387224873038
p-valu: 1.6810551581965066e-126

AL interation 2274/4801.

mae: 0.025385611530857537
max_error: 0.14163193592815748
variance: 0.00043679883972521787
pearson: 0.07658292007897792
p-valu: 3.2631499519163366e-124

AL interation 2275/4801.

mae: 0.025386780817186753
max_error: 0.13715190680471512
variance: 0.00043431911957011137
pearson: 0.08447346208622514
p-valu: 8.707449858371773e-151

AL interation 2276/4801.

mae: 0.025391293475332057
max_error: 0.13714736589048204
variance: 0.0004344578256038796
pearson: 0.10411919912365461
p-valu: 2.00680522807416e-228

AL interation 2277/4801.

mae: 0.025896556129121628
max_error: 0.13511767686889886
variance: 0.00044998042298825575
pearson: 0.118757565359501
p-valu: 5.258484458269261e-297

AL interation 2278/4801.

mae: 0.02626824142251919
max_error: 0.13413851670469246
variance: 0.00046469801511816273
pearson: 0.05732855618407012
p-valu: 2.3458582023530324e-70

AL interation 2279/4801.

mae: 0.026233106315093332
max_error: 0.1343253057179341
variance: 0.0004639913987351115
pearson: 0.07465501001532301
p-valu: 4.107458111530893e-118

AL interation 2280/4801.

mae: 0.026250854702965447
max_error: 0.1327928543536787
variance: 0.00046222574715279815
pearson: 0.07468588816843144
p-valu: 3.2993410483822654e-118

AL interation 2281/4801.

mae: 0.026209304328145628
max_error: 0.13624208097774915
variance: 0.0004650703056070523
pearson: 0.11536015265411652
p-valu: 2.968409084493701e-280

AL interation 2282/4801.

mae: 0.02641778269808644
max_error: 0.13676203312701052
variance: 0.0004740249657879957
pearson: 0.08895597855824307
p-valu: 4.809122229114637e-167

AL interation 2283/4801.

mae: 0.02637205920914909
max_error: 0.1362855854453615
variance: 0.0004731078055262203
pearson: 0.06995170037190723
p-valu: 6.718205465136163e-104

AL interation 2284/4801.

mae: 0.026353305314811486
max_error: 0.1407393191070101
variance: 0.0004747635851883091
pearson: 0.04692751684420915
p-valu: 1.0310787143189351e-47

AL interation 2285/4801.

mae: 0.026334247503508622
max_error: 0.1406904237241493
variance: 0.00047428734885612844
pearson: 0.06479859815464963
p-valu: 2.1379149768116422e-89

AL interation 2286/4801.

mae: 0.026339799305492646
max_error: 0.14064116022148898
variance: 0.0004743061632695384
pearson: 0.042737952198235216
p-valu: 7.268020207883478e-40

AL interation 2287/4801.

mae: 0.02631291758463528
max_error: 0.13979821168998985
variance: 0.00047237578891329854
pearson: 0.06492379105441537
p-valu: 9.834260988634902e-90

AL interation 2288/4801.

mae: 0.02634625966593012
max_error: 0.1389140594250735
variance: 0.0004718792274281387
pearson: 0.0711307903730191
p-valu: 2.2807292247847494e-107

AL interation 2289/4801.

mae: 0.026352773624767515
max_error: 0.1389299819233516
variance: 0.0004719986446498257
pearson: 0.0769612766662083
p-valu: 2.0830676388783895e-125

AL interation 2290/4801.

mae: 0.02636097062384156
max_error: 0.13811410428882898
variance: 0.0004720084383073999
pearson: 0.06209326945900039
p-valu: 3.171447504473991e-82

AL interation 2291/4801.

mae: 0.026369761637289955
max_error: 0.13805772592916998
variance: 0.0004716932083132655
pearson: 0.07014873810922496
p-valu: 1.8165578658676907e-104

AL interation 2292/4801.

mae: 0.02629263208449803
max_error: 0.1331287451079648
variance: 0.00046991351660585843
pearson: 0.07476548631439413
p-valu: 1.9251879779435915e-118

AL interation 2293/4801.

mae: 0.02631343977024629
max_error: 0.13338737160978287
variance: 0.00047081326237404707
pearson: 0.06699748894409104
p-valu: 1.9342192627649487e-95

AL interation 2294/4801.

mae: 0.026301373304489596
max_error: 0.13308418267791655
variance: 0.0004707452260545886
pearson: 0.05425167211833246
p-valu: 3.52961754572918e-63

AL interation 2295/4801.

mae: 0.02632692560462361
max_error: 0.13342702708126541
variance: 0.0004711847995591742
pearson: 0.062475921312662296
p-valu: 3.2392059658952967e-83

AL interation 2296/4801.

mae: 0.02630541952925042
max_error: 0.13372379131345458
variance: 0.00046856986041623496
pearson: 0.05938295970513983
p-valu: 2.391184925181406e-75

AL interation 2297/4801.

mae: 0.02625375129679418
max_error: 0.13367221123683937
variance: 0.0004676515370743366
pearson: 0.037431269513806584
p-valu: 5.747027850226278e-31

AL interation 2298/4801.

mae: 0.026196145057051718
max_error: 0.13442992499170447
variance: 0.0004646127522275219
pearson: 0.08795472512838105
p-valu: 2.6113873697295482e-163

AL interation 2299/4801.

mae: 0.026190734015973688
max_error: 0.13443695245171927
variance: 0.00046498292142742195
pearson: 0.0707819299646996
p-valu: 2.5362685895189396e-106

AL interation 2300/4801.

mae: 0.026183267039170427
max_error: 0.1337483199708318
variance: 0.0004657967251043288
pearson: 0.035233292814031536
p-valu: 1.2666457915324916e-27

AL interation 2301/4801.

mae: 0.026187180069675894
max_error: 0.13382515429424036
variance: 0.0004657826013401008
pearson: 0.0638374576546378
p-valu: 8.425780383098822e-87

AL interation 2302/4801.

mae: 0.026186982742303865
max_error: 0.1338320711778893
variance: 0.0004657896218743709
pearson: 0.08564525852303634
p-valu: 6.48783498063484e-155

AL interation 2303/4801.

mae: 0.026208623779688797
max_error: 0.13388184871786013
variance: 0.00046664971858866787
pearson: 0.10355856202735586
p-valu: 6.449360889085126e-226

AL interation 2304/4801.

mae: 0.026217355274903383
max_error: 0.13453116140356958
variance: 0.00046703133993885996
pearson: 0.046659911644643455
p-valu: 3.5143126157162743e-47

AL interation 2305/4801.

mae: 0.02624170887504959
max_error: 0.13422700047652558
variance: 0.000466926986315042
pearson: 0.06930226173555809
p-valu: 5.4854136776753045e-102

AL interation 2306/4801.

mae: 0.026245725247144004
max_error: 0.1346190662711111
variance: 0.0004669542396245076
pearson: 0.05387275150155642
p-valu: 2.573397906473862e-62

AL interation 2307/4801.

mae: 0.026237590383616272
max_error: 0.13565614735074139
variance: 0.0004667480132714037
pearson: 0.06654203422162802
p-valu: 3.715138706939008e-94

AL interation 2308/4801.

mae: 0.026456139123364822
max_error: 0.13388211135264516
variance: 0.0004746229803427283
pearson: 0.09741096539983411
p-valu: 5.339115270734291e-200

AL interation 2309/4801.

mae: 0.02645781734530799
max_error: 0.13389267876794708
variance: 0.0004746123826563283
pearson: 0.04371373632223991
p-valu: 1.2836450468517502e-41

AL interation 2310/4801.

mae: 0.026458734235034562
max_error: 0.1344715336703617
variance: 0.00047415675134451177
pearson: 0.05851617197768546
p-valu: 3.3273600922122316e-73

AL interation 2311/4801.

mae: 0.026458477818463444
max_error: 0.13446392072131363
variance: 0.0004741566517468077
pearson: 0.05182864768802438
p-valu: 8.374262132663528e-58

AL interation 2312/4801.

mae: 0.026597844467347753
max_error: 0.1322279468963048
variance: 0.0004793392214300659
pearson: 0.09436261385151952
p-valu: 9.622939876862262e-188

AL interation 2313/4801.

mae: 0.02661371466604333
max_error: 0.132532781207769
variance: 0.00048147215935788793
pearson: 0.09504479964091825
p-valu: 1.9001325198019701e-190

AL interation 2314/4801.

mae: 0.02661611923301071
max_error: 0.13266913255705237
variance: 0.0004811680063897412
pearson: 0.07254014410212617
p-valu: 1.439465863936169e-111

AL interation 2315/4801.

mae: 0.02667094569100954
max_error: 0.1324269494520509
variance: 0.0004823094320262238
pearson: 0.056133363380085725
p-valu: 1.685396055371265e-67

AL interation 2316/4801.

mae: 0.026731607419960113
max_error: 0.13656477605166817
variance: 0.0004830676279823564
pearson: 0.09192419492625534
p-valu: 3.1844252127516745e-178

AL interation 2317/4801.

mae: 0.02669912281974127
max_error: 0.13659058616707132
variance: 0.0004823130418000647
pearson: 0.07886635506050022
p-valu: 1.4180698375207843e-131

AL interation 2318/4801.

mae: 0.026764609668060983
max_error: 0.13594076587417891
variance: 0.00048436030270058924
pearson: 0.07033724425256804
p-valu: 5.436036580380582e-105

AL interation 2319/4801.

mae: 0.026790615684678075
max_error: 0.13520793933952024
variance: 0.00048446185377940237
pearson: 0.11161789624180071
p-valu: 2.7423631708173506e-262

AL interation 2320/4801.

mae: 0.02677774842223799
max_error: 0.1350983001679511
variance: 0.0004836176054042406
pearson: 0.07740139475177171
p-valu: 8.695905309095736e-127

AL interation 2321/4801.

mae: 0.02696645789920729
max_error: 0.1330980016259078
variance: 0.0004927222852471963
pearson: 0.12511987900795707
p-valu: 0.0

AL interation 2322/4801.

mae: 0.027048718019138628
max_error: 0.13186832946797455
variance: 0.0004952148670894109
pearson: 0.0793724202893267
p-valu: 3.0551136955884103e-133

AL interation 2323/4801.

mae: 0.027045655927656297
max_error: 0.13111699853237457
variance: 0.0004944584251903555
pearson: 0.06320661214937448
p-valu: 4.147356543417989e-85

AL interation 2324/4801.

mae: 0.027066768038941088
max_error: 0.1317500469826287
variance: 0.000494156192683471
pearson: 0.08116385030867422
p-valu: 3.0003014938133475e-139

AL interation 2325/4801.

mae: 0.02706499980339757
max_error: 0.13203871719764226
variance: 0.0004943556917226383
pearson: 0.07976600468069073
p-valu: 1.5143242522827774e-134

AL interation 2326/4801.

mae: 0.027061778771047894
max_error: 0.13176930776301976
variance: 0.0004942518229467215
pearson: 0.07829281679741605
p-valu: 1.1151945932445327e-129

AL interation 2327/4801.

mae: 0.02701808293701735
max_error: 0.1319050790074785
variance: 0.0004942072203286785
pearson: 0.048190163146694144
p-valu: 3.365717458502522e-50

AL interation 2328/4801.

mae: 0.027008654035688685
max_error: 0.13354905430190644
variance: 0.0004911987714735554
pearson: 0.0996035764241994
p-valu: 5.202265985784644e-209

AL interation 2329/4801.

mae: 0.02700896122595909
max_error: 0.1335612612724022
variance: 0.0004911904784300509
pearson: 0.0719562321118141
p-valu: 8.654066759220872e-110

AL interation 2330/4801.

mae: 0.027002635207126632
max_error: 0.13364870841308818
variance: 0.0004912760555009524
pearson: 0.06893050836300824
p-valu: 6.888998813739722e-101

AL interation 2331/4801.

mae: 0.0270028802542717
max_error: 0.13341164449724108
variance: 0.0004911140863271434
pearson: 0.066552522064155
p-valu: 3.664566199890029e-94

AL interation 2332/4801.

mae: 0.026977067686858057
max_error: 0.1336546156302889
variance: 0.00048824706846801346
pearson: 0.06974963205870888
p-valu: 2.943567834994022e-103

AL interation 2333/4801.

mae: 0.026951533663068135
max_error: 0.133592449217244
variance: 0.000489058313887104
pearson: 0.10086095100836445
p-valu: 2.7758074294067676e-214

AL interation 2334/4801.

mae: 0.026927378330615093
max_error: 0.13420180449560082
variance: 0.0004880864112578629
pearson: 0.08154837761201104
p-valu: 1.5270297629830904e-140

AL interation 2335/4801.

mae: 0.026911013225641888
max_error: 0.1343335637570222
variance: 0.00048813961399570016
pearson: 0.09540679925423547
p-valu: 7.556063232539398e-192

AL interation 2336/4801.

mae: 0.026889303167657135
max_error: 0.133078853411857
variance: 0.0004833463272865161
pearson: 0.06852998963184008
p-valu: 9.853127424934907e-100

AL interation 2337/4801.

mae: 0.026889527110230644
max_error: 0.13290290109528957
variance: 0.0004832828595262362
pearson: 0.0662533696484984
p-valu: 2.5059065921807826e-93

AL interation 2338/4801.

mae: 0.02686156688576492
max_error: 0.13278214321820503
variance: 0.00048264096707594813
pearson: 0.06120371645137527
p-valu: 6.761825624273288e-80

AL interation 2339/4801.

mae: 0.02686187977677165
max_error: 0.1329107525374953
variance: 0.00048265441529682823
pearson: 0.06965887505474413
p-valu: 5.500619793317416e-103

AL interation 2340/4801.

mae: 0.02685235809851423
max_error: 0.1328888279089684
variance: 0.0004829663086100178
pearson: 0.051675847980061064
p-valu: 1.861800423098696e-57

AL interation 2341/4801.

mae: 0.026843423750547005
max_error: 0.13302830365085772
variance: 0.00048297250570760835
pearson: 0.0845853259251819
p-valu: 4.4389240434447525e-151

AL interation 2342/4801.

mae: 0.02690949546428662
max_error: 0.13128035666835292
variance: 0.00048484057188129465
pearson: 0.06169947660845793
p-valu: 3.648318910965197e-81

AL interation 2343/4801.

mae: 0.026903922740369724
max_error: 0.13157985718265497
variance: 0.00048485828041562563
pearson: 0.05086282545583473
p-valu: 1.0258116648790762e-55

AL interation 2344/4801.

mae: 0.026900325240745503
max_error: 0.1317091438772282
variance: 0.0004846192380558184
pearson: 0.07043168382469496
p-valu: 3.060797237719684e-105

AL interation 2345/4801.

mae: 0.026897085369607433
max_error: 0.131005251792371
variance: 0.00048537569279744096
pearson: 0.06570571331637773
p-valu: 8.216590306064439e-92

AL interation 2346/4801.

mae: 0.026905567384366037
max_error: 0.1311129774198294
variance: 0.00048561041060034694
pearson: 0.13408325341357996
p-valu: 0.0

AL interation 2347/4801.

mae: 0.026894276969890635
max_error: 0.131069483433234
variance: 0.0004853523759790231
pearson: 0.05095857539529442
p-valu: 6.455297955051104e-56

AL interation 2348/4801.

mae: 0.026910381518515308
max_error: 0.13100408437042876
variance: 0.0004854689479867113
pearson: 0.06468831126702759
p-valu: 4.849194158126831e-89

AL interation 2349/4801.

mae: 0.0269677759983942
max_error: 0.1320709741352717
variance: 0.00048534654898492056
pearson: 0.061776250440929936
p-valu: 2.344964577887351e-81

AL interation 2350/4801.

mae: 0.02697111631993364
max_error: 0.13201460387375352
variance: 0.00048547141929264185
pearson: 0.027746745755029837
p-valu: 1.0004627071835628e-17

AL interation 2351/4801.

mae: 0.026973561716648588
max_error: 0.13230623811199127
variance: 0.00048624102365962845
pearson: 0.10334491185559848
p-valu: 7.063358310303239e-225

AL interation 2352/4801.

mae: 0.026959209587026318
max_error: 0.1323656817343677
variance: 0.0004849355362910289
pearson: 0.09387545765503275
p-valu: 9.569803758707215e-186

AL interation 2353/4801.

mae: 0.026896811605306107
max_error: 0.1325353173355639
variance: 0.0004832687227551989
pearson: 0.0701949183816491
p-valu: 1.5507039287433376e-104

AL interation 2354/4801.

mae: 0.026903755409038277
max_error: 0.13266733246876772
variance: 0.00048295666922058654
pearson: 0.07478035025873694
p-valu: 2.0590538342553527e-118

AL interation 2355/4801.

mae: 0.026891808585767406
max_error: 0.1326799823195275
variance: 0.00048291990062802404
pearson: 0.05227306691591603
p-valu: 9.629734033578983e-59

AL interation 2356/4801.

mae: 0.0268316488579969
max_error: 0.13258756131420757
variance: 0.000478811429810465
pearson: 0.08346176215023125
p-valu: 4.144086949682382e-147

AL interation 2357/4801.

mae: 0.026825230176240018
max_error: 0.13292066008710623
variance: 0.0004779226681372005
pearson: 0.09474083638005072
p-valu: 3.7445909511680206e-189

AL interation 2358/4801.

mae: 0.02683750984444799
max_error: 0.13282531810130838
variance: 0.00047867205739810995
pearson: 0.06680158712739817
p-valu: 7.89005009694632e-95

AL interation 2359/4801.

mae: 0.02685686782451038
max_error: 0.13276352111955436
variance: 0.0004788882070045302
pearson: 0.08686507915088303
p-valu: 3.18775787548801e-159

AL interation 2360/4801.

mae: 0.02684911799077876
max_error: 0.13272821336744034
variance: 0.0004786403892923445
pearson: 0.09373137044596183
p-valu: 3.648759450273914e-185

AL interation 2361/4801.

mae: 0.026849572033241408
max_error: 0.13300672521603207
variance: 0.00047818110942123845
pearson: 0.06597833876391916
p-valu: 1.516124223292699e-92

AL interation 2362/4801.

mae: 0.02684541318994007
max_error: 0.1329726808411893
variance: 0.0004785943994924592
pearson: 0.058412999510745835
p-valu: 6.494935335122282e-73

AL interation 2363/4801.

mae: 0.02680074031202576
max_error: 0.13273559834072746
variance: 0.0004759191964938851
pearson: 0.11253278370774249
p-valu: 1.7807164709981835e-266

AL interation 2364/4801.

mae: 0.026801828812207298
max_error: 0.13255484870336165
variance: 0.0004762080175581032
pearson: 0.08206497545612032
p-valu: 2.892488410924667e-142

AL interation 2365/4801.

mae: 0.02679856714529702
max_error: 0.13254048785114225
variance: 0.0004765753019760738
pearson: 0.08986967319006026
p-valu: 2.557124130724955e-170

AL interation 2366/4801.

mae: 0.02667983200421876
max_error: 0.12944712302436034
variance: 0.0004720546423251151
pearson: 0.0721690674951853
p-valu: 2.1814499899831724e-110

AL interation 2367/4801.

mae: 0.026675426355834225
max_error: 0.12951762248070242
variance: 0.00047177596368696846
pearson: 0.08739099679112909
p-valu: 3.984856143933429e-161

AL interation 2368/4801.

mae: 0.026645147448177735
max_error: 0.12970577253821336
variance: 0.0004717310216449045
pearson: 0.07869508178189744
p-valu: 6.089184011769908e-131

AL interation 2369/4801.

mae: 0.026567270495986017
max_error: 0.1294379914629049
variance: 0.000468977395219967
pearson: 0.11102205424570741
p-valu: 2.2915647265150252e-259

AL interation 2370/4801.

mae: 0.026703307908031316
max_error: 0.13075266590879853
variance: 0.0004682681648688444
pearson: 0.045729123240898464
p-valu: 2.3533056125149818e-45

AL interation 2371/4801.

mae: 0.026695502063507622
max_error: 0.13043615175905376
variance: 0.00046765295797107924
pearson: 0.09253309204339037
p-valu: 1.7960067568423252e-180

AL interation 2372/4801.

mae: 0.026699199303738985
max_error: 0.13105016396314983
variance: 0.0004676198312876426
pearson: 0.0786201047344477
p-valu: 1.0871982702087661e-130

AL interation 2373/4801.

mae: 0.02666060652596253
max_error: 0.13297415309301375
variance: 0.0004670392003979141
pearson: 0.060862027680942996
p-valu: 5.352645546211277e-79

AL interation 2374/4801.

mae: 0.02667128646589476
max_error: 0.13282393026696315
variance: 0.0004672822902442574
pearson: 0.08794728765090895
p-valu: 3.737368991523542e-163

AL interation 2375/4801.

mae: 0.026595531244684778
max_error: 0.13413363314742544
variance: 0.00046510177044263384
pearson: 0.0629180775024363
p-valu: 2.6432435464656725e-84

AL interation 2376/4801.

mae: 0.02658601777934568
max_error: 0.134180040356509
variance: 0.00046451324640151324
pearson: 0.08115926965574674
p-valu: 3.69357421263647e-139

AL interation 2377/4801.

mae: 0.026578864064656104
max_error: 0.13415564645350475
variance: 0.0004643712681340825
pearson: 0.04072705959330646
p-valu: 2.52464006040041e-36

AL interation 2378/4801.

mae: 0.026560187363931953
max_error: 0.1339386609847084
variance: 0.00046468171003454135
pearson: 0.06610296219170242
p-valu: 7.136827659320962e-93

AL interation 2379/4801.

mae: 0.026550198432831493
max_error: 0.13388114959110187
variance: 0.00046438276823163597
pearson: 0.05871499934951332
p-valu: 1.2233817266230064e-73

AL interation 2380/4801.

mae: 0.026563007096706944
max_error: 0.13470856978113677
variance: 0.0004648302862053622
pearson: 0.060789595162184136
p-valu: 8.279237479283869e-79

AL interation 2381/4801.

mae: 0.026569045108762894
max_error: 0.13508114895688283
variance: 0.00046434797601515215
pearson: 0.05558940750440158
p-valu: 3.4625564451699924e-66

AL interation 2382/4801.

mae: 0.026582343245219235
max_error: 0.13502942087273784
variance: 0.0004646617290849114
pearson: 0.06692109060162572
p-valu: 3.864394539448055e-95

AL interation 2383/4801.

mae: 0.02661885848590462
max_error: 0.1365111757999644
variance: 0.00046799668597735287
pearson: 0.08884997849197503
p-valu: 1.7810060990660308e-166

AL interation 2384/4801.

mae: 0.026619780823483628
max_error: 0.13628430462761987
variance: 0.0004668539996208322
pearson: 0.06582558442089781
p-valu: 4.193177885433738e-92

AL interation 2385/4801.

mae: 0.02661130547222345
max_error: 0.13642627478969604
variance: 0.00046645129819874315
pearson: 0.07546241909660201
p-valu: 1.6305878697291815e-120

AL interation 2386/4801.

mae: 0.0266538393123038
max_error: 0.13696545366786683
variance: 0.0004693715981742958
pearson: 0.12235703643884722
p-valu: 6.27852624e-315

AL interation 2387/4801.

mae: 0.02657322893979125
max_error: 0.1371555263989963
variance: 0.00046680137301937383
pearson: 0.05435240370598996
p-valu: 2.3951810697686587e-63

AL interation 2388/4801.

mae: 0.026573018061300586
max_error: 0.13708834882293974
variance: 0.0004668248155132101
pearson: 0.07173321970259888
p-valu: 4.704871784742243e-109

AL interation 2389/4801.

mae: 0.0265835983848412
max_error: 0.13709525888174046
variance: 0.0004677636271292411
pearson: 0.12671838044833228
p-valu: 0.0

AL interation 2390/4801.

mae: 0.02658446470018349
max_error: 0.13651883764526662
variance: 0.0004666446144322397
pearson: 0.06435695337427104
p-valu: 4.1287539456700436e-88

AL interation 2391/4801.

mae: 0.026629005099118398
max_error: 0.13587932456124197
variance: 0.0004675123009791459
pearson: 0.10658308050147033
p-valu: 4.883904992774833e-239

AL interation 2392/4801.

mae: 0.026610694320318026
max_error: 0.13582559019544949
variance: 0.00046713604246583466
pearson: 0.05253298339313277
p-valu: 2.7392881153177694e-59

AL interation 2393/4801.

mae: 0.026607641682129438
max_error: 0.13590531537687145
variance: 0.00046715270699667185
pearson: 0.07043919925636322
p-valu: 3.2867782008912345e-105

AL interation 2394/4801.

mae: 0.026601051432637086
max_error: 0.13592271401779232
variance: 0.00046717057568283657
pearson: 0.10255747787286022
p-valu: 2.2261916030063034e-221

AL interation 2395/4801.

mae: 0.026613055315985647
max_error: 0.13627173046682817
variance: 0.00046677217246711287
pearson: 0.05121774551004306
p-valu: 1.9271264768277618e-56

AL interation 2396/4801.

mae: 0.026621362348655996
max_error: 0.13613414564809734
variance: 0.00046680054610159105
pearson: 0.07489360726746107
p-valu: 1.0258875329324371e-118

AL interation 2397/4801.

mae: 0.02656679612147574
max_error: 0.136523675649582
variance: 0.0004661498536016135
pearson: 0.06760736293759441
p-valu: 4.743068029770635e-97

AL interation 2398/4801.

mae: 0.026561331802193763
max_error: 0.13647959784924257
variance: 0.00046565782004984695
pearson: 0.08580585129429048
p-valu: 2.4567992455757524e-155

AL interation 2399/4801.

mae: 0.026554358958972426
max_error: 0.1368084089166901
variance: 0.0004652791894196724
pearson: 0.059401412984724934
p-valu: 2.5831723179645462e-75

AL interation 2400/4801.

mae: 0.026498555788521352
max_error: 0.13688351789590758
variance: 0.0004651115198731321
pearson: 0.07493927611458798
p-valu: 7.46760657832684e-119

AL interation 2401/4801.

mae: 0.02663129116144682
max_error: 0.13696681242020947
variance: 0.0004680307099906017
pearson: 0.0601737175572456
p-valu: 3.0777748319378843e-77

AL interation 2402/4801.

mae: 0.026653480344711454
max_error: 0.136698390542219
variance: 0.0004688084809694602
pearson: 0.07756007559335854
p-valu: 3.413228667653568e-127

AL interation 2403/4801.

mae: 0.026656685294777997
max_error: 0.13602289932844958
variance: 0.00046805097811764674
pearson: 0.10935663423076224
p-valu: 1.4275000298320827e-251

AL interation 2404/4801.

mae: 0.026564660515584135
max_error: 0.1356078756102166
variance: 0.0004641545175490266
pearson: 0.07559970353579952
p-valu: 6.354913669720074e-121

AL interation 2405/4801.

mae: 0.026522916306746608
max_error: 0.13607755984724879
variance: 0.0004637838924655576
pearson: 0.06080610593435464
p-valu: 7.875654079715759e-79

AL interation 2406/4801.

mae: 0.026510922468881645
max_error: 0.1361156702782269
variance: 0.00046339909748085507
pearson: 0.08770893633849183
p-valu: 3.1751721905270074e-162

AL interation 2407/4801.

mae: 0.026542613829928577
max_error: 0.1345167975281898
variance: 0.00046521540986191556
pearson: 0.07982766271777278
p-valu: 1.2262804727296117e-134

AL interation 2408/4801.

mae: 0.026470011865983162
max_error: 0.13654798554437964
variance: 0.0004637013148085479
pearson: 0.047844921006436315
p-valu: 1.8180495786775184e-49

AL interation 2409/4801.

mae: 0.026481901280855098
max_error: 0.13614717820877065
variance: 0.0004639115678051437
pearson: 0.07767697451201809
p-valu: 1.4572516738006028e-127

AL interation 2410/4801.

mae: 0.026477373012782215
max_error: 0.13629369360154175
variance: 0.00046369203708604076
pearson: 0.10105689233197603
p-valu: 6.105909277224323e-215

AL interation 2411/4801.

mae: 0.02647051834157564
max_error: 0.13635789956373134
variance: 0.0004643838048879753
pearson: 0.09288952411926973
p-valu: 8.843437815883866e-182

AL interation 2412/4801.

mae: 0.026404841764163595
max_error: 0.13708960747083854
variance: 0.0004629836707992876
pearson: 0.051427604488144596
p-valu: 7.006953147149813e-57

AL interation 2413/4801.

mae: 0.02640647337337799
max_error: 0.1367848754557004
variance: 0.00046318008005858524
pearson: 0.08207510650495789
p-valu: 3.151760555363503e-142

AL interation 2414/4801.

mae: 0.026467391524609713
max_error: 0.1367671026140984
variance: 0.00046536536794642677
pearson: 0.07208910997809238
p-valu: 4.3044683769974286e-110

AL interation 2415/4801.

mae: 0.02646333464553989
max_error: 0.1368542568501967
variance: 0.0004651888784738529
pearson: 0.062218800508658884
p-valu: 1.9101014354040445e-82

AL interation 2416/4801.

mae: 0.026440738986536816
max_error: 0.1371867483025513
variance: 0.0004652050265419315
pearson: 0.06876523096967607
p-valu: 2.5231238500893895e-100

AL interation 2417/4801.

mae: 0.02635299588785691
max_error: 0.13767191902792053
variance: 0.00046382250570249894
pearson: 0.060957250318343245
p-valu: 3.3288983935358965e-79

AL interation 2418/4801.

mae: 0.026351491801495985
max_error: 0.13845916910161993
variance: 0.00046326701707705484
pearson: 0.0745103271084115
p-valu: 1.709664799540045e-117

AL interation 2419/4801.

mae: 0.026357286652281212
max_error: 0.13856632702976146
variance: 0.0004636592028755858
pearson: 0.03864449258151115
p-valu: 7.393400035501094e-33

AL interation 2420/4801.

mae: 0.026333768966230325
max_error: 0.13833535531869945
variance: 0.0004621388606053024
pearson: 0.07507740446187335
p-valu: 2.9194053845039886e-119

AL interation 2421/4801.

mae: 0.026332500512593483
max_error: 0.13833398378795625
variance: 0.00046206540171269767
pearson: 0.05689262184092896
p-valu: 3.241682456101136e-69

AL interation 2422/4801.

mae: 0.02632219454854046
max_error: 0.13705829424492055
variance: 0.00046282298199869747
pearson: 0.07348596962852111
p-valu: 2.516449611753242e-114

AL interation 2423/4801.

mae: 0.02632126886115494
max_error: 0.13723668544792833
variance: 0.0004624761085457569
pearson: 0.05606414116466657
p-valu: 2.903003394048735e-67

AL interation 2424/4801.

mae: 0.02650765909947465
max_error: 0.14091810445955577
variance: 0.0004663254659963432
pearson: 0.06552007453159292
p-valu: 3.140570839582641e-91

AL interation 2425/4801.

mae: 0.026507843992890117
max_error: 0.14217767099711143
variance: 0.0004677876467416117
pearson: 0.05179905797673719
p-valu: 1.1316453305361564e-57

AL interation 2426/4801.

mae: 0.02651098421463543
max_error: 0.14218072826173245
variance: 0.0004678028734517064
pearson: 0.04331567909138039
p-valu: 7.586411023631829e-41

AL interation 2427/4801.

mae: 0.026511602683559787
max_error: 0.14217118563959463
variance: 0.0004678267317305109
pearson: 0.07358197655771802
p-valu: 1.2945377707855282e-114

AL interation 2428/4801.

mae: 0.026522076680586117
max_error: 0.1417185802596892
variance: 0.0004691257940529174
pearson: 0.07765115470351024
p-valu: 1.8717614716325763e-127

AL interation 2429/4801.

mae: 0.026508049192131844
max_error: 0.14236179007951666
variance: 0.00046981849677863634
pearson: 0.0797195085881157
p-valu: 3.015820068411571e-134

AL interation 2430/4801.

mae: 0.02651188276897019
max_error: 0.1419527908378173
variance: 0.0004700917517164902
pearson: 0.08610916721119802
p-valu: 2.2509702603926496e-156

AL interation 2431/4801.

mae: 0.026523992399703572
max_error: 0.14207229149309075
variance: 0.00047065928193946885
pearson: 0.057178095731224246
p-valu: 6.904152024166683e-70

AL interation 2432/4801.

mae: 0.026607988615996534
max_error: 0.1413434515411014
variance: 0.00047300934655253687
pearson: 0.08373940151503007
p-valu: 5.800133948959066e-148

AL interation 2433/4801.

mae: 0.026588873233742635
max_error: 0.139967117403498
variance: 0.0004728035846410477
pearson: 0.06760518319425748
p-valu: 5.225154005108954e-97

AL interation 2434/4801.

mae: 0.026552459421795523
max_error: 0.1393757188938567
variance: 0.0004718814025024121
pearson: 0.042665387976548036
p-valu: 1.121502013971966e-39

AL interation 2435/4801.

mae: 0.026589931563910214
max_error: 0.13987368137662504
variance: 0.00047152073472431227
pearson: 0.08208739107993464
p-valu: 3.0816566262623133e-142

AL interation 2436/4801.

mae: 0.026584229121317294
max_error: 0.13953839613844554
variance: 0.00047097453068985337
pearson: 0.06498278383695424
p-valu: 9.33228578521299e-90

AL interation 2437/4801.

mae: 0.026622031802063493
max_error: 0.13940363687055157
variance: 0.00047080388331965294
pearson: 0.07086434736397904
p-valu: 2.0490694820763017e-106

AL interation 2438/4801.

mae: 0.02667041914668866
max_error: 0.13941214187746898
variance: 0.00047103393814007077
pearson: 0.07697387892118229
p-valu: 2.9564453489856107e-125

AL interation 2439/4801.

mae: 0.026642626557830784
max_error: 0.13949378592536466
variance: 0.0004724473890902178
pearson: 0.04105556051872439
p-valu: 7.311467112492033e-37

AL interation 2440/4801.

mae: 0.026652815352069745
max_error: 0.13971328673272598
variance: 0.0004730001057588638
pearson: 0.06793724352608457
p-valu: 6.119074399897844e-98

AL interation 2441/4801.

mae: 0.026642876205663878
max_error: 0.13941004036990723
variance: 0.0004734406245019928
pearson: 0.0745983638313799
p-valu: 9.703374344527229e-118

AL interation 2442/4801.

mae: 0.026555747329331907
max_error: 0.1391047714527618
variance: 0.0004744248055263892
pearson: 0.0830412957547825
p-valu: 1.622161632223256e-145

AL interation 2443/4801.

mae: 0.026564099941168585
max_error: 0.1391934033885578
variance: 0.0004748104626265792
pearson: 0.07734253518900425
p-valu: 1.9505088422524254e-126

AL interation 2444/4801.

mae: 0.02656275575152232
max_error: 0.13916761850435666
variance: 0.0004747741739612735
pearson: 0.07099761634366704
p-valu: 8.413411497181787e-107

AL interation 2445/4801.

mae: 0.026575052673727378
max_error: 0.13902035824815773
variance: 0.0004750598035982818
pearson: 0.06995320917603598
p-valu: 9.903187350092251e-104

AL interation 2446/4801.

mae: 0.026617624373981245
max_error: 0.14085233085409943
variance: 0.00047287349487402756
pearson: 0.08015541006294324
p-valu: 1.1178504886303348e-135

AL interation 2447/4801.

mae: 0.02656778520459417
max_error: 0.1395615061241502
variance: 0.00046913647248150123
pearson: 0.0533965614975632
p-valu: 3.667154920952194e-61

AL interation 2448/4801.

mae: 0.026647496825452414
max_error: 0.14088674016005331
variance: 0.0004695244035908209
pearson: 0.08428370969593132
p-valu: 7.551877594890071e-150

AL interation 2449/4801.

mae: 0.026645621010886182
max_error: 0.14097660064856843
variance: 0.0004693574570272137
pearson: 0.09565176359586555
p-valu: 1.3361153728429173e-192

AL interation 2450/4801.

mae: 0.0266664233875743
max_error: 0.14077867180406844
variance: 0.0004700291504665766
pearson: 0.06842216288764394
p-valu: 2.6195772948037476e-99

AL interation 2451/4801.

mae: 0.026654119594087505
max_error: 0.14000499926572463
variance: 0.00047184377966869766
pearson: 0.08026584997789372
p-valu: 4.848474196026677e-136

AL interation 2452/4801.

mae: 0.02666618270449595
max_error: 0.14102638536445244
variance: 0.00047219735246225534
pearson: 0.12911122770371317
p-valu: 0.0

AL interation 2453/4801.

mae: 0.02664041629499206
max_error: 0.14099558814944846
variance: 0.00046881089165550096
pearson: 0.08326034448854022
p-valu: 2.9244955663703585e-146

AL interation 2454/4801.

mae: 0.026627488515903873
max_error: 0.14050598294983008
variance: 0.00046847877711233
pearson: 0.04102825291967228
p-valu: 8.24716076537189e-37

AL interation 2455/4801.

mae: 0.026601649783069548
max_error: 0.14078040728548746
variance: 0.00046819464450519375
pearson: 0.06294959026085328
p-valu: 2.561901025559082e-84

AL interation 2456/4801.

mae: 0.026623717829691675
max_error: 0.14094204718042835
variance: 0.00047049174233256816
pearson: 0.06972022738514005
p-valu: 4.852594120188732e-103

AL interation 2457/4801.

mae: 0.026623064425725384
max_error: 0.14088843855773536
variance: 0.00047052042123906375
pearson: 0.08830336646845527
p-valu: 2.5204439709941824e-164

AL interation 2458/4801.

mae: 0.02662569441959268
max_error: 0.14085369294428762
variance: 0.0004705666905339778
pearson: 0.07315196417709219
p-valu: 2.9149439197038565e-113

AL interation 2459/4801.

mae: 0.026616147382144725
max_error: 0.14064100655872114
variance: 0.0004702552928471691
pearson: 0.06665763422366855
p-valu: 2.487964408349147e-94

AL interation 2460/4801.

mae: 0.026613358337576897
max_error: 0.1406913417098936
variance: 0.00047029232665440505
pearson: 0.06628758307159907
p-valu: 2.6437813583858567e-93

AL interation 2461/4801.

mae: 0.026613290363815538
max_error: 0.14069088936360874
variance: 0.0004702904259274312
pearson: 0.057559765628489586
p-valu: 8.872725958318805e-71

AL interation 2462/4801.

mae: 0.026604828740965418
max_error: 0.14060485988505622
variance: 0.0004698342250554454
pearson: 0.0728134268921207
p-valu: 3.1605720562870076e-112

AL interation 2463/4801.

mae: 0.026603532468209633
max_error: 0.14060248875597114
variance: 0.0004697574228097147
pearson: 0.10080406397846293
p-valu: 9.38653316823342e-214

AL interation 2464/4801.

mae: 0.02660479149684522
max_error: 0.14064742611793424
variance: 0.0004697695274032908
pearson: 0.07598376070593313
p-valu: 4.6088576766067295e-122

AL interation 2465/4801.

mae: 0.026572654129273857
max_error: 0.1418942928025304
variance: 0.00046715676491201403
pearson: 0.06788799546155339
p-valu: 8.938921812600876e-98

AL interation 2466/4801.

mae: 0.026595481113378897
max_error: 0.1437483627118441
variance: 0.00047052879550270766
pearson: 0.07569286451609605
p-valu: 3.8586218834834665e-121

AL interation 2467/4801.

mae: 0.02646356058091721
max_error: 0.14233465519231192
variance: 0.00046740240891118254
pearson: 0.11937778114743942
p-valu: 1.5983149014604004e-299

AL interation 2468/4801.

mae: 0.026463221834010335
max_error: 0.14238660804715852
variance: 0.0004673706391444071
pearson: 0.07071867081263836
p-valu: 5.963681765007945e-106

AL interation 2469/4801.

mae: 0.026457310230241397
max_error: 0.14252305486791972
variance: 0.0004672927822967826
pearson: 0.07941621059746874
p-valu: 3.4834230218443644e-133

AL interation 2470/4801.

mae: 0.026458248358771207
max_error: 0.1424590328455766
variance: 0.00046737051293531656
pearson: 0.05606529732935038
p-valu: 3.107295725557089e-67

AL interation 2471/4801.

mae: 0.026461346148825653
max_error: 0.14319962278153486
variance: 0.00046778791843295984
pearson: 0.06558224683972626
p-valu: 2.350497947973021e-91

AL interation 2472/4801.

mae: 0.026463780849357636
max_error: 0.1432354105613145
variance: 0.0004672822370576876
pearson: 0.07105465158441358
p-valu: 6.121446305646988e-107

AL interation 2473/4801.

mae: 0.026400495881823662
max_error: 0.1421584933136133
variance: 0.0004682273014562476
pearson: 0.06634318669504563
p-valu: 1.909833513219665e-93

AL interation 2474/4801.

mae: 0.026406410501166606
max_error: 0.142053293303829
variance: 0.0004679691202195302
pearson: 0.09485768216729937
p-valu: 2.1851446650759437e-189

AL interation 2475/4801.

mae: 0.026410389342652607
max_error: 0.14212181265741908
variance: 0.0004684771538680011
pearson: 0.06609157408327702
p-valu: 9.491557101419824e-93

AL interation 2476/4801.

mae: 0.026472128920851788
max_error: 0.14212225981594617
variance: 0.00046818079372179896
pearson: 0.08778094699736116
p-valu: 2.26648109086009e-162

AL interation 2477/4801.

mae: 0.02650137390139708
max_error: 0.14139042792106427
variance: 0.00047013339053072854
pearson: 0.051654130836875006
p-valu: 2.4919816187587952e-57

AL interation 2478/4801.

mae: 0.026477804865920974
max_error: 0.1411738403325531
variance: 0.0004691729958989869
pearson: 0.0793371065562003
p-valu: 6.552439726689403e-133

AL interation 2479/4801.

mae: 0.02648506269201837
max_error: 0.14108235348561227
variance: 0.0004666940297290927
pearson: 0.07854138719539588
p-valu: 2.746024445240217e-130

AL interation 2480/4801.

mae: 0.026558014151649142
max_error: 0.1416437201236791
variance: 0.0004703123835464153
pearson: 0.05552344076941427
p-valu: 5.739162230355442e-66

AL interation 2481/4801.

mae: 0.02655734735750339
max_error: 0.14160493735238067
variance: 0.00047025058869140017
pearson: 0.06851027001197167
p-valu: 1.5792248509464595e-99

AL interation 2482/4801.

mae: 0.026563242633295035
max_error: 0.1417792660517394
variance: 0.0004703856051013601
pearson: 0.0671135540365408
p-valu: 1.4034364139789833e-95

AL interation 2483/4801.

mae: 0.026564972325781925
max_error: 0.14176818949584646
variance: 0.0004703821747601284
pearson: 0.0301397700615302
p-valu: 1.3127196775109378e-20

AL interation 2484/4801.

mae: 0.026563162647270957
max_error: 0.142192229742645
variance: 0.00047046188433768753
pearson: 0.05841033131264867
p-valu: 8.126273218870271e-73

AL interation 2485/4801.

mae: 0.02655168558853893
max_error: 0.14245384001281725
variance: 0.0004696634631089825
pearson: 0.08344649659036671
p-valu: 7.357259650685735e-147

AL interation 2486/4801.

mae: 0.02654288291703245
max_error: 0.142360121826127
variance: 0.000469006681772134
pearson: 0.07142731639405864
p-valu: 4.959626951992863e-108

AL interation 2487/4801.

mae: 0.02651164059843348
max_error: 0.14254086302520097
variance: 0.0004684110411411316
pearson: 0.060575603588404164
p-valu: 3.5097352170545684e-78

AL interation 2488/4801.

mae: 0.02667918804287257
max_error: 0.1430004500993478
variance: 0.0004709029816196606
pearson: 0.07181748615890833
p-valu: 3.4091198044658575e-109

AL interation 2489/4801.

mae: 0.026608553764875077
max_error: 0.14437853347720608
variance: 0.0004695795401093921
pearson: 0.10892975075962247
p-valu: 2.152343965234151e-249

AL interation 2490/4801.

mae: 0.02664642394386862
max_error: 0.14372175855117764
variance: 0.00046997516520421535
pearson: 0.06977223319544139
p-valu: 3.722492827991687e-103

AL interation 2491/4801.

mae: 0.026620316685388876
max_error: 0.14364997428259318
variance: 0.000470405090938305
pearson: 0.07984759162713506
p-valu: 1.3772129592292732e-134

AL interation 2492/4801.

mae: 0.026608304921744323
max_error: 0.14405159260917078
variance: 0.0004704635664611797
pearson: 0.056909172972185444
p-valu: 3.324159486222779e-69

AL interation 2493/4801.

mae: 0.026629689617590855
max_error: 0.1441491823183556
variance: 0.00047101461634694534
pearson: 0.05602368672329484
p-valu: 4.0300194568217817e-67

AL interation 2494/4801.

mae: 0.026626565043132707
max_error: 0.1446199981377818
variance: 0.000471545677074669
pearson: 0.05766344933602876
p-valu: 5.285354223569374e-71

AL interation 2495/4801.

mae: 0.026598045027039257
max_error: 0.14400357415928244
variance: 0.0004708010551965361
pearson: 0.06498509356400362
p-valu: 1.0425165076056042e-89

AL interation 2496/4801.

mae: 0.026706794612607047
max_error: 0.1439956961289086
variance: 0.00047458863413617615
pearson: 0.05352441914515634
p-valu: 2.0420678204189863e-61

AL interation 2497/4801.

mae: 0.026696651928911453
max_error: 0.14416980561821635
variance: 0.0004742519487751599
pearson: 0.10272428608148666
p-valu: 7.3690455153904e-222

AL interation 2498/4801.

mae: 0.026676967240094666
max_error: 0.1451194550713213
variance: 0.00047380449041842964
pearson: 0.10231424659882496
p-valu: 4.263509677922773e-220

AL interation 2499/4801.

mae: 0.026571296504335592
max_error: 0.14522556375726214
variance: 0.0004697961262319875
pearson: 0.08397081795344044
p-valu: 1.1374659834586614e-148

AL interation 2500/4801.

mae: 0.02654729593992821
max_error: 0.1455888280865425
variance: 0.00046924636830230227
pearson: 0.04804088634334118
p-valu: 8.205429431827524e-50

AL interation 2501/4801.

mae: 0.026539505983758014
max_error: 0.14568152119084932
variance: 0.00046882132593573236
pearson: 0.0836229668378652
p-valu: 1.8868031752683966e-147

AL interation 2502/4801.

mae: 0.026540336988128726
max_error: 0.1452176696943157
variance: 0.00046883914486101156
pearson: 0.07315683470021146
p-valu: 3.170598089717438e-113

AL interation 2503/4801.

mae: 0.02653865623392801
max_error: 0.14520592769571028
variance: 0.0004687684296852759
pearson: 0.05512468156812419
p-valu: 4.9345925604152e-65

AL interation 2504/4801.

mae: 0.026574075285782563
max_error: 0.14575672807717144
variance: 0.00046738566953281744
pearson: 0.09556744660759098
p-valu: 3.739672171348925e-192

AL interation 2505/4801.

mae: 0.026571634278145035
max_error: 0.1458541431015279
variance: 0.00046719910324434386
pearson: 0.0542303888415671
p-valu: 5.386957840910423e-63

AL interation 2506/4801.

mae: 0.026567398124373705
max_error: 0.14588025621327194
variance: 0.0004674528274649489
pearson: 0.08132006124718819
p-valu: 1.6190260089849444e-139

AL interation 2507/4801.

mae: 0.026569500082984383
max_error: 0.14581873110131216
variance: 0.00046746726916385906
pearson: 0.05986536980447108
p-valu: 2.202192075600961e-76

AL interation 2508/4801.

mae: 0.026566518614031927
max_error: 0.14583273130795948
variance: 0.00046742403960116325
pearson: 0.05768841081371762
p-valu: 4.712658527847128e-71

AL interation 2509/4801.

mae: 0.026674670031187824
max_error: 0.14562001454163198
variance: 0.00047073770900678106
pearson: 0.06803782126473253
p-valu: 3.7258150448866744e-98

AL interation 2510/4801.

mae: 0.026597241578243114
max_error: 0.148609936571515
variance: 0.00046574472490634337
pearson: 0.06447416764716062
p-valu: 2.5685816413471813e-88

AL interation 2511/4801.

mae: 0.02659310212876342
max_error: 0.14859848863073655
variance: 0.000465509351346239
pearson: 0.06606392651057716
p-valu: 1.2239240774761093e-92

AL interation 2512/4801.

mae: 0.026574289069167478
max_error: 0.14862703079182626
variance: 0.0004650789637534038
pearson: 0.046606045564275576
p-valu: 5.615958634974878e-47

AL interation 2513/4801.

mae: 0.02649054272143376
max_error: 0.14657518639745337
variance: 0.0004665330955025123
pearson: 0.06539593985391581
p-valu: 8.296063318553693e-91

AL interation 2514/4801.

mae: 0.02648894767925291
max_error: 0.1469025993296187
variance: 0.0004672270051767226
pearson: 0.0792710525546157
p-valu: 1.214360640869505e-132

AL interation 2515/4801.

mae: 0.026463662798943587
max_error: 0.1478153704242091
variance: 0.0004667671330806041
pearson: 0.073267917000631
p-valu: 1.504233414959396e-113

AL interation 2516/4801.

mae: 0.026514674684505257
max_error: 0.14687041205564544
variance: 0.0004688791875136439
pearson: 0.0604265679242328
p-valu: 8.791123108676103e-78

AL interation 2517/4801.

mae: 0.026510101844065152
max_error: 0.1468260854011847
variance: 0.0004688597345015897
pearson: 0.07490144735152601
p-valu: 1.3635943279630938e-118

AL interation 2518/4801.

mae: 0.02651343284008315
max_error: 0.14681576414608077
variance: 0.00046869413744144323
pearson: 0.06303761480083528
p-valu: 1.7063028185561854e-84

AL interation 2519/4801.

mae: 0.026525709504118644
max_error: 0.14756284906564776
variance: 0.00046860680856695964
pearson: 0.08031030803990886
p-valu: 4.2884467184656786e-136

AL interation 2520/4801.

mae: 0.026513411285383683
max_error: 0.14741653992808512
variance: 0.00046760346921388804
pearson: 0.07675433087084658
p-valu: 1.9073804962293527e-124

AL interation 2521/4801.

mae: 0.02651392084570319
max_error: 0.14739331572257885
variance: 0.0004675961617240892
pearson: 0.04403964559213806
p-valu: 3.989697664842493e-42

AL interation 2522/4801.

mae: 0.026514189937025003
max_error: 0.1466816977003278
variance: 0.00046759449752534617
pearson: 0.08683346687994924
p-valu: 7.701346686501987e-159

AL interation 2523/4801.

mae: 0.02651379077590878
max_error: 0.14670670293474775
variance: 0.00046765286832058404
pearson: 0.10012586970591264
p-valu: 9.049447581085259e-211

AL interation 2524/4801.

mae: 0.02651008728209596
max_error: 0.14700006478363736
variance: 0.0004671725370742141
pearson: 0.04830499661630961
p-valu: 2.489859489520825e-50

AL interation 2525/4801.

mae: 0.026526209416352052
max_error: 0.14676371110129782
variance: 0.00046697759869299165
pearson: 0.08062621104197155
p-valu: 3.805320870273091e-137

AL interation 2526/4801.

mae: 0.02651850197376424
max_error: 0.1468547330982206
variance: 0.00046702443942584144
pearson: 0.06163890747398562
p-valu: 7.421063037929644e-81

AL interation 2527/4801.

mae: 0.026530559258761785
max_error: 0.14645595591121907
variance: 0.00046660441906574756
pearson: 0.057727181860222986
p-valu: 3.925450429781207e-71

AL interation 2528/4801.

mae: 0.026529768824581055
max_error: 0.14649174898243889
variance: 0.0004665805720916583
pearson: 0.04837027050769663
p-valu: 1.8483295235154066e-50

AL interation 2529/4801.

mae: 0.026528930324654802
max_error: 0.14700650230173284
variance: 0.00046587717963424917
pearson: 0.08138700633769275
p-valu: 1.035737257682754e-139

AL interation 2530/4801.

mae: 0.026506395078164633
max_error: 0.14811335958023353
variance: 0.00046550221987006916
pearson: 0.06768816146682868
p-valu: 3.8103769306820974e-97

AL interation 2531/4801.

mae: 0.027438552655457322
max_error: 0.156296912112734
variance: 0.0005063920676513272
pearson: 0.08804139021844558
p-valu: 3.103899476691278e-163

AL interation 2532/4801.

mae: 0.027338026793811178
max_error: 0.15568978831964575
variance: 0.0005046270146925531
pearson: 0.06176367453787198
p-valu: 3.587926258068581e-81

AL interation 2533/4801.

mae: 0.027380920910466303
max_error: 0.15564742914233154
variance: 0.000505949265876311
pearson: 0.0988715039547719
p-valu: 1.5823411316293763e-205

AL interation 2534/4801.

mae: 0.02738534063067854
max_error: 0.15580127725610016
variance: 0.0005064036804561786
pearson: 0.07827138814683353
p-valu: 2.4858999880244317e-129

AL interation 2535/4801.

mae: 0.027501598310501422
max_error: 0.15726845838565584
variance: 0.0005095484906518721
pearson: 0.13376699250322124
p-valu: 0.0

AL interation 2536/4801.

mae: 0.027492090167833945
max_error: 0.15636076162939805
variance: 0.0005100100885388245
pearson: 0.114147403387268
p-valu: 1.132318462142518e-273

AL interation 2537/4801.

mae: 0.02749871963141298
max_error: 0.15628634539046704
variance: 0.0005104090712447955
pearson: 0.04737800736742668
p-valu: 1.7787164117245958e-48

AL interation 2538/4801.

mae: 0.027493800351303797
max_error: 0.1561390411201815
variance: 0.0005097460521114873
pearson: 0.07587648745182236
p-valu: 1.2483806224866432e-121

AL interation 2539/4801.

mae: 0.027489755625612657
max_error: 0.15616802549214714
variance: 0.0005097279704497207
pearson: 0.07945294271694338
p-valu: 3.2859332007746227e-133

AL interation 2540/4801.

mae: 0.027561610381763524
max_error: 0.15479572548377707
variance: 0.0005103648070932227
pearson: 0.06525545836261587
p-valu: 2.119689204429528e-90

AL interation 2541/4801.

mae: 0.027504504336038033
max_error: 0.15518807450956462
variance: 0.0005088883296874194
pearson: 0.10349486957076494
p-valu: 4.3985097381089556e-225

AL interation 2542/4801.

mae: 0.027386805591308128
max_error: 0.1581489485174048
variance: 0.0005029932406239296
pearson: 0.06691337032784517
p-valu: 5.819805322667434e-95

AL interation 2543/4801.

mae: 0.027430361474581187
max_error: 0.15904703064864822
variance: 0.000504770407152287
pearson: 0.06995363081761133
p-valu: 1.2564896796181482e-103

AL interation 2544/4801.

mae: 0.027409090125403858
max_error: 0.15931117635721836
variance: 0.0005041837445377382
pearson: 0.14639462660390695
p-valu: 0.0

AL interation 2545/4801.

mae: 0.02746080773367923
max_error: 0.1599294442470951
variance: 0.0005067251320565378
pearson: 0.09736861790298902
p-valu: 2.4609734865789984e-199

AL interation 2546/4801.

mae: 0.027462095013916193
max_error: 0.15995380894622446
variance: 0.0005066493680131006
pearson: 0.12118346740903314
p-valu: 2.1237908222765284e-308

AL interation 2547/4801.

mae: 0.027464543730664613
max_error: 0.15994637983697846
variance: 0.000506715328018609
pearson: 0.07482617076513169
p-valu: 2.5484485842886003e-118

AL interation 2548/4801.

mae: 0.027464168313295765
max_error: 0.1597045158973147
variance: 0.0005068802857052815
pearson: 0.09721158039843454
p-valu: 1.0865864537612483e-198

AL interation 2549/4801.

mae: 0.027457893869356504
max_error: 0.16013587849869015
variance: 0.0005067359922573642
pearson: 0.07413583174087185
p-valu: 3.5605865515513557e-116

AL interation 2550/4801.

mae: 0.02741720365801023
max_error: 0.1587459424094364
variance: 0.0005065119495001099
pearson: 0.08344682670166595
p-valu: 9.211760094784721e-147

AL interation 2551/4801.

mae: 0.02736543727751361
max_error: 0.1586194414625739
variance: 0.0005054598579136549
pearson: 0.048530309461565835
p-valu: 9.028389305298125e-51

AL interation 2552/4801.

mae: 0.02736370185429481
max_error: 0.15867094404660254
variance: 0.0005055978814416678
pearson: 0.08053178207828998
p-valu: 8.629757860874024e-137

AL interation 2553/4801.

mae: 0.027393171943249278
max_error: 0.15795814155120258
variance: 0.0005059305403485422
pearson: 0.09106068512726836
p-valu: 1.7375727443822117e-174

AL interation 2554/4801.

mae: 0.027387757911128505
max_error: 0.15810583564183123
variance: 0.0005049694967141166
pearson: 0.03848302097741302
p-valu: 1.4883586821117796e-32

AL interation 2555/4801.

mae: 0.02733906841203114
max_error: 0.15726225627025503
variance: 0.0005047768510253395
pearson: 0.068301565100373
p-valu: 7.393314258332491e-99

AL interation 2556/4801.

mae: 0.027299198947038514
max_error: 0.15704599576696143
variance: 0.0005041727150380353
pearson: 0.09582247363540518
p-valu: 4.535361340908841e-193

AL interation 2557/4801.

mae: 0.027283378928660763
max_error: 0.15868184965387133
variance: 0.0005025053762784027
pearson: 0.08663636222535477
p-valu: 4.5461406532979415e-158

AL interation 2558/4801.

mae: 0.027274154771882206
max_error: 0.15865180319945882
variance: 0.0005022619220067931
pearson: 0.06380530415827962
p-valu: 1.7359036727322193e-86

AL interation 2559/4801.

mae: 0.02728237501219295
max_error: 0.15895915969252616
variance: 0.0005025104001474447
pearson: 0.08019580465300215
p-valu: 1.1796661460837873e-135

AL interation 2560/4801.

mae: 0.02728749692269817
max_error: 0.1600276435632937
variance: 0.000500865573766916
pearson: 0.05653125595854038
p-valu: 2.8978405430215436e-68

AL interation 2561/4801.

mae: 0.027289911902797868
max_error: 0.1597556958362789
variance: 0.0005011755395563844
pearson: 0.07588691870098885
p-valu: 1.2366542866202991e-121

AL interation 2562/4801.

mae: 0.02729036910157997
max_error: 0.15976568259196444
variance: 0.000501123276482722
pearson: 0.06616506140888241
p-valu: 7.209059512582369e-93

AL interation 2563/4801.

mae: 0.027272267517316658
max_error: 0.15995300537855162
variance: 0.0004996528064652958
pearson: 0.131968434712589
p-valu: 0.0

AL interation 2564/4801.

mae: 0.027273455991696303
max_error: 0.1600409095457822
variance: 0.0004996554618194131
pearson: 0.07572422801622315
p-valu: 4.07358244178913e-121

AL interation 2565/4801.

mae: 0.027282752389270717
max_error: 0.15989945413406037
variance: 0.0004995663551336625
pearson: 0.056812819314274524
p-valu: 6.328957927424229e-69

AL interation 2566/4801.

mae: 0.027355513859687933
max_error: 0.16035405275527825
variance: 0.0005009292024430516
pearson: 0.07231892390349653
p-valu: 1.3031112660951364e-110

AL interation 2567/4801.

mae: 0.027304924267127433
max_error: 0.15829007481755486
variance: 0.0005011390565151082
pearson: 0.05569304206251768
p-valu: 2.659443961619124e-66

AL interation 2568/4801.

mae: 0.027307822238642927
max_error: 0.15825305275705848
variance: 0.0005011349743024306
pearson: 0.08588310328508714
p-valu: 2.4370057006156525e-155

AL interation 2569/4801.

mae: 0.02728508097440874
max_error: 0.1567943050153504
variance: 0.00050198247798751
pearson: 0.07424498540615375
p-valu: 1.7301871178476382e-116

AL interation 2570/4801.

mae: 0.027262912810846345
max_error: 0.15650319575382543
variance: 0.0004995054569137166
pearson: 0.08129899536863727
p-valu: 2.360639627014813e-139

AL interation 2571/4801.

mae: 0.027522875715699193
max_error: 0.15943113610540838
variance: 0.0005043089115955184
pearson: 0.06267481866569229
p-valu: 1.6878332335496287e-83

AL interation 2572/4801.

mae: 0.02752874198465161
max_error: 0.15853343270776765
variance: 0.0005034802277011388
pearson: 0.050915596718610207
p-valu: 1.0680697169626967e-55

AL interation 2573/4801.

mae: 0.02749189480836078
max_error: 0.15928136540372595
variance: 0.0005003808739932572
pearson: 0.0630181412044001
p-valu: 2.1420480955031207e-84

AL interation 2574/4801.

mae: 0.027481984866929963
max_error: 0.15933677017477255
variance: 0.0005003289052700092
pearson: 0.0938417907017756
p-valu: 3.468275220924959e-185

AL interation 2575/4801.

mae: 0.027467310499895797
max_error: 0.15919223041731545
variance: 0.000499904556868628
pearson: 0.06448561951255778
p-valu: 2.740911129821386e-88

AL interation 2576/4801.

mae: 0.02741988028589087
max_error: 0.15926626109233855
variance: 0.0004987041280247235
pearson: 0.05028737251542637
p-valu: 2.2605003777185862e-54

AL interation 2577/4801.

mae: 0.02745524535682421
max_error: 0.16029261038368947
variance: 0.0004985081025738989
pearson: 0.05366982510703469
p-valu: 1.0872563442231111e-61

AL interation 2578/4801.

mae: 0.02738789067480478
max_error: 0.160192647926519
variance: 0.0004988748490444911
pearson: 0.05810690433886405
p-valu: 5.195382989630415e-72

AL interation 2579/4801.

mae: 0.02737957498225533
max_error: 0.15964900639249624
variance: 0.000498440975285857
pearson: 0.07496778996654102
p-valu: 1.007963709844118e-118

AL interation 2580/4801.

mae: 0.027409920316365095
max_error: 0.16020173374948588
variance: 0.0004994484983438337
pearson: 0.09774054714404855
p-valu: 8.85321711881485e-201

AL interation 2581/4801.

mae: 0.02741961593666097
max_error: 0.15992875852083177
variance: 0.0004992055804115962
pearson: 0.17749997251703234
p-valu: 0.0

AL interation 2582/4801.

mae: 0.027404954152763745
max_error: 0.1600917011396037
variance: 0.0004988450033323033
pearson: 0.07045262992777851
p-valu: 4.807680078780707e-105

AL interation 2583/4801.

mae: 0.027409334277913252
max_error: 0.1601101243790568
variance: 0.000499025587901464
pearson: 0.108524899889556
p-valu: 2.6325857111738617e-247

AL interation 2584/4801.

mae: 0.02737280394019428
max_error: 0.15969266641462543
variance: 0.000498253935755183
pearson: 0.07406758393188514
p-valu: 6.370358501453133e-116

AL interation 2585/4801.

mae: 0.027375610967449896
max_error: 0.16003974931794307
variance: 0.0004971030369551698
pearson: 0.0666221676587759
p-valu: 4.1339743095479313e-94

AL interation 2586/4801.

mae: 0.02736893010922707
max_error: 0.1601568408636327
variance: 0.0004969614393914684
pearson: 0.08595035808549399
p-valu: 1.4954945296028922e-155

AL interation 2587/4801.

mae: 0.027483795577757653
max_error: 0.16912382243520785
variance: 0.0005117877472733669
pearson: 0.06516845918549447
p-valu: 4.037402389453159e-90

AL interation 2588/4801.

mae: 0.02748761129740487
max_error: 0.1693652972184596
variance: 0.0005117617182177121
pearson: 0.06067545931416806
p-valu: 2.3668653374884027e-78

AL interation 2589/4801.

mae: 0.027479348342104318
max_error: 0.16916348938633252
variance: 0.0005111921470866994
pearson: 0.0920314935000192
p-valu: 3.93230864559945e-178

AL interation 2590/4801.

mae: 0.02744161591565594
max_error: 0.16924577549746989
variance: 0.0005104456382728302
pearson: 0.058074708462055716
p-valu: 6.342959961988011e-72

AL interation 2591/4801.

mae: 0.027425846340257545
max_error: 0.17046213880297234
variance: 0.0005105446295678069
pearson: 0.11254158530709663
p-valu: 6.92744630473776e-266

AL interation 2592/4801.

mae: 0.027366176170520524
max_error: 0.1715258340695387
variance: 0.0005078766043768049
pearson: 0.07845568668098352
p-valu: 7.432808918955864e-130

AL interation 2593/4801.

mae: 0.02737508157150168
max_error: 0.17084611156263652
variance: 0.000507715986741349
pearson: 0.08443620754408426
p-valu: 3.6841809551684516e-150

AL interation 2594/4801.

mae: 0.02737358060216652
max_error: 0.17073447158639699
variance: 0.00050769684386495
pearson: 0.13378725254768087
p-valu: 0.0

AL interation 2595/4801.

mae: 0.027339354848651444
max_error: 0.17121650206302963
variance: 0.0005066828233354114
pearson: 0.07790027155405052
p-valu: 4.837236262392355e-128

AL interation 2596/4801.

mae: 0.02732653401398968
max_error: 0.1713577370041408
variance: 0.0005069138260101488
pearson: 0.07041592710747542
p-valu: 6.378771515252252e-105

AL interation 2597/4801.

mae: 0.027393216377014536
max_error: 0.17211818829985948
variance: 0.0005079966575041585
pearson: 0.05882154079294913
p-valu: 9.794455825549015e-74

AL interation 2598/4801.

mae: 0.027394770622165138
max_error: 0.17208001564125386
variance: 0.0005080044028560488
pearson: 0.09194891031526253
p-valu: 8.481078042666404e-178

AL interation 2599/4801.

mae: 0.027337463980540346
max_error: 0.17146239333254432
variance: 0.0005054131382067661
pearson: 0.06705928698184449
p-valu: 2.5923883339204315e-95

AL interation 2600/4801.

mae: 0.027331209805738995
max_error: 0.17143700247055182
variance: 0.0005053465066445812
pearson: 0.08859126176213981
p-valu: 3.8229944721507373e-165

AL interation 2601/4801.

mae: 0.02734392291335423
max_error: 0.1706886699116099
variance: 0.0005070393592773899
pearson: 0.10790260413163574
p-valu: 1.933422209712147e-244

AL interation 2602/4801.

mae: 0.027345686803223645
max_error: 0.170795624671368
variance: 0.0005073118549574841
pearson: 0.08741691229924005
p-valu: 7.900755891160685e-161

AL interation 2603/4801.

mae: 0.027172963593459026
max_error: 0.16941855203498069
variance: 0.0005038067343707605
pearson: 0.15154523063935804
p-valu: 0.0

AL interation 2604/4801.

mae: 0.02717128901850709
max_error: 0.17008151058820165
variance: 0.000505384524676399
pearson: 0.06113538961261988
p-valu: 1.6648005934592863e-79

AL interation 2605/4801.

mae: 0.027174181393854264
max_error: 0.16999584665557865
variance: 0.0005053857444591432
pearson: 0.061136111484237046
p-valu: 1.6608911056438056e-79

AL interation 2606/4801.

mae: 0.027135632167501422
max_error: 0.1700068123349725
variance: 0.0005034204959227181
pearson: 0.051202345654087086
p-valu: 2.74508617370995e-56

AL interation 2607/4801.

mae: 0.02712175030458582
max_error: 0.17046390448143445
variance: 0.0005036890019806631
pearson: 0.09128630557743253
p-valu: 3.01366591194206e-175

AL interation 2608/4801.

mae: 0.027060120976235447
max_error: 0.16431718129700545
variance: 0.0004944758962120573
pearson: 0.07114321131508565
p-valu: 4.7258389580723374e-107

AL interation 2609/4801.

mae: 0.02708477620517674
max_error: 0.16571271543892596
variance: 0.0004944266673452399
pearson: 0.04839489670352644
p-valu: 1.813730352669809e-50

AL interation 2610/4801.

mae: 0.027067406167067085
max_error: 0.16596805586544594
variance: 0.0004940045900290418
pearson: 0.09541706949051862
p-valu: 2.4212501204180246e-191

AL interation 2611/4801.

mae: 0.027064458418907634
max_error: 0.16600684147800582
variance: 0.0004939289613943277
pearson: 0.07561624693469461
p-valu: 1.021215688444659e-120

AL interation 2612/4801.

mae: 0.027056240791706834
max_error: 0.16616894745260158
variance: 0.0004938512115149077
pearson: 0.07591678648350363
p-valu: 1.153176029654762e-121

AL interation 2613/4801.

mae: 0.027047694793127436
max_error: 0.16623239171479742
variance: 0.0004940661621742276
pearson: 0.08646723373778359
p-valu: 2.290482798253134e-157

AL interation 2614/4801.

mae: 0.027146916044287806
max_error: 0.16839254529935221
variance: 0.0005000081675824336
pearson: 0.11440895235439034
p-valu: 1.0553143634524078e-274

AL interation 2615/4801.

mae: 0.02714432159571261
max_error: 0.1684980908498206
variance: 0.0004999031861853223
pearson: 0.054118275409792985
p-valu: 1.1340844697936354e-62

AL interation 2616/4801.

mae: 0.02708360456596957
max_error: 0.1668860793610607
variance: 0.0004984234904508466
pearson: 0.11950795546707899
p-valu: 1.0373170936246694e-299

AL interation 2617/4801.

mae: 0.027071416058059662
max_error: 0.1669103316702918
variance: 0.0004984131577368654
pearson: 0.0887051277822169
p-valu: 1.550299443704765e-165

AL interation 2618/4801.

mae: 0.02708383540351427
max_error: 0.16729277419602528
variance: 0.0004976412353751132
pearson: 0.10408513889146385
p-valu: 1.82422704926808e-227

AL interation 2619/4801.

mae: 0.027054747701820866
max_error: 0.1679060949294895
variance: 0.0004959474231446424
pearson: 0.04081297891051449
p-valu: 2.208202600772336e-36

AL interation 2620/4801.

mae: 0.02703838947525749
max_error: 0.16877318722384604
variance: 0.0004940177893004114
pearson: 0.08995661221034391
p-valu: 3.397802344008643e-170

AL interation 2621/4801.

mae: 0.027026732408718876
max_error: 0.1685881369571094
variance: 0.0004940641559979687
pearson: 0.08651606743068571
p-valu: 1.5733868253348603e-157

AL interation 2622/4801.

mae: 0.026996765875927985
max_error: 0.16808267605068483
variance: 0.0004930235738620603
pearson: 0.09982988834778625
p-valu: 2.571791219610838e-209

AL interation 2623/4801.

mae: 0.026967305995551555
max_error: 0.16822181064838748
variance: 0.0004926846280976412
pearson: 0.10074281335801775
p-valu: 3.852411740114012e-213

AL interation 2624/4801.

mae: 0.026952945513051923
max_error: 0.1680669066658398
variance: 0.0004928013691673943
pearson: 0.1041684385741283
p-valu: 8.175083085535824e-228

AL interation 2625/4801.

mae: 0.026849652866791616
max_error: 0.15931320632756485
variance: 0.0004964897947931937
pearson: 0.06139491236316005
p-valu: 3.775684715766562e-80

AL interation 2626/4801.

mae: 0.026848538560634478
max_error: 0.15930470369260963
variance: 0.0004972642543402855
pearson: 0.06168862437171521
p-valu: 6.6958423327800645e-81

AL interation 2627/4801.

mae: 0.027100625630519758
max_error: 0.17353742940525496
variance: 0.0004995528846042509
pearson: 0.07533836172621954
p-valu: 7.989877099112551e-120

AL interation 2628/4801.

mae: 0.02710272340106441
max_error: 0.1736920153466004
variance: 0.0005001117383474072
pearson: 0.0703266146352316
p-valu: 1.2617211533551104e-104

AL interation 2629/4801.

mae: 0.027063364815433488
max_error: 0.1730446616724608
variance: 0.0004993212011088885
pearson: 0.04989350499103688
p-valu: 1.6007724212030552e-53

AL interation 2630/4801.

mae: 0.027052878793617594
max_error: 0.1729834013325986
variance: 0.0004993174804026331
pearson: 0.07113949225378044
p-valu: 5.126053680919386e-107

AL interation 2631/4801.

mae: 0.026988148596644564
max_error: 0.17248428126498272
variance: 0.0004991658193369219
pearson: 0.12782269221877385
p-valu: 0.0

AL interation 2632/4801.

mae: 0.027000923132376904
max_error: 0.17308102899135935
variance: 0.000500006341182941
pearson: 0.056066855176801156
p-valu: 3.9798396639764475e-67

AL interation 2633/4801.

mae: 0.026922125341255175
max_error: 0.17250554626428727
variance: 0.0004964231384158349
pearson: 0.10080450478257619
p-valu: 2.228764544820705e-213

AL interation 2634/4801.

mae: 0.02685500813778653
max_error: 0.1730366911974075
variance: 0.0004931057404092566
pearson: 0.03858559518318262
p-valu: 1.0811631112119021e-32

AL interation 2635/4801.

mae: 0.026855970062120278
max_error: 0.17302022420284136
variance: 0.0004928781844488372
pearson: 0.05608931200785873
p-valu: 3.544374766296023e-67

AL interation 2636/4801.

mae: 0.02685212722889025
max_error: 0.17437875817580295
variance: 0.0004928161575015732
pearson: 0.07106354073513335
p-valu: 8.733479397472249e-107

AL interation 2637/4801.

mae: 0.026850006063588873
max_error: 0.17430595994977427
variance: 0.00049283299304308
pearson: 0.0804230157351562
p-valu: 2.636218789920605e-136

AL interation 2638/4801.

mae: 0.026860958987989462
max_error: 0.1744226555087467
variance: 0.0004929542053870049
pearson: 0.14915775033388187
p-valu: 0.0

AL interation 2639/4801.

mae: 0.026837620636310688
max_error: 0.17421395086369973
variance: 0.0004925969410455405
pearson: 0.13161739522282845
p-valu: 0.0

AL interation 2640/4801.

mae: 0.026839516383343334
max_error: 0.174418401716534
variance: 0.0004927260850467319
pearson: 0.06289652477781423
p-valu: 5.097894188974248e-84

AL interation 2641/4801.

mae: 0.02667286249094136
max_error: 0.16659107489016112
variance: 0.0004876395085020226
pearson: 0.08739634575400904
p-valu: 1.0906504076853583e-160

AL interation 2642/4801.

mae: 0.026677238459554903
max_error: 0.16664058735244414
variance: 0.0004878524927765828
pearson: 0.05557863393580868
p-valu: 5.499256691526197e-66

AL interation 2643/4801.

mae: 0.026661894528958046
max_error: 0.16648740991098254
variance: 0.0004873902355717351
pearson: 0.07473476090040186
p-valu: 6.428982056466683e-118

AL interation 2644/4801.

mae: 0.02665879842414089
max_error: 0.16656019465284277
variance: 0.00048732896175033967
pearson: 0.15058773919906432
p-valu: 0.0

AL interation 2645/4801.

mae: 0.026658937125601367
max_error: 0.16683637959198183
variance: 0.0004875597807818547
pearson: 0.06659745953571716
p-valu: 5.532694799315905e-94

AL interation 2646/4801.

mae: 0.02666485409483798
max_error: 0.1666169817994474
variance: 0.00048816607497740086
pearson: 0.11588785082608423
p-valu: 9.499447387789147e-282

AL interation 2647/4801.

mae: 0.026557124175434446
max_error: 0.1658152954127532
variance: 0.0004831883339688359
pearson: 0.05830939418728535
p-valu: 1.8889870492279939e-72

AL interation 2648/4801.

mae: 0.026539621394529568
max_error: 0.16575240002879088
variance: 0.0004835062660696282
pearson: 0.04653708640508089
p-valu: 8.863071086733722e-47

AL interation 2649/4801.

mae: 0.02654433419360006
max_error: 0.1656053875389576
variance: 0.00048345768782657154
pearson: 0.08736233299865223
p-valu: 1.4960582086747365e-160

AL interation 2650/4801.

mae: 0.02654582769719986
max_error: 0.16520573815199402
variance: 0.000483166035849453
pearson: 0.09075529595381558
p-valu: 3.747710895862123e-173

AL interation 2651/4801.

mae: 0.02655631312017039
max_error: 0.16476947225913552
variance: 0.00048231815772121367
pearson: 0.05885271238685198
p-valu: 9.025400438820564e-74

AL interation 2652/4801.

mae: 0.026664282592662666
max_error: 0.17141319932073618
variance: 0.0004891944854550857
pearson: 0.07771331066547812
p-valu: 2.3220066417304745e-127

AL interation 2653/4801.

mae: 0.026624901106544686
max_error: 0.17213730667884608
variance: 0.0004889080298850008
pearson: 0.08496357698164646
p-valu: 6.279654941375422e-152

AL interation 2654/4801.

mae: 0.02662175713416148
max_error: 0.1722726622332944
variance: 0.0004888872270016721
pearson: 0.10098832563492986
p-valu: 4.165327228532942e-214

AL interation 2655/4801.

mae: 0.026552081120717202
max_error: 0.17258137989977929
variance: 0.00048366932837162914
pearson: 0.07492866529494163
p-valu: 1.6546426190437727e-118

AL interation 2656/4801.

mae: 0.02648795838293372
max_error: 0.16781298398876476
variance: 0.00047633560065016213
pearson: 0.07300286498117363
p-valu: 1.4102090827375294e-112

AL interation 2657/4801.

mae: 0.02648336790741159
max_error: 0.16775230969272759
variance: 0.0004752084928606972
pearson: 0.08461756607161114
p-valu: 1.0642056348552445e-150

AL interation 2658/4801.

mae: 0.026481232806663608
max_error: 0.1677954353485207
variance: 0.0004751534741967487
pearson: 0.0680469592794807
p-valu: 4.9638037011634466e-98

AL interation 2659/4801.

mae: 0.026481016174028277
max_error: 0.16790824671028037
variance: 0.00047551581412429324
pearson: 0.06598894137446193
p-valu: 2.7202867124583887e-92

AL interation 2660/4801.

mae: 0.026479831414955524
max_error: 0.16773295045953507
variance: 0.0004761152347505797
pearson: 0.0535990092553302
p-valu: 1.7638604269435253e-61

AL interation 2661/4801.

mae: 0.026476245443242796
max_error: 0.16773032259828557
variance: 0.00047618196915727857
pearson: 0.0528391503470388
p-valu: 8.488479363817764e-60

AL interation 2662/4801.

mae: 0.0264698065239551
max_error: 0.1688165981572043
variance: 0.00047683176298495033
pearson: 0.07154878456669493
p-valu: 3.388246302574469e-108

AL interation 2663/4801.

mae: 0.026282517928965268
max_error: 0.1689330077692235
variance: 0.0004735882134795617
pearson: 0.13216859629202787
p-valu: 0.0

AL interation 2664/4801.

mae: 0.02638274739517878
max_error: 0.17295572444839724
variance: 0.00047797306080499865
pearson: 0.06198891117323363
p-valu: 1.216452020536418e-81

AL interation 2665/4801.

mae: 0.026352153966016523
max_error: 0.17185478537743126
variance: 0.00047756673032342236
pearson: 0.08376417291740454
p-valu: 1.0803315036132342e-147

AL interation 2666/4801.

mae: 0.026321837762707984
max_error: 0.17075754989258218
variance: 0.000475694564346074
pearson: 0.06198740903703471
p-valu: 1.2320942682239312e-81

AL interation 2667/4801.

mae: 0.026251505003897953
max_error: 0.16469387037198846
variance: 0.00047195379307674994
pearson: 0.10891326918306436
p-valu: 7.410017646300906e-249

AL interation 2668/4801.

mae: 0.02626069699482486
max_error: 0.1660945900034081
variance: 0.0004733821808980268
pearson: 0.05232307408114754
p-valu: 1.152225465300637e-58

AL interation 2669/4801.

mae: 0.026158949931237317
max_error: 0.153167191553651
variance: 0.00046988113402085334
pearson: 0.04739227278578206
p-valu: 1.9350764429945546e-48

AL interation 2670/4801.

mae: 0.02624839421519775
max_error: 0.15547767127012158
variance: 0.00047030440960223516
pearson: 0.08158100442178032
p-valu: 3.635650591306445e-140

AL interation 2671/4801.

mae: 0.02625347219645376
max_error: 0.15537012120242544
variance: 0.00047002844432843683
pearson: 0.06195457940910633
p-valu: 1.5116073486703835e-81

AL interation 2672/4801.

mae: 0.026257120788476078
max_error: 0.15595168958592076
variance: 0.00046971276453937344
pearson: 0.05393181765706632
p-valu: 3.235518252490943e-62

AL interation 2673/4801.

mae: 0.02626996898852952
max_error: 0.15242013190712278
variance: 0.0004767090992468534
pearson: 0.09175376180034833
p-valu: 6.52571478278023e-177

AL interation 2674/4801.

mae: 0.026258659465412226
max_error: 0.15086347947311385
variance: 0.00047573904913612397
pearson: 0.07262607893050692
p-valu: 2.050692452227828e-111

AL interation 2675/4801.

mae: 0.02634264710466982
max_error: 0.1537974688826882
variance: 0.00047957889487595197
pearson: 0.05229328161844698
p-valu: 1.350584600211965e-58

AL interation 2676/4801.

mae: 0.02627129773324745
max_error: 0.15081916246438887
variance: 0.00047487177635719254
pearson: 0.038547834287329545
p-valu: 1.283054792323297e-32

AL interation 2677/4801.

mae: 0.026303942505191913
max_error: 0.1527653239618605
variance: 0.00047516980399563456
pearson: 0.10160406294051663
p-valu: 1.1612827753738186e-216

AL interation 2678/4801.

mae: 0.026304119378045387
max_error: 0.1528089093071987
variance: 0.0004751697790552709
pearson: 0.08369349884957077
p-valu: 1.9952864802351456e-147

AL interation 2679/4801.

mae: 0.026332989972913234
max_error: 0.15258113992880062
variance: 0.00047533004649777654
pearson: 0.05717795398085468
p-valu: 1.0383876434346245e-69

AL interation 2680/4801.

mae: 0.0263152210013319
max_error: 0.15307780301830753
variance: 0.00047600048352771247
pearson: 0.08553000127319234
p-valu: 6.735108508607215e-154

AL interation 2681/4801.

mae: 0.02628559611840467
max_error: 0.14982889577098213
variance: 0.00047345432000673037
pearson: 0.10422931127539067
p-valu: 6.060639913205683e-228

AL interation 2682/4801.

mae: 0.02630554122255964
max_error: 0.15089984339195617
variance: 0.00047290215971858756
pearson: 0.060071633866096694
p-valu: 9.234205339967982e-77

AL interation 2683/4801.

mae: 0.026305545696928133
max_error: 0.1512498898200949
variance: 0.00047289031416263005
pearson: 0.06592534728812968
p-valu: 4.2840231417261e-92

AL interation 2684/4801.

mae: 0.026299595940599836
max_error: 0.15147383708520756
variance: 0.00047337245587786167
pearson: 0.11207056548154941
p-valu: 2.0560166243371738e-263

AL interation 2685/4801.

mae: 0.026272508362817283
max_error: 0.1516138375909879
variance: 0.00047241925460067444
pearson: 0.058313886724356785
p-valu: 1.9657443183440875e-72

AL interation 2686/4801.

mae: 0.026501030479795077
max_error: 0.15503778097721188
variance: 0.0004851417251159878
pearson: 0.08410408870760011
p-valu: 7.535260734435529e-149

AL interation 2687/4801.

mae: 0.02615164619417274
max_error: 0.15417867352428694
variance: 0.00046740271194043045
pearson: 0.07461096545637479
p-valu: 1.7638258743195635e-117

AL interation 2688/4801.

mae: 0.02628084223084835
max_error: 0.15285467605738923
variance: 0.0004740144799104609
pearson: 0.07296408984158104
p-valu: 2.0148219747123916e-112

AL interation 2689/4801.

mae: 0.026285843832167678
max_error: 0.15287339378395082
variance: 0.00047392055164126746
pearson: 0.0575429940610283
p-valu: 1.4223446116064087e-70

AL interation 2690/4801.

mae: 0.02628769977664921
max_error: 0.15289824987761058
variance: 0.0004740240074172367
pearson: 0.08240683482605839
p-valu: 5.881071880478252e-143

AL interation 2691/4801.

mae: 0.026254252933461047
max_error: 0.155910295235147
variance: 0.00046750516969867076
pearson: 0.06105971023010437
p-valu: 3.051657896821159e-79

AL interation 2692/4801.

mae: 0.02621386502695919
max_error: 0.15624989783012389
variance: 0.00046472857504453567
pearson: 0.07618803360589686
p-valu: 2.0133824018206705e-122

AL interation 2693/4801.

mae: 0.026240734918400226
max_error: 0.15597023510147956
variance: 0.00046488520293910357
pearson: 0.04038889131951637
p-valu: 1.224131624523352e-35

AL interation 2694/4801.

mae: 0.026255980846457347
max_error: 0.15597088584493868
variance: 0.0004641591151764237
pearson: 0.10085506383275157
p-valu: 1.8644632577444278e-213

AL interation 2695/4801.

mae: 0.026302210793811925
max_error: 0.15357363874230323
variance: 0.00045978618439850347
pearson: 0.08298636781224576
p-valu: 6.0360446953981726e-145

AL interation 2696/4801.

mae: 0.026440920115450583
max_error: 0.15396849945594404
variance: 0.00046655123563891056
pearson: 0.07043048750637519
p-valu: 7.417388669881127e-105

AL interation 2697/4801.

mae: 0.02643409939621847
max_error: 0.15393950286036961
variance: 0.0004669491320696858
pearson: 0.10522371055845485
p-valu: 2.934404342164829e-232

AL interation 2698/4801.

mae: 0.02642212697137337
max_error: 0.15167258227214298
variance: 0.00046874256194058653
pearson: 0.06356071368470967
p-valu: 1.0267410672029019e-85

AL interation 2699/4801.

mae: 0.02641605841751895
max_error: 0.1523519324064484
variance: 0.00046784017489753473
pearson: 0.05729485181490622
p-valu: 5.655877057572794e-70

AL interation 2700/4801.

mae: 0.026412124943238895
max_error: 0.15272430468306375
variance: 0.0004682243449519601
pearson: 0.07972266012989411
p-valu: 6.994208799110927e-134

AL interation 2701/4801.

mae: 0.02641783895668942
max_error: 0.15328402693651988
variance: 0.00046721210117857935
pearson: 0.06461727951663078
p-valu: 1.580669347844178e-88

AL interation 2702/4801.

mae: 0.026386170897753546
max_error: 0.15391831022228253
variance: 0.0004667610520946812
pearson: 0.06131550462154418
p-valu: 6.9638384208073e-80

AL interation 2703/4801.

mae: 0.02639116226013232
max_error: 0.153688270543201
variance: 0.00046723495397806106
pearson: 0.09089887193690689
p-valu: 1.3345685360096847e-173

AL interation 2704/4801.

mae: 0.026306807761320498
max_error: 0.15212045099272764
variance: 0.0004624691927221571
pearson: 0.08900191364199188
p-valu: 1.7404902712712763e-166

AL interation 2705/4801.

mae: 0.026305626678930005
max_error: 0.15209085886184148
variance: 0.0004625521631441476
pearson: 0.06350726209494917
p-valu: 1.441487903566715e-85

AL interation 2706/4801.

mae: 0.026382653773790347
max_error: 0.15028410000107506
variance: 0.0004663461778032496
pearson: 0.0493860877105642
p-valu: 1.9650186286070764e-52

AL interation 2707/4801.

mae: 0.026374307709129033
max_error: 0.1499536716246741
variance: 0.0004660231664182512
pearson: 0.0832526289858788
p-valu: 7.534705203880437e-146

AL interation 2708/4801.

mae: 0.026368562681264446
max_error: 0.14985021746091043
variance: 0.00046587386384920284
pearson: 0.12004700319576131
p-valu: 3.947857777366543e-302

AL interation 2709/4801.

mae: 0.026373171126946916
max_error: 0.1499470059580137
variance: 0.0004667791486571175
pearson: 0.05831025927701851
p-valu: 2.0898997219963165e-72

AL interation 2710/4801.

mae: 0.026415233860781016
max_error: 0.1516301726906324
variance: 0.00046667258200492945
pearson: 0.08755972847773162
p-valu: 3.60697440446597e-161

AL interation 2711/4801.

mae: 0.026426050725907268
max_error: 0.1537584031384842
variance: 0.00046633958153665566
pearson: 0.04546896287425452
p-valu: 1.0491137215696184e-44

AL interation 2712/4801.

mae: 0.026427589134711958
max_error: 0.15376259254211
variance: 0.0004663098440628727
pearson: 0.07990216893237129
p-valu: 1.8406631979943597e-134

AL interation 2713/4801.

mae: 0.02642576677438501
max_error: 0.153768631721535
variance: 0.0004656778247192408
pearson: 0.1407467517915779
p-valu: 0.0

AL interation 2714/4801.

mae: 0.026776969180073166
max_error: 0.15092129105053864
variance: 0.00047657092895247446
pearson: 0.0590226595349398
p-valu: 3.8616362433585974e-74

AL interation 2715/4801.

mae: 0.026770279230587023
max_error: 0.15064129938130755
variance: 0.0004769784584732656
pearson: 0.0550329606551887
p-valu: 1.1061110610507629e-64

AL interation 2716/4801.

mae: 0.02676803312859333
max_error: 0.15063082582040188
variance: 0.00047684490756921973
pearson: 0.08230183717794216
p-valu: 1.4724583090616503e-142

AL interation 2717/4801.

mae: 0.02678225898341885
max_error: 0.1507948387925655
variance: 0.00048063592046696907
pearson: 0.054091949763671036
p-valu: 1.51021935992473e-62

AL interation 2718/4801.

mae: 0.02679124998155356
max_error: 0.15101133403826061
variance: 0.0004808011427900309
pearson: 0.04947964236019577
p-valu: 1.280881245837181e-52

AL interation 2719/4801.

mae: 0.026807057779976846
max_error: 0.14972059179766184
variance: 0.0004813924869254115
pearson: 0.05235148034228155
p-valu: 1.0720654130786908e-58

AL interation 2720/4801.

mae: 0.026804964504060242
max_error: 0.14977437874861899
variance: 0.00048149514560853724
pearson: 0.07726376236028609
p-valu: 8.036383945111753e-126

AL interation 2721/4801.

mae: 0.026804635044669626
max_error: 0.14932207287805177
variance: 0.0004828073406180439
pearson: 0.0757255420186809
p-valu: 6.342287512592847e-121

AL interation 2722/4801.

mae: 0.026800677620909312
max_error: 0.14946705189962195
variance: 0.000483278289194182
pearson: 0.08042836352129382
p-valu: 3.3345684759722856e-136

AL interation 2723/4801.

mae: 0.0268011320984055
max_error: 0.14932148722712846
variance: 0.000483243438804683
pearson: 0.05867153721410382
p-valu: 2.833476939495501e-73

AL interation 2724/4801.

mae: 0.02706185046906391
max_error: 0.14804094936974543
variance: 0.0004936442018339943
pearson: 0.1014857102006388
p-valu: 4.7082223924395404e-216

AL interation 2725/4801.

mae: 0.027061368003147134
max_error: 0.148085883388406
variance: 0.0004935763747830308
pearson: 0.05453189375757523
p-valu: 1.5529316234692698e-63

AL interation 2726/4801.

mae: 0.027049610619294062
max_error: 0.14806140789281308
variance: 0.0004925764037738132
pearson: 0.07895404777214315
p-valu: 2.622857589069796e-131

AL interation 2727/4801.

mae: 0.027030748606956947
max_error: 0.14865393136918392
variance: 0.0004923818961438379
pearson: 0.06817631409091027
p-valu: 2.5073556436116984e-98

AL interation 2728/4801.

mae: 0.027029786686222523
max_error: 0.14863881429212888
variance: 0.0004923290996280777
pearson: 0.08123100585546814
p-valu: 6.775070787534767e-139

AL interation 2729/4801.

mae: 0.027031800794627178
max_error: 0.14881584821435645
variance: 0.000492296856730327
pearson: 0.06985742549843589
p-valu: 3.7787179026406354e-103

AL interation 2730/4801.

mae: 0.02703112680302492
max_error: 0.1480167988475234
variance: 0.000492360736199455
pearson: 0.039943051909423787
p-valu: 7.020081778512058e-35

AL interation 2731/4801.

mae: 0.02702722043379351
max_error: 0.14906139166399335
variance: 0.0004907669176454725
pearson: 0.07282998787044863
p-valu: 5.764165332070528e-112

AL interation 2732/4801.

mae: 0.02702750284944155
max_error: 0.14902715021438162
variance: 0.0004907303668606041
pearson: 0.05942682381420852
p-valu: 4.034306936242582e-75

AL interation 2733/4801.

mae: 0.02702440001106193
max_error: 0.14894699221170704
variance: 0.0004907400628463984
pearson: 0.05789465248253347
p-valu: 2.1946453927775678e-71

AL interation 2734/4801.

mae: 0.0270192310214255
max_error: 0.15071102536151848
variance: 0.0004907131339862691
pearson: 0.0894298693702493
p-valu: 5.029372806552099e-168

AL interation 2735/4801.

mae: 0.02703253451982778
max_error: 0.15016917931555618
variance: 0.0004912976411508241
pearson: 0.07016628921513594
p-valu: 4.838015858131419e-104

AL interation 2736/4801.

mae: 0.02703606603508114
max_error: 0.14984280198317101
variance: 0.0004913180580423872
pearson: 0.04024524403636462
p-valu: 2.2089471540519447e-35

AL interation 2737/4801.

mae: 0.027022148918705864
max_error: 0.1475509952279328
variance: 0.0004919976811073568
pearson: 0.06478709372808937
p-valu: 5.956394063950804e-89

AL interation 2738/4801.

mae: 0.027010860131919265
max_error: 0.14737857554340117
variance: 0.0004913823194037237
pearson: 0.08500397954940297
p-valu: 6.149862851448076e-152

AL interation 2739/4801.

mae: 0.02734099579549208
max_error: 0.14510703016915905
variance: 0.0005170354036685563
pearson: 0.06114760135864171
p-valu: 1.9971618619929235e-79

AL interation 2740/4801.

mae: 0.027504294327556075
max_error: 0.15018796395037004
variance: 0.000526845529268619
pearson: 0.06281993494851318
p-valu: 9.857244763320937e-84

AL interation 2741/4801.

mae: 0.027511289246328452
max_error: 0.1502284890515826
variance: 0.0005269843286331622
pearson: 0.057348392284844764
p-valu: 4.5192336711114755e-70

AL interation 2742/4801.

mae: 0.027475714603397677
max_error: 0.14962347083513539
variance: 0.0005253835442575057
pearson: 0.07665672272368831
p-valu: 7.537764269965389e-124

AL interation 2743/4801.

mae: 0.027457508917686068
max_error: 0.1496695666059482
variance: 0.0005242329447048045
pearson: 0.07839975085431379
p-valu: 1.8050004295132117e-129

AL interation 2744/4801.

mae: 0.02745339436597429
max_error: 0.14950634703876364
variance: 0.0005250456320868046
pearson: 0.06265993588460748
p-valu: 2.5961819547294424e-83

AL interation 2745/4801.

mae: 0.027450667129846864
max_error: 0.14946935782012094
variance: 0.0005252059918499224
pearson: 0.0852109296240839
p-valu: 1.1653723700258576e-152

AL interation 2746/4801.

mae: 0.027454688421684196
max_error: 0.14947750983941166
variance: 0.0005232429978646882
pearson: 0.08050251272604549
p-valu: 2.03522967105754e-136

AL interation 2747/4801.

mae: 0.027479973059808635
max_error: 0.15570109572530288
variance: 0.0005247133555236636
pearson: 0.07113970091058677
p-valu: 6.891837473708072e-107

AL interation 2748/4801.

mae: 0.027465981578659253
max_error: 0.15567514137313498
variance: 0.000524193509612173
pearson: 0.11164326955624701
p-valu: 3.0795450821563264e-261

AL interation 2749/4801.

mae: 0.027425507392569295
max_error: 0.15689637346025354
variance: 0.000524190266778463
pearson: 0.07525329454294684
p-valu: 2.0893411010645552e-119

AL interation 2750/4801.

mae: 0.027425280080233812
max_error: 0.15689587625768997
variance: 0.000524164257908814
pearson: 0.07978128975855997
p-valu: 5.242185608810997e-134

AL interation 2751/4801.

mae: 0.027436243073735506
max_error: 0.15702423803616927
variance: 0.0005232704957969862
pearson: 0.058814727057711166
p-valu: 1.3301017776048917e-73

AL interation 2752/4801.

mae: 0.02760853947190514
max_error: 0.16078360871273123
variance: 0.0005271316288569073
pearson: 0.0917151770969543
p-valu: 1.2804642040549392e-176

AL interation 2753/4801.

mae: 0.027660916168965263
max_error: 0.1641670603088956
variance: 0.0005295041517374606
pearson: 0.07080337484027759
p-valu: 6.875014582805142e-106

AL interation 2754/4801.

mae: 0.02766716402660881
max_error: 0.16463021941256972
variance: 0.0005288295211593327
pearson: 0.07575525156501345
p-valu: 5.622675750348269e-121

AL interation 2755/4801.

mae: 0.02761492650067629
max_error: 0.16538007251750475
variance: 0.0005294253377226687
pearson: 0.06092762485419885
p-valu: 7.435473962114483e-79

AL interation 2756/4801.

mae: 0.027621571615037928
max_error: 0.165201213192117
variance: 0.0005284672876054074
pearson: 0.09927969787099425
p-valu: 9.724757780394373e-207

AL interation 2757/4801.

mae: 0.02760776881282915
max_error: 0.17532886675274728
variance: 0.0005341238645497306
pearson: 0.09085797491449209
p-valu: 2.385798155719731e-173

AL interation 2758/4801.

mae: 0.02759418070866296
max_error: 0.1757465577388162
variance: 0.0005349564198716066
pearson: 0.07251130293783718
p-valu: 5.686544518179662e-111

AL interation 2759/4801.

mae: 0.027571911676894018
max_error: 0.18238288274681924
variance: 0.0005323499028021541
pearson: 0.10714277806942774
p-valu: 1.2679372140178333e-240

AL interation 2760/4801.

mae: 0.02755706426958254
max_error: 0.18324990786589712
variance: 0.0005330156137675951
pearson: 0.07761039505531002
p-valu: 6.928504375843176e-127

AL interation 2761/4801.

mae: 0.02755637913471405
max_error: 0.18325314356428368
variance: 0.000533004667376629
pearson: 0.10636877776201607
p-valu: 3.639229716096636e-237

AL interation 2762/4801.

mae: 0.027548506323316367
max_error: 0.18369650551488537
variance: 0.0005335648302065002
pearson: 0.060690217339458154
p-valu: 2.9972394880065167e-78

AL interation 2763/4801.

mae: 0.027615195098573863
max_error: 0.18378561113007397
variance: 0.0005355827553993766
pearson: 0.0762125204882718
p-valu: 2.0712868737189225e-122

AL interation 2764/4801.

mae: 0.02761814562434067
max_error: 0.18375229026008544
variance: 0.000535660154688179
pearson: 0.060626718704862234
p-valu: 4.348497127108899e-78

AL interation 2765/4801.

mae: 0.027621145649670057
max_error: 0.18374062237438427
variance: 0.0005357271429807371
pearson: 0.07395815781241363
p-valu: 2.2778860938893493e-115

AL interation 2766/4801.

mae: 0.027621318436936874
max_error: 0.1837427053100642
variance: 0.0005357362274539
pearson: 0.04406064325825301
p-valu: 4.637916021465642e-42

AL interation 2767/4801.

mae: 0.02760236343755288
max_error: 0.18209351512217342
variance: 0.0005347669242001246
pearson: 0.051703872693502434
p-valu: 2.875112555244611e-57

AL interation 2768/4801.

mae: 0.027565624180986594
max_error: 0.18164503545216082
variance: 0.0005354974125596227
pearson: 0.06870732547461156
p-valu: 8.520110303941069e-100

AL interation 2769/4801.

mae: 0.027515010481496155
max_error: 0.18157747053868167
variance: 0.0005351423815618981
pearson: 0.10392086254334504
p-valu: 2.1483391929260678e-226

AL interation 2770/4801.

mae: 0.027407491796014705
max_error: 0.1813776305638699
variance: 0.0005288800248121217
pearson: 0.10309369266108757
p-valu: 8.122036454995192e-223

AL interation 2771/4801.

mae: 0.027418028848307092
max_error: 0.18125200909656503
variance: 0.0005276463595631451
pearson: 0.06718843411947871
p-valu: 1.66807546415601e-95

AL interation 2772/4801.

mae: 0.027404370842528995
max_error: 0.18163084078281333
variance: 0.0005270872596157303
pearson: 0.11086162829514991
p-valu: 1.5512580365126385e-257

AL interation 2773/4801.

mae: 0.027396414788788327
max_error: 0.18140238543804532
variance: 0.0005271766384426489
pearson: 0.08492567221456732
p-valu: 1.3213968138079675e-151

AL interation 2774/4801.

mae: 0.028486277479103286
max_error: 0.16287012468028172
variance: 0.0005602626528741939
pearson: 0.1203798631585347
p-valu: 1.3421935736175621e-303

AL interation 2775/4801.

mae: 0.028481390316268694
max_error: 0.16307218217325192
variance: 0.0005605381617716109
pearson: 0.0615654298847941
p-valu: 1.8402361538874176e-80

AL interation 2776/4801.

mae: 0.02847742170392849
max_error: 0.16302180114853093
variance: 0.0005603851349031281
pearson: 0.08008367230704283
p-valu: 5.625059199689767e-135

AL interation 2777/4801.

mae: 0.029765834825552923
max_error: 0.1830487134621155
variance: 0.0006494613841823909
pearson: 0.08932107291096988
p-valu: 1.519210520194286e-167

AL interation 2778/4801.

mae: 0.03126727615348536
max_error: 0.19092504850871883
variance: 0.0007345871584428465
pearson: 0.09481023123803568
p-valu: 1.3318106736034772e-188

AL interation 2779/4801.

mae: 0.03129109563795145
max_error: 0.19092007938800926
variance: 0.0007352976364075971
pearson: 0.1402299635409681
p-valu: 0.0

AL interation 2780/4801.

mae: 0.03129661207939296
max_error: 0.19042377046119618
variance: 0.0007336708126616535
pearson: 0.09342027647307387
p-valu: 3.81273800332823e-183

AL interation 2781/4801.

mae: 0.03123760794557304
max_error: 0.18867894973939947
variance: 0.0007301399515357461
pearson: 0.1302488297250238
p-valu: 0.0

AL interation 2782/4801.

mae: 0.031404087356457104
max_error: 0.18302993084128794
variance: 0.000735738469171866
pearson: 0.13268337945856584
p-valu: 0.0

AL interation 2783/4801.

mae: 0.031183787054269812
max_error: 0.18043257083903264
variance: 0.0007225510372710723
pearson: 0.1310301570978892
p-valu: 0.0

AL interation 2784/4801.

mae: 0.030827759511272833
max_error: 0.17515861166560587
variance: 0.0007019775516601752
pearson: 0.15559860644190246
p-valu: 0.0

AL interation 2785/4801.

mae: 0.030821116590332164
max_error: 0.17495604301751388
variance: 0.0007011738944952003
pearson: 0.10339694182298606
p-valu: 4.338954679950974e-224

AL interation 2786/4801.

mae: 0.030802486396033304
max_error: 0.17496573471674726
variance: 0.000701178126275567
pearson: 0.09814299055959158
p-valu: 5.407520408490914e-202

AL interation 2787/4801.

mae: 0.030803778171481416
max_error: 0.17483598089478125
variance: 0.0007015574555858569
pearson: 0.1466567488326979
p-valu: 0.0

AL interation 2788/4801.

mae: 0.030810258703895383
max_error: 0.1748092184783987
variance: 0.0007020249027791097
pearson: 0.07847009044974688
p-valu: 1.2228741962631826e-129

AL interation 2789/4801.

mae: 0.030803963105109654
max_error: 0.17479171118924075
variance: 0.0007023058717609626
pearson: 0.12594985982660886
p-valu: 0.0

AL interation 2790/4801.

mae: 0.030801368829131884
max_error: 0.17516817094241066
variance: 0.0007017689872087174
pearson: 0.12992269797140957
p-valu: 0.0

AL interation 2791/4801.

mae: 0.030809064613618698
max_error: 0.1762160758584601
variance: 0.0007035069470737735
pearson: 0.1024311542838686
p-valu: 6.3158586436773754e-220

AL interation 2792/4801.

mae: 0.03082388977434132
max_error: 0.176830737829218
variance: 0.0006960512007391109
pearson: 0.14049919185863585
p-valu: 0.0

AL interation 2793/4801.

mae: 0.030792761000921622
max_error: 0.17937701014983265
variance: 0.000691812942201458
pearson: 0.10961371989116128
p-valu: 9.951179752039332e-252

AL interation 2794/4801.

mae: 0.030774235374417466
max_error: 0.17984001613461675
variance: 0.0006913614985429187
pearson: 0.10735679313422448
p-valu: 1.7061081611349326e-241

AL interation 2795/4801.

mae: 0.030766993526980868
max_error: 0.18129719775191422
variance: 0.0006917232657935818
pearson: 0.05559346035254018
p-valu: 6.444851742376416e-66

AL interation 2796/4801.

mae: 0.030766518724984943
max_error: 0.18134078172391543
variance: 0.0006916871010628579
pearson: 0.11511505483580262
p-valu: 1.4251768317586586e-277

AL interation 2797/4801.

mae: 0.030742719609069442
max_error: 0.18106338781529718
variance: 0.000690411334962932
pearson: 0.0768112534858787
p-valu: 2.8494028293058796e-124

AL interation 2798/4801.

mae: 0.030726664175947462
max_error: 0.18086019231071493
variance: 0.000689189265473373
pearson: 0.1447513411958597
p-valu: 0.0

AL interation 2799/4801.

mae: 0.030724139033891665
max_error: 0.18083452912418085
variance: 0.0006891626543006725
pearson: 0.11011126789674802
p-valu: 5.356822291461081e-254

AL interation 2800/4801.

mae: 0.030699788317669965
max_error: 0.18043653661100922
variance: 0.0006896267496443356
pearson: 0.1413272412217608
p-valu: 0.0

AL interation 2801/4801.

mae: 0.03069058977599541
max_error: 0.1801640154112052
variance: 0.0006899865214003489
pearson: 0.0858495782189702
p-valu: 7.616793451568964e-155

AL interation 2802/4801.

mae: 0.03072158988436585
max_error: 0.1797567116986416
variance: 0.0006911231176750933
pearson: 0.0830445189284588
p-valu: 5.5044499732165755e-145

AL interation 2803/4801.

mae: 0.030714677154411563
max_error: 0.17952564687169303
variance: 0.0006910695207049437
pearson: 0.12371279941346441
p-valu: 1.486e-320

AL interation 2804/4801.

mae: 0.030712082109753396
max_error: 0.1795227036449747
variance: 0.0006902538890681661
pearson: 0.053743584474337344
p-valu: 1.034053369899877e-61

AL interation 2805/4801.

mae: 0.03074560236726532
max_error: 0.17901793728691207
variance: 0.0006919523232075565
pearson: 0.08780250270975778
p-valu: 6.759899455353751e-162

AL interation 2806/4801.

mae: 0.030762152988248772
max_error: 0.17806886205602002
variance: 0.0006881186891978216
pearson: 0.09835910860545347
p-valu: 7.755241051291623e-203

AL interation 2807/4801.

mae: 0.03070578956677791
max_error: 0.17711099224783045
variance: 0.0006854143819076264
pearson: 0.10696298523393157
p-valu: 1.0654086662431247e-239

AL interation 2808/4801.

mae: 0.03071168788977356
max_error: 0.17816277743207554
variance: 0.0006835574102495792
pearson: 0.13418142697745744
p-valu: 0.0

AL interation 2809/4801.

mae: 0.03071221915389843
max_error: 0.17804245669634344
variance: 0.0006835452936008757
pearson: 0.10710396632752715
p-valu: 2.5248460433969925e-240

AL interation 2810/4801.

mae: 0.030716736649115384
max_error: 0.1769931217126528
variance: 0.0006846441614320374
pearson: 0.1161052896086735
p-valu: 2.5356930527754367e-282

AL interation 2811/4801.

mae: 0.03360965602013297
max_error: 0.19903628886771418
variance: 0.0008391217337069827
pearson: 0.10822434953273004
p-valu: 2.3351424831879265e-245

AL interation 2812/4801.

mae: 0.03358385623237448
max_error: 0.19875281041734816
variance: 0.000839105229646152
pearson: 0.10430794149872835
p-valu: 5.64009775474566e-228

AL interation 2813/4801.

mae: 0.033573496740504354
max_error: 0.19825628636957227
variance: 0.0008397160739268475
pearson: 0.16463936144991947
p-valu: 0.0

AL interation 2814/4801.

mae: 0.03350916459930415
max_error: 0.19551614146715401
variance: 0.0008388093446300081
pearson: 0.10049530493625364
p-valu: 1.1172385483730832e-211

AL interation 2815/4801.

mae: 0.03352076639596841
max_error: 0.19538960037701436
variance: 0.0008396340593527903
pearson: 0.05902287752938801
p-valu: 4.602602359432155e-74

AL interation 2816/4801.

mae: 0.03376851615617859
max_error: 0.1959328686380406
variance: 0.000856832133436231
pearson: 0.15240768036390726
p-valu: 0.0

AL interation 2817/4801.

mae: 0.03379702682297157
max_error: 0.19625434778484596
variance: 0.0008574144511363917
pearson: 0.12860795240510514
p-valu: 0.0

AL interation 2818/4801.

mae: 0.03351621523432601
max_error: 0.1853469354000783
variance: 0.0008388033476160625
pearson: 0.10423362891458669
p-valu: 1.2274429796270021e-227

AL interation 2819/4801.

mae: 0.03349887856161846
max_error: 0.18500678305193397
variance: 0.0008379700871471134
pearson: 0.10837729165743694
p-valu: 4.97555298565164e-246

AL interation 2820/4801.

mae: 0.03349445426706114
max_error: 0.18575271535795146
variance: 0.0008352967143375194
pearson: 0.15373129658026738
p-valu: 0.0

AL interation 2821/4801.

mae: 0.03347108636581515
max_error: 0.187016489479932
variance: 0.0008305529864123147
pearson: 0.07552788054738833
p-valu: 3.536916375567477e-120

AL interation 2822/4801.

mae: 0.033525297593778224
max_error: 0.18556166950568986
variance: 0.0008325407366349805
pearson: 0.13170072512804187
p-valu: 0.0

AL interation 2823/4801.

mae: 0.03355551068581615
max_error: 0.1841464929848673
variance: 0.0008334936456472063
pearson: 0.10013874625292637
p-valu: 3.6300045706401896e-210

AL interation 2824/4801.

mae: 0.0335541291632263
max_error: 0.183961489347924
variance: 0.0008333057180358244
pearson: 0.10248055816244117
p-valu: 4.622609745463586e-220

AL interation 2825/4801.

mae: 0.0335220925727717
max_error: 0.1839509846895755
variance: 0.0008306890630117268
pearson: 0.14861404651486804
p-valu: 0.0

AL interation 2826/4801.

mae: 0.03347795841054095
max_error: 0.18326482062096439
variance: 0.0008298396103529477
pearson: 0.1383878777527871
p-valu: 0.0

AL interation 2827/4801.

mae: 0.03339642296074284
max_error: 0.18577253202150423
variance: 0.0008181793046050099
pearson: 0.09938234347069848
p-valu: 5.194983625922563e-207

AL interation 2828/4801.

mae: 0.033392911968625316
max_error: 0.18576956585005355
variance: 0.0008180598052327171
pearson: 0.24072284922592438
p-valu: 0.0

AL interation 2829/4801.

mae: 0.03337246601112924
max_error: 0.18621121394883922
variance: 0.000816634041796341
pearson: 0.031139501466870733
p-valu: 8.105719259508886e-22

AL interation 2830/4801.

mae: 0.03334606041546811
max_error: 0.18679693242214235
variance: 0.0008161647032205008
pearson: 0.15739548564395647
p-valu: 0.0

AL interation 2831/4801.

mae: 0.03341683188311786
max_error: 0.18666068992846085
variance: 0.0008219620669011853
pearson: 0.12033488287068482
p-valu: 3.430420530998299e-303

AL interation 2832/4801.

mae: 0.03346482489717846
max_error: 0.18672703668656432
variance: 0.0008226694613453261
pearson: 0.13328741776701475
p-valu: 0.0

AL interation 2833/4801.

mae: 0.03339630294142807
max_error: 0.18649796632510807
variance: 0.0008132056912537913
pearson: 0.12206141618944746
p-valu: 5.979762430314e-312

AL interation 2834/4801.

mae: 0.033358397602030576
max_error: 0.18644464930096838
variance: 0.0008115097521316172
pearson: 0.13127440355192818
p-valu: 0.0

AL interation 2835/4801.

mae: 0.03334149645254981
max_error: 0.18669339082137704
variance: 0.0008111179916615752
pearson: 0.08343066609463193
p-valu: 2.8413582823784106e-146

AL interation 2836/4801.

mae: 0.03336458893052773
max_error: 0.18811411640402476
variance: 0.000802470703021247
pearson: 0.1066216960092456
p-valu: 4.1869921665177173e-238

AL interation 2837/4801.

mae: 0.033325095617619184
max_error: 0.19964173283281816
variance: 0.0008037353117402148
pearson: 0.1235633263958027
p-valu: 1.1505e-319

AL interation 2838/4801.

mae: 0.03327317137470077
max_error: 0.19927362944784655
variance: 0.0008031400881509907
pearson: 0.07539452798894178
p-valu: 9.725795667283058e-120

AL interation 2839/4801.

mae: 0.03327040092653099
max_error: 0.199223844477304
variance: 0.0008029138071765733
pearson: 0.11257610351812035
p-valu: 2.3181899922989214e-265

AL interation 2840/4801.

mae: 0.03319188607171929
max_error: 0.19466788172306515
variance: 0.0008011846086612514
pearson: 0.09866155858474573
p-valu: 5.240361778144568e-204

AL interation 2841/4801.

mae: 0.033201657638799405
max_error: 0.19610970173201459
variance: 0.0008038230716720116
pearson: 0.08051783545692694
p-valu: 2.464141889465343e-136

AL interation 2842/4801.

mae: 0.03319852246397289
max_error: 0.19578292923691443
variance: 0.0008037643779743471
pearson: 0.08888458426400443
p-valu: 8.197140070637009e-166

AL interation 2843/4801.

mae: 0.03317726900094534
max_error: 0.19578299815205646
variance: 0.000801871494890926
pearson: 0.08928796998847623
p-valu: 2.6279704571346495e-167

AL interation 2844/4801.

mae: 0.033191717878019354
max_error: 0.19513958049268076
variance: 0.0008029807628945109
pearson: 0.09313641814112937
p-valu: 6.39732089310678e-182

AL interation 2845/4801.

mae: 0.03319038513284618
max_error: 0.196023258648923
variance: 0.0008032467932846843
pearson: 0.15341440276575857
p-valu: 0.0

AL interation 2846/4801.

mae: 0.033184001446959405
max_error: 0.1964680406390773
variance: 0.0008022538629517614
pearson: 0.10337179463110041
p-valu: 7.733420664906664e-224

AL interation 2847/4801.

mae: 0.03318562552109368
max_error: 0.19654249750695563
variance: 0.000802461941446575
pearson: 0.051190222144148645
p-valu: 4.001707543100863e-56

AL interation 2848/4801.

mae: 0.0331821767741038
max_error: 0.19579837535005318
variance: 0.0008063843374711957
pearson: 0.06950251942814487
p-valu: 5.382346263027084e-102

AL interation 2849/4801.

mae: 0.03319419436658868
max_error: 0.19563569092773214
variance: 0.0008058783108298877
pearson: 0.076200158300345
p-valu: 2.913169606758193e-122

AL interation 2850/4801.

mae: 0.03314573341652609
max_error: 0.1953184306685518
variance: 0.0008033148368082773
pearson: 0.07339717136772089
p-valu: 1.4993625184767508e-113

AL interation 2851/4801.

mae: 0.03315102603615783
max_error: 0.19713826186219485
variance: 0.0008028019478225348
pearson: 0.10565506341288806
p-valu: 8.747891553312226e-234

AL interation 2852/4801.

mae: 0.03310652166116713
max_error: 0.19760801730356725
variance: 0.0008037477951050718
pearson: 0.0899526203751179
p-valu: 9.036526844715172e-170

AL interation 2853/4801.

mae: 0.03298327526178143
max_error: 0.18270318739062108
variance: 0.000788558021854443
pearson: 0.1273896787924985
p-valu: 0.0

AL interation 2854/4801.

mae: 0.032909128797421944
max_error: 0.1831189378933462
variance: 0.0007888661951439992
pearson: 0.07589856999965462
p-valu: 2.652380709352994e-121

AL interation 2855/4801.

mae: 0.03290528073690679
max_error: 0.18279126218633368
variance: 0.0007879384316313682
pearson: 0.05114090352711789
p-valu: 5.1470523057132605e-56

AL interation 2856/4801.

mae: 0.03319481374043274
max_error: 0.17865433810314535
variance: 0.0008052004834983285
pearson: 0.08047258706770201
p-valu: 3.666820220854081e-136

AL interation 2857/4801.

mae: 0.033085554832517
max_error: 0.17941083315329998
variance: 0.0007989459166523309
pearson: 0.11145424664640874
p-valu: 4.641836582587676e-260

AL interation 2858/4801.

mae: 0.0330850240395763
max_error: 0.17951325128254503
variance: 0.0007988464675777693
pearson: 0.0852731950648436
p-valu: 1.0587064708481278e-152

AL interation 2859/4801.

mae: 0.033077821256856446
max_error: 0.17962180439192998
variance: 0.0007984958923645414
pearson: 0.10732448466914454
p-valu: 3.471885094994537e-241

AL interation 2860/4801.

mae: 0.03311789290571647
max_error: 0.1802268219207992
variance: 0.0007985145589756591
pearson: 0.09874880801972037
p-valu: 2.528899156345209e-204

AL interation 2861/4801.

mae: 0.03312459632610798
max_error: 0.18117526743211165
variance: 0.0008002525343761775
pearson: 0.2112219058311741
p-valu: 0.0

AL interation 2862/4801.

mae: 0.03289496175484579
max_error: 0.1800974128409809
variance: 0.0007864586491095876
pearson: 0.09490039420494803
p-valu: 8.572468932671311e-189

AL interation 2863/4801.

mae: 0.03290281345890652
max_error: 0.18030552993062265
variance: 0.0007869947092348548
pearson: 0.11920411723416878
p-valu: 2.0227033877361232e-297

AL interation 2864/4801.

mae: 0.0328945312762758
max_error: 0.1796589152118333
variance: 0.0007861379308646011
pearson: 0.14304836878814664
p-valu: 0.0

AL interation 2865/4801.

mae: 0.03291200585494562
max_error: 0.17901339148287043
variance: 0.0007867359223010816
pearson: 0.10090763731502553
p-valu: 2.6880530707807498e-213

AL interation 2866/4801.

mae: 0.032905569179347116
max_error: 0.1790946480969371
variance: 0.0007870556919352638
pearson: 0.1540910941127222
p-valu: 0.0

AL interation 2867/4801.

mae: 0.0329055008334859
max_error: 0.17822640046054694
variance: 0.000787076904803825
pearson: 0.11540686520475929
p-valu: 8.97957146864119e-279

AL interation 2868/4801.

mae: 0.0329083940009446
max_error: 0.1778803022180302
variance: 0.0007855351235433145
pearson: 0.16617589682488373
p-valu: 0.0

AL interation 2869/4801.

mae: 0.03288051540532379
max_error: 0.18383288847638557
variance: 0.0007855697779515099
pearson: 0.1645170771099625
p-valu: 0.0

AL interation 2870/4801.

mae: 0.03284991555341499
max_error: 0.18062472852710432
variance: 0.0007860744157719132
pearson: 0.1225608687739303
p-valu: 2.18208664e-314

AL interation 2871/4801.

mae: 0.03283989379702159
max_error: 0.18026041176174235
variance: 0.0007856454416470835
pearson: 0.09257076759870729
p-valu: 1.1064315218061658e-179

AL interation 2872/4801.

mae: 0.032857428799182097
max_error: 0.18015981830442374
variance: 0.0007855404323198483
pearson: 0.11852648000130851
p-valu: 5.065527473623255e-294

AL interation 2873/4801.

mae: 0.03286225419727634
max_error: 0.17976606671411477
variance: 0.000783865295462395
pearson: 0.09621108718077429
p-valu: 5.469795391080101e-194

AL interation 2874/4801.

mae: 0.0328546422317003
max_error: 0.18207250115276596
variance: 0.0007852878663731555
pearson: 0.11013371665356383
p-valu: 6.675641752591506e-254

AL interation 2875/4801.

mae: 0.03284127314902507
max_error: 0.18145894374877147
variance: 0.0007827244261749494
pearson: 0.17141355450482781
p-valu: 0.0

AL interation 2876/4801.

mae: 0.032842767328517056
max_error: 0.18137569406801535
variance: 0.0007826316886798099
pearson: 0.10271013042413515
p-valu: 6.338248083785428e-221

AL interation 2877/4801.

mae: 0.03275678136442492
max_error: 0.17923084896731356
variance: 0.0007753578063554474
pearson: 0.19079522089958972
p-valu: 0.0

AL interation 2878/4801.

mae: 0.03271487200713231
max_error: 0.17973353596219144
variance: 0.0007742311610734456
pearson: 0.12030830758173419
p-valu: 6.579131835387125e-303

AL interation 2879/4801.

mae: 0.03279072806067423
max_error: 0.1825927393981377
variance: 0.0007788507081869675
pearson: 0.12826805534305047
p-valu: 0.0

AL interation 2880/4801.

mae: 0.032817577808676605
max_error: 0.18152291650014862
variance: 0.0007785031950757474
pearson: 0.04246210288220885
p-valu: 3.8604699510692417e-39

AL interation 2881/4801.

mae: 0.032714487448326994
max_error: 0.1790661899101227
variance: 0.0007652922563706818
pearson: 0.11323819638084633
p-valu: 2.278700791107318e-268

AL interation 2882/4801.

mae: 0.03273304769027493
max_error: 0.17753198104376255
variance: 0.0007621997171606593
pearson: 0.07990234793751907
p-valu: 3.171038840537591e-134

AL interation 2883/4801.

mae: 0.03269035431813305
max_error: 0.17770701579477222
variance: 0.0007581567064690245
pearson: 0.13432631359282565
p-valu: 0.0

AL interation 2884/4801.

mae: 0.03269984054383873
max_error: 0.1760664030441379
variance: 0.000757505420201707
pearson: 0.12202337989989279
p-valu: 1.3721985893137e-311

AL interation 2885/4801.

mae: 0.03269756531887251
max_error: 0.1759956804996594
variance: 0.0007574389917832855
pearson: 0.1505273267373749
p-valu: 0.0

AL interation 2886/4801.

mae: 0.03259189913114513
max_error: 0.175374471844157
variance: 0.000753636704855106
pearson: 0.14754994668232055
p-valu: 0.0

AL interation 2887/4801.

mae: 0.03258524849366939
max_error: 0.17520859036787928
variance: 0.000753420093019266
pearson: 0.1425346318986016
p-valu: 0.0

AL interation 2888/4801.

mae: 0.03256456727434031
max_error: 0.17780877490415636
variance: 0.0007545763021113385
pearson: 0.10118781394018421
p-valu: 1.9971419843096246e-214

AL interation 2889/4801.

mae: 0.03248866401757594
max_error: 0.1726419234980543
variance: 0.00074540485698464
pearson: 0.0962137386839249
p-valu: 5.750328832818123e-194

AL interation 2890/4801.

mae: 0.0324616766559197
max_error: 0.1739708112033671
variance: 0.0007440603267211771
pearson: 0.1359492589474482
p-valu: 0.0

AL interation 2891/4801.

mae: 0.03244386076748047
max_error: 0.1733233854826952
variance: 0.0007440558045483161
pearson: 0.13754730776173463
p-valu: 0.0

AL interation 2892/4801.

mae: 0.032437683740262985
max_error: 0.1724814170772564
variance: 0.0007441173248162453
pearson: 0.08310972961961023
p-valu: 4.476902422630832e-145

AL interation 2893/4801.

mae: 0.03244205651055899
max_error: 0.17224448909448742
variance: 0.0007434376980985634
pearson: 0.07654923353984204
p-valu: 2.587148152715441e-123

AL interation 2894/4801.

mae: 0.032368387028563095
max_error: 0.17234827588592938
variance: 0.0007332450517454967
pearson: 0.125572343682989
p-valu: 0.0

AL interation 2895/4801.

mae: 0.03235574293717513
max_error: 0.17228198050336263
variance: 0.0007321490890737887
pearson: 0.11186811105418354
p-valu: 6.911531156130713e-262

AL interation 2896/4801.

mae: 0.03234326385981214
max_error: 0.1711138876280831
variance: 0.0007336438113790352
pearson: 0.09465689066544672
p-valu: 9.139447551932728e-188

AL interation 2897/4801.

mae: 0.0322680011425633
max_error: 0.17132743321511334
variance: 0.000728253183154547
pearson: 0.15441608308082477
p-valu: 0.0

AL interation 2898/4801.

mae: 0.0323210400471695
max_error: 0.17170492708740603
variance: 0.0007297548313863236
pearson: 0.1304962343147048
p-valu: 0.0

AL interation 2899/4801.

mae: 0.032292540813782265
max_error: 0.17222512791616573
variance: 0.0007302866731793333
pearson: 0.10471461515590784
p-valu: 1.532656250463045e-229

AL interation 2900/4801.

mae: 0.03233896320534938
max_error: 0.17236528438937349
variance: 0.000731929218127997
pearson: 0.0790526831009552
p-valu: 2.1464740774335967e-131

AL interation 2901/4801.

mae: 0.03242366417745393
max_error: 0.17638413586340285
variance: 0.0007377567183819532
pearson: 0.08882257064226849
p-valu: 1.7563744848536807e-165

AL interation 2902/4801.

mae: 0.032395238575230106
max_error: 0.17424286289591073
variance: 0.0007385216995219558
pearson: 0.08432954347825877
p-valu: 2.638053657106682e-149

AL interation 2903/4801.

mae: 0.032431056454723974
max_error: 0.17359704690628242
variance: 0.0007399253033216218
pearson: 0.09261759850142698
p-valu: 8.381612882691612e-180

AL interation 2904/4801.

mae: 0.03242408463290227
max_error: 0.1737005123477804
variance: 0.000739426083865689
pearson: 0.09477626660626504
p-valu: 3.205018358124356e-188

AL interation 2905/4801.

mae: 0.03241191941149855
max_error: 0.17355341452187822
variance: 0.0007385426773582412
pearson: 0.08517351266322601
p-valu: 2.8348963640855416e-152

AL interation 2906/4801.

mae: 0.032389998312419434
max_error: 0.174101865283804
variance: 0.0007383523751365729
pearson: 0.11479426907183503
p-valu: 1.0328001924113872e-275

AL interation 2907/4801.

mae: 0.03235763625179423
max_error: 0.17387871269696298
variance: 0.0007381541878769789
pearson: 0.08300263941906036
p-valu: 1.1046908361235029e-144

AL interation 2908/4801.

mae: 0.03236914153412583
max_error: 0.1738065018735444
variance: 0.0007387279676266674
pearson: 0.0727702551228261
p-valu: 1.3997938495025698e-111

AL interation 2909/4801.

mae: 0.03228918295568679
max_error: 0.1755582023425024
variance: 0.0007360161962476447
pearson: 0.08730264387228504
p-valu: 6.681265580964275e-160

AL interation 2910/4801.

mae: 0.03228664775159414
max_error: 0.17553982674783875
variance: 0.0007359313125512853
pearson: 0.08210687254610302
p-valu: 1.3206387626975787e-141

AL interation 2911/4801.

mae: 0.03228318078586008
max_error: 0.17487973760492714
variance: 0.0007284813150732525
pearson: 0.1688239833621399
p-valu: 0.0

AL interation 2912/4801.

mae: 0.03227718986728909
max_error: 0.17493618737083416
variance: 0.0007294199888345286
pearson: 0.0581742640341369
p-valu: 6.298518746401848e-72

AL interation 2913/4801.

mae: 0.03226520851780058
max_error: 0.17499175451942683
variance: 0.0007288712832862312
pearson: 0.06810036705035573
p-valu: 6.346458519983263e-98

AL interation 2914/4801.

mae: 0.03226340589801659
max_error: 0.17504045525586953
variance: 0.0007286738672896293
pearson: 0.11848610411972571
p-valu: 1.0811362322019772e-293

AL interation 2915/4801.

mae: 0.0322354843791156
max_error: 0.1751785343285821
variance: 0.0007312158183352842
pearson: 0.07811785592066513
p-valu: 2.5314438174257345e-128

AL interation 2916/4801.

mae: 0.03223577360061258
max_error: 0.1751830579696918
variance: 0.0007312459112458321
pearson: 0.045967048290828115
p-valu: 1.4737554321020333e-45

AL interation 2917/4801.

mae: 0.032217102261172005
max_error: 0.1765825708889981
variance: 0.0007316261129787893
pearson: 0.12431476620569279
p-valu: 3e-323

AL interation 2918/4801.

mae: 0.0322258839576201
max_error: 0.17681625629396258
variance: 0.0007318970031494294
pearson: 0.10675895328161257
p-valu: 1.6396327123229376e-238

AL interation 2919/4801.

mae: 0.03223071177601158
max_error: 0.1765004902418088
variance: 0.0007315022206918661
pearson: 0.1271012903308183
p-valu: 0.0

AL interation 2920/4801.

mae: 0.03223159513053373
max_error: 0.17592064433032029
variance: 0.0007313824012656827
pearson: 0.1577462036960849
p-valu: 0.0

AL interation 2921/4801.

mae: 0.03213554370191302
max_error: 0.17730273903092275
variance: 0.0007237431591835321
pearson: 0.06998487668030724
p-valu: 2.581977038943815e-103

AL interation 2922/4801.

mae: 0.03217516416793809
max_error: 0.17766404849774808
variance: 0.0007253299556306771
pearson: 0.049608415713210695
p-valu: 8.951789933767071e-53

AL interation 2923/4801.

mae: 0.03216021789564628
max_error: 0.17761869009066977
variance: 0.0007223738043794642
pearson: 0.09088950263208712
p-valu: 3.611049165916507e-173

AL interation 2924/4801.

mae: 0.03210818475310951
max_error: 0.17966521770452637
variance: 0.0007222856900518515
pearson: 0.07218053754780278
p-valu: 8.677497834120454e-110

AL interation 2925/4801.

mae: 0.03210883278881964
max_error: 0.17967791757385676
variance: 0.0007222475611820115
pearson: 0.17762857987215666
p-valu: 0.0

AL interation 2926/4801.

mae: 0.03210647763272237
max_error: 0.17822822153087436
variance: 0.0007199115974437329
pearson: 0.10142902479580568
p-valu: 2.328607784599758e-215

AL interation 2927/4801.

mae: 0.03213948062093443
max_error: 0.17692196505507418
variance: 0.0007187309451507513
pearson: 0.10646178471191332
p-valu: 3.620043437598131e-237

AL interation 2928/4801.

mae: 0.03213161957411511
max_error: 0.1767491796245242
variance: 0.0007187724199671075
pearson: 0.056311865123607176
p-valu: 1.7061157743234553e-67

AL interation 2929/4801.

mae: 0.03210172290754134
max_error: 0.17651761044274572
variance: 0.0007170992101279491
pearson: 0.14086117073534837
p-valu: 0.0

AL interation 2930/4801.

mae: 0.032099256824339305
max_error: 0.17561487390506336
variance: 0.0007165325915159873
pearson: 0.10911709948772046
p-valu: 4.2129468192274773e-249

AL interation 2931/4801.

mae: 0.032201654953543775
max_error: 0.17551241126878558
variance: 0.0007209486148339919
pearson: 0.07444376582203467
p-valu: 1.1482013599052044e-116

AL interation 2932/4801.

mae: 0.03218516280054403
max_error: 0.17586332929298187
variance: 0.0007208111374021104
pearson: 0.09999601787628311
p-valu: 2.475744584338243e-209

AL interation 2933/4801.

mae: 0.03218390195454501
max_error: 0.17583735428073233
variance: 0.0007207295686320859
pearson: 0.08206251846977321
p-valu: 2.0224139157412825e-141

AL interation 2934/4801.

mae: 0.03216696406725403
max_error: 0.17425013269988376
variance: 0.0007197440777913877
pearson: 0.06531572717732546
p-valu: 3.3811866210742026e-90

AL interation 2935/4801.

mae: 0.03207567851230165
max_error: 0.17485009343093516
variance: 0.0007134255787640975
pearson: 0.10274465536478744
p-valu: 6.168168474296908e-221

AL interation 2936/4801.

mae: 0.032059795458698304
max_error: 0.17480816439732116
variance: 0.0007122191001240473
pearson: 0.10782678689986241
p-valu: 3.0214031698285857e-243

AL interation 2937/4801.

mae: 0.03204937222284896
max_error: 0.1746997637920078
variance: 0.000711873466700867
pearson: 0.09936396199886176
p-valu: 1.0690838455484137e-206

AL interation 2938/4801.

mae: 0.03199396104812345
max_error: 0.17389924240618093
variance: 0.0007107518059844965
pearson: 0.07311893988588758
p-valu: 1.3341713924326528e-112

AL interation 2939/4801.

mae: 0.03198826311541023
max_error: 0.17394898354817379
variance: 0.0007107343622519267
pearson: 0.10961779198595975
p-valu: 2.3057337106479123e-251

AL interation 2940/4801.

mae: 0.031987123619705266
max_error: 0.17337303583102148
variance: 0.0007111469127733017
pearson: 0.08250872591518647
p-valu: 6.178958435783282e-143

AL interation 2941/4801.

mae: 0.031928781467733244
max_error: 0.17647829460205067
variance: 0.0007137625679364638
pearson: 0.10509233066215198
p-valu: 4.3056784677004216e-231

AL interation 2942/4801.

mae: 0.03196043433077821
max_error: 0.17678466839154972
variance: 0.0007126259684138657
pearson: 0.0940749191836228
p-valu: 2.1692450385773153e-185

AL interation 2943/4801.

mae: 0.03187493477109564
max_error: 0.17608154490065608
variance: 0.0007103116778928442
pearson: 0.06617199507254677
p-valu: 1.5947845786947062e-92

AL interation 2944/4801.

mae: 0.03189416151523716
max_error: 0.1718773533584983
variance: 0.0007096947411280902
pearson: 0.07032401489269653
p-valu: 2.815044601380273e-104

AL interation 2945/4801.

mae: 0.03185779735660498
max_error: 0.1719679425960141
variance: 0.0007072236116367859
pearson: 0.09615542603628052
p-valu: 1.2775625415659348e-193

AL interation 2946/4801.

mae: 0.0318534614769312
max_error: 0.1719167963410957
variance: 0.0007071129520496662
pearson: 0.09299896205358608
p-valu: 3.399555476526708e-181

AL interation 2947/4801.

mae: 0.0317549320001358
max_error: 0.17264866827739134
variance: 0.0007032194930418052
pearson: 0.10349704675079728
p-valu: 3.8392886951307884e-224

AL interation 2948/4801.

mae: 0.031754602019005936
max_error: 0.17263819357416033
variance: 0.0007032718628909131
pearson: 0.07263155310483795
p-valu: 4.080231820146571e-111

AL interation 2949/4801.

mae: 0.03173671981157067
max_error: 0.17208743164249718
variance: 0.0007025112546754359
pearson: 0.08495282909092916
p-valu: 2.0055263774773064e-151

AL interation 2950/4801.

mae: 0.031998763523386556
max_error: 0.1682675032713863
variance: 0.0007124293902186453
pearson: 0.12907493847906917
p-valu: 0.0

AL interation 2951/4801.

mae: 0.03188536036527706
max_error: 0.17325814072049361
variance: 0.0007129719312600086
pearson: 0.06912114940399575
p-valu: 8.629387744044611e-101

AL interation 2952/4801.

mae: 0.031887991440350004
max_error: 0.17346665868811506
variance: 0.0007128713966852239
pearson: 0.13157707101775135
p-valu: 0.0

AL interation 2953/4801.

mae: 0.03244718617271147
max_error: 0.17952398008768178
variance: 0.0007399486953127722
pearson: 0.0991208107551211
p-valu: 1.170681363693591e-205

AL interation 2954/4801.

mae: 0.0324475379851328
max_error: 0.17949596669044077
variance: 0.0007400187066155088
pearson: 0.1102210277670298
p-valu: 4.317410861271807e-254

AL interation 2955/4801.

mae: 0.0324388727558323
max_error: 0.1797659968606542
variance: 0.000739864975264981
pearson: 0.0989798922088584
p-valu: 4.507884124444905e-205

AL interation 2956/4801.

mae: 0.03243967468774573
max_error: 0.17974804895405505
variance: 0.0007399604331957394
pearson: 0.08921792698654932
p-valu: 7.519509239545942e-167

AL interation 2957/4801.

mae: 0.03239321155941617
max_error: 0.1804828271661183
variance: 0.0007368736172094203
pearson: 0.08653249851477345
p-valu: 4.860629468939048e-157

AL interation 2958/4801.

mae: 0.03236876596344525
max_error: 0.18099380706829216
variance: 0.0007377797204059246
pearson: 0.07756987928222815
p-valu: 1.7034960324429982e-126

AL interation 2959/4801.

mae: 0.03236290972526531
max_error: 0.18083223635315626
variance: 0.0007374565019944475
pearson: 0.1242786998220584
p-valu: 5e-323

AL interation 2960/4801.

mae: 0.03235400833462164
max_error: 0.1796130645007299
variance: 0.0007342349122074827
pearson: 0.14095373082752846
p-valu: 0.0

AL interation 2961/4801.

mae: 0.03283678883443535
max_error: 0.18213177880118803
variance: 0.0007579053920109742
pearson: 0.11084352233653622
p-valu: 6.059137190586423e-257

AL interation 2962/4801.

mae: 0.03285503910998539
max_error: 0.18031105810535575
variance: 0.0007579228014326039
pearson: 0.1924286366631729
p-valu: 0.0

AL interation 2963/4801.

mae: 0.03284087338940029
max_error: 0.18568304385137946
variance: 0.0007528463997610289
pearson: 0.10628485347055261
p-valu: 2.7080371627879304e-236

AL interation 2964/4801.

mae: 0.03286847080427289
max_error: 0.18708628992993237
variance: 0.0007565423420418878
pearson: 0.07929242747340803
p-valu: 4.275583194971466e-132

AL interation 2965/4801.

mae: 0.03292406394809846
max_error: 0.18812234678938022
variance: 0.000758466005577297
pearson: 0.153053174726295
p-valu: 0.0

AL interation 2966/4801.

mae: 0.03291330914932451
max_error: 0.18692880240944998
variance: 0.0007580546149369645
pearson: 0.03894551641085862
p-valu: 3.652387455309474e-33

AL interation 2967/4801.

mae: 0.03291992650126644
max_error: 0.18815927759299722
variance: 0.0007596445164524156
pearson: 0.15430846186232494
p-valu: 0.0

AL interation 2968/4801.

mae: 0.03289683329627373
max_error: 0.18779219205992614
variance: 0.0007593400060430023
pearson: 0.12040698985407006
p-valu: 4.0421802355525666e-303

AL interation 2969/4801.

mae: 0.032937603432517816
max_error: 0.19771413948495375
variance: 0.0007632176808876007
pearson: 0.10115061906201692
p-valu: 4.348606593514621e-214

AL interation 2970/4801.

mae: 0.03296239148061854
max_error: 0.19996524535548144
variance: 0.0007627294754617074
pearson: 0.12228581913232141
p-valu: 1.192817044894e-312

AL interation 2971/4801.

mae: 0.03303119683468609
max_error: 0.19786983277247838
variance: 0.0007661287660585224
pearson: 0.10695296104965675
p-valu: 3.036598598472276e-239

AL interation 2972/4801.

mae: 0.033083920685849706
max_error: 0.19785958854066177
variance: 0.0007683183751183826
pearson: 0.13201157013009562
p-valu: 0.0

AL interation 2973/4801.

mae: 0.03308438007866929
max_error: 0.1971574655612427
variance: 0.0007674173097396307
pearson: 0.14937554207375675
p-valu: 0.0

AL interation 2974/4801.

mae: 0.03292234755303547
max_error: 0.19187943107265948
variance: 0.0007576450552437284
pearson: 0.1511170277346465
p-valu: 0.0

AL interation 2975/4801.

mae: 0.032889600383676276
max_error: 0.1937497296962034
variance: 0.0007585646243410775
pearson: 0.05241021146656287
p-valu: 1.1372190043660722e-58

AL interation 2976/4801.

mae: 0.03289305162014495
max_error: 0.19390393973611264
variance: 0.0007589178360296315
pearson: 0.13752982786042905
p-valu: 0.0

AL interation 2977/4801.

mae: 0.033155420595507794
max_error: 0.1821715197870004
variance: 0.0007725580899873396
pearson: 0.09753463273633414
p-valu: 4.095759686168246e-199

AL interation 2978/4801.

mae: 0.033083028256403496
max_error: 0.1788808954037746
variance: 0.0007767755510610223
pearson: 0.08146277690416269
p-valu: 2.559043738366963e-139

AL interation 2979/4801.

mae: 0.03307642546791502
max_error: 0.17904709480665826
variance: 0.0007768979347793487
pearson: 0.08326392040477074
p-valu: 1.775999309389404e-145

AL interation 2980/4801.

mae: 0.033094264100058744
max_error: 0.18246316990137768
variance: 0.0007786594658818353
pearson: 0.05443148802331224
p-valu: 3.831467352869336e-63

AL interation 2981/4801.

mae: 0.033097381973850704
max_error: 0.18228987099376592
variance: 0.0007793618112853691
pearson: 0.12998458004583582
p-valu: 0.0

AL interation 2982/4801.

mae: 0.0330843692353896
max_error: 0.18214399731317155
variance: 0.0007783181468986096
pearson: 0.14836390336942518
p-valu: 0.0

AL interation 2983/4801.

mae: 0.0330877505743058
max_error: 0.18217964042508594
variance: 0.0007781353240921955
pearson: 0.07411631837965378
p-valu: 1.354900443049801e-115

AL interation 2984/4801.

mae: 0.03318334059039141
max_error: 0.18085851513699946
variance: 0.0007809857024026534
pearson: 0.08506674899488506
p-valu: 9.017822018272523e-152

AL interation 2985/4801.

mae: 0.033196379929554584
max_error: 0.17908914699313083
variance: 0.0007798263568949773
pearson: 0.07081858891430887
p-valu: 1.1125300774366026e-105

AL interation 2986/4801.

mae: 0.03319273985321188
max_error: 0.17926633611881027
variance: 0.0007799000826355088
pearson: 0.14702961955507107
p-valu: 0.0

AL interation 2987/4801.

mae: 0.033200648149611156
max_error: 0.1788004431361745
variance: 0.0007805694380613293
pearson: 0.06284612510925541
p-valu: 1.374649362005591e-83

AL interation 2988/4801.

mae: 0.03320391384542173
max_error: 0.17883013531147784
variance: 0.0007803002905228384
pearson: 0.06466971019311463
p-valu: 2.0881535115470867e-88

AL interation 2989/4801.

mae: 0.033205825163751305
max_error: 0.1788750721641239
variance: 0.000780320219429148
pearson: 0.07264432489984418
p-valu: 4.162859956359747e-111

AL interation 2990/4801.

mae: 0.0331999125496501
max_error: 0.17903049712888364
variance: 0.0007802901549774793
pearson: 0.05737277006390755
p-valu: 5.967622397460266e-70

AL interation 2991/4801.

mae: 0.033160871948933295
max_error: 0.17922345765666736
variance: 0.0007806700064917219
pearson: 0.09447172266068984
p-valu: 7.501172620970041e-187

AL interation 2992/4801.

mae: 0.03315554907493163
max_error: 0.17911971527767068
variance: 0.0007797094183111464
pearson: 0.09496181067253467
p-valu: 8.836264380518939e-189

AL interation 2993/4801.

mae: 0.033140386515081874
max_error: 0.1798117985230716
variance: 0.0007780301784589246
pearson: 0.12345401611146674
p-valu: 1.40379e-318

AL interation 2994/4801.

mae: 0.03313914931772006
max_error: 0.1802925484257072
variance: 0.0007793073507324334
pearson: 0.0805588733675455
p-valu: 2.9574518449306e-136

AL interation 2995/4801.

mae: 0.033139391956861504
max_error: 0.18058293532106529
variance: 0.0007792067330465773
pearson: 0.07458487151057987
p-valu: 5.0263947204053784e-117

AL interation 2996/4801.

mae: 0.03306763635961147
max_error: 0.1827565803973199
variance: 0.0007794147800591797
pearson: 0.10627111936074636
p-valu: 3.7581856210022123e-236

AL interation 2997/4801.

mae: 0.03306066945083881
max_error: 0.18264423483145276
variance: 0.0007795263336307721
pearson: 0.12574520641159523
p-valu: 0.0

AL interation 2998/4801.

mae: 0.03295156565427254
max_error: 0.18389908317788706
variance: 0.0007730550577291356
pearson: 0.0966472918121998
p-valu: 1.7405731790397975e-195

AL interation 2999/4801.

mae: 0.03296085812984812
max_error: 0.18362259020016847
variance: 0.000773756353589139
pearson: 0.075437028342352
p-valu: 1.1340410352070973e-119

AL interation 3000/4801.

mae: 0.03292759085775532
max_error: 0.1850216042834587
variance: 0.0007713166836323048
pearson: 0.13915735808408233
p-valu: 0.0

AL interation 3001/4801.

mae: 0.03292227527859724
max_error: 0.18332512023647052
variance: 0.0007707082938436175
pearson: 0.10565049033210933
p-valu: 2.1282741184029845e-233

AL interation 3002/4801.

mae: 0.032825673640084714
max_error: 0.18151606368285922
variance: 0.000759254952645168
pearson: 0.14857305647169997
p-valu: 0.0

AL interation 3003/4801.

mae: 0.03279991971493151
max_error: 0.18089018593257844
variance: 0.0007582960361240298
pearson: 0.10112896179156537
p-valu: 6.390833327260827e-214

AL interation 3004/4801.

mae: 0.032816835762928
max_error: 0.18150861378256433
variance: 0.0007595631949280308
pearson: 0.05796978101339225
p-valu: 2.2867087649862684e-71

AL interation 3005/4801.

mae: 0.03281103171349509
max_error: 0.1813331861625853
variance: 0.0007593916399946526
pearson: 0.08669329886047894
p-valu: 1.5368836663359902e-157

AL interation 3006/4801.

mae: 0.032816983302436056
max_error: 0.18070158304129347
variance: 0.0007590902608391086
pearson: 0.08539438189789829
p-valu: 6.763813304991903e-153

AL interation 3007/4801.

mae: 0.03279686300068914
max_error: 0.1810217536944334
variance: 0.0007594263577625175
pearson: 0.09599005826999063
p-valu: 7.806514912437653e-193

AL interation 3008/4801.

mae: 0.0326328027680037
max_error: 0.17956758199891976
variance: 0.0007464797446364753
pearson: 0.1195475230763351
p-valu: 1.1056866460764471e-298

AL interation 3009/4801.

mae: 0.03260772785665378
max_error: 0.17974408213506887
variance: 0.000745004903686678
pearson: 0.0796280391637976
p-valu: 3.855762000881552e-133

AL interation 3010/4801.

mae: 0.03261464330065157
max_error: 0.17985340338367006
variance: 0.0007457369137006576
pearson: 0.07265181105366066
p-valu: 4.178460626467288e-111

AL interation 3011/4801.

mae: 0.032609549556127694
max_error: 0.1799082793654021
variance: 0.0007459091862647045
pearson: 0.07500215024583816
p-valu: 2.6685134329791e-118

AL interation 3012/4801.

mae: 0.03260657972600431
max_error: 0.180106081537299
variance: 0.0007458982727010651
pearson: 0.08787538222316746
p-valu: 8.172415217706139e-162

AL interation 3013/4801.

mae: 0.03260657808775515
max_error: 0.18010608921707227
variance: 0.0007458984052777223
pearson: 0.13481220541413308
p-valu: 0.0

AL interation 3014/4801.

mae: 0.032593214884688144
max_error: 0.17748755373370417
variance: 0.000745071909360125
pearson: 0.07845127289392524
p-valu: 2.8331639541162645e-129

AL interation 3015/4801.

mae: 0.032523890845088
max_error: 0.17458160857106608
variance: 0.000742036858208167
pearson: 0.07469951350832496
p-valu: 2.3477270750588846e-117

AL interation 3016/4801.

mae: 0.032524006549476916
max_error: 0.1745183896889333
variance: 0.0007420061871883789
pearson: 0.08889136424894775
p-valu: 1.5442417554431595e-165

AL interation 3017/4801.

mae: 0.03260372947038735
max_error: 0.1768149302149371
variance: 0.000747541517776338
pearson: 0.11977269765831304
p-valu: 8.82567010222565e-300

AL interation 3018/4801.

mae: 0.03258732878062081
max_error: 0.17650580139500138
variance: 0.0007469955798511218
pearson: 0.12694743141522455
p-valu: 0.0

AL interation 3019/4801.

mae: 0.03262209113420081
max_error: 0.17894958376512715
variance: 0.0007514287475243403
pearson: 0.10386927139941768
p-valu: 1.3976200524740745e-225

AL interation 3020/4801.

mae: 0.03261147663918426
max_error: 0.1786010499269881
variance: 0.0007504989609624854
pearson: 0.11675138818236626
p-valu: 7.623894168852317e-285

AL interation 3021/4801.

mae: 0.032521538980328175
max_error: 0.17800347266841765
variance: 0.0007450539668554885
pearson: 0.0771111288209857
p-valu: 6.106615712900366e-125

AL interation 3022/4801.

mae: 0.03251452156502971
max_error: 0.17797965420998718
variance: 0.0007448697395024605
pearson: 0.11436270780901775
p-valu: 2.584820360244072e-273

AL interation 3023/4801.

mae: 0.032490857458261795
max_error: 0.17780174299644624
variance: 0.0007431479048212473
pearson: 0.06586135839779919
p-valu: 1.345637446523528e-91

AL interation 3024/4801.

mae: 0.03250701774289057
max_error: 0.17770808929656834
variance: 0.000743677227158167
pearson: 0.08118201115078927
p-valu: 2.6437820579779854e-138

AL interation 3025/4801.

mae: 0.032490677349702894
max_error: 0.17886341087381208
variance: 0.000741246042579065
pearson: 0.07263446392479264
p-valu: 4.903814243398418e-111

AL interation 3026/4801.

mae: 0.032473152809470114
max_error: 0.17877709102270511
variance: 0.0007399164149252942
pearson: 0.12933539332133878
p-valu: 0.0

AL interation 3027/4801.

mae: 0.03247909284562891
max_error: 0.17898212680250492
variance: 0.0007402073568115448
pearson: 0.08618128943402252
p-valu: 1.1496070574934717e-155

AL interation 3028/4801.

mae: 0.0324767005114771
max_error: 0.17900659047102874
variance: 0.0007401231236528967
pearson: 0.08900921316171194
p-valu: 5.942264302941357e-166

AL interation 3029/4801.

mae: 0.032475199474118054
max_error: 0.17902532124520132
variance: 0.0007398875401919613
pearson: 0.09969337491839368
p-valu: 7.2964768267945915e-208

AL interation 3030/4801.

mae: 0.032455959972958755
max_error: 0.1789074839757019
variance: 0.0007391383736723179
pearson: 0.08776131155280938
p-valu: 2.2842881833300506e-161

AL interation 3031/4801.

mae: 0.03246015586931855
max_error: 0.17921289421741005
variance: 0.0007388708064633558
pearson: 0.07061482769707818
p-valu: 4.942052141314689e-105

AL interation 3032/4801.

mae: 0.0324506652438372
max_error: 0.17902000824272601
variance: 0.000738161489465365
pearson: 0.08747952587849653
p-valu: 2.4407632943211962e-160

AL interation 3033/4801.

mae: 0.03272086995715035
max_error: 0.1820980782353514
variance: 0.0007533412555902498
pearson: 0.11347330387113533
p-valu: 4.6988846076336635e-269

AL interation 3034/4801.

mae: 0.032724419965642765
max_error: 0.1821066130100304
variance: 0.000753888242348565
pearson: 0.0721057164329039
p-valu: 1.9372232459840292e-109

AL interation 3035/4801.

mae: 0.03271821902550839
max_error: 0.1826547619561394
variance: 0.0007536871972092203
pearson: 0.0881214524854932
p-valu: 1.1266548482611903e-162

AL interation 3036/4801.

mae: 0.032737050015622673
max_error: 0.18366170668326287
variance: 0.0007566714131137083
pearson: 0.07861127960219612
p-valu: 9.132598088599416e-130

AL interation 3037/4801.

mae: 0.03273041604508782
max_error: 0.18369315799594244
variance: 0.0007567861410967664
pearson: 0.11344896252577025
p-valu: 6.287752503664974e-269

AL interation 3038/4801.

mae: 0.032733582768859966
max_error: 0.18369663186552554
variance: 0.0007568404284430305
pearson: 0.13393379607877756
p-valu: 0.0

AL interation 3039/4801.

mae: 0.03273356965173221
max_error: 0.18369332007153627
variance: 0.0007568464663951479
pearson: 0.06829138735764034
p-valu: 2.4557890308144336e-98

AL interation 3040/4801.

mae: 0.032732908631738805
max_error: 0.18367845588312104
variance: 0.0007567954846547447
pearson: 0.08730569590414465
p-valu: 1.0758064879712268e-159

AL interation 3041/4801.

mae: 0.03273426950765422
max_error: 0.18376546465099874
variance: 0.0007566468347732671
pearson: 0.11126318761062554
p-valu: 1.131993258719035e-258

AL interation 3042/4801.

mae: 0.032778300263819705
max_error: 0.1838530151721285
variance: 0.0007582345127345816
pearson: 0.15664798473608074
p-valu: 0.0

AL interation 3043/4801.

mae: 0.03278580186237916
max_error: 0.18408924573617025
variance: 0.0007587426695455399
pearson: 0.06785650600509908
p-valu: 4.177814499052253e-97

AL interation 3044/4801.

mae: 0.0327678369650571
max_error: 0.18426802753259164
variance: 0.0007571841628589911
pearson: 0.1122889582694863
p-valu: 1.9056358129624053e-263

AL interation 3045/4801.

mae: 0.032756776742034706
max_error: 0.18469489019065133
variance: 0.0007555087701639884
pearson: 0.0678478095630724
p-valu: 4.4402523953699783e-97

AL interation 3046/4801.

mae: 0.032713456430333084
max_error: 0.18106243042660264
variance: 0.0007499748566925532
pearson: 0.06109484885212658
p-valu: 4.834920689726894e-79

AL interation 3047/4801.

mae: 0.03283631289247806
max_error: 0.18227461410736634
variance: 0.000754969547759199
pearson: 0.07917285631807391
p-valu: 1.3734944364862279e-131

AL interation 3048/4801.

mae: 0.03284056516596962
max_error: 0.18231562676322266
variance: 0.0007550719746368496
pearson: 0.08680996198104203
p-valu: 6.870357273949931e-158

AL interation 3049/4801.

mae: 0.032793118037811084
max_error: 0.18329283431324495
variance: 0.0007541929737024608
pearson: 0.04526833709267049
p-valu: 3.5538760606533805e-44

AL interation 3050/4801.

mae: 0.03279884839761633
max_error: 0.18358679100077335
variance: 0.0007534674934855383
pearson: 0.06020994755635525
p-valu: 8.139557535650267e-77

AL interation 3051/4801.

mae: 0.032794265820963724
max_error: 0.18374947587238477
variance: 0.0007542202575463905
pearson: 0.07845414728163644
p-valu: 3.108890797503329e-129

AL interation 3052/4801.

mae: 0.03278654892669884
max_error: 0.1840742311246073
variance: 0.0007540704823554404
pearson: 0.08270338245744635
p-valu: 1.9502520318559003e-143

AL interation 3053/4801.

mae: 0.03278847346838701
max_error: 0.18371010740832627
variance: 0.0007544766778067958
pearson: 0.08627195636577295
p-valu: 5.99995527500681e-156

AL interation 3054/4801.

mae: 0.03278836603138715
max_error: 0.18372876171218433
variance: 0.0007541635420278451
pearson: 0.06446941320197354
p-valu: 8.235687926691253e-88

AL interation 3055/4801.

mae: 0.032789334429637884
max_error: 0.18366943135645908
variance: 0.0007542719506227557
pearson: 0.0905224960229943
p-valu: 1.5085869197004863e-171

AL interation 3056/4801.

mae: 0.03277684676923945
max_error: 0.18365765936271838
variance: 0.0007533140357940137
pearson: 0.08155498411224826
p-valu: 1.6189447474815454e-139

AL interation 3057/4801.

mae: 0.032612169481030635
max_error: 0.181242366815634
variance: 0.0007463332212117382
pearson: 0.06755061615082972
p-valu: 3.1117509606344e-96

AL interation 3058/4801.

mae: 0.03255176259971274
max_error: 0.1799880452230651
variance: 0.0007446329392385197
pearson: 0.08993240496989005
p-valu: 2.4854968166767426e-169

AL interation 3059/4801.

mae: 0.032503504649131786
max_error: 0.178901434307984
variance: 0.0007415554871206986
pearson: 0.14565208380888858
p-valu: 0.0

AL interation 3060/4801.

mae: 0.03251035883823563
max_error: 0.1805929930118806
variance: 0.0007425322352075974
pearson: 0.06435348596308282
p-valu: 1.699898775720456e-87

AL interation 3061/4801.

mae: 0.03256360897276522
max_error: 0.1797155800808765
variance: 0.0007439270084390323
pearson: 0.09021298227311166
p-valu: 2.2441730785600258e-170

AL interation 3062/4801.

mae: 0.032555491389501055
max_error: 0.18013468568409063
variance: 0.0007433814479484075
pearson: 0.06438838383337395
p-valu: 1.3778006745216283e-87

AL interation 3063/4801.

mae: 0.032536995098141785
max_error: 0.18037039029462232
variance: 0.0007419537865906728
pearson: 0.07684352415589199
p-valu: 4.947287174228833e-124

AL interation 3064/4801.

mae: 0.03253937981132022
max_error: 0.18047627953950052
variance: 0.0007418925114892176
pearson: 0.09845015545282851
p-valu: 1.1540112143575884e-202

AL interation 3065/4801.

mae: 0.03238452913121614
max_error: 0.1804565656379351
variance: 0.0007314324659129899
pearson: 0.08511593760836907
p-valu: 8.11562411638618e-152

AL interation 3066/4801.

mae: 0.03238173226397442
max_error: 0.18014823797733026
variance: 0.0007299406641319065
pearson: 0.05779702901131292
p-valu: 6.5877384764280814e-71

AL interation 3067/4801.

mae: 0.03240892468529059
max_error: 0.18056962727080883
variance: 0.0007306292602426003
pearson: 0.1042378866366271
p-valu: 4.589397836954944e-227

AL interation 3068/4801.

mae: 0.03241368857111277
max_error: 0.18057515170533645
variance: 0.0007316525983137006
pearson: 0.10538322961418979
p-valu: 4.632748455939913e-232

AL interation 3069/4801.

mae: 0.03240687928589694
max_error: 0.18079468922899888
variance: 0.0007314535691133343
pearson: 0.10656286083120203
p-valu: 2.8981202818984534e-237

AL interation 3070/4801.

mae: 0.03237341698551232
max_error: 0.18073105684328095
variance: 0.0007292406782047686
pearson: 0.08623763397461015
p-valu: 8.484836915899883e-156

AL interation 3071/4801.

mae: 0.03239663266698588
max_error: 0.1810032567622626
variance: 0.0007308022664041248
pearson: 0.09130849882797211
p-valu: 1.7343266588254989e-174

AL interation 3072/4801.

mae: 0.032393894182018795
max_error: 0.18096748533883567
variance: 0.0007303718488404664
pearson: 0.0901324845422761
p-valu: 4.699490101299553e-170

AL interation 3073/4801.

mae: 0.032355954330957594
max_error: 0.1820199101052209
variance: 0.0007305852554709405
pearson: 0.06174372606039075
p-valu: 1.1378537645690775e-80

AL interation 3074/4801.

mae: 0.03235594033366671
max_error: 0.18204325665231647
variance: 0.0007306329754486941
pearson: 0.05229295139350664
p-valu: 2.340974564869744e-58

AL interation 3075/4801.

mae: 0.03233308273750961
max_error: 0.18160022420800725
variance: 0.0007303050714527366
pearson: 0.10642694038965154
p-valu: 1.2018626800792048e-236

AL interation 3076/4801.

mae: 0.032372427309285946
max_error: 0.18151984697709178
variance: 0.0007299295974079897
pearson: 0.09503790886996202
p-valu: 6.475065643970194e-189

AL interation 3077/4801.

mae: 0.03235917152532065
max_error: 0.18160295552609806
variance: 0.000729616786300487
pearson: 0.09094420046005361
p-valu: 4.2544715110669986e-173

AL interation 3078/4801.

mae: 0.032353977525780446
max_error: 0.1814508638630583
variance: 0.0007297416391355444
pearson: 0.10698490549791496
p-valu: 4.051564090008455e-239

AL interation 3079/4801.

mae: 0.032332648852729406
max_error: 0.18213163568673973
variance: 0.000729539413554961
pearson: 0.07314358713892193
p-valu: 1.6404965018738743e-112

AL interation 3080/4801.

mae: 0.03232494661681206
max_error: 0.1823051273308307
variance: 0.0007294033951878788
pearson: 0.05978646262215402
p-valu: 9.690291975761473e-76

AL interation 3081/4801.

mae: 0.03225569704438074
max_error: 0.1844681456126933
variance: 0.000729947060540096
pearson: 0.06284178860060438
p-valu: 1.7000812743566684e-83

AL interation 3082/4801.

mae: 0.0322454462238777
max_error: 0.18418151047756748
variance: 0.0007298679542096613
pearson: 0.0772572478973448
p-valu: 2.4969961008682867e-125

AL interation 3083/4801.

mae: 0.03225069042537727
max_error: 0.1842840175335665
variance: 0.0007300561993234003
pearson: 0.06535452012269909
p-valu: 3.6540544418966884e-90

AL interation 3084/4801.

mae: 0.03334024602655013
max_error: 0.2093350228382702
variance: 0.0008004243325539135
pearson: 0.06408989521534796
p-valu: 8.976050431491356e-87

AL interation 3085/4801.

mae: 0.033250437877782237
max_error: 0.20750226759576673
variance: 0.0007906986494247509
pearson: 0.08633745162454912
p-valu: 3.940498304449226e-156

AL interation 3086/4801.

mae: 0.03313426797058098
max_error: 0.20760618658772056
variance: 0.000781675584814229
pearson: 0.13631938154539341
p-valu: 0.0

AL interation 3087/4801.

mae: 0.033133152811744976
max_error: 0.20765379112293214
variance: 0.0007817321219113002
pearson: 0.11432310226092081
p-valu: 6.1275921487920934e-273

AL interation 3088/4801.

mae: 0.03311819252802702
max_error: 0.2079175271459759
variance: 0.0007816257804830656
pearson: 0.11808850477657952
p-valu: 3.403040342141762e-291

AL interation 3089/4801.

mae: 0.03311902732373217
max_error: 0.20790429834544977
variance: 0.0007816505598520405
pearson: 0.151427791248774
p-valu: 0.0

AL interation 3090/4801.

mae: 0.03312112236834988
max_error: 0.2078967635383675
variance: 0.0007816370062491253
pearson: 0.07988981661720225
p-valu: 6.799470326440958e-134

AL interation 3091/4801.

mae: 0.03311908592553393
max_error: 0.2078636797627338
variance: 0.0007815874647591748
pearson: 0.0778007144125326
p-valu: 4.598389818451247e-127

AL interation 3092/4801.

mae: 0.03312906894764255
max_error: 0.20745507020131537
variance: 0.0007805440368407293
pearson: 0.07838430161806453
p-valu: 5.952880860636384e-129

AL interation 3093/4801.

mae: 0.033136509120921434
max_error: 0.20765366676590258
variance: 0.0007800095388868039
pearson: 0.0897026826613629
p-valu: 2.0599557041014277e-168

AL interation 3094/4801.

mae: 0.033138463154382305
max_error: 0.20736688276468396
variance: 0.0007802460493763445
pearson: 0.06632993563697681
p-valu: 8.19676731556279e-93

AL interation 3095/4801.

mae: 0.033116416180784876
max_error: 0.2068776585942329
variance: 0.0007790439583988396
pearson: 0.17509320919002994
p-valu: 0.0

AL interation 3096/4801.

mae: 0.03296957428143085
max_error: 0.20634548262699592
variance: 0.0007668812084328029
pearson: 0.1749286331095786
p-valu: 0.0

AL interation 3097/4801.

mae: 0.03288468521079172
max_error: 0.19703277402680452
variance: 0.0007591334821244959
pearson: 0.05947711504009819
p-valu: 5.797355229262462e-75

AL interation 3098/4801.

mae: 0.03286994444828448
max_error: 0.19719260488585189
variance: 0.0007594174037363184
pearson: 0.05642810828745331
p-valu: 1.1978344670706324e-67

AL interation 3099/4801.

mae: 0.03286652526589707
max_error: 0.1976101438517004
variance: 0.0007593022897091354
pearson: 0.1111411854884515
p-valu: 5.9744104680009075e-258

AL interation 3100/4801.

mae: 0.0328754311340915
max_error: 0.1963482088207753
variance: 0.0007591105721395149
pearson: 0.09505685217080026
p-valu: 6.0781843854707864e-189

AL interation 3101/4801.

mae: 0.032929133667687925
max_error: 0.19606975628579004
variance: 0.0007606734569842094
pearson: 0.15310227479534108
p-valu: 0.0

AL interation 3102/4801.

mae: 0.03290555748817051
max_error: 0.19449934898460253
variance: 0.0007560051159623851
pearson: 0.19743466137318016
p-valu: 0.0

AL interation 3103/4801.

mae: 0.032913777673578296
max_error: 0.193326097290476
variance: 0.0007601207307470335
pearson: 0.07192846355685893
p-valu: 7.838264007709619e-109

AL interation 3104/4801.

mae: 0.03291110995386778
max_error: 0.19337471493002578
variance: 0.0007595662784022543
pearson: 0.062378805649238825
p-valu: 2.8202252082970397e-82

AL interation 3105/4801.

mae: 0.032908849923045706
max_error: 0.19331585095590764
variance: 0.0007595787295809937
pearson: 0.12573174905357978
p-valu: 0.0

AL interation 3106/4801.

mae: 0.03291057575706582
max_error: 0.19356042218299319
variance: 0.000760495465449441
pearson: 0.09683390045921587
p-valu: 5.13778819361101e-196

AL interation 3107/4801.

mae: 0.032889776207482596
max_error: 0.19426744714240396
variance: 0.0007591444761380376
pearson: 0.11574708964257642
p-valu: 1.0288105301078956e-279

AL interation 3108/4801.

mae: 0.03288922059976919
max_error: 0.19444955619422455
variance: 0.0007593968235743007
pearson: 0.10544236128984258
p-valu: 3.1876979650869244e-232

AL interation 3109/4801.

mae: 0.0328652059431939
max_error: 0.19410881877359554
variance: 0.0007578656473443491
pearson: 0.08919306862022307
p-valu: 1.7143265903548808e-166

AL interation 3110/4801.

mae: 0.03284167350189271
max_error: 0.1940286245948597
variance: 0.0007567905215214679
pearson: 0.12858294035645326
p-valu: 0.0

AL interation 3111/4801.

mae: 0.03283835441046327
max_error: 0.1942042665536361
variance: 0.0007530649200841477
pearson: 0.06890019816216261
p-valu: 5.421903768735423e-100

AL interation 3112/4801.

mae: 0.0331835613407939
max_error: 0.18840471127571856
variance: 0.0007694125048164598
pearson: 0.05935451838587551
p-valu: 1.19205478518949e-74

AL interation 3113/4801.

mae: 0.03318368327521706
max_error: 0.18840959532047474
variance: 0.0007694353569827169
pearson: 0.07178437907681409
p-valu: 2.159370574236361e-108

AL interation 3114/4801.

mae: 0.03322229735044427
max_error: 0.18804458837533566
variance: 0.0007685284055957495
pearson: 0.08821009546170287
p-valu: 7.267428677589238e-163

AL interation 3115/4801.

mae: 0.033107038740695684
max_error: 0.18903755381273424
variance: 0.0007653982178010152
pearson: 0.06694788375783779
p-valu: 1.69405318947312e-94

AL interation 3116/4801.

mae: 0.033074091267443526
max_error: 0.1896721733423261
variance: 0.0007634065911975916
pearson: 0.07646714615174087
p-valu: 9.08135286982407e-123

AL interation 3117/4801.

mae: 0.033097908916660354
max_error: 0.19059790308477442
variance: 0.0007655451094162263
pearson: 0.10979041799188785
p-valu: 1.1005189021766182e-251

AL interation 3118/4801.

mae: 0.033215501331048745
max_error: 0.1934470784903466
variance: 0.0007734391771432012
pearson: 0.12670470366975076
p-valu: 0.0

AL interation 3119/4801.

mae: 0.033216111535452675
max_error: 0.19341940987890904
variance: 0.000773303849023373
pearson: 0.07702459418371482
p-valu: 1.546265250700687e-124

AL interation 3120/4801.

mae: 0.03320985904646212
max_error: 0.19491243655596246
variance: 0.0007707663031452004
pearson: 0.09945660743019889
p-valu: 1.0986074216143449e-206

AL interation 3121/4801.

mae: 0.03321503882474755
max_error: 0.1946088889302997
variance: 0.0007704016357297493
pearson: 0.0995281954322222
p-valu: 5.583473339829421e-207

AL interation 3122/4801.

mae: 0.03320755483872224
max_error: 0.19459019225854046
variance: 0.000771127131426432
pearson: 0.09070813790102898
p-valu: 3.982395173314459e-172

AL interation 3123/4801.

mae: 0.033202449572497544
max_error: 0.19458553627139974
variance: 0.0007710952837690106
pearson: 0.0679481386433324
p-valu: 2.777823876028469e-97

AL interation 3124/4801.

mae: 0.03306911970077998
max_error: 0.1959781738764219
variance: 0.000767582678084125
pearson: 0.07103358698576569
p-valu: 3.6891340020520475e-106

AL interation 3125/4801.

mae: 0.0330566242318492
max_error: 0.19560501004837771
variance: 0.0007673109282727862
pearson: 0.09049604635695405
p-valu: 2.5302794577807807e-171

AL interation 3126/4801.

mae: 0.03304636902588613
max_error: 0.19574003714609045
variance: 0.0007691304006739176
pearson: 0.10528459258144625
p-valu: 1.7338282337063538e-231

AL interation 3127/4801.

mae: 0.033013368775103344
max_error: 0.1963829524678955
variance: 0.0007687854093895349
pearson: 0.08150939851477813
p-valu: 2.9265674375191925e-139

AL interation 3128/4801.

mae: 0.03297572451085479
max_error: 0.19631984755636278
variance: 0.0007681978886149966
pearson: 0.1533536876276439
p-valu: 0.0

AL interation 3129/4801.

mae: 0.03276162608735483
max_error: 0.19234546502360228
variance: 0.0007503723163031466
pearson: 0.13965295676581974
p-valu: 0.0

AL interation 3130/4801.

mae: 0.03270402063063283
max_error: 0.19219121431472797
variance: 0.0007504568670461454
pearson: 0.12251815858494217
p-valu: 2.58570012245e-313

AL interation 3131/4801.

mae: 0.032705510837027434
max_error: 0.192421142498854
variance: 0.000750622372385498
pearson: 0.09604715857359665
p-valu: 8.207762957036699e-193

AL interation 3132/4801.

mae: 0.03270563733494386
max_error: 0.19242650689505592
variance: 0.0007506124889842468
pearson: 0.054566492442095424
p-valu: 2.383334791708428e-63

AL interation 3133/4801.

mae: 0.03270426246178542
max_error: 0.19234334780724804
variance: 0.0007497554608898984
pearson: 0.07137191648987978
p-valu: 3.796030380162108e-107

AL interation 3134/4801.

mae: 0.03269547389023919
max_error: 0.19212450692378535
variance: 0.0007502602332180242
pearson: 0.087688509452037
p-valu: 6.288686529063551e-161

AL interation 3135/4801.

mae: 0.032705695895803126
max_error: 0.19185691166733942
variance: 0.000750055848258699
pearson: 0.08005431874177169
p-valu: 2.23833665720796e-134

AL interation 3136/4801.

mae: 0.032798153508791325
max_error: 0.19289263881313
variance: 0.0007559579403634816
pearson: 0.09608955344312556
p-valu: 5.68996952182743e-193

AL interation 3137/4801.

mae: 0.03271405747292735
max_error: 0.19153284848965324
variance: 0.0007532720672663193
pearson: 0.08789009636871893
p-valu: 1.1732914361461385e-161

AL interation 3138/4801.

mae: 0.03272973346893475
max_error: 0.19054593246931528
variance: 0.0007533443219251261
pearson: 0.09769061660823673
p-valu: 2.061657868528754e-199

AL interation 3139/4801.

mae: 0.03273128748670178
max_error: 0.19066507252812936
variance: 0.0007531846066000186
pearson: 0.059213085723301834
p-valu: 2.77963369994637e-74

AL interation 3140/4801.

mae: 0.03272828497737709
max_error: 0.19065601690038658
variance: 0.0007530979075220656
pearson: 0.08998318576698583
p-valu: 2.2419662044788162e-169

AL interation 3141/4801.

mae: 0.032727324044363966
max_error: 0.1906318929390478
variance: 0.000753006460452768
pearson: 0.10569465597579487
p-valu: 2.9880014579080545e-233

AL interation 3142/4801.

mae: 0.03272146657894018
max_error: 0.19071368565294744
variance: 0.0007536925423517814
pearson: 0.11357912505570072
p-valu: 3.0080246410329164e-269

AL interation 3143/4801.

mae: 0.03269032939546063
max_error: 0.1905645574583401
variance: 0.0007520832880121063
pearson: 0.07897151230112323
p-valu: 8.488267601995501e-131

AL interation 3144/4801.

mae: 0.032681767203901174
max_error: 0.19072310013091975
variance: 0.0007518834574810124
pearson: 0.11177329958711979
p-valu: 9.178508471537821e-261

AL interation 3145/4801.

mae: 0.032679395099200224
max_error: 0.19083689216443656
variance: 0.0007519691205162957
pearson: 0.1626053896345468
p-valu: 0.0

AL interation 3146/4801.

mae: 0.03246263675813674
max_error: 0.18000502012676645
variance: 0.0007379453516829393
pearson: 0.09391401859729431
p-valu: 2.283153998957747e-184

AL interation 3147/4801.

mae: 0.03244912516639807
max_error: 0.1845488889225022
variance: 0.0007349581272491021
pearson: 0.08628097310633438
p-valu: 7.917541240005984e-156

AL interation 3148/4801.

mae: 0.03244229280145527
max_error: 0.18511586295738436
variance: 0.0007345035700272045
pearson: 0.21577079182753572
p-valu: 0.0

AL interation 3149/4801.

mae: 0.0321422819197444
max_error: 0.16790444501273583
variance: 0.0007148835871812188
pearson: 0.1370986680689287
p-valu: 0.0

AL interation 3150/4801.

mae: 0.03214229943295801
max_error: 0.16789831480016715
variance: 0.0007149135942985755
pearson: 0.10478244524689317
p-valu: 3.1001801065496156e-229

AL interation 3151/4801.

mae: 0.03271744520645477
max_error: 0.1807585980523374
variance: 0.0007286857694765023
pearson: 0.09371686584574981
p-valu: 1.3680353243769327e-183

AL interation 3152/4801.

mae: 0.03271031205974605
max_error: 0.18084740217730833
variance: 0.0007285839594944214
pearson: 0.07533154852026676
p-valu: 3.7488624857917345e-119

AL interation 3153/4801.

mae: 0.03275576173397047
max_error: 0.18346226799170218
variance: 0.000734488684831775
pearson: 0.04922783092296947
p-valu: 7.150120610573025e-52

AL interation 3154/4801.

mae: 0.032664223562597204
max_error: 0.18227250584735266
variance: 0.0007320238212250817
pearson: 0.14447778652978308
p-valu: 0.0

AL interation 3155/4801.

mae: 0.03266386674762283
max_error: 0.18236179960061527
variance: 0.0007319424540873497
pearson: 0.12977680661691293
p-valu: 0.0

AL interation 3156/4801.

mae: 0.03266948952403365
max_error: 0.18135818979047436
variance: 0.0007312651789552978
pearson: 0.1228742133136923
p-valu: 4.71734511e-315

AL interation 3157/4801.

mae: 0.03266585951262206
max_error: 0.18127338886827893
variance: 0.0007310220393297551
pearson: 0.09217003781991363
p-valu: 1.3045237709936343e-177

AL interation 3158/4801.

mae: 0.03265111044683098
max_error: 0.18296366203415637
variance: 0.000729461169103661
pearson: 0.19055475613392875
p-valu: 0.0

AL interation 3159/4801.

mae: 0.03262522257524563
max_error: 0.18352539147875468
variance: 0.0007271645253012221
pearson: 0.16047128959326437
p-valu: 0.0

AL interation 3160/4801.

mae: 0.032614820131814326
max_error: 0.18403292185669962
variance: 0.0007274383858504396
pearson: 0.10366753434812233
p-valu: 2.230719983308927e-224

AL interation 3161/4801.

mae: 0.032612642190311715
max_error: 0.18379244768132885
variance: 0.0007269450341799616
pearson: 0.10286910306283276
p-valu: 6.018742501394351e-221

AL interation 3162/4801.

mae: 0.03295390082744307
max_error: 0.1877942572491822
variance: 0.0007640355287733706
pearson: 0.12883063220691926
p-valu: 0.0

AL interation 3163/4801.

mae: 0.03298103332364292
max_error: 0.18660518741219967
variance: 0.0007635236738130235
pearson: 0.11305865348557406
p-valu: 9.887301290851428e-267

AL interation 3164/4801.

mae: 0.03294626819998409
max_error: 0.18460671457708777
variance: 0.0007525000132200679
pearson: 0.09822437624914629
p-valu: 1.5715952139898404e-201

AL interation 3165/4801.

mae: 0.03294720707126261
max_error: 0.18464084995051344
variance: 0.0007525547974894772
pearson: 0.19949567828483394
p-valu: 0.0

AL interation 3166/4801.

mae: 0.032931835842794396
max_error: 0.1857011662750967
variance: 0.0007505731452737605
pearson: 0.12028152992227695
p-valu: 7.329176313524754e-302

AL interation 3167/4801.

mae: 0.03293125855764272
max_error: 0.18698830680935608
variance: 0.0007491873115438319
pearson: 0.13709693346330404
p-valu: 0.0

AL interation 3168/4801.

mae: 0.032940163532181106
max_error: 0.18711878401794202
variance: 0.0007496102011107335
pearson: 0.15084312659884774
p-valu: 0.0

AL interation 3169/4801.

mae: 0.03279621558584707
max_error: 0.18490424727773025
variance: 0.0007457896124635423
pearson: 0.11472841093725297
p-valu: 1.2223616873274268e-274

AL interation 3170/4801.

mae: 0.03276685814967127
max_error: 0.1882180748243929
variance: 0.0007458482383180118
pearson: 0.14477370835502792
p-valu: 0.0

AL interation 3171/4801.

mae: 0.032757479924819186
max_error: 0.1884760249113544
variance: 0.0007467946178039989
pearson: 0.08545923337639452
p-valu: 7.296659138475645e-153

AL interation 3172/4801.

mae: 0.032727088040869746
max_error: 0.1882365045703711
variance: 0.0007448740408852681
pearson: 0.11183022140510711
p-valu: 5.945847829523075e-261

AL interation 3173/4801.

mae: 0.03272777295253323
max_error: 0.1882877487978778
variance: 0.0007450566533711835
pearson: 0.14648544824443419
p-valu: 0.0

AL interation 3174/4801.

mae: 0.032725474172784035
max_error: 0.18823187454384716
variance: 0.0007451328094404913
pearson: 0.17032028824379708
p-valu: 0.0

AL interation 3175/4801.

mae: 0.032721908046292894
max_error: 0.18801977506794465
variance: 0.0007455381569384909
pearson: 0.17684929331668575
p-valu: 0.0

AL interation 3176/4801.

mae: 0.03268280005982729
max_error: 0.1845154104549085
variance: 0.000743601930475331
pearson: 0.06884405115136027
p-valu: 9.1513079467859e-100

AL interation 3177/4801.

mae: 0.03266571450547221
max_error: 0.18462263172389903
variance: 0.0007425969361087224
pearson: 0.0914898913731535
p-valu: 5.548678681953044e-175

AL interation 3178/4801.

mae: 0.03266699607466839
max_error: 0.18447989283143507
variance: 0.0007425204116777952
pearson: 0.11538993870019322
p-valu: 8.727221235641219e-278

AL interation 3179/4801.

mae: 0.03265234939129536
max_error: 0.18440554083193383
variance: 0.0007428096071316074
pearson: 0.07040952965860153
p-valu: 2.8443758516324255e-104

AL interation 3180/4801.

mae: 0.03262393686816721
max_error: 0.18567297909888403
variance: 0.0007421945880514274
pearson: 0.09532949366057719
p-valu: 7.314037984940397e-190

AL interation 3181/4801.

mae: 0.032470074389360136
max_error: 0.18474267567492753
variance: 0.0007350584368195047
pearson: 0.1862629005393097
p-valu: 0.0

AL interation 3182/4801.

mae: 0.03244994707867902
max_error: 0.1849421811666918
variance: 0.0007353403417805855
pearson: 0.14805591109731064
p-valu: 0.0

AL interation 3183/4801.

mae: 0.03245137993902406
max_error: 0.18485294781842931
variance: 0.0007353472104902134
pearson: 0.1492957502677874
p-valu: 0.0

AL interation 3184/4801.

mae: 0.03246496216303943
max_error: 0.18538997096314525
variance: 0.0007343335311065835
pearson: 0.09408848752185175
p-valu: 5.636598750475718e-185

AL interation 3185/4801.

mae: 0.032456775826636926
max_error: 0.18511951992971554
variance: 0.0007332174411791126
pearson: 0.14886897128724072
p-valu: 0.0

AL interation 3186/4801.

mae: 0.0324320539122415
max_error: 0.18216953139838843
variance: 0.0007310692688521887
pearson: 0.08758950832832364
p-valu: 1.760332878868913e-160

AL interation 3187/4801.

mae: 0.03241093706731924
max_error: 0.1804688390393796
variance: 0.0007294597493558022
pearson: 0.1266732710519345
p-valu: 0.0

AL interation 3188/4801.

mae: 0.0323995417792221
max_error: 0.17936321854634407
variance: 0.0007229168550189579
pearson: 0.1144070108076411
p-valu: 4.744791509308705e-273

AL interation 3189/4801.

mae: 0.03236226374768447
max_error: 0.17902988535118602
variance: 0.0007211281309317724
pearson: 0.09845257612553694
p-valu: 2.0747532991600547e-202

AL interation 3190/4801.

mae: 0.03242292336625502
max_error: 0.1833881433804283
variance: 0.0007236202984130382
pearson: 0.08499598558242256
p-valu: 3.387183354363174e-151

AL interation 3191/4801.

mae: 0.03242129029839822
max_error: 0.18481251347023608
variance: 0.000725034642740613
pearson: 0.11920230410005316
p-valu: 2.1628539529383894e-296

AL interation 3192/4801.

mae: 0.0323714691145366
max_error: 0.18416279401120228
variance: 0.0007250592408918876
pearson: 0.13633637634690607
p-valu: 0.0

AL interation 3193/4801.

mae: 0.03237475585549932
max_error: 0.18374863088959792
variance: 0.0007253156815840993
pearson: 0.09735477972667422
p-valu: 6.150816277170664e-198

AL interation 3194/4801.

mae: 0.032656383857590586
max_error: 0.18440633552657637
variance: 0.000740036455888582
pearson: 0.1430844144970214
p-valu: 0.0

AL interation 3195/4801.

mae: 0.032670614071286935
max_error: 0.18417661835613508
variance: 0.0007404589931993736
pearson: 0.11517975971829576
p-valu: 1.0002726906812517e-276

AL interation 3196/4801.

mae: 0.03266132790469431
max_error: 0.18485245374452752
variance: 0.0007411422824807353
pearson: 0.0897545911784237
p-valu: 2.0027526540650855e-168

AL interation 3197/4801.

mae: 0.03265447739760994
max_error: 0.18455721001649472
variance: 0.000742505832170112
pearson: 0.08444004826485076
p-valu: 3.109630136817255e-149

AL interation 3198/4801.

mae: 0.03261291512444155
max_error: 0.1851251279395303
variance: 0.0007417844749389957
pearson: 0.10063904328328727
p-valu: 1.9717693436715237e-211

AL interation 3199/4801.

mae: 0.032608963129713855
max_error: 0.18516788549735175
variance: 0.0007415900287877748
pearson: 0.12198961396959959
p-valu: 2.1687113521378e-310

AL interation 3200/4801.

mae: 0.0326374609568195
max_error: 0.185990608147252
variance: 0.000742704725377443
pearson: 0.1306056075672768
p-valu: 0.0

AL interation 3201/4801.

mae: 0.03262711773262602
max_error: 0.18594740426763856
variance: 0.0007423559432790986
pearson: 0.09921123439812364
p-valu: 1.6915197261881674e-205

AL interation 3202/4801.

mae: 0.03262613360150575
max_error: 0.18588222451492875
variance: 0.0007428836500621727
pearson: 0.12344520424042844
p-valu: 7.76617e-318

AL interation 3203/4801.

mae: 0.032619489138755564
max_error: 0.18550830052757483
variance: 0.0007423242908493314
pearson: 0.13324097742426316
p-valu: 0.0

AL interation 3204/4801.

mae: 0.032558012030646497
max_error: 0.18640198519554652
variance: 0.0007419464386197508
pearson: 0.09006804863532088
p-valu: 1.4025906343455833e-169

AL interation 3205/4801.

mae: 0.03255429936397141
max_error: 0.18632546207939704
variance: 0.0007414761209105618
pearson: 0.08268201979671258
p-valu: 3.9052445229825126e-143

AL interation 3206/4801.

mae: 0.0325350148054238
max_error: 0.18743458289375958
variance: 0.0007405353430231661
pearson: 0.16988767507346447
p-valu: 0.0

AL interation 3207/4801.

mae: 0.032541692850077714
max_error: 0.18715816593888412
variance: 0.0007408007986051024
pearson: 0.10627169897471123
p-valu: 1.2396305951095862e-235

AL interation 3208/4801.

mae: 0.03253164463177998
max_error: 0.18711859045200363
variance: 0.000740540286539146
pearson: 0.09066430182217941
p-valu: 8.308086569283397e-172

AL interation 3209/4801.

mae: 0.032545251901501794
max_error: 0.1860757899003449
variance: 0.0007405852789627315
pearson: 0.07666664861212083
p-valu: 2.7826843744315114e-123

AL interation 3210/4801.

mae: 0.03248512683833995
max_error: 0.1859045834017099
variance: 0.0007394187520545382
pearson: 0.12955599923126168
p-valu: 0.0

AL interation 3211/4801.

mae: 0.03247300573356711
max_error: 0.1866363025356197
variance: 0.0007374124028252212
pearson: 0.08352294743495861
p-valu: 5.076340066682518e-146

AL interation 3212/4801.

mae: 0.032463385153141275
max_error: 0.18485380775658378
variance: 0.0007402726944544561
pearson: 0.13280785300553452
p-valu: 0.0

AL interation 3213/4801.

mae: 0.03245975631238546
max_error: 0.18480377320432417
variance: 0.0007397500320276804
pearson: 0.11391205309824462
p-valu: 1.2629624970385503e-270

AL interation 3214/4801.

mae: 0.032453893669878144
max_error: 0.1832911945266762
variance: 0.0007377229308975472
pearson: 0.10950465426634412
p-valu: 3.991510569632212e-250

AL interation 3215/4801.

mae: 0.032440878380860474
max_error: 0.18332769091924384
variance: 0.0007372806614211606
pearson: 0.15417788284009928
p-valu: 0.0

AL interation 3216/4801.

mae: 0.032450671033304
max_error: 0.18129316138495888
variance: 0.0007363558196395593
pearson: 0.10726307282276586
p-valu: 5.170796243490627e-240

AL interation 3217/4801.

mae: 0.032450062593125516
max_error: 0.1813928718211475
variance: 0.0007363455558373391
pearson: 0.16790404961309505
p-valu: 0.0

AL interation 3218/4801.

mae: 0.03245123487136018
max_error: 0.18139077067738363
variance: 0.0007364338233348032
pearson: 0.10873257780657992
p-valu: 1.3089552797969202e-246

AL interation 3219/4801.

mae: 0.03239974148420488
max_error: 0.1801567788270706
variance: 0.0007318299101207861
pearson: 0.08038593826708684
p-valu: 2.321773948881333e-135

AL interation 3220/4801.

mae: 0.03239611574734578
max_error: 0.18140612955815705
variance: 0.0007317788801192081
pearson: 0.08789071656251471
p-valu: 1.6110179022401467e-161

AL interation 3221/4801.

mae: 0.03238584217033642
max_error: 0.18228450698646448
variance: 0.0007354110155939122
pearson: 0.10706404170291865
p-valu: 4.103780962847313e-239

AL interation 3222/4801.

mae: 0.03237754680527455
max_error: 0.18171129465830127
variance: 0.0007339450651599913
pearson: 0.15832156229883565
p-valu: 0.0

AL interation 3223/4801.

mae: 0.032721788791535276
max_error: 0.18778012425448942
variance: 0.0007454103144455471
pearson: 0.0863556068223384
p-valu: 5.690025535934902e-156

AL interation 3224/4801.

mae: 0.032720105181107274
max_error: 0.18807269122319958
variance: 0.0007455007192659318
pearson: 0.10240317783460862
p-valu: 8.169702118700548e-219

AL interation 3225/4801.

mae: 0.03270204456323392
max_error: 0.1881244228598309
variance: 0.0007465231384519472
pearson: 0.08678884290436088
p-valu: 1.599906178244532e-157

AL interation 3226/4801.

mae: 0.032701977367865044
max_error: 0.19289114856204215
variance: 0.0007471627171062788
pearson: 0.12242033055910542
p-valu: 1.690466774975e-312

AL interation 3227/4801.

mae: 0.03276385373447839
max_error: 0.19222662910309118
variance: 0.0007492709943110242
pearson: 0.09450253563769478
p-valu: 1.6379439446352463e-186

AL interation 3228/4801.

mae: 0.03275962467914338
max_error: 0.1918849162348426
variance: 0.0007492518948584384
pearson: 0.09384085496524959
p-valu: 6.330040223845929e-184

AL interation 3229/4801.

mae: 0.03271246147966042
max_error: 0.18811615516736602
variance: 0.0007482332177918715
pearson: 0.14432918404777015
p-valu: 0.0

AL interation 3230/4801.

mae: 0.03269194956111602
max_error: 0.1875264133878165
variance: 0.0007491041589645573
pearson: 0.09830242085257236
p-valu: 1.0400527141174568e-201

AL interation 3231/4801.

mae: 0.0327041757699452
max_error: 0.18710967347127117
variance: 0.0007482456114014141
pearson: 0.1234903682608728
p-valu: 5.67876e-318

AL interation 3232/4801.

mae: 0.03273550303986069
max_error: 0.18852454276478348
variance: 0.000746795807359483
pearson: 0.07239709603807233
p-valu: 4.373774299855471e-110

AL interation 3233/4801.

mae: 0.032734168270533236
max_error: 0.1886613175547911
variance: 0.0007469189367386845
pearson: 0.1079551725766668
p-valu: 4.560614833755397e-243

AL interation 3234/4801.

mae: 0.032726952458619424
max_error: 0.189792383173911
variance: 0.0007476004583254705
pearson: 0.09720625655825038
p-valu: 2.9752171570438506e-197

AL interation 3235/4801.

mae: 0.032711008612942676
max_error: 0.1892909796033866
variance: 0.0007460847629925754
pearson: 0.07553692627963257
p-valu: 1.0854024420916652e-119

AL interation 3236/4801.

mae: 0.032679619176570106
max_error: 0.18917049420545773
variance: 0.000748348088432487
pearson: 0.09036931376266044
p-valu: 1.1934011326681042e-170

AL interation 3237/4801.

mae: 0.03268032593092074
max_error: 0.18921760313517844
variance: 0.0007482511125689637
pearson: 0.07854438977336292
p-valu: 2.8130455226627428e-129

AL interation 3238/4801.

mae: 0.032673331015479305
max_error: 0.1881710378029613
variance: 0.0007476855486344675
pearson: 0.08978275094270338
p-valu: 1.8650970650160483e-168

AL interation 3239/4801.

mae: 0.032672808144675033
max_error: 0.1890922699995219
variance: 0.0007482479487882465
pearson: 0.06729349546859542
p-valu: 2.460261745154321e-95

AL interation 3240/4801.

mae: 0.03266470652869124
max_error: 0.18892568881986627
variance: 0.0007481605762262428
pearson: 0.08239703956910444
p-valu: 4.1490155236370686e-142

AL interation 3241/4801.

mae: 0.032674073936284985
max_error: 0.1877983408221855
variance: 0.0007480676889739162
pearson: 0.09624690401481105
p-valu: 2.182379989095984e-193

AL interation 3242/4801.

mae: 0.03269424411807893
max_error: 0.18765223639187134
variance: 0.0007498686286659044
pearson: 0.11355639681857001
p-valu: 7.377796046556385e-269

AL interation 3243/4801.

mae: 0.03269030806531489
max_error: 0.1867341553543458
variance: 0.0007489278016632608
pearson: 0.0991881362829462
p-valu: 2.592480257585508e-205

AL interation 3244/4801.

mae: 0.03262798310295433
max_error: 0.18733165585857314
variance: 0.00074797439273228
pearson: 0.08993726928463633
p-valu: 5.078032147915657e-169

AL interation 3245/4801.

mae: 0.03259527699487906
max_error: 0.18678544747948145
variance: 0.0007471617731320397
pearson: 0.13363612857526758
p-valu: 0.0

AL interation 3246/4801.

mae: 0.03257225304849495
max_error: 0.1851234896121543
variance: 0.0007473094207578322
pearson: 0.06685020978433935
p-valu: 4.238064230921167e-94

AL interation 3247/4801.

mae: 0.03250464249234441
max_error: 0.18398297960360033
variance: 0.0007453461376893743
pearson: 0.07600337636527814
p-valu: 3.874327340045712e-121

AL interation 3248/4801.

mae: 0.03244668982801432
max_error: 0.18509391851969959
variance: 0.0007407185109891968
pearson: 0.10286262272942996
p-valu: 1.0194760373879522e-220

AL interation 3249/4801.

mae: 0.03245271268678305
max_error: 0.18514095158301025
variance: 0.0007407172414066112
pearson: 0.09532829544499073
p-valu: 1.0135359187620068e-189

AL interation 3250/4801.

mae: 0.03245290294402882
max_error: 0.18514762715042998
variance: 0.0007407819606385709
pearson: 0.1451023918209212
p-valu: 0.0

AL interation 3251/4801.

mae: 0.03246057833586997
max_error: 0.18525749272069625
variance: 0.0007403232460219344
pearson: 0.1104186786391029
p-valu: 3.2889877568009798e-254

AL interation 3252/4801.

mae: 0.03245612076221886
max_error: 0.1850708671436525
variance: 0.0007360214118157492
pearson: 0.14315764261390107
p-valu: 0.0

AL interation 3253/4801.

mae: 0.0323760799193074
max_error: 0.18714657878720864
variance: 0.0007304200234938331
pearson: 0.08795107034664951
p-valu: 1.1037476425507998e-161

AL interation 3254/4801.

mae: 0.032375339915299096
max_error: 0.1882278610019359
variance: 0.0007302280809223628
pearson: 0.08738106402082874
p-valu: 1.30328410924392e-159

AL interation 3255/4801.

mae: 0.03237403508047201
max_error: 0.18832283839859265
variance: 0.0007301435942116303
pearson: 0.1359947620854614
p-valu: 0.0

AL interation 3256/4801.

mae: 0.03237468048200749
max_error: 0.18846795412813044
variance: 0.0007297260915720665
pearson: 0.09469970736243288
p-valu: 3.141790982101585e-187

AL interation 3257/4801.

mae: 0.03232938591493398
max_error: 0.19066094228313268
variance: 0.0007306273122227508
pearson: 0.09635406887421831
p-valu: 8.772569640651799e-194

AL interation 3258/4801.

mae: 0.032480520968198236
max_error: 0.19565807229358434
variance: 0.0007322873849341069
pearson: 0.09796284032042588
p-valu: 2.878617930436108e-200

AL interation 3259/4801.

mae: 0.0324805352164678
max_error: 0.1956130606950257
variance: 0.0007323306948545839
pearson: 0.1381008459052006
p-valu: 0.0

AL interation 3260/4801.

mae: 0.03247752495808727
max_error: 0.1956035578651001
variance: 0.0007319823695309557
pearson: 0.14066364740777404
p-valu: 0.0

AL interation 3261/4801.

mae: 0.032446152856763076
max_error: 0.19600098415233624
variance: 0.000732409951631859
pearson: 0.12966660364063437
p-valu: 0.0

AL interation 3262/4801.

mae: 0.03239153160542719
max_error: 0.1953599967264683
variance: 0.0007299151658666176
pearson: 0.128534949144989
p-valu: 0.0

AL interation 3263/4801.

mae: 0.03237222200755943
max_error: 0.19551621038684353
variance: 0.0007293458017616748
pearson: 0.07053516948879551
p-valu: 1.509140362981671e-104

AL interation 3264/4801.

mae: 0.03232757783485522
max_error: 0.195187654407194
variance: 0.0007286629035259381
pearson: 0.09700477179143682
p-valu: 2.224564703703584e-196

AL interation 3265/4801.

mae: 0.03232764138239416
max_error: 0.19527305119393823
variance: 0.0007285294482268961
pearson: 0.10552199638103028
p-valu: 3.434983152489519e-232

AL interation 3266/4801.

mae: 0.03233585782760259
max_error: 0.19582121091937843
variance: 0.0007288784330845932
pearson: 0.09174812298544627
p-valu: 8.43504808433287e-176

AL interation 3267/4801.

mae: 0.03233596200632077
max_error: 0.1958210295152032
variance: 0.0007288790966883516
pearson: 0.10532955169492193
p-valu: 2.4203631749685234e-231

AL interation 3268/4801.

mae: 0.032528285414541586
max_error: 0.1928730029203809
variance: 0.0007290877262476616
pearson: 0.12099454730961953
p-valu: 3.9997001298314773e-305

AL interation 3269/4801.

mae: 0.032532650799600826
max_error: 0.1929156549840929
variance: 0.0007293003734456013
pearson: 0.07259479942735163
p-valu: 1.2315963649556872e-110

AL interation 3270/4801.

mae: 0.032506915930560584
max_error: 0.1921948394183648
variance: 0.0007286090064741352
pearson: 0.09849537430815053
p-valu: 2.058594974459983e-202

AL interation 3271/4801.

mae: 0.032501593649904494
max_error: 0.1929125619454073
variance: 0.0007299507752853097
pearson: 0.09501419497352234
p-valu: 1.946909875612617e-188

AL interation 3272/4801.

mae: 0.03250301253248311
max_error: 0.192896153853356
variance: 0.0007302974655634896
pearson: 0.09752321969484007
p-valu: 1.868527918277205e-198

AL interation 3273/4801.

mae: 0.032506348872592156
max_error: 0.19334125254957435
variance: 0.0007306449507184845
pearson: 0.13206455638794337
p-valu: 0.0

AL interation 3274/4801.

mae: 0.03249824817849069
max_error: 0.1919356538228687
variance: 0.0007307529840949623
pearson: 0.09727134540487695
p-valu: 1.9655487210870376e-197

AL interation 3275/4801.

mae: 0.032500157692345814
max_error: 0.19264340245266176
variance: 0.0007312237947188275
pearson: 0.1214235364829102
p-valu: 2.8613038636396067e-307

AL interation 3276/4801.

mae: 0.03249172237394393
max_error: 0.192602907601243
variance: 0.0007311578902597363
pearson: 0.10887190164294581
p-valu: 4.330771636679933e-247

AL interation 3277/4801.

mae: 0.032804062674330906
max_error: 0.18463802246972882
variance: 0.0007406420202490109
pearson: 0.10626409160664534
p-valu: 1.9938497264089124e-235

AL interation 3278/4801.

mae: 0.03277077241528764
max_error: 0.18454361647585138
variance: 0.0007429103845848212
pearson: 0.1237179873413952
p-valu: 5.46476e-319

AL interation 3279/4801.

mae: 0.03272792694805453
max_error: 0.18384362045893177
variance: 0.0007407066510539411
pearson: 0.08984480682966486
p-valu: 1.2939195686752346e-168

AL interation 3280/4801.

mae: 0.032735130353868144
max_error: 0.18360955178528693
variance: 0.0007391696161350128
pearson: 0.13236264068827627
p-valu: 0.0

AL interation 3281/4801.

mae: 0.03274840081910155
max_error: 0.18352828899393225
variance: 0.0007385820505304491
pearson: 0.10061310932462679
p-valu: 3.862320629386929e-211

AL interation 3282/4801.

mae: 0.03314405418096701
max_error: 0.18076562650700234
variance: 0.0007404947087011731
pearson: 0.14631525977678567
p-valu: 0.0

AL interation 3283/4801.

mae: 0.0331231744794083
max_error: 0.1807798018550444
variance: 0.0007418513932846195
pearson: 0.10277089635101457
p-valu: 3.026504996836107e-220

AL interation 3284/4801.

mae: 0.03310780380552185
max_error: 0.18074277932342975
variance: 0.0007419249027934324
pearson: 0.11810847217785558
p-valu: 1.0758806753872383e-290

AL interation 3285/4801.

mae: 0.033104844520275324
max_error: 0.18072226421523974
variance: 0.0007419947742910557
pearson: 0.14426500834203987
p-valu: 0.0

AL interation 3286/4801.

mae: 0.03309435564557951
max_error: 0.1807565729820113
variance: 0.0007422409525133971
pearson: 0.08634528237480311
p-valu: 7.84474213997628e-156

AL interation 3287/4801.

mae: 0.033083081968390715
max_error: 0.18098048569542025
variance: 0.0007414629523132099
pearson: 0.1315558141898749
p-valu: 0.0

AL interation 3288/4801.

mae: 0.03306110067658896
max_error: 0.18045774905355083
variance: 0.0007391718492137109
pearson: 0.10648810123676575
p-valu: 2.170999496309376e-236

AL interation 3289/4801.

mae: 0.03305150061642709
max_error: 0.18065583574813227
variance: 0.0007398310906847835
pearson: 0.0982221220612454
p-valu: 2.9441861690591894e-201

AL interation 3290/4801.

mae: 0.033051164530036224
max_error: 0.18053834496701038
variance: 0.0007400249173415505
pearson: 0.08176666814593161
p-valu: 6.815091158428847e-140

AL interation 3291/4801.

mae: 0.03304038951336398
max_error: 0.1804107562553896
variance: 0.0007392868514847079
pearson: 0.09066464660551063
p-valu: 1.1672376160154794e-171

AL interation 3292/4801.

mae: 0.03304457396924219
max_error: 0.18066242150840717
variance: 0.0007396807604153097
pearson: 0.11730891250749298
p-valu: 9.467004200707213e-287

AL interation 3293/4801.

mae: 0.03297231603268392
max_error: 0.1808830442156819
variance: 0.0007364431535904209
pearson: 0.15128145888378836
p-valu: 0.0

AL interation 3294/4801.

mae: 0.03297975420477309
max_error: 0.18068961125269434
variance: 0.0007367562384685112
pearson: 0.1151139986797576
p-valu: 4.005477050418637e-276

AL interation 3295/4801.

mae: 0.03294262148182383
max_error: 0.18003971290332865
variance: 0.0007351452057686517
pearson: 0.08906029502511605
p-valu: 1.1151451657897106e-165

AL interation 3296/4801.

mae: 0.03292432234549132
max_error: 0.18016610222426843
variance: 0.0007347628974969418
pearson: 0.11844015573768349
p-valu: 2.7182374156699186e-292

AL interation 3297/4801.

mae: 0.03294977053092759
max_error: 0.18070615481580043
variance: 0.0007340273231565863
pearson: 0.10517567196866262
p-valu: 1.3471640995169033e-230

AL interation 3298/4801.

mae: 0.032939252306399255
max_error: 0.1808888397050965
variance: 0.0007332400397009475
pearson: 0.10664734104525407
p-valu: 4.5325600852439203e-237

AL interation 3299/4801.

mae: 0.032934905080729965
max_error: 0.18116054963926453
variance: 0.0007331428871879068
pearson: 0.08249939213926763
p-valu: 2.2704912785883083e-142

AL interation 3300/4801.

mae: 0.032895222538232946
max_error: 0.18201966918301205
variance: 0.0007316800607144498
pearson: 0.10646879494014383
p-valu: 2.8301980413064517e-236

AL interation 3301/4801.

mae: 0.032894820586384314
max_error: 0.1822240828247801
variance: 0.0007290360374097977
pearson: 0.14046271791970158
p-valu: 0.0

AL interation 3302/4801.

mae: 0.032879853219311896
max_error: 0.18292096536484914
variance: 0.000728210458178795
pearson: 0.11932119573882802
p-valu: 1.228843047565581e-296

AL interation 3303/4801.

mae: 0.03288011363995194
max_error: 0.18274927447661193
variance: 0.0007286539494306566
pearson: 0.1472329646708563
p-valu: 0.0

AL interation 3304/4801.

mae: 0.03284319001714491
max_error: 0.1825825138645656
variance: 0.0007256760107228167
pearson: 0.1172313853970048
p-valu: 2.4600338238999284e-286

AL interation 3305/4801.

mae: 0.03278065872501499
max_error: 0.1822689309034673
variance: 0.0007176735060337672
pearson: 0.08803987103878572
p-valu: 6.413021766886798e-162

AL interation 3306/4801.

mae: 0.03276548214703824
max_error: 0.1824946081020813
variance: 0.0007163863394588592
pearson: 0.1567857717084265
p-valu: 0.0

AL interation 3307/4801.

mae: 0.032768317707367524
max_error: 0.18246317980689364
variance: 0.0007161612994095762
pearson: 0.12635757779885287
p-valu: 0.0

AL interation 3308/4801.

mae: 0.03277234593030382
max_error: 0.18331576810911665
variance: 0.0007160341950349057
pearson: 0.07781527617825193
p-valu: 7.986017975649084e-127

AL interation 3309/4801.

mae: 0.03276702425136928
max_error: 0.18313131194614707
variance: 0.0007154526228474379
pearson: 0.08318588815192818
p-valu: 1.0410947617894005e-144

AL interation 3310/4801.

mae: 0.03272001453706331
max_error: 0.18238021265157167
variance: 0.000713089804043974
pearson: 0.0844978683543182
p-valu: 2.926818828041222e-149

AL interation 3311/4801.

mae: 0.03271912043294603
max_error: 0.18236415208108392
variance: 0.0007133746704227154
pearson: 0.08351811963514007
p-valu: 7.489999062342708e-146

AL interation 3312/4801.

mae: 0.03272685217717264
max_error: 0.18231950822397502
variance: 0.0007126154639618979
pearson: 0.11015700838023836
p-valu: 7.577527841235132e-253

AL interation 3313/4801.

mae: 0.03272666259317395
max_error: 0.18232268649322814
variance: 0.0007125979036160082
pearson: 0.12662486851937227
p-valu: 0.0

AL interation 3314/4801.

mae: 0.032716767131510435
max_error: 0.18367153745808773
variance: 0.0007111909576454947
pearson: 0.10698616946876569
p-valu: 1.5577090320215624e-238

AL interation 3315/4801.

mae: 0.03273328700902435
max_error: 0.18331875556638133
variance: 0.0007123974048085106
pearson: 0.1492837038084962
p-valu: 0.0

AL interation 3316/4801.

mae: 0.03264096259080658
max_error: 0.18347703071655141
variance: 0.0007106752363031048
pearson: 0.08901877414727964
p-valu: 1.725069069816992e-165

AL interation 3317/4801.

mae: 0.03259431769232268
max_error: 0.18399110689521203
variance: 0.0007110168333526974
pearson: 0.0917614678426504
p-valu: 9.312987282651206e-176

AL interation 3318/4801.

mae: 0.032594963361566955
max_error: 0.1841666900642509
variance: 0.0007109239589865525
pearson: 0.07422185484956238
p-valu: 1.621073661415943e-115

AL interation 3319/4801.

mae: 0.03250915781641574
max_error: 0.1849924653203403
variance: 0.00070259078382493
pearson: 0.09782392033037327
p-valu: 1.416035980675761e-199

AL interation 3320/4801.

mae: 0.032473688052272354
max_error: 0.18517837332789222
variance: 0.0007030807814551769
pearson: 0.10136535145507003
p-valu: 3.3164885505435e-214

AL interation 3321/4801.

mae: 0.03247409956091543
max_error: 0.18527219718695287
variance: 0.0007031945854268988
pearson: 0.07150375037420643
p-valu: 2.5063345346774654e-107

AL interation 3322/4801.

mae: 0.03242406823632986
max_error: 0.18824406997615606
variance: 0.000702138947463728
pearson: 0.12275607196158525
p-valu: 6.719352194e-314

AL interation 3323/4801.

mae: 0.03242346192822967
max_error: 0.1882641967155565
variance: 0.0007021104194924062
pearson: 0.10327973411273059
p-valu: 2.4953005141857566e-222

AL interation 3324/4801.

mae: 0.032429107846043165
max_error: 0.18825538894330984
variance: 0.0007022658966107235
pearson: 0.11250593211714488
p-valu: 1.0913081779977568e-263

AL interation 3325/4801.

mae: 0.03223895268033464
max_error: 0.1868646914214538
variance: 0.0006947057618209841
pearson: 0.1162836571916378
p-valu: 1.1492442695530456e-281

AL interation 3326/4801.

mae: 0.032240675570716706
max_error: 0.18674440252531221
variance: 0.0006945969176705092
pearson: 0.08181143467843476
p-valu: 5.426539283652526e-140

AL interation 3327/4801.

mae: 0.03221932283157722
max_error: 0.18681795253238542
variance: 0.0006938515195691323
pearson: 0.09886166835570742
p-valu: 8.613783369511582e-204

AL interation 3328/4801.

mae: 0.032040425531335556
max_error: 0.18211602055695275
variance: 0.0006904940567555818
pearson: 0.05501656376369274
p-valu: 3.0634254921022166e-64

AL interation 3329/4801.

mae: 0.03204413383071771
max_error: 0.1827292334625441
variance: 0.0006905075864678509
pearson: 0.08950525677953804
p-valu: 2.8909167418033375e-167

AL interation 3330/4801.

mae: 0.03199739810784429
max_error: 0.18186543127982313
variance: 0.0006896889249745096
pearson: 0.09988728053856372
p-valu: 5.175699317700883e-208

AL interation 3331/4801.

mae: 0.03199729912406548
max_error: 0.18146987610695087
variance: 0.0006898506357116064
pearson: 0.1026595218596644
p-valu: 1.1655624093845822e-219

AL interation 3332/4801.

mae: 0.032009204579125844
max_error: 0.1816589124488588
variance: 0.0006912544915516106
pearson: 0.10928368876972101
p-valu: 8.224409145700384e-249

AL interation 3333/4801.

mae: 0.031958489800655396
max_error: 0.18189209638391057
variance: 0.0006889025542229512
pearson: 0.14592290827309815
p-valu: 0.0

AL interation 3334/4801.

mae: 0.03198502347452347
max_error: 0.1817289179659043
variance: 0.0006889497248426961
pearson: 0.09661559537032167
p-valu: 1.130204548096719e-194

AL interation 3335/4801.

mae: 0.03193904131265413
max_error: 0.18075705103425443
variance: 0.0006874066750642536
pearson: 0.08475041115306528
p-valu: 4.1781798823949595e-150

AL interation 3336/4801.

mae: 0.03194599256729911
max_error: 0.18142985708860815
variance: 0.0006875561984751196
pearson: 0.10470268610778291
p-valu: 1.9256243197671847e-228

AL interation 3337/4801.

mae: 0.031940963529807846
max_error: 0.18238137448375946
variance: 0.0006871019735193842
pearson: 0.122483393983158
p-valu: 1.863734514454e-312

AL interation 3338/4801.

mae: 0.031937889554256776
max_error: 0.18175015847979248
variance: 0.0006873995513080481
pearson: 0.09736095620729329
p-valu: 1.1592639598181558e-197

AL interation 3339/4801.

mae: 0.031966746959409244
max_error: 0.18146612431033882
variance: 0.0006896882788920386
pearson: 0.06889674028531564
p-valu: 9.552302960042098e-100

AL interation 3340/4801.

mae: 0.03188370044757099
max_error: 0.18214775289258123
variance: 0.0006862380945610934
pearson: 0.0648134623251771
p-valu: 1.8053070481159182e-88

AL interation 3341/4801.

mae: 0.03190325759766348
max_error: 0.18231546153280087
variance: 0.000687331700499329
pearson: 0.0800746695443954
p-valu: 3.7206044048204615e-134

AL interation 3342/4801.

mae: 0.03186372091226242
max_error: 0.18221268050425588
variance: 0.0006866824308655413
pearson: 0.15241960715158523
p-valu: 0.0

AL interation 3343/4801.

mae: 0.03189865112532816
max_error: 0.18457036275382288
variance: 0.000687686589619512
pearson: 0.08997498224861585
p-valu: 5.495851599378983e-169

AL interation 3344/4801.

mae: 0.03189646533251608
max_error: 0.1834364495431715
variance: 0.0006864864120754372
pearson: 0.1069677725463357
p-valu: 2.2350619759615785e-238

AL interation 3345/4801.

mae: 0.03188919682314828
max_error: 0.18352894301521028
variance: 0.000686151843441076
pearson: 0.1422092424512648
p-valu: 0.0

AL interation 3346/4801.

mae: 0.03189816380336687
max_error: 0.1839211602115598
variance: 0.0006869948768066604
pearson: 0.1483138050612415
p-valu: 0.0

AL interation 3347/4801.

mae: 0.03188640625664647
max_error: 0.1830895683002951
variance: 0.0006865322476599029
pearson: 0.06521548063214574
p-valu: 1.5262103220614426e-89

AL interation 3348/4801.

mae: 0.031896018395148766
max_error: 0.18304333304573683
variance: 0.0006867622593258033
pearson: 0.07331734424403122
p-valu: 1.007291892285409e-112

AL interation 3349/4801.

mae: 0.03189185377164103
max_error: 0.18305666417169286
variance: 0.0006866546445550311
pearson: 0.05400869751208455
p-valu: 5.866716864724729e-62

AL interation 3350/4801.

mae: 0.031884758993895396
max_error: 0.18286017633969331
variance: 0.0006860807490005676
pearson: 0.1018082729606521
p-valu: 5.2635481730566674e-216

AL interation 3351/4801.

mae: 0.031855326720825215
max_error: 0.17683118021798983
variance: 0.0006827080297790183
pearson: 0.09453138955352544
p-valu: 2.2035904588569174e-186

AL interation 3352/4801.

mae: 0.03185051319944978
max_error: 0.17629538737222283
variance: 0.0006816660010985808
pearson: 0.08658404067977198
p-valu: 1.4048735349281325e-156

AL interation 3353/4801.

mae: 0.031853069211104125
max_error: 0.17688163167898274
variance: 0.0006808115606323556
pearson: 0.07870478283505998
p-valu: 1.213283433011861e-129

AL interation 3354/4801.

mae: 0.03185345316217598
max_error: 0.17687879590360644
variance: 0.0006808081131453972
pearson: 0.10668833896094038
p-valu: 4.1111972992468546e-237

AL interation 3355/4801.

mae: 0.0317975762304428
max_error: 0.17554778747128985
variance: 0.0006782440686180934
pearson: 0.13120222180245206
p-valu: 0.0

AL interation 3356/4801.

mae: 0.03179476950957597
max_error: 0.17510958422193035
variance: 0.0006784432962948305
pearson: 0.09138278037988311
p-valu: 2.998581257256649e-174

AL interation 3357/4801.

mae: 0.03174916748704782
max_error: 0.1747908713614681
variance: 0.0006773179360868454
pearson: 0.10329044741105306
p-valu: 2.694372199300329e-222

AL interation 3358/4801.

mae: 0.03174783986402491
max_error: 0.17469347566205506
variance: 0.0006775697801353669
pearson: 0.08874794897916308
p-valu: 2.0227648830850944e-164

AL interation 3359/4801.

mae: 0.031630347509207714
max_error: 0.17446022883362566
variance: 0.0006746589428080632
pearson: 0.09527952606812862
p-valu: 2.610653185865823e-189

AL interation 3360/4801.

mae: 0.03161380220515596
max_error: 0.17446828776431467
variance: 0.0006746092927254833
pearson: 0.13601265222748996
p-valu: 0.0

AL interation 3361/4801.

mae: 0.031613807498701574
max_error: 0.17435816259515668
variance: 0.0006743782637660431
pearson: 0.12227518674943372
p-valu: 2.575588324491e-311

AL interation 3362/4801.

mae: 0.03156280618252381
max_error: 0.17473515509758109
variance: 0.0006738718852194418
pearson: 0.08837821620140503
p-valu: 4.658072198600172e-163

AL interation 3363/4801.

mae: 0.031560518001513764
max_error: 0.17474125459833267
variance: 0.0006738546791726213
pearson: 0.0940209736820479
p-valu: 2.291507521372769e-184

AL interation 3364/4801.

mae: 0.0315308136189322
max_error: 0.17392424773700732
variance: 0.000675359583269995
pearson: 0.17216816774052557
p-valu: 0.0

AL interation 3365/4801.

mae: 0.031539571926053965
max_error: 0.17379561975670477
variance: 0.0006762145782475799
pearson: 0.0878174692266564
p-valu: 5.2231153203663985e-161

AL interation 3366/4801.

mae: 0.031545618197070094
max_error: 0.1738056372587682
variance: 0.0006763548910054148
pearson: 0.08585104884220658
p-valu: 6.101255124566098e-154

AL interation 3367/4801.

mae: 0.03140625336432254
max_error: 0.1724949968220546
variance: 0.0006724507440727109
pearson: 0.1461215261788226
p-valu: 0.0

AL interation 3368/4801.

mae: 0.0314077444777621
max_error: 0.17281132758492568
variance: 0.0006718170137955731
pearson: 0.08815937486555485
p-valu: 3.0055481244947675e-162

AL interation 3369/4801.

mae: 0.031400340279212804
max_error: 0.17390308272209332
variance: 0.0006713122364588907
pearson: 0.09731574252010983
p-valu: 2.045413372002758e-197

AL interation 3370/4801.

mae: 0.03141228955563434
max_error: 0.1724801667724325
variance: 0.0006716012955099215
pearson: 0.12430678408211303
p-valu: 1.01e-321

AL interation 3371/4801.

mae: 0.0314100078361194
max_error: 0.1723650844533342
variance: 0.0006715674697449542
pearson: 0.1289955118918345
p-valu: 0.0

AL interation 3372/4801.

mae: 0.03140156557681014
max_error: 0.17200404297457972
variance: 0.000671149726045351
pearson: 0.07003989026176707
p-valu: 5.429493405938685e-103

AL interation 3373/4801.

mae: 0.031395163822896685
max_error: 0.172062191274593
variance: 0.0006707735889380393
pearson: 0.09116612532193795
p-valu: 2.121746653462439e-173

AL interation 3374/4801.

mae: 0.03138907312829216
max_error: 0.17275905139379866
variance: 0.0006717215489650792
pearson: 0.10074433789160915
p-valu: 1.7564230937262683e-211

AL interation 3375/4801.

mae: 0.03133353944450672
max_error: 0.17446404113346325
variance: 0.000670286737206497
pearson: 0.1368843480928682
p-valu: 0.0

AL interation 3376/4801.

mae: 0.03134032250913861
max_error: 0.17452073347070218
variance: 0.0006705303519544382
pearson: 0.12110977030587258
p-valu: 2.3294752704829484e-305

AL interation 3377/4801.

mae: 0.03127416440617368
max_error: 0.17477969045924802
variance: 0.0006697248654911085
pearson: 0.06958834691802718
p-valu: 1.1013670147845258e-101

AL interation 3378/4801.

mae: 0.031248864709859183
max_error: 0.17427455384953028
variance: 0.0006693230303615863
pearson: 0.09039332663481883
p-valu: 1.7382745935357445e-170

AL interation 3379/4801.

mae: 0.0312789362730837
max_error: 0.1774653640923436
variance: 0.0006690854774575793
pearson: 0.09563676711543499
p-valu: 1.1055114240592772e-190

AL interation 3380/4801.

mae: 0.0312929056343462
max_error: 0.17906615065206388
variance: 0.0006694459197990911
pearson: 0.11232340675784476
p-valu: 1.1112630025165567e-262

AL interation 3381/4801.

mae: 0.03128369431152241
max_error: 0.17849575331186607
variance: 0.000668623212463504
pearson: 0.06974042716353608
p-valu: 4.061315074483936e-102

AL interation 3382/4801.

mae: 0.031286950876888056
max_error: 0.17825925521086283
variance: 0.0006680411310632406
pearson: 0.10378350106212217
p-valu: 2.348307613810883e-224

AL interation 3383/4801.

mae: 0.031242433669220856
max_error: 0.1810979432948745
variance: 0.0006681380282765611
pearson: 0.08893931935730029
p-valu: 4.418752772763087e-165

AL interation 3384/4801.

mae: 0.031229939851862735
max_error: 0.18093077866709173
variance: 0.0006658618150857617
pearson: 0.10110882668603488
p-valu: 5.5123526697394655e-213

AL interation 3385/4801.

mae: 0.03117707781834785
max_error: 0.18040125629616632
variance: 0.0006657866485364057
pearson: 0.08341293739872002
p-valu: 2.239595224646427e-145

AL interation 3386/4801.

mae: 0.031187460904825662
max_error: 0.18083366648991905
variance: 0.0006680713578519206
pearson: 0.07856635049238894
p-valu: 3.78831348250377e-129

AL interation 3387/4801.

mae: 0.03115780672514678
max_error: 0.1789293915090031
variance: 0.0006673088178422568
pearson: 0.12058835897541119
p-valu: 1.0626086097029564e-302

AL interation 3388/4801.

mae: 0.03116953563490184
max_error: 0.1797823234110485
variance: 0.0006663229177991467
pearson: 0.11250806884887796
p-valu: 1.603738657083523e-263

AL interation 3389/4801.

mae: 0.031185804635351533
max_error: 0.17893523710066184
variance: 0.0006657212996193633
pearson: 0.08725534202786245
p-valu: 6.226247885709565e-159

AL interation 3390/4801.

mae: 0.03117528443965792
max_error: 0.1792291195188529
variance: 0.0006655912431502588
pearson: 0.08619932008532061
p-valu: 3.843490829051196e-155

AL interation 3391/4801.

mae: 0.03117692529930726
max_error: 0.17957331937125964
variance: 0.0006655451017151632
pearson: 0.068027201161408
p-valu: 3.1024892055057325e-97

AL interation 3392/4801.

mae: 0.031128720509994188
max_error: 0.18016147753135847
variance: 0.0006633514603233712
pearson: 0.08056481149106848
p-valu: 1.0345578587608168e-135

AL interation 3393/4801.

mae: 0.031117790854872658
max_error: 0.18022687630494438
variance: 0.000663957791345237
pearson: 0.09313426385311474
p-valu: 7.147945459507295e-181

AL interation 3394/4801.

mae: 0.031111287161906098
max_error: 0.18020481651459086
variance: 0.0006638179081950151
pearson: 0.0813496609526087
p-valu: 2.461215926957048e-138

AL interation 3395/4801.

mae: 0.031079813087518803
max_error: 0.1798270470563086
variance: 0.0006626174274951286
pearson: 0.07864005478176582
p-valu: 2.244725537276448e-129

AL interation 3396/4801.

mae: 0.031044896267549586
max_error: 0.17885446159110252
variance: 0.0006622585975707066
pearson: 0.11220609740435601
p-valu: 4.3375736974937405e-262

AL interation 3397/4801.

mae: 0.031039181034103757
max_error: 0.17561967366330755
variance: 0.0006618389889810356
pearson: 0.0942964820684083
p-valu: 2.2460912917569633e-185

AL interation 3398/4801.

mae: 0.031058676141380248
max_error: 0.17530617784999158
variance: 0.0006616312123641959
pearson: 0.09906238885144061
p-valu: 1.8343783658913194e-204

AL interation 3399/4801.

mae: 0.031003055719267307
max_error: 0.17531378172773948
variance: 0.0006601891913343471
pearson: 0.11865159591930596
p-valu: 5.098886979204675e-293

AL interation 3400/4801.

mae: 0.030947982633118334
max_error: 0.1755793738512086
variance: 0.0006607550435427121
pearson: 0.09228783073905947
p-valu: 1.30748631974102e-177

AL interation 3401/4801.

mae: 0.0308660553411609
max_error: 0.17438419374141922
variance: 0.00065412623579864
pearson: 0.06691329715531102
p-valu: 4.018932602174425e-94

AL interation 3402/4801.

mae: 0.030858934801600717
max_error: 0.1740289898143903
variance: 0.0006544196799571075
pearson: 0.08149053748484716
p-valu: 8.483747430119494e-139

AL interation 3403/4801.

mae: 0.03084450611881139
max_error: 0.17681005329271393
variance: 0.0006531513792525446
pearson: 0.08146149257923278
p-valu: 1.0662356105972766e-138

AL interation 3404/4801.

mae: 0.03084597633801276
max_error: 0.17720104016828664
variance: 0.0006546815654414091
pearson: 0.07907858731282852
p-valu: 8.596694471032024e-131

AL interation 3405/4801.

mae: 0.03084329223158825
max_error: 0.17694734004820312
variance: 0.0006546158564474382
pearson: 0.14491919463917574
p-valu: 0.0

AL interation 3406/4801.

mae: 0.030832474395483155
max_error: 0.17720180661038576
variance: 0.000654835118828109
pearson: 0.11713348537905349
p-valu: 1.4958349839920806e-285

AL interation 3407/4801.

mae: 0.030797232795656482
max_error: 0.17753115721191826
variance: 0.0006537951933924842
pearson: 0.07360122855462822
p-valu: 1.6261435810767166e-113

AL interation 3408/4801.

mae: 0.03077546287147623
max_error: 0.17761693277046398
variance: 0.0006512900010818278
pearson: 0.06594604665096651
p-valu: 1.831851973279723e-91

AL interation 3409/4801.

mae: 0.030819293487862217
max_error: 0.17107209651206468
variance: 0.0006600435240738967
pearson: 0.12435662151933027
p-valu: 7.5e-322

AL interation 3410/4801.

mae: 0.030986955267301632
max_error: 0.17128060134476364
variance: 0.0006629794068997115
pearson: 0.09693954772484074
p-valu: 8.11605358769879e-196

AL interation 3411/4801.

mae: 0.031135048638211777
max_error: 0.17418348331105626
variance: 0.0006638659097924912
pearson: 0.10572338113870204
p-valu: 1.0201493744389139e-232

AL interation 3412/4801.

mae: 0.031167482744566863
max_error: 0.17164239748584187
variance: 0.000665604300895062
pearson: 0.08248806072876436
p-valu: 3.6525494655377514e-142

AL interation 3413/4801.

mae: 0.031123616938957637
max_error: 0.1721519807825036
variance: 0.0006624306403388388
pearson: 0.10664732840606518
p-valu: 8.756148775037417e-237

AL interation 3414/4801.

mae: 0.031112296451941104
max_error: 0.17179996369580586
variance: 0.0006616733493321241
pearson: 0.08325145539453173
p-valu: 8.92265674319486e-145

AL interation 3415/4801.

mae: 0.03107735892719987
max_error: 0.17181407936644355
variance: 0.0006596993677758143
pearson: 0.08540348029572016
p-valu: 2.812001315744803e-152

AL interation 3416/4801.

mae: 0.031082207919891684
max_error: 0.17176513537472893
variance: 0.0006599202381883476
pearson: 0.11482435113180207
p-valu: 2.1912078651412912e-274

AL interation 3417/4801.

mae: 0.031046958552656278
max_error: 0.17415534669911104
variance: 0.0006597873359231436
pearson: 0.07275930104021505
p-valu: 5.8478307714223425e-111

AL interation 3418/4801.

mae: 0.031068729579631877
max_error: 0.17415258375243248
variance: 0.000660603156550749
pearson: 0.08333065937167158
p-valu: 4.8288284099614616e-145

AL interation 3419/4801.

mae: 0.031068983880393038
max_error: 0.17424670978201284
variance: 0.0006604919996212424
pearson: 0.09775946146652666
p-valu: 4.1807628736473735e-199

AL interation 3420/4801.

mae: 0.03106224185465517
max_error: 0.17459944649729842
variance: 0.0006615754613605529
pearson: 0.06961073286789238
p-valu: 1.0544977249994846e-101

AL interation 3421/4801.

mae: 0.031070289415700104
max_error: 0.17340132385200668
variance: 0.0006626050678396936
pearson: 0.08234878732520234
p-valu: 1.1230298308254173e-141

AL interation 3422/4801.

mae: 0.031069927376637347
max_error: 0.17340284803415962
variance: 0.0006625904172824275
pearson: 0.12865868011685294
p-valu: 0.0

AL interation 3423/4801.

mae: 0.0310560760816116
max_error: 0.17279701303690054
variance: 0.0006597935613169461
pearson: 0.09143710607853812
p-valu: 2.474950971405327e-174

AL interation 3424/4801.

mae: 0.031057310281616773
max_error: 0.172850892285199
variance: 0.0006598640276885881
pearson: 0.125583329430067
p-valu: 0.0

AL interation 3425/4801.

mae: 0.031041576184225983
max_error: 0.17235156354493775
variance: 0.0006593706082715306
pearson: 0.07678931363042334
p-valu: 2.1514695820898674e-123

AL interation 3426/4801.

mae: 0.031038411939624817
max_error: 0.17277642822503658
variance: 0.0006596414087775601
pearson: 0.06463086826493417
p-valu: 6.652375082875491e-88

AL interation 3427/4801.

mae: 0.031037229546736777
max_error: 0.1727718714528539
variance: 0.000659618043194906
pearson: 0.0892751690765636
p-valu: 3.042930649508497e-166

AL interation 3428/4801.

mae: 0.031023762227437773
max_error: 0.17329835368858149
variance: 0.0006584754008278845
pearson: 0.11960063253646006
p-valu: 1.2393101825500892e-297

AL interation 3429/4801.

mae: 0.031024238971122692
max_error: 0.17329105995580285
variance: 0.0006583209905373733
pearson: 0.09637897126570441
p-valu: 1.5577967921187652e-193

AL interation 3430/4801.

mae: 0.031033031253661768
max_error: 0.17314897408781071
variance: 0.0006578218246838368
pearson: 0.08579971907495659
p-valu: 1.1763114155788255e-153

AL interation 3431/4801.

mae: 0.03100748591862891
max_error: 0.1727813788484429
variance: 0.0006577455515326498
pearson: 0.08357254105231221
p-valu: 7.399894829599478e-146

AL interation 3432/4801.

mae: 0.031003251196546712
max_error: 0.17279109748327137
variance: 0.0006576525123161176
pearson: 0.08610836268847503
p-valu: 9.480982019256324e-155

AL interation 3433/4801.

mae: 0.030979276165558282
max_error: 0.17334522945660247
variance: 0.0006570306838401967
pearson: 0.09959682458012378
p-valu: 1.3770768105309612e-206

AL interation 3434/4801.

mae: 0.030978641165667727
max_error: 0.1733476790095967
variance: 0.0006568422151870243
pearson: 0.0713177211749454
p-valu: 1.184170113094161e-106

AL interation 3435/4801.

mae: 0.030969786837122624
max_error: 0.17279924337620578
variance: 0.0006561255932771008
pearson: 0.10227499387678816
p-valu: 8.700209311559762e-218

AL interation 3436/4801.

mae: 0.030952610349346762
max_error: 0.17150042653796227
variance: 0.0006563333890356925
pearson: 0.07463134085685588
p-valu: 1.2397146239048219e-116

AL interation 3437/4801.

mae: 0.030942918074785546
max_error: 0.17154123566709423
variance: 0.0006557057919132756
pearson: 0.09898892298191632
p-valu: 4.451463236146147e-204

AL interation 3438/4801.

mae: 0.030935564440529868
max_error: 0.17102544758657423
variance: 0.0006551946031903463
pearson: 0.08589566066675396
p-valu: 5.531717486052476e-154

AL interation 3439/4801.

mae: 0.030903733437698117
max_error: 0.17055398007053846
variance: 0.0006542434041272477
pearson: 0.12060662315560149
p-valu: 1.2596112055344658e-302

AL interation 3440/4801.

mae: 0.03090723259785897
max_error: 0.17030175052699015
variance: 0.0006537663806181231
pearson: 0.08726172075354681
p-valu: 7.177383583696215e-159

AL interation 3441/4801.

mae: 0.030931596264254225
max_error: 0.1702327288722092
variance: 0.0006529819156723588
pearson: 0.10064649876213128
p-valu: 6.331068123019774e-211

AL interation 3442/4801.

mae: 0.030921967312599725
max_error: 0.17249608994009868
variance: 0.0006543147608233804
pearson: 0.07416342549603255
p-valu: 3.449820997664222e-115

AL interation 3443/4801.

mae: 0.030906825080576038
max_error: 0.17167169555890105
variance: 0.0006528392902085666
pearson: 0.06390862052545093
p-valu: 5.666976516929422e-86

AL interation 3444/4801.

mae: 0.030927784838235002
max_error: 0.17128375664018058
variance: 0.0006534256088409368
pearson: 0.07577430439164243
p-valu: 3.5830755478908244e-120

AL interation 3445/4801.

mae: 0.030923329995975354
max_error: 0.17035678425512124
variance: 0.0006526882924696328
pearson: 0.07136150655124207
p-valu: 9.05111573147555e-107

AL interation 3446/4801.

mae: 0.03092873479344077
max_error: 0.17044104824438655
variance: 0.0006529715598212014
pearson: 0.0925971980149309
p-valu: 1.043651867251195e-178

AL interation 3447/4801.

mae: 0.030877726771601572
max_error: 0.16994736706240765
variance: 0.0006505837745853814
pearson: 0.10317415425803457
p-valu: 1.3740541238646562e-221

AL interation 3448/4801.

mae: 0.03090350182493873
max_error: 0.1700541374985125
variance: 0.0006499707401458887
pearson: 0.1326842257003337
p-valu: 0.0

AL interation 3449/4801.

mae: 0.03089860209398578
max_error: 0.16916817934819228
variance: 0.0006494560565349525
pearson: 0.07177274180787628
p-valu: 5.578437193763897e-108

AL interation 3450/4801.

mae: 0.030907124552171504
max_error: 0.16898022918670286
variance: 0.0006494866036630234
pearson: 0.08705613229211141
p-valu: 4.10630870328941e-158

AL interation 3451/4801.

mae: 0.030896738841872464
max_error: 0.16856859196107798
variance: 0.0006491873262875099
pearson: 0.11555870923609864
p-valu: 8.436501564730812e-278

AL interation 3452/4801.

mae: 0.030875748407372356
max_error: 0.16841095010298268
variance: 0.0006482714416462791
pearson: 0.0845611563248384
p-valu: 2.9279856694903643e-149

AL interation 3453/4801.

mae: 0.030870342504765187
max_error: 0.16841659482727955
variance: 0.0006481546522745003
pearson: 0.07222188317509093
p-valu: 2.6088320376536845e-109

AL interation 3454/4801.

mae: 0.030867520493098974
max_error: 0.16844916487664996
variance: 0.0006480329630594818
pearson: 0.06505639323037107
p-valu: 5.1324999877343275e-89

AL interation 3455/4801.

mae: 0.03083393875673257
max_error: 0.1683238407740948
variance: 0.0006479591230796908
pearson: 0.10410182849348004
p-valu: 1.4816956597102674e-225

AL interation 3456/4801.

mae: 0.03084261259545047
max_error: 0.16835638067553482
variance: 0.0006477622144648762
pearson: 0.09414870980255104
p-valu: 1.1021917381814189e-184

AL interation 3457/4801.

mae: 0.030829203573228655
max_error: 0.16845677867516606
variance: 0.0006471083606287916
pearson: 0.07697223483277434
p-valu: 6.2123645130111304e-124

AL interation 3458/4801.

mae: 0.03081928981464553
max_error: 0.16856118827402788
variance: 0.0006466954033565516
pearson: 0.078732356306198
p-valu: 1.3684917596554132e-129

AL interation 3459/4801.

mae: 0.030793630065938125
max_error: 0.16705004491362452
variance: 0.0006462009626047352
pearson: 0.07870186451226321
p-valu: 1.7247055343156102e-129

AL interation 3460/4801.

mae: 0.030799206071086573
max_error: 0.16739429139036766
variance: 0.000645754618710685
pearson: 0.11221204881149233
p-valu: 6.105821508282522e-262

AL interation 3461/4801.

mae: 0.030807847231274083
max_error: 0.16724181283555772
variance: 0.0006461189786397146
pearson: 0.12615652553314702
p-valu: 0.0

AL interation 3462/4801.

mae: 0.030815660349790604
max_error: 0.16707232346655765
variance: 0.0006461796368466182
pearson: 0.11070413390074782
p-valu: 5.881280577743358e-255

AL interation 3463/4801.

mae: 0.030811651353856655
max_error: 0.16660975300604441
variance: 0.0006461295956754679
pearson: 0.09977298947998801
p-valu: 2.9958761181841966e-207

AL interation 3464/4801.

mae: 0.03080395180526282
max_error: 0.16642714527100289
variance: 0.0006474780588272158
pearson: 0.10537652414467265
p-valu: 4.532806988342907e-231

AL interation 3465/4801.

mae: 0.030788022505958603
max_error: 0.16711430799753835
variance: 0.0006468260136229552
pearson: 0.09221674171980493
p-valu: 3.225751278563193e-177

AL interation 3466/4801.

mae: 0.03075534772702022
max_error: 0.16727729324250795
variance: 0.0006492081851339961
pearson: 0.09555389986800386
p-valu: 3.5095762203589474e-190

AL interation 3467/4801.

mae: 0.03074450371652585
max_error: 0.16930793952181666
variance: 0.0006501136132289625
pearson: 0.11059894078846676
p-valu: 1.8452134631644204e-254

AL interation 3468/4801.

mae: 0.030704579377551888
max_error: 0.1685815668270454
variance: 0.0006488170383633483
pearson: 0.08581512975209975
p-valu: 1.1937867531359064e-153

AL interation 3469/4801.

mae: 0.03069787819333876
max_error: 0.1683842507946185
variance: 0.0006488635738108182
pearson: 0.09023873941327323
p-valu: 9.546851275544566e-170

AL interation 3470/4801.

mae: 0.03067315417022595
max_error: 0.16787953439328085
variance: 0.0006476891375545444
pearson: 0.08212421434774828
p-valu: 7.687839380950799e-141

AL interation 3471/4801.

mae: 0.03068109029353866
max_error: 0.168172937347693
variance: 0.0006487210310917149
pearson: 0.09509579514417152
p-valu: 2.3048005767592508e-188

AL interation 3472/4801.

mae: 0.030674412802529312
max_error: 0.16797407443940138
variance: 0.0006484938806411343
pearson: 0.10149949090462657
p-valu: 1.9868990517288468e-214

AL interation 3473/4801.

mae: 0.030661117106324614
max_error: 0.16791236520933417
variance: 0.0006482679608691626
pearson: 0.13888911705971074
p-valu: 0.0

AL interation 3474/4801.

mae: 0.03065990900878345
max_error: 0.16769368947919538
variance: 0.000648244080402505
pearson: 0.10066020334208937
p-valu: 6.5669990223351384e-211

AL interation 3475/4801.

mae: 0.030657456201568387
max_error: 0.16799837566125753
variance: 0.000648040675550019
pearson: 0.09562343966418244
p-valu: 1.9412384419794812e-190

AL interation 3476/4801.

mae: 0.0306282019081941
max_error: 0.16694272713633218
variance: 0.0006472346310153864
pearson: 0.09084486915989509
p-valu: 5.281304676719436e-172

AL interation 3477/4801.

mae: 0.03061308908610462
max_error: 0.16625637068048782
variance: 0.0006469576220347249
pearson: 0.09117921980962336
p-valu: 2.9243954334449136e-173

AL interation 3478/4801.

mae: 0.030625012745370123
max_error: 0.1659170721677885
variance: 0.0006471063536601322
pearson: 0.08983919125577555
p-valu: 3.044067304913085e-168

AL interation 3479/4801.

mae: 0.030624106280188836
max_error: 0.16594943993826128
variance: 0.000647111271659469
pearson: 0.08302462773768224
p-valu: 6.727176136695028e-144

AL interation 3480/4801.

mae: 0.030659870924819387
max_error: 0.16492712005768517
variance: 0.0006480673887543852
pearson: 0.08222603727673411
p-valu: 3.5885204762388776e-141

AL interation 3481/4801.

mae: 0.030660214576845944
max_error: 0.16501037781111627
variance: 0.0006480421674112416
pearson: 0.14230151029284493
p-valu: 0.0

AL interation 3482/4801.

mae: 0.03066092088188846
max_error: 0.16504928587440482
variance: 0.0006480502784301008
pearson: 0.10125407975537351
p-valu: 2.245862692176385e-213

AL interation 3483/4801.

mae: 0.03064308610380401
max_error: 0.16362138834543893
variance: 0.0006484122811950172
pearson: 0.07877382664170664
p-valu: 1.0844740967251232e-129

AL interation 3484/4801.

mae: 0.03062192974255546
max_error: 0.16320446897501206
variance: 0.0006482894733189908
pearson: 0.08011286181377848
p-valu: 4.40936606698557e-134

AL interation 3485/4801.

mae: 0.030521261893587302
max_error: 0.16284764865000634
variance: 0.0006453838379738924
pearson: 0.08678870458009916
p-valu: 4.286051570726956e-157

AL interation 3486/4801.

mae: 0.03052047259032372
max_error: 0.16282400734659186
variance: 0.0006453289839023764
pearson: 0.08468771589025384
p-valu: 1.1943830083558017e-149

AL interation 3487/4801.

mae: 0.0311202177780365
max_error: 0.16450540730753582
variance: 0.0006920968318835399
pearson: 0.09323767133875255
p-valu: 4.3013002443831874e-181

AL interation 3488/4801.

mae: 0.031107892527343764
max_error: 0.16460539066853253
variance: 0.0006917448733881083
pearson: 0.10237204165537124
p-valu: 4.4589015177815324e-218

AL interation 3489/4801.

mae: 0.03110213379672092
max_error: 0.16459701734007703
variance: 0.0006913597371500281
pearson: 0.12111029545945912
p-valu: 5.338821435094836e-305

AL interation 3490/4801.

mae: 0.031045823234261683
max_error: 0.1645860499581091
variance: 0.0006877610289315681
pearson: 0.10867970056472848
p-valu: 1.1440990017486965e-245

AL interation 3491/4801.

mae: 0.030976809503174437
max_error: 0.16402125705523085
variance: 0.000683834304257527
pearson: 0.07838686251062285
p-valu: 2.001390577731456e-128

AL interation 3492/4801.

mae: 0.03097726021377279
max_error: 0.16396411302290526
variance: 0.0006835030416622097
pearson: 0.14926834783604903
p-valu: 0.0

AL interation 3493/4801.

mae: 0.03098614234986679
max_error: 0.16404354779539299
variance: 0.0006836008861253389
pearson: 0.08733143446447755
p-valu: 4.926616061625966e-159

AL interation 3494/4801.

mae: 0.031003417351444063
max_error: 0.16281910971398483
variance: 0.0006835321380825569
pearson: 0.10257237425737553
p-valu: 6.492893673659056e-219

AL interation 3495/4801.

mae: 0.03100665546340492
max_error: 0.16285164241222683
variance: 0.0006835238748353221
pearson: 0.08908726669340077
p-valu: 1.9693492116256006e-165

AL interation 3496/4801.

mae: 0.030976612149941005
max_error: 0.16271983501306986
variance: 0.0006833155577449208
pearson: 0.08671927311288412
p-valu: 7.925917210025842e-157

AL interation 3497/4801.

mae: 0.030979107676588447
max_error: 0.16263985066931363
variance: 0.0006838590362703819
pearson: 0.0940840755272769
p-valu: 2.3619739753531074e-184

AL interation 3498/4801.

mae: 0.03096212661998481
max_error: 0.16319067874670745
variance: 0.000683989170219094
pearson: 0.10070474867737117
p-valu: 4.83892153823007e-211

AL interation 3499/4801.

mae: 0.030945865052992225
max_error: 0.16296954148371023
variance: 0.0006852150047055918
pearson: 0.07289124572310901
p-valu: 2.9194188526648765e-111

AL interation 3500/4801.

mae: 0.030990497119118148
max_error: 0.16275640710106254
variance: 0.0006862450062705647
pearson: 0.07903973826059142
p-valu: 1.5563483221823489e-130

AL interation 3501/4801.

mae: 0.030979047818880286
max_error: 0.16279530666967057
variance: 0.000688829243213942
pearson: 0.0786222176663356
p-valu: 3.565241756114918e-129

AL interation 3502/4801.

mae: 0.030956303419152745
max_error: 0.16299245272117568
variance: 0.000687961907731006
pearson: 0.07194371145054086
p-valu: 1.9920977878173815e-108

AL interation 3503/4801.

mae: 0.030959630955302953
max_error: 0.16292197746103065
variance: 0.0006879420525224707
pearson: 0.06625328988953309
p-valu: 3.2785449227185684e-92

AL interation 3504/4801.

mae: 0.030972576016199443
max_error: 0.16267716312601133
variance: 0.0006853309983911042
pearson: 0.10467278749229816
p-valu: 6.558642134544263e-228

AL interation 3505/4801.

mae: 0.030976895428214375
max_error: 0.1625633910104285
variance: 0.0006854341829317407
pearson: 0.07990268409903727
p-valu: 2.3333720078876486e-133

AL interation 3506/4801.

mae: 0.030975832444180788
max_error: 0.1624149335354219
variance: 0.0006856264205775883
pearson: 0.10417629288370565
p-valu: 9.33682930189903e-226

AL interation 3507/4801.

mae: 0.030970451000887026
max_error: 0.1624018294811891
variance: 0.0006855813316874747
pearson: 0.07956639107290164
p-valu: 3.0037466194886364e-132

AL interation 3508/4801.

mae: 0.030957412938227995
max_error: 0.1622873629045558
variance: 0.0006853033939491254
pearson: 0.11320798744640195
p-valu: 1.8124415916824613e-266

AL interation 3509/4801.

mae: 0.03134916511835306
max_error: 0.16329347345041478
variance: 0.0007026655092591703
pearson: 0.08417082250853555
p-valu: 8.23545160249312e-148

AL interation 3510/4801.

mae: 0.031356353483775065
max_error: 0.1631130808297372
variance: 0.0007026892394140516
pearson: 0.14332577567058438
p-valu: 0.0

AL interation 3511/4801.

mae: 0.0313088684569406
max_error: 0.16259355844036927
variance: 0.0007027491479675744
pearson: 0.10395305136632649
p-valu: 8.804331064922806e-225

AL interation 3512/4801.

mae: 0.03131186009806173
max_error: 0.1627694934528905
variance: 0.0007027302564367244
pearson: 0.07967321419129422
p-valu: 1.359866052456078e-132

AL interation 3513/4801.

mae: 0.0312685782145138
max_error: 0.16269055769831775
variance: 0.0007002466059722882
pearson: 0.08505754592257445
p-valu: 6.651459354826404e-151

AL interation 3514/4801.

mae: 0.0312718708808057
max_error: 0.16228579347322247
variance: 0.0007006612352106946
pearson: 0.05810182728414837
p-valu: 2.6141096141289135e-71

AL interation 3515/4801.

mae: 0.03125608617251086
max_error: 0.16229887214527716
variance: 0.0006996645752216338
pearson: 0.07572741197291863
p-valu: 6.162435290005355e-120

AL interation 3516/4801.

mae: 0.03126344586912928
max_error: 0.1626596696684488
variance: 0.0007006922339398306
pearson: 0.08554239600286583
p-valu: 1.3162608936112522e-152

AL interation 3517/4801.

mae: 0.03126296007933239
max_error: 0.16298841827180022
variance: 0.0006993624567330285
pearson: 0.12493279151284609
p-valu: 0.0

AL interation 3518/4801.

mae: 0.03127038419545245
max_error: 0.16293545412432886
variance: 0.0006997367234506918
pearson: 0.06975844034233424
p-valu: 5.03753777420659e-102

AL interation 3519/4801.

mae: 0.03128148313428336
max_error: 0.16362032001294446
variance: 0.0006991152159144477
pearson: 0.092731667028411
p-valu: 4.3650125324079836e-179

AL interation 3520/4801.

mae: 0.03128639454247327
max_error: 0.16360162189326966
variance: 0.0006997907832335395
pearson: 0.11072295617759312
p-valu: 6.893728970383591e-255

AL interation 3521/4801.

mae: 0.031231814603499095
max_error: 0.16373100127262896
variance: 0.0007005166357946365
pearson: 0.0922393519788589
p-valu: 3.360410918103263e-177

AL interation 3522/4801.

mae: 0.031240038319940502
max_error: 0.1636695782278026
variance: 0.0007008473371415573
pearson: 0.10634056106467538
p-valu: 3.693865674623147e-235

AL interation 3523/4801.

mae: 0.03123553574728125
max_error: 0.1635570975401266
variance: 0.0007005745964698929
pearson: 0.10500500038600057
p-valu: 2.624755839971924e-229

AL interation 3524/4801.

mae: 0.031199531953256456
max_error: 0.16435899573358492
variance: 0.0006991588202446135
pearson: 0.09868290656379869
p-valu: 1.2207275967482352e-202

AL interation 3525/4801.

mae: 0.031193322864809723
max_error: 0.16414832727483608
variance: 0.0007012850574185715
pearson: 0.1214620354023274
p-valu: 1.1723556919011881e-306

AL interation 3526/4801.

mae: 0.031248669093867074
max_error: 0.1637110547477847
variance: 0.0006994108226654551
pearson: 0.09872235382673065
p-valu: 8.505953272926485e-203

AL interation 3527/4801.

mae: 0.03123084736598001
max_error: 0.16501999695052527
variance: 0.0006956492246650559
pearson: 0.08869589721144334
p-valu: 6.128360887132049e-164

AL interation 3528/4801.

mae: 0.0312317177327818
max_error: 0.16502820497649973
variance: 0.0006956564129290304
pearson: 0.09819450008781988
p-valu: 1.2159095799620832e-200

AL interation 3529/4801.

mae: 0.03123238097465035
max_error: 0.16503587382127316
variance: 0.0006957430257716704
pearson: 0.08371611000685139
p-valu: 3.332359026756225e-146

AL interation 3530/4801.

mae: 0.031231169707415556
max_error: 0.16502072032623127
variance: 0.0006956750948270761
pearson: 0.10529151679987211
p-valu: 1.5402758300453669e-230

AL interation 3531/4801.

mae: 0.031230576393079558
max_error: 0.16495132927472023
variance: 0.0006958870649556816
pearson: 0.08901293534830974
p-valu: 4.2678694037609175e-165

AL interation 3532/4801.

mae: 0.031240985673434536
max_error: 0.16543789630546835
variance: 0.0006990494881281037
pearson: 0.09266487107405189
p-valu: 8.325197065687023e-179

AL interation 3533/4801.

mae: 0.031242420199303275
max_error: 0.16592466147145624
variance: 0.0006996765306625753
pearson: 0.06996346142219102
p-valu: 1.341628367564275e-102

AL interation 3534/4801.

mae: 0.03124245167573347
max_error: 0.16592269853450725
variance: 0.0006996818718602091
pearson: 0.09086309771295001
p-valu: 5.738456922059465e-172

AL interation 3535/4801.

mae: 0.031240208456337314
max_error: 0.16602917846345244
variance: 0.0006997363360239334
pearson: 0.07477836861359333
p-valu: 5.762320342322501e-117

AL interation 3536/4801.

mae: 0.031248374641940118
max_error: 0.16609425288212387
variance: 0.0007008806891817047
pearson: 0.07265286472221043
p-valu: 1.6731803584810552e-110

AL interation 3537/4801.

mae: 0.031208124402163286
max_error: 0.16575642727790418
variance: 0.0006949186704689925
pearson: 0.10625213607295984
p-valu: 9.864938503030378e-235

AL interation 3538/4801.

mae: 0.031197910772538025
max_error: 0.16545337271114713
variance: 0.0006937058724620278
pearson: 0.0810839935067702
p-valu: 3.087852683618476e-137

AL interation 3539/4801.

mae: 0.031198675363879547
max_error: 0.16542763135172445
variance: 0.000693629241102064
pearson: 0.10923324251525775
p-valu: 4.832735456576203e-248

AL interation 3540/4801.

mae: 0.031173161767155618
max_error: 0.16551866769683565
variance: 0.0006906384793313251
pearson: 0.0603464151226187
p-valu: 9.103547722138725e-77

AL interation 3541/4801.

mae: 0.031173909877154005
max_error: 0.1654246122185783
variance: 0.0006907991189439536
pearson: 0.10762654385623774
p-valu: 8.169406997876764e-241

AL interation 3542/4801.

mae: 0.03120733944439467
max_error: 0.16484272621770524
variance: 0.0006929393577838769
pearson: 0.06886017169833619
p-valu: 1.9685212318114086e-99

AL interation 3543/4801.

mae: 0.03120190396052345
max_error: 0.16520036564057827
variance: 0.0006946230525212473
pearson: 0.10243348203491218
p-valu: 3.270723362620705e-218

AL interation 3544/4801.

mae: 0.031203613745573018
max_error: 0.16519539953757212
variance: 0.000694640857582234
pearson: 0.12690315706913566
p-valu: 0.0

AL interation 3545/4801.

mae: 0.031207299970846484
max_error: 0.16498419197038183
variance: 0.000694691992630977
pearson: 0.16498433275249666
p-valu: 0.0

AL interation 3546/4801.

mae: 0.0312056989971364
max_error: 0.16495902788907424
variance: 0.0006944432485087834
pearson: 0.08678781100139267
p-valu: 5.439394827355368e-157

AL interation 3547/4801.

mae: 0.03121780657924249
max_error: 0.16517482034638542
variance: 0.0006942156996750184
pearson: 0.08597645747070731
p-valu: 4.2821060831769606e-154

AL interation 3548/4801.

mae: 0.03123910711554312
max_error: 0.1652095303494776
variance: 0.0006935357747461177
pearson: 0.06351223995001264
p-valu: 7.717802320882965e-85

AL interation 3549/4801.

mae: 0.031234597309409973
max_error: 0.16515496945672803
variance: 0.000693695052388248
pearson: 0.0708793721189051
p-valu: 3.060855221298969e-105

AL interation 3550/4801.

mae: 0.031225335543577287
max_error: 0.16428493463050708
variance: 0.0006929911863145117
pearson: 0.0822171382550996
p-valu: 4.879733719977348e-141

AL interation 3551/4801.

mae: 0.031216581777482343
max_error: 0.16478889886517445
variance: 0.00069257818481794
pearson: 0.08866799424815641
p-valu: 8.526736879435383e-164

AL interation 3552/4801.

mae: 0.03122502413095882
max_error: 0.16508247810876364
variance: 0.0006927721791018277
pearson: 0.10574893889950585
p-valu: 1.742519211870159e-232

AL interation 3553/4801.

mae: 0.03121508900952534
max_error: 0.16482793132187235
variance: 0.0006945168580896998
pearson: 0.08095967811093009
p-valu: 8.449354206219667e-137

AL interation 3554/4801.

mae: 0.031265831161961355
max_error: 0.1645280821964321
variance: 0.0006976033661051955
pearson: 0.08716625252287805
p-valu: 2.4508703831186313e-158

AL interation 3555/4801.

mae: 0.031208535766828714
max_error: 0.16460088699265052
variance: 0.0006962350155226897
pearson: 0.10628006727280548
p-valu: 8.232437401245023e-235

AL interation 3556/4801.

mae: 0.03120841150174921
max_error: 0.16476322274562571
variance: 0.0006961310790007994
pearson: 0.10915618991025121
p-valu: 1.1950034329778488e-247

AL interation 3557/4801.

mae: 0.031163970424152695
max_error: 0.16435668684304128
variance: 0.000694666689969367
pearson: 0.12422486383085118
p-valu: 1.1443e-320

AL interation 3558/4801.

mae: 0.031163886335165196
max_error: 0.1650198793419464
variance: 0.0006947475266398116
pearson: 0.07546721478764701
p-valu: 4.5157367614353617e-119

AL interation 3559/4801.

mae: 0.03115794528389101
max_error: 0.16505838614708646
variance: 0.0006947013564908811
pearson: 0.08109874516157578
p-valu: 2.954085476508047e-137

AL interation 3560/4801.

mae: 0.03119865863072856
max_error: 0.16493212855735928
variance: 0.0006944909708928445
pearson: 0.12650517442285233
p-valu: 0.0

AL interation 3561/4801.

mae: 0.031198895103059884
max_error: 0.1648864723307839
variance: 0.0006944644658959706
pearson: 0.08687121344424206
p-valu: 2.8917588070724748e-157

AL interation 3562/4801.

mae: 0.031199480229650533
max_error: 0.16460046568196285
variance: 0.0006938561300377618
pearson: 0.11472943707027726
p-valu: 1.636650595759513e-273

AL interation 3563/4801.

mae: 0.03119168186222072
max_error: 0.1643639328891937
variance: 0.0006933705074289662
pearson: 0.08884865410216412
p-valu: 1.9455321979765958e-164

AL interation 3564/4801.

mae: 0.031192432870648587
max_error: 0.16437541898873187
variance: 0.0006933505981908017
pearson: 0.06666432985175329
p-valu: 2.808621736228085e-93

AL interation 3565/4801.

mae: 0.031193028578266502
max_error: 0.16432919544846536
variance: 0.0006933749070876014
pearson: 0.13199440366137263
p-valu: 0.0

AL interation 3566/4801.

mae: 0.031180732266815434
max_error: 0.164377250925702
variance: 0.0006928000583996491
pearson: 0.11008224709201778
p-valu: 7.849462207014102e-252

AL interation 3567/4801.

mae: 0.03117223221295526
max_error: 0.16369922738764453
variance: 0.0006926775699432697
pearson: 0.14099351992992218
p-valu: 0.0

AL interation 3568/4801.

mae: 0.03117654054856501
max_error: 0.16385545457766293
variance: 0.0006926703553351699
pearson: 0.10756002344888493
p-valu: 1.893028356855219e-240

AL interation 3569/4801.

mae: 0.031129726866479673
max_error: 0.16443586490519246
variance: 0.0006907104624163349
pearson: 0.08238167926980093
p-valu: 1.437516711173295e-141

AL interation 3570/4801.

mae: 0.031125416179978046
max_error: 0.1644051868521843
variance: 0.0006903599435479376
pearson: 0.11435736604561796
p-valu: 1.0130773393679877e-271

AL interation 3571/4801.

mae: 0.031127488691152613
max_error: 0.16443207778016822
variance: 0.0006905058663376566
pearson: 0.10319963541604416
p-valu: 2.0777342584331e-221

AL interation 3572/4801.

mae: 0.031033532027142915
max_error: 0.16409895221537463
variance: 0.0006849148579593778
pearson: 0.09889913905215998
p-valu: 2.0183680699812e-203

AL interation 3573/4801.

mae: 0.031006793053333134
max_error: 0.16439245688039827
variance: 0.0006853813407736913
pearson: 0.09059626674829661
p-valu: 6.749580405357931e-171

AL interation 3574/4801.

mae: 0.03097087130824579
max_error: 0.16395798238105508
variance: 0.000683511425091993
pearson: 0.08444724144473535
p-valu: 1.1331738697287888e-148

AL interation 3575/4801.

mae: 0.03098225571598585
max_error: 0.16419118892978313
variance: 0.0006810165327087405
pearson: 0.07742776606857647
p-valu: 3.1300867157375576e-125

AL interation 3576/4801.

mae: 0.03098504811275172
max_error: 0.16407198546463642
variance: 0.0006811236079052077
pearson: 0.11105664289769308
p-valu: 2.846326267047845e-256

AL interation 3577/4801.

mae: 0.03098167858433481
max_error: 0.1641344926962689
variance: 0.0006811128876124862
pearson: 0.1172200703863028
p-valu: 1.8492948922981502e-285

AL interation 3578/4801.

mae: 0.030957868021266585
max_error: 0.16406417870772438
variance: 0.000681049558051048
pearson: 0.06943030409083932
p-valu: 5.0927015299052543e-101

AL interation 3579/4801.

mae: 0.030937861137860387
max_error: 0.16413901550064347
variance: 0.0006798651312022574
pearson: 0.07027557919133577
p-valu: 1.8830930404951172e-103

AL interation 3580/4801.

mae: 0.0310610084686873
max_error: 0.1647076872747335
variance: 0.0006896578608101076
pearson: 0.09664919795460586
p-valu: 2.6328807642686613e-194

AL interation 3581/4801.

mae: 0.031060791032304955
max_error: 0.1659553871929007
variance: 0.000690497520935519
pearson: 0.07239119597473945
p-valu: 1.1416078939207188e-109

AL interation 3582/4801.

mae: 0.031061336969036863
max_error: 0.16578585594712658
variance: 0.0006906628425850824
pearson: 0.10498068930521968
p-valu: 4.644911304918983e-229

AL interation 3583/4801.

mae: 0.031057195600399237
max_error: 0.16558685749502056
variance: 0.0006912018280912256
pearson: 0.13125217862051258
p-valu: 0.0

AL interation 3584/4801.

mae: 0.031029333098370287
max_error: 0.1653737625189593
variance: 0.0006898303261437627
pearson: 0.06989673023144899
p-valu: 2.3679904452308104e-102

AL interation 3585/4801.

mae: 0.031018751491812033
max_error: 0.1649760092611019
variance: 0.0006893628251284808
pearson: 0.10179985597005964
p-valu: 1.9451811598199678e-215

AL interation 3586/4801.

mae: 0.031027777034987224
max_error: 0.16510026626079943
variance: 0.0006903661616274185
pearson: 0.056418627990675374
p-valu: 2.7510210286138783e-67

AL interation 3587/4801.

mae: 0.03104370287251745
max_error: 0.16486349788343668
variance: 0.0006896473497213817
pearson: 0.0615289733054548
p-valu: 1.0683829893761368e-79

AL interation 3588/4801.

mae: 0.031038473311896603
max_error: 0.16491726158952824
variance: 0.0006896912753179646
pearson: 0.07843059805662275
p-valu: 1.949667241550868e-128

AL interation 3589/4801.

mae: 0.03083478362450224
max_error: 0.16465911431683944
variance: 0.0006827230194027233
pearson: 0.10456716131895367
p-valu: 3.0055488975159583e-227

AL interation 3590/4801.

mae: 0.03084317593091275
max_error: 0.16390289638608246
variance: 0.0006835491973562628
pearson: 0.06946411788544085
p-valu: 4.1957919878838654e-101

AL interation 3591/4801.

mae: 0.03081028227305271
max_error: 0.1635916819019827
variance: 0.0006820859079352084
pearson: 0.06629434015459425
p-valu: 3.0752453550920186e-92

AL interation 3592/4801.

mae: 0.03081367939074644
max_error: 0.1634931872455696
variance: 0.0006820649491827418
pearson: 0.099002883829257
p-valu: 8.377733851942629e-204

AL interation 3593/4801.

mae: 0.03077444455635429
max_error: 0.16361961720273266
variance: 0.0006808957569355068
pearson: 0.10670647173301602
p-valu: 1.3442852711862659e-236

AL interation 3594/4801.

mae: 0.030761707068982964
max_error: 0.16302668866652548
variance: 0.0006805661622052348
pearson: 0.0535533359282235
p-valu: 8.567560394289723e-61

AL interation 3595/4801.

mae: 0.030744339273980386
max_error: 0.16299357847188967
variance: 0.000680293496993217
pearson: 0.08968718097115498
p-valu: 1.7910922235430487e-167

AL interation 3596/4801.

mae: 0.030738788239905973
max_error: 0.1629887104415162
variance: 0.0006801191170945066
pearson: 0.09807348478099072
p-valu: 5.238847406820262e-200

AL interation 3597/4801.

mae: 0.03074448559175423
max_error: 0.16278531578669808
variance: 0.0006806139161218975
pearson: 0.11369020713072024
p-valu: 1.7321932259046665e-268

AL interation 3598/4801.

mae: 0.030764037157444087
max_error: 0.16239948397075077
variance: 0.0006814329463728017
pearson: 0.05073034371283735
p-valu: 9.93107670240717e-55

AL interation 3599/4801.

mae: 0.030762736063351618
max_error: 0.1624093413799188
variance: 0.0006815958632902355
pearson: 0.07894413994644037
p-valu: 4.349635591670266e-130

AL interation 3600/4801.

mae: 0.030770296057320075
max_error: 0.16239684984853975
variance: 0.00068197531267734
pearson: 0.10765909903380415
p-valu: 8.249422711284032e-241

AL interation 3601/4801.

mae: 0.030675387770155372
max_error: 0.16207343746888236
variance: 0.0006710995371852728
pearson: 0.0818556839264637
p-valu: 9.700894736113785e-140

AL interation 3602/4801.

mae: 0.030680760378443705
max_error: 0.16224195465352986
variance: 0.0006712658419368957
pearson: 0.07620688916393693
p-valu: 2.495387101435839e-121

AL interation 3603/4801.

mae: 0.030671425990141204
max_error: 0.1622916810362427
variance: 0.0006714122734907164
pearson: 0.09660310740563524
p-valu: 4.481955604704206e-194

AL interation 3604/4801.

mae: 0.030672925244599962
max_error: 0.16296160628068046
variance: 0.0006701916935202191
pearson: 0.09211997836247861
p-valu: 1.3650382330795447e-176

AL interation 3605/4801.

mae: 0.03064280124083393
max_error: 0.16395663013705652
variance: 0.000669719212234378
pearson: 0.07738035464104297
p-valu: 4.85390125660737e-125

AL interation 3606/4801.

mae: 0.0306196198136134
max_error: 0.16359380934469536
variance: 0.0006695013080937166
pearson: 0.1263131542408892
p-valu: 0.0

AL interation 3607/4801.

mae: 0.03062490549937253
max_error: 0.16377055897343107
variance: 0.0006697796823548465
pearson: 0.10093654066689087
p-valu: 9.10931071690847e-212

AL interation 3608/4801.

mae: 0.030540805779479145
max_error: 0.16390207574901305
variance: 0.0006634041750947829
pearson: 0.09000551414347724
p-valu: 1.2443125823486028e-168

AL interation 3609/4801.

mae: 0.03055326114859403
max_error: 0.16353212940035755
variance: 0.0006639578653565126
pearson: 0.10522961870495179
p-valu: 4.454338934508764e-230

AL interation 3610/4801.

mae: 0.030552577508340933
max_error: 0.16354825371550996
variance: 0.0006640395913503863
pearson: 0.08763270704643136
p-valu: 6.30119880034717e-160

AL interation 3611/4801.

mae: 0.0305247463819744
max_error: 0.1638291160221912
variance: 0.0006625508298706555
pearson: 0.08473025181090271
p-valu: 1.3308675086069283e-149

AL interation 3612/4801.

mae: 0.0305255265827964
max_error: 0.16393457586551685
variance: 0.0006626502824335783
pearson: 0.17076917420899718
p-valu: 0.0

AL interation 3613/4801.

mae: 0.03051445636832276
max_error: 0.1637170445198195
variance: 0.0006622141154998747
pearson: 0.1595686413101751
p-valu: 0.0

AL interation 3614/4801.

mae: 0.030516175561904443
max_error: 0.16360427276109712
variance: 0.0006616537557604315
pearson: 0.11953626348256133
p-valu: 9.888637011150655e-297

AL interation 3615/4801.

mae: 0.03049166531499896
max_error: 0.1634929807211507
variance: 0.0006606636488179596
pearson: 0.09656378936426446
p-valu: 6.806037887790012e-194

AL interation 3616/4801.

mae: 0.030478484265453073
max_error: 0.16350739796931757
variance: 0.0006608885291158125
pearson: 0.06729044694910187
p-valu: 5.913597006929093e-95

AL interation 3617/4801.

mae: 0.03046411973436482
max_error: 0.16359286291359476
variance: 0.0006596537147817625
pearson: 0.057505472888005685
p-valu: 8.17208358544485e-70

AL interation 3618/4801.

mae: 0.030443378474099624
max_error: 0.16435101473203995
variance: 0.0006590755724056556
pearson: 0.06627917883265699
p-valu: 3.590478745269626e-92

AL interation 3619/4801.

mae: 0.03044280863138356
max_error: 0.16426129572815862
variance: 0.0006590611454072183
pearson: 0.09845384661869487
p-valu: 1.6682291749098215e-201

AL interation 3620/4801.

mae: 0.030426737015709755
max_error: 0.16426826485136425
variance: 0.0006577758147828551
pearson: 0.06057696993089818
p-valu: 2.811154754083466e-77

AL interation 3621/4801.

mae: 0.030407785788444577
max_error: 0.16415214326358418
variance: 0.0006562590324879239
pearson: 0.08261286455864211
p-valu: 2.8054781232398418e-142

AL interation 3622/4801.

mae: 0.03041677003217938
max_error: 0.16426642146567483
variance: 0.0006565997588880851
pearson: 0.08949900740061105
p-valu: 9.921056176745612e-167

AL interation 3623/4801.

mae: 0.030419350218647546
max_error: 0.1642237158618287
variance: 0.0006566028351161687
pearson: 0.08366259360412243
p-valu: 7.1002555434069815e-146

AL interation 3624/4801.

mae: 0.03041051686381352
max_error: 0.1641114463879263
variance: 0.0006564753079425627
pearson: 0.07600111454918336
p-valu: 1.1760010125241728e-120

AL interation 3625/4801.

mae: 0.030409885480790856
max_error: 0.16411684152141115
variance: 0.0006564729306589525
pearson: 0.06387595534634548
p-valu: 1.003328361591296e-85

AL interation 3626/4801.

mae: 0.030373945433527113
max_error: 0.16356191762921535
variance: 0.000655551800693157
pearson: 0.07417904553506863
p-valu: 5.138668450177118e-115

AL interation 3627/4801.

mae: 0.030373916073704536
max_error: 0.16368772014053556
variance: 0.00065597222806045
pearson: 0.12864028315423323
p-valu: 0.0

AL interation 3628/4801.

mae: 0.03032224449951371
max_error: 0.16341871333739855
variance: 0.0006534111829313525
pearson: 0.12027603119697218
p-valu: 2.2678135821286206e-300

AL interation 3629/4801.

mae: 0.03026530540849805
max_error: 0.1635500723302017
variance: 0.0006502352770949431
pearson: 0.07598450865568221
p-valu: 1.3449690038257724e-120

AL interation 3630/4801.

mae: 0.030271044857700973
max_error: 0.163541630200291
variance: 0.0006504589305580013
pearson: 0.070627985822721
p-valu: 2.0287143059947078e-104

AL interation 3631/4801.

mae: 0.03024638713506038
max_error: 0.1613473814528903
variance: 0.0006493818609559456
pearson: 0.0781481690898097
p-valu: 1.8158323573721e-127

AL interation 3632/4801.

mae: 0.030245359105896995
max_error: 0.16134695735914883
variance: 0.0006492609910349348
pearson: 0.08535853618573036
p-valu: 8.969635788327856e-152

AL interation 3633/4801.

mae: 0.03021090579358562
max_error: 0.16110631494908612
variance: 0.0006465209161133112
pearson: 0.0786179280840928
p-valu: 5.5465756875245507e-129

AL interation 3634/4801.

mae: 0.030208329315616636
max_error: 0.16116205704262265
variance: 0.0006464833882318721
pearson: 0.08190371644631617
p-valu: 7.462569284595548e-140

AL interation 3635/4801.

mae: 0.030209087320537592
max_error: 0.16122342968325265
variance: 0.0006471506882679644
pearson: 0.06298818616820002
p-valu: 2.131014742811728e-83

AL interation 3636/4801.

mae: 0.030208775376459572
max_error: 0.16121191348307784
variance: 0.0006472639880981871
pearson: 0.07820242894332785
p-valu: 1.232843005055452e-127

AL interation 3637/4801.

mae: 0.030195987191722586
max_error: 0.15971704426798405
variance: 0.0006501753256010595
pearson: 0.0838406076377971
p-valu: 1.8103041442975272e-146

AL interation 3638/4801.

mae: 0.030199130612893327
max_error: 0.1601702145441437
variance: 0.0006500348956901267
pearson: 0.07935956225140066
p-valu: 2.1682578329402155e-131

AL interation 3639/4801.

mae: 0.030197661350281176
max_error: 0.16009558112879185
variance: 0.0006497350437156316
pearson: 0.07785533433604085
p-valu: 1.626053941412656e-126

AL interation 3640/4801.

mae: 0.030208130917154706
max_error: 0.1600760580501288
variance: 0.000649560274478742
pearson: 0.1332097408599993
p-valu: 0.0

AL interation 3641/4801.

mae: 0.0299767089754405
max_error: 0.1607957661023307
variance: 0.0006419623519623116
pearson: 0.06026075426275403
p-valu: 1.786794743544092e-76

AL interation 3642/4801.

mae: 0.02996450297767291
max_error: 0.16128783344780695
variance: 0.0006413358323401412
pearson: 0.08283882269138247
p-valu: 5.110555341568039e-143

AL interation 3643/4801.

mae: 0.029954934610706908
max_error: 0.16127309722529626
variance: 0.0006392082713067434
pearson: 0.10375717248120037
p-valu: 1.2536135102414423e-223

AL interation 3644/4801.

mae: 0.029950448726639278
max_error: 0.1612664894006799
variance: 0.0006392790017703741
pearson: 0.10728072086292773
p-valu: 5.148170605388415e-239

AL interation 3645/4801.

mae: 0.029949541227804192
max_error: 0.16113713532710117
variance: 0.0006393225506266777
pearson: 0.10345061234618179
p-valu: 2.6118424570319e-222

AL interation 3646/4801.

mae: 0.02987611459194759
max_error: 0.1610416534410093
variance: 0.0006378519141073423
pearson: 0.09770281325115052
p-valu: 2.1083261647794524e-198

AL interation 3647/4801.

mae: 0.029835482793856487
max_error: 0.16055012888560904
variance: 0.0006380022504265134
pearson: 0.13924656557423148
p-valu: 0.0

AL interation 3648/4801.

mae: 0.029834814831664596
max_error: 0.16055769762775762
variance: 0.0006378698845130459
pearson: 0.06935201203583666
p-valu: 1.0098635767403336e-100

AL interation 3649/4801.

mae: 0.029828040704188517
max_error: 0.1606064219001042
variance: 0.0006398296935001536
pearson: 0.07492060232770206
p-valu: 2.8913067228605732e-117

AL interation 3650/4801.

mae: 0.029828727176124656
max_error: 0.160466622214392
variance: 0.0006396384034496754
pearson: 0.09055701301369316
p-valu: 1.3002342909024828e-170

AL interation 3651/4801.

mae: 0.029781471027672715
max_error: 0.16029216452685668
variance: 0.0006356653758524877
pearson: 0.0866097121739229
p-valu: 3.5090629790148127e-156

AL interation 3652/4801.

mae: 0.029781974272875125
max_error: 0.16014989480632957
variance: 0.0006355797322454887
pearson: 0.08403708076285392
p-valu: 3.987179334624484e-147

AL interation 3653/4801.

mae: 0.029757072956432304
max_error: 0.16053064371832315
variance: 0.0006358202091192011
pearson: 0.10893418664986641
p-valu: 2.1511161499173267e-246

AL interation 3654/4801.

mae: 0.029807828756551212
max_error: 0.1615971405468941
variance: 0.0006346669894664926
pearson: 0.1282754612674272
p-valu: 0.0

AL interation 3655/4801.

mae: 0.02980739227025186
max_error: 0.16161465145584097
variance: 0.0006347513675681819
pearson: 0.09504066038599858
p-valu: 8.760595373364216e-188

AL interation 3656/4801.

mae: 0.029805144241981774
max_error: 0.16151930257789227
variance: 0.0006347098907220779
pearson: 0.08921672782348286
p-valu: 1.2501725702998352e-165

AL interation 3657/4801.

mae: 0.02979700479668622
max_error: 0.1615569693009662
variance: 0.0006343667980097788
pearson: 0.08753089993009637
p-valu: 1.7622996234250842e-159

AL interation 3658/4801.

mae: 0.02979448418446448
max_error: 0.16148516701892968
variance: 0.0006341288651472945
pearson: 0.12067024406258352
p-valu: 3.012317154562695e-302

AL interation 3659/4801.

mae: 0.029766768259953103
max_error: 0.16091049518460077
variance: 0.0006341856941061641
pearson: 0.0847839349134741
p-valu: 1.027308470089494e-149

AL interation 3660/4801.

mae: 0.029701571607446214
max_error: 0.16191100346501353
variance: 0.0006317456321087856
pearson: 0.0814107815083317
p-valu: 3.7174464325031613e-138

AL interation 3661/4801.

mae: 0.02969599370563521
max_error: 0.16198659594616638
variance: 0.0006314750445333035
pearson: 0.06557369320712725
p-valu: 3.241666559976386e-90

AL interation 3662/4801.

mae: 0.029695094199157824
max_error: 0.16188342352203344
variance: 0.000631525964420368
pearson: 0.07281660732843596
p-valu: 7.553841267067802e-111

AL interation 3663/4801.

mae: 0.029694485421771753
max_error: 0.1619214652807046
variance: 0.0006312487124798392
pearson: 0.08149351781398163
p-valu: 1.9805956930071918e-138

AL interation 3664/4801.

mae: 0.02968506179188457
max_error: 0.16183547128699738
variance: 0.0006306865199295398
pearson: 0.06928505054644205
p-valu: 1.629838434103971e-100

AL interation 3665/4801.

mae: 0.02965076814764653
max_error: 0.16212466130915582
variance: 0.0006294800587356399
pearson: 0.08114533495444655
p-valu: 2.9293533050242995e-137

AL interation 3666/4801.

mae: 0.029651660837008074
max_error: 0.16214442614970048
variance: 0.000629168387020714
pearson: 0.10779762816522749
p-valu: 2.923128068829959e-241

AL interation 3667/4801.

mae: 0.029651378666496718
max_error: 0.16210251365433814
variance: 0.0006291732511093008
pearson: 0.08957103009988474
p-valu: 6.4438972848655366e-167

AL interation 3668/4801.

mae: 0.029649467713302975
max_error: 0.1621340095649999
variance: 0.000629281582181654
pearson: 0.06824807572614407
p-valu: 1.418517489435586e-97

AL interation 3669/4801.

mae: 0.029603526354292274
max_error: 0.16213196096820193
variance: 0.0006286995032432768
pearson: 0.0842424854126607
p-valu: 8.208453410822644e-148

AL interation 3670/4801.

mae: 0.029604840223341818
max_error: 0.16212428799068457
variance: 0.0006286669165501559
pearson: 0.08339401071655834
p-valu: 7.046952397786692e-145

AL interation 3671/4801.

mae: 0.029574503543603952
max_error: 0.15959712228019507
variance: 0.0006271135635202496
pearson: 0.09356042589377449
p-valu: 5.473293681830928e-182

AL interation 3672/4801.

mae: 0.029551596129946085
max_error: 0.15931765266456077
variance: 0.0006274321380832199
pearson: 0.09070726288694778
p-valu: 3.903202071564487e-171

AL interation 3673/4801.

mae: 0.029480265486316968
max_error: 0.15933217198349903
variance: 0.0006271315461488018
pearson: 0.08854996760665823
p-valu: 3.7293876597140417e-163

AL interation 3674/4801.

mae: 0.029434565684629786
max_error: 0.15904665573422117
variance: 0.000626749745171176
pearson: 0.08958293323150404
p-valu: 5.989814998472399e-167

AL interation 3675/4801.

mae: 0.029361868399701348
max_error: 0.15963712636463478
variance: 0.0006260497725293458
pearson: 0.09113315402795272
p-valu: 9.971019913864851e-173

AL interation 3676/4801.

mae: 0.02936180326995084
max_error: 0.15969327194640082
variance: 0.0006259587432891567
pearson: 0.10471193935697141
p-valu: 1.1458122854636016e-227

AL interation 3677/4801.

mae: 0.029312599116097973
max_error: 0.1624653927453097
variance: 0.0006218547575328675
pearson: 0.11766019801340369
p-valu: 2.652570552079646e-287

AL interation 3678/4801.

mae: 0.0293121063888142
max_error: 0.16280315192003636
variance: 0.0006220317345728341
pearson: 0.10147750525320115
p-valu: 7.14706509481397e-214

AL interation 3679/4801.

mae: 0.029311784025357498
max_error: 0.16280759830139013
variance: 0.0006220884208707053
pearson: 0.10166918275188778
p-valu: 1.1257657619255332e-214

AL interation 3680/4801.

mae: 0.02930496469062075
max_error: 0.16261031176933338
variance: 0.0006218872808807902
pearson: 0.10072916966524728
p-valu: 9.690357475505577e-211

AL interation 3681/4801.

mae: 0.029301410898993824
max_error: 0.1627414719684226
variance: 0.0006217791448396438
pearson: 0.10094665703203762
p-valu: 1.207802174685213e-211

AL interation 3682/4801.

mae: 0.029288863581441667
max_error: 0.16283976613582363
variance: 0.000621880511992647
pearson: 0.0959151483541105
p-valu: 3.5292204349984814e-191

AL interation 3683/4801.

mae: 0.02922266609816451
max_error: 0.16226490170689667
variance: 0.0006188567163680441
pearson: 0.09426643013948985
p-valu: 1.05623145089036e-184

AL interation 3684/4801.

mae: 0.02920459427850665
max_error: 0.16221301285137324
variance: 0.0006204514295586033
pearson: 0.09865701494260885
p-valu: 3.408386878471192e-202

AL interation 3685/4801.

mae: 0.02920270753816749
max_error: 0.16219711039835838
variance: 0.0006192260287141537
pearson: 0.1228961465371342
p-valu: 2.044270813e-313

AL interation 3686/4801.

mae: 0.029188953723357742
max_error: 0.1622689154270689
variance: 0.0006190312939846657
pearson: 0.05998002586013438
p-valu: 9.595507659470202e-76

AL interation 3687/4801.

mae: 0.02920485277187857
max_error: 0.16109766253672442
variance: 0.0006203764377671333
pearson: 0.06371617402505406
p-valu: 2.9925273831280975e-85

AL interation 3688/4801.

mae: 0.029201930364817264
max_error: 0.16101740898253647
variance: 0.0006202381614281549
pearson: 0.07330350678728895
p-valu: 2.777418671310343e-112

AL interation 3689/4801.

mae: 0.0291956080603563
max_error: 0.1607390676496494
variance: 0.0006197255591384508
pearson: 0.09490498859957082
p-valu: 3.480521949177279e-187

AL interation 3690/4801.

mae: 0.02919394196875288
max_error: 0.1607490446610087
variance: 0.000619731067368143
pearson: 0.09102241717971248
p-valu: 2.767710956986598e-172

AL interation 3691/4801.

mae: 0.029193427375705315
max_error: 0.16074811897730124
variance: 0.0006197959612073078
pearson: 0.1270864319270173
p-valu: 0.0

AL interation 3692/4801.

mae: 0.029193278925937823
max_error: 0.16075262733526197
variance: 0.0006198001258059319
pearson: 0.0722590113522502
p-valu: 3.7843195160823644e-109

AL interation 3693/4801.

mae: 0.029155539168491163
max_error: 0.1603630514133898
variance: 0.0006192222964582893
pearson: 0.08424165911836501
p-valu: 9.001254544322464e-148

AL interation 3694/4801.

mae: 0.029130601177387555
max_error: 0.16019380059393606
variance: 0.0006179298265538205
pearson: 0.07421644427347093
p-valu: 4.766819925542454e-115

AL interation 3695/4801.

mae: 0.029128028902456037
max_error: 0.15962276852466184
variance: 0.0006182723200748478
pearson: 0.05757407916401189
p-valu: 6.40077287796591e-70

AL interation 3696/4801.

mae: 0.02915961903811239
max_error: 0.1597385596675509
variance: 0.0006188773458389395
pearson: 0.07165771112719796
p-valu: 2.31026553049743e-107

AL interation 3697/4801.

mae: 0.029156318136939894
max_error: 0.1595042952054997
variance: 0.0006192692583251408
pearson: 0.09912703734351301
p-valu: 4.363002274990607e-204

AL interation 3698/4801.

mae: 0.02918177927840552
max_error: 0.15968648312142486
variance: 0.0006215149911537506
pearson: 0.12033461545955641
p-valu: 1.9266137368862923e-300

AL interation 3699/4801.

mae: 0.029178846738728597
max_error: 0.15968439642771282
variance: 0.000621564845620306
pearson: 0.09276477679180806
p-valu: 7.099442144602255e-179

AL interation 3700/4801.

mae: 0.029182621369978543
max_error: 0.15969083397673112
variance: 0.0006213189867769572
pearson: 0.08498664138731427
p-valu: 2.3265340233838567e-150

AL interation 3701/4801.

mae: 0.029182629510152366
max_error: 0.1596501552145697
variance: 0.0006221117679535805
pearson: 0.1079696735067513
p-valu: 6.118332760927377e-242

AL interation 3702/4801.

mae: 0.029181670562924922
max_error: 0.15964411800329126
variance: 0.0006220871310731131
pearson: 0.08794386834714252
p-valu: 6.716574026271026e-161

AL interation 3703/4801.

mae: 0.02916144176663125
max_error: 0.15958722682868265
variance: 0.0006219881535357939
pearson: 0.07726717918794675
p-valu: 1.4945835436697278e-124

AL interation 3704/4801.

mae: 0.029163582079815804
max_error: 0.15960001261433954
variance: 0.0006219893816239039
pearson: 0.08093825276710176
p-valu: 1.6377584409528915e-136

AL interation 3705/4801.

mae: 0.02915393024450426
max_error: 0.15944697708133626
variance: 0.0006221388479456341
pearson: 0.08297121373963028
p-valu: 2.2412979521089244e-143

AL interation 3706/4801.

mae: 0.029151311083185746
max_error: 0.159434818948887
variance: 0.0006220861473439953
pearson: 0.09401395935212568
p-valu: 1.1206506409698523e-183

AL interation 3707/4801.

mae: 0.02915548006582914
max_error: 0.15978533743933676
variance: 0.0006215731698334583
pearson: 0.09648723170321394
p-valu: 2.1155104081998189e-193

AL interation 3708/4801.

mae: 0.029158040324349762
max_error: 0.15980468578951568
variance: 0.0006212141254018792
pearson: 0.11287094147139398
p-valu: 2.4958024250903264e-264

AL interation 3709/4801.

mae: 0.029158312813486593
max_error: 0.15980618326890417
variance: 0.0006211962422253971
pearson: 0.08411791505630531
p-valu: 2.561008691166815e-147

AL interation 3710/4801.

mae: 0.029154915282548412
max_error: 0.1590913738424775
variance: 0.0006201016563843885
pearson: 0.09074807841063068
p-valu: 3.21303544522565e-171

AL interation 3711/4801.

mae: 0.02915739021774127
max_error: 0.15926900031141722
variance: 0.0006201811404857696
pearson: 0.0888195845408247
p-valu: 4.472849945017208e-164

AL interation 3712/4801.

mae: 0.02913421148835324
max_error: 0.16099552675101458
variance: 0.000618370213064264
pearson: 0.07774233822191277
p-valu: 4.67416159069553e-126

AL interation 3713/4801.

mae: 0.029129898821709996
max_error: 0.16089260016693752
variance: 0.0006182495085434308
pearson: 0.05501401756721082
p-valu: 5.575454300797181e-64

AL interation 3714/4801.

mae: 0.02913483338323213
max_error: 0.16116392565041915
variance: 0.0006184233985876132
pearson: 0.07793497888449391
p-valu: 1.1345966510951413e-126

AL interation 3715/4801.

mae: 0.029134942244538293
max_error: 0.16115387202322617
variance: 0.0006183850702322088
pearson: 0.07170040564540345
p-valu: 1.8155109239414997e-107

AL interation 3716/4801.

mae: 0.029133374576948923
max_error: 0.16114867149614165
variance: 0.0006183025472672445
pearson: 0.09981651484409128
p-valu: 7.035358692746792e-207

AL interation 3717/4801.

mae: 0.029131676907409695
max_error: 0.1610682352608479
variance: 0.0006184348677937067
pearson: 0.10095595618597715
p-valu: 1.328482566277281e-211

AL interation 3718/4801.

mae: 0.02913457251082076
max_error: 0.16124870493391663
variance: 0.0006188883034875845
pearson: 0.08775017945005177
p-valu: 3.5952379306911364e-160

AL interation 3719/4801.

mae: 0.029149153549101386
max_error: 0.15699428516987846
variance: 0.0006199999918905356
pearson: 0.11440915590186101
p-valu: 1.5362383363053755e-271

AL interation 3720/4801.

mae: 0.02914563111744123
max_error: 0.15723786412369245
variance: 0.0006198155806338506
pearson: 0.10824665296586705
p-valu: 3.945019620385344e-243

AL interation 3721/4801.

mae: 0.029146545876814256
max_error: 0.15722770556991472
variance: 0.0006198090650768834
pearson: 0.1141255697072095
p-valu: 3.4256091957156234e-270

AL interation 3722/4801.

mae: 0.029144151542948936
max_error: 0.15704217649787333
variance: 0.0006196869304661909
pearson: 0.08779293997591905
p-valu: 2.5568652842183453e-160

AL interation 3723/4801.

mae: 0.029134983752556645
max_error: 0.15616162817847234
variance: 0.0006183021470820714
pearson: 0.07141361815372071
p-valu: 1.2955604667279503e-106

AL interation 3724/4801.

mae: 0.02913546241963079
max_error: 0.15617079201425677
variance: 0.0006183588879808678
pearson: 0.08169198142345864
p-valu: 5.2254729425257315e-139

AL interation 3725/4801.

mae: 0.029126037134269436
max_error: 0.15629073807455152
variance: 0.0006183631216617033
pearson: 0.07338157671060995
p-valu: 1.783848026313404e-112

AL interation 3726/4801.

mae: 0.029129684634567783
max_error: 0.15633570216110693
variance: 0.0006188569667087584
pearson: 0.09082734556359572
p-valu: 1.7332020090229883e-171

AL interation 3727/4801.

mae: 0.029109589077768852
max_error: 0.1565614367488366
variance: 0.000618108048009751
pearson: 0.08709548391129035
p-valu: 8.519804265869238e-158

AL interation 3728/4801.

mae: 0.029104516400554496
max_error: 0.15619224368734885
variance: 0.0006171082396213754
pearson: 0.07955703032040494
p-valu: 6.510596078642391e-132

AL interation 3729/4801.

mae: 0.029104499181393642
max_error: 0.15623308334639896
variance: 0.0006169437390800278
pearson: 0.07466574076428309
p-valu: 2.206305944677977e-116

AL interation 3730/4801.

mae: 0.02912032725180456
max_error: 0.15640078083257558
variance: 0.0006169129293677627
pearson: 0.09047236412755529
p-valu: 3.743332484953241e-170

AL interation 3731/4801.

mae: 0.029121104550394145
max_error: 0.1564133999296815
variance: 0.0006169279323641978
pearson: 0.07829787903944142
p-valu: 8.130852038430979e-128

AL interation 3732/4801.

mae: 0.029109940634994103
max_error: 0.1562721622819141
variance: 0.0006165227841426186
pearson: 0.07340446759360876
p-valu: 1.550391505748463e-112

AL interation 3733/4801.

mae: 0.029058693603173286
max_error: 0.15597798769036908
variance: 0.0006171375659791861
pearson: 0.0916765365483918
p-valu: 1.1355753450203096e-174

AL interation 3734/4801.

mae: 0.02905264305916141
max_error: 0.15649173447551457
variance: 0.0006167718763236022
pearson: 0.09439699119018607
p-valu: 4.116049411057626e-185

AL interation 3735/4801.

mae: 0.02905044021790773
max_error: 0.15649454749169545
variance: 0.0006163846158889482
pearson: 0.09532321152140963
p-valu: 9.780849608151772e-189

AL interation 3736/4801.

mae: 0.029050153431076167
max_error: 0.15645531779833854
variance: 0.0006163739310727783
pearson: 0.09717258439511742
p-valu: 4.412684093127144e-196

AL interation 3737/4801.

mae: 0.02901732143351049
max_error: 0.15528154023801344
variance: 0.0006152417592317992
pearson: 0.07721349136923844
p-valu: 2.452033104636159e-124

AL interation 3738/4801.

mae: 0.02901943227039538
max_error: 0.15531210767827597
variance: 0.0006156455683399546
pearson: 0.07767212967599409
p-valu: 8.48396890432934e-126

AL interation 3739/4801.

mae: 0.029011669850726857
max_error: 0.154179801995872
variance: 0.0006138112246861222
pearson: 0.08275714768284528
p-valu: 1.356156606552577e-142

AL interation 3740/4801.

mae: 0.028903282395368636
max_error: 0.1548757632796538
variance: 0.0006112760084839432
pearson: 0.11191612298057133
p-valu: 8.50866183013894e-260

AL interation 3741/4801.

mae: 0.028908784327210457
max_error: 0.1550752571480758
variance: 0.0006117524642913944
pearson: 0.08039531358773239
p-valu: 1.17711455933439e-134

AL interation 3742/4801.

mae: 0.028889372090753977
max_error: 0.1556140766175873
variance: 0.0006124002767628596
pearson: 0.10802685592241329
p-valu: 4.321718130811389e-242

AL interation 3743/4801.

mae: 0.02889542019623308
max_error: 0.15582550627974578
variance: 0.0006122270873954806
pearson: 0.06681167742271997
p-valu: 1.6504269561635882e-93

AL interation 3744/4801.

mae: 0.028906094670265718
max_error: 0.15304182520654885
variance: 0.0006114016577727886
pearson: 0.08768180206701659
p-valu: 7.025203216291022e-160

AL interation 3745/4801.

mae: 0.02888696926480784
max_error: 0.15192885064485617
variance: 0.0006103306408555666
pearson: 0.14935589085652562
p-valu: 0.0

AL interation 3746/4801.

mae: 0.02883709916888769
max_error: 0.15218888048426615
variance: 0.0006098231742602284
pearson: 0.09695528229236007
p-valu: 3.435809672399562e-195

AL interation 3747/4801.

mae: 0.028846871304951484
max_error: 0.15180799195392192
variance: 0.0006107753488695422
pearson: 0.0735245252349782
p-valu: 7.000883570963016e-113

AL interation 3748/4801.

mae: 0.02889019606872902
max_error: 0.1525221405160324
variance: 0.0006118841432153334
pearson: 0.06837516352722744
p-valu: 7.517140278824845e-98

AL interation 3749/4801.

mae: 0.028909119287583628
max_error: 0.15213648172235716
variance: 0.0006129006212887012
pearson: 0.0695279601506861
p-valu: 4.0521398754289064e-101

AL interation 3750/4801.

mae: 0.028889568768860844
max_error: 0.15209669693164196
variance: 0.0006108388898261763
pearson: 0.10820937466067324
p-valu: 6.91500742839713e-243

AL interation 3751/4801.

mae: 0.028871518932597876
max_error: 0.1518923230675342
variance: 0.000610794241690113
pearson: 0.0667406214618816
p-valu: 2.6333784412921027e-93

AL interation 3752/4801.

mae: 0.028869563755481175
max_error: 0.15218412797063374
variance: 0.000610373655684124
pearson: 0.06646019694745628
p-valu: 1.5470899320681633e-92

AL interation 3753/4801.

mae: 0.02883766168996248
max_error: 0.15243750088726538
variance: 0.0006088517109826515
pearson: 0.11383421069009737
p-valu: 1.0028535510817415e-268

AL interation 3754/4801.

mae: 0.028838287004419594
max_error: 0.15237857639900776
variance: 0.0006088596247385952
pearson: 0.08459153509880409
p-valu: 6.792385803009157e-149

AL interation 3755/4801.

mae: 0.028816464062393472
max_error: 0.15265546491597215
variance: 0.0006097709951526048
pearson: 0.08002725102857614
p-valu: 2.0236608735600167e-133

AL interation 3756/4801.

mae: 0.02883242666307144
max_error: 0.1527606987207606
variance: 0.0006097000213284103
pearson: 0.07807078043513148
p-valu: 4.725686879830842e-127

AL interation 3757/4801.

mae: 0.028832379647495018
max_error: 0.15274885783097725
variance: 0.0006097608798553328
pearson: 0.09886777837583875
p-valu: 6.734825638539309e-203

AL interation 3758/4801.

mae: 0.028830766732643034
max_error: 0.15265705307562039
variance: 0.0006093564205046719
pearson: 0.06450644383401666
p-valu: 2.856482977512305e-87

AL interation 3759/4801.

mae: 0.028836790315659167
max_error: 0.15244649274851563
variance: 0.0006100187788322545
pearson: 0.07860077381578631
p-valu: 9.320922332801951e-129

AL interation 3760/4801.

mae: 0.02882389447452146
max_error: 0.15246146139057837
variance: 0.0006094013009191306
pearson: 0.11351768297998466
p-valu: 3.2435381756915793e-267

AL interation 3761/4801.

mae: 0.028822518289745275
max_error: 0.1523825996943402
variance: 0.0006097277163436831
pearson: 0.11290622057575575
p-valu: 2.3988937424229487e-264

AL interation 3762/4801.

mae: 0.028831936326956086
max_error: 0.15213145709154796
variance: 0.0006118743219827252
pearson: 0.0971646728795968
p-valu: 5.3710181837225665e-196

AL interation 3763/4801.

mae: 0.0288363848254608
max_error: 0.15202488327364572
variance: 0.0006109893507203425
pearson: 0.06389574572706047
p-valu: 1.1811298375056489e-85

AL interation 3764/4801.

mae: 0.028784484395605305
max_error: 0.15430388571863896
variance: 0.0006120525803911133
pearson: 0.10641314272731962
p-valu: 7.021869763730566e-235

AL interation 3765/4801.

mae: 0.028768040446250833
max_error: 0.15396884435782576
variance: 0.0006104670539603646
pearson: 0.08107259697715356
p-valu: 7.1346471714486105e-137

AL interation 3766/4801.

mae: 0.028761491753482447
max_error: 0.15391656080706762
variance: 0.0006101848316419201
pearson: 0.07576209780732876
p-valu: 9.901039430405197e-120

AL interation 3767/4801.

mae: 0.028774395633328908
max_error: 0.15358416061886837
variance: 0.0006095581640369895
pearson: 0.08901356296336772
p-valu: 1.086705745871317e-164

AL interation 3768/4801.

mae: 0.028779056437635044
max_error: 0.15026128868217947
variance: 0.0006095435602716486
pearson: 0.10298714896246867
p-valu: 4.7989905030895205e-220

AL interation 3769/4801.

mae: 0.028767009291123528
max_error: 0.15007012706579426
variance: 0.0006071981222083259
pearson: 0.08367380021001616
p-valu: 1.0856229474581385e-145

AL interation 3770/4801.

mae: 0.02877155825791733
max_error: 0.15036397961254133
variance: 0.0006074651384877172
pearson: 0.06401214242226082
p-valu: 5.922625530084851e-86

AL interation 3771/4801.

mae: 0.02874020335182582
max_error: 0.15053416437027645
variance: 0.0006060965602147624
pearson: 0.07356018657618402
p-valu: 5.828669349144067e-113

AL interation 3772/4801.

mae: 0.02871673899196235
max_error: 0.15060178125228285
variance: 0.0006061791674137622
pearson: 0.11804994683338693
p-valu: 6.42546209691173e-289

AL interation 3773/4801.

mae: 0.02871609578229657
max_error: 0.15063930782222323
variance: 0.0006060470375313214
pearson: 0.05956410991784117
p-valu: 1.1807353281166076e-74

AL interation 3774/4801.

mae: 0.02873249510418232
max_error: 0.1505171056475434
variance: 0.0006061393965429855
pearson: 0.11547145624811704
p-valu: 1.9377389920601223e-276

AL interation 3775/4801.

mae: 0.02871984717952062
max_error: 0.1509383490071401
variance: 0.0006057225975465034
pearson: 0.07031476051228773
p-valu: 2.3592301278726777e-103

AL interation 3776/4801.

mae: 0.028719605839128182
max_error: 0.1509841788780819
variance: 0.0006055614919343796
pearson: 0.07351676456834494
p-valu: 7.995111244967573e-113

AL interation 3777/4801.

mae: 0.028719425066961
max_error: 0.15096183183655976
variance: 0.0006056044094470646
pearson: 0.09360032146652966
p-valu: 6.121914980070984e-182

AL interation 3778/4801.

mae: 0.02870924704052768
max_error: 0.1510925461940702
variance: 0.0006054826799891465
pearson: 0.06630936303669736
p-valu: 4.228802301809792e-92

AL interation 3779/4801.

mae: 0.028716105833537894
max_error: 0.14995188824347006
variance: 0.0006055147513621987
pearson: 0.07723151395374303
p-valu: 2.437192435019435e-124

AL interation 3780/4801.

mae: 0.02871522071246412
max_error: 0.14994659328536963
variance: 0.000605371987041085
pearson: 0.09943289175161224
p-valu: 3.667896483029735e-205

AL interation 3781/4801.

mae: 0.028804755890749427
max_error: 0.14866280037919077
variance: 0.0006057253745689431
pearson: 0.08187668613486834
p-valu: 1.510817637609802e-139

AL interation 3782/4801.

mae: 0.028804105932046447
max_error: 0.14866761153340358
variance: 0.0006057560306932825
pearson: 0.08270657503961587
p-valu: 2.338050661024235e-142

AL interation 3783/4801.

mae: 0.028812700377894445
max_error: 0.14853516895042285
variance: 0.0006063785181461015
pearson: 0.0725079840617299
p-valu: 8.71882997255641e-110

AL interation 3784/4801.

mae: 0.028777672168867504
max_error: 0.14899168159050769
variance: 0.0006060810139382
pearson: 0.08895133851947681
p-valu: 1.966498956403887e-164

AL interation 3785/4801.

mae: 0.028777689250079768
max_error: 0.1489892477572199
variance: 0.0006060802314919614
pearson: 0.07910100645244138
p-valu: 2.405594248694873e-130

AL interation 3786/4801.

mae: 0.028788873206960164
max_error: 0.14879829473162554
variance: 0.0006063300557474511
pearson: 0.08737708574430236
p-valu: 1.0376063274002363e-158

AL interation 3787/4801.

mae: 0.02879039458006678
max_error: 0.1492272654492468
variance: 0.0006058523170208556
pearson: 0.08168486060084046
p-valu: 6.820555810211655e-139

AL interation 3788/4801.

mae: 0.02876335651984789
max_error: 0.1490773405736605
variance: 0.0006049412199507636
pearson: 0.07963462523027438
p-valu: 4.388251859238976e-132

AL interation 3789/4801.

mae: 0.02876010944594748
max_error: 0.148977115312539
variance: 0.0006049462295985118
pearson: 0.08214216314620323
p-valu: 1.9706637332301145e-140

AL interation 3790/4801.

mae: 0.02875986298411229
max_error: 0.1499745656134679
variance: 0.0006040568484735622
pearson: 0.06472461521802086
p-valu: 8.043712532005495e-88

AL interation 3791/4801.

mae: 0.028796965139213086
max_error: 0.14900206099870283
variance: 0.0006052940074388135
pearson: 0.07322241553866889
p-valu: 6.437590931291924e-112

AL interation 3792/4801.

mae: 0.02890274267887653
max_error: 0.14604661038416689
variance: 0.0006112018031696753
pearson: 0.08324995234688017
p-valu: 3.3681199385283867e-144

AL interation 3793/4801.

mae: 0.02900316928208303
max_error: 0.15568622135018195
variance: 0.0006111399500193677
pearson: 0.07548620135234786
p-valu: 7.722878512078753e-119

AL interation 3794/4801.

mae: 0.0289457501364766
max_error: 0.15009022116161086
variance: 0.0006089009855751772
pearson: 0.07459955306205268
p-valu: 4.225761372296629e-116

AL interation 3795/4801.

mae: 0.02893978127985616
max_error: 0.15023997884296714
variance: 0.0006092190104108814
pearson: 0.0843734542204279
p-valu: 4.51583880551033e-148

AL interation 3796/4801.

mae: 0.029258694636905076
max_error: 0.1501924766622893
variance: 0.0006159142607029973
pearson: 0.06668482809468709
p-valu: 4.1422354602740495e-93

AL interation 3797/4801.

mae: 0.029228751198921512
max_error: 0.14823634280643327
variance: 0.0006134737790198221
pearson: 0.07809973322281936
p-valu: 4.324824854280215e-127

AL interation 3798/4801.

mae: 0.02893070886869812
max_error: 0.14839801077201864
variance: 0.0006098209732293008
pearson: 0.08203701977206047
p-valu: 4.604324033460604e-140

AL interation 3799/4801.

mae: 0.028932534041496403
max_error: 0.14834344806027966
variance: 0.0006097070388442369
pearson: 0.09740571138674431
p-valu: 6.900031774744296e-197

AL interation 3800/4801.

mae: 0.028924676366745138
max_error: 0.14841144093103376
variance: 0.0006094998471148619
pearson: 0.08584595792208194
p-valu: 3.1738723307531333e-153

AL interation 3801/4801.

mae: 0.02891814491910645
max_error: 0.14847322787560424
variance: 0.0006096218533627994
pearson: 0.07752566815626577
p-valu: 3.0137742936029077e-125

AL interation 3802/4801.

mae: 0.028924525606854594
max_error: 0.14670089917368623
variance: 0.0006096982010685197
pearson: 0.09765660713912895
p-valu: 6.84606512932275e-198

AL interation 3803/4801.

mae: 0.02891861930589302
max_error: 0.14646589942882438
variance: 0.0006089833383932181
pearson: 0.06052600065927117
p-valu: 5.2748140816662935e-77

AL interation 3804/4801.

mae: 0.02891896291681168
max_error: 0.1464775575902082
variance: 0.0006089911764672808
pearson: 0.10159140663270001
p-valu: 4.572282227924902e-214

AL interation 3805/4801.

mae: 0.02882679255124905
max_error: 0.14440393585997535
variance: 0.0006018152998361007
pearson: 0.08158930344473699
p-valu: 1.5174491656410775e-138

AL interation 3806/4801.

mae: 0.028825995529589286
max_error: 0.14441547383345332
variance: 0.0006015764823689805
pearson: 0.09818369563008164
p-valu: 5.1785452266477654e-200

AL interation 3807/4801.

mae: 0.028831727258365802
max_error: 0.1446343417725644
variance: 0.0006018000642739753
pearson: 0.10165720770465075
p-valu: 2.4592795316604553e-214

AL interation 3808/4801.

mae: 0.02895119526275026
max_error: 0.14511576299506723
variance: 0.0006087087397849266
pearson: 0.09434766485596713
p-valu: 8.921319491256209e-185

AL interation 3809/4801.

mae: 0.0289461353533203
max_error: 0.144620186571649
variance: 0.0006097461754187129
pearson: 0.08541436133960419
p-valu: 1.0913503945340086e-151

AL interation 3810/4801.

mae: 0.0289477831534686
max_error: 0.14445899589069322
variance: 0.0006097493962897302
pearson: 0.09167697813211931
p-valu: 1.5661963095363592e-174

AL interation 3811/4801.

mae: 0.02888725524560307
max_error: 0.1452856945094596
variance: 0.0006069519624967111
pearson: 0.08358185732485332
p-valu: 2.608489867270055e-145

AL interation 3812/4801.

mae: 0.028736625491735106
max_error: 0.14550776196362003
variance: 0.0005973778009593189
pearson: 0.08382748650579104
p-valu: 3.728199518780671e-146

AL interation 3813/4801.

mae: 0.02874644289457917
max_error: 0.14545585818146956
variance: 0.0005973510742006713
pearson: 0.11121501080310546
p-valu: 2.3201347579915297e-256

AL interation 3814/4801.

mae: 0.028744748832806907
max_error: 0.14544765302586038
variance: 0.0005978385759100064
pearson: 0.10034834180551529
p-valu: 7.307719168060245e-209

AL interation 3815/4801.

mae: 0.02873785114012393
max_error: 0.14553951458098036
variance: 0.0005978244288207992
pearson: 0.08966843747774098
p-valu: 5.11332217489158e-167

AL interation 3816/4801.

mae: 0.028740817520419456
max_error: 0.144864512417064
variance: 0.0005980982277051753
pearson: 0.08753017474684478
p-valu: 3.2704563337431815e-159

AL interation 3817/4801.

mae: 0.02874063371433574
max_error: 0.14488206240881718
variance: 0.0005982318997076521
pearson: 0.08916404983088692
p-valu: 3.7178143845340507e-165

AL interation 3818/4801.

mae: 0.02872733730147269
max_error: 0.14508682624970115
variance: 0.0005966053336023509
pearson: 0.07092427859614066
p-valu: 4.464525217171637e-105

AL interation 3819/4801.

mae: 0.028874781180357467
max_error: 0.14729713086004503
variance: 0.0006035309917349335
pearson: 0.0800268066019206
p-valu: 2.4948176053577653e-133

AL interation 3820/4801.

mae: 0.029037083561376485
max_error: 0.14705489114809334
variance: 0.0006121589996140194
pearson: 0.07740230251328677
p-valu: 7.890526445090528e-125

AL interation 3821/4801.

mae: 0.028899563306549587
max_error: 0.14659070489020687
variance: 0.0006045719052259099
pearson: 0.08593568488078045
p-valu: 1.6521068852504944e-153

AL interation 3822/4801.

mae: 0.028780883604382114
max_error: 0.14530387132859923
variance: 0.0006001780626690438
pearson: 0.06837545821248199
p-valu: 8.926795720122406e-98

AL interation 3823/4801.

mae: 0.028790071359750674
max_error: 0.1456455821195619
variance: 0.0006002869040997295
pearson: 0.05459773604617769
p-valu: 5.703573568501365e-63

AL interation 3824/4801.

mae: 0.028804025369837324
max_error: 0.1456935995471782
variance: 0.0006005454684221261
pearson: 0.07004386671167125
p-valu: 1.6107201492012135e-102

AL interation 3825/4801.

mae: 0.028789643718566224
max_error: 0.14567589034655848
variance: 0.000600672128675295
pearson: 0.08061331658895587
p-valu: 2.932161497813941e-135

AL interation 3826/4801.

mae: 0.028778561287906627
max_error: 0.14608431706680003
variance: 0.0005981704907268851
pearson: 0.07247776505034392
p-valu: 1.2018042355120087e-109

AL interation 3827/4801.

mae: 0.028766035090980503
max_error: 0.1460064431654815
variance: 0.0005980998046595617
pearson: 0.07160385019925715
p-valu: 4.6665593322658617e-107

AL interation 3828/4801.

mae: 0.02871924112158318
max_error: 0.14569083757547796
variance: 0.0005977416627002127
pearson: 0.07654641066783986
p-valu: 4.140734053645672e-122

AL interation 3829/4801.

mae: 0.029088259466834205
max_error: 0.14619604872374348
variance: 0.0006180286825960004
pearson: 0.06390472394696889
p-valu: 1.280886845614548e-85

AL interation 3830/4801.

mae: 0.029106564859262666
max_error: 0.14595399235137174
variance: 0.0006200069098454736
pearson: 0.07604161432756232
p-valu: 1.597364753770823e-120

AL interation 3831/4801.

mae: 0.02908228077928216
max_error: 0.14581280229564308
variance: 0.0006202440379470402
pearson: 0.09550103813680846
p-valu: 3.0290671294319468e-189

AL interation 3832/4801.

mae: 0.029084390658757273
max_error: 0.14590305799234793
variance: 0.0006203438501110003
pearson: 0.08717232633749397
p-valu: 6.738679093949453e-158

AL interation 3833/4801.

mae: 0.029063228450896133
max_error: 0.14608788780120685
variance: 0.000619339392956857
pearson: 0.0917077783697829
p-valu: 1.320325236379385e-174

AL interation 3834/4801.

mae: 0.028997702994192267
max_error: 0.14865872084588982
variance: 0.0006167134099461717
pearson: 0.06677405542245632
p-valu: 2.567191267088967e-93

AL interation 3835/4801.

mae: 0.02895150717937548
max_error: 0.14870947552877833
variance: 0.0006160967157468077
pearson: 0.10080437569543939
p-valu: 1.0403968183679872e-210

AL interation 3836/4801.

mae: 0.028908613920126527
max_error: 0.14934502261563676
variance: 0.0006140862418017826
pearson: 0.07214131653310409
p-valu: 1.2339549309504743e-108

AL interation 3837/4801.

mae: 0.028899300197384674
max_error: 0.14918665595938574
variance: 0.0006141837908849266
pearson: 0.09683862624709083
p-valu: 1.545357286863067e-194

AL interation 3838/4801.

mae: 0.028897554538330112
max_error: 0.14940375417460228
variance: 0.0006142420359386797
pearson: 0.09140090553388273
p-valu: 1.9385679138548427e-173

AL interation 3839/4801.

mae: 0.028898589291609413
max_error: 0.14893983168836922
variance: 0.0006141345589609972
pearson: 0.099102255056324
p-valu: 1.1115624474945515e-203

AL interation 3840/4801.

mae: 0.028900775078014106
max_error: 0.14876846877847338
variance: 0.0006144396580923289
pearson: 0.09100309848128318
p-valu: 6.10787334077711e-172

AL interation 3841/4801.

mae: 0.02890495447510439
max_error: 0.14860672767860006
variance: 0.0006148279072277624
pearson: 0.10518914724743686
p-valu: 2.4329811007902476e-229

AL interation 3842/4801.

mae: 0.028892052909599154
max_error: 0.14979241035722435
variance: 0.0006155255471731144
pearson: 0.0683524915455392
p-valu: 1.0854414494696104e-97

AL interation 3843/4801.

mae: 0.028892642792739728
max_error: 0.149847682598522
variance: 0.0006154535419950404
pearson: 0.09391886620051533
p-valu: 4.81050856212755e-183

AL interation 3844/4801.

mae: 0.028955974154218283
max_error: 0.14969471473920049
variance: 0.0006174479084612547
pearson: 0.06868466994474247
p-valu: 1.2660760232446393e-98

AL interation 3845/4801.

mae: 0.028957207275405374
max_error: 0.149563054539942
variance: 0.0006174936006887449
pearson: 0.06322178395768732
p-valu: 8.032637911703031e-84

AL interation 3846/4801.

mae: 0.02897517552227582
max_error: 0.15029653960333444
variance: 0.0006212127651591562
pearson: 0.10125565392327907
p-valu: 1.4460764640939626e-212

AL interation 3847/4801.

mae: 0.028963846434279312
max_error: 0.15078235844372312
variance: 0.0006215649965658655
pearson: 0.07547587127436868
p-valu: 9.704366668753807e-119

AL interation 3848/4801.

mae: 0.02895717371951851
max_error: 0.1506730149888993
variance: 0.0006219110409009714
pearson: 0.07743745695316019
p-valu: 6.634250023121217e-125

AL interation 3849/4801.

mae: 0.02895826730800691
max_error: 0.15065907209678908
variance: 0.0006218964971311233
pearson: 0.07172097632172145
p-valu: 2.2318233487582088e-107

AL interation 3850/4801.

mae: 0.028958953914192825
max_error: 0.15069645032450563
variance: 0.0006217932963416773
pearson: 0.06905005668467543
p-valu: 1.1878484067660065e-99

AL interation 3851/4801.

mae: 0.028937730267243267
max_error: 0.15002879265044822
variance: 0.0006212313118561577
pearson: 0.07888652090614177
p-valu: 1.4727588114489553e-129

AL interation 3852/4801.

mae: 0.02894051010335298
max_error: 0.15001525129297288
variance: 0.0006210468497938722
pearson: 0.07602355789783671
p-valu: 1.9391019650483566e-120

AL interation 3853/4801.

mae: 0.028942155841574
max_error: 0.15008264351159806
variance: 0.0006209233567198761
pearson: 0.07604119170031502
p-valu: 1.7129365477258947e-120

AL interation 3854/4801.

mae: 0.028954446004760798
max_error: 0.15082245034169528
variance: 0.0006217077572556478
pearson: 0.07308208181676426
p-valu: 2.0152602534538467e-111

AL interation 3855/4801.

mae: 0.02895143602930071
max_error: 0.15124006681468227
variance: 0.0006209409340873571
pearson: 0.10189411911733413
p-valu: 3.1926505224110323e-215

AL interation 3856/4801.

mae: 0.02893897155406938
max_error: 0.15234412510141038
variance: 0.000620901393145439
pearson: 0.10601173416934741
p-valu: 6.840500388088166e-233

AL interation 3857/4801.

mae: 0.02893906376353955
max_error: 0.15201523102983838
variance: 0.0006206501219960646
pearson: 0.0900382825015962
p-valu: 2.593072622541286e-168

AL interation 3858/4801.

mae: 0.028985349501605497
max_error: 0.15235997502564924
variance: 0.0006203801267553001
pearson: 0.0737060172953569
p-valu: 2.6726629421162786e-113

AL interation 3859/4801.

mae: 0.02897564621953636
max_error: 0.15236438502357696
variance: 0.0006199977933014495
pearson: 0.12390569407048542
p-valu: 5.26427e-318

AL interation 3860/4801.

mae: 0.028978645172590366
max_error: 0.15231687820083817
variance: 0.0006200232215517097
pearson: 0.09758920504903176
p-valu: 1.6888349808124627e-197

AL interation 3861/4801.

mae: 0.028979884876428174
max_error: 0.15238308183721738
variance: 0.0006199142528146266
pearson: 0.07648781731886024
p-valu: 6.975553340042306e-122

AL interation 3862/4801.

mae: 0.0290214000291101
max_error: 0.15266308013484586
variance: 0.0006198316051624372
pearson: 0.0647390153030952
p-valu: 8.569856542902394e-88

AL interation 3863/4801.

mae: 0.028988224707153766
max_error: 0.15235574192080303
variance: 0.0006178097304797644
pearson: 0.08343573032895353
p-valu: 9.948201163044042e-145

AL interation 3864/4801.

mae: 0.02893648202658935
max_error: 0.15005545389464015
variance: 0.000612521435191146
pearson: 0.11183973294034678
p-valu: 4.196609709506909e-259

AL interation 3865/4801.

mae: 0.02904208633185815
max_error: 0.14385590925909364
variance: 0.0006151970750859899
pearson: 0.09925577262170057
p-valu: 2.976794974615128e-204

AL interation 3866/4801.

mae: 0.029373175951891796
max_error: 0.1465680432326253
variance: 0.000636330863138313
pearson: 0.08917207787515462
p-valu: 4.225280058373116e-165

AL interation 3867/4801.

mae: 0.029382532540426554
max_error: 0.14649179762877518
variance: 0.0006362902192066352
pearson: 0.13233573967815887
p-valu: 0.0

AL interation 3868/4801.

mae: 0.02948264856672995
max_error: 0.14441167367817798
variance: 0.0006412611317862844
pearson: 0.064864409014613
p-valu: 4.0248558893945257e-88

AL interation 3869/4801.

mae: 0.029463185859540993
max_error: 0.1442724036094205
variance: 0.0006416102765469587
pearson: 0.12711639447049827
p-valu: 0.0

AL interation 3870/4801.

mae: 0.02938597443304631
max_error: 0.1450237007445594
variance: 0.0006369160368717556
pearson: 0.07590303924596059
p-valu: 4.859664707482682e-120

AL interation 3871/4801.

mae: 0.02937607086207721
max_error: 0.1450986833767729
variance: 0.0006370056656393738
pearson: 0.08927301435825008
p-valu: 1.8354062059650162e-165

AL interation 3872/4801.

mae: 0.029380103727942194
max_error: 0.14536315662530797
variance: 0.0006369180582879485
pearson: 0.08705479418747746
p-valu: 2.0718167061876003e-157

AL interation 3873/4801.

mae: 0.029545696847248917
max_error: 0.13976636615631266
variance: 0.0006366252726119713
pearson: 0.0760247834721094
p-valu: 2.0429191697267226e-120

AL interation 3874/4801.

mae: 0.029474092595468664
max_error: 0.13930917926578568
variance: 0.0006353893110358261
pearson: 0.07415571615030826
p-valu: 1.2013516718732855e-114

AL interation 3875/4801.

mae: 0.02967672099245644
max_error: 0.140202150577045
variance: 0.0006463443311421154
pearson: 0.06312692484505612
p-valu: 1.5034457732071618e-83

AL interation 3876/4801.

mae: 0.029488209772323627
max_error: 0.13923100835623936
variance: 0.000638253017259181
pearson: 0.06260563809555429
p-valu: 3.338724967043839e-82

AL interation 3877/4801.

mae: 0.029489154222204703
max_error: 0.13920091232163267
variance: 0.0006384933383626141
pearson: 0.09133538450173162
p-valu: 4.028750620552818e-173

AL interation 3878/4801.

mae: 0.029485690475203382
max_error: 0.13978407824712358
variance: 0.0006387187837805215
pearson: 0.11697124630589394
p-valu: 2.387294004893581e-283

AL interation 3879/4801.

mae: 0.029597188694643253
max_error: 0.14009608658549277
variance: 0.0006414078808365109
pearson: 0.0888861484338277
p-valu: 4.970759226087656e-164

AL interation 3880/4801.

mae: 0.02960516186642678
max_error: 0.1399285908798107
variance: 0.0006419695801386008
pearson: 0.07875943331580201
p-valu: 4.162487575618019e-129

AL interation 3881/4801.

mae: 0.02960393037439041
max_error: 0.13993328809616523
variance: 0.0006419101064806641
pearson: 0.0778027164663681
p-valu: 5.006476745257868e-126

AL interation 3882/4801.

mae: 0.029605131257577157
max_error: 0.14015701090344246
variance: 0.0006418307758583046
pearson: 0.11794884501537378
p-valu: 4.3371475828414625e-288

AL interation 3883/4801.

mae: 0.029614286230289607
max_error: 0.14009165889243613
variance: 0.0006417927026959033
pearson: 0.14848604493426962
p-valu: 0.0

AL interation 3884/4801.

mae: 0.02944612699835129
max_error: 0.13990863890163618
variance: 0.0006363556959170242
pearson: 0.12377393047089308
p-valu: 3.032136e-317

AL interation 3885/4801.

mae: 0.02948210583675249
max_error: 0.13980493079603784
variance: 0.0006374589839965628
pearson: 0.07005011768994318
p-valu: 1.7960642208949803e-102

AL interation 3886/4801.

mae: 0.029420596621405826
max_error: 0.13958271510151699
variance: 0.0006350600277300965
pearson: 0.09293079980310352
p-valu: 3.6953416888600626e-179

AL interation 3887/4801.

mae: 0.029422946807731342
max_error: 0.13952773599763768
variance: 0.0006352521232132765
pearson: 0.09427789220065584
p-valu: 2.3719731160098605e-184

AL interation 3888/4801.

mae: 0.02942600327492745
max_error: 0.1400884368874018
variance: 0.0006354150569564099
pearson: 0.0843151864180895
p-valu: 1.0032380886758669e-147

AL interation 3889/4801.

mae: 0.029445002198211633
max_error: 0.14015960994462384
variance: 0.0006351936257872444
pearson: 0.08274264972453284
p-valu: 2.545908783417191e-142

AL interation 3890/4801.

mae: 0.02943154680887119
max_error: 0.14063497257544677
variance: 0.0006345988215095573
pearson: 0.0639694649437529
p-valu: 9.815384435555305e-86

AL interation 3891/4801.

mae: 0.029416317337569498
max_error: 0.14094968156010745
variance: 0.0006327942442121003
pearson: 0.05618672980962006
p-valu: 1.5392190228253683e-66

AL interation 3892/4801.

mae: 0.029414679269271715
max_error: 0.14092888795372582
variance: 0.0006325498469736729
pearson: 0.07024801741028328
p-valu: 4.916184025057131e-103

AL interation 3893/4801.

mae: 0.029410375547901824
max_error: 0.1418960119796453
variance: 0.0006341185556229606
pearson: 0.07140454411182143
p-valu: 2.1291674546405062e-106

AL interation 3894/4801.

mae: 0.02941332855860719
max_error: 0.14190495112294466
variance: 0.0006342936496087151
pearson: 0.0707663905093807
p-valu: 1.5581608558491252e-104

AL interation 3895/4801.

mae: 0.029415933988149512
max_error: 0.1418641486876937
variance: 0.000634334277367965
pearson: 0.09557251706763771
p-valu: 2.1252377474857933e-189

AL interation 3896/4801.

mae: 0.029413314930545206
max_error: 0.14194397965062544
variance: 0.0006338471230038893
pearson: 0.07494364911358077
p-valu: 4.927352285264907e-117

AL interation 3897/4801.

mae: 0.02940468913929563
max_error: 0.14190609650419228
variance: 0.0006341935988106032
pearson: 0.06861203983278819
p-valu: 2.3001392439636758e-98

AL interation 3898/4801.

mae: 0.029446914826609445
max_error: 0.1420197669637333
variance: 0.0006325913502626773
pearson: 0.10993058969384754
p-valu: 2.9097168594519666e-250

AL interation 3899/4801.

mae: 0.029422822910861235
max_error: 0.14237279214527243
variance: 0.0006325942975839589
pearson: 0.06822647869009625
p-valu: 2.799417969506585e-97

AL interation 3900/4801.

mae: 0.02940698951302704
max_error: 0.14266978337642522
variance: 0.0006323707759699166
pearson: 0.06720423199502673
p-valu: 1.9518018050282033e-94

AL interation 3901/4801.

mae: 0.029348896214253684
max_error: 0.14289406555932382
variance: 0.0006320932051781836
pearson: 0.08839841761440338
p-valu: 3.263868282191323e-162

AL interation 3902/4801.

mae: 0.02934591106016588
max_error: 0.14309094471415174
variance: 0.0006318353896661382
pearson: 0.08649204644688087
p-valu: 2.3723147599924072e-155

AL interation 3903/4801.

mae: 0.029285566301193604
max_error: 0.143225225684239
variance: 0.0006283357689614639
pearson: 0.07670863407291334
p-valu: 1.592733326824819e-122

AL interation 3904/4801.

mae: 0.029280154108280755
max_error: 0.14323740966088971
variance: 0.0006284863889660437
pearson: 0.10677314777833279
p-valu: 4.061969355953238e-236

AL interation 3905/4801.

mae: 0.029269799615119177
max_error: 0.14331564097543614
variance: 0.0006297152729972806
pearson: 0.08318054771501959
p-valu: 8.626060707119036e-144

AL interation 3906/4801.

mae: 0.02926463413346545
max_error: 0.14327338386525534
variance: 0.000629424798113723
pearson: 0.09264456613272497
p-valu: 5.001498261787352e-178

AL interation 3907/4801.

mae: 0.029292008773281565
max_error: 0.14316209292034054
variance: 0.0006294308970189266
pearson: 0.09860994638959807
p-valu: 1.5778400719224566e-201

AL interation 3908/4801.

mae: 0.02929490159450114
max_error: 0.1432146318317451
variance: 0.000629511897065815
pearson: 0.09020855147519595
p-valu: 7.454533788580226e-169

AL interation 3909/4801.

mae: 0.029287345357511308
max_error: 0.14328864471341385
variance: 0.0006291345751843164
pearson: 0.06497397437383196
p-valu: 2.240751931361473e-88

AL interation 3910/4801.

mae: 0.029291168253752525
max_error: 0.14332297136448924
variance: 0.0006290888929737582
pearson: 0.09184102060008179
p-valu: 5.735958000472251e-175

AL interation 3911/4801.

mae: 0.029276536369674967
max_error: 0.1420535320127443
variance: 0.0006281863994572255
pearson: 0.1378174370194203
p-valu: 0.0

AL interation 3912/4801.

mae: 0.02925794759548497
max_error: 0.14233463199221896
variance: 0.0006250318472824658
pearson: 0.07824410626723555
p-valu: 2.114536830753287e-127

AL interation 3913/4801.

mae: 0.02925783220550746
max_error: 0.1423307443134605
variance: 0.0006250345742455288
pearson: 0.07855950323471243
p-valu: 2.043307405935156e-128

AL interation 3914/4801.

mae: 0.029258553416328808
max_error: 0.14255528962045227
variance: 0.0006251707686614944
pearson: 0.06446007926432792
p-valu: 5.250034143090319e-87

AL interation 3915/4801.

mae: 0.029249460238705012
max_error: 0.14250706179760764
variance: 0.00062513409663841
pearson: 0.06718698364644898
p-valu: 2.2531808328106e-94

AL interation 3916/4801.

mae: 0.029247475149252737
max_error: 0.14251716239838297
variance: 0.0006251824383542009
pearson: 0.11003067540444167
p-valu: 1.1395234720333476e-250

AL interation 3917/4801.

mae: 0.02922406321653049
max_error: 0.1433097436298909
variance: 0.0006259199578171936
pearson: 0.07673022783858523
p-valu: 1.419219026674565e-122

AL interation 3918/4801.

mae: 0.029177122064342753
max_error: 0.14412948654959346
variance: 0.0006249018453692543
pearson: 0.06112599517256526
p-valu: 2.0718916043629838e-78

AL interation 3919/4801.

mae: 0.029171429999695478
max_error: 0.14411121327308374
variance: 0.0006244083727485862
pearson: 0.06588259587514093
p-valu: 8.305298321224669e-91

AL interation 3920/4801.

mae: 0.029142079249744185
max_error: 0.14413370717408025
variance: 0.0006244870538561964
pearson: 0.07717845976934395
p-valu: 5.478792515307208e-124

AL interation 3921/4801.

mae: 0.029272644681924635
max_error: 0.1452563612680593
variance: 0.0006298546416165187
pearson: 0.07980907375666124
p-valu: 1.7978432402385466e-132

AL interation 3922/4801.

mae: 0.029281531428082305
max_error: 0.1451129149669783
variance: 0.0006295956987622305
pearson: 0.09384762717305449
p-valu: 1.2876255555117471e-182

AL interation 3923/4801.

mae: 0.02928202230466136
max_error: 0.14510418570231431
variance: 0.0006296284157446962
pearson: 0.07477221470693783
p-valu: 1.789947998586512e-116

AL interation 3924/4801.

mae: 0.029288865733127886
max_error: 0.14517845398828522
variance: 0.0006294758249587447
pearson: 0.07894254246755192
p-valu: 1.2178168936291551e-129

AL interation 3925/4801.

mae: 0.029276291221189448
max_error: 0.1452836819322898
variance: 0.0006287578807828749
pearson: 0.07450319852739672
p-valu: 1.2022812976253778e-115

AL interation 3926/4801.

mae: 0.02927650160103506
max_error: 0.14528685495921545
variance: 0.0006287424648118063
pearson: 0.09700834880312595
p-valu: 4.9381724888210505e-195

AL interation 3927/4801.

mae: 0.02928219768769315
max_error: 0.1450899611869887
variance: 0.0006279733094290288
pearson: 0.09830593829661578
p-valu: 2.9791148075200674e-200

AL interation 3928/4801.

mae: 0.02928393063910503
max_error: 0.145024648204219
variance: 0.0006280715364909005
pearson: 0.09588317258096457
p-valu: 1.473222027559242e-190

AL interation 3929/4801.

mae: 0.029229764432678416
max_error: 0.14446552910191013
variance: 0.0006262186475683308
pearson: 0.0907836636268778
p-valu: 5.857767323103301e-171

AL interation 3930/4801.

mae: 0.029231019516734277
max_error: 0.14442293660282512
variance: 0.0006262157549249839
pearson: 0.10884353093662899
p-valu: 2.8771254829628605e-245

AL interation 3931/4801.

mae: 0.029204240114790548
max_error: 0.1427955755267818
variance: 0.000623094073376945
pearson: 0.10224828525604018
p-valu: 1.5340920085664186e-216

AL interation 3932/4801.

mae: 0.02921095411793086
max_error: 0.1424453091752751
variance: 0.0006247720454925007
pearson: 0.07443689284377755
p-valu: 1.9556091181551378e-115

AL interation 3933/4801.

mae: 0.029212129646722405
max_error: 0.14218581207629777
variance: 0.0006241831840848004
pearson: 0.11085890066277897
p-valu: 2.1063002483782757e-254

AL interation 3934/4801.

mae: 0.029182544595215666
max_error: 0.14231533634543903
variance: 0.0006228039101125574
pearson: 0.11129626650928073
p-valu: 2.0861844067011316e-256

AL interation 3935/4801.

mae: 0.02917382740395184
max_error: 0.14177522107307805
variance: 0.0006236499877236005
pearson: 0.07499111923665754
p-valu: 3.928627595432148e-117

AL interation 3936/4801.

mae: 0.02915522511184651
max_error: 0.1426257204572381
variance: 0.0006215088422127788
pearson: 0.08595635781801317
p-valu: 2.1396042825558402e-153

AL interation 3937/4801.

mae: 0.029095836339745263
max_error: 0.142689375336579
variance: 0.0006183565325193295
pearson: 0.10253041140513396
p-valu: 1.019460558701657e-217

AL interation 3938/4801.

mae: 0.029094956663806813
max_error: 0.14269078201929242
variance: 0.0006183235811524792
pearson: 0.06881912330217732
p-valu: 6.603201710258931e-99

AL interation 3939/4801.

mae: 0.029083930326802104
max_error: 0.1432252399669438
variance: 0.0006170620121947284
pearson: 0.11127068812236278
p-valu: 2.8214996241691395e-256

AL interation 3940/4801.

mae: 0.02908664975701568
max_error: 0.14335914368590474
variance: 0.0006174860310961762
pearson: 0.06903053475749894
p-valu: 1.6737706583394954e-99

AL interation 3941/4801.

mae: 0.02908546203875253
max_error: 0.14280942246356298
variance: 0.000617423677814945
pearson: 0.10011428088369867
p-valu: 1.2887742444438606e-207

AL interation 3942/4801.

mae: 0.02908395890534114
max_error: 0.14279705540562881
variance: 0.0006169315647406441
pearson: 0.07055855219044957
p-valu: 7.046293969232564e-104

AL interation 3943/4801.

mae: 0.02907132662215207
max_error: 0.1428167540349592
variance: 0.0006160421890357878
pearson: 0.0920889540721036
p-valu: 7.601380584258879e-176

AL interation 3944/4801.

mae: 0.029056083916276627
max_error: 0.14285964281103825
variance: 0.0006158114862164011
pearson: 0.06275724156762486
p-valu: 1.5553188629312458e-82

AL interation 3945/4801.

mae: 0.02905537530450325
max_error: 0.14285751197045338
variance: 0.0006158049033201856
pearson: 0.11566658624998989
p-valu: 7.141322589550409e-277

AL interation 3946/4801.

mae: 0.029055399174796513
max_error: 0.14285726509721153
variance: 0.0006158089911814369
pearson: 0.07886467662692755
p-valu: 2.3330002172127656e-129

AL interation 3947/4801.

mae: 0.02905310183282701
max_error: 0.14279043760931254
variance: 0.0006156511097038838
pearson: 0.07894526299627459
p-valu: 1.2824294196393833e-129

AL interation 3948/4801.

mae: 0.02905160695193053
max_error: 0.14287976996880625
variance: 0.00061574587328338
pearson: 0.09360102130179329
p-valu: 1.2922129898559318e-181

AL interation 3949/4801.

mae: 0.02905575722243811
max_error: 0.14362664376554912
variance: 0.000616088204741987
pearson: 0.13275452035317672
p-valu: 0.0

AL interation 3950/4801.

mae: 0.029056314994006877
max_error: 0.14362930638041016
variance: 0.0006161022055409334
pearson: 0.09415875954875887
p-valu: 9.110083449491812e-184

AL interation 3951/4801.

mae: 0.02905320197810557
max_error: 0.1436561287615974
variance: 0.0006160537085873262
pearson: 0.06374413064587649
p-valu: 4.3326090212458825e-85

AL interation 3952/4801.

mae: 0.02904268793374181
max_error: 0.143814917085058
variance: 0.0006169712628600369
pearson: 0.0743359016824474
p-valu: 4.206586063601429e-115

AL interation 3953/4801.

mae: 0.02898927568208854
max_error: 0.1443826167693829
variance: 0.0006164504869528587
pearson: 0.07235474115272673
p-valu: 3.9004886530820237e-109

AL interation 3954/4801.

mae: 0.02899112067405948
max_error: 0.14443495868787304
variance: 0.0006156679494321377
pearson: 0.07778309051201844
p-valu: 7.222032353310732e-126

AL interation 3955/4801.

mae: 0.02900965906727898
max_error: 0.1445860362825102
variance: 0.0006155892432297482
pearson: 0.10775530900890923
p-valu: 2.444925345817051e-240

AL interation 3956/4801.

mae: 0.029008035446197854
max_error: 0.14510706357638137
variance: 0.000615373867787918
pearson: 0.08042558207572309
p-valu: 1.8795156490181874e-134

AL interation 3957/4801.

mae: 0.02900808539460568
max_error: 0.1451134834048049
variance: 0.0006153887805138571
pearson: 0.09439345697842902
p-valu: 1.153873467472976e-184

AL interation 3958/4801.

mae: 0.02899641624050483
max_error: 0.14566579717453587
variance: 0.0006149679514864181
pearson: 0.08091008683825954
p-valu: 4.688143677266647e-136

AL interation 3959/4801.

mae: 0.029002659087309902
max_error: 0.14565334300519917
variance: 0.0006154431309384169
pearson: 0.06532528298607222
p-valu: 2.8666753265236803e-89

AL interation 3960/4801.

mae: 0.029011249433014846
max_error: 0.14575391192071274
variance: 0.0006154229197146669
pearson: 0.09717917601635154
p-valu: 1.203128363491423e-195

AL interation 3961/4801.

mae: 0.029023469427520317
max_error: 0.14563657184286294
variance: 0.0006154621188826742
pearson: 0.09719869238004994
p-valu: 1.0098376163325018e-195

AL interation 3962/4801.

mae: 0.029040894469420132
max_error: 0.1456958894765763
variance: 0.000615490249709767
pearson: 0.07616150451162204
p-valu: 9.891554474205802e-121

AL interation 3963/4801.

mae: 0.029039438445818484
max_error: 0.1456266449446617
variance: 0.0006151965790828145
pearson: 0.08825808526870871
p-valu: 1.3467519716469161e-161

AL interation 3964/4801.

mae: 0.029010363275358286
max_error: 0.1457063681470232
variance: 0.0006134992764756304
pearson: 0.07341025371821461
p-valu: 2.790750363657539e-112

AL interation 3965/4801.

mae: 0.029016468381038017
max_error: 0.14552353745117452
variance: 0.000613468341216219
pearson: 0.1106064700322159
p-valu: 3.662175382096391e-253

AL interation 3966/4801.

mae: 0.02901777357891428
max_error: 0.14552192284705834
variance: 0.0006134735636704964
pearson: 0.07161539211204851
p-valu: 6.173688526380682e-107

AL interation 3967/4801.

mae: 0.028984372757397733
max_error: 0.14517919333471818
variance: 0.0006122505566850935
pearson: 0.06886258668469275
p-valu: 5.3325610781097636e-99

AL interation 3968/4801.

mae: 0.028971679680324845
max_error: 0.14531642538228207
variance: 0.0006121890512066467
pearson: 0.08443634645182149
p-valu: 5.073797080327868e-148

AL interation 3969/4801.

mae: 0.028971945145995066
max_error: 0.1452974571317669
variance: 0.0006122328862814573
pearson: 0.08123482530194784
p-valu: 4.0277141197424367e-137

AL interation 3970/4801.

mae: 0.028960863168929544
max_error: 0.14535905865947152
variance: 0.0006118338189711314
pearson: 0.08578610271707421
p-valu: 9.687209434806775e-153

AL interation 3971/4801.

mae: 0.028961743757973814
max_error: 0.1453224340863586
variance: 0.0006115144113227972
pearson: 0.08176263529850386
p-valu: 6.927578238290251e-139

AL interation 3972/4801.

mae: 0.028955999650963724
max_error: 0.1452902633306281
variance: 0.0006110521255470372
pearson: 0.08982927728302158
p-valu: 2.457701102076945e-167

AL interation 3973/4801.

mae: 0.028978606922886847
max_error: 0.1454125945007605
variance: 0.000612790923480146
pearson: 0.06393216211201916
p-valu: 1.4583407770226468e-85

AL interation 3974/4801.

mae: 0.02897654901639762
max_error: 0.14540093410929567
variance: 0.0006128019604958309
pearson: 0.06787812595864326
p-valu: 3.1325389929344616e-96

AL interation 3975/4801.

mae: 0.02897500948949643
max_error: 0.14536418688172725
variance: 0.0006127347973401728
pearson: 0.10194295280087606
p-valu: 3.7260484329900124e-215

AL interation 3976/4801.

mae: 0.02897280938144128
max_error: 0.14532034384197923
variance: 0.0006126078050053437
pearson: 0.07435216228983409
p-valu: 4.0108568977211793e-115

AL interation 3977/4801.

mae: 0.028975788576133497
max_error: 0.14527893691289373
variance: 0.0006126314582346426
pearson: 0.0782571171402844
p-valu: 2.3454747526917164e-127

AL interation 3978/4801.

mae: 0.028971933265863947
max_error: 0.14528541380665283
variance: 0.0006126874001571088
pearson: 0.09500204706851498
p-valu: 5.379432133533946e-187

AL interation 3979/4801.

mae: 0.028958710694555585
max_error: 0.14409720214340505
variance: 0.0006122201626788511
pearson: 0.09419634492499498
p-valu: 7.412764915154784e-184

AL interation 3980/4801.

mae: 0.028960508021433996
max_error: 0.14416196455810004
variance: 0.00061199354314282
pearson: 0.0842001920702574
p-valu: 3.486099447263553e-147

AL interation 3981/4801.

mae: 0.02895679302681946
max_error: 0.14402308980667167
variance: 0.0006120994501068957
pearson: 0.08548196756548598
p-valu: 1.1868608668086004e-151

AL interation 3982/4801.

mae: 0.028927195920124858
max_error: 0.14393161966169155
variance: 0.000611208559943243
pearson: 0.1027400805073494
p-valu: 1.677796436843421e-218

AL interation 3983/4801.

mae: 0.028932084864526787
max_error: 0.1436144391906624
variance: 0.000611428351920176
pearson: 0.09112918215635604
p-valu: 3.73357914989879e-172

AL interation 3984/4801.

mae: 0.029020512982819924
max_error: 0.14611550854775723
variance: 0.0006114754299673265
pearson: 0.07257574190718691
p-valu: 9.316829302717667e-110

AL interation 3985/4801.

mae: 0.029035478756234474
max_error: 0.14606161373618542
variance: 0.0006116784673117358
pearson: 0.09887543911296418
p-valu: 1.9230180499416088e-202

AL interation 3986/4801.

mae: 0.02905317077605973
max_error: 0.1459403697323638
variance: 0.0006104948521205768
pearson: 0.08102770334524365
p-valu: 2.0883942118288287e-136

AL interation 3987/4801.

mae: 0.029109497000296698
max_error: 0.1457077631772905
variance: 0.0006138400886808847
pearson: 0.08055452564898039
p-valu: 7.78943362921565e-135

AL interation 3988/4801.

mae: 0.02910824212818401
max_error: 0.14560997839968204
variance: 0.0006135705688651949
pearson: 0.07767769601522463
p-valu: 1.7374969314429888e-125

AL interation 3989/4801.

mae: 0.029110934549705057
max_error: 0.14544393384372833
variance: 0.0006137415524559395
pearson: 0.08139547001714414
p-valu: 1.2510413961502912e-137

AL interation 3990/4801.

mae: 0.02911069635614342
max_error: 0.1454521682341352
variance: 0.0006137226367462045
pearson: 0.09706502945296695
p-valu: 3.9687866493939246e-195

AL interation 3991/4801.

mae: 0.02912185363235285
max_error: 0.14552258447171207
variance: 0.0006141402142740503
pearson: 0.08571026042624125
p-valu: 1.9374065871473594e-152

AL interation 3992/4801.

mae: 0.029104929947778017
max_error: 0.14453557754555968
variance: 0.0006136117330437889
pearson: 0.07199770255568376
p-valu: 4.93334073593212e-108

AL interation 3993/4801.

mae: 0.029102155560039315
max_error: 0.14454995588918118
variance: 0.0006134469949372603
pearson: 0.0865877267775032
p-valu: 1.5255037767259694e-155

AL interation 3994/4801.

mae: 0.02909459793962607
max_error: 0.14453095968079888
variance: 0.0006129490527328555
pearson: 0.07676144885357564
p-valu: 1.420993191916305e-122

AL interation 3995/4801.

mae: 0.02909492040946521
max_error: 0.14455878591858218
variance: 0.000612911460886336
pearson: 0.11341702373175655
p-valu: 4.417346072126419e-266

AL interation 3996/4801.

mae: 0.029092023898667555
max_error: 0.14457910825391318
variance: 0.0006128921443194669
pearson: 0.0984950882592251
p-valu: 7.133030248038985e-201

AL interation 3997/4801.

mae: 0.029092024998754604
max_error: 0.14458471871936363
variance: 0.0006128977764025132
pearson: 0.07966164073782492
p-valu: 6.968456181941493e-132

AL interation 3998/4801.

mae: 0.029095664729929787
max_error: 0.14448245704503515
variance: 0.000612956394713394
pearson: 0.06577928020768323
p-valu: 1.8754673428533883e-90

AL interation 3999/4801.

mae: 0.0290417461344841
max_error: 0.145869497725164
variance: 0.0006123959112177719
pearson: 0.09271442883635059
p-valu: 4.045953725138759e-178

AL interation 4000/4801.

mae: 0.02904114762234973
max_error: 0.1460053520264979
variance: 0.0006122454880398112
pearson: 0.09154686364771379
p-valu: 1.080957694390554e-173

AL interation 4001/4801.

mae: 0.029036193133476815
max_error: 0.14614065550873656
variance: 0.0006122578799040956
pearson: 0.08701329583790056
p-valu: 4.7665501622586205e-157

AL interation 4002/4801.

mae: 0.029030437113098956
max_error: 0.14339300166344637
variance: 0.0006108958479516106
pearson: 0.08275387947438828
p-valu: 3.439551847716965e-142

AL interation 4003/4801.

mae: 0.02904443750838822
max_error: 0.14328784678824613
variance: 0.000611461060411001
pearson: 0.09880820717033759
p-valu: 3.9453530647053246e-202

AL interation 4004/4801.

mae: 0.02903028541079104
max_error: 0.1419917970294251
variance: 0.0006110332844842055
pearson: 0.05380618149295128
p-valu: 4.295348889314543e-61

AL interation 4005/4801.

mae: 0.02902037359706907
max_error: 0.14209868440472073
variance: 0.0006107232291644746
pearson: 0.08561032599490437
p-valu: 4.5861611597505455e-152

AL interation 4006/4801.

mae: 0.028974528402154216
max_error: 0.14218580371986045
variance: 0.0006068335947685714
pearson: 0.12368182382906659
p-valu: 2.3055335e-316

AL interation 4007/4801.

mae: 0.02902402276624941
max_error: 0.14170491765495408
variance: 0.0006088498603385162
pearson: 0.09736881430819756
p-valu: 2.617240241296976e-196

AL interation 4008/4801.

mae: 0.029032482756429247
max_error: 0.14175361219409988
variance: 0.000609078556408581
pearson: 0.08431533287244553
p-valu: 1.538439406975989e-147

AL interation 4009/4801.

mae: 0.0290314712730398
max_error: 0.14170027644892125
variance: 0.0006089267111748766
pearson: 0.09261292298053496
p-valu: 1.029686750036572e-177

AL interation 4010/4801.

mae: 0.029012972726978246
max_error: 0.14183874654432893
variance: 0.0006088565487570484
pearson: 0.09659522157190614
p-valu: 3.2538694611122982e-193

AL interation 4011/4801.

mae: 0.029018107557350445
max_error: 0.14177809987328382
variance: 0.0006090282112140295
pearson: 0.07994219226758906
p-valu: 8.774940749558014e-133

AL interation 4012/4801.

mae: 0.02904937793011647
max_error: 0.14186647329794377
variance: 0.0006104740142664055
pearson: 0.07474571697112611
p-valu: 2.771347050213031e-116

AL interation 4013/4801.

mae: 0.02905207117260336
max_error: 0.14196375536872674
variance: 0.0006103307202641274
pearson: 0.077959135050522
p-valu: 2.3648109347560457e-126

AL interation 4014/4801.

mae: 0.0290511635715509
max_error: 0.14205129889038526
variance: 0.0006096207061648351
pearson: 0.09562735726546671
p-valu: 2.233795708974252e-189

AL interation 4015/4801.

mae: 0.029046143187387737
max_error: 0.1418723104094739
variance: 0.0006096354751722756
pearson: 0.08634152253792655
p-valu: 1.2423007471779102e-154

AL interation 4016/4801.

mae: 0.02907800548587604
max_error: 0.14197739808029164
variance: 0.000607199215408517
pearson: 0.07517928673653086
p-valu: 1.2996624238919425e-117

AL interation 4017/4801.

mae: 0.029064479615601838
max_error: 0.14200779987246515
variance: 0.0006067009501084426
pearson: 0.10505686572281979
p-valu: 2.426681371479921e-228

AL interation 4018/4801.

mae: 0.029062055004932915
max_error: 0.14214850427621295
variance: 0.0006067330462100626
pearson: 0.07182944098957048
p-valu: 1.655539219313488e-107

AL interation 4019/4801.

mae: 0.028928134020605976
max_error: 0.14249876203999756
variance: 0.0006046708388179336
pearson: 0.09403031647715943
p-valu: 3.8933886578680066e-183

AL interation 4020/4801.

mae: 0.02891835783661516
max_error: 0.14258119774482347
variance: 0.0006042404679210031
pearson: 0.09392129833957501
p-valu: 1.0321256200211954e-182

AL interation 4021/4801.

mae: 0.028908630092797708
max_error: 0.14266439049848723
variance: 0.0006040600261543502
pearson: 0.060520266422567255
p-valu: 8.140900246321604e-77

AL interation 4022/4801.

mae: 0.02890923069437907
max_error: 0.14266155386454793
variance: 0.0006039912428902446
pearson: 0.09806876257863734
p-valu: 4.298704091825978e-199

AL interation 4023/4801.

mae: 0.02890821198242214
max_error: 0.14274907965833572
variance: 0.000603987580151001
pearson: 0.09232486416503383
p-valu: 1.3627822830105569e-176

AL interation 4024/4801.

mae: 0.02890791269681195
max_error: 0.14274154679029616
variance: 0.0006040060453817956
pearson: 0.09420014835249532
p-valu: 8.758609338843215e-184

AL interation 4025/4801.

mae: 0.028912866997502833
max_error: 0.14273943179674697
variance: 0.0006043032759756137
pearson: 0.07716629802753597
p-valu: 8.197173666061688e-124

AL interation 4026/4801.

mae: 0.02892888336868272
max_error: 0.1426348764313503
variance: 0.0006038246475098946
pearson: 0.07026987978479382
p-valu: 5.927673725417958e-103

AL interation 4027/4801.

mae: 0.028923391517202284
max_error: 0.14265765535552655
variance: 0.0006038600473530654
pearson: 0.09476371761142115
p-valu: 5.7238038791509334e-186

AL interation 4028/4801.

mae: 0.02892024323704049
max_error: 0.14255852639568056
variance: 0.0006037532268174814
pearson: 0.07344385862533713
p-valu: 2.62867071289029e-112

AL interation 4029/4801.

mae: 0.028911162573558892
max_error: 0.14256539312069672
variance: 0.0006037686733705237
pearson: 0.07945326160997926
p-valu: 3.6982625046803556e-131

AL interation 4030/4801.

mae: 0.028919115866000447
max_error: 0.1426044431051765
variance: 0.000604771773178981
pearson: 0.11203796823238107
p-valu: 1.4491500673052554e-259

AL interation 4031/4801.

mae: 0.028834011134458437
max_error: 0.14233627981835761
variance: 0.0006016036987522506
pearson: 0.07469470759093753
p-valu: 4.1901316046549345e-116

AL interation 4032/4801.

mae: 0.028820125880825394
max_error: 0.14242787140634627
variance: 0.0006017832215060038
pearson: 0.09404794628849064
p-valu: 3.5255898044627742e-183

AL interation 4033/4801.

mae: 0.02881885588573192
max_error: 0.14262226633824193
variance: 0.0006016010871291139
pearson: 0.07691961365971166
p-valu: 5.058140946671157e-123

AL interation 4034/4801.

mae: 0.028800980761079887
max_error: 0.1428223705503684
variance: 0.0005998580575247367
pearson: 0.10531434705431755
p-valu: 2.0405930150413396e-229

AL interation 4035/4801.

mae: 0.028784847440005146
max_error: 0.1426063757595899
variance: 0.0005991654252227618
pearson: 0.0874487280950696
p-valu: 1.4916557995568552e-158

AL interation 4036/4801.

mae: 0.028784496488711613
max_error: 0.1426569626116021
variance: 0.000599032900586773
pearson: 0.08680472398545942
p-valu: 3.025743096760334e-156

AL interation 4037/4801.

mae: 0.028784116725889236
max_error: 0.14261338257589395
variance: 0.0005990044499253612
pearson: 0.11500049617815605
p-valu: 1.976746016617407e-273

AL interation 4038/4801.

mae: 0.028755283750274915
max_error: 0.14278901182721038
variance: 0.0005995983913242022
pearson: 0.08670918762315998
p-valu: 6.678190994542455e-156

AL interation 4039/4801.

mae: 0.02875360765832241
max_error: 0.14282773692563078
variance: 0.0005995716274386994
pearson: 0.08889811164581968
p-valu: 8.485490786224027e-164

AL interation 4040/4801.

mae: 0.02874747761579824
max_error: 0.1429463328301268
variance: 0.0005995385587544982
pearson: 0.0824272439959081
p-valu: 5.02359558237017e-141

AL interation 4041/4801.

mae: 0.02874579684898917
max_error: 0.14289417185015063
variance: 0.0005996600875000791
pearson: 0.09056634035606587
p-valu: 6.016390978607177e-170

AL interation 4042/4801.

mae: 0.028742453189877972
max_error: 0.14275199887803192
variance: 0.0005990662214623621
pearson: 0.09536673969373552
p-valu: 2.6845065400761066e-188

AL interation 4043/4801.

mae: 0.028657876844537668
max_error: 0.14265356819911412
variance: 0.0005951411122781091
pearson: 0.08384017550246607
p-valu: 7.622092434241397e-146

AL interation 4044/4801.

mae: 0.028669486030760062
max_error: 0.14391654854105984
variance: 0.0005949872103386852
pearson: 0.09866191225833744
p-valu: 1.897109942439457e-201

AL interation 4045/4801.

mae: 0.028645994462339185
max_error: 0.14355544282469457
variance: 0.0005944734023566795
pearson: 0.08939167384538713
p-valu: 1.351501583703035e-165

AL interation 4046/4801.

mae: 0.028636246153251055
max_error: 0.1434828482199777
variance: 0.0005943575940460136
pearson: 0.06970372389104385
p-valu: 2.625274801354835e-101

AL interation 4047/4801.

mae: 0.028635226642338873
max_error: 0.14348535273737473
variance: 0.0005941520369966306
pearson: 0.07951361484925042
p-valu: 2.488317721448895e-131

AL interation 4048/4801.

mae: 0.028633348305602258
max_error: 0.14375306069112814
variance: 0.0005940110937663413
pearson: 0.11556505478835356
p-valu: 4.365802324342715e-276

AL interation 4049/4801.

mae: 0.028608359950076434
max_error: 0.14396758912178886
variance: 0.0005939075734486458
pearson: 0.08777073346914706
p-valu: 1.0913619159887495e-159

AL interation 4050/4801.

mae: 0.02856544855060463
max_error: 0.14454650249379886
variance: 0.000594853597071654
pearson: 0.08453445901831624
p-valu: 3.1082275529636075e-148

AL interation 4051/4801.

mae: 0.028567232178694484
max_error: 0.1444587003209421
variance: 0.0005955705718485505
pearson: 0.10289038520593613
p-valu: 5.5893770124966554e-219

AL interation 4052/4801.

mae: 0.028565535388244457
max_error: 0.14408328740708787
variance: 0.0005952929453732383
pearson: 0.11437683772574382
p-valu: 1.961597350886045e-270

AL interation 4053/4801.

mae: 0.02857065228475774
max_error: 0.14223282876142784
variance: 0.0005954193404488431
pearson: 0.0959610887274307
p-valu: 1.2935845497772015e-190

AL interation 4054/4801.

mae: 0.028569525936835448
max_error: 0.1421196965299374
variance: 0.0005952054334177408
pearson: 0.08265145240999293
p-valu: 9.162247772108044e-142

AL interation 4055/4801.

mae: 0.02857112534442598
max_error: 0.14213790749878408
variance: 0.0005945952807240655
pearson: 0.0881908521588627
p-valu: 3.3840482409936967e-161

AL interation 4056/4801.

mae: 0.028580278760041246
max_error: 0.14284778996321856
variance: 0.0005950551490575043
pearson: 0.08610945996017448
p-valu: 9.612501436713817e-154

AL interation 4057/4801.

mae: 0.028528734122689532
max_error: 0.14370211883093598
variance: 0.0005934368971469882
pearson: 0.10880765111954357
p-valu: 8.890462448390763e-245

AL interation 4058/4801.

mae: 0.028522200680757854
max_error: 0.14387261932521378
variance: 0.0005937701437067048
pearson: 0.07854032606944639
p-valu: 3.693201318357435e-128

AL interation 4059/4801.

mae: 0.02852407106772165
max_error: 0.14446784035559412
variance: 0.0005906240552207018
pearson: 0.07816671829597188
p-valu: 5.887182187480766e-127

AL interation 4060/4801.

mae: 0.028508085532919204
max_error: 0.1448289537426377
variance: 0.000590044820014492
pearson: 0.11687168693929181
p-valu: 2.5329126689783277e-282

AL interation 4061/4801.

mae: 0.02868738155293176
max_error: 0.1443161227349834
variance: 0.0005964421218577158
pearson: 0.09974193772798536
p-valu: 8.026684768704379e-206

AL interation 4062/4801.

mae: 0.028644991159030304
max_error: 0.14387066913210456
variance: 0.0005944507960918255
pearson: 0.09254294347255536
p-valu: 2.3895126115513496e-177

AL interation 4063/4801.

mae: 0.028640172280458776
max_error: 0.14385368479876215
variance: 0.0005946675286112458
pearson: 0.08175771152290386
p-valu: 9.802097729932732e-139

AL interation 4064/4801.

mae: 0.028676695505573082
max_error: 0.14328269702551788
variance: 0.0005955747796285186
pearson: 0.09716138859258434
p-valu: 2.3224593642427583e-195

AL interation 4065/4801.

mae: 0.028643214093372386
max_error: 0.141813369834074
variance: 0.0005952884831411969
pearson: 0.07007165856898075
p-valu: 2.42737018785134e-102

AL interation 4066/4801.

mae: 0.028630227690345365
max_error: 0.14155956509663392
variance: 0.0005947860160258844
pearson: 0.0661908389385335
p-valu: 1.676058964019688e-91

AL interation 4067/4801.

mae: 0.028630217847893748
max_error: 0.14156534038799018
variance: 0.0005947443648284441
pearson: 0.07793662298718063
p-valu: 3.2915251594308155e-126

AL interation 4068/4801.

mae: 0.028627081796176485
max_error: 0.14165069978358824
variance: 0.0005946425308244294
pearson: 0.10836021794770467
p-valu: 9.560114872025187e-243

AL interation 4069/4801.

mae: 0.028661212101303304
max_error: 0.14123576603620913
variance: 0.0005947167734656363
pearson: 0.05594899147275989
p-valu: 7.178862837976063e-66

AL interation 4070/4801.

mae: 0.02865529574875066
max_error: 0.14162271136107174
variance: 0.0005946113595787535
pearson: 0.09109419963110127
p-valu: 7.258766343368535e-172

AL interation 4071/4801.

mae: 0.02857046519574733
max_error: 0.14210614796562604
variance: 0.0005917030425456979
pearson: 0.09280459250378603
p-valu: 2.5023504411109247e-178

AL interation 4072/4801.

mae: 0.028565300251788998
max_error: 0.14198085864942422
variance: 0.0005917606065816731
pearson: 0.09924353217995284
p-valu: 9.31639168763566e-204

AL interation 4073/4801.

mae: 0.028566525075755935
max_error: 0.14202958380943764
variance: 0.0005917830534872344
pearson: 0.08711976189437866
p-valu: 2.6089773304450037e-157

AL interation 4074/4801.

mae: 0.028561760998539458
max_error: 0.14190502339866962
variance: 0.0005919097641510186
pearson: 0.08718990778546377
p-valu: 1.469023724198188e-157

AL interation 4075/4801.

mae: 0.028528730322897617
max_error: 0.14141354765403102
variance: 0.0005912351032290847
pearson: 0.05212963152760362
p-valu: 2.071452367009493e-57

AL interation 4076/4801.

mae: 0.028526260159555027
max_error: 0.1414571351366818
variance: 0.000590959359591217
pearson: 0.07472370585008309
p-valu: 3.8740011929805493e-116

AL interation 4077/4801.

mae: 0.02853208154287403
max_error: 0.14137448940770136
variance: 0.0005905662969994793
pearson: 0.10737650533490686
p-valu: 2.3843548816726803e-238

AL interation 4078/4801.

mae: 0.02854013552968217
max_error: 0.14142887478980137
variance: 0.0005903463417067876
pearson: 0.08739649078256613
p-valu: 2.7102725635343743e-158

AL interation 4079/4801.

mae: 0.02853747984562902
max_error: 0.14137058929069335
variance: 0.0005903178643290708
pearson: 0.1253316798388666
p-valu: 0.0

AL interation 4080/4801.

mae: 0.028511051451306987
max_error: 0.1415713803350287
variance: 0.000589953741742917
pearson: 0.07324514042183476
p-valu: 1.1981860017729751e-111

AL interation 4081/4801.

mae: 0.02850639414668406
max_error: 0.1415624006173517
variance: 0.0005899296032514394
pearson: 0.06833268423958094
p-valu: 2.1611085147985624e-97

AL interation 4082/4801.

mae: 0.0285085501610603
max_error: 0.14101957233530138
variance: 0.0005890967475455773
pearson: 0.10324012466213874
p-valu: 2.161583908043385e-220

AL interation 4083/4801.

mae: 0.02850485648460257
max_error: 0.14092397403752566
variance: 0.0005890724915223307
pearson: 0.10385542638057492
p-valu: 5.167757240214342e-223

AL interation 4084/4801.

mae: 0.028499458955751737
max_error: 0.14118540678706504
variance: 0.0005891963111887584
pearson: 0.07106636320044182
p-valu: 3.3742705773239943e-105

AL interation 4085/4801.

mae: 0.0285009210120459
max_error: 0.14100586769442325
variance: 0.0005892038990275518
pearson: 0.07474395751271741
p-valu: 3.443997081517622e-116

AL interation 4086/4801.

mae: 0.028485020232594138
max_error: 0.14070722463535512
variance: 0.0005882932034036871
pearson: 0.09651658793605697
p-valu: 9.54004999475569e-193

AL interation 4087/4801.

mae: 0.028482160962870443
max_error: 0.1407069363364486
variance: 0.0005881087391695301
pearson: 0.08234195728650343
p-valu: 1.1456758627266462e-140

AL interation 4088/4801.

mae: 0.02848925566166826
max_error: 0.1407790559790414
variance: 0.0005880447546276085
pearson: 0.0725684653046154
p-valu: 1.289504487641236e-109

AL interation 4089/4801.

mae: 0.028503749310652745
max_error: 0.14090824774601463
variance: 0.0005879934489767081
pearson: 0.10502017138978167
p-valu: 5.2174526892857747e-228

AL interation 4090/4801.

mae: 0.028510120113519513
max_error: 0.14051294912375178
variance: 0.0005875484452516459
pearson: 0.08339363844176045
p-valu: 3.0671025383854533e-144

AL interation 4091/4801.

mae: 0.02850330171866301
max_error: 0.14045729071100377
variance: 0.0005871908975616251
pearson: 0.07804917616895563
p-valu: 1.545774509968223e-126

AL interation 4092/4801.

mae: 0.02850570871755573
max_error: 0.14106019896886446
variance: 0.0005870162552214847
pearson: 0.08177228615607009
p-valu: 9.6542717135136e-139

AL interation 4093/4801.

mae: 0.028456419744449072
max_error: 0.14130589315997222
variance: 0.0005864981990348724
pearson: 0.10871019716163001
p-valu: 3.0129573899093744e-244

AL interation 4094/4801.

mae: 0.02844464289699383
max_error: 0.1413094523292444
variance: 0.0005859457234627573
pearson: 0.09130446595529271
p-valu: 1.307450153124848e-172

AL interation 4095/4801.

mae: 0.028444519962991514
max_error: 0.1413071052217334
variance: 0.0005859324591988636
pearson: 0.07534473242322458
p-valu: 5.019791476888896e-118

AL interation 4096/4801.

mae: 0.02840426469079863
max_error: 0.14286760800192733
variance: 0.0005856819900703266
pearson: 0.08512038410624126
p-valu: 3.341935375568876e-150

AL interation 4097/4801.

mae: 0.02840670055336679
max_error: 0.14286364535533957
variance: 0.0005858164095909693
pearson: 0.083524458784596
p-valu: 1.1200988843532963e-144

AL interation 4098/4801.

mae: 0.028404923995207474
max_error: 0.14103434253653413
variance: 0.0005872024747017707
pearson: 0.07999240721101808
p-valu: 7.940272929932345e-133

AL interation 4099/4801.

mae: 0.028390297316586717
max_error: 0.1414015459328426
variance: 0.000587780241338666
pearson: 0.07266488539609414
p-valu: 6.855758245445275e-110

AL interation 4100/4801.

mae: 0.028422809579539562
max_error: 0.13916582844675252
variance: 0.0005885221317763673
pearson: 0.0719197201664856
p-valu: 1.1098829888866908e-107

AL interation 4101/4801.

mae: 0.028449599345004416
max_error: 0.1391055029000967
variance: 0.0005889247161124613
pearson: 0.07894789218015956
p-valu: 2.036767913583592e-129

AL interation 4102/4801.

mae: 0.028376286957623863
max_error: 0.13993138872925792
variance: 0.0005865528443983023
pearson: 0.09325604886999281
p-valu: 5.377880327915763e-180

AL interation 4103/4801.

mae: 0.02837020082906956
max_error: 0.1398200418940747
variance: 0.0005864198045421463
pearson: 0.07463526595987686
p-valu: 7.795091466946927e-116

AL interation 4104/4801.

mae: 0.0283652445854594
max_error: 0.13974872961140372
variance: 0.0005866104868712192
pearson: 0.06917163644830052
p-valu: 9.877480439377368e-100

AL interation 4105/4801.

mae: 0.028387321716978785
max_error: 0.13932572699073953
variance: 0.0005871841939890577
pearson: 0.08182814410686008
p-valu: 6.549661133365341e-139

AL interation 4106/4801.

mae: 0.02835532238790654
max_error: 0.1394106419235528
variance: 0.0005870154222547865
pearson: 0.08264484844129837
p-valu: 1.1532387461369876e-141

AL interation 4107/4801.

mae: 0.028335825333354388
max_error: 0.13903900924439094
variance: 0.0005861501736913169
pearson: 0.09369385229866149
p-valu: 1.1435021643219208e-181

AL interation 4108/4801.

mae: 0.02834331394915421
max_error: 0.13909451305031562
variance: 0.0005856747878772021
pearson: 0.07858290022504077
p-valu: 3.144330950074085e-128

AL interation 4109/4801.

mae: 0.02833691746973387
max_error: 0.13969652182155423
variance: 0.0005851550591972628
pearson: 0.07285954447381535
p-valu: 1.849454478748747e-110

AL interation 4110/4801.

mae: 0.02832578119121677
max_error: 0.13979978004377935
variance: 0.0005844904859656027
pearson: 0.09652251087936975
p-valu: 1.0112895880800713e-192

AL interation 4111/4801.

mae: 0.028321003205496197
max_error: 0.14043723013916187
variance: 0.0005856090384696726
pearson: 0.07588854111505201
p-valu: 1.0830495783952488e-119

AL interation 4112/4801.

mae: 0.02831988601919551
max_error: 0.14028053452299227
variance: 0.0005858576828523341
pearson: 0.07319010977521777
p-valu: 1.9103979066032353e-111

AL interation 4113/4801.

mae: 0.02885365944426463
max_error: 0.1440602745359354
variance: 0.0006048407094628991
pearson: 0.0786660552367787
p-valu: 1.7224288653846636e-128

AL interation 4114/4801.

mae: 0.028862381201558034
max_error: 0.14414461272905443
variance: 0.0006047153335833378
pearson: 0.09035084955430188
p-valu: 5.1373241967241034e-169

AL interation 4115/4801.

mae: 0.028839469728231922
max_error: 0.1441912850467486
variance: 0.0006036118334298508
pearson: 0.1046784145749622
p-valu: 1.8015745794670038e-226

AL interation 4116/4801.

mae: 0.028838817043313463
max_error: 0.14418255486167597
variance: 0.0006036251858750454
pearson: 0.09094120341195772
p-valu: 3.2826583635250996e-171

AL interation 4117/4801.

mae: 0.028842605309770442
max_error: 0.14427506254002198
variance: 0.0006033229055211265
pearson: 0.07863927133876632
p-valu: 2.127803886015402e-128

AL interation 4118/4801.

mae: 0.02884297536918975
max_error: 0.14429055626975584
variance: 0.0006033104987309125
pearson: 0.11564744121964385
p-valu: 2.8284163132253853e-276

AL interation 4119/4801.

mae: 0.02880626305491604
max_error: 0.14423296496248783
variance: 0.0006013099140526503
pearson: 0.08836902841336738
p-valu: 9.823281411406466e-162

AL interation 4120/4801.

mae: 0.028786607065374857
max_error: 0.14400749043567318
variance: 0.0006005591106852867
pearson: 0.08310393760910295
p-valu: 3.325037438518531e-143

AL interation 4121/4801.

mae: 0.028786671956312588
max_error: 0.14399211144051494
variance: 0.0006005138237285189
pearson: 0.0854169274908595
p-valu: 3.3556559326248415e-151

AL interation 4122/4801.

mae: 0.028768798313712915
max_error: 0.14622792986925903
variance: 0.0005999094978583873
pearson: 0.09171065957335875
p-valu: 4.3703842184844375e-174

AL interation 4123/4801.

mae: 0.028724699179418473
max_error: 0.14354238973179578
variance: 0.0005996915624461047
pearson: 0.09487613939926678
p-valu: 3.219860672908867e-186

AL interation 4124/4801.

mae: 0.028706261995938235
max_error: 0.14362063657323576
variance: 0.0005984726167928555
pearson: 0.0923410144574506
p-valu: 1.8244969075438617e-176

AL interation 4125/4801.

mae: 0.028665577912369223
max_error: 0.14367333114283953
variance: 0.000599967194026139
pearson: 0.08985889843286235
p-valu: 3.554440594641429e-167

AL interation 4126/4801.

mae: 0.028635371964371523
max_error: 0.14277472746185937
variance: 0.0005996861882376693
pearson: 0.07224258898792622
p-valu: 1.3212015325075695e-108

AL interation 4127/4801.

mae: 0.02862882638976307
max_error: 0.1428008722840457
variance: 0.0005994411123963457
pearson: 0.10115953178555155
p-valu: 1.5485846363510585e-211

AL interation 4128/4801.

mae: 0.028635066819220123
max_error: 0.14280199456776588
variance: 0.0005993969358671047
pearson: 0.08343245388353107
p-valu: 2.5796844138404516e-144

AL interation 4129/4801.

mae: 0.028655114047596377
max_error: 0.14309359010518508
variance: 0.0006003642394989816
pearson: 0.062193431851406446
p-valu: 6.211641619554034e-81

AL interation 4130/4801.

mae: 0.02866683735419367
max_error: 0.14284006603780997
variance: 0.0006005196202469494
pearson: 0.13409180051895553
p-valu: 0.0

AL interation 4131/4801.

mae: 0.02866721814062199
max_error: 0.1419263375836306
variance: 0.0006026539048222487
pearson: 0.06771439358220017
p-valu: 1.2834636177326936e-95

AL interation 4132/4801.

mae: 0.028666340337329496
max_error: 0.1419163103972676
variance: 0.0006027092512538695
pearson: 0.1297700349869201
p-valu: 0.0

AL interation 4133/4801.

mae: 0.02866768894362553
max_error: 0.14194488717918263
variance: 0.0006026949094192961
pearson: 0.08247501373890212
p-valu: 4.757076275186848e-141

AL interation 4134/4801.

mae: 0.028655863229044804
max_error: 0.1424103485304511
variance: 0.0006007181554718968
pearson: 0.07733898855259147
p-valu: 3.2238765040589775e-124

AL interation 4135/4801.

mae: 0.02865430041320055
max_error: 0.14251021292226485
variance: 0.0006010328484811136
pearson: 0.10854939146698984
p-valu: 2.028633929960592e-243

AL interation 4136/4801.

mae: 0.02850933218396635
max_error: 0.14005084352053254
variance: 0.0005961035412399903
pearson: 0.08028792992354769
p-valu: 9.587583463779312e-134

AL interation 4137/4801.

mae: 0.02851003361033387
max_error: 0.14002501635574172
variance: 0.0005956426573330718
pearson: 0.10281667844824112
p-valu: 1.812550528273388e-218

AL interation 4138/4801.

mae: 0.02850868895674345
max_error: 0.1400309624101852
variance: 0.0005956311412950723
pearson: 0.08761743574030727
p-valu: 5.488433989608471e-159

AL interation 4139/4801.

mae: 0.028505658379094367
max_error: 0.13999658274284466
variance: 0.0005951315296888178
pearson: 0.08441728647068375
p-valu: 1.0900130836956361e-147

AL interation 4140/4801.

mae: 0.028507159837604032
max_error: 0.13998702145787556
variance: 0.0005951148818378876
pearson: 0.08824533589841266
p-valu: 2.9953374701054605e-161

AL interation 4141/4801.

mae: 0.028487890715501406
max_error: 0.14032550761354523
variance: 0.0005958297118652158
pearson: 0.0759087146958108
p-valu: 1.0223232449610131e-119

AL interation 4142/4801.

mae: 0.028488640746948263
max_error: 0.14042005948309688
variance: 0.0005961483458945432
pearson: 0.08760729497791228
p-valu: 6.062034418102052e-159

AL interation 4143/4801.

mae: 0.02846345561853348
max_error: 0.1444356193213605
variance: 0.000595108107639374
pearson: 0.07655455119656311
p-valu: 9.8679894494792e-122

AL interation 4144/4801.

mae: 0.028463368906017132
max_error: 0.14445647827675545
variance: 0.0005951064414972211
pearson: 0.08550404860673406
p-valu: 1.8067732616724886e-151

AL interation 4145/4801.

mae: 0.0284642581998043
max_error: 0.14469998068385737
variance: 0.0005951120029231537
pearson: 0.09406294760300452
p-valu: 5.09947285706069e-183

AL interation 4146/4801.

mae: 0.028418612064049307
max_error: 0.1407210977364799
variance: 0.0005932840264371327
pearson: 0.08603433669683438
p-valu: 2.476418127985945e-153

AL interation 4147/4801.

mae: 0.02842176845265523
max_error: 0.1407571220540036
variance: 0.0005933482701137309
pearson: 0.09060089904151744
p-valu: 6.928119502827438e-170

AL interation 4148/4801.

mae: 0.02842225154108017
max_error: 0.1406265354222911
variance: 0.0005943728278352068
pearson: 0.08764795302151393
p-valu: 4.43041655418516e-159

AL interation 4149/4801.

mae: 0.028423244449866145
max_error: 0.1406250751084941
variance: 0.0005946729505029488
pearson: 0.0922405678146678
p-valu: 4.880161557848287e-176

AL interation 4150/4801.

mae: 0.028420184641048618
max_error: 0.14076096490194923
variance: 0.0005945554687971891
pearson: 0.09183822046553057
p-valu: 1.6261739595034575e-174

AL interation 4151/4801.

mae: 0.02843040688266702
max_error: 0.1407101419887682
variance: 0.0005928040085583378
pearson: 0.13180554200663208
p-valu: 0.0

AL interation 4152/4801.

mae: 0.028362683266388602
max_error: 0.14084718099062465
variance: 0.0005931918623789056
pearson: 0.11027459910372275
p-valu: 3.7527591653158646e-251

AL interation 4153/4801.

mae: 0.028360605560136563
max_error: 0.14090007373912394
variance: 0.0005930351587937101
pearson: 0.07599757807468326
p-valu: 5.598584614028535e-120

AL interation 4154/4801.

mae: 0.02842320107607203
max_error: 0.14887734180307577
variance: 0.000598308682220681
pearson: 0.08480732968371676
p-valu: 5.092224813187544e-149

AL interation 4155/4801.

mae: 0.02842743458385122
max_error: 0.14872741073564955
variance: 0.000598317035094393
pearson: 0.09393576958860667
p-valu: 1.651758142267168e-182

AL interation 4156/4801.

mae: 0.02842139554836766
max_error: 0.14881446855075753
variance: 0.0005996894436468726
pearson: 0.08138383365115719
p-valu: 2.38531578695544e-137

AL interation 4157/4801.

mae: 0.028421419324646834
max_error: 0.14886550441666602
variance: 0.0005996103313005443
pearson: 0.07730530051215413
p-valu: 4.417256721695121e-124

AL interation 4158/4801.

mae: 0.02838928980010453
max_error: 0.148793035835173
variance: 0.0005983703762281814
pearson: 0.07515624450283657
p-valu: 2.29033699634838e-117

AL interation 4159/4801.

mae: 0.028385130039283
max_error: 0.14918504389139686
variance: 0.0005973907260462246
pearson: 0.0834487392931213
p-valu: 2.528876324844043e-144

AL interation 4160/4801.

mae: 0.028398749290116848
max_error: 0.15009854641981635
variance: 0.0005982241037920183
pearson: 0.0980163909980085
p-valu: 1.3624417997157195e-198

AL interation 4161/4801.

mae: 0.02839004215722045
max_error: 0.15021583431449814
variance: 0.0005985571883904189
pearson: 0.1078044873693174
p-valu: 4.930583102482632e-240

AL interation 4162/4801.

mae: 0.0283843507651791
max_error: 0.15010782850082593
variance: 0.0005980873029421751
pearson: 0.07887919905307804
p-valu: 4.112433960499855e-129

AL interation 4163/4801.

mae: 0.028392665174098997
max_error: 0.150266824629274
variance: 0.0005984434988678952
pearson: 0.06683989842074205
p-valu: 3.5429507729666036e-93

AL interation 4164/4801.

mae: 0.028373485754022744
max_error: 0.14892477943145765
variance: 0.000598238446038455
pearson: 0.06901801703426227
p-valu: 3.104082692715971e-99

AL interation 4165/4801.

mae: 0.02834820299933509
max_error: 0.1479843599416779
variance: 0.0005969008608821278
pearson: 0.11914498087614933
p-valu: 4.426860273858162e-293

AL interation 4166/4801.

mae: 0.028353379455530413
max_error: 0.14717869445181586
variance: 0.000595059859683511
pearson: 0.07479197093055849
p-valu: 3.081146999756372e-116

AL interation 4167/4801.

mae: 0.02836091313245941
max_error: 0.14734891924186977
variance: 0.0005951654687051243
pearson: 0.10947434880532625
p-valu: 1.723865243540447e-247

AL interation 4168/4801.

mae: 0.02835578965459512
max_error: 0.14743536208940222
variance: 0.0005950046454134114
pearson: 0.1029822299478669
p-valu: 4.256875753493539e-219

AL interation 4169/4801.

mae: 0.028355599926319194
max_error: 0.14754798963136873
variance: 0.0005950252030960513
pearson: 0.09007356700076499
p-valu: 6.848263442660143e-168

AL interation 4170/4801.

mae: 0.028354594362442406
max_error: 0.14755666140869161
variance: 0.000594966277731984
pearson: 0.08237266253391695
p-valu: 1.1972385117781617e-140

AL interation 4171/4801.

mae: 0.028354404136049418
max_error: 0.1475655496675814
variance: 0.000594976185272958
pearson: 0.10622479182196404
p-valu: 4.766753311566165e-233

AL interation 4172/4801.

mae: 0.02834749422496374
max_error: 0.1483716064346141
variance: 0.0005963207002718005
pearson: 0.06385720297637981
p-valu: 3.4463078941467274e-85

AL interation 4173/4801.

mae: 0.028355750540233017
max_error: 0.14844855464131124
variance: 0.0005962950627603692
pearson: 0.08228669417042615
p-valu: 2.359532502379884e-140

AL interation 4174/4801.

mae: 0.02833147290871752
max_error: 0.14827435700741498
variance: 0.0005948598378077699
pearson: 0.07754834390760033
p-valu: 7.874001520396322e-125

AL interation 4175/4801.

mae: 0.028332489210558826
max_error: 0.1482691909429037
variance: 0.0005948012031553956
pearson: 0.07723127494857866
p-valu: 7.99838391010367e-124

AL interation 4176/4801.

mae: 0.028324976682629583
max_error: 0.14824936179744563
variance: 0.000594477344653914
pearson: 0.08578411829525168
p-valu: 2.1089753519134585e-152

AL interation 4177/4801.

mae: 0.028340881655601863
max_error: 0.1483960955144199
variance: 0.0005956063579278415
pearson: 0.13107368674055264
p-valu: 0.0

AL interation 4178/4801.

mae: 0.028325965520732525
max_error: 0.1483871986262444
variance: 0.000596159428377038
pearson: 0.07884563951471048
p-valu: 5.549896404569775e-129

AL interation 4179/4801.

mae: 0.028314974091626668
max_error: 0.14868248508961424
variance: 0.0005952770211540987
pearson: 0.09192449185634949
p-valu: 8.692298483804377e-175

AL interation 4180/4801.

mae: 0.02829113707798629
max_error: 0.14860365642258566
variance: 0.0005941792959752003
pearson: 0.07797957656639443
p-valu: 3.3879770617487225e-126

AL interation 4181/4801.

mae: 0.028285077768565
max_error: 0.1485522139725277
variance: 0.0005940007263134577
pearson: 0.0739656120311415
p-valu: 1.0584567932237982e-113

AL interation 4182/4801.

mae: 0.02826464857272348
max_error: 0.1484628478125729
variance: 0.0005939915553242595
pearson: 0.08284149375365979
p-valu: 3.221669592990991e-142

AL interation 4183/4801.

mae: 0.028263766848928083
max_error: 0.14846706659469655
variance: 0.0005938010892768545
pearson: 0.0714317595348821
p-valu: 3.725462831601971e-106

AL interation 4184/4801.

mae: 0.028264421604950043
max_error: 0.1484639145625466
variance: 0.0005937962144874008
pearson: 0.07942193711347914
p-valu: 7.64688172567144e-131

AL interation 4185/4801.

mae: 0.028258568156679587
max_error: 0.1484795718267038
variance: 0.0005935557078042865
pearson: 0.11150759547711846
p-valu: 1.0697917812861298e-256

AL interation 4186/4801.

mae: 0.028249249219487727
max_error: 0.14867399390155933
variance: 0.0005927177105682632
pearson: 0.0813915260327673
p-valu: 2.484519801704838e-137

AL interation 4187/4801.

mae: 0.028246802207841062
max_error: 0.14868012149842125
variance: 0.0005929359294610385
pearson: 0.1104839975259619
p-valu: 5.19211707209885e-252

AL interation 4188/4801.

mae: 0.028232529023036346
max_error: 0.14833897066515656
variance: 0.0005930329769963647
pearson: 0.08605268707822734
p-valu: 2.494120596935489e-153

AL interation 4189/4801.

mae: 0.02822765609048859
max_error: 0.14766517564445403
variance: 0.000592990460503444
pearson: 0.10490891252182898
p-valu: 2.7480920293137504e-227

AL interation 4190/4801.

mae: 0.02820205372362058
max_error: 0.14638983848150255
variance: 0.0005899589547558806
pearson: 0.06330527335999872
p-valu: 9.76187351919442e-84

AL interation 4191/4801.

mae: 0.028201694901006442
max_error: 0.14637672425911896
variance: 0.0005899783962872794
pearson: 0.09469656468201401
p-valu: 2.1906377492764935e-185

AL interation 4192/4801.

mae: 0.028200036478814052
max_error: 0.14647722609394132
variance: 0.0005897056141190096
pearson: 0.09104440698207975
p-valu: 1.8536058325468437e-171

AL interation 4193/4801.

mae: 0.028189807751018568
max_error: 0.14690927894722572
variance: 0.0005891251385144121
pearson: 0.07118858266509517
p-valu: 1.9603679593420863e-105

AL interation 4194/4801.

mae: 0.02818508422308063
max_error: 0.14696250784496678
variance: 0.0005890957912025608
pearson: 0.06568408185923046
p-valu: 5.178785989610149e-90

AL interation 4195/4801.

mae: 0.028168873809997996
max_error: 0.14731785594509583
variance: 0.000588803807178053
pearson: 0.07518443473321257
p-valu: 2.083057126060084e-117

AL interation 4196/4801.

mae: 0.028159958033604836
max_error: 0.1467620330574051
variance: 0.0005882434405000607
pearson: 0.07599433807406704
p-valu: 6.491556849440713e-120

AL interation 4197/4801.

mae: 0.02816450081923911
max_error: 0.14663397204882367
variance: 0.0005884434660047916
pearson: 0.07781950930406137
p-valu: 1.1570607577981721e-125

AL interation 4198/4801.

mae: 0.02816289821073182
max_error: 0.14665301795199648
variance: 0.0005882220403866601
pearson: 0.09401834519745211
p-valu: 9.597535117334488e-183

AL interation 4199/4801.

mae: 0.02816629695395226
max_error: 0.14656749615702447
variance: 0.0005880871706158596
pearson: 0.07609301384479066
p-valu: 3.226804965586734e-120

AL interation 4200/4801.

mae: 0.028165712843987188
max_error: 0.14650954532650085
variance: 0.0005881081941440671
pearson: 0.09132269060278901
p-valu: 1.7420445620355698e-172

AL interation 4201/4801.

mae: 0.02816113914945652
max_error: 0.1459071882806371
variance: 0.0005882719121046038
pearson: 0.09243583273318579
p-valu: 1.1089389347186037e-176

AL interation 4202/4801.

mae: 0.02816254968126971
max_error: 0.14557591751023446
variance: 0.0005869888338732555
pearson: 0.09288433309956642
p-valu: 2.1917175944529855e-178

AL interation 4203/4801.

mae: 0.028154654832706807
max_error: 0.14561383049173182
variance: 0.0005870634758382795
pearson: 0.07516189800239517
p-valu: 2.5000696399926143e-117

AL interation 4204/4801.

mae: 0.02814863892231585
max_error: 0.14618321484764474
variance: 0.0005859735431020693
pearson: 0.1288506637306725
p-valu: 0.0

AL interation 4205/4801.

mae: 0.02814004334796684
max_error: 0.14597858699804656
variance: 0.0005844600895588643
pearson: 0.10407908486759171
p-valu: 1.1077648751412215e-223

AL interation 4206/4801.

mae: 0.028124710334460963
max_error: 0.14589040694651212
variance: 0.000583734422727151
pearson: 0.11280807140901254
p-valu: 1.1945552947531855e-262

AL interation 4207/4801.

mae: 0.028158255675879495
max_error: 0.1454993162175584
variance: 0.0005834270736047721
pearson: 0.08838647168011451
p-valu: 1.1995841431885692e-161

AL interation 4208/4801.

mae: 0.0281484930532342
max_error: 0.14516218039231044
variance: 0.00058408815831168
pearson: 0.10435996990642882
p-valu: 7.038301906501865e-225

AL interation 4209/4801.

mae: 0.028134403939781637
max_error: 0.14524237751417113
variance: 0.0005840027204327316
pearson: 0.07402798609398419
p-valu: 7.3977284117487e-114

AL interation 4210/4801.

mae: 0.028126078506162527
max_error: 0.1453290897431203
variance: 0.0005833851265480991
pearson: 0.08978958435766116
p-valu: 9.037755187783045e-167

AL interation 4211/4801.

mae: 0.028125862451181847
max_error: 0.14533330399959832
variance: 0.0005833831412901357
pearson: 0.08642349730792392
p-valu: 1.3266879797708362e-154

AL interation 4212/4801.

mae: 0.028122276759589337
max_error: 0.14524240033521219
variance: 0.0005828749900913417
pearson: 0.08033972039834071
p-valu: 8.282791231376188e-134

AL interation 4213/4801.

mae: 0.02812074299711902
max_error: 0.14528927928646462
variance: 0.0005828745920976847
pearson: 0.0997633422430593
p-valu: 1.4032959390174567e-205

AL interation 4214/4801.

mae: 0.0281308535479629
max_error: 0.1452718824208774
variance: 0.000584243342393075
pearson: 0.08579546891666459
p-valu: 2.214007774019428e-152

AL interation 4215/4801.

mae: 0.02813083500749458
max_error: 0.14527206040899054
variance: 0.0005842412973358464
pearson: 0.09453061931749086
p-valu: 1.0769889123262902e-184

AL interation 4216/4801.

mae: 0.028116348611478933
max_error: 0.14528339815539093
variance: 0.000582268263326107
pearson: 0.11761708024293063
p-valu: 1.8439944110276543e-285

AL interation 4217/4801.

mae: 0.028108455215334352
max_error: 0.14551263730269293
variance: 0.0005826337721567085
pearson: 0.08425243922218931
p-valu: 5.35371611399916e-147

AL interation 4218/4801.

mae: 0.028090133297010718
max_error: 0.14507461412237044
variance: 0.0005830260323171653
pearson: 0.08822597008202696
p-valu: 4.776663537113292e-161

AL interation 4219/4801.

mae: 0.028091047468731357
max_error: 0.14507259828557162
variance: 0.0005830899192011471
pearson: 0.056689120826289026
p-valu: 1.792309104172661e-67

AL interation 4220/4801.

mae: 0.028092229457297044
max_error: 0.1450558281345935
variance: 0.0005829359474030179
pearson: 0.09336444886900855
p-valu: 3.4634793288998854e-180

AL interation 4221/4801.

mae: 0.02809408776196512
max_error: 0.1450337206685277
variance: 0.0005829082250666838
pearson: 0.08135200652184284
p-valu: 3.7810202636031713e-137

AL interation 4222/4801.

mae: 0.02809402669312164
max_error: 0.14504944872411452
variance: 0.0005828885668793157
pearson: 0.08760393629832665
p-valu: 8.486207341279531e-159

AL interation 4223/4801.

mae: 0.028100327208744034
max_error: 0.14488518165186415
variance: 0.0005840351899996764
pearson: 0.07483807035119151
p-valu: 2.6125147033493567e-116

AL interation 4224/4801.

mae: 0.028100493971901758
max_error: 0.14488004999171844
variance: 0.0005840406696955014
pearson: 0.06475787470918948
p-valu: 1.636797542276388e-87

AL interation 4225/4801.

mae: 0.0280848394116623
max_error: 0.1449499427532488
variance: 0.0005826648589867234
pearson: 0.08169852265604584
p-valu: 2.66588629827464e-138

AL interation 4226/4801.

mae: 0.028085402174178726
max_error: 0.1450409154992145
variance: 0.0005824600277686564
pearson: 0.0738675769887496
p-valu: 2.3716663897331662e-113

AL interation 4227/4801.

mae: 0.02801979014342886
max_error: 0.14800786445872527
variance: 0.0005802930110542083
pearson: 0.0752133384663756
p-valu: 1.85853381095893e-117

AL interation 4228/4801.

mae: 0.02801606810126476
max_error: 0.14835826496588433
variance: 0.0005799479574995329
pearson: 0.11148975439551712
p-valu: 1.6910281319380113e-256

AL interation 4229/4801.

mae: 0.02801521752391944
max_error: 0.14841078756095394
variance: 0.0005799463415275774
pearson: 0.10246331965184764
p-valu: 9.158714948809085e-217

AL interation 4230/4801.

mae: 0.028036602662755785
max_error: 0.14823727831995948
variance: 0.0005801338539193202
pearson: 0.09820612286794668
p-valu: 3.285450751550313e-199

AL interation 4231/4801.

mae: 0.02802684550322452
max_error: 0.14840263162719802
variance: 0.000580080623948996
pearson: 0.09006451154862713
p-valu: 9.524820983226614e-168

AL interation 4232/4801.

mae: 0.028027556704568822
max_error: 0.1484557990358213
variance: 0.0005800444602975983
pearson: 0.08911656598436415
p-valu: 2.9117817238844493e-164

AL interation 4233/4801.

mae: 0.028026714897275366
max_error: 0.14844428897291673
variance: 0.0005799954834593185
pearson: 0.08139578825194889
p-valu: 2.8117224392938195e-137

AL interation 4234/4801.

mae: 0.02803886265017043
max_error: 0.14807421983520053
variance: 0.0005802192716805705
pearson: 0.07544456621372268
p-valu: 3.6700169690148336e-118

AL interation 4235/4801.

mae: 0.02804631234747203
max_error: 0.1468835860202149
variance: 0.000579691513261913
pearson: 0.07110368556243765
p-valu: 3.854509184028492e-105

AL interation 4236/4801.

mae: 0.028038178262154292
max_error: 0.14696259243525
variance: 0.0005792663383227509
pearson: 0.08062883397661005
p-valu: 9.971382638448282e-135

AL interation 4237/4801.

mae: 0.028027736145870022
max_error: 0.14721345067906677
variance: 0.0005802502510334718
pearson: 0.08778414616584145
p-valu: 2.022266540940575e-159

AL interation 4238/4801.

mae: 0.028007795347805904
max_error: 0.14734252936856373
variance: 0.000580119730726476
pearson: 0.07980472445530047
p-valu: 5.1233255735781363e-132

AL interation 4239/4801.

mae: 0.02800873677347051
max_error: 0.14769181211401028
variance: 0.0005797514449719159
pearson: 0.0903431630023893
p-valu: 9.162225483071462e-169

AL interation 4240/4801.

mae: 0.02801672071607615
max_error: 0.14756658334832773
variance: 0.0005794842851585254
pearson: 0.10111002260211407
p-valu: 4.449914085669597e-211

AL interation 4241/4801.

mae: 0.028026147697859726
max_error: 0.1473757383452381
variance: 0.000579345256110391
pearson: 0.09819881826304361
p-valu: 3.708781499686419e-199

AL interation 4242/4801.

mae: 0.02802694663533326
max_error: 0.14747204244728218
variance: 0.0005799588726696656
pearson: 0.12615250450773569
p-valu: 0.0

AL interation 4243/4801.

mae: 0.028025336891644947
max_error: 0.14734683329758136
variance: 0.0005798951452835791
pearson: 0.10222219302768126
p-valu: 1.0191696416943954e-215

AL interation 4244/4801.

mae: 0.028021238635526566
max_error: 0.14796848693246156
variance: 0.0005787765090642417
pearson: 0.08742417579748393
p-valu: 4.0791038987665865e-158

AL interation 4245/4801.

mae: 0.02801191872190198
max_error: 0.1477188786472312
variance: 0.0005793727225993731
pearson: 0.09397144067798519
p-valu: 1.794007216624298e-182

AL interation 4246/4801.

mae: 0.02800379572956303
max_error: 0.14774024586828327
variance: 0.0005789277587384686
pearson: 0.089204334797852
p-valu: 1.4706640026257036e-164

AL interation 4247/4801.

mae: 0.02801472129962072
max_error: 0.14775406860886742
variance: 0.0005790113528393142
pearson: 0.10497883326112364
p-valu: 1.8915425646389283e-227

AL interation 4248/4801.

mae: 0.028010177551342445
max_error: 0.14782699576122704
variance: 0.0005789228316914136
pearson: 0.09207470768116141
p-valu: 3.1584019747723516e-175

AL interation 4249/4801.

mae: 0.028010613246074133
max_error: 0.1478263727100626
variance: 0.0005789597434357258
pearson: 0.10849465440261173
p-valu: 7.003510948773404e-243

AL interation 4250/4801.

mae: 0.02800974341366478
max_error: 0.14781603770703677
variance: 0.0005790126152300107
pearson: 0.08469873005346419
p-valu: 1.717131091042034e-148

AL interation 4251/4801.

mae: 0.028000618885714496
max_error: 0.14745425263269007
variance: 0.0005773121541274089
pearson: 0.11163428532207312
p-valu: 4.234286228598258e-257

AL interation 4252/4801.

mae: 0.02799465389766136
max_error: 0.14770006775385136
variance: 0.0005773817706478454
pearson: 0.09946667783835995
p-valu: 2.7917506574846105e-204

AL interation 4253/4801.

mae: 0.02803755921774672
max_error: 0.14464567199562461
variance: 0.0005828535461357044
pearson: 0.08888984743554446
p-valu: 2.1281234848079574e-163

AL interation 4254/4801.

mae: 0.028034457461971557
max_error: 0.14473728760154936
variance: 0.0005825527643939588
pearson: 0.08823871414907941
p-valu: 4.945298150256727e-161

AL interation 4255/4801.

mae: 0.028031615013807253
max_error: 0.14464618051957823
variance: 0.0005823484266854074
pearson: 0.09236597971805885
p-valu: 2.573086408416362e-176

AL interation 4256/4801.

mae: 0.02803032499125333
max_error: 0.1447022210365163
variance: 0.0005803842366649627
pearson: 0.04882782542689015
p-valu: 1.7382581490828214e-50

AL interation 4257/4801.

mae: 0.02802978475254367
max_error: 0.14467666993974726
variance: 0.0005803426321222338
pearson: 0.09015632988166547
p-valu: 4.848310332581935e-168

AL interation 4258/4801.

mae: 0.02803850573290419
max_error: 0.14458913791410177
variance: 0.0005803424031257502
pearson: 0.06480759102268131
p-valu: 1.298305791920914e-87

AL interation 4259/4801.

mae: 0.028052396626177405
max_error: 0.14451104932110193
variance: 0.0005802856147346811
pearson: 0.10074150041137048
p-valu: 1.6551877164863714e-209

AL interation 4260/4801.

mae: 0.028055042002704506
max_error: 0.14458505650569586
variance: 0.0005798821784732142
pearson: 0.0821459598492313
p-valu: 9.44834642659819e-140

AL interation 4261/4801.

mae: 0.028039169664737275
max_error: 0.14474531612964947
variance: 0.0005786493080316281
pearson: 0.13939449546136437
p-valu: 0.0

AL interation 4262/4801.

mae: 0.028038070606817
max_error: 0.14475095280309924
variance: 0.0005786811724117224
pearson: 0.08656671312953627
p-valu: 4.991109573801175e-155

AL interation 4263/4801.

mae: 0.027983616241774093
max_error: 0.1453151978154552
variance: 0.0005771620901559629
pearson: 0.1000340896180765
p-valu: 1.3960725114317607e-206

AL interation 4264/4801.

mae: 0.02796297728023347
max_error: 0.14482596051917662
variance: 0.0005769890816867524
pearson: 0.08496300425420424
p-valu: 2.1782136076830267e-149

AL interation 4265/4801.

mae: 0.027956856726731878
max_error: 0.1465884581436172
variance: 0.0005769708915530935
pearson: 0.11571595751885977
p-valu: 3.5899918403920687e-276

AL interation 4266/4801.

mae: 0.02793407682617351
max_error: 0.14608562645540824
variance: 0.0005760427295273739
pearson: 0.09090493777579364
p-valu: 8.361887138754479e-171

AL interation 4267/4801.

mae: 0.027934248846507102
max_error: 0.14610724360196636
variance: 0.000576077935000637
pearson: 0.08962850961470374
p-valu: 4.4553170849206595e-166

AL interation 4268/4801.

mae: 0.027935306964669848
max_error: 0.1461056311042399
variance: 0.0005761106376797161
pearson: 0.06903938479408525
p-valu: 3.4647491251122863e-99

AL interation 4269/4801.

mae: 0.02791239240679715
max_error: 0.14591849108425103
variance: 0.0005752990571045228
pearson: 0.06698611979757274
p-valu: 1.7886239954852717e-93

AL interation 4270/4801.

mae: 0.027911559656216445
max_error: 0.1459253299641774
variance: 0.0005753066984065502
pearson: 0.07707510878269079
p-valu: 3.3101315448875293e-123

AL interation 4271/4801.

mae: 0.027909962553544367
max_error: 0.1459351987274773
variance: 0.0005748794083552135
pearson: 0.0792807907502689
p-valu: 2.8960968072953464e-130

AL interation 4272/4801.

mae: 0.027909058965254408
max_error: 0.1459445921451903
variance: 0.0005748315607822815
pearson: 0.1007640275240171
p-valu: 1.42705838676949e-209

AL interation 4273/4801.

mae: 0.02789825702774686
max_error: 0.14583224901313097
variance: 0.0005748089753686104
pearson: 0.07993236441107011
p-valu: 2.191648166422296e-132

AL interation 4274/4801.

mae: 0.02788039658494781
max_error: 0.14504156198260043
variance: 0.0005741225426844464
pearson: 0.10649402170476431
p-valu: 5.685810753202408e-234

AL interation 4275/4801.

mae: 0.027878018157247185
max_error: 0.14506557813243726
variance: 0.0005744735917343341
pearson: 0.08678866898827005
p-valu: 8.531613532933852e-156

AL interation 4276/4801.

mae: 0.027867603818159923
max_error: 0.14482513625868032
variance: 0.0005749109755611715
pearson: 0.10819320660948001
p-valu: 1.8125367739020613e-241

AL interation 4277/4801.

mae: 0.027869349969212386
max_error: 0.14484239624167694
variance: 0.000574968244810536
pearson: 0.0726887835530239
p-valu: 9.333370493168794e-110

AL interation 4278/4801.

mae: 0.027867615023897327
max_error: 0.14499265929649718
variance: 0.0005751826431662743
pearson: 0.08056403656978554
p-valu: 1.8714659495352886e-134

AL interation 4279/4801.

mae: 0.02784071711537596
max_error: 0.14540212271700748
variance: 0.0005750326639318595
pearson: 0.07547977157705658
p-valu: 3.249600407806871e-118

AL interation 4280/4801.

mae: 0.0278388797522055
max_error: 0.14577443575277593
variance: 0.0005749897618366925
pearson: 0.08181798506643316
p-valu: 1.2763453294523471e-138

AL interation 4281/4801.

mae: 0.02784575774622204
max_error: 0.14544215099036828
variance: 0.0005743247324764128
pearson: 0.1466860304728944
p-valu: 0.0

AL interation 4282/4801.

mae: 0.027848192229375738
max_error: 0.14540664608163079
variance: 0.0005743719485047426
pearson: 0.1237885079245665
p-valu: 5.52669045e-316

AL interation 4283/4801.

mae: 0.027849318153930533
max_error: 0.1454204587850314
variance: 0.000574097281642402
pearson: 0.09348681863449475
p-valu: 1.550485794245509e-180

AL interation 4284/4801.

mae: 0.027830502717806425
max_error: 0.14542186037059257
variance: 0.000573615766722568
pearson: 0.11308147351206524
p-valu: 1.0543046810653735e-263

AL interation 4285/4801.

mae: 0.027828245430137736
max_error: 0.14500911174244213
variance: 0.0005734421346332192
pearson: 0.10345313717190607
p-valu: 7.998603165277905e-221

AL interation 4286/4801.

mae: 0.027800847834362017
max_error: 0.1449982224063775
variance: 0.0005729240736150076
pearson: 0.12865249933989734
p-valu: 0.0

AL interation 4287/4801.

mae: 0.02781049410335977
max_error: 0.14446121143433865
variance: 0.0005696196487042311
pearson: 0.0798088231676247
p-valu: 5.811066411120029e-132

AL interation 4288/4801.

mae: 0.027827729640567272
max_error: 0.14373937538645132
variance: 0.0005694828508775329
pearson: 0.0903735924126612
p-valu: 8.641482145553795e-169

AL interation 4289/4801.

mae: 0.027826136474605093
max_error: 0.14338567744440534
variance: 0.0005701271107738794
pearson: 0.06584778484669042
p-valu: 2.3091457639581538e-90

AL interation 4290/4801.

mae: 0.027805824002916417
max_error: 0.14311789424633625
variance: 0.000569124367648621
pearson: 0.08833751832653723
p-valu: 2.4995495288196087e-161

AL interation 4291/4801.

mae: 0.027785058775373933
max_error: 0.14308776589556382
variance: 0.000568410892780381
pearson: 0.07631777078728487
p-valu: 8.39667415029797e-121

AL interation 4292/4801.

mae: 0.0277487216654563
max_error: 0.14242739368515922
variance: 0.0005651447990538329
pearson: 0.06989268192342857
p-valu: 1.3820692426707639e-101

AL interation 4293/4801.

mae: 0.027769315017149132
max_error: 0.1425255021773979
variance: 0.0005665330644169166
pearson: 0.09674682172597251
p-valu: 3.0740510373578086e-193

AL interation 4294/4801.

mae: 0.027771030632740043
max_error: 0.14251005749125634
variance: 0.0005664433249827114
pearson: 0.09782062365059414
p-valu: 1.593529198107765e-197

AL interation 4295/4801.

mae: 0.027746494505687693
max_error: 0.14162770373028488
variance: 0.0005662543676823238
pearson: 0.08419382466099506
p-valu: 1.1264119005531063e-146

AL interation 4296/4801.

mae: 0.02775080062016049
max_error: 0.14179071886488837
variance: 0.000565927215550846
pearson: 0.09719667806322023
p-valu: 5.053438001251064e-195

AL interation 4297/4801.

mae: 0.02770055855502369
max_error: 0.14185879046150385
variance: 0.0005637975109001442
pearson: 0.10596877588756998
p-valu: 1.2752243678453328e-231

AL interation 4298/4801.

mae: 0.02770063502338553
max_error: 0.14187058068879432
variance: 0.0005638040646652378
pearson: 0.08945358639716365
p-valu: 2.214339960304287e-165

AL interation 4299/4801.

mae: 0.027706617969067555
max_error: 0.14176184538761172
variance: 0.000562518273079833
pearson: 0.07460905755015287
p-valu: 1.6219226138242734e-115

AL interation 4300/4801.

mae: 0.02771273965470189
max_error: 0.14210605434587942
variance: 0.0005631135966937718
pearson: 0.09864146906259182
p-valu: 8.039737496136217e-201

AL interation 4301/4801.

mae: 0.02770143208922562
max_error: 0.14206860328946513
variance: 0.0005629194805083395
pearson: 0.09921736042844209
p-valu: 3.703345179713119e-203

AL interation 4302/4801.

mae: 0.02763689513687725
max_error: 0.14217868715301174
variance: 0.0005616101007808748
pearson: 0.06313994280572599
p-valu: 3.2712462339872765e-83

AL interation 4303/4801.

mae: 0.02763946939899589
max_error: 0.14069833882482508
variance: 0.0005608913185402036
pearson: 0.07712145705418544
p-valu: 2.608528550632609e-123

AL interation 4304/4801.

mae: 0.02764826631339384
max_error: 0.14099229029912985
variance: 0.0005614824498932362
pearson: 0.07134770239398056
p-valu: 8.93890663835436e-106

AL interation 4305/4801.

mae: 0.027689183788051266
max_error: 0.1425239374678171
variance: 0.000564032664514881
pearson: 0.08805834763324719
p-valu: 2.7062830538926566e-160

AL interation 4306/4801.

mae: 0.02766481524174139
max_error: 0.1415738923317662
variance: 0.000562016111327141
pearson: 0.1040131550131059
p-valu: 3.676235158547947e-223

AL interation 4307/4801.

mae: 0.027662307229318547
max_error: 0.14156917080643727
variance: 0.0005618318656702025
pearson: 0.10597702214812872
p-valu: 1.2422627602578287e-231

AL interation 4308/4801.

mae: 0.02766606480548286
max_error: 0.1417603829216063
variance: 0.0005623105155865435
pearson: 0.0894352617629022
p-valu: 2.690836215604336e-165

AL interation 4309/4801.

mae: 0.02765128860296643
max_error: 0.14064844640623453
variance: 0.0005611398240495533
pearson: 0.08421684311015835
p-valu: 9.862304232237781e-147

AL interation 4310/4801.

mae: 0.027645601067109397
max_error: 0.14057110613092338
variance: 0.0005604620430597517
pearson: 0.12386094747787965
p-valu: 2.92624045e-316

AL interation 4311/4801.

mae: 0.027633998263624733
max_error: 0.14029899904952292
variance: 0.0005599995397097934
pearson: 0.06262437572426503
p-valu: 7.040244651039327e-82

AL interation 4312/4801.

mae: 0.02762637028154957
max_error: 0.14027587674198405
variance: 0.0005598863680895016
pearson: 0.08322451632146947
p-valu: 2.515240630560535e-143

AL interation 4313/4801.

mae: 0.027629310336916492
max_error: 0.14016283870174684
variance: 0.0005600157356033458
pearson: 0.070481103222506
p-valu: 2.980049788993281e-103

AL interation 4314/4801.

mae: 0.027628247022279822
max_error: 0.1401674666000532
variance: 0.0005600591955905897
pearson: 0.04108543516632378
p-valu: 3.1982316705468416e-36

AL interation 4315/4801.

mae: 0.027632280101480115
max_error: 0.14011128568623699
variance: 0.0005601223090237712
pearson: 0.11416904497656154
p-valu: 1.0539883486563121e-268

AL interation 4316/4801.

mae: 0.027577759314172876
max_error: 0.14027021336975176
variance: 0.0005590438537135461
pearson: 0.08587774145589776
p-valu: 1.6588343192699256e-152

AL interation 4317/4801.

mae: 0.02756895810512763
max_error: 0.14036267217912846
variance: 0.000559252446973913
pearson: 0.10726198254830983
p-valu: 3.072854443779554e-237

AL interation 4318/4801.

mae: 0.027597301581760086
max_error: 0.14040482895385376
variance: 0.0005595236149812413
pearson: 0.08722732082320303
p-valu: 2.7432099860400927e-157

AL interation 4319/4801.

mae: 0.027603914359783745
max_error: 0.14047176063710376
variance: 0.0005602540257569459
pearson: 0.07012593405401667
p-valu: 3.174303757927439e-102

AL interation 4320/4801.

mae: 0.027578350115391958
max_error: 0.1400581815020474
variance: 0.0005597885093463172
pearson: 0.07820944707989652
p-valu: 9.575501326885633e-127

AL interation 4321/4801.

mae: 0.027579038656642362
max_error: 0.13949354216189258
variance: 0.0005594839480181439
pearson: 0.11882103411014587
p-valu: 5.2382588137711214e-291

AL interation 4322/4801.

mae: 0.027582260184015512
max_error: 0.13945546714118118
variance: 0.0005594509863042473
pearson: 0.07449007968699181
p-valu: 3.9878834042349355e-115

AL interation 4323/4801.

mae: 0.027581697411873437
max_error: 0.1395395103924444
variance: 0.0005598858833624383
pearson: 0.06309595408296696
p-valu: 4.4303954492450055e-83

AL interation 4324/4801.

mae: 0.027579391160062187
max_error: 0.13934165723029257
variance: 0.0005592945279416441
pearson: 0.10011269419939794
p-valu: 9.0232915944945e-207

AL interation 4325/4801.

mae: 0.027576875815799297
max_error: 0.13952360084900883
variance: 0.0005578810824760771
pearson: 0.0740757681229367
p-valu: 7.295856538357826e-114

AL interation 4326/4801.

mae: 0.027570129038297142
max_error: 0.1395730538412523
variance: 0.0005577504399122124
pearson: 0.0667908063081674
p-valu: 6.954953642456464e-93

AL interation 4327/4801.

mae: 0.027562530018743436
max_error: 0.13953006607940788
variance: 0.0005575166013884079
pearson: 0.0735490313963011
p-valu: 2.8541978622784573e-112

AL interation 4328/4801.

mae: 0.027569437161822707
max_error: 0.13954076920223324
variance: 0.0005576679406421313
pearson: 0.0771013141643178
p-valu: 3.253718962525213e-123

AL interation 4329/4801.

mae: 0.02756406086659807
max_error: 0.139441436697473
variance: 0.0005580226676519174
pearson: 0.07600509505087542
p-valu: 8.840755855408188e-120

AL interation 4330/4801.

mae: 0.02754400620611193
max_error: 0.13913666098111444
variance: 0.0005559879322796466
pearson: 0.0833237036213064
p-valu: 1.229268073363197e-143

AL interation 4331/4801.

mae: 0.027515404754841884
max_error: 0.13893375983267342
variance: 0.0005558445890184637
pearson: 0.09240809523129087
p-valu: 2.4690649705601724e-176

AL interation 4332/4801.

mae: 0.027514479203586704
max_error: 0.13924976036893222
variance: 0.0005573845415336717
pearson: 0.11583429419979505
p-valu: 1.539050500541234e-276

AL interation 4333/4801.

mae: 0.027485896685390542
max_error: 0.1397474323081611
variance: 0.0005558087625174961
pearson: 0.0690446051610035
p-valu: 3.913147899260427e-99

AL interation 4334/4801.

mae: 0.027476881127629575
max_error: 0.13901605427114427
variance: 0.0005534684584041256
pearson: 0.08963502224373303
p-valu: 5.52666203212508e-166

AL interation 4335/4801.

mae: 0.027440361526575398
max_error: 0.13911773226451496
variance: 0.0005521942234750095
pearson: 0.09796824209133327
p-valu: 4.956263499742638e-198

AL interation 4336/4801.

mae: 0.027444776323043298
max_error: 0.13914636266296165
variance: 0.000552225132988245
pearson: 0.09913762358779558
p-valu: 9.298002665025632e-203

AL interation 4337/4801.

mae: 0.02743779119137652
max_error: 0.1392499055788563
variance: 0.0005533791527815896
pearson: 0.07148951359858341
p-valu: 3.748655873414762e-106

AL interation 4338/4801.

mae: 0.027440116906649416
max_error: 0.13924172343346308
variance: 0.0005534256079110202
pearson: 0.07427229491097945
p-valu: 1.9166541185591996e-114

AL interation 4339/4801.

mae: 0.027423048127119466
max_error: 0.1387195365302092
variance: 0.0005525231097980528
pearson: 0.08272506894088238
p-valu: 1.3731527628993107e-141

AL interation 4340/4801.

mae: 0.02743148153943721
max_error: 0.13737557734081074
variance: 0.0005525501524308004
pearson: 0.1070536692463934
p-valu: 2.9025850779992536e-236

AL interation 4341/4801.

mae: 0.027430475845552704
max_error: 0.13736963644865918
variance: 0.0005525559460134757
pearson: 0.09733635982186624
p-valu: 1.734259714022229e-195

AL interation 4342/4801.

mae: 0.027410162396872148
max_error: 0.13757458013302548
variance: 0.0005520162979404309
pearson: 0.08239089239120145
p-valu: 1.8681006993917862e-140

AL interation 4343/4801.

mae: 0.027408496765948923
max_error: 0.13752781329336594
variance: 0.0005518800546725865
pearson: 0.07857435591328524
p-valu: 6.944434804109522e-128

AL interation 4344/4801.

mae: 0.027418782624760257
max_error: 0.13684013610205747
variance: 0.0005527398770744432
pearson: 0.11027267134103548
p-valu: 1.2406336007090149e-250

AL interation 4345/4801.

mae: 0.027454377415873976
max_error: 0.1367082283019614
variance: 0.000554241688988255
pearson: 0.10084426887846812
p-valu: 9.646728858051977e-210

AL interation 4346/4801.

mae: 0.027452598342571848
max_error: 0.13592612576272822
variance: 0.0005539476797237399
pearson: 0.08996113373538436
p-valu: 3.662330363739288e-167

AL interation 4347/4801.

mae: 0.027452535000732036
max_error: 0.1359515170394503
variance: 0.0005539976816021181
pearson: 0.07865065114227994
p-valu: 3.9964198493930925e-128

AL interation 4348/4801.

mae: 0.027457331553578795
max_error: 0.13591888900433569
variance: 0.0005539795056835209
pearson: 0.08824369830690203
p-valu: 6.854031693015728e-161

AL interation 4349/4801.

mae: 0.027458061807593557
max_error: 0.13576656211686222
variance: 0.0005540120194709091
pearson: 0.07053503595497417
p-valu: 2.279317823807094e-103

AL interation 4350/4801.

mae: 0.02745350220208925
max_error: 0.1354820438415687
variance: 0.0005531290217357337
pearson: 0.08344241193884337
p-valu: 5.185742192539104e-144

AL interation 4351/4801.

mae: 0.027452574347114102
max_error: 0.13987642705095316
variance: 0.0005530595424858492
pearson: 0.07481858628680638
p-valu: 4.29614588553081e-116

AL interation 4352/4801.

mae: 0.02746506249590231
max_error: 0.1394324982923394
variance: 0.000552831427901905
pearson: 0.07676605932664808
p-valu: 3.9660792321256734e-122

AL interation 4353/4801.

mae: 0.027431095545954548
max_error: 0.140541887227559
variance: 0.0005483208020984056
pearson: 0.06888210035050595
p-valu: 1.1784806096475688e-98

AL interation 4354/4801.

mae: 0.027435523024155792
max_error: 0.1405616252834847
variance: 0.0005482633275452105
pearson: 0.0920421166929032
p-valu: 6.586189842286078e-175

AL interation 4355/4801.

mae: 0.027436820000352788
max_error: 0.14094613844852977
variance: 0.0005487727277239786
pearson: 0.10043733695689043
p-valu: 4.867901779545517e-208

AL interation 4356/4801.

mae: 0.0274255964690419
max_error: 0.1407153883594987
variance: 0.0005479374152577312
pearson: 0.077613164465219
p-valu: 8.498224116724974e-125

AL interation 4357/4801.

mae: 0.027417967654162212
max_error: 0.1407628023137335
variance: 0.0005483138371423818
pearson: 0.09626081493180509
p-valu: 3.4828244955965646e-191

AL interation 4358/4801.

mae: 0.027416025672822426
max_error: 0.14057916420850636
variance: 0.0005484185880834389
pearson: 0.08789129518093457
p-valu: 1.3302942583939504e-159

AL interation 4359/4801.

mae: 0.02739838099280195
max_error: 0.1406722142585608
variance: 0.0005480274034872501
pearson: 0.07466202399409513
p-valu: 1.3221201586126736e-115

AL interation 4360/4801.

mae: 0.027392555384021973
max_error: 0.14035383749277064
variance: 0.0005478753507623854
pearson: 0.09136371007745443
p-valu: 2.3926591775649666e-172

AL interation 4361/4801.

mae: 0.02736537453638804
max_error: 0.13696215957887437
variance: 0.0005468510604970053
pearson: 0.06930071574409781
p-valu: 7.90120750101894e-100

AL interation 4362/4801.

mae: 0.027380484370810643
max_error: 0.13679719550990233
variance: 0.0005475209678506366
pearson: 0.07536335342860613
p-valu: 9.41895791928307e-118

AL interation 4363/4801.

mae: 0.027380498966417997
max_error: 0.13679088992674626
variance: 0.0005475225222588464
pearson: 0.07476949297773729
p-valu: 6.27849477809125e-116

AL interation 4364/4801.

mae: 0.027379284329317976
max_error: 0.13689829855528335
variance: 0.0005473905074619772
pearson: 0.08875847852240941
p-valu: 9.939373734852897e-163

AL interation 4365/4801.

mae: 0.027377590627701644
max_error: 0.13683818150301197
variance: 0.000547355121085096
pearson: 0.0625186343501122
p-valu: 1.4589875907289707e-81

AL interation 4366/4801.

mae: 0.02739372302045991
max_error: 0.1364641403145328
variance: 0.0005468979808194031
pearson: 0.07471312826737408
p-valu: 9.413319596817519e-116

AL interation 4367/4801.

mae: 0.027396378442089392
max_error: 0.13643775932931423
variance: 0.000547300796936329
pearson: 0.08907119865436694
p-valu: 7.307251288476166e-164

AL interation 4368/4801.

mae: 0.02739304699513907
max_error: 0.13652215683603974
variance: 0.0005474073495704236
pearson: 0.0934924174654004
p-valu: 2.1440577407495444e-180

AL interation 4369/4801.

mae: 0.027405740828312125
max_error: 0.1372827619236745
variance: 0.0005475493201094806
pearson: 0.10184293642550044
p-valu: 7.659689259772825e-214

AL interation 4370/4801.

mae: 0.02740301945394422
max_error: 0.137340441551973
variance: 0.0005473425536233929
pearson: 0.11167934772461408
p-valu: 5.5488359820557354e-257

AL interation 4371/4801.

mae: 0.027412687553818125
max_error: 0.13829259553884587
variance: 0.0005484520247968162
pearson: 0.08619712684922906
p-valu: 1.525649124119555e-153

AL interation 4372/4801.

mae: 0.027412221100978025
max_error: 0.13821069800568186
variance: 0.0005483168943223176
pearson: 0.07672301653727506
p-valu: 5.743050532534499e-122

AL interation 4373/4801.

mae: 0.027425736404647502
max_error: 0.13865199520504068
variance: 0.0005475806505390308
pearson: 0.06638486492902351
p-valu: 9.824219278628576e-92

AL interation 4374/4801.

mae: 0.027415282596314917
max_error: 0.13854818882490183
variance: 0.0005498484409608986
pearson: 0.09946200046303427
p-valu: 5.35366385391764e-204

AL interation 4375/4801.

mae: 0.0273982057245668
max_error: 0.13839605457568216
variance: 0.0005495472108451103
pearson: 0.07865867984148511
p-valu: 4.108077092442468e-128

AL interation 4376/4801.

mae: 0.02739090007534752
max_error: 0.13846408468296834
variance: 0.0005494442715817859
pearson: 0.09705638653657928
p-valu: 2.6754830031619378e-194

AL interation 4377/4801.

mae: 0.027386451507895527
max_error: 0.1382672425754976
variance: 0.0005493014199855962
pearson: 0.10676041481516567
p-valu: 6.971950627879531e-235

AL interation 4378/4801.

mae: 0.027393445204983786
max_error: 0.13813476618296083
variance: 0.000549760192795425
pearson: 0.09450469860348444
p-valu: 2.823032750843613e-184

AL interation 4379/4801.

mae: 0.027387177006874323
max_error: 0.13773385931588966
variance: 0.0005492911338053403
pearson: 0.08347910180610625
p-valu: 4.301095840385017e-144

AL interation 4380/4801.

mae: 0.027388586118809684
max_error: 0.13767872203087284
variance: 0.0005492282105063137
pearson: 0.07537269463619037
p-valu: 9.279565622840002e-118

AL interation 4381/4801.

mae: 0.027372330776735423
max_error: 0.13803482936990297
variance: 0.0005483745578831518
pearson: 0.08559007858582446
p-valu: 2.1570698105717015e-151

AL interation 4382/4801.

mae: 0.027355503337533536
max_error: 0.13899131477072335
variance: 0.0005499610194358395
pearson: 0.0790284360952846
p-valu: 2.697279971872352e-129

AL interation 4383/4801.

mae: 0.027356170488062433
max_error: 0.1389724142211748
variance: 0.0005499994625277042
pearson: 0.05264790896413057
p-valu: 2.4555194970888003e-58

AL interation 4384/4801.

mae: 0.02734588990688527
max_error: 0.13566563547127264
variance: 0.0005497751159787707
pearson: 0.08755602617311009
p-valu: 2.3544012510264587e-158

AL interation 4385/4801.

mae: 0.027382108188604846
max_error: 0.1362486400760503
variance: 0.000551280496649561
pearson: 0.07331561328291614
p-valu: 1.676655944063956e-111

AL interation 4386/4801.

mae: 0.027346437435835286
max_error: 0.13617211840235943
variance: 0.0005490118447418543
pearson: 0.06299017310395448
p-valu: 9.408144297521353e-83

AL interation 4387/4801.

mae: 0.0273509484471047
max_error: 0.1360964392827413
variance: 0.0005489752190284923
pearson: 0.07980210190817638
p-valu: 8.417378382922471e-132

AL interation 4388/4801.

mae: 0.027348006710716206
max_error: 0.1360826452840087
variance: 0.0005487008887103656
pearson: 0.09215236652330716
p-valu: 2.92128780797334e-175

AL interation 4389/4801.

mae: 0.02734343349238582
max_error: 0.13724583746287355
variance: 0.0005485461193227014
pearson: 0.0827743046522716
p-valu: 1.1110021086562773e-141

AL interation 4390/4801.

mae: 0.027329224922886277
max_error: 0.13729276177972172
variance: 0.0005478284036669575
pearson: 0.08072995529834627
p-valu: 7.648040682482833e-135

AL interation 4391/4801.

mae: 0.027276294847598637
max_error: 0.13786175449266413
variance: 0.0005472561820330031
pearson: 0.09408097815892705
p-valu: 1.2981643919553067e-182

AL interation 4392/4801.

mae: 0.027272522062472087
max_error: 0.1378221764737504
variance: 0.000547317907808932
pearson: 0.0843601501328153
p-valu: 4.24829330169456e-147

AL interation 4393/4801.

mae: 0.027271558293054835
max_error: 0.13786743872177287
variance: 0.0005472433088821449
pearson: 0.07991135521935938
p-valu: 3.7734153252465464e-132

AL interation 4394/4801.

mae: 0.027244053299799807
max_error: 0.13786007250954246
variance: 0.0005460690456909749
pearson: 0.0841296883975278
p-valu: 2.665082741432641e-146

AL interation 4395/4801.

mae: 0.02724777475258091
max_error: 0.13774121345003043
variance: 0.0005463765148966209
pearson: 0.09023364485145179
p-valu: 4.414814535722278e-168

AL interation 4396/4801.

mae: 0.027249587750944743
max_error: 0.13780627016811597
variance: 0.0005464842219097275
pearson: 0.08234088415678303
p-valu: 3.3104085206869324e-140

AL interation 4397/4801.

mae: 0.027240086311385903
max_error: 0.13811099989678444
variance: 0.0005465913801263473
pearson: 0.10714693458235519
p-valu: 1.5679397592057996e-236

AL interation 4398/4801.

mae: 0.02723311067156512
max_error: 0.13863174417773227
variance: 0.0005455413075427379
pearson: 0.07262390535880295
p-valu: 2.0050332736178537e-109

AL interation 4399/4801.

mae: 0.027238771900875706
max_error: 0.1385983752682336
variance: 0.000545853500813757
pearson: 0.07328230837340113
p-valu: 2.1908617734363017e-111

AL interation 4400/4801.

mae: 0.02723564755558029
max_error: 0.13850850360748557
variance: 0.0005456494313272984
pearson: 0.0769686316164941
p-valu: 1.055797804788775e-122

AL interation 4401/4801.

mae: 0.027235844052815098
max_error: 0.13848851481478452
variance: 0.0005456456328544292
pearson: 0.08598890746062436
p-valu: 9.240683534169491e-153

AL interation 4402/4801.

mae: 0.02723156407078683
max_error: 0.13936202701941913
variance: 0.0005467975165728365
pearson: 0.07954605068325599
p-valu: 6.028045521168479e-131

AL interation 4403/4801.

mae: 0.02723204008270001
max_error: 0.13929564610433265
variance: 0.0005468029106468104
pearson: 0.11376772694032214
p-valu: 1.4284113403982828e-266

AL interation 4404/4801.

mae: 0.02723247124808983
max_error: 0.13956121242725605
variance: 0.0005474414766083848
pearson: 0.07731113647809885
p-valu: 8.887390862312632e-124

AL interation 4405/4801.

mae: 0.02723980869704741
max_error: 0.14022300093737106
variance: 0.0005470185232075606
pearson: 0.06834798983046174
p-valu: 4.1878306724861015e-97

AL interation 4406/4801.

mae: 0.027241663651609942
max_error: 0.14029715334098403
variance: 0.0005471497130061688
pearson: 0.078991646355606
p-valu: 3.823591668001251e-129

AL interation 4407/4801.

mae: 0.027236327095871943
max_error: 0.14031448270933145
variance: 0.0005470580095833622
pearson: 0.0693096577899823
p-valu: 8.328649908903579e-100

AL interation 4408/4801.

mae: 0.02737410897645628
max_error: 0.13707665492828203
variance: 0.0005553818029240587
pearson: 0.08512553195749058
p-valu: 9.987555261223434e-150

AL interation 4409/4801.

mae: 0.027312219510358365
max_error: 0.13630495958048816
variance: 0.0005534215823608821
pearson: 0.07366794897935697
p-valu: 1.565318473165983e-112

AL interation 4410/4801.

mae: 0.0273113860497011
max_error: 0.13595776983337093
variance: 0.0005534325022433186
pearson: 0.08805914688563149
p-valu: 4.047863351878092e-160

AL interation 4411/4801.

mae: 0.02728234558495584
max_error: 0.13621932869708364
variance: 0.0005518009433353366
pearson: 0.07709568661736103
p-valu: 4.342769204878945e-123

AL interation 4412/4801.

mae: 0.02728269789333839
max_error: 0.1363018197210153
variance: 0.0005517198395586999
pearson: 0.08062910235200613
p-valu: 1.7682523630337108e-134

AL interation 4413/4801.

mae: 0.027298317708570104
max_error: 0.1363344656113299
variance: 0.0005520751502871007
pearson: 0.07307307661538717
p-valu: 9.606458735744207e-111

AL interation 4414/4801.

mae: 0.02729556507261961
max_error: 0.13640956065345056
variance: 0.0005519485752230146
pearson: 0.08999554337143524
p-valu: 3.6069940761755576e-167

AL interation 4415/4801.

mae: 0.02731442665356939
max_error: 0.13704712973620592
variance: 0.0005515755058046296
pearson: 0.08989853557693508
p-valu: 8.244012905066585e-167

AL interation 4416/4801.

mae: 0.027311569960750754
max_error: 0.1372613142869199
variance: 0.0005524564112440455
pearson: 0.09037368212325253
p-valu: 1.4604824532198899e-168

AL interation 4417/4801.

mae: 0.027308520718653348
max_error: 0.13733340267416172
variance: 0.0005522737900434943
pearson: 0.08172717794625133
p-valu: 4.0714660761931814e-138

AL interation 4418/4801.

mae: 0.02730647429407759
max_error: 0.13719797210822837
variance: 0.00055206249032426
pearson: 0.061888706972824344
p-valu: 6.4397365811856936e-80

AL interation 4419/4801.

mae: 0.027307433862097896
max_error: 0.13719016803068773
variance: 0.0005519591194120512
pearson: 0.08576139277927548
p-valu: 6.224807611158526e-152

AL interation 4420/4801.

mae: 0.027316815602742735
max_error: 0.13725880563132198
variance: 0.0005519451318391859
pearson: 0.07418003590161706
p-valu: 4.581617152451668e-114

AL interation 4421/4801.

mae: 0.02731086186023775
max_error: 0.1372083282424541
variance: 0.0005514961530964947
pearson: 0.06769126096669364
p-valu: 2.9001126907100076e-95

AL interation 4422/4801.

mae: 0.027314802781184606
max_error: 0.1373555859811717
variance: 0.000551500719929663
pearson: 0.0715572518422729
p-valu: 2.9563355214421353e-106

AL interation 4423/4801.

mae: 0.027318211388599977
max_error: 0.1376150239141538
variance: 0.0005516610677478794
pearson: 0.08510053480940226
p-valu: 1.2888958693109056e-149

AL interation 4424/4801.

mae: 0.02726632637791512
max_error: 0.13678588625433297
variance: 0.000550541830907347
pearson: 0.09665450417159659
p-valu: 1.3224162414406093e-192

AL interation 4425/4801.

mae: 0.02726378582606238
max_error: 0.13518734541529231
variance: 0.0005500029672993019
pearson: 0.07564817857623535
p-valu: 1.4905312133803912e-118

AL interation 4426/4801.

mae: 0.027274337494826276
max_error: 0.13491210173586698
variance: 0.0005492327067627751
pearson: 0.11837638736298911
p-valu: 1.6375707449089419e-288

AL interation 4427/4801.

mae: 0.027265179731823762
max_error: 0.1352740182285601
variance: 0.0005488021042747813
pearson: 0.08705699763906724
p-valu: 1.6850184849311063e-156

AL interation 4428/4801.

mae: 0.027265003203629262
max_error: 0.1350486520807721
variance: 0.000549103390442571
pearson: 0.06911716674613481
p-valu: 3.0664227647345625e-99

AL interation 4429/4801.

mae: 0.02726686953324805
max_error: 0.13515490394846386
variance: 0.0005491007939285746
pearson: 0.08345010720926428
p-valu: 6.435645429471859e-144

AL interation 4430/4801.

mae: 0.02725619467645055
max_error: 0.1365838771110106
variance: 0.0005499167247424818
pearson: 0.07081755564027642
p-valu: 4.268365848560128e-104

AL interation 4431/4801.

mae: 0.027235207656806572
max_error: 0.1368996687363364
variance: 0.0005493410507937058
pearson: 0.07527222966170674
p-valu: 2.1873149444525457e-117

AL interation 4432/4801.

mae: 0.027232362717378656
max_error: 0.13704997445191514
variance: 0.0005492185425500891
pearson: 0.05998569180625332
p-valu: 3.578886855040783e-75

AL interation 4433/4801.

mae: 0.027232100301499484
max_error: 0.137036424992661
variance: 0.000549213541775435
pearson: 0.09532886559548288
p-valu: 2.256507183324375e-187

AL interation 4434/4801.

mae: 0.02721903290973047
max_error: 0.1372034089784251
variance: 0.0005491440137000212
pearson: 0.09864620747929091
p-valu: 1.482191969351415e-200

AL interation 4435/4801.

mae: 0.027216190930605743
max_error: 0.13772600748260122
variance: 0.0005490374417875402
pearson: 0.09774788552963198
p-valu: 6.145799258857921e-197

AL interation 4436/4801.

mae: 0.027225468105586615
max_error: 0.1375532935510677
variance: 0.0005467817042615528
pearson: 0.07851583099922056
p-valu: 1.428188027783314e-127

AL interation 4437/4801.

mae: 0.02722110169117735
max_error: 0.13740475526927587
variance: 0.0005458742106840325
pearson: 0.07138890120830822
p-valu: 9.525914975577654e-106

AL interation 4438/4801.

mae: 0.027218497320995034
max_error: 0.13762277311096516
variance: 0.0005458956735222905
pearson: 0.08673214862287378
p-valu: 2.509795206392295e-155

AL interation 4439/4801.

mae: 0.027220651455556265
max_error: 0.13753406320600736
variance: 0.0005456272579977897
pearson: 0.07932097057012093
p-valu: 3.647516674408955e-130

AL interation 4440/4801.

mae: 0.02724470665933692
max_error: 0.13743986086254556
variance: 0.000546201728256962
pearson: 0.0708905137577506
p-valu: 2.6922035467865102e-104

AL interation 4441/4801.

mae: 0.027242871815371293
max_error: 0.1371995021602601
variance: 0.0005461777907671739
pearson: 0.08818366957283016
p-valu: 1.6244561003465434e-160

AL interation 4442/4801.

mae: 0.027240814629375172
max_error: 0.13719157450239838
variance: 0.0005462218956787155
pearson: 0.07286368035189182
p-valu: 4.369054201425726e-110

AL interation 4443/4801.

mae: 0.027240534572227467
max_error: 0.13721870749057818
variance: 0.0005461990355300913
pearson: 0.07729611515086332
p-valu: 1.114501699550657e-123

AL interation 4444/4801.

mae: 0.027229532795767463
max_error: 0.13716663831863518
variance: 0.0005455061312755281
pearson: 0.07949635377016565
p-valu: 9.992651911608245e-131

AL interation 4445/4801.

mae: 0.027389520409159724
max_error: 0.1424003943978136
variance: 0.0005503244352368525
pearson: 0.08506698037631161
p-valu: 1.8270634497605887e-149

AL interation 4446/4801.

mae: 0.027526842217488842
max_error: 0.1428253708675442
variance: 0.0005556712788081226
pearson: 0.0835849716540638
p-valu: 2.3652247989597118e-144

AL interation 4447/4801.

mae: 0.027527446475874955
max_error: 0.1453338023732471
variance: 0.0005552180961815069
pearson: 0.088389807397351
p-valu: 2.9940252610193914e-161

AL interation 4448/4801.

mae: 0.027527312296175752
max_error: 0.14531889256821562
variance: 0.0005552893734256455
pearson: 0.08088799283766052
p-valu: 2.779957631126012e-135

AL interation 4449/4801.

mae: 0.027507370463376576
max_error: 0.1453513693252575
variance: 0.0005533558620738344
pearson: 0.0717339409404115
p-valu: 9.63811405845038e-107

AL interation 4450/4801.

mae: 0.02749883589967138
max_error: 0.14485933277709084
variance: 0.0005533047602645954
pearson: 0.07762496824973784
p-valu: 1.0361928445625396e-124

AL interation 4451/4801.

mae: 0.027504371692337694
max_error: 0.1446574516542427
variance: 0.0005532840407643659
pearson: 0.09106438745463685
p-valu: 4.594954839341955e-171

AL interation 4452/4801.

mae: 0.02750483582017646
max_error: 0.14465372042494384
variance: 0.0005532749981956681
pearson: 0.06871178193301512
p-valu: 4.4889309976639204e-98

AL interation 4453/4801.

mae: 0.027503329677706766
max_error: 0.1449540485103029
variance: 0.0005528513290036767
pearson: 0.09135138712140393
p-valu: 3.9305846218561745e-172

AL interation 4454/4801.

mae: 0.027502294867597327
max_error: 0.14482626010820643
variance: 0.0005528681705383807
pearson: 0.0855518975186956
p-valu: 3.838871950060864e-151

AL interation 4455/4801.

mae: 0.02750205972448336
max_error: 0.14482717457420624
variance: 0.0005528538970331804
pearson: 0.09179795458335528
p-valu: 8.39813529261618e-174

AL interation 4456/4801.

mae: 0.027507645176187916
max_error: 0.14460825076665462
variance: 0.0005529861426387763
pearson: 0.07026832914636053
p-valu: 1.7399336809017582e-102

AL interation 4457/4801.

mae: 0.027490961391773854
max_error: 0.14328837408382644
variance: 0.0005509922580422431
pearson: 0.08455736946570576
p-valu: 1.1170728512824718e-147

AL interation 4458/4801.

mae: 0.02749293537711352
max_error: 0.14335530533961394
variance: 0.0005511512044896945
pearson: 0.07076728513803783
p-valu: 6.400170659927861e-104

AL interation 4459/4801.

mae: 0.027482547509911397
max_error: 0.14355447643018526
variance: 0.0005511558611043544
pearson: 0.1075596078593455
p-valu: 3.4078463924091126e-238

AL interation 4460/4801.

mae: 0.02748460411140944
max_error: 0.1435477310172104
variance: 0.0005514857522675821
pearson: 0.10603956985858363
p-valu: 1.576625759205864e-231

AL interation 4461/4801.

mae: 0.02748166373065809
max_error: 0.14349894923569484
variance: 0.000551544189778374
pearson: 0.07716719520030704
p-valu: 3.0011794222342294e-123

AL interation 4462/4801.

mae: 0.027480428640817872
max_error: 0.14350311803744664
variance: 0.0005515352761096123
pearson: 0.08839371696004411
p-valu: 3.073976869006401e-161

AL interation 4463/4801.

mae: 0.027476544505712255
max_error: 0.14342981723919768
variance: 0.0005517214830329349
pearson: 0.08399346129246599
p-valu: 1.0011161248376546e-145

AL interation 4464/4801.

mae: 0.027472510750947053
max_error: 0.14349612539470802
variance: 0.0005517462875921552
pearson: 0.07207027386294158
p-valu: 1.0314955119584875e-107

AL interation 4465/4801.

mae: 0.02746275666522199
max_error: 0.14353296014477057
variance: 0.0005518413317323459
pearson: 0.07563073854237573
p-valu: 1.8930448255638538e-118

AL interation 4466/4801.

mae: 0.027464612238632048
max_error: 0.14341506864210207
variance: 0.0005516821798973668
pearson: 0.0999570080986096
p-valu: 8.028321618400494e-206

AL interation 4467/4801.

mae: 0.027464320684340373
max_error: 0.14362302408906946
variance: 0.000551407922320256
pearson: 0.0866906273662809
p-valu: 3.9309968301480005e-155

AL interation 4468/4801.

mae: 0.02744047226872421
max_error: 0.14432107667224447
variance: 0.0005506753908134148
pearson: 0.07979879063556508
p-valu: 1.1182339895214926e-131

AL interation 4469/4801.

mae: 0.0274409311398796
max_error: 0.14378061553023547
variance: 0.0005509002319640092
pearson: 0.07450616958519968
p-valu: 5.3671930469728e-115

AL interation 4470/4801.

mae: 0.02743988794860265
max_error: 0.14376757727248735
variance: 0.0005509345599435689
pearson: 0.06651663759634112
p-valu: 5.348212167985808e-92

AL interation 4471/4801.

mae: 0.027441954411183044
max_error: 0.14419139466398012
variance: 0.0005511946909438036
pearson: 0.0650977419598077
p-valu: 3.463499820683591e-88

AL interation 4472/4801.

mae: 0.027432215238726847
max_error: 0.14588896048943245
variance: 0.0005505360750823598
pearson: 0.07231933097111176
p-valu: 1.9428970061423632e-108

AL interation 4473/4801.

mae: 0.027435166543303198
max_error: 0.14594848654840864
variance: 0.0005505229459452634
pearson: 0.057296361604367255
p-valu: 1.0463409686965787e-68

AL interation 4474/4801.

mae: 0.02743227823464778
max_error: 0.146163094347034
variance: 0.000550679126785523
pearson: 0.10653176709107759
p-valu: 1.217961329918332e-233

AL interation 4475/4801.

mae: 0.027419360084423958
max_error: 0.1450488052344412
variance: 0.0005503134202559694
pearson: 0.09298487823222323
p-valu: 2.9689482764419484e-178

AL interation 4476/4801.

mae: 0.027420438872698866
max_error: 0.14561965839519364
variance: 0.0005502748592491735
pearson: 0.080798855302145
p-valu: 6.004474303497648e-135

AL interation 4477/4801.

mae: 0.027422647051296545
max_error: 0.14602343493450864
variance: 0.0005505386684106643
pearson: 0.07334436538777635
p-valu: 1.7629802696829026e-111

AL interation 4478/4801.

mae: 0.02742279438616587
max_error: 0.1460167109947037
variance: 0.0005505523049309752
pearson: 0.07348535733400469
p-valu: 6.68054373794894e-112

AL interation 4479/4801.

mae: 0.027348079315409137
max_error: 0.1457292689977152
variance: 0.0005495753138753762
pearson: 0.07795489484462595
p-valu: 1.0121658782472339e-125

AL interation 4480/4801.

mae: 0.02737162612312737
max_error: 0.14576309602879012
variance: 0.0005505137835369147
pearson: 0.0872404094942851
p-valu: 4.577405481997913e-157

AL interation 4481/4801.

mae: 0.027343272084645015
max_error: 0.1456880710177615
variance: 0.0005493387695187933
pearson: 0.08589232545517693
p-valu: 2.7176435097943908e-152

AL interation 4482/4801.

mae: 0.027285064477904568
max_error: 0.14559210319046945
variance: 0.0005494087152898759
pearson: 0.08928677153567897
p-valu: 1.8902983177032724e-164

AL interation 4483/4801.

mae: 0.027294796768415643
max_error: 0.14595206959555473
variance: 0.0005486644784479371
pearson: 0.06902356193466187
p-valu: 6.424023896081325e-99

AL interation 4484/4801.

mae: 0.02729267959984381
max_error: 0.14544994438282122
variance: 0.0005490277665758053
pearson: 0.08854023312399778
p-valu: 9.88725332386654e-162

AL interation 4485/4801.

mae: 0.027282551448249415
max_error: 0.14538269235916634
variance: 0.0005478806355974326
pearson: 0.08850916332011746
p-valu: 1.286121673065768e-161

AL interation 4486/4801.

mae: 0.027256417912368484
max_error: 0.14495632566675742
variance: 0.0005475671838158459
pearson: 0.08663501552968685
p-valu: 6.648673725235464e-155

AL interation 4487/4801.

mae: 0.02725611353300264
max_error: 0.1449079976939942
variance: 0.0005475612201166838
pearson: 0.08123918983739849
p-valu: 2.1702571814799485e-136

AL interation 4488/4801.

mae: 0.027267409880480258
max_error: 0.14434555584947195
variance: 0.0005483684185641297
pearson: 0.092097646629033
p-valu: 7.199243531178874e-175

AL interation 4489/4801.

mae: 0.02726767426789983
max_error: 0.1444068825096878
variance: 0.0005482545190089558
pearson: 0.09510135774802206
p-valu: 2.2463376457560948e-186

AL interation 4490/4801.

mae: 0.027267613936783428
max_error: 0.1443926458544269
variance: 0.0005482599561997009
pearson: 0.0666578011113907
p-valu: 2.312039238497875e-92

AL interation 4491/4801.

mae: 0.027234913061389535
max_error: 0.1446529576590223
variance: 0.0005491216590243936
pearson: 0.07297056899953847
p-valu: 2.3932315258235533e-110

AL interation 4492/4801.

mae: 0.027237424159491704
max_error: 0.1455261388039475
variance: 0.0005499544771872463
pearson: 0.08887742315317376
p-valu: 6.101187572750713e-163

AL interation 4493/4801.

mae: 0.0272274943429507
max_error: 0.1457300548411553
variance: 0.0005482330849014678
pearson: 0.07366420503784105
p-valu: 2.0198343739671847e-112

AL interation 4494/4801.

mae: 0.027229708734013054
max_error: 0.1456720623139376
variance: 0.0005484142907636397
pearson: 0.09736987344536725
p-valu: 2.6431393032942737e-195

AL interation 4495/4801.

mae: 0.02723856846183958
max_error: 0.14603323304280313
variance: 0.0005485526727518787
pearson: 0.08498846528600561
p-valu: 4.107803380021308e-149

AL interation 4496/4801.

mae: 0.02723828402100947
max_error: 0.1460161211855706
variance: 0.0005485360898818273
pearson: 0.09151045904835517
p-valu: 1.196047060916162e-172

AL interation 4497/4801.

mae: 0.02724740748519229
max_error: 0.14581757187105215
variance: 0.0005486043690746415
pearson: 0.08370747286584058
p-valu: 1.0786341646832939e-144

AL interation 4498/4801.

mae: 0.0272555038659911
max_error: 0.14614710609410797
variance: 0.0005484395121573365
pearson: 0.08485057347721588
p-valu: 1.2501500001593144e-148

AL interation 4499/4801.

mae: 0.02725403223807501
max_error: 0.14626507345954853
variance: 0.0005478578157582412
pearson: 0.08546248630786088
p-valu: 9.302658606694012e-151

AL interation 4500/4801.

mae: 0.027259739147069573
max_error: 0.14613899020904175
variance: 0.0005476283210947109
pearson: 0.07864690431001146
p-valu: 6.610242854058937e-128

AL interation 4501/4801.

mae: 0.027264067883186777
max_error: 0.14611214121240157
variance: 0.0005476944330707423
pearson: 0.07869774075037912
p-valu: 4.5522710778007755e-128

AL interation 4502/4801.

mae: 0.027263599057375992
max_error: 0.1461687230005595
variance: 0.0005475450142029906
pearson: 0.09777904584165384
p-valu: 6.362838931099621e-197

AL interation 4503/4801.

mae: 0.027263412832078317
max_error: 0.14617880256836036
variance: 0.0005475761423636435
pearson: 0.11143947681584354
p-valu: 1.6062802830666829e-255

AL interation 4504/4801.

mae: 0.027264522197527605
max_error: 0.1459735576993666
variance: 0.0005474428808847464
pearson: 0.10420509352001613
p-valu: 1.6377418713376055e-223

AL interation 4505/4801.

mae: 0.027268855381321077
max_error: 0.14587924186187995
variance: 0.0005474645440572617
pearson: 0.0738581339300751
p-valu: 5.440604216420854e-113

AL interation 4506/4801.

mae: 0.02729345596563452
max_error: 0.14631971147744882
variance: 0.0005499040788370703
pearson: 0.0831617818970212
p-valu: 8.073907454683643e-143

AL interation 4507/4801.

mae: 0.02729288394942446
max_error: 0.14618511635697762
variance: 0.0005500897055397154
pearson: 0.08060001499310375
p-valu: 3.0067277899868853e-134

AL interation 4508/4801.

mae: 0.027289069412062102
max_error: 0.14619075045837637
variance: 0.0005500520115522908
pearson: 0.08505372172056724
p-valu: 2.5547515511431424e-149

AL interation 4509/4801.

mae: 0.027278212572081663
max_error: 0.14567759167974548
variance: 0.0005488992772648221
pearson: 0.08265418343936529
p-valu: 4.276525207120337e-141

AL interation 4510/4801.

mae: 0.027272348411794697
max_error: 0.14532792804701278
variance: 0.0005487866851509977
pearson: 0.09253454936444033
p-valu: 1.7695342622831996e-176

AL interation 4511/4801.

mae: 0.027257612946246262
max_error: 0.14523610442327883
variance: 0.0005480885362911778
pearson: 0.08866241444171158
p-valu: 3.968554762517209e-162

AL interation 4512/4801.

mae: 0.027255410938377835
max_error: 0.1455726016540979
variance: 0.000548092165723349
pearson: 0.07005917042619113
p-valu: 7.93663046624765e-102

AL interation 4513/4801.

mae: 0.02725586716378106
max_error: 0.14556989662767994
variance: 0.0005481245017254867
pearson: 0.0787069355653354
p-valu: 4.4146242160396203e-128

AL interation 4514/4801.

mae: 0.027248844913114245
max_error: 0.14560311620724353
variance: 0.0005479783166069426
pearson: 0.07105287313734306
p-valu: 1.0991553641172887e-104

AL interation 4515/4801.

mae: 0.02723520700062104
max_error: 0.14683861907022622
variance: 0.0005477342330073712
pearson: 0.0911079139704958
p-valu: 4.1303748993787187e-171

AL interation 4516/4801.

mae: 0.027239260788431578
max_error: 0.14683591304336407
variance: 0.0005478774188121718
pearson: 0.09362221242196349
p-valu: 1.308682943737854e-180

AL interation 4517/4801.

mae: 0.027232651469980808
max_error: 0.14688029788365786
variance: 0.0005481360122218076
pearson: 0.08156098117372237
p-valu: 2.0406942052619943e-137

AL interation 4518/4801.

mae: 0.027225300370980577
max_error: 0.14728416518508713
variance: 0.0005488402199430539
pearson: 0.06976666126328418
p-valu: 5.5004182105752504e-101

AL interation 4519/4801.

mae: 0.02722546378258281
max_error: 0.14719166680723395
variance: 0.0005480973610616496
pearson: 0.08153844718922999
p-valu: 2.4419854104037796e-137

AL interation 4520/4801.

mae: 0.027206150390886745
max_error: 0.14800685529397417
variance: 0.000547538028361178
pearson: 0.07681268434379933
p-valu: 4.658080616205327e-122

AL interation 4521/4801.

mae: 0.027216327511363665
max_error: 0.1473976131167405
variance: 0.0005473004406398864
pearson: 0.07033783910861721
p-valu: 1.2917439480493353e-102

AL interation 4522/4801.

mae: 0.02720782615539602
max_error: 0.14728256489277958
variance: 0.0005493454905567114
pearson: 0.08381833008592218
p-valu: 4.917178492026265e-145

AL interation 4523/4801.

mae: 0.027210282815505027
max_error: 0.14670918725667836
variance: 0.0005489854669447508
pearson: 0.11288383817818487
p-valu: 4.0591480939904163e-262

AL interation 4524/4801.

mae: 0.027210713887381503
max_error: 0.1466791243313168
variance: 0.0005489436791318078
pearson: 0.10096109491998707
p-valu: 7.92820501003336e-210

AL interation 4525/4801.

mae: 0.027219001315305618
max_error: 0.14693095336977824
variance: 0.0005488980892637101
pearson: 0.08357419220666572
p-valu: 3.397301897940149e-144

AL interation 4526/4801.

mae: 0.027200023248983976
max_error: 0.14706872054947273
variance: 0.0005476743982091295
pearson: 0.08032043730499973
p-valu: 2.6526610840901e-133

AL interation 4527/4801.

mae: 0.02720988636885306
max_error: 0.14691864594377368
variance: 0.0005476677840009615
pearson: 0.10065048819793769
p-valu: 1.5435747743191085e-208

AL interation 4528/4801.

mae: 0.02719181444667801
max_error: 0.147424587198006
variance: 0.0005472991035479211
pearson: 0.08375412632614469
p-valu: 8.330844033525008e-145

AL interation 4529/4801.

mae: 0.027192208963547175
max_error: 0.14742199958371605
variance: 0.0005473224022151762
pearson: 0.08857502968023795
p-valu: 8.83300851921797e-162

AL interation 4530/4801.

mae: 0.027194489144792534
max_error: 0.14751312736032962
variance: 0.000547172331329472
pearson: 0.08510789220612777
p-valu: 1.7937495689357641e-149

AL interation 4531/4801.

mae: 0.027172290679501748
max_error: 0.14731093209983048
variance: 0.0005470342188565841
pearson: 0.08658613045516658
p-valu: 1.173537767547715e-154

AL interation 4532/4801.

mae: 0.027136984500823025
max_error: 0.1473119075056133
variance: 0.0005452228162740855
pearson: 0.08331680648066328
p-valu: 2.6253764400245502e-143

AL interation 4533/4801.

mae: 0.0271381996561695
max_error: 0.1472885768237433
variance: 0.0005452247697708239
pearson: 0.0922037710944783
p-valu: 3.4723612387446194e-175

AL interation 4534/4801.

mae: 0.027145939810489864
max_error: 0.14673357100426476
variance: 0.0005455741677601709
pearson: 0.09115782001807561
p-valu: 2.913584958505364e-171

AL interation 4535/4801.

mae: 0.027159346286659884
max_error: 0.14637795541082999
variance: 0.0005457819264890142
pearson: 0.09548562390278514
p-valu: 8.786812792949872e-188

AL interation 4536/4801.

mae: 0.027159749935938216
max_error: 0.14642267195657444
variance: 0.00054582743336785
pearson: 0.08660203980214214
p-valu: 1.0504580946840532e-154

AL interation 4537/4801.

mae: 0.027163105198586723
max_error: 0.14640308315054829
variance: 0.0005460051500854092
pearson: 0.074754839514905
p-valu: 1.1344512107198914e-115

AL interation 4538/4801.

mae: 0.02716334686410476
max_error: 0.14646562496844528
variance: 0.0005465770335401497
pearson: 0.10160377361303156
p-valu: 1.836118795099416e-212

AL interation 4539/4801.

mae: 0.02715384342794583
max_error: 0.1464881841696155
variance: 0.0005463572356766999
pearson: 0.09300489011066208
p-valu: 3.290854011849375e-178

AL interation 4540/4801.

mae: 0.0271492772313844
max_error: 0.14651666309899558
variance: 0.0005465928356451746
pearson: 0.09891181068405408
p-valu: 2.098947701098343e-201

AL interation 4541/4801.

mae: 0.027144777245548007
max_error: 0.1477235827317458
variance: 0.0005466373825587649
pearson: 0.07176453273873018
p-valu: 9.947838273847022e-107

AL interation 4542/4801.

mae: 0.027141790936906014
max_error: 0.14774391137533205
variance: 0.0005464648000903175
pearson: 0.08189600495744276
p-valu: 1.6900205348424146e-138

AL interation 4543/4801.

mae: 0.027139220970159684
max_error: 0.14778230913023838
variance: 0.0005461660343241557
pearson: 0.07658867524034574
p-valu: 2.5064343918196534e-121

AL interation 4544/4801.

mae: 0.02714103377357499
max_error: 0.14750282447883767
variance: 0.0005459392181968711
pearson: 0.07728784733298488
p-valu: 1.6026057416463854e-123

AL interation 4545/4801.

mae: 0.02715802376942246
max_error: 0.14635113758257323
variance: 0.0005466785050694181
pearson: 0.059932008505518455
p-valu: 5.938509839389588e-75

AL interation 4546/4801.

mae: 0.02715272126539625
max_error: 0.14636126938811178
variance: 0.0005465447912209604
pearson: 0.07559810619823165
p-valu: 3.012573425620285e-118

AL interation 4547/4801.

mae: 0.027147318158111087
max_error: 0.14637868453999947
variance: 0.0005460953207932875
pearson: 0.055102991545730784
p-valu: 1.2515493307193938e-63

AL interation 4548/4801.

mae: 0.027155910604147737
max_error: 0.1465769664630756
variance: 0.0005465349780211995
pearson: 0.06916715041883012
p-valu: 2.956280307813762e-99

AL interation 4549/4801.

mae: 0.027156494354166553
max_error: 0.14672076682680602
variance: 0.0005460890179490133
pearson: 0.0699812996535029
p-valu: 1.450899140780584e-101

AL interation 4550/4801.

mae: 0.027152456154473287
max_error: 0.14573273478734738
variance: 0.0005460752186709421
pearson: 0.06143942924367089
p-valu: 1.118262619393904e-78

AL interation 4551/4801.

mae: 0.02714900646535285
max_error: 0.14580294846590225
variance: 0.0005460976900359655
pearson: 0.0841121363758667
p-valu: 5.352290682331233e-146

AL interation 4552/4801.

mae: 0.027141552341853146
max_error: 0.14468386012984813
variance: 0.0005452594055226991
pearson: 0.0992181345671741
p-valu: 1.2741830697955987e-202

AL interation 4553/4801.

mae: 0.027127941958997936
max_error: 0.14440084587684798
variance: 0.0005443321755741024
pearson: 0.10371423995984926
p-valu: 2.640053566805303e-221

AL interation 4554/4801.

mae: 0.027126994944759803
max_error: 0.14442444527984155
variance: 0.0005443781015716676
pearson: 0.08395471923944829
p-valu: 1.877056994027072e-145

AL interation 4555/4801.

mae: 0.02714261199982078
max_error: 0.14443283185599687
variance: 0.0005456222410125435
pearson: 0.07943273742961245
p-valu: 2.2861560498560814e-130

AL interation 4556/4801.

mae: 0.027147102542111952
max_error: 0.1446824676079672
variance: 0.000546137133101128
pearson: 0.07064226221532068
p-valu: 1.8783737584541475e-103

AL interation 4557/4801.

mae: 0.027148267943744073
max_error: 0.1449603823605543
variance: 0.0005464139514615759
pearson: 0.09943579767971336
p-valu: 1.7015223830715727e-203

AL interation 4558/4801.

mae: 0.027095989841366255
max_error: 0.14490803867946345
variance: 0.0005442917459786899
pearson: 0.08589718137059316
p-valu: 3.4765048096349166e-152

AL interation 4559/4801.

mae: 0.027013934672375096
max_error: 0.14228894750548027
variance: 0.0005415182484658003
pearson: 0.07904731103743956
p-valu: 4.085477941719523e-129

AL interation 4560/4801.

mae: 0.027012017517205195
max_error: 0.142213326942769
variance: 0.0005410096362828562
pearson: 0.09431180135451207
p-valu: 3.553233661069151e-183

AL interation 4561/4801.

mae: 0.027051530253274416
max_error: 0.14420975733836205
variance: 0.0005429014677122741
pearson: 0.08528653806449626
p-valu: 4.797974335482405e-150

AL interation 4562/4801.

mae: 0.027054159945095302
max_error: 0.14417949208499015
variance: 0.0005429192594303739
pearson: 0.09108343200774965
p-valu: 6.1993346634754655e-171

AL interation 4563/4801.

mae: 0.02705450626929364
max_error: 0.14420306442505937
variance: 0.0005429349733735567
pearson: 0.08485536761320342
p-valu: 1.522244542228748e-148

AL interation 4564/4801.

mae: 0.02705430257920129
max_error: 0.14421270216579107
variance: 0.0005429282838395785
pearson: 0.07708036439512705
p-valu: 7.66268881240332e-123

AL interation 4565/4801.

mae: 0.027058643746965167
max_error: 0.1429183303228314
variance: 0.0005379196540054595
pearson: 0.0762652335418764
p-valu: 2.7279592157087202e-120

AL interation 4566/4801.

mae: 0.027053626831275282
max_error: 0.14417324393278652
variance: 0.0005387391404865688
pearson: 0.08335067199378786
p-valu: 2.2670227760709513e-143

AL interation 4567/4801.

mae: 0.027139744635239497
max_error: 0.14529947193867376
variance: 0.0005444039117394447
pearson: 0.07571868820190054
p-valu: 1.3580535015129156e-118

AL interation 4568/4801.

mae: 0.027124608623906372
max_error: 0.14557342007563823
variance: 0.0005469576668643523
pearson: 0.0860366135927748
p-valu: 1.1684350140303506e-152

AL interation 4569/4801.

mae: 0.027133478101877065
max_error: 0.14549596245550167
variance: 0.0005442396274654967
pearson: 0.10151550720335853
p-valu: 5.0227293412871e-212

AL interation 4570/4801.

mae: 0.027098958636740857
max_error: 0.1440920864263575
variance: 0.0005422185590026175
pearson: 0.07992799669016745
p-valu: 5.876065349698498e-132

AL interation 4571/4801.

mae: 0.027140154712667754
max_error: 0.14220518308710273
variance: 0.0005447875386182104
pearson: 0.08108398769682466
p-valu: 9.369198333628222e-136

AL interation 4572/4801.

mae: 0.027151015061319193
max_error: 0.14259150530623121
variance: 0.0005459988847245088
pearson: 0.05786231670473649
p-valu: 5.788703225498372e-70

AL interation 4573/4801.

mae: 0.027147185696811512
max_error: 0.14263405130103313
variance: 0.0005458705492906551
pearson: 0.07337411594058829
p-valu: 1.8616440605630875e-111

AL interation 4574/4801.

mae: 0.027151618989298822
max_error: 0.14243775236380718
variance: 0.0005458529140273337
pearson: 0.07540248053416497
p-valu: 1.3073134482594934e-117

AL interation 4575/4801.

mae: 0.027147480203653176
max_error: 0.1424495496542335
variance: 0.0005455679395187337
pearson: 0.0803198015366318
p-valu: 3.1242526753735542e-133

AL interation 4576/4801.

mae: 0.027149343549823193
max_error: 0.14274183081423364
variance: 0.0005454326353937229
pearson: 0.06956984566517678
p-valu: 2.2963846237243063e-100

AL interation 4577/4801.

mae: 0.02716075859741653
max_error: 0.14239874160947186
variance: 0.0005454009367898616
pearson: 0.07113957685004509
p-valu: 7.229123176577597e-105

AL interation 4578/4801.

mae: 0.027161240387364553
max_error: 0.1424580251025731
variance: 0.0005454390489384055
pearson: 0.06617790211710871
p-valu: 5.604619138973371e-91

AL interation 4579/4801.

mae: 0.027188791093077917
max_error: 0.14269692079713825
variance: 0.0005465145576629401
pearson: 0.0728589224205275
p-valu: 6.504373815342779e-110

AL interation 4580/4801.

mae: 0.027188859376334334
max_error: 0.1430877942860065
variance: 0.000546041952456606
pearson: 0.08755544771111892
p-valu: 5.034258234013608e-158

AL interation 4581/4801.

mae: 0.027091128179381307
max_error: 0.14507781162716338
variance: 0.000541856102170688
pearson: 0.09112985131431035
p-valu: 4.507098904890145e-171

AL interation 4582/4801.

mae: 0.0270760837643923
max_error: 0.14495271914380492
variance: 0.0005416173331108883
pearson: 0.08620978655346587
p-valu: 3.02737928702099e-153

AL interation 4583/4801.

mae: 0.027071875302560625
max_error: 0.14487729092467116
variance: 0.0005415934682967025
pearson: 0.07239553757577422
p-valu: 1.5496853769045898e-108

AL interation 4584/4801.

mae: 0.02705937511868022
max_error: 0.14419129722624557
variance: 0.0005410014614647844
pearson: 0.09630883551583762
p-valu: 6.489253500022708e-191

AL interation 4585/4801.

mae: 0.027045534779485025
max_error: 0.1439686001143512
variance: 0.0005401869112456276
pearson: 0.06583109466343696
p-valu: 4.877806304839471e-90

AL interation 4586/4801.

mae: 0.0270449492017392
max_error: 0.14399383504893404
variance: 0.000540175787863973
pearson: 0.1001997367543724
p-valu: 1.4866018367892942e-206

AL interation 4587/4801.

mae: 0.027009217600564153
max_error: 0.14353679761221638
variance: 0.0005408796506527774
pearson: 0.08354024671868726
p-valu: 5.513741381741589e-144

AL interation 4588/4801.

mae: 0.027015987165200317
max_error: 0.14384731620554003
variance: 0.0005403806624148145
pearson: 0.09748827264348676
p-valu: 1.39578210495461e-195

AL interation 4589/4801.

mae: 0.027014501709008223
max_error: 0.14371433607844875
variance: 0.0005399094003403193
pearson: 0.08182366987300811
p-valu: 3.454447675757011e-138

AL interation 4590/4801.

mae: 0.02701236741548867
max_error: 0.14364282079292234
variance: 0.0005398895323224772
pearson: 0.07885264033526002
p-valu: 1.9081875637756076e-128

AL interation 4591/4801.

mae: 0.026975045294035917
max_error: 0.14327936642472405
variance: 0.0005394713079255246
pearson: 0.07304271057528135
p-valu: 1.9071432500631236e-110

AL interation 4592/4801.

mae: 0.02697615504796
max_error: 0.14326471972923382
variance: 0.0005395471182610654
pearson: 0.07024569208474811
p-valu: 2.830507669456056e-102

AL interation 4593/4801.

mae: 0.026975794037117574
max_error: 0.14298990406347212
variance: 0.0005395970825364708
pearson: 0.07822399806201547
p-valu: 1.9910423056770818e-126

AL interation 4594/4801.

mae: 0.026982177667807902
max_error: 0.1429512665766055
variance: 0.0005398788379708189
pearson: 0.08948256454741774
p-valu: 5.706875488826277e-165

AL interation 4595/4801.

mae: 0.0269851978621901
max_error: 0.1428608886183469
variance: 0.0005393144541414396
pearson: 0.07448864875152496
p-valu: 8.621361294075596e-115

AL interation 4596/4801.

mae: 0.026984523988011527
max_error: 0.14284744748180156
variance: 0.000539305907851335
pearson: 0.09869825149364288
p-valu: 2.019022503962135e-200

AL interation 4597/4801.

mae: 0.026993272817065254
max_error: 0.14304484693672048
variance: 0.0005396733023473957
pearson: 0.09309621131216006
p-valu: 1.9031786683044655e-178

AL interation 4598/4801.

mae: 0.027011295419516572
max_error: 0.14405041065973312
variance: 0.0005396401758239122
pearson: 0.08711819416651315
p-valu: 1.9580598375022724e-156

AL interation 4599/4801.

mae: 0.02701789064267576
max_error: 0.14409495081814594
variance: 0.0005393546424746938
pearson: 0.07612081326330096
p-valu: 8.468255226824857e-120

AL interation 4600/4801.

mae: 0.027024853121647156
max_error: 0.1441533482687758
variance: 0.0005392821061377817
pearson: 0.0706496673667487
p-valu: 1.9969051677204265e-103

AL interation 4601/4801.

mae: 0.027005944286084257
max_error: 0.14483576586124802
variance: 0.0005377971720548937
pearson: 0.07039427329502854
p-valu: 1.0855402710134975e-102

AL interation 4602/4801.

mae: 0.027051848509231428
max_error: 0.14484949237365474
variance: 0.0005361906214289931
pearson: 0.08466040803439637
p-valu: 8.287530349280135e-148

AL interation 4603/4801.

mae: 0.027035114048983202
max_error: 0.14472782390501782
variance: 0.0005344655606597466
pearson: 0.07106724027544403
p-valu: 1.2515906874208326e-104

AL interation 4604/4801.

mae: 0.0270437870087733
max_error: 0.14392911279563525
variance: 0.0005346721097193701
pearson: 0.07275507033057849
p-valu: 1.413948085862432e-109

AL interation 4605/4801.

mae: 0.02709898927098154
max_error: 0.14240977932994103
variance: 0.0005350277960291214
pearson: 0.08237984854333961
p-valu: 4.990476683669625e-140

AL interation 4606/4801.

mae: 0.027092366352260266
max_error: 0.14236859414475878
variance: 0.0005350486238721537
pearson: 0.08035993418341303
p-valu: 2.5516881145597738e-133

AL interation 4607/4801.

mae: 0.027101874844096083
max_error: 0.14258414464373748
variance: 0.0005356180514781335
pearson: 0.08339347831020734
p-valu: 1.8704506960884738e-143

AL interation 4608/4801.

mae: 0.02719327446556482
max_error: 0.1630877486081026
variance: 0.0005451728371617404
pearson: 0.09796088967050737
p-valu: 1.981389421772111e-197

AL interation 4609/4801.

mae: 0.027184782959215028
max_error: 0.16052685986725734
variance: 0.000546017741278303
pearson: 0.0886500115056976
p-valu: 6.482199842102589e-162

AL interation 4610/4801.

mae: 0.027109003264246728
max_error: 0.14706521013100637
variance: 0.000539545018135207
pearson: 0.08608487226073958
p-valu: 9.244494787590914e-153

AL interation 4611/4801.

mae: 0.027152121070813568
max_error: 0.14912293354460626
variance: 0.0005407604012378594
pearson: 0.10236926083222601
p-valu: 1.7083918686275216e-215

AL interation 4612/4801.

mae: 0.027188285510132394
max_error: 0.1485533990274801
variance: 0.0005419708989448424
pearson: 0.11203094929721975
p-valu: 6.182178643217837e-258

AL interation 4613/4801.

mae: 0.027251498933636258
max_error: 0.16105867977095656
variance: 0.0005527216363348612
pearson: 0.10028312129044173
p-valu: 7.750958161885761e-207

AL interation 4614/4801.

mae: 0.02723651328553624
max_error: 0.16030005604481445
variance: 0.0005528582055611542
pearson: 0.10570542524505529
p-valu: 1.0604869986175332e-229

AL interation 4615/4801.

mae: 0.027206590214921677
max_error: 0.16021174082053946
variance: 0.0005520298955293
pearson: 0.07901038601325294
p-valu: 6.40667371525281e-129

AL interation 4616/4801.

mae: 0.02716302837835821
max_error: 0.16608665688765356
variance: 0.0005540545889958099
pearson: 0.09380906806990993
p-valu: 3.912375220159255e-181

AL interation 4617/4801.

mae: 0.027101409483993207
max_error: 0.16685384958547544
variance: 0.0005516553161206767
pearson: 0.07945067387743712
p-valu: 2.434100395334422e-130

AL interation 4618/4801.

mae: 0.027200815294815606
max_error: 0.1668448619806604
variance: 0.0005559008286535304
pearson: 0.08060929616324734
p-valu: 4.026473507800847e-134

AL interation 4619/4801.

mae: 0.027202425426630008
max_error: 0.16677686233235178
variance: 0.0005559516196147053
pearson: 0.06963802425539958
p-valu: 1.6332450152380203e-100

AL interation 4620/4801.

mae: 0.027119169604554398
max_error: 0.16680572639817726
variance: 0.0005528037095047745
pearson: 0.07693742530450748
p-valu: 2.5461052234583245e-122

AL interation 4621/4801.

mae: 0.02711558545661958
max_error: 0.16680045383547437
variance: 0.0005530293685316026
pearson: 0.09103311065049365
p-valu: 1.2201885575518834e-170

AL interation 4622/4801.

mae: 0.027105690839492946
max_error: 0.1667190587635723
variance: 0.0005530020454693012
pearson: 0.07820987341972441
p-valu: 2.4146744520688486e-126

AL interation 4623/4801.

mae: 0.027092074292354853
max_error: 0.16688188509798962
variance: 0.0005555820077151175
pearson: 0.08211849835334327
p-valu: 3.9988729238350036e-139

AL interation 4624/4801.

mae: 0.026980652744336774
max_error: 0.15196546138791955
variance: 0.0005454503917440583
pearson: 0.07859122488256128
p-valu: 1.465927385289347e-127

AL interation 4625/4801.

mae: 0.026982543401293902
max_error: 0.15192967720973893
variance: 0.0005454981209401975
pearson: 0.09737437006973787
p-valu: 4.7369680466359145e-195

AL interation 4626/4801.

mae: 0.02699967319838703
max_error: 0.15092365517590434
variance: 0.0005440347643735808
pearson: 0.1181280290934854
p-valu: 1.0806754783628866e-286

AL interation 4627/4801.

mae: 0.026985385904914814
max_error: 0.15152657872418995
variance: 0.0005439099331461709
pearson: 0.09165384377597069
p-valu: 6.036001278119505e-173

AL interation 4628/4801.

mae: 0.026905581953082718
max_error: 0.14873158773149253
variance: 0.0005432463055466339
pearson: 0.08431062208504218
p-valu: 1.4630159041537705e-146

AL interation 4629/4801.

mae: 0.026910405754323855
max_error: 0.14883398508060264
variance: 0.0005433485205479011
pearson: 0.09345825206649835
p-valu: 9.118657061231471e-180

AL interation 4630/4801.

mae: 0.026899981576110354
max_error: 0.14866490001110133
variance: 0.0005434465650953657
pearson: 0.09422630905892877
p-valu: 1.037547252893968e-182

AL interation 4631/4801.

mae: 0.026818738023996935
max_error: 0.14841552187168627
variance: 0.0005401489372096635
pearson: 0.07334995907976151
p-valu: 2.5719193712227976e-111

AL interation 4632/4801.

mae: 0.02680896512860985
max_error: 0.14843420975408872
variance: 0.0005397604416252167
pearson: 0.08223147448486465
p-valu: 1.723440326531526e-139

AL interation 4633/4801.

mae: 0.026809503907519534
max_error: 0.14845065047517192
variance: 0.0005397868541343618
pearson: 0.09219962494990247
p-valu: 5.519180320591101e-175

AL interation 4634/4801.

mae: 0.02680687538105619
max_error: 0.14846201722353936
variance: 0.0005396114020810731
pearson: 0.0848726539527594
p-valu: 1.7147045643158574e-148

AL interation 4635/4801.

mae: 0.026800810832391515
max_error: 0.14912380573911133
variance: 0.0005400525115653834
pearson: 0.06980572236103189
p-valu: 5.669669395061093e-101

AL interation 4636/4801.

mae: 0.026863801468592886
max_error: 0.15172541632306302
variance: 0.0005435963923576272
pearson: 0.059631866954390086
p-valu: 3.764736750309781e-74

AL interation 4637/4801.

mae: 0.02689197688563391
max_error: 0.15650103184485697
variance: 0.0005441673192023356
pearson: 0.09720014325848751
p-valu: 2.4743984243384327e-194

AL interation 4638/4801.

mae: 0.026894512268346982
max_error: 0.15656497045380302
variance: 0.0005443007174032562
pearson: 0.07211772181313378
p-valu: 1.178227748504011e-107

AL interation 4639/4801.

mae: 0.026904195146629947
max_error: 0.15694288217888452
variance: 0.0005459492935097427
pearson: 0.1079009491413037
p-valu: 3.027722756433988e-239

AL interation 4640/4801.

mae: 0.02689997368942997
max_error: 0.15688539909421007
variance: 0.0005460127467745813
pearson: 0.08840522195805885
p-valu: 5.620557770916111e-161

AL interation 4641/4801.

mae: 0.026949682852047498
max_error: 0.15802122712590272
variance: 0.0005468783431456533
pearson: 0.08733886646626081
p-valu: 3.7777351864589e-157

AL interation 4642/4801.

mae: 0.026944066330651287
max_error: 0.15830961987045367
variance: 0.0005469124352960536
pearson: 0.0735405150259805
p-valu: 7.124604929753119e-112

AL interation 4643/4801.

mae: 0.026942342836656818
max_error: 0.15820114195627166
variance: 0.0005466543537074714
pearson: 0.07380806692673049
p-valu: 1.1234331006404567e-112

AL interation 4644/4801.

mae: 0.026942270064685626
max_error: 0.1581970533992374
variance: 0.0005466512882714739
pearson: 0.09290672701018964
p-valu: 1.225925751959266e-177

AL interation 4645/4801.

mae: 0.026980783194187008
max_error: 0.15733446057525935
variance: 0.0005483965041139555
pearson: 0.08744815867707265
p-valu: 1.563022461962343e-157

AL interation 4646/4801.

mae: 0.02697781997531745
max_error: 0.15743339098513598
variance: 0.0005491579573596957
pearson: 0.08705984812180291
p-valu: 3.7911688358657044e-156

AL interation 4647/4801.

mae: 0.026983525484306364
max_error: 0.1575964845109068
variance: 0.0005492539766848216
pearson: 0.06950249247880354
p-valu: 4.2346737971242547e-100

AL interation 4648/4801.

mae: 0.026983897084074095
max_error: 0.1575900316314458
variance: 0.0005492948016334726
pearson: 0.08450402658309143
p-valu: 3.389496781285493e-147

AL interation 4649/4801.

mae: 0.02704268551771447
max_error: 0.1606139039835055
variance: 0.0005534901682632412
pearson: 0.08328195446990855
p-valu: 5.186645587745214e-143

AL interation 4650/4801.

mae: 0.02704344378796345
max_error: 0.16070416503167717
variance: 0.0005535799282257355
pearson: 0.09768347353774191
p-valu: 3.123599400724728e-196

AL interation 4651/4801.

mae: 0.02705294533395739
max_error: 0.15981337656954775
variance: 0.0005537195990654623
pearson: 0.08589617939032797
p-valu: 4.947968894701343e-152

AL interation 4652/4801.

mae: 0.02707800222389551
max_error: 0.16022011294659233
variance: 0.0005545818108828578
pearson: 0.09380475224882089
p-valu: 4.76611852203679e-181

AL interation 4653/4801.

mae: 0.027083311286795038
max_error: 0.16006199266881804
variance: 0.0005543330290454416
pearson: 0.09197913049955986
p-valu: 4.059317393398283e-174

AL interation 4654/4801.

mae: 0.027119604804400687
max_error: 0.15944180487382464
variance: 0.000554795275441935
pearson: 0.10667149369124476
p-valu: 8.358972687068261e-234

AL interation 4655/4801.

mae: 0.027118869577331162
max_error: 0.15944288013666874
variance: 0.000554794848814601
pearson: 0.08071624042975567
p-valu: 2.0210500314075016e-134

AL interation 4656/4801.

mae: 0.02707949178932262
max_error: 0.1602515136367968
variance: 0.000552068768633397
pearson: 0.08315027865924074
p-valu: 1.4876566707639956e-142

AL interation 4657/4801.

mae: 0.02707003417800684
max_error: 0.16013350884201127
variance: 0.0005518327038875208
pearson: 0.07238232171997425
p-valu: 2.059856034461477e-108

AL interation 4658/4801.

mae: 0.027068248806782796
max_error: 0.1600583135335567
variance: 0.0005515455218786194
pearson: 0.08774662512055206
p-valu: 1.4074951630041677e-158

AL interation 4659/4801.

mae: 0.02707615925141525
max_error: 0.1591701157452574
variance: 0.000551413388881794
pearson: 0.09517068723550312
p-valu: 2.61643680525836e-186

AL interation 4660/4801.

mae: 0.027074686186809645
max_error: 0.1562283416209196
variance: 0.0005484082456781122
pearson: 0.11630241491138901
p-valu: 8.329281279294155e-278

AL interation 4661/4801.

mae: 0.027081101436517166
max_error: 0.15550310098147957
variance: 0.0005485164742103359
pearson: 0.054431529325835316
p-valu: 4.679782157096548e-62

AL interation 4662/4801.

mae: 0.027109971781645065
max_error: 0.16327958626094397
variance: 0.0005519134269943002
pearson: 0.06380687553421051
p-valu: 1.2707737675754757e-84

AL interation 4663/4801.

mae: 0.0271212865362378
max_error: 0.16369209073342272
variance: 0.0005527487558425156
pearson: 0.08274184886636658
p-valu: 3.672596979896249e-141

AL interation 4664/4801.

mae: 0.027120520044940876
max_error: 0.16345428822420427
variance: 0.0005531494678519479
pearson: 0.07936339130252965
p-valu: 5.415849421909404e-130

AL interation 4665/4801.

mae: 0.027140407085394325
max_error: 0.16474758851505822
variance: 0.0005528880348135146
pearson: 0.07173259419638375
p-valu: 1.6998381418320567e-106

AL interation 4666/4801.

mae: 0.027146047217835065
max_error: 0.1647130646673416
variance: 0.0005530818880747448
pearson: 0.09389531212923487
p-valu: 2.2794759860277914e-181

AL interation 4667/4801.

mae: 0.02715252748173101
max_error: 0.1647525196825539
variance: 0.0005531574181945527
pearson: 0.09075210127001214
p-valu: 1.631799256348548e-169

AL interation 4668/4801.

mae: 0.027120063715495555
max_error: 0.1635623650839646
variance: 0.0005510708278132643
pearson: 0.07829882598844728
p-valu: 1.4470551363041591e-126

AL interation 4669/4801.

mae: 0.02712414435386163
max_error: 0.16361868560521753
variance: 0.0005510692782849251
pearson: 0.09506224846237463
p-valu: 7.227038293924634e-186

AL interation 4670/4801.

mae: 0.02712652194936124
max_error: 0.1631988534176001
variance: 0.0005505907279494969
pearson: 0.07393253183759034
p-valu: 5.105117064669898e-113

AL interation 4671/4801.

mae: 0.02713624521015121
max_error: 0.1630531757403899
variance: 0.0005502703719956942
pearson: 0.08372916503095862
p-valu: 1.6783348247425863e-144

AL interation 4672/4801.

mae: 0.027632412263578574
max_error: 0.17191229368869454
variance: 0.0005811406542262875
pearson: 0.10336832826621926
p-valu: 1.4690966619276067e-219

AL interation 4673/4801.

mae: 0.02759269128126933
max_error: 0.1713408712679323
variance: 0.0005780538674970058
pearson: 0.08294260319624311
p-valu: 7.972614080674032e-142

AL interation 4674/4801.

mae: 0.027593008862655147
max_error: 0.17378112540642388
variance: 0.0005789191060815083
pearson: 0.10913262247682505
p-valu: 1.2454748199491615e-244

AL interation 4675/4801.

mae: 0.02761176862193311
max_error: 0.17304737479604437
variance: 0.0005787374659586119
pearson: 0.07668889027229452
p-valu: 1.798772910590401e-121

AL interation 4676/4801.

mae: 0.02762411756091801
max_error: 0.17336834914054844
variance: 0.0005787293516126443
pearson: 0.0895998050300828
p-valu: 2.9592511890339616e-165

AL interation 4677/4801.

mae: 0.027629636649530543
max_error: 0.17363746791339718
variance: 0.0005793351544982799
pearson: 0.06948739289231866
p-valu: 5.025413566937362e-100

AL interation 4678/4801.

mae: 0.027653223465421654
max_error: 0.17266152176340466
variance: 0.0005796580529246686
pearson: 0.09829054543393642
p-valu: 1.3223304334413073e-198

AL interation 4679/4801.

mae: 0.02900642963455607
max_error: 0.17885560340106377
variance: 0.0006430513093100057
pearson: 0.09567460326648967
p-valu: 3.108177066043051e-188

AL interation 4680/4801.

mae: 0.029006467831428677
max_error: 0.1782032064296457
variance: 0.0006429894273588954
pearson: 0.07447517112238383
p-valu: 1.2005262450874857e-114

AL interation 4681/4801.

mae: 0.028999515549517064
max_error: 0.17889293050790211
variance: 0.0006428407230521839
pearson: 0.1146168156394402
p-valu: 9.243758887579882e-270

AL interation 4682/4801.

mae: 0.02896113835525307
max_error: 0.17801626911056
variance: 0.0006414446997026035
pearson: 0.09766171368391953
p-valu: 4.448625620383525e-196

AL interation 4683/4801.

mae: 0.02896147957734979
max_error: 0.1780393531702087
variance: 0.0006414881346013851
pearson: 0.11148784517396859
p-valu: 2.976685426132191e-255

AL interation 4684/4801.

mae: 0.02896335983229632
max_error: 0.17811773567551636
variance: 0.0006401352231349811
pearson: 0.11494613899746962
p-valu: 2.6559454565416025e-271

AL interation 4685/4801.

mae: 0.02904606863409986
max_error: 0.1922255811008311
variance: 0.0006481453086453145
pearson: 0.0735330649615309
p-valu: 8.429747537704324e-112

AL interation 4686/4801.

mae: 0.02910398565551502
max_error: 0.17792535001386778
variance: 0.0006499834963185358
pearson: 0.07734039114715108
p-valu: 1.6762616243278347e-123

AL interation 4687/4801.

mae: 0.029250964747276953
max_error: 0.17797512117282377
variance: 0.000662300924229992
pearson: 0.13123476975754658
p-valu: 0.0

AL interation 4688/4801.

mae: 0.029188175673139163
max_error: 0.18060121344420832
variance: 0.0006552433034780575
pearson: 0.07695586237814117
p-valu: 2.7282683806699057e-122

AL interation 4689/4801.

mae: 0.029194701771969422
max_error: 0.18300296037010622
variance: 0.0006569511488887519
pearson: 0.18054363537502277
p-valu: 0.0

AL interation 4690/4801.

mae: 0.029164477035257486
max_error: 0.1843823066341086
variance: 0.000655477913249041
pearson: 0.16167155965537042
p-valu: 0.0

AL interation 4691/4801.

mae: 0.02915223342634461
max_error: 0.18243421126350068
variance: 0.0006512872693235132
pearson: 0.07470275243772824
p-valu: 2.5183822336014827e-115

AL interation 4692/4801.

mae: 0.029162045814237984
max_error: 0.1824520486410277
variance: 0.0006518070137429726
pearson: 0.12049273762026327
p-valu: 4.5047882887927524e-298

AL interation 4693/4801.

mae: 0.02916488926832441
max_error: 0.1824451311807591
variance: 0.0006513554763576712
pearson: 0.0881353605561719
p-valu: 6.490561366763989e-160

AL interation 4694/4801.

mae: 0.029124266856538555
max_error: 0.181762424519877
variance: 0.0006523445239428981
pearson: 0.09338410918617823
p-valu: 2.32694860617767e-179

AL interation 4695/4801.

mae: 0.029124079907660246
max_error: 0.18185526562261867
variance: 0.0006524211767272195
pearson: 0.10146272749519798
p-valu: 1.5985442186354805e-211

AL interation 4696/4801.

mae: 0.02912055483114096
max_error: 0.181993568411019
variance: 0.0006520596970530403
pearson: 0.11130065093553188
p-valu: 2.3095675710670867e-254

AL interation 4697/4801.

mae: 0.029113136799802625
max_error: 0.18204538561654982
variance: 0.000652159565814668
pearson: 0.08760895071883947
p-valu: 5.0877421545105825e-158

AL interation 4698/4801.

mae: 0.029104555633838774
max_error: 0.1826205030159711
variance: 0.0006514688166523443
pearson: 0.0966434931632368
p-valu: 5.295907444971048e-192

AL interation 4699/4801.

mae: 0.029334006618540097
max_error: 0.18756236436489626
variance: 0.0006616062788220361
pearson: 0.10949521214278082
p-valu: 3.4437763405310463e-246

AL interation 4700/4801.

mae: 0.029328725042308393
max_error: 0.18796372973189346
variance: 0.0006619038935854831
pearson: 0.13112069100118953
p-valu: 0.0

AL interation 4701/4801.

mae: 0.02930503796683901
max_error: 0.1878021428423038
variance: 0.000662955594156163
pearson: 0.08778965226162541
p-valu: 1.1658265112583135e-158

AL interation 4702/4801.

mae: 0.02928826955794705
max_error: 0.18826354524968547
variance: 0.0006627243636745637
pearson: 0.0837948354237635
p-valu: 1.1168621986159222e-144

AL interation 4703/4801.

mae: 0.02928288222581307
max_error: 0.1883129409655906
variance: 0.0006627613613698863
pearson: 0.17008598587725776
p-valu: 0.0

AL interation 4704/4801.

mae: 0.02928108432509515
max_error: 0.18683175815782516
variance: 0.0006614430498792627
pearson: 0.14443245412202232
p-valu: 0.0

AL interation 4705/4801.

mae: 0.029267764014069855
max_error: 0.18616095530193189
variance: 0.0006643214100446491
pearson: 0.1472788391339747
p-valu: 0.0

AL interation 4706/4801.

mae: 0.029294124239755696
max_error: 0.18628654291784397
variance: 0.0006643731089737913
pearson: 0.07942947735986175
p-valu: 3.78051658116322e-130

AL interation 4707/4801.

mae: 0.029305576188074573
max_error: 0.18648985389187356
variance: 0.0006652100723509034
pearson: 0.06867757371139252
p-valu: 1.0243652332671449e-97

AL interation 4708/4801.

mae: 0.029301497867670216
max_error: 0.18666365482600877
variance: 0.0006651620020850979
pearson: 0.12892895388744266
p-valu: 0.0

AL interation 4709/4801.

mae: 0.029328754698794073
max_error: 0.18771803120795294
variance: 0.0006641607023300772
pearson: 0.08860978908601902
p-valu: 1.345058443793653e-161

AL interation 4710/4801.

mae: 0.0293296638947091
max_error: 0.18777992578212643
variance: 0.0006643950574308462
pearson: 0.06661451540381139
p-valu: 4.950551462261702e-92

AL interation 4711/4801.

mae: 0.029316750589540506
max_error: 0.18785206169956137
variance: 0.0006666590116646016
pearson: 0.08987306966935947
p-valu: 3.402599971182697e-166

AL interation 4712/4801.

mae: 0.029317252409171744
max_error: 0.18789655402030103
variance: 0.0006665761790166278
pearson: 0.18840297211945695
p-valu: 0.0

AL interation 4713/4801.

mae: 0.029179073647467236
max_error: 0.18673823598907102
variance: 0.0006557005239792564
pearson: 0.0992696654908813
p-valu: 1.7476162117760424e-202

AL interation 4714/4801.

mae: 0.02917551242125097
max_error: 0.18662097292723256
variance: 0.0006552649199748901
pearson: 0.10861292815554366
p-valu: 3.2833914676636187e-242

AL interation 4715/4801.

mae: 0.029164539270669494
max_error: 0.18652462160422356
variance: 0.0006548093893672871
pearson: 0.16370150808723624
p-valu: 0.0

AL interation 4716/4801.

mae: 0.02902742911706535
max_error: 0.18572272630295839
variance: 0.0006444295157895948
pearson: 0.17330563844999106
p-valu: 0.0

AL interation 4717/4801.

mae: 0.029036687939283785
max_error: 0.18523816822959116
variance: 0.0006414964356528447
pearson: 0.07557085225557574
p-valu: 5.9712419189833395e-118

AL interation 4718/4801.

mae: 0.029039848683729767
max_error: 0.1864088880177972
variance: 0.0006411752352417339
pearson: 0.08627745712730576
p-valu: 2.908433972214213e-153

AL interation 4719/4801.

mae: 0.029058130331874082
max_error: 0.1847425898016466
variance: 0.0006405753825011373
pearson: 0.10339744636067384
p-valu: 1.424532097939062e-219

AL interation 4720/4801.

mae: 0.029074209349387328
max_error: 0.18447271543151356
variance: 0.0006407761613673662
pearson: 0.09496061140600404
p-valu: 2.2593650175159157e-185

AL interation 4721/4801.

mae: 0.029061753118270486
max_error: 0.18550533076664788
variance: 0.0006409914920919743
pearson: 0.10420328289477845
p-valu: 5.456809922320284e-223

AL interation 4722/4801.

mae: 0.02904729849736925
max_error: 0.1850565997486795
variance: 0.0006404871129637172
pearson: 0.09850878363732878
p-valu: 2.1711795891259566e-199

AL interation 4723/4801.

mae: 0.02904434285484352
max_error: 0.18420015230400377
variance: 0.000639042797153702
pearson: 0.0777835050240077
p-valu: 7.455841360305624e-125

AL interation 4724/4801.

mae: 0.029031739591826474
max_error: 0.18418272589802864
variance: 0.0006384651822839563
pearson: 0.09901292479529143
p-valu: 2.0245846323055207e-201

AL interation 4725/4801.

mae: 0.02893765431920204
max_error: 0.18564065157294163
variance: 0.0006344672410945546
pearson: 0.1325295118095616
p-valu: 0.0

AL interation 4726/4801.

mae: 0.028948494060508072
max_error: 0.18550830445416278
variance: 0.0006342348495427711
pearson: 0.10331152997494289
p-valu: 3.4134353485193045e-219

AL interation 4727/4801.

mae: 0.028933599240065756
max_error: 0.18609205359858816
variance: 0.0006323918665256256
pearson: 0.13636550523946092
p-valu: 0.0

AL interation 4728/4801.

mae: 0.028960125971310632
max_error: 0.1832840585269535
variance: 0.0006306129807011091
pearson: 0.11243080377879969
p-valu: 1.866363448665523e-259

AL interation 4729/4801.

mae: 0.029115499403360747
max_error: 0.1821517983411125
variance: 0.0006430326060562374
pearson: 0.06654718463440464
p-valu: 7.861186061806228e-92

AL interation 4730/4801.

mae: 0.02907764923391837
max_error: 0.18154214392812928
variance: 0.0006355511701272557
pearson: 0.13720407005321092
p-valu: 0.0

AL interation 4731/4801.

mae: 0.029106791365700567
max_error: 0.1819955057984428
variance: 0.0006364923067400676
pearson: 0.14202412591450467
p-valu: 0.0

AL interation 4732/4801.

mae: 0.029059313081145028
max_error: 0.18645349902759545
variance: 0.0006369517942914016
pearson: 0.12099701667526944
p-valu: 1.912302942593362e-300

AL interation 4733/4801.

mae: 0.029105837621024328
max_error: 0.17944079214463482
variance: 0.0006373065614764521
pearson: 0.0762369781174934
p-valu: 5.454855656944736e-120

AL interation 4734/4801.

mae: 0.029136572482424072
max_error: 0.18602484580366063
variance: 0.0006398214500556032
pearson: 0.1048034526864085
p-valu: 1.5935047938288056e-225

AL interation 4735/4801.

mae: 0.02915266841970765
max_error: 0.18667936174130073
variance: 0.0006418530907349495
pearson: 0.12440705899552308
p-valu: 1.286539e-317

AL interation 4736/4801.

mae: 0.029145838337372647
max_error: 0.18639936756186426
variance: 0.0006415467498011712
pearson: 0.08305372007452884
p-valu: 4.171393343493748e-142

AL interation 4737/4801.

mae: 0.02923112594181992
max_error: 0.18630453471665742
variance: 0.0006467935210124265
pearson: 0.1074260659298297
p-valu: 6.653795584478407e-237

AL interation 4738/4801.

mae: 0.029211421915202464
max_error: 0.18634365104695672
variance: 0.000648846944430536
pearson: 0.11442543277427969
p-valu: 1.0664926691336894e-268

AL interation 4739/4801.

mae: 0.029183791974351024
max_error: 0.1872090914661042
variance: 0.00064834161156074
pearson: 0.16162258437277371
p-valu: 0.0

AL interation 4740/4801.

mae: 0.029193964271479723
max_error: 0.18761339451917802
variance: 0.0006488782344893039
pearson: 0.0996604730432388
p-valu: 5.1545223985951075e-204

AL interation 4741/4801.

mae: 0.029187664896380534
max_error: 0.1875879280308821
variance: 0.0006489051735229872
pearson: 0.07936436673927535
p-valu: 6.860230367778179e-130

AL interation 4742/4801.

mae: 0.029152709931679243
max_error: 0.1873423740547535
variance: 0.0006485924021797762
pearson: 0.08228540855365463
p-valu: 1.6516473853733639e-139

AL interation 4743/4801.

mae: 0.029136549381467744
max_error: 0.18714273268448078
variance: 0.0006473395208713972
pearson: 0.14081791166037044
p-valu: 0.0

AL interation 4744/4801.

mae: 0.02912122239892028
max_error: 0.18875789560512413
variance: 0.0006486070992957969
pearson: 0.1037161494511112
p-valu: 7.286324788277045e-221

AL interation 4745/4801.

mae: 0.029120938197682585
max_error: 0.18871856330985093
variance: 0.000648439961166248
pearson: 0.09902882735825554
p-valu: 1.936305873759943e-201

AL interation 4746/4801.

mae: 0.029135038280629827
max_error: 0.18904291752584168
variance: 0.000648614202550717
pearson: 0.14933933546975317
p-valu: 0.0

AL interation 4747/4801.

mae: 0.029135059020962202
max_error: 0.18892487511071732
variance: 0.0006487266778025329
pearson: 0.08835280067649083
p-valu: 1.3221706456258214e-160

AL interation 4748/4801.

mae: 0.02910609760921158
max_error: 0.18630551853526622
variance: 0.0006464985357884749
pearson: 0.0724781041702934
p-valu: 1.3659815487683645e-108

AL interation 4749/4801.

mae: 0.02909745100213659
max_error: 0.186521779695215
variance: 0.000646365595544439
pearson: 0.07746512914553616
p-valu: 8.19117762638547e-124

AL interation 4750/4801.

mae: 0.029100369704527295
max_error: 0.18616909322405473
variance: 0.0006466449404824195
pearson: 0.1112654786355992
p-valu: 4.6785587510224515e-254

AL interation 4751/4801.

mae: 0.029083091477089925
max_error: 0.18419795505575376
variance: 0.0006452620884309869
pearson: 0.11798716496126324
p-valu: 1.2515655284393135e-285

AL interation 4752/4801.

mae: 0.029083180791504633
max_error: 0.18419351655790006
variance: 0.000645263988310478
pearson: 0.12803176746038433
p-valu: 0.0

AL interation 4753/4801.

mae: 0.029079997999144718
max_error: 0.18370513808291644
variance: 0.0006451822632205046
pearson: 0.0789474521811126
p-valu: 1.574217183582876e-128

AL interation 4754/4801.

mae: 0.029079832834106065
max_error: 0.18360966418582603
variance: 0.0006450920164369865
pearson: 0.14364252223152066
p-valu: 0.0

AL interation 4755/4801.

mae: 0.02906989103597992
max_error: 0.18419630507229368
variance: 0.0006445545353559089
pearson: 0.10424710589002648
p-valu: 4.274173454370484e-223

AL interation 4756/4801.

mae: 0.029067861250489158
max_error: 0.18435607449679292
variance: 0.0006443130124711399
pearson: 0.12415185068889091
p-valu: 3.0423703e-316

AL interation 4757/4801.

mae: 0.029068679817420385
max_error: 0.18418729652363464
variance: 0.0006443944352810365
pearson: 0.10198616955667064
p-valu: 1.4685982469683971e-213

AL interation 4758/4801.

mae: 0.029120396931688955
max_error: 0.182556903961415
variance: 0.0006472134072358431
pearson: 0.1085514467913464
p-valu: 7.998667151327326e-242

AL interation 4759/4801.

mae: 0.02901715219559162
max_error: 0.18449848953638348
variance: 0.0006434929766312014
pearson: 0.11567960858016652
p-valu: 1.4951677560922502e-274

AL interation 4760/4801.

mae: 0.028979705295586234
max_error: 0.17773668040568946
variance: 0.000644496955497123
pearson: 0.17400154382142802
p-valu: 0.0

AL interation 4761/4801.

mae: 0.02894672575846562
max_error: 0.17641580470477702
variance: 0.0006415614875599486
pearson: 0.11395611819999102
p-valu: 1.9480999677500778e-266

AL interation 4762/4801.

mae: 0.028946326375383316
max_error: 0.17684417188899015
variance: 0.0006417296909382273
pearson: 0.12042239510882335
p-valu: 1.6741650130439456e-297

AL interation 4763/4801.

mae: 0.028946819728822567
max_error: 0.1768349074339879
variance: 0.0006417317516739208
pearson: 0.0885540491591003
p-valu: 2.6463589559131274e-161

AL interation 4764/4801.

mae: 0.028971023633873088
max_error: 0.1784612453851535
variance: 0.0006433017623681098
pearson: 0.08194977104408367
p-valu: 2.3624544606199534e-138

AL interation 4765/4801.

mae: 0.028973964455508476
max_error: 0.17833880774957134
variance: 0.0006425107577333703
pearson: 0.06516081625096071
p-valu: 4.4076761792970275e-88

AL interation 4766/4801.

mae: 0.02905034676467295
max_error: 0.17682712009660673
variance: 0.0006439871904982053
pearson: 0.0989234520612098
p-valu: 5.727763408699606e-201

AL interation 4767/4801.

mae: 0.029052988230726853
max_error: 0.17593362732110318
variance: 0.0006445856818551934
pearson: 0.11796878321111545
p-valu: 1.7183860264599312e-285

AL interation 4768/4801.

mae: 0.029052129891362213
max_error: 0.17603254387028056
variance: 0.0006444486295799631
pearson: 0.13885364039287956
p-valu: 0.0

AL interation 4769/4801.

mae: 0.029050906318738683
max_error: 0.17609645514709182
variance: 0.000644407831322719
pearson: 0.09264617572439471
p-valu: 2.0436135305460566e-176

AL interation 4770/4801.

mae: 0.02905085158661212
max_error: 0.17878694122588268
variance: 0.0006429476658895307
pearson: 0.08707044441401811
p-valu: 5.575883472955889e-156

AL interation 4771/4801.

mae: 0.02904351501055379
max_error: 0.17842560164386878
variance: 0.0006408427957212159
pearson: 0.09819913003886868
p-valu: 4.8349526010118775e-198

AL interation 4772/4801.

mae: 0.029027238141431867
max_error: 0.1786998511200748
variance: 0.0006411972721161322
pearson: 0.1114644055412279
p-valu: 6.647296300347369e-255

AL interation 4773/4801.

mae: 0.029031512574828153
max_error: 0.17851358171934617
variance: 0.0006408369753430648
pearson: 0.12030204197997435
p-valu: 7.128358472781448e-297

AL interation 4774/4801.

mae: 0.029030988389234107
max_error: 0.17848043321679352
variance: 0.0006408017348439689
pearson: 0.11817990523767723
p-valu: 1.715278999137085e-286

AL interation 4775/4801.

mae: 0.0290421006647288
max_error: 0.1772912884483615
variance: 0.0006407485813495963
pearson: 0.07689186000396629
p-valu: 5.60719621649993e-122

AL interation 4776/4801.

mae: 0.029038414450826736
max_error: 0.1780385459390912
variance: 0.0006411343233958528
pearson: 0.08447948073642243
p-valu: 6.51836261515426e-147

AL interation 4777/4801.

mae: 0.02904138292002313
max_error: 0.17774652220792841
variance: 0.0006415713491903051
pearson: 0.08721790440270202
p-valu: 1.7141949783045558e-156

AL interation 4778/4801.

mae: 0.02903414040549765
max_error: 0.17798394346060586
variance: 0.0006412939424339816
pearson: 0.0791066954053946
p-valu: 5.2312598706753504e-129

AL interation 4779/4801.

mae: 0.029034681208013672
max_error: 0.1780357657956868
variance: 0.0006413939824737483
pearson: 0.13536373249581782
p-valu: 0.0

AL interation 4780/4801.

mae: 0.02899695755399192
max_error: 0.17558580440924043
variance: 0.0006385392908530002
pearson: 0.10547094269510901
p-valu: 2.7755279664656814e-228

AL interation 4781/4801.

mae: 0.028998998198297328
max_error: 0.1758761225940928
variance: 0.0006382409415073341
pearson: 0.08965730617377046
p-valu: 2.7864501928048814e-165

AL interation 4782/4801.

mae: 0.029001329358857075
max_error: 0.17554686305116984
variance: 0.0006371728845260295
pearson: 0.08043360780958718
p-valu: 2.591862199391819e-133

AL interation 4783/4801.

mae: 0.029011008244329624
max_error: 0.17548481097313307
variance: 0.0006371046847115477
pearson: 0.10110839108185285
p-valu: 7.378841297868988e-210

AL interation 4784/4801.

mae: 0.02904415946289975
max_error: 0.1749409579706782
variance: 0.0006366823651085346
pearson: 0.1542653509435289
p-valu: 0.0

AL interation 4785/4801.

mae: 0.028986862892954268
max_error: 0.18227184567546129
variance: 0.0006373228513643134
pearson: 0.07234884335597
p-valu: 3.620090699006885e-108

AL interation 4786/4801.

mae: 0.02899526188027537
max_error: 0.18207983034550335
variance: 0.000637037996265975
pearson: 0.0952839851167926
p-valu: 1.692795503876509e-186

AL interation 4787/4801.

mae: 0.028983508375585977
max_error: 0.18176840173360898
variance: 0.000636708714260493
pearson: 0.17301489786677296
p-valu: 0.0

AL interation 4788/4801.

mae: 0.02898345537279271
max_error: 0.18172560113122227
variance: 0.0006366771413391088
pearson: 0.08177172994387912
p-valu: 1.0050129395372803e-137

AL interation 4789/4801.

mae: 0.02898217529574037
max_error: 0.18191155038981588
variance: 0.0006365574365451009
pearson: 0.07861895355315893
p-valu: 1.9940817534535634e-127

AL interation 4790/4801.

mae: 0.02897231787098814
max_error: 0.17896875990151084
variance: 0.0006359147792251309
pearson: 0.08275314786625267
p-valu: 5.2075731690076005e-141

AL interation 4791/4801.

mae: 0.02895980667912265
max_error: 0.17934132490732946
variance: 0.0006360493111977585
pearson: 0.059180990347225966
p-valu: 6.095527229968741e-73

AL interation 4792/4801.

mae: 0.028967886484888312
max_error: 0.17930393384482368
variance: 0.0006362161322265228
pearson: 0.07802718510577349
p-valu: 1.5514861123607722e-125

AL interation 4793/4801.

mae: 0.02872666710498909
max_error: 0.18434600464300566
variance: 0.0006281614468469038
pearson: 0.08238951608588083
p-valu: 8.792860025749197e-140

AL interation 4794/4801.

mae: 0.02875354776151864
max_error: 0.1863569416118782
variance: 0.0006283418619696683
pearson: 0.07051408016949977
p-valu: 7.959999805104845e-103

AL interation 4795/4801.

mae: 0.028764084458613184
max_error: 0.18635468104824504
variance: 0.0006283296031322236
pearson: 0.12434659790505703
p-valu: 4.1831965e-317

AL interation 4796/4801.

mae: 0.028762117822017
max_error: 0.18577362496492533
variance: 0.0006280776748462658
pearson: 0.10692184055417284
p-valu: 1.5205555792464994e-234

AL interation 4797/4801.

mae: 0.028789021065213284
max_error: 0.18626558705276075
variance: 0.0006278948622338115
pearson: 0.0953440762712411
p-valu: 1.0391723304951134e-186

AL interation 4798/4801.

mae: 0.028792624396794735
max_error: 0.18599587771226034
variance: 0.0006294847771724043
pearson: 0.058591105628923494
p-valu: 1.5941582012241026e-71

AL interation 4799/4801.

mae: 0.028789678314824572
max_error: 0.18597104929634334
variance: 0.0006293403809788722
pearson: 0.12163081646714037
p-valu: 2.1987686854997966e-303

AL interation 4800/4801.

mae: 0.028784841745701444
max_error: 0.18597281315581604
variance: 0.0006294610783363373
pearson: 0.11913515974217675
p-valu: 4.644848898215742e-291
[2024-09-05 02:23:09,827][__main__][INFO] - Experiment run time: 13208.85951256752
submitit INFO (2024-09-05 02:23:09,832) - Job completed successfully
[2024-09-05 02:23:09,832][submitit][INFO] - Job completed successfully
submitit INFO (2024-09-05 02:23:09,841) - Exiting after successful completion
[2024-09-05 02:23:09,841][submitit][INFO] - Exiting after successful completion
