submitit INFO (2024-09-04 21:51:17,455) - Starting with JobEnvironment(job_id=1657026_1, hostname=gpu21002.pleiades.uni-wuppertal.de, local_rank=0(1), node=0(1), global_rank=0(1))
submitit INFO (2024-09-04 21:51:17,455) - Loading pickle: /beegfs/holzenkamp/dev/active_learning/active/../../experiments/aspirin/candidate_based_al/rmd17_full_rmd17_energy/GPR_coulomb_rbf/combinations3_1000-likelihood-no_fast_pred/.submitit/1657026_1/1657026_1_submitted.pkl
[2024-09-04 21:51:20,999][__main__][INFO] - Running on host: gpu21002.pleiades.uni-wuppertal.de
[2024-09-04 21:51:20,999][__main__][INFO] - Init trajectory.
[2024-09-04 21:51:24,362][__main__][INFO] - Run experiment
contexts:  [<torch.autograd.grad_mode.no_grad object at 0x14a533843a50>, <linear_operator.settings.max_cholesky_size object at 0x14a533264150>, <gpytorch.settings.debug object at 0x14a532d32890>]

AL interation 0/4801.

mae: 0.196778066223459
max_error: 0.9351684952694544
variance: 0.02507561318879109
pearson: -0.008110348893280942
p-valu: 0.011201215468707785

AL interation 1/4801.

mae: 0.19672533338180323
max_error: 0.9348966553525742
variance: 0.02506871541709417
pearson: -0.010658557316534412
p-valu: 0.0008582705177778004

AL interation 2/4801.

mae: 0.19639417636441003
max_error: 0.93736998565889
variance: 0.024950729819125127
pearson: -0.007608145797984426
p-valu: 0.017346753667377802

AL interation 3/4801.

mae: 0.19631535033412215
max_error: 0.9373688045394439
variance: 0.024934927945707546
pearson: -0.00016570826182561033
p-valu: 0.9586717416702829

AL interation 4/4801.

mae: 0.1963333873372696
max_error: 0.9374466550159031
variance: 0.024956142587895414
pearson: 0.002177780568570235
p-valu: 0.4958491494647998

AL interation 5/4801.

mae: 0.1962647125307111
max_error: 0.9370287542543501
variance: 0.024888339867320596
pearson: -0.020984014914334125
p-valu: 5.280661157993698e-11

AL interation 6/4801.

mae: 0.196284278417561
max_error: 0.9371490948068502
variance: 0.024891357287618796
pearson: 0.011540824121114264
p-valu: 0.00030723239350842333

AL interation 7/4801.

mae: 0.19612520378297035
max_error: 0.9263311263403579
variance: 0.024950213031420053
pearson: 0.006054705523033268
p-valu: 0.058302976845719175

AL interation 8/4801.

mae: 0.196185478261399
max_error: 0.9275194114098572
variance: 0.0250159958981886
pearson: 0.0007608264663240463
p-valu: 0.8119427878187585

AL interation 9/4801.

mae: 0.19593232678356856
max_error: 0.9261088185105938
variance: 0.025034821318357364
pearson: -0.0018274971021756822
p-valu: 0.5676743889070238

AL interation 10/4801.

mae: 0.19585156064133646
max_error: 0.9258901995005689
variance: 0.025042651272047543
pearson: -0.006342186412847318
p-valu: 0.047335647508092805

AL interation 11/4801.

mae: 0.19590650571155482
max_error: 0.9264603460227567
variance: 0.02507971610357209
pearson: -0.015351492402910501
p-valu: 1.580153358254226e-06

AL interation 12/4801.

mae: 0.1958526094769269
max_error: 0.9259911582289906
variance: 0.025019986078232564
pearson: 0.0002648446647735209
p-valu: 0.9339956910422055

AL interation 13/4801.

mae: 0.19587054771901313
max_error: 0.9257974429789304
variance: 0.02501307688968268
pearson: -0.026091725398219207
p-valu: 3.339014747180722e-16

AL interation 14/4801.

mae: 0.19587150915952528
max_error: 0.9256731159822629
variance: 0.025017864179891842
pearson: -0.01448905474606454
p-valu: 5.870057081837701e-06

AL interation 15/4801.

mae: 0.1957602663185977
max_error: 0.9262807652584848
variance: 0.02498162904800594
pearson: -0.03444313539605896
p-valu: 4.585503379278137e-27

AL interation 16/4801.

mae: 0.19638307948507647
max_error: 0.9263437374032018
variance: 0.02511746651985166
pearson: -0.012499505990078428
p-valu: 9.27739869193315e-05

AL interation 17/4801.

mae: 0.1967453292990714
max_error: 0.9248851309308168
variance: 0.025204408797191512
pearson: -0.0011526534073594366
p-valu: 0.7185230649747121

AL interation 18/4801.

mae: 0.1967245919474287
max_error: 0.9273838300675585
variance: 0.025066671095013156
pearson: 0.01429901920322538
p-valu: 7.767614585687038e-06

AL interation 19/4801.

mae: 0.1968252553923415
max_error: 0.9000098875456128
variance: 0.02497078425169289
pearson: -0.012123697837645959
p-valu: 0.00014994196645522366

AL interation 20/4801.

mae: 0.19694709793554666
max_error: 0.9006174395625104
variance: 0.024981128510838658
pearson: -0.007883090891949463
p-valu: 0.013700061568719847

AL interation 21/4801.

mae: 0.1968414538456138
max_error: 0.9006473954693748
variance: 0.025019831828030803
pearson: -0.02097568113910973
p-valu: 5.393188160346999e-11

AL interation 22/4801.

mae: 0.19672368480989286
max_error: 0.9046842272317406
variance: 0.024982558598268024
pearson: -0.001742252496815659
p-valu: 0.5859002689667595

AL interation 23/4801.

mae: 0.1966638032682618
max_error: 0.9047999807551763
variance: 0.02489468223855368
pearson: -0.00848868357701643
p-valu: 0.007945735366643232

AL interation 24/4801.

mae: 0.19664530448451426
max_error: 0.9044762256446699
variance: 0.02487910537803813
pearson: -0.003796225554360429
p-valu: 0.23521313651580134

AL interation 25/4801.

mae: 0.1963242475404789
max_error: 0.9183876303567606
variance: 0.024918423819162983
pearson: -0.01777861077312128
p-valu: 2.7045396592254816e-08

AL interation 26/4801.

mae: 0.19644951886934348
max_error: 0.9165633393946653
variance: 0.024896896964867358
pearson: -0.003816837405631924
p-valu: 0.23268549023745755

AL interation 27/4801.

mae: 0.1964133497211218
max_error: 0.9064787882593537
variance: 0.024822331100685477
pearson: -0.018711095566736852
p-valu: 4.881888177746146e-09

AL interation 28/4801.

mae: 0.19638392360886525
max_error: 0.9050224319358859
variance: 0.024812914887608593
pearson: -0.020818889946508237
p-valu: 7.496096620744619e-11

AL interation 29/4801.

mae: 0.19634644075677585
max_error: 0.9050355304072086
variance: 0.02479616243371471
pearson: -0.008897064538870904
p-valu: 0.005402750757364834

AL interation 30/4801.

mae: 0.19648885925155435
max_error: 0.9053162362641887
variance: 0.024810733766797124
pearson: -0.013202937544434749
p-valu: 3.652210242075202e-05

AL interation 31/4801.

mae: 0.1965522879361856
max_error: 0.9051000086024743
variance: 0.024831701391273733
pearson: -0.006918863099660654
p-valu: 0.030511138196544246

AL interation 32/4801.

mae: 0.1965269891030493
max_error: 0.9051857450085397
variance: 0.024821499378897688
pearson: -0.002418515645493364
p-valu: 0.4495233680145931

AL interation 33/4801.

mae: 0.1966986367860884
max_error: 0.906550224688865
variance: 0.024852508156805644
pearson: 0.000666153047624406
p-valu: 0.8350039475732102

AL interation 34/4801.

mae: 0.19661828794160915
max_error: 0.9066517875589835
variance: 0.024778105798245065
pearson: -0.014606840080891671
p-valu: 4.938417204700551e-06

AL interation 35/4801.

mae: 0.19662863676771652
max_error: 0.906605673082014
variance: 0.024775308776258304
pearson: -0.020861491834038483
p-valu: 6.869845479103454e-11

AL interation 36/4801.

mae: 0.19598740547728366
max_error: 0.8984347206843726
variance: 0.02457234550200806
pearson: 0.003593066034630754
p-valu: 0.26124996015075136

AL interation 37/4801.

mae: 0.19599662248488744
max_error: 0.8964342571142376
variance: 0.024574326615901573
pearson: -0.010257238420772172
p-valu: 0.0013404224903557477

AL interation 38/4801.

mae: 0.1962673616271174
max_error: 0.8962669563292689
variance: 0.024622458028729435
pearson: -0.015909889358449954
p-valu: 6.532081272581822e-07

AL interation 39/4801.

mae: 0.19627598091360648
max_error: 0.8986366982075635
variance: 0.02459028160505126
pearson: -0.010838418440412199
p-valu: 0.0007017922916636219

AL interation 40/4801.

mae: 0.19655918443293086
max_error: 0.8919613026037325
variance: 0.0246100681390544
pearson: -0.010734574357172708
p-valu: 0.0007896720381553399

AL interation 41/4801.

mae: 0.19677046889501
max_error: 0.892884297101169
variance: 0.024622848192061085
pearson: -0.0018661294535426334
p-valu: 0.5595801687981005

AL interation 42/4801.

mae: 0.19660854535598551
max_error: 0.9040350455594721
variance: 0.024635054975441228
pearson: -0.015752509732495548
p-valu: 8.415966018435534e-07

AL interation 43/4801.

mae: 0.19649015950625345
max_error: 0.9032489834938557
variance: 0.024645843305696427
pearson: -0.010567138121941372
p-valu: 0.0009532139568098639

AL interation 44/4801.

mae: 0.19667547774496105
max_error: 0.9009908470055681
variance: 0.024619391997013296
pearson: -0.014648969968670714
p-valu: 4.642480121042781e-06

AL interation 45/4801.

mae: 0.19671244891139814
max_error: 0.9009423973571531
variance: 0.024606018836676985
pearson: -0.025212586774027476
p-valu: 3.1689091509251688e-15

AL interation 46/4801.

mae: 0.1968313593018103
max_error: 0.9016751627451205
variance: 0.024605232094375585
pearson: -0.004255691544277294
p-valu: 0.18333447637525976

AL interation 47/4801.

mae: 0.1968036686921539
max_error: 0.8985625000022619
variance: 0.0245868320001792
pearson: -0.015031510800400737
p-valu: 2.603159034764555e-06

AL interation 48/4801.

mae: 0.19680186306380595
max_error: 0.8986175426543159
variance: 0.02458846523561673
pearson: -0.008672626763536752
p-valu: 0.00669713594197529

AL interation 49/4801.

mae: 0.19673765419244102
max_error: 0.8983928505442638
variance: 0.02456494833126468
pearson: -0.022110225157531752
p-valu: 4.726625498721736e-12

AL interation 50/4801.

mae: 0.19675659106081625
max_error: 0.8976911326575312
variance: 0.024495315078107517
pearson: -0.020882989085115766
p-valu: 6.590407262163765e-11

AL interation 51/4801.

mae: 0.19683094025936926
max_error: 0.9025495144071662
variance: 0.024548021881195217
pearson: -0.010419716912802739
p-valu: 0.0011229762150473754

AL interation 52/4801.

mae: 0.19683074363240366
max_error: 0.9025653455171696
variance: 0.024548168764082143
pearson: -0.020725644637315577
p-valu: 9.146830764978653e-11

AL interation 53/4801.

mae: 0.1967489725588053
max_error: 0.902581872869515
variance: 0.02451148625149194
pearson: -0.016270727203262097
p-valu: 3.633198459566397e-07

AL interation 54/4801.

mae: 0.19659748194605983
max_error: 0.9035007023725452
variance: 0.024476313023405548
pearson: -0.02125254743588902
p-valu: 3.029336884190379e-11

AL interation 55/4801.

mae: 0.19709885997787205
max_error: 0.9176805080145485
variance: 0.024622610009841783
pearson: -0.0028904734447237736
p-valu: 0.3661684825381285

AL interation 56/4801.

mae: 0.19723334576153997
max_error: 0.9184909587736669
variance: 0.024636398571502845
pearson: -0.012088488381503105
p-valu: 0.000157181960732105

AL interation 57/4801.

mae: 0.19742883191883118
max_error: 0.9185677706022979
variance: 0.0246730794654621
pearson: -0.019101148834803638
p-valu: 2.34034999001329e-09

AL interation 58/4801.

mae: 0.19737327834211552
max_error: 0.9186015755755204
variance: 0.02461956467742654
pearson: 0.007317965924592891
p-valu: 0.022145120347284535

AL interation 59/4801.

mae: 0.1976570554802657
max_error: 0.9180282963840458
variance: 0.024687200949530332
pearson: -0.002437877712001898
p-valu: 0.44596530720465344

AL interation 60/4801.

mae: 0.1977470520836634
max_error: 0.9242095870529603
variance: 0.024727634118460847
pearson: -0.011196286547892413
p-valu: 0.00046455271852901083

AL interation 61/4801.

mae: 0.19763993165652766
max_error: 0.922973186072295
variance: 0.02444583222276072
pearson: -0.00958329935313893
p-valu: 0.002734746033542991

AL interation 62/4801.

mae: 0.19764093216765752
max_error: 0.9228934691771029
variance: 0.024445421635925987
pearson: -0.019324514254435297
p-valu: 1.5228655140057309e-09

AL interation 63/4801.

mae: 0.19782539642428676
max_error: 0.9236407118907568
variance: 0.024502238658225057
pearson: -1.5045155044056467e-05
p-valu: 0.9962471684110735

AL interation 64/4801.

mae: 0.19751514263416686
max_error: 0.9201835900053446
variance: 0.02453420441492345
pearson: -0.006979029935720684
p-valu: 0.02912164891692581

AL interation 65/4801.

mae: 0.19752540319312345
max_error: 0.9191877965362534
variance: 0.024545838123919445
pearson: -0.005864532149125304
p-valu: 0.06674349488477818

AL interation 66/4801.

mae: 0.19745098064283323
max_error: 0.9186233064637146
variance: 0.024528542892093753
pearson: -0.02010547217298961
p-valu: 3.2571720540057767e-10

AL interation 67/4801.

mae: 0.1973002033470703
max_error: 0.9177747481287373
variance: 0.02430054596189146
pearson: -0.002255833983016368
p-valu: 0.480675228951251

AL interation 68/4801.

mae: 0.19724486324076293
max_error: 0.9160766325565675
variance: 0.024193458451875198
pearson: -0.013805946804761564
p-valu: 1.5875123933400302e-05

AL interation 69/4801.

mae: 0.19743947655961297
max_error: 0.9185666328097293
variance: 0.024248880383269972
pearson: -0.012657641385424813
p-valu: 7.585425908351064e-05

AL interation 70/4801.

mae: 0.19751815030477904
max_error: 0.9206524126547437
variance: 0.024154534341347705
pearson: -0.007433226842752846
p-valu: 0.02013821477699045

AL interation 71/4801.

mae: 0.19739836195999375
max_error: 0.9189573190577276
variance: 0.024140908221791404
pearson: -0.0019772032799634347
p-valu: 0.536510195625488

AL interation 72/4801.

mae: 0.1975053923056663
max_error: 0.9183688360902647
variance: 0.024167580931455365
pearson: -0.0009461415019144021
p-valu: 0.7674026041198345

AL interation 73/4801.

mae: 0.19744340740438668
max_error: 0.9211165029199968
variance: 0.02418110183843404
pearson: -0.020605703192383328
p-valu: 1.1774161307320408e-10

AL interation 74/4801.

mae: 0.19679439823105221
max_error: 0.9203945775479117
variance: 0.024112092883928887
pearson: -0.008902630360675743
p-valu: 0.005384471552367845

AL interation 75/4801.

mae: 0.19684314443023287
max_error: 0.9415031146414234
variance: 0.024174253955333333
pearson: 0.0015828494587822187
p-valu: 0.6207352900783885

AL interation 76/4801.

mae: 0.19676256089615166
max_error: 0.9355405214616521
variance: 0.024147376908156933
pearson: -0.02846903339839486
p-valu: 5.517216056629871e-19

AL interation 77/4801.

mae: 0.1968823134559632
max_error: 0.9351766207489858
variance: 0.024139532809058898
pearson: -0.005618617273469336
p-valu: 0.07901855302092078

AL interation 78/4801.

mae: 0.19693205131068356
max_error: 0.9350425700020395
variance: 0.024152418362053982
pearson: -0.023335529727743592
p-valu: 2.9709352266385143e-13

AL interation 79/4801.

mae: 0.19688703053813078
max_error: 0.9345366464017486
variance: 0.02414904172477949
pearson: -0.005445846482799236
p-valu: 0.08868378809261984

AL interation 80/4801.

mae: 0.1967884325252581
max_error: 0.9352945231601497
variance: 0.024088315056224774
pearson: -0.0094306386825991
p-valu: 0.0031977065328423157

AL interation 81/4801.

mae: 0.19678981747638397
max_error: 0.9330286312376632
variance: 0.024061180490132613
pearson: -0.014442199292031447
p-valu: 6.3372143552520615e-06

AL interation 82/4801.

mae: 0.1967906505970512
max_error: 0.9320539102428596
variance: 0.024012085877837
pearson: 0.0020987253240642638
p-valu: 0.5117911076166484

AL interation 83/4801.

mae: 0.19682478631542527
max_error: 0.9324857176460473
variance: 0.02405740541098909
pearson: -0.013581286806809846
p-valu: 2.1799612151611677e-05

AL interation 84/4801.

mae: 0.19682669985742457
max_error: 0.93255523386894
variance: 0.024062315566101836
pearson: -0.02545398999205518
p-valu: 1.7485313666241924e-15

AL interation 85/4801.

mae: 0.19655740258822346
max_error: 0.9313988364210637
variance: 0.02400557773467927
pearson: -0.015057981620494543
p-valu: 2.5109183386506456e-06

AL interation 86/4801.

mae: 0.19653284065584906
max_error: 0.9313832279711054
variance: 0.023999273781232438
pearson: -0.012391535613892519
p-valu: 0.00010723988395644512

AL interation 87/4801.

mae: 0.1965339783694585
max_error: 0.9315120970067712
variance: 0.02402286758594325
pearson: -0.009774493765759333
p-valu: 0.002247226252512697

AL interation 88/4801.

mae: 0.19625600945415034
max_error: 0.9329003137486467
variance: 0.024045621548068115
pearson: -0.036440611453397324
p-valu: 4.4497242128077284e-30

AL interation 89/4801.

mae: 0.1960317284068169
max_error: 0.9343873356238119
variance: 0.02404388099980395
pearson: -0.010481300205259704
p-valu: 0.0010514980668670667

AL interation 90/4801.

mae: 0.19594461138812905
max_error: 0.9377552670372342
variance: 0.02392140036731188
pearson: -0.006053119572404284
p-valu: 0.058475861435211086

AL interation 91/4801.

mae: 0.19604606446235792
max_error: 0.9390345012655881
variance: 0.023945598358454636
pearson: -0.0034631235811793874
p-valu: 0.27902696731490645

AL interation 92/4801.

mae: 0.1960584203233565
max_error: 0.9388697096021357
variance: 0.023940773700008862
pearson: -0.018239767654433886
p-valu: 1.1852189515885795e-08

AL interation 93/4801.

mae: 0.19601709085054714
max_error: 0.9402906107340563
variance: 0.02391483995097181
pearson: -0.005769503506888594
p-valu: 0.07132067758104935

AL interation 94/4801.

mae: 0.19596643402463212
max_error: 0.9414992406536626
variance: 0.023905951456150334
pearson: -0.011077879877030855
p-valu: 0.0005346231671376844

AL interation 95/4801.

mae: 0.19570836894473637
max_error: 0.9408627144698185
variance: 0.023843360195321895
pearson: -0.01327032563710718
p-valu: 3.351855343331494e-05

AL interation 96/4801.

mae: 0.1957666198558242
max_error: 0.942966164702189
variance: 0.023874667066676
pearson: -0.009176745122665576
p-valu: 0.004124785299346337

AL interation 97/4801.

mae: 0.19605187462754342
max_error: 0.9421648917714527
variance: 0.023868451850170763
pearson: -0.0126977786184675
p-valu: 7.214014814522348e-05

AL interation 98/4801.

mae: 0.19605223417805287
max_error: 0.942161669921135
variance: 0.023868226210121777
pearson: -0.0063384187417451655
p-valu: 0.04756724330227777

AL interation 99/4801.

mae: 0.19533419620869205
max_error: 0.9426878981505382
variance: 0.023858745729006557
pearson: -0.005231402544185483
p-valu: 0.10201172031026924

AL interation 100/4801.

mae: 0.19535658061096972
max_error: 0.9431055145567093
variance: 0.02386681142063991
pearson: -0.011011557364753751
p-valu: 0.0005775525661192772

AL interation 101/4801.

mae: 0.19498215206321198
max_error: 0.9459862398480086
variance: 0.023864340918867816
pearson: -0.011230045673016421
p-valu: 0.00044773087965258355

AL interation 102/4801.

mae: 0.19506056051554913
max_error: 0.9503526439216294
variance: 0.02390142436273569
pearson: -0.009829626348097876
p-valu: 0.002123096179107857

AL interation 103/4801.

mae: 0.1951007303107729
max_error: 0.9518159596288043
variance: 0.023907833301746576
pearson: -0.012464601497216307
p-valu: 9.7753207924113e-05

AL interation 104/4801.

mae: 0.1950589531071803
max_error: 0.9516496148097886
variance: 0.023869149901070835
pearson: -0.01456179736575788
p-valu: 5.322157021694409e-06

AL interation 105/4801.

mae: 0.19523663920295742
max_error: 0.9491281761173039
variance: 0.023909693080096443
pearson: -0.0118263486420332
p-valu: 0.00021855002964534843

AL interation 106/4801.

mae: 0.1950576952235818
max_error: 0.9480774722478806
variance: 0.023850445875626642
pearson: 0.002120333050730871
p-valu: 0.5075070801963296

AL interation 107/4801.

mae: 0.19497487301631328
max_error: 0.9478261020135588
variance: 0.023826305205995563
pearson: -0.0070917268858279
p-valu: 0.026651729308482905

AL interation 108/4801.

mae: 0.19487328873376367
max_error: 0.9500079509855173
variance: 0.02382614631462417
pearson: -0.023680465291883654
p-valu: 1.3370156589129003e-13

AL interation 109/4801.

mae: 0.19491658219115152
max_error: 0.9497203136582542
variance: 0.02381800869831463
pearson: -0.019536430990089046
p-valu: 1.016959581643818e-09

AL interation 110/4801.

mae: 0.19492961932602856
max_error: 0.9499454481100358
variance: 0.023751408775916943
pearson: -0.015741765238288748
p-valu: 8.637038464068589e-07

AL interation 111/4801.

mae: 0.19482220144049917
max_error: 0.9523611470642095
variance: 0.023828313343356215
pearson: -0.021083700678374808
p-valu: 4.386156110436381e-11

AL interation 112/4801.

mae: 0.19481988320236887
max_error: 0.9523190435374858
variance: 0.02382866704154358
pearson: -0.02518039620547489
p-valu: 3.5097458575741642e-15

AL interation 113/4801.

mae: 0.19482397910204668
max_error: 0.9526354953678648
variance: 0.023818804996748884
pearson: -0.012141889197356467
p-valu: 0.00014762618476961284

AL interation 114/4801.

mae: 0.19449009189503152
max_error: 0.9542849400133449
variance: 0.023799760593716926
pearson: 0.0036503955653211834
p-valu: 0.2539067278757929

AL interation 115/4801.

mae: 0.1946996948426132
max_error: 0.9544628565476181
variance: 0.023748353074682007
pearson: -0.007406486261611563
p-valu: 0.020620061022708847

AL interation 116/4801.

mae: 0.1948230645529153
max_error: 0.9526970436722451
variance: 0.023756614146489222
pearson: -0.03716745761104743
p-valu: 3.248152930282049e-31

AL interation 117/4801.

mae: 0.19468188120351954
max_error: 0.9495230132817412
variance: 0.023702528376855388
pearson: -0.00915306185527592
p-valu: 0.004226443618778017

AL interation 118/4801.

mae: 0.19476738017773415
max_error: 0.9500202701196443
variance: 0.023751782144233645
pearson: -0.030258158119992086
p-valu: 3.110045231869938e-21

AL interation 119/4801.

mae: 0.19476714356620087
max_error: 0.9500198241770832
variance: 0.023751743793900677
pearson: -0.019442939811771937
p-valu: 1.223104592938724e-09

AL interation 120/4801.

mae: 0.19439566040366066
max_error: 0.9454624152278654
variance: 0.023670230933995753
pearson: -0.00650406185173329
p-valu: 0.04207657876434453

AL interation 121/4801.

mae: 0.1941465093794283
max_error: 0.943050356894517
variance: 0.02371558818506099
pearson: -0.008968706335030014
p-valu: 0.005061904720658453

AL interation 122/4801.

mae: 0.1941722698585551
max_error: 0.9413259687181252
variance: 0.023770198203616394
pearson: -0.033148263448372114
p-valu: 3.6646550844552273e-25

AL interation 123/4801.

mae: 0.1942444419396274
max_error: 0.9406665644082324
variance: 0.023765939667283364
pearson: -0.010339082854073277
p-valu: 0.0012320626646399658

AL interation 124/4801.

mae: 0.19414863980523706
max_error: 0.940502187586894
variance: 0.023768757269645353
pearson: -0.016732789539869907
p-valu: 1.6967090910389142e-07

AL interation 125/4801.

mae: 0.19404446716120893
max_error: 0.9378666812951906
variance: 0.023759672653456576
pearson: -0.01568389246075304
p-valu: 9.490176646476601e-07

AL interation 126/4801.

mae: 0.19333607771794067
max_error: 0.9340975361017527
variance: 0.02367386117259556
pearson: -0.01694079212973037
p-valu: 1.191527365628105e-07

AL interation 127/4801.

mae: 0.1933496383725537
max_error: 0.9340804488153154
variance: 0.023676243008580088
pearson: -0.015436225036666095
p-valu: 1.4038332078726642e-06

AL interation 128/4801.

mae: 0.19331600762643866
max_error: 0.9326046326900155
variance: 0.02367750585101603
pearson: -0.019617122800222674
p-valu: 8.71328003272467e-10

AL interation 129/4801.

mae: 0.19333881360830965
max_error: 0.9324212171714734
variance: 0.02368455427739009
pearson: -0.0025318785931231157
p-valu: 0.4287905630093333

AL interation 130/4801.

mae: 0.1932518487521274
max_error: 0.9303234620271965
variance: 0.023633168874639364
pearson: -0.011305206935941461
p-valu: 0.00041057176841355206

AL interation 131/4801.

mae: 0.19330746633045276
max_error: 0.9280212789826194
variance: 0.023641759443332917
pearson: -0.014807268544233514
p-valu: 3.6962786429426845e-06

AL interation 132/4801.

mae: 0.19346752610513956
max_error: 0.9278611538146038
variance: 0.023670595373122084
pearson: 0.009870117479875555
p-valu: 0.002038035234562583

AL interation 133/4801.

mae: 0.193322362125429
max_error: 0.9317531486598938
variance: 0.02363010639114361
pearson: -0.0049869543826983
p-valu: 0.11911506149026434

AL interation 134/4801.

mae: 0.19335317813111685
max_error: 0.931130385711235
variance: 0.023680696532316674
pearson: -0.014359258047821935
p-valu: 7.200768584391321e-06

AL interation 135/4801.

mae: 0.19338871889867887
max_error: 0.9319478080105839
variance: 0.023688591800500057
pearson: 0.008205152825683177
p-valu: 0.010340336765256726

AL interation 136/4801.

mae: 0.19330426908531853
max_error: 0.9321706426885754
variance: 0.023665070287589778
pearson: -0.022659420334395122
p-valu: 1.4191603669327583e-12

AL interation 137/4801.

mae: 0.19327825694694042
max_error: 0.9199787273511504
variance: 0.02362599829036741
pearson: -0.015704577649645685
p-valu: 9.196767384235429e-07

AL interation 138/4801.

mae: 0.19343480699927346
max_error: 0.9198334788381288
variance: 0.023597607607598218
pearson: -0.012259160071378204
p-valu: 0.0001275222709843147

AL interation 139/4801.

mae: 0.19346441193945976
max_error: 0.9193883181555975
variance: 0.023626902751301304
pearson: -0.0062690388780544766
p-valu: 0.050099148782077926

AL interation 140/4801.

mae: 0.19347453785206115
max_error: 0.9177759566074215
variance: 0.02361235329995835
pearson: -0.014892668956541988
p-valu: 3.251669509496432e-06

AL interation 141/4801.

mae: 0.19376196854190203
max_error: 0.9178206016151265
variance: 0.023676819880147436
pearson: -0.012082925340452787
p-valu: 0.00015933065245384291

AL interation 142/4801.

mae: 0.1936768695753652
max_error: 0.9167913536037418
variance: 0.02365748069113402
pearson: -0.022803716549239086
p-valu: 1.0253485799524328e-12

AL interation 143/4801.

mae: 0.19372720076938327
max_error: 0.9175758141332153
variance: 0.023666295096231065
pearson: -0.0034675284675218772
p-valu: 0.27854387899637895

AL interation 144/4801.

mae: 0.19370946659635557
max_error: 0.9170286378436714
variance: 0.02363563622941205
pearson: 0.006364493741382195
p-valu: 0.04671263575110707

AL interation 145/4801.

mae: 0.1936553971291168
max_error: 0.9167362852965866
variance: 0.023631000752650247
pearson: 0.0031141888046105595
p-valu: 0.33046997332510647

AL interation 146/4801.

mae: 0.1933357977640342
max_error: 0.9211470365554817
variance: 0.023611882395371656
pearson: -0.0031474923701257486
p-valu: 0.32532704049989075

AL interation 147/4801.

mae: 0.19307804779520982
max_error: 0.9209061646517114
variance: 0.023571354376665864
pearson: 0.004604757414036047
p-valu: 0.15016413558785985

AL interation 148/4801.

mae: 0.19304751882118698
max_error: 0.9209638335339889
variance: 0.02357223027045276
pearson: -0.010740606008412886
p-valu: 0.0007895850904685874

AL interation 149/4801.

mae: 0.19324260976908625
max_error: 0.9204610448927895
variance: 0.023615743559499795
pearson: -0.007125877588378005
p-valu: 0.025962204551914784

AL interation 150/4801.

mae: 0.1932444114382001
max_error: 0.9204353142660722
variance: 0.02361407901395505
pearson: -0.015750201049970762
p-valu: 8.565432266286959e-07

AL interation 151/4801.

mae: 0.1934287338202782
max_error: 0.9208760511409224
variance: 0.023654661598099938
pearson: -0.014555714138268498
p-valu: 5.398485833638243e-06

AL interation 152/4801.

mae: 0.1934478674643885
max_error: 0.9210719662142637
variance: 0.023656824975047803
pearson: 0.0027026187927676254
p-valu: 0.3983769770799755

AL interation 153/4801.

mae: 0.19341366264684423
max_error: 0.9210058434500894
variance: 0.02367079034854572
pearson: -0.017315798007664474
p-valu: 6.258038523504516e-08

AL interation 154/4801.

mae: 0.19350261207415786
max_error: 0.9224545881405462
variance: 0.023878151447259893
pearson: -0.021712305941054354
p-valu: 1.157232391153079e-11

AL interation 155/4801.

mae: 0.1935354297474018
max_error: 0.9214433032175791
variance: 0.023908004814659538
pearson: -0.013716567648288531
p-valu: 1.816513480648585e-05

AL interation 156/4801.

mae: 0.19353738213323066
max_error: 0.9213904121547998
variance: 0.023911106165765268
pearson: -0.006601887956091034
p-valu: 0.03911674659744092

AL interation 157/4801.

mae: 0.19344486644456754
max_error: 0.9210311354432434
variance: 0.023906367023896168
pearson: 0.008412107671159224
p-valu: 0.008573256620593007

AL interation 158/4801.

mae: 0.19321190532268112
max_error: 0.9067408079436916
variance: 0.023845276353136203
pearson: -0.003402920664279391
p-valu: 0.28763478034918794

AL interation 159/4801.

mae: 0.193192616225635
max_error: 0.9059406521306812
variance: 0.02384653877093087
pearson: 0.01649160878625417
p-valu: 2.5565571421260423e-07

AL interation 160/4801.

mae: 0.19308538437670042
max_error: 0.9075688273721028
variance: 0.023819210941730735
pearson: -0.006820024215394746
p-valu: 0.03308273842134018

AL interation 161/4801.

mae: 0.19306843491806736
max_error: 0.9076282308867434
variance: 0.023758154844731896
pearson: -0.009412768264197612
p-valu: 0.0032688238593168947

AL interation 162/4801.

mae: 0.19305154059641597
max_error: 0.9079650107784545
variance: 0.023756522663228564
pearson: -0.008542378646787056
p-valu: 0.007601894108656703

AL interation 163/4801.

mae: 0.1930649994918731
max_error: 0.9082931521336093
variance: 0.023759809723201828
pearson: -0.004204638873124668
p-valu: 0.18891044606967008

AL interation 164/4801.

mae: 0.19301957595548083
max_error: 0.9090367252600089
variance: 0.023741644478084502
pearson: -0.0032253154591932384
p-valu: 0.3135522655873276

AL interation 165/4801.

mae: 0.19300910841565014
max_error: 0.9140592503683251
variance: 0.023742077656750234
pearson: -0.018588677678891725
p-valu: 6.2938284697193165e-09

AL interation 166/4801.

mae: 0.19290377180903293
max_error: 0.9128972848099153
variance: 0.023688445568180946
pearson: -0.002375087646076723
p-valu: 0.4580134963619672

AL interation 167/4801.

mae: 0.19224214341112628
max_error: 0.9159832077290702
variance: 0.02358877931699468
pearson: 0.018849511535397104
p-valu: 3.856842464163459e-09

AL interation 168/4801.

mae: 0.19170201115355906
max_error: 0.91594011579285
variance: 0.02357541911620502
pearson: 0.008809722682433834
p-valu: 0.005910338356472469

AL interation 169/4801.

mae: 0.19164414252612277
max_error: 0.9144484142353804
variance: 0.02357212672280879
pearson: -0.025624576640727006
p-valu: 1.1672435503748207e-15

AL interation 170/4801.

mae: 0.19147857114254183
max_error: 0.9159465785463823
variance: 0.023552635184557174
pearson: -0.027234307552985247
p-valu: 1.723701018611277e-17

AL interation 171/4801.

mae: 0.19146899184489094
max_error: 0.9164597396909926
variance: 0.023549690750420897
pearson: -0.003803842605404936
p-valu: 0.2346270156484

AL interation 172/4801.

mae: 0.1914817636250101
max_error: 0.9164298310089976
variance: 0.023550520023232064
pearson: -0.013631839868110078
p-valu: 2.0490567850950586e-05

AL interation 173/4801.

mae: 0.19148514791171936
max_error: 0.9164119653485301
variance: 0.02355182822762967
pearson: -0.018846815967375148
p-valu: 3.880801130486437e-09

AL interation 174/4801.

mae: 0.1914837850770216
max_error: 0.9167407623722781
variance: 0.02355757492385234
pearson: 0.01188363927885656
p-valu: 0.00020469902674803461

AL interation 175/4801.

mae: 0.19131068264689902
max_error: 0.9168320293348202
variance: 0.023539047414509334
pearson: -0.0009662094250278447
p-valu: 0.7627371877321522

AL interation 176/4801.

mae: 0.191301710863212
max_error: 0.9168378551485006
variance: 0.02353740859779271
pearson: -0.0103726722922526
p-valu: 0.001191235114729371

AL interation 177/4801.

mae: 0.19137728169902574
max_error: 0.9184153181114567
variance: 0.023409433698228135
pearson: -0.0026245153564012766
p-valu: 0.41220908109364923

AL interation 178/4801.

mae: 0.19145501370226783
max_error: 0.9192496953436091
variance: 0.023418260967634975
pearson: -0.011347343298425105
p-valu: 0.0003918814331516764

AL interation 179/4801.

mae: 0.19143889081031581
max_error: 0.9197724247697465
variance: 0.02340186821316561
pearson: -0.02467453206448874
p-valu: 1.2535071037804466e-14

AL interation 180/4801.

mae: 0.19141895804483153
max_error: 0.9085395970357908
variance: 0.023380114577166895
pearson: 0.0060479049501157185
p-valu: 0.05880979492562266

AL interation 181/4801.

mae: 0.1911266021148593
max_error: 0.9073037471781475
variance: 0.023393423602301327
pearson: -0.03247816961482136
p-valu: 3.312288083111297e-24

AL interation 182/4801.

mae: 0.19081494869229643
max_error: 0.9065862386040635
variance: 0.02333033469077486
pearson: -0.008682486314523046
p-valu: 0.006672502221379581

AL interation 183/4801.

mae: 0.19075505679922686
max_error: 0.9045980370322368
variance: 0.023280089182407253
pearson: 0.009060275174216804
p-valu: 0.0046433371141476575

AL interation 184/4801.

mae: 0.1907536265595894
max_error: 0.905270357132629
variance: 0.023287080563483713
pearson: -0.0015086921145964637
p-valu: 0.6373812848616892

AL interation 185/4801.

mae: 0.19079328575918103
max_error: 0.9053792211499427
variance: 0.023293255295579015
pearson: -0.023295919726711665
p-valu: 3.354776562282513e-13

AL interation 186/4801.

mae: 0.19064691121979968
max_error: 0.9024993431590929
variance: 0.023263010783633048
pearson: -0.017012614049095685
p-valu: 1.0630159971550502e-07

AL interation 187/4801.

mae: 0.19031603418244425
max_error: 0.9055423576322426
variance: 0.023348107990301584
pearson: -0.009289859522854162
p-valu: 0.0037024015163409432

AL interation 188/4801.

mae: 0.19038686701487212
max_error: 0.9085078228476462
variance: 0.023349061087812435
pearson: -0.017986902748666867
p-valu: 1.9093963151052924e-08

AL interation 189/4801.

mae: 0.19029428807896784
max_error: 0.9088911486803966
variance: 0.023285857073390717
pearson: -0.01696479195530811
p-valu: 1.1543370472229657e-07

AL interation 190/4801.

mae: 0.19029140363929833
max_error: 0.9098170562788752
variance: 0.02328819262204111
pearson: -0.0013212871712738026
p-valu: 0.6797536292341283

AL interation 191/4801.

mae: 0.18965933198446783
max_error: 0.9098541376950848
variance: 0.02306735012482689
pearson: -0.018745421467320972
p-valu: 4.7139828901124334e-09

AL interation 192/4801.

mae: 0.18962413445113127
max_error: 0.9091505170945737
variance: 0.023068445461067788
pearson: -0.006455815907388446
p-valu: 0.043701857967441304

AL interation 193/4801.

mae: 0.1896411011067603
max_error: 0.9092837321738045
variance: 0.02307780366711919
pearson: -7.940411834277334e-05
p-valu: 0.9802087388933126

AL interation 194/4801.

mae: 0.1898678853907187
max_error: 0.9082327829599848
variance: 0.02307738717012608
pearson: -0.01437138077327757
p-valu: 7.119802013296783e-06

AL interation 195/4801.

mae: 0.18986453284796698
max_error: 0.9098136927924116
variance: 0.02311516864760837
pearson: -0.012822883359095491
p-valu: 6.170006083759338e-05

AL interation 196/4801.

mae: 0.18987913293005937
max_error: 0.9103843608856863
variance: 0.023125093268237112
pearson: -0.011221530813008087
p-valu: 0.00045514206088335024

AL interation 197/4801.

mae: 0.18989600698422424
max_error: 0.9107457562046477
variance: 0.02315540412905114
pearson: -0.00035895095048650637
p-valu: 0.9107122809885082

AL interation 198/4801.

mae: 0.18990660320273264
max_error: 0.9107970654011979
variance: 0.02315806693864924
pearson: -0.019110703336505174
p-valu: 2.3594180243974183e-09

AL interation 199/4801.

mae: 0.18991578033188525
max_error: 0.9107270042606501
variance: 0.023157749134885372
pearson: 0.002466596685618499
p-valu: 0.44095313932389296

AL interation 200/4801.

mae: 0.18996112687188238
max_error: 0.9104073217040849
variance: 0.023198291244391732
pearson: 0.01167605459007303
p-valu: 0.0002645019030525719

AL interation 201/4801.

mae: 0.18993428537547738
max_error: 0.9104894295108465
variance: 0.02321474203404094
pearson: -0.009491617941682942
p-valu: 0.003023978621048915

AL interation 202/4801.

mae: 0.1898371761547736
max_error: 0.9100055191540548
variance: 0.023209712297560442
pearson: -0.01704115164531933
p-valu: 1.0145978113666932e-07

AL interation 203/4801.

mae: 0.1898478288454374
max_error: 0.9107296591972514
variance: 0.0232014758119749
pearson: -0.015469358598443006
p-valu: 1.345346557503436e-06

AL interation 204/4801.

mae: 0.18969873903884435
max_error: 0.9110175981627577
variance: 0.023236025716737732
pearson: -0.008482059104895145
p-valu: 0.008053004192323594

AL interation 205/4801.

mae: 0.18971224635368866
max_error: 0.9106349339568993
variance: 0.023238940496589432
pearson: -0.014780608913251262
p-valu: 3.880453727957516e-06

AL interation 206/4801.

mae: 0.18954237950652847
max_error: 0.9078523663669671
variance: 0.02323716874062796
pearson: -0.01023219179488658
p-valu: 0.0013906562896697353

AL interation 207/4801.

mae: 0.18951779678988692
max_error: 0.907785896543416
variance: 0.023214525684204984
pearson: 0.0014860520127962873
p-valu: 0.6424792794127258

AL interation 208/4801.

mae: 0.18947512804222608
max_error: 0.9069835125992824
variance: 0.02319782278366096
pearson: -0.011048477026802783
p-valu: 0.0005573264327939023

AL interation 209/4801.

mae: 0.18876736742969905
max_error: 0.9104986070903252
variance: 0.023113882709160993
pearson: 0.0009047569408497941
p-valu: 0.7774539573553316

AL interation 210/4801.

mae: 0.18900115978908516
max_error: 0.9105013468352254
variance: 0.023086509872071212
pearson: -0.0129009370137242
p-valu: 5.570780340376876e-05

AL interation 211/4801.

mae: 0.18913272617249202
max_error: 0.9112999771711472
variance: 0.023139896445643474
pearson: 0.0010919347267589058
p-valu: 0.7330224128113243

AL interation 212/4801.

mae: 0.18911617230579275
max_error: 0.9108707626757493
variance: 0.02313959508607902
pearson: 0.006405525232589572
p-valu: 0.045390027226195645

AL interation 213/4801.

mae: 0.18885194740589528
max_error: 0.9117410919877358
variance: 0.023120460363978253
pearson: 0.005321345644245415
p-valu: 0.09644837343896984

AL interation 214/4801.

mae: 0.18872365101641686
max_error: 0.9107702869332712
variance: 0.023123225153959603
pearson: -0.01892077868755414
p-valu: 3.3989328258882473e-09

AL interation 215/4801.

mae: 0.18846294058513455
max_error: 0.9089026172748191
variance: 0.023103698572885228
pearson: -0.013870089783927625
p-valu: 1.471081656720615e-05

AL interation 216/4801.

mae: 0.18868929954056546
max_error: 0.9087570727250522
variance: 0.023093411387158192
pearson: -0.007991911104698374
p-valu: 0.0125405841420325

AL interation 217/4801.

mae: 0.18873471043887682
max_error: 0.9101800532018984
variance: 0.023121449674390608
pearson: -0.0004719404932590556
p-valu: 0.88279720374074

AL interation 218/4801.

mae: 0.18860010119255433
max_error: 0.9160312722535338
variance: 0.022999925611219316
pearson: 0.00718002352876729
p-valu: 0.024902981264123374

AL interation 219/4801.

mae: 0.18837727666598517
max_error: 0.9139721695820384
variance: 0.022885976069921234
pearson: -0.023761843106038953
p-valu: 1.1392095506436478e-13

AL interation 220/4801.

mae: 0.1884648899806112
max_error: 0.9131749455239699
variance: 0.022918110111367254
pearson: -0.013157745898221159
p-valu: 3.951192339500839e-05

AL interation 221/4801.

mae: 0.18802106371908156
max_error: 0.9174321163467454
variance: 0.022848033086618095
pearson: 0.008888658719700234
p-valu: 0.005492629530814094

AL interation 222/4801.

mae: 0.18786667596362103
max_error: 0.9211185536493787
variance: 0.02289338117217984
pearson: -0.0084895430583644
p-valu: 0.008003244174749485

AL interation 223/4801.

mae: 0.18787871694813352
max_error: 0.9210756455960833
variance: 0.022910792970602688
pearson: -0.009819310874466632
p-valu: 0.0021598464326315404

AL interation 224/4801.

mae: 0.1879644847781852
max_error: 0.9228368511602554
variance: 0.022863677998981778
pearson: -0.009793537588175442
p-valu: 0.0022188677581309758

AL interation 225/4801.

mae: 0.1878259160394834
max_error: 0.9216358228713517
variance: 0.022891178859436173
pearson: -0.01799624839454428
p-valu: 1.8890048579248912e-08

AL interation 226/4801.

mae: 0.18778902096829495
max_error: 0.9191581236178834
variance: 0.022953404528586883
pearson: -0.0002905292686113474
p-valu: 0.9276904503851648

AL interation 227/4801.

mae: 0.18777241643481118
max_error: 0.9184234224357226
variance: 0.022952586787218007
pearson: -0.0087137408976245
p-valu: 0.006490779760617999

AL interation 228/4801.

mae: 0.18816538683094394
max_error: 0.9177285754581561
variance: 0.023115271775886615
pearson: -0.016427541630033883
p-valu: 2.8717909070738383e-07

AL interation 229/4801.

mae: 0.18831105297238276
max_error: 0.9191793403283128
variance: 0.02310584303437765
pearson: -0.00863728530912906
p-valu: 0.006975973896967231

AL interation 230/4801.

mae: 0.18839542015825111
max_error: 0.9199822406335372
variance: 0.02309136882366558
pearson: 0.013118862612976255
p-valu: 4.1681161745024387e-05

AL interation 231/4801.

mae: 0.1879714559803961
max_error: 0.9303445856371795
variance: 0.022986995102044588
pearson: -0.013653759097662622
p-valu: 1.9986874057218708e-05

AL interation 232/4801.

mae: 0.1879632068767424
max_error: 0.9308079179496289
variance: 0.023006109542942698
pearson: -0.006333236430592478
p-valu: 0.04790204169220941

AL interation 233/4801.

mae: 0.187815623451517
max_error: 0.9286462525862405
variance: 0.022999343745317626
pearson: -0.026922260964033353
p-valu: 4.073006480952591e-17

AL interation 234/4801.

mae: 0.1878025965577373
max_error: 0.9285013639109962
variance: 0.022997643822481862
pearson: -0.002718531068496992
p-valu: 0.3958039502877371

AL interation 235/4801.

mae: 0.18751459625629746
max_error: 0.9273145285201778
variance: 0.02289459947183583
pearson: -0.023882073652312305
p-valu: 8.611051723478422e-14

AL interation 236/4801.

mae: 0.18763527960351437
max_error: 0.9286084991943895
variance: 0.02292634301906925
pearson: -0.007436218696125827
p-valu: 0.020194046000256857

AL interation 237/4801.

mae: 0.1875759796867736
max_error: 0.9289968394258707
variance: 0.022883404144889322
pearson: -0.0020764226394049557
p-valu: 0.5166198508166098

AL interation 238/4801.

mae: 0.18759692438316558
max_error: 0.9240866595679265
variance: 0.022827191539268567
pearson: 0.005233786163515787
p-valu: 0.10209958289214949

AL interation 239/4801.

mae: 0.1879973311095547
max_error: 0.911246622980812
variance: 0.02272188296928381
pearson: -0.008664573802362864
p-valu: 0.006802226089219933

AL interation 240/4801.

mae: 0.18791510092295494
max_error: 0.9107776698633927
variance: 0.022684225817947743
pearson: 0.005357335557255844
p-valu: 0.09426181944313335

AL interation 241/4801.

mae: 0.18788418420930106
max_error: 0.9085073297232285
variance: 0.022661481716757498
pearson: -0.006728261857213772
p-valu: 0.03559433499203294

AL interation 242/4801.

mae: 0.18789062628542236
max_error: 0.9073569055654076
variance: 0.022681775467009394
pearson: -0.0006080937491713884
p-valu: 0.8493629931012898

AL interation 243/4801.

mae: 0.18817938987469596
max_error: 0.9034913177356216
variance: 0.022763267984782707
pearson: 0.0013214505616780127
p-valu: 0.6797983662749446

AL interation 244/4801.

mae: 0.18815448325858608
max_error: 0.9046798037748971
variance: 0.0227584804301745
pearson: -0.019238765451181552
p-valu: 1.8608872729619483e-09

AL interation 245/4801.

mae: 0.18813706661111018
max_error: 0.9028796497043814
variance: 0.022710193098825632
pearson: -0.013911943959503294
p-valu: 1.3903301687836158e-05

AL interation 246/4801.

mae: 0.18814491751335005
max_error: 0.9029784101229694
variance: 0.022715207219611223
pearson: -0.010661829641905592
p-valu: 0.0008680575692438765

AL interation 247/4801.

mae: 0.18814175550394857
max_error: 0.9036843837325144
variance: 0.02276629437276332
pearson: -0.003285736512396208
p-valu: 0.3047787855927026

AL interation 248/4801.

mae: 0.18809313225659924
max_error: 0.8987095255601147
variance: 0.022679948239916304
pearson: -0.006148489908085952
p-valu: 0.05481107959116014

AL interation 249/4801.

mae: 0.1880929572581122
max_error: 0.8987063204906249
variance: 0.022679595580345158
pearson: -0.0025576378275734496
p-valu: 0.4243935919673763

AL interation 250/4801.

mae: 0.1881282083031748
max_error: 0.898478694172077
variance: 0.022702866292606337
pearson: 0.006539416214681125
p-valu: 0.04110679265471385

AL interation 251/4801.

mae: 0.18813241644477946
max_error: 0.8985373581775988
variance: 0.02269993589514407
pearson: -0.025300369529673163
p-valu: 2.718624699364528e-15

AL interation 252/4801.

mae: 0.18824291831367365
max_error: 0.8998873312465321
variance: 0.02275358536915213
pearson: -0.00391934978485227
p-valu: 0.22091194004124012

AL interation 253/4801.

mae: 0.1878982224128269
max_error: 0.9005752031608409
variance: 0.022657054684340473
pearson: -0.020133109729547734
p-valu: 3.2027299867367115e-10

AL interation 254/4801.

mae: 0.18787452690063772
max_error: 0.900712088556638
variance: 0.022664586236743174
pearson: 0.0035787658845623073
p-valu: 0.26368569158712235

AL interation 255/4801.

mae: 0.18788479326651897
max_error: 0.9003239937152046
variance: 0.022668409405713033
pearson: -0.008390317061354322
p-valu: 0.00878028050191921

AL interation 256/4801.

mae: 0.18786438942349873
max_error: 0.9022884170186387
variance: 0.022626162323932126
pearson: -0.002982100381029993
p-valu: 0.35166697907515676

AL interation 257/4801.

mae: 0.1876793540655285
max_error: 0.9026446780791133
variance: 0.022580620315256213
pearson: -0.023636701927232766
p-valu: 1.5462030037603394e-13

AL interation 258/4801.

mae: 0.18733408279908476
max_error: 0.9035606182354741
variance: 0.022582594765573075
pearson: -0.01533142456116589
p-valu: 1.680436022259425e-06

AL interation 259/4801.

mae: 0.1870023701357755
max_error: 0.9073674726518277
variance: 0.022517559369097086
pearson: -0.023144124038234442
p-valu: 4.860431251788099e-13

AL interation 260/4801.

mae: 0.18694747623132807
max_error: 0.9120249829761207
variance: 0.022538352423254582
pearson: -0.01031902118690042
p-valu: 0.001269358661130706

AL interation 261/4801.

mae: 0.1869494428493138
max_error: 0.9137276120176381
variance: 0.022534770092017677
pearson: -0.015607457995594227
p-valu: 1.0900915803346245e-06

AL interation 262/4801.

mae: 0.18702508011503094
max_error: 0.9129032036958904
variance: 0.02255578874358661
pearson: -0.015248498029361998
p-valu: 1.9122287407029426e-06

AL interation 263/4801.

mae: 0.18735210346418874
max_error: 0.9115490141775382
variance: 0.02262903261452486
pearson: -0.013054088897179562
p-valu: 4.5614069981659764e-05

AL interation 264/4801.

mae: 0.1871864060061121
max_error: 0.9125094669322991
variance: 0.022568868915542138
pearson: -0.01772611684088003
p-valu: 3.0881551276646503e-08

AL interation 265/4801.

mae: 0.18705041371770564
max_error: 0.9140438541803562
variance: 0.02253449964781632
pearson: -0.02286752141936335
p-valu: 9.16450965972255e-13

AL interation 266/4801.

mae: 0.18659656360084417
max_error: 0.9111416164558221
variance: 0.02241507562478097
pearson: -0.019348841192584055
p-valu: 1.510728557340759e-09

AL interation 267/4801.

mae: 0.18615366643829181
max_error: 0.9094385961239979
variance: 0.022367942345689288
pearson: -0.014373037262548866
p-valu: 7.158745488174446e-06

AL interation 268/4801.

mae: 0.18602367700429853
max_error: 0.9092376182484045
variance: 0.022315345177035324
pearson: -0.008887455279111044
p-valu: 0.005510306577303642

AL interation 269/4801.

mae: 0.18608911771745626
max_error: 0.9094852924413459
variance: 0.022350380121099286
pearson: -0.02184038783812513
p-valu: 9.011412808031185e-12

AL interation 270/4801.

mae: 0.1857104151880613
max_error: 0.9108875669240248
variance: 0.022176316097251063
pearson: -0.010044249873909514
p-valu: 0.0017078080712423335

AL interation 271/4801.

mae: 0.18569193690918626
max_error: 0.9094094497783232
variance: 0.02209752801003517
pearson: -0.0013330684738189
p-valu: 0.6771851909833239

AL interation 272/4801.

mae: 0.18565385215055527
max_error: 0.9102145181944152
variance: 0.02211026373930934
pearson: -0.011734217612760459
p-valu: 0.00024771233767454645

AL interation 273/4801.

mae: 0.18565396947317334
max_error: 0.9102190170152937
variance: 0.022109945415274983
pearson: -0.011962150025048999
p-valu: 0.00018713194923378085

AL interation 274/4801.

mae: 0.18566214556837288
max_error: 0.9107789601168719
variance: 0.022108635092313828
pearson: -0.004816582158801286
p-valu: 0.1325383057833303

AL interation 275/4801.

mae: 0.18552480671139654
max_error: 0.9097767113157786
variance: 0.022141741981891963
pearson: 0.006805961762014692
p-valu: 0.03355069178100007

AL interation 276/4801.

mae: 0.1855227625114916
max_error: 0.9099892128512366
variance: 0.022172022169764206
pearson: -0.018272651466495825
p-valu: 1.151611345872901e-08

AL interation 277/4801.

mae: 0.18555731277529577
max_error: 0.9092375072733532
variance: 0.022102538045935413
pearson: -0.02265362321387358
p-valu: 1.4918705758119684e-12

AL interation 278/4801.

mae: 0.18559660309785467
max_error: 0.9101781632351091
variance: 0.02210595013775427
pearson: -0.012878770703916173
p-valu: 5.771493821807854e-05

AL interation 279/4801.

mae: 0.18561284242587997
max_error: 0.9112729697800361
variance: 0.022117047935275594
pearson: -0.0035617612744987333
p-valu: 0.2660226645853356

AL interation 280/4801.

mae: 0.18558323067309043
max_error: 0.9124168472523593
variance: 0.02209326050424991
pearson: -0.022257801491708307
p-valu: 3.6147094522674504e-12

AL interation 281/4801.

mae: 0.1856316237727166
max_error: 0.9112532757181597
variance: 0.022084023341956797
pearson: -0.00250759795669202
p-valu: 0.43358912333683014

AL interation 282/4801.

mae: 0.18561343969661198
max_error: 0.912035409223904
variance: 0.022160660779899075
pearson: -0.03231258567896403
p-valu: 5.93045380777759e-24

AL interation 283/4801.

mae: 0.1851610111991451
max_error: 0.9110987946355991
variance: 0.022059238987620525
pearson: -0.011672267757436851
p-valu: 0.00026732984103140984

AL interation 284/4801.

mae: 0.18507472857129198
max_error: 0.9107299505227644
variance: 0.022043735241137508
pearson: -0.02083281021566428
p-valu: 7.707597559408421e-11

AL interation 285/4801.

mae: 0.18549075474193158
max_error: 0.9092204604463703
variance: 0.022073671581263422
pearson: -0.023043826093269163
p-valu: 6.161985331177109e-13

AL interation 286/4801.

mae: 0.1854916905971242
max_error: 0.9093741052863749
variance: 0.022088828507660363
pearson: -0.0014677920894261495
p-valu: 0.646704449632849

AL interation 287/4801.

mae: 0.18545535029375326
max_error: 0.9079355032949792
variance: 0.022091755479413243
pearson: -0.008932142558198517
p-valu: 0.005282758599161649

AL interation 288/4801.

mae: 0.18547442206485737
max_error: 0.9083415599155416
variance: 0.02210590077703398
pearson: -0.025903712971228225
p-valu: 5.957504511410849e-16

AL interation 289/4801.

mae: 0.18552878717505186
max_error: 0.9089396278610167
variance: 0.022071955589722508
pearson: 0.005668188332509102
p-valu: 0.07673003874132371

AL interation 290/4801.

mae: 0.18555483661068622
max_error: 0.9094613714582565
variance: 0.022074852753143616
pearson: -0.009082983680070444
p-valu: 0.004563550503412187

AL interation 291/4801.

mae: 0.18557856203965417
max_error: 0.9058289928860717
variance: 0.022064708565370957
pearson: -0.011528246923106129
p-valu: 0.00031829851330915707

AL interation 292/4801.

mae: 0.1855647212285004
max_error: 0.9057606602326089
variance: 0.02206155629139351
pearson: -0.004696522342529728
p-valu: 0.14250175480831617

AL interation 293/4801.

mae: 0.18547240162400833
max_error: 0.9074182169947136
variance: 0.022067377682617444
pearson: -0.006120750602227183
p-valu: 0.05597043581945853

AL interation 294/4801.

mae: 0.18539449778734365
max_error: 0.9069215671397117
variance: 0.022085711244332534
pearson: -0.004944460867443719
p-valu: 0.12260176424822569

AL interation 295/4801.

mae: 0.18543536006240657
max_error: 0.9056044563183505
variance: 0.022072145898991473
pearson: -0.016105062741533397
p-valu: 4.925437139218911e-07

AL interation 296/4801.

mae: 0.18536438216256151
max_error: 0.9038018219913653
variance: 0.02206874400030554
pearson: 0.011224699032910377
p-valu: 0.00045652407835865944

AL interation 297/4801.

mae: 0.18566370066949886
max_error: 0.9045249533830031
variance: 0.022049226967229853
pearson: -0.016263409727242953
p-valu: 3.80232433242909e-07

AL interation 298/4801.

mae: 0.18567823977713205
max_error: 0.9034359995896821
variance: 0.022032480689848973
pearson: -0.007043139898200777
p-valu: 0.027860764603419987

AL interation 299/4801.

mae: 0.18568284586793207
max_error: 0.9030639305924808
variance: 0.022036871092807116
pearson: -0.00955839862168878
p-valu: 0.0028389904172807113

AL interation 300/4801.

mae: 0.1858116363723529
max_error: 0.9046813443987602
variance: 0.02204501572092729
pearson: -0.00034032995637054233
p-valu: 0.9153708026967923

AL interation 301/4801.

mae: 0.18592075786721898
max_error: 0.9054819072782365
variance: 0.022099268172151205
pearson: -0.016882963355078173
p-valu: 1.3495632884964732e-07

AL interation 302/4801.

mae: 0.18614697665910251
max_error: 0.9060240819674803
variance: 0.022128071104733447
pearson: -0.021893957217451545
p-valu: 8.084187094970302e-12

AL interation 303/4801.

mae: 0.1859985440140142
max_error: 0.9061276837183669
variance: 0.022148520751157974
pearson: -0.0010089643128820248
p-valu: 0.752731131756713

AL interation 304/4801.

mae: 0.18594484363539007
max_error: 0.9052419928606383
variance: 0.02213776557287268
pearson: -0.007400515517747341
p-valu: 0.020845847527996265

AL interation 305/4801.

mae: 0.18591141824061222
max_error: 0.9033426780986389
variance: 0.022139837258288688
pearson: -0.0063661089239414985
p-valu: 0.046838177777463574

AL interation 306/4801.

mae: 0.18590407558337352
max_error: 0.9027926439068139
variance: 0.022147535883552134
pearson: -0.00720376861615085
p-valu: 0.024492960631056892

AL interation 307/4801.

mae: 0.18590362122841328
max_error: 0.9031732557465517
variance: 0.02214973943354794
pearson: -0.006374066614080723
p-valu: 0.04656616524332115

AL interation 308/4801.

mae: 0.185836798365192
max_error: 0.9038065035932306
variance: 0.022142482582724405
pearson: -0.008653599144942441
p-valu: 0.00689257209837089

AL interation 309/4801.

mae: 0.18586645793319645
max_error: 0.9029906481676022
variance: 0.022150991180349428
pearson: 0.003286499241039856
p-valu: 0.30482026869877255

AL interation 310/4801.

mae: 0.1858808241163857
max_error: 0.90417993951705
variance: 0.022181907868670057
pearson: -0.0009606238264004953
p-valu: 0.7642263289091784

AL interation 311/4801.

mae: 0.185573731090626
max_error: 0.9069735208377807
variance: 0.0220822462119075
pearson: -0.010188953476307737
p-valu: 0.0014658433574945271

AL interation 312/4801.

mae: 0.1855744092497472
max_error: 0.9063834400246407
variance: 0.022053256951425234
pearson: 0.0025438804625632413
p-valu: 0.42703905801356146

AL interation 313/4801.

mae: 0.18554971054465363
max_error: 0.9062723921888249
variance: 0.022068380205763904
pearson: -0.017339300765217634
p-valu: 6.157311892156516e-08

AL interation 314/4801.

mae: 0.18552455523713274
max_error: 0.9062653989062852
variance: 0.022069136528254936
pearson: 0.00686792770482902
p-valu: 0.03200456836779764

AL interation 315/4801.

mae: 0.1857604368825243
max_error: 0.9060771798073972
variance: 0.02209752749688621
pearson: -0.006977085338039487
p-valu: 0.029374396448956473

AL interation 316/4801.

mae: 0.18577540515624805
max_error: 0.9060336382115537
variance: 0.022100213472196036
pearson: -0.00937564544217755
p-valu: 0.0034188488882501435

AL interation 317/4801.

mae: 0.18558908185990156
max_error: 0.9065168312551322
variance: 0.022173176591347
pearson: -0.0016126812318682186
p-valu: 0.614606087268971

AL interation 318/4801.

mae: 0.18558222738099955
max_error: 0.9064259585852597
variance: 0.02217339801517724
pearson: -0.02136403747472513
p-valu: 2.541034113706422e-11

AL interation 319/4801.

mae: 0.18554925075452863
max_error: 0.9045830584655334
variance: 0.022159566010646246
pearson: -0.01166898217610825
p-valu: 0.0002691012222358071

AL interation 320/4801.

mae: 0.18544703918861813
max_error: 0.9045148922576658
variance: 0.02214206415150316
pearson: 0.0003360346593632127
p-valu: 0.9164435070611754

AL interation 321/4801.

mae: 0.1855324549268788
max_error: 0.9051581415565693
variance: 0.022108359717455544
pearson: -0.015435625012871927
p-valu: 1.4393390712064227e-06

AL interation 322/4801.

mae: 0.18557987270038398
max_error: 0.907572967691678
variance: 0.022099755586241557
pearson: -0.013135880541587604
p-valu: 4.1076635882645575e-05

AL interation 323/4801.

mae: 0.18539257978572568
max_error: 0.9081674109682751
variance: 0.022126719879677847
pearson: 9.161067883790434e-05
p-valu: 0.9771822686744664

AL interation 324/4801.

mae: 0.18539679702128298
max_error: 0.9086542602761796
variance: 0.022143814604880636
pearson: 0.0009252625679192718
p-valu: 0.7726778461687177

AL interation 325/4801.

mae: 0.18538532154695456
max_error: 0.9151342395099391
variance: 0.022163618558765863
pearson: -0.018673577686899687
p-valu: 5.525864411219452e-09

AL interation 326/4801.

mae: 0.1853817807903082
max_error: 0.9126484717210843
variance: 0.02214496056333353
pearson: -0.0032959194921664487
p-valu: 0.3034783117363087

AL interation 327/4801.

mae: 0.18538286698086104
max_error: 0.9127323849177031
variance: 0.022142954619186004
pearson: -0.016562360318531213
p-valu: 2.3263582002465965e-07

AL interation 328/4801.

mae: 0.185191479392199
max_error: 0.9113372149370491
variance: 0.022118614114830768
pearson: 0.009939611375560747
p-valu: 0.0019141833624111103

AL interation 329/4801.

mae: 0.18519710365397385
max_error: 0.9124538729903975
variance: 0.022089290068067747
pearson: 0.0037112729130778293
p-valu: 0.2465942418932135

AL interation 330/4801.

mae: 0.18519936484629318
max_error: 0.9124461243104918
variance: 0.022093337510586446
pearson: -0.01701377100956683
p-valu: 1.0840048851183788e-07

AL interation 331/4801.

mae: 0.1851878643504504
max_error: 0.9125950876859719
variance: 0.022087114181381515
pearson: -0.020478553070276698
p-valu: 1.6160357484500635e-10

AL interation 332/4801.

mae: 0.18518939284362457
max_error: 0.9125891873012932
variance: 0.02208674515320786
pearson: -0.015277858074169152
p-valu: 1.8427720746247299e-06

AL interation 333/4801.

mae: 0.18537922511275864
max_error: 0.9131831433317075
variance: 0.022150907489092257
pearson: -0.010760064460845294
p-valu: 0.0007813606858611842

AL interation 334/4801.

mae: 0.1854753956976852
max_error: 0.9125175818730469
variance: 0.02214583813114932
pearson: -0.014863245968081062
p-valu: 3.476772337169854e-06

AL interation 335/4801.

mae: 0.18546953606721645
max_error: 0.9119358433566305
variance: 0.022146226445771793
pearson: 0.0017915431776894986
p-valu: 0.5759556049207137

AL interation 336/4801.

mae: 0.1854403216875173
max_error: 0.9121718107545433
variance: 0.022143938850358025
pearson: -0.03005212075428988
p-valu: 6.349330465325824e-21

AL interation 337/4801.

mae: 0.18539065985882433
max_error: 0.9112367928871521
variance: 0.022135423664004564
pearson: -0.006335239470046545
p-valu: 0.04795161352172832

AL interation 338/4801.

mae: 0.18529919476271062
max_error: 0.9110879341130982
variance: 0.02213709358783133
pearson: 0.00043111966007456303
p-valu: 0.8929367481645777

AL interation 339/4801.

mae: 0.18516081665377163
max_error: 0.9102400214399324
variance: 0.022084977245755342
pearson: -0.006537163246257284
p-valu: 0.04126912840870465

AL interation 340/4801.

mae: 0.18510813106808469
max_error: 0.9095394534607806
variance: 0.022095749075380394
pearson: -0.017354848957675844
p-valu: 6.01762467139244e-08

AL interation 341/4801.

mae: 0.18511654544586076
max_error: 0.9099691416422502
variance: 0.021919723829199874
pearson: 0.013740083194000479
p-valu: 1.790073840486338e-05

AL interation 342/4801.

mae: 0.1850950252113271
max_error: 0.9099171690255332
variance: 0.021925236031292324
pearson: -0.008217032044355765
p-valu: 0.010310887509036673

AL interation 343/4801.

mae: 0.18567047148074123
max_error: 0.9056424318856102
variance: 0.021927132194754353
pearson: 0.009351229521619084
p-valu: 0.0035081515268474664

AL interation 344/4801.

mae: 0.18573210602615467
max_error: 0.9056869363311648
variance: 0.02192532720249469
pearson: -0.0169515242797004
p-valu: 1.2083403792327762e-07

AL interation 345/4801.

mae: 0.18572959125808738
max_error: 0.908645270885188
variance: 0.02193403852477404
pearson: -0.019071942763624696
p-valu: 2.6118264222559703e-09

AL interation 346/4801.

mae: 0.18526381841866674
max_error: 0.9079985456506421
variance: 0.021885589441634556
pearson: -0.01120917681246303
p-valu: 0.0004664750727257595

AL interation 347/4801.

mae: 0.18526165206598763
max_error: 0.9074409295913597
variance: 0.021874124460866944
pearson: -0.0071618972886827465
p-valu: 0.025367323842770493

AL interation 348/4801.

mae: 0.18533567306564377
max_error: 0.9019803641395896
variance: 0.021774777148132324
pearson: -0.004522203797493287
p-valu: 0.15803855886838578

AL interation 349/4801.

mae: 0.18465108903828809
max_error: 0.8420738948894808
variance: 0.02154548653815074
pearson: -0.00766518295166303
p-valu: 0.01671782109917058

AL interation 350/4801.

mae: 0.18469072267224726
max_error: 0.8422928048276219
variance: 0.02155404579187088
pearson: -0.007452616076144145
p-valu: 0.019992727837318407

AL interation 351/4801.

mae: 0.18471108044671145
max_error: 0.8412528592361497
variance: 0.021565616094430758
pearson: -0.0027294519249409744
p-valu: 0.3941925480292532

AL interation 352/4801.

mae: 0.18470191747440032
max_error: 0.8397986233277948
variance: 0.021511633536756378
pearson: 0.0037649920580384395
p-valu: 0.2398771372711474

AL interation 353/4801.

mae: 0.18467003324724118
max_error: 0.843860519468393
variance: 0.021515974884181808
pearson: -0.010234702364132896
p-valu: 0.0013985082281527195

AL interation 354/4801.

mae: 0.18454677496633826
max_error: 0.8438284920496244
variance: 0.021507330387017114
pearson: -0.014496173527482692
p-valu: 6.029426838550519e-06

AL interation 355/4801.

mae: 0.1845589233591508
max_error: 0.8458882810511881
variance: 0.021519300333928227
pearson: 0.0139535000068277
p-valu: 1.3251759408721412e-05

AL interation 356/4801.

mae: 0.18458960187314744
max_error: 0.8458383096680109
variance: 0.021524048054404214
pearson: 0.005927742937785488
p-valu: 0.06425620278953197

AL interation 357/4801.

mae: 0.18455415171043504
max_error: 0.8474651541602185
variance: 0.021496790578451323
pearson: -0.02133127447914278
p-valu: 2.7492283197772735e-11

AL interation 358/4801.

mae: 0.1845618007135572
max_error: 0.8469764652201661
variance: 0.02149655667576494
pearson: -0.007717853089569159
p-valu: 0.01598810669098399

AL interation 359/4801.

mae: 0.18435165525214414
max_error: 0.8407880466845938
variance: 0.021446376127257978
pearson: -0.016157951092199606
p-valu: 4.5576487532445835e-07

AL interation 360/4801.

mae: 0.184351518542645
max_error: 0.8407887028280641
variance: 0.02144635912434674
pearson: 0.006742493674187721
p-valu: 0.03531812747346549

AL interation 361/4801.

mae: 0.18414031400506134
max_error: 0.8396547259518599
variance: 0.02138283314980316
pearson: -0.008729266720362169
p-valu: 0.006432548057144512

AL interation 362/4801.

mae: 0.18411067969711162
max_error: 0.839422861898953
variance: 0.02138463197184853
pearson: -0.0022595742823520266
p-valu: 0.4806115334576922

AL interation 363/4801.

mae: 0.18407739625551803
max_error: 0.8398914473779939
variance: 0.021359289742452204
pearson: -0.012050859648101833
p-valu: 0.00016872720835535716

AL interation 364/4801.

mae: 0.18401002865369634
max_error: 0.8439651046641359
variance: 0.021309472967247098
pearson: -0.016983291570003053
p-valu: 1.1478922469739538e-07

AL interation 365/4801.

mae: 0.18408592990152886
max_error: 0.843914475633369
variance: 0.02133930893869668
pearson: -0.007319474196508335
p-valu: 0.02232781873869323

AL interation 366/4801.

mae: 0.1840952967336717
max_error: 0.8438846707014704
variance: 0.02133994373390862
pearson: -0.0014137530838165683
p-valu: 0.6590035129420433

AL interation 367/4801.

mae: 0.1839263857828209
max_error: 0.8386582993830132
variance: 0.021304102853656075
pearson: -0.0051322142114054265
p-valu: 0.109161655017443

AL interation 368/4801.

mae: 0.1838324038425244
max_error: 0.8405119713274587
variance: 0.021315539566975003
pearson: -0.012731519105021955
p-valu: 7.063427823464774e-05

AL interation 369/4801.

mae: 0.1836690086573736
max_error: 0.8433607348690089
variance: 0.021273579747442782
pearson: -0.01592214778052221
p-valu: 6.689050089031424e-07

AL interation 370/4801.

mae: 0.18366886397714166
max_error: 0.8439370177193695
variance: 0.0212630224120705
pearson: -0.018583710723510047
p-valu: 6.587937441541533e-09

AL interation 371/4801.

mae: 0.18363549669044907
max_error: 0.8436508911998573
variance: 0.02125512657624024
pearson: -0.0015090125667031008
p-valu: 0.6376324115124383

AL interation 372/4801.

mae: 0.1836923947246176
max_error: 0.8435666358603697
variance: 0.021199968798897028
pearson: -0.013207210534023198
p-valu: 3.746945893512027e-05

AL interation 373/4801.

mae: 0.18359583179430253
max_error: 0.8445897842034924
variance: 0.021229238762427823
pearson: -0.014606629562804285
p-valu: 5.130105488459313e-06

AL interation 374/4801.

mae: 0.18360749115531091
max_error: 0.8432982965800306
variance: 0.021243405069471425
pearson: 0.003286436297524829
p-valu: 0.304990809921591

AL interation 375/4801.

mae: 0.18360860973093265
max_error: 0.842103393907891
variance: 0.021244692690324855
pearson: -0.024587107388208795
p-valu: 1.6486443967001286e-14

AL interation 376/4801.

mae: 0.18360770960640782
max_error: 0.841920564877654
variance: 0.021240110170481854
pearson: -0.026937922025981387
p-valu: 4.117531768994437e-17

AL interation 377/4801.

mae: 0.18354529439214784
max_error: 0.8449378673325896
variance: 0.021138338121027122
pearson: -0.02754200278891098
p-valu: 8.103843136232838e-18

AL interation 378/4801.

mae: 0.1834583931978587
max_error: 0.8445156375881027
variance: 0.0211325945455043
pearson: 0.009591395872669346
p-valu: 0.002755764838458586

AL interation 379/4801.

mae: 0.18346086445642723
max_error: 0.8405856345219149
variance: 0.021203996699440283
pearson: -0.013899847721866448
p-valu: 1.4337936594302447e-05

AL interation 380/4801.

mae: 0.18330892548389704
max_error: 0.8404938670438185
variance: 0.02114879434812371
pearson: -0.0007262455926495804
p-valu: 0.8206771043551653

AL interation 381/4801.

mae: 0.18338213075411317
max_error: 0.8428847230025553
variance: 0.021099524829348088
pearson: -0.0025394606704093724
p-valu: 0.42800624533738

AL interation 382/4801.

mae: 0.18336820428415182
max_error: 0.847558330545283
variance: 0.021109865272112192
pearson: -0.00018793257063799603
p-valu: 0.9532257135553424

AL interation 383/4801.

mae: 0.18337978644914774
max_error: 0.8475413134841148
variance: 0.02110800359957185
pearson: -0.006951719494719656
p-valu: 0.03002594424281811

AL interation 384/4801.

mae: 0.18336169921828116
max_error: 0.846394943099412
variance: 0.021118035381942887
pearson: -0.00927696272153893
p-valu: 0.003785456990519172

AL interation 385/4801.

mae: 0.18335867719553203
max_error: 0.8456171781907784
variance: 0.02111600407748038
pearson: 0.013975731584997465
p-valu: 1.2877568096144327e-05

AL interation 386/4801.

mae: 0.18325782696617043
max_error: 0.8483108561611914
variance: 0.021149338731794684
pearson: -0.011277507538462185
p-valu: 0.00043168676961374814

AL interation 387/4801.

mae: 0.18324594481630854
max_error: 0.8479031488134297
variance: 0.021149853567240858
pearson: -0.02215655292701751
p-valu: 4.643965777840656e-12

AL interation 388/4801.

mae: 0.1832281436781749
max_error: 0.8454080815830025
variance: 0.021171798470026898
pearson: 0.004491776037185582
p-valu: 0.16094134498769033

AL interation 389/4801.

mae: 0.18342052730664074
max_error: 0.8468103821782051
variance: 0.021166406703392385
pearson: -0.0016471015487295698
p-valu: 0.6072056678750871

AL interation 390/4801.

mae: 0.18404598536544145
max_error: 0.8476502663891949
variance: 0.02115519728940427
pearson: -0.011534134480091007
p-valu: 0.00031828664071654463

AL interation 391/4801.

mae: 0.1836638693807469
max_error: 0.8438671182977373
variance: 0.021125540642767393
pearson: -0.008183253934158783
p-valu: 0.010648179025409585

AL interation 392/4801.

mae: 0.18347031944627243
max_error: 0.8432283771532809
variance: 0.021063032851654225
pearson: -0.010561737435756797
p-valu: 0.0009793428895744753

AL interation 393/4801.

mae: 0.18336532334033703
max_error: 0.8441773595647817
variance: 0.020981374652792793
pearson: -0.011153486125646712
p-valu: 0.0004994016101811366

AL interation 394/4801.

mae: 0.1833899009273915
max_error: 0.8440057504730873
variance: 0.021049519721431768
pearson: -0.009550902669976543
p-valu: 0.002874400006646478

AL interation 395/4801.

mae: 0.18327700180576573
max_error: 0.8428165874966567
variance: 0.021033477937214138
pearson: -0.014084682962428232
p-valu: 1.1028457160126986e-05

AL interation 396/4801.

mae: 0.18342645552512687
max_error: 0.8427634015852448
variance: 0.02106523212331571
pearson: -0.0009292711851553149
p-valu: 0.7718022454882096

AL interation 397/4801.

mae: 0.18342306554755813
max_error: 0.8426514091465833
variance: 0.021064645534974603
pearson: -0.007002933688656674
p-valu: 0.0288466331368363

AL interation 398/4801.

mae: 0.183448170585674
max_error: 0.8430036541117829
variance: 0.02109059731463462
pearson: -0.007810747610637189
p-valu: 0.014781646737979565

AL interation 399/4801.

mae: 0.18343637155460357
max_error: 0.8430257843212985
variance: 0.0210923362534821
pearson: 0.010510324450424923
p-valu: 0.0010372261565825432

AL interation 400/4801.

mae: 0.18261578907600323
max_error: 0.8374376927067431
variance: 0.020933628923058015
pearson: -0.0015219805403647807
p-valu: 0.6347950446090669

AL interation 401/4801.

mae: 0.18260536569368305
max_error: 0.8390457714411355
variance: 0.02093551380530564
pearson: -0.011330136828609515
p-valu: 0.00040612813145720153

AL interation 402/4801.

mae: 0.18246240753059154
max_error: 0.8419742608305398
variance: 0.02100179322637127
pearson: -0.018404860238604995
p-valu: 9.229018925797095e-09

AL interation 403/4801.

mae: 0.18198577199739863
max_error: 0.8389129865949485
variance: 0.020973506276750733
pearson: 0.0013958852447719292
p-valu: 0.6631056637629428

AL interation 404/4801.

mae: 0.18195604016300232
max_error: 0.8394248360134213
variance: 0.020968333654293174
pearson: -0.0035492907186058854
p-valu: 0.26800707706584664

AL interation 405/4801.

mae: 0.1821839399149122
max_error: 0.8399691883560934
variance: 0.020996793122410155
pearson: -0.0020346232428611836
p-valu: 0.5254537017540747

AL interation 406/4801.

mae: 0.181970764542011
max_error: 0.8454135687857445
variance: 0.02100952825418883
pearson: -0.0031703357295361856
p-valu: 0.3224730813157727

AL interation 407/4801.

mae: 0.1816807382347255
max_error: 0.8458271129815955
variance: 0.02096237314401642
pearson: -0.006411204665209216
p-valu: 0.045414581702872936

AL interation 408/4801.

mae: 0.18171460777553386
max_error: 0.8455260473899386
variance: 0.020937687196488863
pearson: -0.0013761064219601114
p-valu: 0.6675988756886252

AL interation 409/4801.

mae: 0.18114803971213847
max_error: 0.8472415739166621
variance: 0.02082230675142834
pearson: 0.00927772937573735
p-valu: 0.003787053048025467

AL interation 410/4801.

mae: 0.1810540777509491
max_error: 0.849062237631216
variance: 0.020838276648900304
pearson: -0.0063026149416367545
p-valu: 0.04919765673414045

AL interation 411/4801.

mae: 0.18101560546139514
max_error: 0.8485471571447221
variance: 0.020793915245658774
pearson: -0.0005249092132544574
p-valu: 0.8698827400786897

AL interation 412/4801.

mae: 0.18101883133790903
max_error: 0.8482746163180224
variance: 0.02079299832529645
pearson: 0.0002810306797926375
p-valu: 0.9301149112405093

AL interation 413/4801.

mae: 0.18093630523721668
max_error: 0.8556652135484057
variance: 0.020842122770087724
pearson: 0.0017601117947625223
p-valu: 0.5828204935399918

AL interation 414/4801.

mae: 0.18088305041774322
max_error: 0.8564574620344416
variance: 0.020846459397187007
pearson: -0.010695749341994413
p-valu: 0.0008443045526454173

AL interation 415/4801.

mae: 0.18111935469433213
max_error: 0.8574739356308214
variance: 0.020923169170805254
pearson: 0.001843560082603576
p-valu: 0.5650850617582702

AL interation 416/4801.

mae: 0.1811150870893168
max_error: 0.8578299034666514
variance: 0.02092623105430861
pearson: -0.02076861227493602
p-valu: 9.06623397907854e-11

AL interation 417/4801.

mae: 0.1811984518961026
max_error: 0.8584002993080873
variance: 0.020937430829923206
pearson: -0.0032010326370053885
p-valu: 0.31783734004680647

AL interation 418/4801.

mae: 0.18105694920492119
max_error: 0.8614412400710307
variance: 0.02104678286199929
pearson: 0.00875548003996663
p-valu: 0.006290144251884733

AL interation 419/4801.

mae: 0.18103417701768101
max_error: 0.8603765220946968
variance: 0.021046790275343244
pearson: -0.0058512183501441785
p-valu: 0.06786242911500831

AL interation 420/4801.

mae: 0.18103518183631215
max_error: 0.8609288945982598
variance: 0.02103920803447964
pearson: 0.004225195098733156
p-valu: 0.1873384763758353

AL interation 421/4801.

mae: 0.1810356796644687
max_error: 0.8609832878848351
variance: 0.02103927408504874
pearson: -0.008194517040460522
p-valu: 0.010553096632179529

AL interation 422/4801.

mae: 0.18084286981812397
max_error: 0.860124762770397
variance: 0.020949524312750815
pearson: 0.01269164128275672
p-valu: 7.476411508650896e-05

AL interation 423/4801.

mae: 0.18106028753114514
max_error: 0.8589641631019447
variance: 0.02100011788405739
pearson: -0.01086346710598273
p-valu: 0.000698842860008161

AL interation 424/4801.

mae: 0.18103897943156097
max_error: 0.8595791158830366
variance: 0.020998707069578754
pearson: -0.0004715205186275233
p-valu: 0.8830241229050808

AL interation 425/4801.

mae: 0.1810311247784668
max_error: 0.8579406927825346
variance: 0.021001262161306142
pearson: -0.014623667878118713
p-valu: 5.030871360672376e-06

AL interation 426/4801.

mae: 0.1815044676082245
max_error: 0.8568345317067667
variance: 0.021099000491594508
pearson: 0.00048305135798136023
p-valu: 0.8801860885151523

AL interation 427/4801.

mae: 0.18159763097473258
max_error: 0.8589381457638865
variance: 0.021102111575740757
pearson: -0.000534245189018882
p-valu: 0.8676004419094663

AL interation 428/4801.

mae: 0.18161570543312616
max_error: 0.8589477938373591
variance: 0.021108225265265734
pearson: -0.005737259648452302
p-valu: 0.0734098445442891

AL interation 429/4801.

mae: 0.18163198196717906
max_error: 0.8589684602663397
variance: 0.021111509168105492
pearson: 0.004267686593025253
p-valu: 0.1829614745505158

AL interation 430/4801.

mae: 0.18167265753136025
max_error: 0.863049000509136
variance: 0.021114554877543778
pearson: -0.0064681678526070895
p-valu: 0.043556585954554514

AL interation 431/4801.

mae: 0.1816678033144716
max_error: 0.8630317721069787
variance: 0.021113331903062325
pearson: -0.007900763531071787
p-valu: 0.01368750558692436

AL interation 432/4801.

mae: 0.18109475705322142
max_error: 0.8622228999249728
variance: 0.021129559655970395
pearson: -0.004748885119776605
p-valu: 0.13838709775491664

AL interation 433/4801.

mae: 0.18093077673513744
max_error: 0.8646698327296463
variance: 0.021108364852154355
pearson: -0.014166955269868647
p-valu: 9.834650406553494e-06

AL interation 434/4801.

mae: 0.18095756298069823
max_error: 0.8644843572786556
variance: 0.02110742070368822
pearson: -0.006285791653077636
p-valu: 0.049834385912582164

AL interation 435/4801.

mae: 0.18087467628711712
max_error: 0.8641456840944102
variance: 0.02109907885866198
pearson: 0.004939453139241879
p-valu: 0.12325225101132946

AL interation 436/4801.

mae: 0.18080224772070647
max_error: 0.8662782150746295
variance: 0.02110606356426122
pearson: -0.0013896484830535436
p-valu: 0.6645720300149113

AL interation 437/4801.

mae: 0.18079385366711614
max_error: 0.8674166212749412
variance: 0.02110934093007991
pearson: -0.009022769256738093
p-valu: 0.00487165735410062

AL interation 438/4801.

mae: 0.18059887525865456
max_error: 0.8670320898770569
variance: 0.021059227146490434
pearson: 0.005354714847117229
p-valu: 0.09475802450454819

AL interation 439/4801.

mae: 0.18050372540132248
max_error: 0.8669984820897128
variance: 0.02103941721490984
pearson: 0.003544759079588772
p-valu: 0.2687045865431966

AL interation 440/4801.

mae: 0.1804906592752077
max_error: 0.8696899138172967
variance: 0.021058509826927186
pearson: -0.015459650939937657
p-valu: 1.40683559070462e-06

AL interation 441/4801.

mae: 0.18049582801619352
max_error: 0.869996449719622
variance: 0.02105655635248627
pearson: -0.009997910353766114
p-valu: 0.0018108063434111852

AL interation 442/4801.

mae: 0.18050465880465288
max_error: 0.8710825198775751
variance: 0.021071581877701907
pearson: 0.007617765787067019
p-valu: 0.017457978226710292

AL interation 443/4801.

mae: 0.18050384691322097
max_error: 0.8708469654191617
variance: 0.021075942332482188
pearson: -0.013611112425825777
p-valu: 2.1656225483564482e-05

AL interation 444/4801.

mae: 0.18050096450896477
max_error: 0.8707890218229011
variance: 0.02107427471638453
pearson: -0.006002432077649748
p-valu: 0.06108674500686524

AL interation 445/4801.

mae: 0.18024066698669497
max_error: 0.870321098408283
variance: 0.020988555591983732
pearson: -0.019929577588252173
p-valu: 5.005971437341961e-10

AL interation 446/4801.

mae: 0.18048640079866163
max_error: 0.8723151238628475
variance: 0.021072198893590816
pearson: -0.007152761437748444
p-valu: 0.025629765776249588

AL interation 447/4801.

mae: 0.18043267761466467
max_error: 0.8727156992390235
variance: 0.021053906335760812
pearson: -0.00020191734563095986
p-valu: 0.949766252890077

AL interation 448/4801.

mae: 0.18033536539715506
max_error: 0.8724278320784578
variance: 0.021054550388076184
pearson: 0.008506633251804403
p-valu: 0.007949844398068272

AL interation 449/4801.

mae: 0.1802599201102607
max_error: 0.8776922455709695
variance: 0.02102878029687171
pearson: -0.02493453370134872
p-valu: 7.197399562217314e-15

AL interation 450/4801.

mae: 0.18030614506804665
max_error: 0.886086709108767
variance: 0.021037085134391488
pearson: 0.008102742731268481
p-valu: 0.011466774257914349

AL interation 451/4801.

mae: 0.18032644062130737
max_error: 0.8860848739317078
variance: 0.02104059108517446
pearson: -0.0008177012774247131
p-valu: 0.7986256928289449

AL interation 452/4801.

mae: 0.18033900507773637
max_error: 0.8842716187079276
variance: 0.021050378581357585
pearson: -0.0013334820654886674
p-valu: 0.6773735663127646

AL interation 453/4801.

mae: 0.18020958912196564
max_error: 0.8780278326603224
variance: 0.0210244758533824
pearson: -0.0010965763929587195
p-valu: 0.7322509423074658

AL interation 454/4801.

mae: 0.18022291928949521
max_error: 0.8769478614902653
variance: 0.021028747976041245
pearson: -0.023597261971431138
p-valu: 1.7934858137044424e-13

AL interation 455/4801.

mae: 0.18021920346161888
max_error: 0.8773707969455842
variance: 0.021027135365097857
pearson: 0.015596001237762338
p-valu: 1.1375816767976208e-06

AL interation 456/4801.

mae: 0.18059504715404917
max_error: 0.8919685321295248
variance: 0.021221714150576998
pearson: 0.01018124499563057
p-valu: 0.0014901755908568333

AL interation 457/4801.

mae: 0.1806021865219273
max_error: 0.8919463800467042
variance: 0.02122410421187511
pearson: -0.0013275644173000858
p-valu: 0.6787328891881603

AL interation 458/4801.

mae: 0.18055044519364805
max_error: 0.8942104502214647
variance: 0.02117885004048933
pearson: 0.009409943074549941
p-valu: 0.0033258219126108927

AL interation 459/4801.

mae: 0.18053908579187788
max_error: 0.8941523438985399
variance: 0.02117359072738451
pearson: -0.01132767800348383
p-valu: 0.00040893552178834135

AL interation 460/4801.

mae: 0.18054258374925067
max_error: 0.8944978092460758
variance: 0.021178713209108732
pearson: 0.00641344683800816
p-valu: 0.04539786665121011

AL interation 461/4801.

mae: 0.18052927479664277
max_error: 0.8973247087780436
variance: 0.02118819275529557
pearson: -0.0026166864050909166
p-valu: 0.4142850590202366

AL interation 462/4801.

mae: 0.18055457155105847
max_error: 0.8999809836623172
variance: 0.02112904425638075
pearson: -0.010233207160250274
p-valu: 0.001409469448412287

AL interation 463/4801.

mae: 0.180623186452992
max_error: 0.8979510370984229
variance: 0.021093584824035415
pearson: 0.0028427049520577032
p-valu: 0.3751421873277298

AL interation 464/4801.

mae: 0.18062357312207492
max_error: 0.9001674249147271
variance: 0.0210527179327406
pearson: 0.014716465015811076
p-valu: 4.399913742941092e-06

AL interation 465/4801.

mae: 0.18066121063565177
max_error: 0.9001911925389408
variance: 0.02105631181838169
pearson: 0.003513762309568333
p-valu: 0.2729770553656948

AL interation 466/4801.

mae: 0.18068694569446797
max_error: 0.9120087953921825
variance: 0.021067675968682236
pearson: -0.0010464247931516292
p-valu: 0.7440735779693023

AL interation 467/4801.

mae: 0.18065080088458138
max_error: 0.9390499667750447
variance: 0.021236688440655162
pearson: 0.01983480809338077
p-valu: 6.068559508978915e-10

AL interation 468/4801.

mae: 0.18051099964337067
max_error: 0.9247578054074665
variance: 0.021083143153884647
pearson: 0.009493983525721504
p-valu: 0.0030567857338708363

AL interation 469/4801.

mae: 0.18045092368607216
max_error: 0.9233666267658123
variance: 0.021045873154913443
pearson: 0.0036710422454316544
p-valu: 0.2520940793217039

AL interation 470/4801.

mae: 0.18046596926512184
max_error: 0.9248703047642834
variance: 0.021023653317068465
pearson: 0.003173891062298201
p-valu: 0.32208977414557366

AL interation 471/4801.

mae: 0.18046488495649582
max_error: 0.9249162609280859
variance: 0.021024390485483508
pearson: -0.009017138877927381
p-valu: 0.004905851338709405

AL interation 472/4801.

mae: 0.18042848546725326
max_error: 0.9198555495761411
variance: 0.020996989447019505
pearson: -0.0017626135279110626
p-valu: 0.5823992214503775

AL interation 473/4801.

mae: 0.1804392514426907
max_error: 0.921922029435791
variance: 0.0209858567243219
pearson: 0.004553127625490739
p-valu: 0.15547936608872698

AL interation 474/4801.

mae: 0.1802172149087337
max_error: 0.9218399376904074
variance: 0.020929333666441396
pearson: 0.0019675027052508537
p-valu: 0.5393496140033145

AL interation 475/4801.

mae: 0.1800479109288073
max_error: 0.9124061230860718
variance: 0.020880292062244808
pearson: 0.0008303730300586506
p-valu: 0.7955983460526689

AL interation 476/4801.

mae: 0.18000694086387053
max_error: 0.9127324615710819
variance: 0.020915527066198227
pearson: 0.006540163944627728
p-valu: 0.041318749526969546

AL interation 477/4801.

mae: 0.17997296822554606
max_error: 0.9168881779600326
variance: 0.020906523256029697
pearson: 0.004639666111869764
p-valu: 0.14778244159775047

AL interation 478/4801.

mae: 0.1797837932891413
max_error: 0.9179292967927779
variance: 0.02083640366261873
pearson: 0.0016428412285549522
p-valu: 0.6082995092902997

AL interation 479/4801.

mae: 0.17962890031664505
max_error: 0.9153564844980338
variance: 0.02080593272442664
pearson: 0.0053283380902550154
p-valu: 0.09646555992701755

AL interation 480/4801.

mae: 0.17972765436653174
max_error: 0.9149142707687759
variance: 0.020810606355146827
pearson: 0.004131173929795347
p-valu: 0.19748281919026453

AL interation 481/4801.

mae: 0.17968650719410895
max_error: 0.9141480157102819
variance: 0.02081564660816714
pearson: 0.00927342292956507
p-valu: 0.0038162814796196534

AL interation 482/4801.

mae: 0.1794936970012391
max_error: 0.9164551554156048
variance: 0.020777393941901097
pearson: 0.0049833399462789465
p-valu: 0.12004515446720836

AL interation 483/4801.

mae: 0.1795466896748863
max_error: 0.9164355913904387
variance: 0.020782269713019174
pearson: 0.00011601957073245053
p-valu: 0.9711287698248136

AL interation 484/4801.

mae: 0.17954543579694662
max_error: 0.9164926115861647
variance: 0.020780616705976702
pearson: 0.008800357003566317
p-valu: 0.006044927417983231

AL interation 485/4801.

mae: 0.17931509063590914
max_error: 0.9154647971469956
variance: 0.020798529518648863
pearson: -0.012169844282464507
p-valu: 0.0001467429487175216

AL interation 486/4801.

mae: 0.1793318721844356
max_error: 0.9153011865652445
variance: 0.02080389841398721
pearson: -0.010641950283956172
p-valu: 0.00090072869463326

AL interation 487/4801.

mae: 0.17932964659749145
max_error: 0.9153036653740969
variance: 0.020804491835528127
pearson: -0.0008520192538678212
p-valu: 0.7904053274748132

AL interation 488/4801.

mae: 0.17943521759167103
max_error: 0.9159826916655049
variance: 0.020777834996321045
pearson: 0.0013561445404917565
p-valu: 0.6722643952559968

AL interation 489/4801.

mae: 0.1793487709897313
max_error: 0.9262074373506834
variance: 0.02075740661976361
pearson: -3.3560203832540904e-05
p-valu: 0.9916471995208975

AL interation 490/4801.

mae: 0.17930484171738822
max_error: 0.9278126746575026
variance: 0.020742079958634464
pearson: 0.010954748131884266
p-valu: 0.0006323553078774216

AL interation 491/4801.

mae: 0.17933604982036003
max_error: 0.9276821463342628
variance: 0.020744120294857102
pearson: 0.00670071889545964
p-valu: 0.03659579419784018

AL interation 492/4801.

mae: 0.17933360776475582
max_error: 0.9284905381977921
variance: 0.020704901135945867
pearson: 0.006725546458113527
p-valu: 0.03590698096220602

AL interation 493/4801.

mae: 0.17933169131166551
max_error: 0.9284579044626469
variance: 0.020706277108492686
pearson: -0.000849606285852044
p-valu: 0.7909914183166822

AL interation 494/4801.

mae: 0.17937571663516816
max_error: 0.9300830042269013
variance: 0.020728132702057044
pearson: -0.005028630557662982
p-valu: 0.1167373862481945

AL interation 495/4801.

mae: 0.17929138292569607
max_error: 0.9296241765272271
variance: 0.02072065859995933
pearson: 0.015388743798303342
p-valu: 1.5823146225358133e-06

AL interation 496/4801.

mae: 0.17933797140306462
max_error: 0.9339820102335068
variance: 0.020708797722725308
pearson: -0.004625499824048035
p-valu: 0.14906312787769407

AL interation 497/4801.

mae: 0.179179612088976
max_error: 0.9259071822357043
variance: 0.020669299531272067
pearson: 0.00432418624140452
p-valu: 0.17738485106771512

AL interation 498/4801.

mae: 0.17915340970189353
max_error: 0.9166179107962193
variance: 0.02069756450571392
pearson: 0.0018946117101015965
p-valu: 0.5545309700212768

AL interation 499/4801.

mae: 0.17910584278268588
max_error: 0.916225559374169
variance: 0.02068981336515847
pearson: -0.006149307812385585
p-valu: 0.05509152104337973

AL interation 500/4801.

mae: 0.17917657932125233
max_error: 0.9173529101689724
variance: 0.02069836784155231
pearson: 0.001701284872456668
p-valu: 0.5956443800125526

AL interation 501/4801.

mae: 0.17916406098865184
max_error: 0.9174705976797668
variance: 0.020694694227676665
pearson: -0.011407519843797193
p-valu: 0.00037313003547858497

AL interation 502/4801.

mae: 0.17919247722548545
max_error: 0.9172114287764259
variance: 0.02069201970174654
pearson: -0.003154729910214432
p-valu: 0.3250993119620582

AL interation 503/4801.

mae: 0.1792937993988484
max_error: 0.9122862187584246
variance: 0.020700805893962126
pearson: -0.003870401913582449
p-valu: 0.22733093198128487

AL interation 504/4801.

mae: 0.1791399854386739
max_error: 0.9141813098579519
variance: 0.02068083615650342
pearson: -0.013780442007741743
p-valu: 1.7189073492421137e-05

AL interation 505/4801.

mae: 0.1791312521654517
max_error: 0.91416722042797
variance: 0.020680882640058153
pearson: 0.0009805250223023842
p-valu: 0.7597242287641242

AL interation 506/4801.

mae: 0.17907301776079404
max_error: 0.9136235498306178
variance: 0.02064448434558656
pearson: 0.0019648452614075837
p-valu: 0.5399642986357449

AL interation 507/4801.

mae: 0.1790951625242153
max_error: 0.9132521224225059
variance: 0.020643826290491104
pearson: -0.00269178674349785
p-valu: 0.40112811861535635

AL interation 508/4801.

mae: 0.17890592967966804
max_error: 0.9146522640008357
variance: 0.020584773874833574
pearson: 0.0005819727649342123
p-valu: 0.8559557618668743

AL interation 509/4801.

mae: 0.17888695123689294
max_error: 0.914676089471385
variance: 0.020581173463308476
pearson: -0.0030362689383958362
p-valu: 0.34361432021100907

AL interation 510/4801.

mae: 0.17905441128690358
max_error: 0.9120961733434569
variance: 0.02055689839688283
pearson: 0.008367038558157871
p-valu: 0.009059411069231874

AL interation 511/4801.

mae: 0.1790431591263895
max_error: 0.912230197259845
variance: 0.020551456339515207
pearson: 0.01319473932442455
p-valu: 3.859696685440188e-05

AL interation 512/4801.

mae: 0.17901953019597242
max_error: 0.912058603506722
variance: 0.02055581766239067
pearson: -0.011863535142486113
p-valu: 0.00021522528625268016

AL interation 513/4801.

mae: 0.17905358715975586
max_error: 0.9114548416496575
variance: 0.02047268886120873
pearson: -0.003960258865591296
p-valu: 0.21674568702905947

AL interation 514/4801.

mae: 0.17909613375834565
max_error: 0.9114328319064953
variance: 0.020478966804548523
pearson: -0.011331635688586649
p-valu: 0.0004085706705165693

AL interation 515/4801.

mae: 0.17898868913075022
max_error: 0.9110410265902829
variance: 0.020561135199839365
pearson: -0.006658821363375917
p-valu: 0.037809044442334884

AL interation 516/4801.

mae: 0.1790131530186552
max_error: 0.9112083665333444
variance: 0.020584031932957318
pearson: -0.005688460180999503
p-valu: 0.07602278574452877

AL interation 517/4801.

mae: 0.17898775361556088
max_error: 0.9113499831812248
variance: 0.020561909220046987
pearson: 0.0004835452203604541
p-valu: 0.8801201524216116

AL interation 518/4801.

mae: 0.17903621897152472
max_error: 0.9107006409221299
variance: 0.0205731110621606
pearson: -0.004448999279119389
p-valu: 0.16524831162134312

AL interation 519/4801.

mae: 0.1790157030610088
max_error: 0.9106362014716467
variance: 0.020582149391657582
pearson: -0.004282117142979308
p-valu: 0.18168753582578845

AL interation 520/4801.

mae: 0.17890319490905768
max_error: 0.9065349719035964
variance: 0.0205729656040437
pearson: 0.0009126033320746335
p-valu: 0.7759237741351614

AL interation 521/4801.

mae: 0.17879324479332467
max_error: 0.9030241918905233
variance: 0.020561137531920817
pearson: 0.007632465245485068
p-valu: 0.017287375296167952

AL interation 522/4801.

mae: 0.17873015684155225
max_error: 0.9027885190163829
variance: 0.020565711834282813
pearson: 0.007781145141840246
p-valu: 0.0152284657504851

AL interation 523/4801.

mae: 0.17880010267473243
max_error: 0.9030761198677055
variance: 0.020589927277237918
pearson: -0.0017485097828448047
p-valu: 0.5855192248132293

AL interation 524/4801.

mae: 0.1787871156698818
max_error: 0.9031201779544915
variance: 0.02058448197077485
pearson: 0.010628021652664748
p-valu: 0.0009169710620767106

AL interation 525/4801.

mae: 0.17896627581832814
max_error: 0.9012977309516259
variance: 0.02044945395425769
pearson: 0.013215995071567482
p-valu: 3.755061231369809e-05

AL interation 526/4801.

mae: 0.1790137276074758
max_error: 0.9108257959902062
variance: 0.02043124625905797
pearson: 0.006511831193418103
p-valu: 0.042259444140372276

AL interation 527/4801.

mae: 0.1793900723859332
max_error: 0.9136270726718294
variance: 0.020525141643698168
pearson: 0.002720250694174856
p-valu: 0.3962156260141638

AL interation 528/4801.

mae: 0.17939668471495668
max_error: 0.9136478466945164
variance: 0.020527859599802637
pearson: -0.015496701925429058
p-valu: 1.3421350948346623e-06

AL interation 529/4801.

mae: 0.1792732189656224
max_error: 0.9131163205646828
variance: 0.020549299839726313
pearson: 0.004457088967416024
p-valu: 0.16450480506036214

AL interation 530/4801.

mae: 0.17927844398254533
max_error: 0.9135469770572797
variance: 0.020540981131718816
pearson: 0.0090207749689609
p-valu: 0.004901561508747001

AL interation 531/4801.

mae: 0.17892559674005545
max_error: 0.9102393853648891
variance: 0.020588542607386996
pearson: -0.007400714598805896
p-valu: 0.020991616945090323

AL interation 532/4801.

mae: 0.17889618039100375
max_error: 0.909858083150425
variance: 0.02058498601073919
pearson: 0.0015730890212902204
p-valu: 0.6237050417359794

AL interation 533/4801.

mae: 0.1788277316994388
max_error: 0.9036272734601596
variance: 0.02057505091763942
pearson: -0.01070155897073196
p-valu: 0.0008449975360768572

AL interation 534/4801.

mae: 0.17847420035481407
max_error: 0.9051276777124428
variance: 0.02055765175744545
pearson: 0.005971504882840316
p-valu: 0.06255298256103779

AL interation 535/4801.

mae: 0.17823978693199888
max_error: 0.9048981079472753
variance: 0.020554504916315393
pearson: 0.0014144340727394256
p-valu: 0.6591269397003018

AL interation 536/4801.

mae: 0.17810642538682903
max_error: 0.9040398402433993
variance: 0.02055781542250652
pearson: -0.007696254380236922
p-valu: 0.016383915495189402

AL interation 537/4801.

mae: 0.1781182452056985
max_error: 0.9031734054065623
variance: 0.020563211523814587
pearson: 0.004129227051442855
p-valu: 0.19782545948803956

AL interation 538/4801.

mae: 0.17843840801089267
max_error: 0.9002862010022739
variance: 0.02062042086545328
pearson: 0.01093136282102602
p-valu: 0.0006515215659960552

AL interation 539/4801.

mae: 0.17880912205221483
max_error: 0.911758855630751
variance: 0.020703450962023782
pearson: 0.01458623555849103
p-valu: 5.386343832371859e-06

AL interation 540/4801.

mae: 0.1786097337598011
max_error: 0.9035956628380291
variance: 0.020678099175192723
pearson: -0.008320859512898262
p-valu: 0.00945910903277436

AL interation 541/4801.

mae: 0.1784707101853355
max_error: 0.9016104844847632
variance: 0.02048972403496075
pearson: 0.0075177990918727546
p-valu: 0.01905097420094485

AL interation 542/4801.

mae: 0.1783820788570395
max_error: 0.9018055528065645
variance: 0.020475903064936185
pearson: -0.0023338110898214826
p-valu: 0.46672440526216535

AL interation 543/4801.

mae: 0.1783737861168881
max_error: 0.9019285036782207
variance: 0.02047280466772539
pearson: 0.00427992296509661
p-valu: 0.1819653632857005

AL interation 544/4801.

mae: 0.1783761717698013
max_error: 0.9021730960509444
variance: 0.020492732567004245
pearson: 0.016305285414765443
p-valu: 3.6719683598195424e-07

AL interation 545/4801.

mae: 0.17824907472784673
max_error: 0.9003829019619332
variance: 0.020465473252303586
pearson: 0.004973386252587204
p-valu: 0.12090727751127106

AL interation 546/4801.

mae: 0.17829004011147548
max_error: 0.9005271340276408
variance: 0.020493493131029404
pearson: 0.005717528734384525
p-valu: 0.07458047824193019

AL interation 547/4801.

mae: 0.17833837422298926
max_error: 0.9002181551350645
variance: 0.020475888932887168
pearson: 0.018060710138608476
p-valu: 1.774160129467838e-08

AL interation 548/4801.

mae: 0.1783407342610126
max_error: 0.9007935155278233
variance: 0.02048130098365935
pearson: 0.0019338727297288027
p-valu: 0.5464581885725203

AL interation 549/4801.

mae: 0.17855418740034942
max_error: 0.9016720895507717
variance: 0.02044857025474219
pearson: -0.00019638276323643037
p-valu: 0.9511669910369493

AL interation 550/4801.

mae: 0.1788485955399078
max_error: 0.8991926389053049
variance: 0.02042485243340807
pearson: -0.0014125192561504384
p-valu: 0.6595838964243892

AL interation 551/4801.

mae: 0.17889813931900564
max_error: 0.8990103108670269
variance: 0.020377844162549934
pearson: 0.005464764216840183
p-valu: 0.08835025183373629

AL interation 552/4801.

mae: 0.1789460878767371
max_error: 0.8995066984898017
variance: 0.02033900880537994
pearson: 0.004141384092279242
p-valu: 0.19654301052264392

AL interation 553/4801.

mae: 0.17878853682978513
max_error: 0.9020973419986831
variance: 0.02039595903164206
pearson: -0.007461474411955806
p-valu: 0.019974723513557745

AL interation 554/4801.

mae: 0.17866717614638966
max_error: 0.9034337149131773
variance: 0.020290009130903085
pearson: 0.011771772760844585
p-valu: 0.0002415807840083755

AL interation 555/4801.

mae: 0.17868116885090501
max_error: 0.9010392272011529
variance: 0.020301151364864024
pearson: -0.009277104019509727
p-valu: 0.0038157000790171812

AL interation 556/4801.

mae: 0.17861237127454802
max_error: 0.9010278862214136
variance: 0.02028246668413024
pearson: 0.007412917839771808
p-valu: 0.020797302274716257

AL interation 557/4801.

mae: 0.17856461728707393
max_error: 0.9013862830528012
variance: 0.020282620381646542
pearson: 0.015547278032400302
p-valu: 1.2442090614811565e-06

AL interation 558/4801.

mae: 0.17855240657593624
max_error: 0.9024419733349305
variance: 0.020288174426137392
pearson: -0.001738092539817377
p-valu: 0.5878225504941256

AL interation 559/4801.

mae: 0.17851152576503693
max_error: 0.9018272525702571
variance: 0.020287320973766978
pearson: 0.008900309629561107
p-valu: 0.0055125988141707626

AL interation 560/4801.

mae: 0.17856339584970343
max_error: 0.9018411774409572
variance: 0.020302061833732652
pearson: 0.006015384443388305
p-valu: 0.06068412577206225

AL interation 561/4801.

mae: 0.17854992663262237
max_error: 0.8992071520963236
variance: 0.020278916443091394
pearson: 0.0031805139301015824
p-valu: 0.3213074039385911

AL interation 562/4801.

mae: 0.17855341488202547
max_error: 0.8989820728479287
variance: 0.020282865206382027
pearson: 0.010844914489320104
p-valu: 0.0007200559659163231

AL interation 563/4801.

mae: 0.17856023124690648
max_error: 0.8962748330898762
variance: 0.020329528060056445
pearson: -0.006734623124980023
p-valu: 0.03572496213517063

AL interation 564/4801.

mae: 0.17851523346929601
max_error: 0.8956520581166387
variance: 0.020309950698642682
pearson: -0.003752462449000722
p-valu: 0.24195762376234373

AL interation 565/4801.

mae: 0.17851794120046457
max_error: 0.8957736043595901
variance: 0.020311421824872222
pearson: 0.0007995334500768355
p-valu: 0.8031197822850021

AL interation 566/4801.

mae: 0.17852129140421671
max_error: 0.8957592991670538
variance: 0.02031224206711982
pearson: 0.013958455849714758
p-valu: 1.3445086817672655e-05

AL interation 567/4801.

mae: 0.17851884518217856
max_error: 0.8956889722259405
variance: 0.020312871887304865
pearson: 0.00598901857328341
p-valu: 0.06183167479266555

AL interation 568/4801.

mae: 0.17854204305464963
max_error: 0.8959180613304056
variance: 0.02031803754928535
pearson: 0.0016363653262439282
p-valu: 0.6098791482897378

AL interation 569/4801.

mae: 0.17857746324095747
max_error: 0.8915269657173042
variance: 0.020321817331782892
pearson: -0.007381747845245248
p-valu: 0.02134814929195307

AL interation 570/4801.

mae: 0.1785787667296422
max_error: 0.8918061191585309
variance: 0.0203263266800484
pearson: 0.00875036538123876
p-valu: 0.0063616906092820455

AL interation 571/4801.

mae: 0.17867694391799263
max_error: 0.892625001675043
variance: 0.02032400177227014
pearson: 0.007461203396424445
p-valu: 0.019990695657558368

AL interation 572/4801.

mae: 0.17841531983549624
max_error: 0.894993215316731
variance: 0.020250240841378747
pearson: 0.0014819938576420121
p-valu: 0.6440090255699557

AL interation 573/4801.

mae: 0.1781796043025979
max_error: 0.8934291538130026
variance: 0.020177562741870596
pearson: 0.003977526828343844
p-valu: 0.21488984703046524

AL interation 574/4801.

mae: 0.17817602197123528
max_error: 0.8941062728316638
variance: 0.020166533426148853
pearson: 0.014318571644063442
p-valu: 8.012212998976093e-06

AL interation 575/4801.

mae: 0.17821178546201544
max_error: 0.89434300058997
variance: 0.020134965822814092
pearson: 0.007429549660464732
p-valu: 0.02052529190800315

AL interation 576/4801.

mae: 0.17807490621301483
max_error: 0.8956939189633317
variance: 0.02015677230307395
pearson: -0.010115436227118782
p-valu: 0.001609881936208058

AL interation 577/4801.

mae: 0.17809804466295018
max_error: 0.8961632400025792
variance: 0.02014027558124785
pearson: 0.009428922665285732
p-valu: 0.003281884294354354

AL interation 578/4801.

mae: 0.17809158121813926
max_error: 0.8961634761906794
variance: 0.020138040681943255
pearson: -0.0027696139137602287
p-valu: 0.38782501351055715

AL interation 579/4801.

mae: 0.1780929763858223
max_error: 0.8945674936054786
variance: 0.020139065848193246
pearson: 0.013533247789167521
p-valu: 2.444716139263652e-05

AL interation 580/4801.

mae: 0.17829040202604585
max_error: 0.8959155697444317
variance: 0.020155027407661303
pearson: 0.008292782227351464
p-valu: 0.00971784250018945

AL interation 581/4801.

mae: 0.17791855579633473
max_error: 0.8940716680793059
variance: 0.020183637530067744
pearson: -0.002062271395520052
p-valu: 0.520219010486235

AL interation 582/4801.

mae: 0.17790109735005752
max_error: 0.8941476485767907
variance: 0.020178384439965995
pearson: 0.004823041677396785
p-valu: 0.13263178578577364

AL interation 583/4801.

mae: 0.17785394085056574
max_error: 0.8932608714672767
variance: 0.020146813297307994
pearson: -0.002324722225194627
p-valu: 0.4685552866307491

AL interation 584/4801.

mae: 0.17785034941083655
max_error: 0.892795717125523
variance: 0.020141922375618623
pearson: 0.0014738065336739642
p-valu: 0.6458611085916914

AL interation 585/4801.

mae: 0.1776485730600355
max_error: 0.8923866267838321
variance: 0.02011792365083254
pearson: -0.007636212152517314
p-valu: 0.017269315503321885

AL interation 586/4801.

mae: 0.17765021587099208
max_error: 0.8923347770568171
variance: 0.020118052970166195
pearson: -0.01161235987262874
p-valu: 0.0002937937000104478

AL interation 587/4801.

mae: 0.17765722936916603
max_error: 0.8923391850451594
variance: 0.02011793045689057
pearson: 0.004498114485652673
p-valu: 0.16077907716032622

AL interation 588/4801.

mae: 0.17771742566317103
max_error: 0.8893860033408032
variance: 0.0201311875585744
pearson: -0.002955012987232177
p-valu: 0.3568787342983052

AL interation 589/4801.

mae: 0.17772435966629083
max_error: 0.8892067275087356
variance: 0.020130839782838566
pearson: -0.012414133911937453
p-valu: 0.00010854007463192296

AL interation 590/4801.

mae: 0.17773413571456695
max_error: 0.8889783610688085
variance: 0.0201670712475725
pearson: -0.0025211465211416985
p-valu: 0.43183979481659057

AL interation 591/4801.

mae: 0.17776342237215767
max_error: 0.8891473836791306
variance: 0.02016232248712184
pearson: 0.001103476744420941
p-valu: 0.7308149943790986

AL interation 592/4801.

mae: 0.17775094712676828
max_error: 0.8893476346075317
variance: 0.020159527235440282
pearson: 0.014410286120118873
p-valu: 7.021261346515141e-06

AL interation 593/4801.

mae: 0.17776405169254236
max_error: 0.8894288375038286
variance: 0.020165667194704723
pearson: 0.014981773699992602
p-valu: 2.9940869446175013e-06

AL interation 594/4801.

mae: 0.17776342554193833
max_error: 0.8894882657556877
variance: 0.02016568171102056
pearson: 0.016708984297421597
p-valu: 1.890410377886679e-07

AL interation 595/4801.

mae: 0.17808128104538248
max_error: 0.8948875409681136
variance: 0.020232712247579995
pearson: 0.0019062722067922915
p-valu: 0.552294734258057

AL interation 596/4801.

mae: 0.17802220660937038
max_error: 0.8943284804101381
variance: 0.020219553960114125
pearson: -0.00043543472571037217
p-valu: 0.892014044451131

AL interation 597/4801.

mae: 0.17801394427171688
max_error: 0.8934524387263707
variance: 0.020208000041515628
pearson: -0.0018435536207067446
p-valu: 0.5654501706063452

AL interation 598/4801.

mae: 0.1777941446542027
max_error: 0.8978585533714636
variance: 0.020123364368489414
pearson: -0.015300988399789245
p-valu: 1.8363871241933094e-06

AL interation 599/4801.

mae: 0.17779102155230483
max_error: 0.8978887907289845
variance: 0.020124085623005723
pearson: -0.007399570862923283
p-valu: 0.021056399907400127

AL interation 600/4801.

mae: 0.17778406280663137
max_error: 0.8978560727512956
variance: 0.020123549507536656
pearson: 0.0032083509436822187
p-valu: 0.31718734001263554

AL interation 601/4801.

mae: 0.17732392169974492
max_error: 0.8986584679938119
variance: 0.02012478515776116
pearson: -0.0007360013626334678
p-valu: 0.8185126379623059

AL interation 602/4801.

mae: 0.17724214695290488
max_error: 0.8988795458357401
variance: 0.02010195228047589
pearson: 0.006136778644595061
p-valu: 0.05571836402027141

AL interation 603/4801.

mae: 0.177384305368105
max_error: 0.8987289279533854
variance: 0.0200847927399688
pearson: -0.00665993728888488
p-valu: 0.037863696038972605

AL interation 604/4801.

mae: 0.1773586450743
max_error: 0.8986771227734494
variance: 0.02008124040713649
pearson: 0.00922880254960254
p-valu: 0.0040119458241748415

AL interation 605/4801.

mae: 0.17744642589188056
max_error: 0.896895079058595
variance: 0.020087023855038293
pearson: -0.003623446084028407
p-valu: 0.25862844945376623

AL interation 606/4801.

mae: 0.17733410292854723
max_error: 0.8973397686879707
variance: 0.02009839788023038
pearson: -0.0006114915866115987
p-valu: 0.8488108687157329

AL interation 607/4801.

mae: 0.17732279932540718
max_error: 0.8974723004198211
variance: 0.020093742363963007
pearson: -0.007371762582245432
p-valu: 0.021550008940826183

AL interation 608/4801.

mae: 0.17733944492603923
max_error: 0.8972815664915004
variance: 0.020095859767598978
pearson: 0.0068492326997638495
p-valu: 0.03273740041472441

AL interation 609/4801.

mae: 0.17754487330872776
max_error: 0.8961315507113454
variance: 0.02009024655326017
pearson: -0.0010285504651305233
p-valu: 0.7484745704485952

AL interation 610/4801.

mae: 0.17755608766394015
max_error: 0.8955866417140044
variance: 0.02009463658490675
pearson: 0.008332124551519736
p-valu: 0.009388395979294107

AL interation 611/4801.

mae: 0.17755958135135455
max_error: 0.8946763173796057
variance: 0.020100746595262512
pearson: -0.0017600581820083235
p-valu: 0.5832153598366066

AL interation 612/4801.

mae: 0.1774610961376361
max_error: 0.893888011423229
variance: 0.020113959553134456
pearson: -0.0023977491015323097
p-valu: 0.45476813718581205

AL interation 613/4801.

mae: 0.1774788632081033
max_error: 0.8938588693787892
variance: 0.020125488454567766
pearson: 0.0003263525548958167
p-valu: 0.9189642047966168

AL interation 614/4801.

mae: 0.17748233203102523
max_error: 0.8938177717584779
variance: 0.02012627202994475
pearson: 0.011367746878602402
p-valu: 0.0003942152771258842

AL interation 615/4801.

mae: 0.17739849321327378
max_error: 0.8932462368733809
variance: 0.020125985437446953
pearson: -0.006566967364107159
p-valu: 0.04063692430825054

AL interation 616/4801.

mae: 0.1773709886762111
max_error: 0.8926009309002723
variance: 0.02010719509976822
pearson: 0.004848677967555333
p-valu: 0.13065265497876957

AL interation 617/4801.

mae: 0.17736880130127392
max_error: 0.892535142897799
variance: 0.020116481907484593
pearson: -0.008494579101471922
p-valu: 0.00809384485360491

AL interation 618/4801.

mae: 0.17740349296514626
max_error: 0.8933203483571219
variance: 0.020114268704891893
pearson: -0.0169282888832033
p-valu: 1.309298430446602e-07

AL interation 619/4801.

mae: 0.17741911412601116
max_error: 0.8934056617991928
variance: 0.020101954697865385
pearson: -0.0034508254441032744
p-valu: 0.2820412673510142

AL interation 620/4801.

mae: 0.17739897304507038
max_error: 0.893423099380243
variance: 0.020115875986714257
pearson: 0.019798842340808843
p-valu: 6.719358671833727e-10

AL interation 621/4801.

mae: 0.17729244968909713
max_error: 0.8947533873741804
variance: 0.02005018162971102
pearson: 0.011180772186600903
p-valu: 0.0004912047914932339

AL interation 622/4801.

mae: 0.17728489966149774
max_error: 0.8959884410641052
variance: 0.02006129647608896
pearson: 0.007026130433662764
p-valu: 0.028503818606073445

AL interation 623/4801.

mae: 0.1771624258419097
max_error: 0.8955011216881701
variance: 0.020069947778142676
pearson: 0.0037138868232625545
p-valu: 0.2469752899847367

AL interation 624/4801.

mae: 0.17719935339711465
max_error: 0.9041146924135148
variance: 0.020074887027387755
pearson: -0.004223762415573236
p-valu: 0.18795088968580634

AL interation 625/4801.

mae: 0.1772176041176941
max_error: 0.9034416159452121
variance: 0.02004929912358632
pearson: 0.004972702367407318
p-valu: 0.12111141520735698

AL interation 626/4801.

mae: 0.1772359917006947
max_error: 0.9032242583504342
variance: 0.020053901279768596
pearson: 0.010089750686476329
p-valu: 0.0016592124864613987

AL interation 627/4801.

mae: 0.1769708239114085
max_error: 0.9006765138143464
variance: 0.019944255470981827
pearson: -0.0016073338490500233
p-valu: 0.6163420049050634

AL interation 628/4801.

mae: 0.17700402061303863
max_error: 0.9005485562063882
variance: 0.019940421888177188
pearson: 0.006851927034988939
p-valu: 0.032686805656211154

AL interation 629/4801.

mae: 0.1770027531243889
max_error: 0.9005506870774695
variance: 0.019940706610511606
pearson: 0.005295188659128292
p-valu: 0.09881609258906941

AL interation 630/4801.

mae: 0.17693904889312462
max_error: 0.9002399658164961
variance: 0.019924922931923213
pearson: 0.0031685932238150133
p-valu: 0.32329620757434585

AL interation 631/4801.

mae: 0.17691260605668732
max_error: 0.9005327055429859
variance: 0.01990976740786914
pearson: 0.013059404078324096
p-valu: 4.6813528825139956e-05

AL interation 632/4801.

mae: 0.1769029818868331
max_error: 0.9004973460634176
variance: 0.019900352531597276
pearson: -0.004773874290934742
p-valu: 0.13672688948696662

AL interation 633/4801.

mae: 0.1769052344479763
max_error: 0.9003313994765847
variance: 0.019950601261622812
pearson: 0.015879078239455634
p-valu: 7.420792325369882e-07

AL interation 634/4801.

mae: 0.17690686614471623
max_error: 0.900294707080775
variance: 0.019950143387803623
pearson: 0.013872737597926704
p-valu: 1.5288688730526027e-05

AL interation 635/4801.

mae: 0.1770159888185971
max_error: 0.8977171546017644
variance: 0.0199495119751517
pearson: 0.010408306045405383
p-valu: 0.0011767745590583328

AL interation 636/4801.

mae: 0.17680095630441275
max_error: 0.8967230278869636
variance: 0.01991201142847679
pearson: 0.0022760656476474407
p-valu: 0.47803446715895265

AL interation 637/4801.

mae: 0.17665982620946055
max_error: 0.8965750544596176
variance: 0.01989940924932902
pearson: 0.013199468733805127
p-valu: 3.879689951723829e-05

AL interation 638/4801.

mae: 0.1766247934847974
max_error: 0.8957898189050582
variance: 0.019892673802997467
pearson: 0.006799275608958155
p-valu: 0.0340577602711369

AL interation 639/4801.

mae: 0.1765744072179591
max_error: 0.895898325415061
variance: 0.019889150062103313
pearson: -0.007045209321412514
p-valu: 0.028089281524761207

AL interation 640/4801.

mae: 0.1766060451825082
max_error: 0.8970805208499257
variance: 0.01996634539431829
pearson: 0.01667316045656307
p-valu: 2.0209337619430938e-07

AL interation 641/4801.

mae: 0.17662294385356153
max_error: 0.8951538744871357
variance: 0.019993277441870738
pearson: -0.000605248416767364
p-valu: 0.8503627760735316

AL interation 642/4801.

mae: 0.17663845099567754
max_error: 0.8952694725883816
variance: 0.019995880399549852
pearson: 0.010361090475406988
p-valu: 0.0012395681048295887

AL interation 643/4801.

mae: 0.17675928276705496
max_error: 0.8895976254788138
variance: 0.01997454978390663
pearson: 0.005820015106331722
p-valu: 0.06966360028785581

AL interation 644/4801.

mae: 0.17722548864570017
max_error: 0.8913736792967768
variance: 0.020075791808996473
pearson: 0.010890496829581072
p-valu: 0.0006872660182406697

AL interation 645/4801.

mae: 0.17714590730485583
max_error: 0.8924662792074685
variance: 0.02006452288268139
pearson: -0.008057076771200336
p-valu: 0.012026192005072404

AL interation 646/4801.

mae: 0.17674629148479265
max_error: 0.8961604261304785
variance: 0.01998564533333529
pearson: 0.004972965546394328
p-valu: 0.1211319283865539

AL interation 647/4801.

mae: 0.1767573680701738
max_error: 0.8962712255820406
variance: 0.019984940667153256
pearson: 0.0020239794287035943
p-valu: 0.5281358035283142

AL interation 648/4801.

mae: 0.1767095833214762
max_error: 0.8965163310220419
variance: 0.019982063976567477
pearson: -0.005772663192815337
p-valu: 0.07197350296689338

AL interation 649/4801.

mae: 0.17705597610915771
max_error: 0.8935040568123327
variance: 0.020104803344185237
pearson: 0.0029880445010211773
p-valu: 0.35168012957357614

AL interation 650/4801.

mae: 0.17680780738714094
max_error: 0.8962056874076723
variance: 0.020151180208984917
pearson: 0.007545081473828439
p-valu: 0.018686749380925193

AL interation 651/4801.

mae: 0.17679027417593932
max_error: 0.8937855451488588
variance: 0.020102362679115186
pearson: -0.0003899558192305096
p-valu: 0.9032611687092784

AL interation 652/4801.

mae: 0.17704096759171745
max_error: 0.891080000771268
variance: 0.0201640533058746
pearson: 0.00860127260526858
p-valu: 0.0073422457204489104

AL interation 653/4801.

mae: 0.17701108967055132
max_error: 0.8908446157973628
variance: 0.020165897217142383
pearson: 0.009231037138334326
p-valu: 0.004012312583769574

AL interation 654/4801.

mae: 0.17700950209328853
max_error: 0.8908430395936193
variance: 0.02016566442470268
pearson: 0.006186235328676778
p-valu: 0.05383832153433317

AL interation 655/4801.

mae: 0.177016219753923
max_error: 0.8907827442895382
variance: 0.020170942448376132
pearson: -0.001307488826426765
p-valu: 0.6836303233360455

AL interation 656/4801.

mae: 0.17685302845054235
max_error: 0.8903150801403683
variance: 0.020148975409349356
pearson: 0.0066154149607979005
p-valu: 0.03921877356217967

AL interation 657/4801.

mae: 0.1766339456175296
max_error: 0.8898853234090325
variance: 0.020117167279027362
pearson: 0.011521870913899751
p-valu: 0.0003291798643784434

AL interation 658/4801.

mae: 0.17631978358966321
max_error: 0.8921148617054939
variance: 0.01997109562612686
pearson: -0.0014186822763610505
p-valu: 0.6583705987215193

AL interation 659/4801.

mae: 0.17638822564270937
max_error: 0.8932652351904835
variance: 0.019941537800897333
pearson: 0.028976447542433198
p-valu: 1.6702800737683618e-19

AL interation 660/4801.

mae: 0.17626639231159238
max_error: 0.8929782525958672
variance: 0.019919996777039733
pearson: -0.00046683123123917344
p-valu: 0.8843186564367278

AL interation 661/4801.

mae: 0.17628336468719527
max_error: 0.8929607833834154
variance: 0.01992977722923735
pearson: 0.005764434245440233
p-valu: 0.0723990605816742

AL interation 662/4801.

mae: 0.17624081010200474
max_error: 0.8920273440721473
variance: 0.019938695079798095
pearson: 0.0036993300481812114
p-valu: 0.24892754887087903

AL interation 663/4801.

mae: 0.17648684865892586
max_error: 0.8917428107589842
variance: 0.020044952981477487
pearson: 0.021844513572900032
p-valu: 9.830498615071845e-12

AL interation 664/4801.

mae: 0.17665908875399441
max_error: 0.8909806905335671
variance: 0.020060386418301705
pearson: -0.006537711708956048
p-valu: 0.041591833519005486

AL interation 665/4801.

mae: 0.17665090378641984
max_error: 0.892278800549855
variance: 0.02006797771777418
pearson: 0.0034170351479332712
p-valu: 0.2868943628880439

AL interation 666/4801.

mae: 0.1764772339414898
max_error: 0.8927884605744718
variance: 0.020014942534927527
pearson: 0.013620168540494531
p-valu: 2.185459927473715e-05

AL interation 667/4801.

mae: 0.1764795905811925
max_error: 0.8928206792983931
variance: 0.020004415643376006
pearson: 0.006719479277545333
p-valu: 0.036242091261121816

AL interation 668/4801.

mae: 0.17647536347745085
max_error: 0.892825367095124
variance: 0.020002099744010644
pearson: 0.014670544723202209
p-valu: 4.821458493426311e-06

AL interation 669/4801.

mae: 0.1764866621828522
max_error: 0.8932384543172942
variance: 0.020003575521716027
pearson: 0.012099032192415031
p-valu: 0.00016268898925216602

AL interation 670/4801.

mae: 0.17655001668418588
max_error: 0.8945145118059177
variance: 0.02000355342127221
pearson: 0.013657920802732525
p-valu: 2.074400219126566e-05

AL interation 671/4801.

mae: 0.17655471960545271
max_error: 0.8945000767307434
variance: 0.02000558016146873
pearson: 0.007331066819908181
p-valu: 0.022326504293332772

AL interation 672/4801.

mae: 0.17664331572676112
max_error: 0.8934258162500814
variance: 0.02002325579717661
pearson: 0.01808141496822057
p-valu: 1.7452361311195437e-08

AL interation 673/4801.

mae: 0.17661440184218702
max_error: 0.8933043590387069
variance: 0.020021053339829196
pearson: 0.013724434242648393
p-valu: 1.8909356952160712e-05

AL interation 674/4801.

mae: 0.17671439079199008
max_error: 0.8935254748277259
variance: 0.02003542476660592
pearson: 0.0019833880925325636
p-valu: 0.53649858952698

AL interation 675/4801.

mae: 0.17666538457488695
max_error: 0.8925869868307785
variance: 0.02001491143284947
pearson: 0.00385199241413933
p-valu: 0.22996152508604384

AL interation 676/4801.

mae: 0.17654774977763016
max_error: 0.8874739122237827
variance: 0.020031005535883953
pearson: 0.0005048905651606505
p-valu: 0.8749723783814563

AL interation 677/4801.

mae: 0.17655514239330733
max_error: 0.8857967469398673
variance: 0.020099578442945933
pearson: 0.007903802459279198
p-valu: 0.01377060441394677

AL interation 678/4801.

mae: 0.17655311697680345
max_error: 0.8857836755511457
variance: 0.020100403079081692
pearson: 0.018380912402077617
p-valu: 1.0119616777617433e-08

AL interation 679/4801.

mae: 0.1763620924480417
max_error: 0.885081410627528
variance: 0.02005078802361982
pearson: 0.013208418977296582
p-valu: 3.847856747091133e-05

AL interation 680/4801.

mae: 0.17636007416315183
max_error: 0.8851172600897197
variance: 0.020048676407447327
pearson: 0.014848905400338556
p-valu: 3.6971235553094865e-06

AL interation 681/4801.

mae: 0.17685921779422045
max_error: 0.8857205431626411
variance: 0.020159683523184972
pearson: 0.017455682710937503
p-valu: 5.321491118551625e-08

AL interation 682/4801.

mae: 0.17684963554951313
max_error: 0.8819221586834161
variance: 0.020153497405450825
pearson: 0.01231833366381628
p-valu: 0.00012356043430945671

AL interation 683/4801.

mae: 0.17688499306716676
max_error: 0.8850822790288717
variance: 0.020196059915919818
pearson: 0.00246264457290852
p-valu: 0.44281995172273764

AL interation 684/4801.

mae: 0.17696271320501047
max_error: 0.8851395593608942
variance: 0.02020945668858253
pearson: 0.014573069443002372
p-valu: 5.581499889483705e-06

AL interation 685/4801.

mae: 0.17697353702858665
max_error: 0.886343511629935
variance: 0.020210419297995805
pearson: 0.005209796006582826
p-valu: 0.10447542533446559

AL interation 686/4801.

mae: 0.17699324446004153
max_error: 0.8854825694165704
variance: 0.02020962678849761
pearson: 0.00403223405389992
p-valu: 0.20891342718432537

AL interation 687/4801.

mae: 0.17705268467504345
max_error: 0.8848106827096096
variance: 0.020234870968753045
pearson: 0.00466801249433674
p-valu: 0.14575786926044823

AL interation 688/4801.

mae: 0.17705362739791008
max_error: 0.884536672510567
variance: 0.020223084014893887
pearson: 0.011220609189824081
p-valu: 0.0004710143955967897

AL interation 689/4801.

mae: 0.17704456535936142
max_error: 0.8859896413229862
variance: 0.020234203827255662
pearson: 0.009874523442963365
p-valu: 0.002089568822924442

AL interation 690/4801.

mae: 0.17705223834337203
max_error: 0.886003022404882
variance: 0.020224800655097026
pearson: 0.02620004827128019
p-valu: 3.1909859495985685e-16

AL interation 691/4801.

mae: 0.1768128535834158
max_error: 0.8857109892192021
variance: 0.020275077370713143
pearson: 0.019961235348796368
p-valu: 4.942383116370256e-10

AL interation 692/4801.

mae: 0.1766981396193591
max_error: 0.8847523688737766
variance: 0.020295797694733712
pearson: 0.00016533562768891545
p-valu: 0.9589099826266129

AL interation 693/4801.

mae: 0.1767212624348302
max_error: 0.8851746028620227
variance: 0.020302065672981123
pearson: 0.011931704402096762
p-valu: 0.00020061424742995882

AL interation 694/4801.

mae: 0.1765925730077778
max_error: 0.888436374402847
variance: 0.02029994647250438
pearson: -0.007089154547670577
p-valu: 0.027166990280212126

AL interation 695/4801.

mae: 0.17650331635807043
max_error: 0.8882104396247357
variance: 0.02028079471672193
pearson: 0.005056679987393053
p-valu: 0.11508666152492537

AL interation 696/4801.

mae: 0.17650014897902747
max_error: 0.8883630575596477
variance: 0.02028184676100899
pearson: 0.007769736812202322
p-valu: 0.015470510446227631

AL interation 697/4801.

mae: 0.17650428005965096
max_error: 0.8878634973076878
variance: 0.020285658929768337
pearson: 0.009250375458888786
p-valu: 0.0039444945625466705

AL interation 698/4801.

mae: 0.1762992155996609
max_error: 0.8974708988581668
variance: 0.020235559250022662
pearson: 0.009903433118021854
p-valu: 0.0020282520686875057

AL interation 699/4801.

mae: 0.17702320397636784
max_error: 0.9026431180277363
variance: 0.020313966833987583
pearson: 0.009959445697960992
p-valu: 0.0019124416261912865

AL interation 700/4801.

mae: 0.17700545938140397
max_error: 0.9028338495343107
variance: 0.02032646494897337
pearson: -0.0036635358989186087
p-valu: 0.25362909892163443

AL interation 701/4801.

mae: 0.1769679790711181
max_error: 0.9029650389755375
variance: 0.02031194220404201
pearson: 0.005060152986656328
p-valu: 0.11484856828988936

AL interation 702/4801.

mae: 0.1769662205454713
max_error: 0.9029300543099197
variance: 0.02031138803253681
pearson: 0.0003712159402400548
p-valu: 0.9079129332333453

AL interation 703/4801.

mae: 0.17694156830983745
max_error: 0.9017457673967968
variance: 0.02029303531206398
pearson: -0.002294629316644131
p-valu: 0.47460458482285245

AL interation 704/4801.

mae: 0.1768209878818821
max_error: 0.9043998187549604
variance: 0.020304033848310435
pearson: -0.024535116491328217
p-valu: 2.06922804336271e-14

AL interation 705/4801.

mae: 0.17689093623508642
max_error: 0.9042083133227479
variance: 0.020321932485631442
pearson: 0.002166682350246943
p-valu: 0.4995919994235249

AL interation 706/4801.

mae: 0.17690012745720715
max_error: 0.9040553637727555
variance: 0.020321162125211973
pearson: 0.005403577810344439
p-valu: 0.09223181052739875

AL interation 707/4801.

mae: 0.17664293575235684
max_error: 0.9024408179240169
variance: 0.020270409598875404
pearson: 0.0170594704325383
p-valu: 1.0606927240102281e-07

AL interation 708/4801.

mae: 0.17657721271408738
max_error: 0.9041910578420982
variance: 0.020247242796044132
pearson: -0.0012597361204841541
p-valu: 0.6946713016563326

AL interation 709/4801.

mae: 0.17659258212747483
max_error: 0.9060104606290267
variance: 0.02025036192525647
pearson: 0.009941425473756718
p-valu: 0.0019501029321571336

AL interation 710/4801.

mae: 0.17649208342770384
max_error: 0.9055652128565015
variance: 0.020249249257141763
pearson: 0.004202863396171852
p-valu: 0.1903412060857482

AL interation 711/4801.

mae: 0.1765016468049747
max_error: 0.9059592940009509
variance: 0.020260202075288978
pearson: 0.0036903787277947344
p-valu: 0.25019404207712614

AL interation 712/4801.

mae: 0.1764435552208458
max_error: 0.9066753080057168
variance: 0.020243334073562016
pearson: 0.005998697656200413
p-valu: 0.06160559329760408

AL interation 713/4801.

mae: 0.17646399907947444
max_error: 0.9050134337422833
variance: 0.020269114296832876
pearson: 0.016684729662315226
p-valu: 2.0030503030641612e-07

AL interation 714/4801.

mae: 0.17622082126527633
max_error: 0.9051400076728555
variance: 0.020186354082482524
pearson: 0.004807320135708508
p-valu: 0.13416331600986797

AL interation 715/4801.

mae: 0.17607867676986788
max_error: 0.9062649372432219
variance: 0.020158302371234345
pearson: -0.003058668775431899
p-valu: 0.3405777957291828

AL interation 716/4801.

mae: 0.17617115694808527
max_error: 0.9063193824381273
variance: 0.020170998296955484
pearson: 0.015642047376564622
p-valu: 1.0934309495375234e-06

AL interation 717/4801.

mae: 0.17678355018735054
max_error: 0.9042913369838459
variance: 0.020295916741605198
pearson: 0.011766124678114139
p-valu: 0.00024619500426678793

AL interation 718/4801.

mae: 0.17709187848114413
max_error: 0.90341454661786
variance: 0.020332444276904543
pearson: 0.019100183052876543
p-valu: 2.653741774658228e-09

AL interation 719/4801.

mae: 0.17696357247083858
max_error: 0.9051097527860037
variance: 0.020323090966189797
pearson: 0.012021346997344518
p-valu: 0.0001799077688444507

AL interation 720/4801.

mae: 0.17696383628920181
max_error: 0.9052433481556861
variance: 0.020318957028920785
pearson: 0.018393505867053805
p-valu: 9.960641714788777e-09

AL interation 721/4801.

mae: 0.17689055511417554
max_error: 0.9059582105613018
variance: 0.020244184274774653
pearson: 0.0074064566840638234
p-valu: 0.021017558811879725

AL interation 722/4801.

mae: 0.17652210127763568
max_error: 0.9084534394490191
variance: 0.02021582843115397
pearson: 0.011834387328539763
p-valu: 0.0002265906892343734

AL interation 723/4801.

mae: 0.17659301069494324
max_error: 0.9085555955391911
variance: 0.020261045591798022
pearson: 0.013138140701418461
p-valu: 4.247297422885561e-05

AL interation 724/4801.

mae: 0.17641740497035632
max_error: 0.9090710580765702
variance: 0.02020461591031154
pearson: 0.006658642044861744
p-valu: 0.03802076272901411

AL interation 725/4801.

mae: 0.17653137441223776
max_error: 0.9092291962514238
variance: 0.020192965636341372
pearson: 0.01876799072942389
p-valu: 4.976485061700276e-09

AL interation 726/4801.

mae: 0.1765083533364472
max_error: 0.9088901928054653
variance: 0.020186605822238083
pearson: -0.0032449814648112993
p-valu: 0.3120074289052548

AL interation 727/4801.

mae: 0.1767224722579147
max_error: 0.9085550047988988
variance: 0.020226986190113077
pearson: 0.00235289211429262
p-valu: 0.4635149111339249

AL interation 728/4801.

mae: 0.1765784492022288
max_error: 0.9093934348296742
variance: 0.02023326080529573
pearson: 0.00540017901083712
p-valu: 0.09247369170985488

AL interation 729/4801.

mae: 0.17657842533882218
max_error: 0.9093887170206401
variance: 0.02023520566574597
pearson: 0.005819094578330328
p-valu: 0.06983153311814333

AL interation 730/4801.

mae: 0.1765239173032761
max_error: 0.9092428242912689
variance: 0.020182311250793932
pearson: 0.006441612062482529
p-valu: 0.044755262201863925

AL interation 731/4801.

mae: 0.17649597254164076
max_error: 0.9087774894705589
variance: 0.020177118653156276
pearson: 0.01157628342554336
p-valu: 0.00031003284856299067

AL interation 732/4801.

mae: 0.17648971414988687
max_error: 0.9079075920640776
variance: 0.020271501949951712
pearson: -0.00961050897691265
p-valu: 0.0027511539879498414

AL interation 733/4801.

mae: 0.17637526294608097
max_error: 0.9078276463275827
variance: 0.0202583669611525
pearson: 0.01605909053076138
p-valu: 5.628097333162092e-07

AL interation 734/4801.

mae: 0.1760113021244883
max_error: 0.9079538586860423
variance: 0.020183225286757152
pearson: 0.009836079983602222
p-valu: 0.002180295227013346

AL interation 735/4801.

mae: 0.17609578516266142
max_error: 0.9076644475413218
variance: 0.020197219229681138
pearson: 0.008856000023130113
p-valu: 0.0057955815260160035

AL interation 736/4801.

mae: 0.17616837902572063
max_error: 0.9081860990206323
variance: 0.020159035318555316
pearson: 0.010315937293985373
p-valu: 0.00130906841797643

AL interation 737/4801.

mae: 0.17614258615190886
max_error: 0.9083791564521704
variance: 0.02016824431194897
pearson: 0.0099747320200486
p-valu: 0.001885757722905368

AL interation 738/4801.

mae: 0.17616444690082086
max_error: 0.9085804230212098
variance: 0.020174024507058855
pearson: -0.0007852706134157586
p-valu: 0.8067304045705168

AL interation 739/4801.

mae: 0.1762006132508069
max_error: 0.9081297105363006
variance: 0.020153608257733532
pearson: 0.020551178695093097
p-valu: 1.5211956071564207e-10

AL interation 740/4801.

mae: 0.175703857624878
max_error: 0.9084364760368118
variance: 0.020041755108259403
pearson: 0.002525377942281678
p-valu: 0.4314230584785048

AL interation 741/4801.

mae: 0.1756016831985029
max_error: 0.9090849289189293
variance: 0.020076252024928003
pearson: 0.005942595520184392
p-valu: 0.06411689567236596

AL interation 742/4801.

mae: 0.17562596648535247
max_error: 0.9086353956775071
variance: 0.02009939392260373
pearson: 0.01319346798848151
p-valu: 3.9491186707509633e-05

AL interation 743/4801.

mae: 0.17540983744938887
max_error: 0.9107680889875951
variance: 0.020068820243376154
pearson: 0.006715249755544847
p-valu: 0.03643281772820055

AL interation 744/4801.

mae: 0.17541358003232427
max_error: 0.9107507430844066
variance: 0.020070351927763207
pearson: -6.619175742738183e-05
p-valu: 0.9835479963609826

AL interation 745/4801.

mae: 0.1751944236567772
max_error: 0.9107214755016315
variance: 0.01999001032883926
pearson: 0.013770728275548488
p-valu: 1.784858839528506e-05

AL interation 746/4801.

mae: 0.17523032126664953
max_error: 0.9107545106681556
variance: 0.019984108881514175
pearson: 0.015051133749812854
p-valu: 2.743304576973351e-06

AL interation 747/4801.

mae: 0.17523421771487166
max_error: 0.9111331947068493
variance: 0.019985399187317437
pearson: 0.018449752157519168
p-valu: 9.023721772854473e-09

AL interation 748/4801.

mae: 0.17507882823205784
max_error: 0.9119098687358473
variance: 0.020049722137328363
pearson: -0.0019679296060263777
p-valu: 0.5398332606594507

AL interation 749/4801.

mae: 0.17504085418782717
max_error: 0.9110204872821441
variance: 0.020032497655433957
pearson: 0.010296655269273092
p-valu: 0.001337722896796771

AL interation 750/4801.

mae: 0.17513718077216464
max_error: 0.9110802875232338
variance: 0.02005362746885818
pearson: -0.002766677838441459
p-valu: 0.38874831819779254

AL interation 751/4801.

mae: 0.1752253371681926
max_error: 0.9110271651445032
variance: 0.020057212338053104
pearson: 0.007094407775928272
p-valu: 0.027098354889717763

AL interation 752/4801.

mae: 0.17522096946157018
max_error: 0.9109070515422815
variance: 0.020054176291104776
pearson: 0.02427164115362967
p-valu: 3.9616712582185834e-14

AL interation 753/4801.

mae: 0.17521751989710146
max_error: 0.9083870650411257
variance: 0.02000353416844293
pearson: 0.016549056954358446
p-valu: 2.5267214347445025e-07

AL interation 754/4801.

mae: 0.17521165142403813
max_error: 0.9076941336438864
variance: 0.01997285349899801
pearson: 0.011041427263942987
p-valu: 0.0005823403664569903

AL interation 755/4801.

mae: 0.17516404541490702
max_error: 0.9083163256913167
variance: 0.019931512373647396
pearson: 0.02299178165211635
p-valu: 7.87778176799943e-13

AL interation 756/4801.

mae: 0.1751975512326764
max_error: 0.9101121796356324
variance: 0.019940286439123524
pearson: 0.008911921697663036
p-valu: 0.005498972931511979

AL interation 757/4801.

mae: 0.17519183729578056
max_error: 0.9095448598306888
variance: 0.01993226428313384
pearson: 0.0012703387386034438
p-valu: 0.6923060670508573

AL interation 758/4801.

mae: 0.17518339147613546
max_error: 0.9095622430940864
variance: 0.01992832386733517
pearson: 0.01216920995589449
p-valu: 0.0001500474690258896

AL interation 759/4801.

mae: 0.1751536779410767
max_error: 0.9103065854510533
variance: 0.019917336086882655
pearson: 0.013843773976545352
p-valu: 1.6128666175885172e-05

AL interation 760/4801.

mae: 0.17511067785288448
max_error: 0.910352768276212
variance: 0.019896776581527026
pearson: 0.013673756453930283
p-valu: 2.0471109500996775e-05

AL interation 761/4801.

mae: 0.17506676801883614
max_error: 0.9099479655639193
variance: 0.01990234084999496
pearson: 0.021134106657590353
p-valu: 4.5748369321590334e-11

AL interation 762/4801.

mae: 0.1750764516113129
max_error: 0.910538655719229
variance: 0.01990668285139206
pearson: 0.029578660471694544
p-valu: 3.086107517904799e-20

AL interation 763/4801.

mae: 0.17505762598290403
max_error: 0.9093389526116091
variance: 0.019897353305987586
pearson: 0.0014041870701810026
p-valu: 0.6618143527672546

AL interation 764/4801.

mae: 0.17505297356522545
max_error: 0.9091052193723179
variance: 0.01990105269732061
pearson: 0.007264121574623082
p-valu: 0.02364689255253092

AL interation 765/4801.

mae: 0.17480264075544058
max_error: 0.9123621853652626
variance: 0.019814929782280732
pearson: 0.017437716968984315
p-valu: 5.5642013873079724e-08

AL interation 766/4801.

mae: 0.17510527173324053
max_error: 0.9122031605475787
variance: 0.01984718569472436
pearson: 0.011483842231388071
p-valu: 0.00034713380791133463

AL interation 767/4801.

mae: 0.1750676272858102
max_error: 0.9122737471025475
variance: 0.01984179028252432
pearson: 0.005683854300495197
p-valu: 0.07664073067445844

AL interation 768/4801.

mae: 0.17492323880566654
max_error: 0.910233554676199
variance: 0.019849459421919385
pearson: 0.003683249520041105
p-valu: 0.2512494496219681

AL interation 769/4801.

mae: 0.1749122450586736
max_error: 0.9112174703802076
variance: 0.019843189221687357
pearson: 0.019057080497441047
p-valu: 2.9080735344857563e-09

AL interation 770/4801.

mae: 0.17491175816507107
max_error: 0.9112195038574088
variance: 0.019843072575072382
pearson: 0.007992487144978574
p-valu: 0.012787306089408198

AL interation 771/4801.

mae: 0.1749685709994327
max_error: 0.9140977061608329
variance: 0.019864166339224124
pearson: -0.002890116526300702
p-valu: 0.3679890836108646

AL interation 772/4801.

mae: 0.17470110560141822
max_error: 0.9139796389774668
variance: 0.019832105243692152
pearson: 0.021185448968479747
p-valu: 4.1177268737637956e-11

AL interation 773/4801.

mae: 0.17469768437417219
max_error: 0.9139757911405777
variance: 0.01982816940010923
pearson: 0.011081997228949446
p-valu: 0.0005564265556393983

AL interation 774/4801.

mae: 0.17469249010404245
max_error: 0.9139157063441985
variance: 0.019845510165395618
pearson: 0.008724805966844912
p-valu: 0.006573617321986499

AL interation 775/4801.

mae: 0.17471062808672622
max_error: 0.9142707910639345
variance: 0.019859997600872963
pearson: 0.0046887448306633835
p-valu: 0.14415856811212446

AL interation 776/4801.

mae: 0.17427194097965176
max_error: 0.9082733898707147
variance: 0.019804241929448265
pearson: 0.018082160666660806
p-valu: 1.773672172311834e-08

AL interation 777/4801.

mae: 0.17413198035239918
max_error: 0.9062037279365001
variance: 0.01978617473863624
pearson: 0.01582389414371707
p-valu: 8.258681466141916e-07

AL interation 778/4801.

mae: 0.17426027102550473
max_error: 0.9074448185092319
variance: 0.019806581528161164
pearson: 0.016019991200325247
p-valu: 6.031069269757939e-07

AL interation 779/4801.

mae: 0.17445420068066675
max_error: 0.9069354167795911
variance: 0.019874883541719443
pearson: 0.014465741934502896
p-valu: 6.6062619016082285e-06

AL interation 780/4801.

mae: 0.17413691108023843
max_error: 0.9060945879084947
variance: 0.019814546287225024
pearson: 0.029009718507316384
p-valu: 1.5994076523971013e-19

AL interation 781/4801.

mae: 0.17417103500643338
max_error: 0.906889155382391
variance: 0.01982472966471498
pearson: 0.019489156427976318
p-valu: 1.2715098868344586e-09

AL interation 782/4801.

mae: 0.17424483707963476
max_error: 0.9087199750387214
variance: 0.01985301655160908
pearson: 0.023890547337197525
p-valu: 9.892826889055979e-14

AL interation 783/4801.

mae: 0.1747266103504803
max_error: 0.9173189945967977
variance: 0.01998213237033592
pearson: 0.005869799601160917
p-valu: 0.06750587797095803

AL interation 784/4801.

mae: 0.17461800602962488
max_error: 0.9165854632171317
variance: 0.01994295270250782
pearson: 0.013739501540014104
p-valu: 1.87193178549364e-05

AL interation 785/4801.

mae: 0.17464083545987172
max_error: 0.9158199176051589
variance: 0.019966697284647044
pearson: 0.007587042292206298
p-valu: 0.01811998407591305

AL interation 786/4801.

mae: 0.17450502251763328
max_error: 0.9160456733774556
variance: 0.01991691658296218
pearson: 0.007161715813468168
p-valu: 0.025703358566465332

AL interation 787/4801.

mae: 0.17452488101689786
max_error: 0.9169293329470865
variance: 0.019934184816987752
pearson: 0.022941403354911724
p-valu: 8.909190896920613e-13

AL interation 788/4801.

mae: 0.17457203717906328
max_error: 0.9170214434814206
variance: 0.019962171015257265
pearson: 0.02446972990107326
p-valu: 2.486770935766074e-14

AL interation 789/4801.

mae: 0.17457231053711705
max_error: 0.9170408356399875
variance: 0.019960212935363184
pearson: 0.0163849634749734
p-valu: 3.3319234670665266e-07

AL interation 790/4801.

mae: 0.17464949728093934
max_error: 0.9167913115908171
variance: 0.019979421253336082
pearson: 0.0009721418271492381
p-valu: 0.7620547612048711

AL interation 791/4801.

mae: 0.17457054535373165
max_error: 0.91780800798694
variance: 0.019903893788067825
pearson: 0.010134017226564148
p-valu: 0.0015972498208325166

AL interation 792/4801.

mae: 0.17439438684422853
max_error: 0.9196906106933227
variance: 0.01985751202689533
pearson: 0.011206431102792276
p-valu: 0.00048224091476978563

AL interation 793/4801.

mae: 0.1743058133918258
max_error: 0.9194485673026858
variance: 0.01985949425777911
pearson: 0.016082132382789778
p-valu: 5.465909192333741e-07

AL interation 794/4801.

mae: 0.17423092675184434
max_error: 0.9211560172382303
variance: 0.019841193400082096
pearson: 0.016400063163708824
p-valu: 3.2523144686150425e-07

AL interation 795/4801.

mae: 0.1742331493128325
max_error: 0.9212027598622718
variance: 0.01984153522593492
pearson: 0.0181861599574867
p-valu: 1.4737757936953607e-08

AL interation 796/4801.

mae: 0.1742601281642222
max_error: 0.9210058078275694
variance: 0.019827152930034998
pearson: 0.0318093935738019
p-valu: 3.7829569904597554e-23

AL interation 797/4801.

mae: 0.17425566058902972
max_error: 0.9210740778697772
variance: 0.01982627209544911
pearson: 0.024077583043278068
p-valu: 6.380462506757902e-14

AL interation 798/4801.

mae: 0.17425490284261214
max_error: 0.9219448610888534
variance: 0.01985095441964699
pearson: 0.0037213467664761316
p-valu: 0.24645296925660254

AL interation 799/4801.

mae: 0.17426847635685228
max_error: 0.9230988227856827
variance: 0.01982532944669579
pearson: -0.0029268121392468658
p-valu: 0.36200809461575556

AL interation 800/4801.

mae: 0.17424767137096728
max_error: 0.9220071225534294
variance: 0.019829340024579787
pearson: 0.008614203986200294
p-valu: 0.0072988167648234134

AL interation 801/4801.

mae: 0.17427728386103597
max_error: 0.9211904618300135
variance: 0.01983856831274265
pearson: 0.01705691396587486
p-valu: 1.080505720094376e-07

AL interation 802/4801.

mae: 0.1742752042106913
max_error: 0.9226173170960923
variance: 0.019807556656878465
pearson: 0.014055703030088976
p-valu: 1.1991709551876646e-05

AL interation 803/4801.

mae: 0.1742729142309251
max_error: 0.9214227691915884
variance: 0.019778529203044227
pearson: 0.014270217880616975
p-valu: 8.808242184179889e-06

AL interation 804/4801.

mae: 0.17441944817039565
max_error: 0.9218699453132242
variance: 0.01980283404188266
pearson: 0.025623475632832644
p-valu: 1.4464868823143545e-15

AL interation 805/4801.

mae: 0.1744169618715417
max_error: 0.9218474254299327
variance: 0.019801714710758388
pearson: -0.0015152770975338059
p-valu: 0.6369893197827718

AL interation 806/4801.

mae: 0.17441672505923952
max_error: 0.9218297057792171
variance: 0.019801285001467297
pearson: 0.007274533141790008
p-valu: 0.023477651622260804

AL interation 807/4801.

mae: 0.17453946734227474
max_error: 0.931123942390272
variance: 0.01983012221766019
pearson: 0.026487565984847174
p-valu: 1.5766852612763725e-16

AL interation 808/4801.

mae: 0.1745102620924265
max_error: 0.9306191709761009
variance: 0.019821298899237477
pearson: 0.00791025772871225
p-valu: 0.013757217480353993

AL interation 809/4801.

mae: 0.17442931392096125
max_error: 0.9290512581775126
variance: 0.019743869495303327
pearson: 0.0004677153669883172
p-valu: 0.8841894083815156

AL interation 810/4801.

mae: 0.17434934101778948
max_error: 0.9314687054139199
variance: 0.01972249937955155
pearson: -0.0031942416638141725
p-valu: 0.31984359298312515

AL interation 811/4801.

mae: 0.17431842495834715
max_error: 0.9282536335166345
variance: 0.01970561292331708
pearson: 0.0192367583555031
p-valu: 2.080527867132897e-09

AL interation 812/4801.

mae: 0.1743197733762949
max_error: 0.9286728779765543
variance: 0.01970710881110557
pearson: 0.012349096660429503
p-valu: 0.00012007966102986473

AL interation 813/4801.

mae: 0.1744531686665748
max_error: 0.9274757859193077
variance: 0.019721887204647723
pearson: 0.010504051947196606
p-valu: 0.0010705532715640474

AL interation 814/4801.

mae: 0.1744232560707003
max_error: 0.9278247119207581
variance: 0.019706308275792336
pearson: 0.033652032359063805
p-valu: 1.0347238305113492e-25

AL interation 815/4801.

mae: 0.17435997271036585
max_error: 0.9262924837373063
variance: 0.019691425911107112
pearson: 0.008082679547868454
p-valu: 0.011830836121949066

AL interation 816/4801.

mae: 0.1743067494524753
max_error: 0.925363517062225
variance: 0.019689812621349275
pearson: 0.015235611760272648
p-valu: 2.0858136869063726e-06

AL interation 817/4801.

mae: 0.17430696605037327
max_error: 0.9254505901938632
variance: 0.019689376385083498
pearson: 0.02360698802047257
p-valu: 1.9432963072571063e-13

AL interation 818/4801.

mae: 0.1741996186979888
max_error: 0.9247911932523714
variance: 0.0196509578713273
pearson: 0.010091063685224201
p-valu: 0.0016745918944794358

AL interation 819/4801.

mae: 0.17419455992674063
max_error: 0.924722197393578
variance: 0.01965578406136511
pearson: 0.004744710906827635
p-valu: 0.13952120795898318

AL interation 820/4801.

mae: 0.17416310716144898
max_error: 0.9243588188209486
variance: 0.019624418637520645
pearson: 0.01417607780029826
p-valu: 1.0109217335887926e-05

AL interation 821/4801.

mae: 0.17440521814665447
max_error: 0.9227764548739614
variance: 0.01968980171852529
pearson: 0.007089959903676963
p-valu: 0.02725014941238547

AL interation 822/4801.

mae: 0.17448696055471105
max_error: 0.9251313013223079
variance: 0.019616424459331972
pearson: 0.02551384547774923
p-valu: 1.918055205218195e-15

AL interation 823/4801.

mae: 0.17440938575173595
max_error: 0.9252644147693623
variance: 0.019666176710428286
pearson: 0.015025558985873363
p-valu: 2.878100572262636e-06

AL interation 824/4801.

mae: 0.17447894350640486
max_error: 0.9229524009662242
variance: 0.019677683547421804
pearson: 0.015462178093228663
p-valu: 1.4698039930897887e-06

AL interation 825/4801.

mae: 0.17462758595957142
max_error: 0.9209847093086401
variance: 0.019709621920655424
pearson: 0.019563135550501855
p-valu: 1.1107530095979738e-09

AL interation 826/4801.

mae: 0.17454676376215877
max_error: 0.9234047946094153
variance: 0.01967042016446876
pearson: 0.00875930279552582
p-valu: 0.006377354694211644

AL interation 827/4801.

mae: 0.17483464102122004
max_error: 0.9233393317652461
variance: 0.019640785744742886
pearson: -0.006030731953320583
p-valu: 0.060382227357046264

AL interation 828/4801.

mae: 0.17484552936973113
max_error: 0.9236316491081267
variance: 0.019641418791472146
pearson: 0.009882546579313672
p-valu: 0.0020874984749384025

AL interation 829/4801.

mae: 0.17472689092538166
max_error: 0.9232770906103669
variance: 0.019641822834294678
pearson: 0.012260361048686252
p-valu: 0.0001345427386563988

AL interation 830/4801.

mae: 0.17472667119880064
max_error: 0.9232753689860749
variance: 0.019641772307698663
pearson: 0.011123703198273199
p-valu: 0.0005322373800414983

AL interation 831/4801.

mae: 0.17485941962571105
max_error: 0.9221990029285889
variance: 0.019743683596999663
pearson: 0.017760260636147378
p-valu: 3.186233796675037e-08

AL interation 832/4801.

mae: 0.17483883220854868
max_error: 0.9221501142055004
variance: 0.019742443658813526
pearson: 0.023790450298057455
p-valu: 1.2704018299929351e-13

AL interation 833/4801.

mae: 0.17467945153421877
max_error: 0.9239981959008592
variance: 0.019628718164873
pearson: 0.009859446168492204
p-valu: 0.002139013504556085

AL interation 834/4801.

mae: 0.17475100840231583
max_error: 0.9242719978087921
variance: 0.01964078087014524
pearson: 0.01062427789444232
p-valu: 0.0009383628502285311

AL interation 835/4801.

mae: 0.17471760598756697
max_error: 0.9240002801675695
variance: 0.01963085619369958
pearson: 0.024858868485800416
p-valu: 9.79033744568073e-15

AL interation 836/4801.

mae: 0.1747196253853244
max_error: 0.925249338750243
variance: 0.019614593533216287
pearson: 0.0035160349180942195
p-valu: 0.27358284130627647

AL interation 837/4801.

mae: 0.1745578906479744
max_error: 0.9246189900134887
variance: 0.019511928914159232
pearson: 0.015225540032172167
p-valu: 2.1237565746558027e-06

AL interation 838/4801.

mae: 0.17455711039446384
max_error: 0.924614102375509
variance: 0.01951170374706782
pearson: 0.001919404306975199
p-valu: 0.5500596033104732

AL interation 839/4801.

mae: 0.17446191765172134
max_error: 0.9248793929561039
variance: 0.01947119890308002
pearson: 0.011312346286198904
p-valu: 0.00042738549774886487

AL interation 840/4801.

mae: 0.17439671393289946
max_error: 0.9248621000877222
variance: 0.019445535843560582
pearson: 0.010592133080460411
p-valu: 0.0009728225127988365

AL interation 841/4801.

mae: 0.17438905527522225
max_error: 0.9246001442514782
variance: 0.01943547658619249
pearson: 0.000922092071499591
p-valu: 0.77402074273392

AL interation 842/4801.

mae: 0.17449577412219014
max_error: 0.9234615751070088
variance: 0.019477415733648362
pearson: 0.005946460388767502
p-valu: 0.06408241146848989

AL interation 843/4801.

mae: 0.17454629580685016
max_error: 0.9222750489243587
variance: 0.019519060270462015
pearson: 0.006175009047480137
p-valu: 0.05450983887169844

AL interation 844/4801.

mae: 0.17455266676690956
max_error: 0.9222927838337789
variance: 0.019526354999408153
pearson: 0.002278528613476513
p-valu: 0.47803006459870356

AL interation 845/4801.

mae: 0.1745614926773308
max_error: 0.9205178886488774
variance: 0.019497840623988367
pearson: 0.0308820691685586
p-valu: 6.705549051191965e-22

AL interation 846/4801.

mae: 0.17455534243329443
max_error: 0.9205177884392057
variance: 0.019500058214129687
pearson: 0.0025729592366817962
p-valu: 0.42304795906560694

AL interation 847/4801.

mae: 0.17455235133444688
max_error: 0.9205444826588582
variance: 0.019502172350483647
pearson: 0.007786348861554478
p-valu: 0.015331067488960553

AL interation 848/4801.

mae: 0.1745131117692991
max_error: 0.9206107837353912
variance: 0.019491467629955357
pearson: 0.004296290186708955
p-valu: 0.1809845364303452

AL interation 849/4801.

mae: 0.1742507027956635
max_error: 0.9324390812066952
variance: 0.01944266447555015
pearson: 0.004741023179448238
p-valu: 0.13989033258817235

AL interation 850/4801.

mae: 0.17423785587900253
max_error: 0.9328662060254658
variance: 0.01944525819351825
pearson: 0.0018819444392797855
p-valu: 0.5578955778317305

AL interation 851/4801.

mae: 0.17426662933203582
max_error: 0.9349783490561663
variance: 0.019435406948882242
pearson: 0.006677210693755476
p-valu: 0.03761229114403642

AL interation 852/4801.

mae: 0.17428054364304882
max_error: 0.9359085941161993
variance: 0.01943257852069011
pearson: 0.009562955440373597
p-valu: 0.002905178890645448

AL interation 853/4801.

mae: 0.1743852600013584
max_error: 0.9384068502737364
variance: 0.01949043383893493
pearson: 0.014349657643704829
p-valu: 7.890754338424201e-06

AL interation 854/4801.

mae: 0.17439662748048426
max_error: 0.9378958604653747
variance: 0.019522072253246352
pearson: 0.01461680170563529
p-valu: 5.331695400978038e-06

AL interation 855/4801.

mae: 0.17423281518813763
max_error: 0.926631870274619
variance: 0.019502447943692484
pearson: 0.011265721357435917
p-valu: 0.00045189622633693235

AL interation 856/4801.

mae: 0.17417094940996863
max_error: 0.9266099311673628
variance: 0.019474879401771207
pearson: 0.015378746327963145
p-valu: 1.680141949188304e-06

AL interation 857/4801.

mae: 0.17409791854004505
max_error: 0.9243814334503213
variance: 0.01945072923928713
pearson: 0.012003551386486254
p-valu: 0.00018587926877042076

AL interation 858/4801.

mae: 0.1740433399453508
max_error: 0.9234482104940582
variance: 0.01945764676216424
pearson: 0.003288391429653671
p-valu: 0.30590753876160653

AL interation 859/4801.

mae: 0.17405542342245156
max_error: 0.9224389749876991
variance: 0.019481159983690897
pearson: 0.026556739796494026
p-valu: 1.3408762668952634e-16

AL interation 860/4801.

mae: 0.17413979263730572
max_error: 0.9267790121339772
variance: 0.019511389257135657
pearson: 0.014034407176360822
p-valu: 1.2436149140728151e-05

AL interation 861/4801.

mae: 0.17401859803158193
max_error: 0.926996364761635
variance: 0.019508578898383932
pearson: 0.016655743467014497
p-valu: 2.1478582265170913e-07

AL interation 862/4801.

mae: 0.17386751814780296
max_error: 0.9277884080166956
variance: 0.01948787701337282
pearson: 0.014730282377126147
p-valu: 4.508600581391691e-06

AL interation 863/4801.

mae: 0.17369943655949466
max_error: 0.9284346847316272
variance: 0.019495810481036685
pearson: 0.018619325303154726
p-valu: 6.731069888947193e-09

AL interation 864/4801.

mae: 0.1736950031702406
max_error: 0.9284609942938999
variance: 0.019493378101412863
pearson: 0.006429250942948274
p-valu: 0.0453156061177881

AL interation 865/4801.

mae: 0.17368775771392386
max_error: 0.9283411381045141
variance: 0.019496059994152114
pearson: 0.03513690373643956
p-valu: 7.186615289300164e-28

AL interation 866/4801.

mae: 0.17369123908521322
max_error: 0.9283099583475405
variance: 0.019496968377000767
pearson: -0.006268844339517282
p-valu: 0.05096787628966755

AL interation 867/4801.

mae: 0.17357398987260095
max_error: 0.9274356083458599
variance: 0.019485335448222143
pearson: 0.005197921146984196
p-valu: 0.10559490035778525

AL interation 868/4801.

mae: 0.17359384479168624
max_error: 0.9273315164721367
variance: 0.01948505133582736
pearson: 0.0038731569817160648
p-valu: 0.22787380462031787

AL interation 869/4801.

mae: 0.17381492615196603
max_error: 0.9260494462289159
variance: 0.01957907879864719
pearson: -0.0038426749944824607
p-valu: 0.23155704997767987

AL interation 870/4801.

mae: 0.1736417349477592
max_error: 0.9252831033498978
variance: 0.019379555202925492
pearson: 0.01655622957813687
p-valu: 2.5385529643302093e-07

AL interation 871/4801.

mae: 0.1737755797111582
max_error: 0.9287146513256062
variance: 0.019394785478006653
pearson: 0.0011041418350377357
p-valu: 0.7310321883812846

AL interation 872/4801.

mae: 0.1737275048586454
max_error: 0.9282413322862624
variance: 0.019385650570590347
pearson: 0.005848484711060236
p-valu: 0.06863480788645826

AL interation 873/4801.

mae: 0.1737174690457405
max_error: 0.9281040954065816
variance: 0.019383974517395847
pearson: 0.009904532314434245
p-valu: 0.002044959069417937

AL interation 874/4801.

mae: 0.17371831936747412
max_error: 0.9281500805603571
variance: 0.01938409457769317
pearson: -0.0006867020367896469
p-valu: 0.8307125342736045

AL interation 875/4801.

mae: 0.17372043089706804
max_error: 0.9281351527916399
variance: 0.019384636279873982
pearson: 0.015066212681828145
p-valu: 2.722232536489866e-06

AL interation 876/4801.

mae: 0.17342918088616283
max_error: 0.930699386940276
variance: 0.019200465771522065
pearson: 0.004228216539460411
p-valu: 0.1880587849486122

AL interation 877/4801.

mae: 0.17341570415532126
max_error: 0.9304294658909527
variance: 0.019194589364475892
pearson: 0.008871336653168974
p-valu: 0.005746889884639876

AL interation 878/4801.

mae: 0.1734089223910727
max_error: 0.9312751101679027
variance: 0.01919834005290013
pearson: 0.0007185436930083134
p-valu: 0.8229936173633635

AL interation 879/4801.

mae: 0.17337389987745372
max_error: 0.929730701822848
variance: 0.019181390120300196
pearson: 0.006313372720014429
p-valu: 0.049358462266512824

AL interation 880/4801.

mae: 0.17340734229146107
max_error: 0.9300565659730466
variance: 0.019186654881348787
pearson: 0.004017381540234781
p-valu: 0.21105153552543285

AL interation 881/4801.

mae: 0.173382874636837
max_error: 0.9302726275934958
variance: 0.019187732714023818
pearson: 0.010030467789951503
p-valu: 0.0017919720008757857

AL interation 882/4801.

mae: 0.1733867619945966
max_error: 0.9299339084483194
variance: 0.019191153433161107
pearson: 0.009660311572553497
p-valu: 0.0026345263356759778

AL interation 883/4801.

mae: 0.17347316750257377
max_error: 0.928807792785662
variance: 0.01923193183401566
pearson: -0.0020905062182024056
p-valu: 0.5151767866450756

AL interation 884/4801.

mae: 0.1731688629611834
max_error: 0.9308207354296485
variance: 0.01916685546560235
pearson: -0.005542783005866984
p-valu: 0.08443140318874834

AL interation 885/4801.

mae: 0.17306619936029005
max_error: 0.9307674965194366
variance: 0.019135000345276546
pearson: 0.0283297658748749
p-valu: 1.1339614298805496e-18

AL interation 886/4801.

mae: 0.1730577309570497
max_error: 0.9309630860920208
variance: 0.019135616786612887
pearson: 0.014650878934582225
p-valu: 5.087348298491662e-06

AL interation 887/4801.

mae: 0.17303143886217215
max_error: 0.9317110443554242
variance: 0.01912540492659654
pearson: 0.012322699292480047
p-valu: 0.00012492340454934342

AL interation 888/4801.

mae: 0.17260859699806735
max_error: 0.9302880518288958
variance: 0.01900827455823931
pearson: 0.013102110635354916
p-valu: 4.524925697861069e-05

AL interation 889/4801.

mae: 0.17260903659341165
max_error: 0.9299429509990205
variance: 0.01900917866679639
pearson: 0.01713900600101365
p-valu: 9.513116078721927e-08

AL interation 890/4801.

mae: 0.17264314732854916
max_error: 0.9297712667558642
variance: 0.019021468303727064
pearson: 0.019957297682817902
p-valu: 5.187683888373748e-10

AL interation 891/4801.

mae: 0.17259429874484783
max_error: 0.9304385626891616
variance: 0.01898399896924661
pearson: -0.004581644238021678
p-valu: 0.15379198486248627

AL interation 892/4801.

mae: 0.1726540939880511
max_error: 0.930516398033248
variance: 0.018988095475465126
pearson: 0.010460627193540082
p-valu: 0.0011281657169895738

AL interation 893/4801.

mae: 0.17260756955392337
max_error: 0.9307544479486296
variance: 0.018990992054183108
pearson: 0.007495932682457418
p-valu: 0.01962306031835642

AL interation 894/4801.

mae: 0.17257348192377298
max_error: 0.9307056845690767
variance: 0.018995388819552494
pearson: -0.003657886128799636
p-valu: 0.25483700484503763

AL interation 895/4801.

mae: 0.17256546341250475
max_error: 0.9309426372075364
variance: 0.018985069853396316
pearson: -0.0011070240332432225
p-valu: 0.7303894975704041

AL interation 896/4801.

mae: 0.1725769963438521
max_error: 0.9304284585495282
variance: 0.01897611953892097
pearson: 0.011706427449830572
p-valu: 0.00026820463318113537

AL interation 897/4801.

mae: 0.17247306926983683
max_error: 0.9286030227421236
variance: 0.01896766122465157
pearson: 0.015178895889512866
p-valu: 2.2979036888243683e-06

AL interation 898/4801.

mae: 0.17248868901438283
max_error: 0.9287086227316479
variance: 0.01896816177827302
pearson: 0.014925579059262808
p-valu: 3.3778559735897367e-06

AL interation 899/4801.

mae: 0.17240127957090237
max_error: 0.9254452800621351
variance: 0.018962028339668525
pearson: 0.004959529106567722
p-valu: 0.12262765655254618

AL interation 900/4801.

mae: 0.172366896882778
max_error: 0.9246489965556606
variance: 0.01896325868789674
pearson: 0.015166128865383485
p-valu: 2.3441207424624726e-06

AL interation 901/4801.

mae: 0.17233900598298973
max_error: 0.9253041847487964
variance: 0.01894708363931677
pearson: 0.0039819028660923374
p-valu: 0.21516049734753104

AL interation 902/4801.

mae: 0.17216152030221024
max_error: 0.9245552333081548
variance: 0.01891138897543506
pearson: 0.007783982176295885
p-valu: 0.015391318864205188

AL interation 903/4801.

mae: 0.17211038154974695
max_error: 0.9248784781541843
variance: 0.018916735958966497
pearson: 0.006728715614031352
p-valu: 0.03621276471264873

AL interation 904/4801.

mae: 0.17207551233453783
max_error: 0.9249338147132704
variance: 0.01890107040534095
pearson: -0.0003287449640974728
p-valu: 0.9184940950927922

AL interation 905/4801.

mae: 0.17165635972878057
max_error: 0.9250535019621822
variance: 0.018873526204680545
pearson: 0.014060073704650308
p-valu: 1.2044862997766738e-05

AL interation 906/4801.

mae: 0.17163058375533277
max_error: 0.9251241622894071
variance: 0.018866677580773324
pearson: -0.013267325951613616
p-valu: 3.628337687081137e-05

AL interation 907/4801.

mae: 0.17154578303064238
max_error: 0.9243625665632749
variance: 0.018846320865174432
pearson: 0.0033143131837211704
p-valu: 0.3022328209361612

AL interation 908/4801.

mae: 0.1715342971364383
max_error: 0.9243938525407032
variance: 0.018839368827103364
pearson: 0.02279609150891983
p-valu: 1.2779007970241253e-12

AL interation 909/4801.

mae: 0.1714135953295723
max_error: 0.9225472713316947
variance: 0.01886036066151552
pearson: 0.015447509889767208
p-valu: 1.5197536138830261e-06

AL interation 910/4801.

mae: 0.17137398257252806
max_error: 0.9226445746103025
variance: 0.018843344571377506
pearson: 0.01692688975533669
p-valu: 1.370425249251513e-07

AL interation 911/4801.

mae: 0.17153312450312472
max_error: 0.9374340685536424
variance: 0.01886816505070762
pearson: 0.013000725174182584
p-valu: 5.191053973090878e-05

AL interation 912/4801.

mae: 0.1714376625887713
max_error: 0.936650264856894
variance: 0.01887186194132758
pearson: 0.009668297123227691
p-valu: 0.0026170683590003062

AL interation 913/4801.

mae: 0.17139170754640728
max_error: 0.937211764692691
variance: 0.018862351992629967
pearson: 0.006286463068385034
p-valu: 0.0503755602012741

AL interation 914/4801.

mae: 0.17139392413166168
max_error: 0.937290036574538
variance: 0.018861697117516688
pearson: 0.017945297094670458
p-valu: 2.3219416585658456e-08

AL interation 915/4801.

mae: 0.17123989561012373
max_error: 0.93823314562772
variance: 0.018862568430220997
pearson: 0.0045018890393217405
p-valu: 0.1611354404390177

AL interation 916/4801.

mae: 0.17122579926487247
max_error: 0.9375264386446247
variance: 0.018817803309385185
pearson: 0.012951439320194835
p-valu: 5.544386933587521e-05

AL interation 917/4801.

mae: 0.17123528494532247
max_error: 0.9375978682455894
variance: 0.018819980680291747
pearson: 0.0056177806479041055
p-valu: 0.08036303068150831

AL interation 918/4801.

mae: 0.1712341878979504
max_error: 0.9376234645168751
variance: 0.01881973891580666
pearson: -0.00939753553051799
p-valu: 0.0034435455394886696

AL interation 919/4801.

mae: 0.1711797804802604
max_error: 0.9376981060541709
variance: 0.0188098731143986
pearson: 0.022555699036641525
p-valu: 2.196171429737741e-12

AL interation 920/4801.

mae: 0.17110638848402573
max_error: 0.9371025376995306
variance: 0.018782730352017163
pearson: 0.019929745527783743
p-valu: 5.512303767977698e-10

AL interation 921/4801.

mae: 0.17111378140428185
max_error: 0.9371900781274292
variance: 0.018783096635797556
pearson: 0.013512680700060025
p-valu: 2.5991584241866358e-05

AL interation 922/4801.

mae: 0.17109963642531836
max_error: 0.9369579171597024
variance: 0.01878572871551051
pearson: 0.013106412778423527
p-valu: 4.512804790321339e-05

AL interation 923/4801.

mae: 0.17099058639582074
max_error: 0.9275341343403767
variance: 0.018753870334944776
pearson: 0.0057758629625010525
p-valu: 0.07221929699430034

AL interation 924/4801.

mae: 0.17097143216299177
max_error: 0.927555649537922
variance: 0.01875154661913428
pearson: 0.011010944413256804
p-valu: 0.0006098258954618948

AL interation 925/4801.

mae: 0.17096466370100669
max_error: 0.9275447325649111
variance: 0.018747016328585824
pearson: 0.019752806407208213
p-valu: 7.820340006031438e-10

AL interation 926/4801.

mae: 0.1708440931210429
max_error: 0.9282119167069709
variance: 0.01872242419471039
pearson: 0.02075987783977975
p-valu: 1.0330114174195903e-10

AL interation 927/4801.

mae: 0.1708026757449948
max_error: 0.9233970067939623
variance: 0.01871200507487699
pearson: 0.004912499687965426
p-valu: 0.1262701683417051

AL interation 928/4801.

mae: 0.17082380879486062
max_error: 0.9235893342192014
variance: 0.018705454229300474
pearson: 0.01595105105854627
p-valu: 6.873665372141998e-07

AL interation 929/4801.

mae: 0.17096952830467557
max_error: 0.9237963482093363
variance: 0.01871781662240036
pearson: 0.001872104638246772
p-valu: 0.5601162592092703

AL interation 930/4801.

mae: 0.17120346451919738
max_error: 0.9216656250685702
variance: 0.01868695960988277
pearson: 0.028695604460892265
p-valu: 4.148778434865128e-19

AL interation 931/4801.

mae: 0.17111199342231728
max_error: 0.9199060489626163
variance: 0.01868545496322292
pearson: 0.008844367396986129
p-valu: 0.005910238221297118

AL interation 932/4801.

mae: 0.17075373617992107
max_error: 0.9169774278994396
variance: 0.018587492912609166
pearson: 0.0007695327895832654
p-valu: 0.8107152290347083

AL interation 933/4801.

mae: 0.1707249640861483
max_error: 0.9173693572552963
variance: 0.01858096408566448
pearson: 0.004072983879395882
p-valu: 0.20492562483102042

AL interation 934/4801.

mae: 0.17064752397420557
max_error: 0.9168349207193103
variance: 0.018572804521370914
pearson: 0.02297084056324074
p-valu: 8.669231798288312e-13

AL interation 935/4801.

mae: 0.17062911258244995
max_error: 0.9167790075248661
variance: 0.018570885167255424
pearson: 0.02188538851483431
p-valu: 9.615172352261756e-12

AL interation 936/4801.

mae: 0.1706352152561039
max_error: 0.9167638065262054
variance: 0.01857014440432374
pearson: 0.009657307770671582
p-valu: 0.002649934209856566

AL interation 937/4801.

mae: 0.17050097869368508
max_error: 0.9178713654506794
variance: 0.018577611544733384
pearson: -0.0032457606038486532
p-valu: 0.3124177326389656

AL interation 938/4801.

mae: 0.17053340209218856
max_error: 0.9177421436252189
variance: 0.01857757474415977
pearson: 0.01692330335726972
p-valu: 1.3845130220729722e-07

AL interation 939/4801.

mae: 0.17063204293690237
max_error: 0.920841942422129
variance: 0.018579677814378484
pearson: -0.00022296726863518768
p-valu: 0.9446775223893671

AL interation 940/4801.

mae: 0.17063968140918712
max_error: 0.9208023010491786
variance: 0.018579548759179384
pearson: 0.006881632209128327
p-valu: 0.03221580786941433

AL interation 941/4801.

mae: 0.17064277208770057
max_error: 0.920308450188287
variance: 0.01856782707012221
pearson: 0.008580519984827985
p-valu: 0.007574752137628236

AL interation 942/4801.

mae: 0.17066138281856952
max_error: 0.9202703590987369
variance: 0.018571414188137018
pearson: 0.011216787587518234
p-valu: 0.0004812965887671278

AL interation 943/4801.

mae: 0.17059530083736152
max_error: 0.9196477034505222
variance: 0.018570459111156276
pearson: 0.022330286338192517
p-valu: 3.643120489639593e-12

AL interation 944/4801.

mae: 0.17059997729487167
max_error: 0.9200155576004647
variance: 0.01856463172911046
pearson: 0.02041013950756491
p-valu: 2.117588900877598e-10

AL interation 945/4801.

mae: 0.17050918875802998
max_error: 0.9188862594276657
variance: 0.018555339992026687
pearson: 0.005686465213558353
p-valu: 0.07677599946815877

AL interation 946/4801.

mae: 0.17038241557994274
max_error: 0.9185752521018458
variance: 0.018489326563188937
pearson: 0.006103344153912249
p-valu: 0.057506935613485355

AL interation 947/4801.

mae: 0.170423657457948
max_error: 0.9186097660553401
variance: 0.01849443956699771
pearson: 0.00919916831059361
p-valu: 0.004197611217039149

AL interation 948/4801.

mae: 0.17041238485377763
max_error: 0.9195388641686293
variance: 0.018482784965760862
pearson: 0.012591022279465779
p-valu: 8.907823409588547e-05

AL interation 949/4801.

mae: 0.1703435979620498
max_error: 0.9191303656392904
variance: 0.018473596487343254
pearson: 0.01309075977599965
p-valu: 4.619593541611453e-05

AL interation 950/4801.

mae: 0.1702007792648662
max_error: 0.9186787973517596
variance: 0.018454556313358957
pearson: 0.009895203028149096
p-valu: 0.0020735162986075945

AL interation 951/4801.

mae: 0.170105231671036
max_error: 0.9196123777606999
variance: 0.018435023314573036
pearson: 0.008598545801273384
p-valu: 0.007452186129896161

AL interation 952/4801.

mae: 0.17056191925540923
max_error: 0.9212752432895854
variance: 0.01848894126643172
pearson: 0.007349484976776694
p-valu: 0.022184658475560986

AL interation 953/4801.

mae: 0.17047721516462483
max_error: 0.9210001741509757
variance: 0.01843286241283738
pearson: 0.00982341487891062
p-valu: 0.002234855067944306

AL interation 954/4801.

mae: 0.17040641626566547
max_error: 0.9215894457661875
variance: 0.018401868546447247
pearson: 0.005217127072579754
p-valu: 0.10446873776109841

AL interation 955/4801.

mae: 0.17046940586260567
max_error: 0.9189281534122529
variance: 0.018363102499275464
pearson: 0.007837850329183067
p-valu: 0.014722285395523758

AL interation 956/4801.

mae: 0.17047173789798364
max_error: 0.9192687565297604
variance: 0.018337716944565863
pearson: -0.0023462428612832306
p-valu: 0.46530648928932633

AL interation 957/4801.

mae: 0.1704696511562724
max_error: 0.9193038549703942
variance: 0.018336957683463835
pearson: 0.016632632812398664
p-valu: 2.2632779585965552e-07

AL interation 958/4801.

mae: 0.17051958176045565
max_error: 0.9194369291153066
variance: 0.018359839137828512
pearson: 0.011906967060339254
p-valu: 0.0002110025568784067

AL interation 959/4801.

mae: 0.17047606023853304
max_error: 0.9199321745659006
variance: 0.018358527708882612
pearson: -0.0030107861408036813
p-valu: 0.3487970364395862

AL interation 960/4801.

mae: 0.17041095734783726
max_error: 0.919788451436574
variance: 0.018341626334615186
pearson: 0.0053454742007494034
p-valu: 0.09622133939085128

AL interation 961/4801.

mae: 0.1703237892451145
max_error: 0.9200418656604938
variance: 0.018380762175224358
pearson: 0.009562948715001053
p-valu: 0.0029211075152457346

AL interation 962/4801.

mae: 0.1703553176690408
max_error: 0.9198543560187318
variance: 0.018385633505127605
pearson: 0.008078135344166246
p-valu: 0.01194287603852079

AL interation 963/4801.

mae: 0.1703493687679676
max_error: 0.9225798720804335
variance: 0.018367731488373038
pearson: 0.015310236753907473
p-valu: 1.892701489575093e-06

AL interation 964/4801.

mae: 0.17027860671912065
max_error: 0.9199246424771843
variance: 0.018365412528951887
pearson: 0.022141493359739115
p-valu: 5.545896656924177e-12

AL interation 965/4801.

mae: 0.17027684669659135
max_error: 0.9197235954988514
variance: 0.018364737237729117
pearson: 0.0049514072167860055
p-valu: 0.12336926156402375

AL interation 966/4801.

mae: 0.17021850006991635
max_error: 0.9163099672561827
variance: 0.01839090786777657
pearson: -0.004341159833932662
p-valu: 0.17673449365529575

AL interation 967/4801.

mae: 0.17021830760011603
max_error: 0.9164625412625469
variance: 0.018401732151711172
pearson: 0.006426431082051536
p-valu: 0.04552491800967543

AL interation 968/4801.

mae: 0.17005732725530995
max_error: 0.916002561528444
variance: 0.0183734310448273
pearson: 0.014829010226693905
p-valu: 3.9373575818808795e-06

AL interation 969/4801.

mae: 0.1700556168165144
max_error: 0.9159756543833737
variance: 0.01837420236659548
pearson: 0.02458089575361902
p-valu: 2.0088322909825498e-14

AL interation 970/4801.

mae: 0.17006583276464898
max_error: 0.9159955109203111
variance: 0.018376024556873795
pearson: 0.0005964953879627115
p-valu: 0.8527488957076358

AL interation 971/4801.

mae: 0.17007690356553792
max_error: 0.9163771369134395
variance: 0.018378100108896005
pearson: 0.008315413453871243
p-valu: 0.009666163113806261

AL interation 972/4801.

mae: 0.17001795366098243
max_error: 0.9166304987070077
variance: 0.018370099589461758
pearson: 0.015126830667313438
p-valu: 2.5107555238485867e-06

AL interation 973/4801.

mae: 0.16976965491796722
max_error: 0.9139212443738813
variance: 0.018337853032719675
pearson: 0.013338280322067202
p-valu: 3.3159227482864664e-05

AL interation 974/4801.

mae: 0.16976756430075676
max_error: 0.9139312929712275
variance: 0.01833783390241159
pearson: 0.00866220900829604
p-valu: 0.007029897749593742

AL interation 975/4801.

mae: 0.16968121977471473
max_error: 0.9155222172365143
variance: 0.01829515145245115
pearson: 0.013742055086027738
p-valu: 1.900908906847024e-05

AL interation 976/4801.

mae: 0.16967884764936822
max_error: 0.9161773262065083
variance: 0.018299597233406864
pearson: 0.010602861625658244
p-valu: 0.0009692785028999799

AL interation 977/4801.

mae: 0.16967866908094514
max_error: 0.9161752984222176
variance: 0.01829954907118987
pearson: 0.014873879401784971
p-valu: 3.6848175129960085e-06

AL interation 978/4801.

mae: 0.1697296780965271
max_error: 0.9180721259417908
variance: 0.018315797934828935
pearson: 0.012683854993462852
p-valu: 7.918753431880558e-05

AL interation 979/4801.

mae: 0.1697254608642398
max_error: 0.9180681418980612
variance: 0.018317518038592138
pearson: 0.0013494073836688653
p-valu: 0.674575049791129

AL interation 980/4801.

mae: 0.16965793756560638
max_error: 0.9185344159291731
variance: 0.01830279327441319
pearson: 0.006729714002152543
p-valu: 0.036259215669411884

AL interation 981/4801.

mae: 0.16965121054906956
max_error: 0.9183122285387526
variance: 0.01830409873845578
pearson: 0.009398137111537152
p-valu: 0.003452009913446437

AL interation 982/4801.

mae: 0.16947101263354783
max_error: 0.9172211760464677
variance: 0.01822337511275717
pearson: 0.003050237949846225
p-valu: 0.34257508546985227

AL interation 983/4801.

mae: 0.16947903016667917
max_error: 0.9174868681561179
variance: 0.0182054979549198
pearson: -0.006883994178918383
p-valu: 0.03219492009542838

AL interation 984/4801.

mae: 0.16948380222181583
max_error: 0.9177883948381975
variance: 0.01820509336817719
pearson: 0.0054562840924471945
p-valu: 0.08955906906171161

AL interation 985/4801.

mae: 0.16946208815642586
max_error: 0.9156850882934577
variance: 0.018196085892755294
pearson: 0.01678458812248679
p-valu: 1.7619647154836533e-07

AL interation 986/4801.

mae: 0.16939663013436826
max_error: 0.916550429971295
variance: 0.018187033006309947
pearson: 0.005173683737263707
p-valu: 0.10744611100385573

AL interation 987/4801.

mae: 0.16953064642295892
max_error: 0.9148388919481363
variance: 0.01824432168246596
pearson: 0.0016029442322185383
p-valu: 0.6179579309221174

AL interation 988/4801.

mae: 0.16953162272414288
max_error: 0.9149268795798378
variance: 0.018266260932780835
pearson: 0.009207701801095076
p-valu: 0.004170543009412185

AL interation 989/4801.

mae: 0.16951436942603115
max_error: 0.9150776529999121
variance: 0.01825931280463621
pearson: 0.02234126463582102
p-valu: 3.5977819404653665e-12

AL interation 990/4801.

mae: 0.16951134882769556
max_error: 0.9151212723888875
variance: 0.01825739815663878
pearson: 0.012529520211713082
p-valu: 9.676008801712118e-05

AL interation 991/4801.

mae: 0.16950246616836184
max_error: 0.9152348365061869
variance: 0.01826202863418034
pearson: 0.024973914664063283
p-valu: 7.754272679291228e-15

AL interation 992/4801.

mae: 0.16927872529022375
max_error: 0.9153337586853922
variance: 0.0182245845428354
pearson: 0.016121922826836103
p-valu: 5.263942804308711e-07

AL interation 993/4801.

mae: 0.169263902141291
max_error: 0.915406877215986
variance: 0.018220568035031783
pearson: 0.015425869987549268
p-valu: 1.5882295870564954e-06

AL interation 994/4801.

mae: 0.1692707001040343
max_error: 0.9149367135656234
variance: 0.01823971628904079
pearson: 0.02133782732185168
p-valu: 3.1442943945174466e-11

AL interation 995/4801.

mae: 0.16926198759250405
max_error: 0.9152496842124265
variance: 0.018220484245800233
pearson: -0.006469468188005847
p-valu: 0.04412797299723268

AL interation 996/4801.

mae: 0.1696601179864381
max_error: 0.9109136795414088
variance: 0.018317395725241565
pearson: 0.01608009780333208
p-valu: 5.635287941682756e-07

AL interation 997/4801.

mae: 0.16965053387295279
max_error: 0.9097973649820119
variance: 0.018337452325811226
pearson: 0.013318629494006676
p-valu: 3.413302640803292e-05

AL interation 998/4801.

mae: 0.1692022229756951
max_error: 0.9141293702525957
variance: 0.018190759973502287
pearson: 0.02605170571178607
p-valu: 5.199448157041463e-16

AL interation 999/4801.

mae: 0.1685970800741146
max_error: 0.8854686114581227
variance: 0.018089076017139136
pearson: 0.0020043370043557568
p-valu: 0.5328908879143608

AL interation 1000/4801.

mae: 0.16845923684360792
max_error: 0.8910786247475642
variance: 0.018095907532448892
pearson: 0.011348596430537372
p-valu: 0.0004141127918591505

AL interation 1001/4801.

mae: 0.16833244167687098
max_error: 0.8889530589711399
variance: 0.01808534268676945
pearson: 0.015862717831543735
p-valu: 7.992895661953198e-07

AL interation 1002/4801.

mae: 0.16831891000767674
max_error: 0.8888253273634916
variance: 0.018087093528144707
pearson: 0.021779992110336082
p-valu: 1.2270575917809214e-11

AL interation 1003/4801.

mae: 0.16831874993267884
max_error: 0.889257789530717
variance: 0.018080912560624256
pearson: 0.018713934472947093
p-valu: 5.7885581111023896e-09

AL interation 1004/4801.

mae: 0.16825160736909994
max_error: 0.8893993019048594
variance: 0.018074931027899137
pearson: 0.010292095049436012
p-valu: 0.0013641741974175685

AL interation 1005/4801.

mae: 0.1682561831973672
max_error: 0.8888522169962414
variance: 0.018070809508928885
pearson: 0.017198649017525245
p-valu: 8.739595800064e-08

AL interation 1006/4801.

mae: 0.16834438575166064
max_error: 0.8898970879922672
variance: 0.018093116958079632
pearson: 0.012876444824537581
p-valu: 6.170350954307997e-05

AL interation 1007/4801.

mae: 0.16834488841485007
max_error: 0.8891776575416657
variance: 0.01809207584869644
pearson: 0.017857297430714816
p-valu: 2.7593612274354896e-08

AL interation 1008/4801.

mae: 0.1683621434836938
max_error: 0.8887386354095952
variance: 0.018091024040117337
pearson: 0.00664823819375621
p-valu: 0.03860646877561635

AL interation 1009/4801.

mae: 0.16833319907256344
max_error: 0.8883801328501306
variance: 0.01809800973710931
pearson: 0.016412676038625684
p-valu: 3.282379484291183e-07

AL interation 1010/4801.

mae: 0.1681083777467555
max_error: 0.8947047079759614
variance: 0.018053562648685482
pearson: 0.003624280899623443
p-valu: 0.25951319079842566

AL interation 1011/4801.

mae: 0.16795799109224657
max_error: 0.8933278369053994
variance: 0.01804306456158453
pearson: 0.015951852514242026
p-valu: 6.940492677732585e-07

AL interation 1012/4801.

mae: 0.16778262431448301
max_error: 0.8942332233343109
variance: 0.018013510500746125
pearson: 0.01655479356276006
p-valu: 2.596404145669415e-07

AL interation 1013/4801.

mae: 0.1676446430325354
max_error: 0.8896292486313939
variance: 0.01797786358691004
pearson: 0.017032210517487333
p-valu: 1.1634917318051869e-07

AL interation 1014/4801.

mae: 0.16739191235723982
max_error: 0.8894413501015208
variance: 0.017970086489761967
pearson: 0.014969215940252502
p-valu: 3.205530797444676e-06

AL interation 1015/4801.

mae: 0.1675793619814404
max_error: 0.8902387938743459
variance: 0.017961690744403826
pearson: 0.011727443365931362
p-valu: 0.00026375567915335656

AL interation 1016/4801.

mae: 0.16758002114310258
max_error: 0.8902510330298412
variance: 0.017961693752532988
pearson: 0.006775153609944834
p-valu: 0.03505211305843802

AL interation 1017/4801.

mae: 0.16742565000701104
max_error: 0.8898366270831843
variance: 0.01793617116830635
pearson: 0.0071545768416003816
p-valu: 0.026028507135074923

AL interation 1018/4801.

mae: 0.1674666388077618
max_error: 0.8944679802332018
variance: 0.01791590343845014
pearson: 0.0081753820275814
p-valu: 0.010979358514045004

AL interation 1019/4801.

mae: 0.1675020697520451
max_error: 0.8952384769553987
variance: 0.017920694725044595
pearson: 0.00840754709640445
p-valu: 0.008907853508043677

AL interation 1020/4801.

mae: 0.1674431155021519
max_error: 0.896882600780117
variance: 0.017942198479869553
pearson: 0.012465286921143499
p-valu: 0.00010532433751686551

AL interation 1021/4801.

mae: 0.16739853612651218
max_error: 0.8968267503563254
variance: 0.017937972151457232
pearson: 0.01952436051604734
p-valu: 1.244545235729215e-09

AL interation 1022/4801.

mae: 0.16743418634456925
max_error: 0.8965882830811722
variance: 0.017924071740301407
pearson: 0.005185470041711356
p-valu: 0.10671272319904172

AL interation 1023/4801.

mae: 0.1673929826782013
max_error: 0.8957429644897843
variance: 0.017917232304753263
pearson: -0.0025117701920041894
p-valu: 0.43458033773669297

AL interation 1024/4801.

mae: 0.16724788282769937
max_error: 0.8961536804955585
variance: 0.01790756863488575
pearson: -0.00800857823829885
p-valu: 0.012724663454687847

AL interation 1025/4801.

mae: 0.16713312850514292
max_error: 0.8953131778019383
variance: 0.017912590682150068
pearson: 0.011187785740358933
p-valu: 0.0005005975212838767

AL interation 1026/4801.

mae: 0.16697145810862973
max_error: 0.8932981738027479
variance: 0.017928307902805914
pearson: 0.0055483210324625085
p-valu: 0.08434893614508522

AL interation 1027/4801.

mae: 0.16694193751803682
max_error: 0.8937667788061958
variance: 0.017921750060698273
pearson: 0.011201659518756225
p-valu: 0.0004926582372824545

AL interation 1028/4801.

mae: 0.16691072729221068
max_error: 0.893045066914226
variance: 0.017904693512520727
pearson: 0.018787114869179295
p-valu: 5.072587698233604e-09

AL interation 1029/4801.

mae: 0.16649907558106145
max_error: 0.880105104475092
variance: 0.017839611430203142
pearson: 0.020395619686908045
p-valu: 2.2205727701473207e-10

AL interation 1030/4801.

mae: 0.16649744964539395
max_error: 0.8800721833808893
variance: 0.01783959936221556
pearson: 0.01739888121540952
p-valu: 6.205985009763947e-08

AL interation 1031/4801.

mae: 0.16644707871079653
max_error: 0.8800622570204553
variance: 0.017857259309583384
pearson: 0.010301254519818231
p-valu: 0.0013528383454968675

AL interation 1032/4801.

mae: 0.16650897008943588
max_error: 0.8793421222066513
variance: 0.01786234337153289
pearson: 0.01276500764848906
p-valu: 7.157389361254282e-05

AL interation 1033/4801.

mae: 0.1665108835110143
max_error: 0.88103197283084
variance: 0.017886273391828154
pearson: 0.01251591118765353
p-valu: 9.881795308434608e-05

AL interation 1034/4801.

mae: 0.16655011723620483
max_error: 0.8802741523065549
variance: 0.01792647613656954
pearson: -0.005627394461011074
p-valu: 0.08002897051245529

AL interation 1035/4801.

mae: 0.166584264980752
max_error: 0.8816776653276861
variance: 0.017933749952790214
pearson: 0.010732614927188133
p-valu: 0.0008418492886628252

AL interation 1036/4801.

mae: 0.1666004533210782
max_error: 0.8819952146788523
variance: 0.017934249566800002
pearson: 0.004242297930979741
p-valu: 0.18695631283983064

AL interation 1037/4801.

mae: 0.16662296005678742
max_error: 0.8843522030435338
variance: 0.017926092859798015
pearson: 0.006907619244866244
p-valu: 0.03165550458318522

AL interation 1038/4801.

mae: 0.16674995282102215
max_error: 0.8840582798816854
variance: 0.017977328171599596
pearson: 0.00549635119675839
p-valu: 0.08731797534956859

AL interation 1039/4801.

mae: 0.16672545022803242
max_error: 0.8852452485533036
variance: 0.01797293422767423
pearson: 0.012519712678325702
p-valu: 9.8386070780868e-05

AL interation 1040/4801.

mae: 0.16633227244246512
max_error: 0.8845639587302685
variance: 0.017967064225278738
pearson: 0.007278392346951688
p-valu: 0.023571834723616205

AL interation 1041/4801.

mae: 0.16635338175326372
max_error: 0.8853903741215845
variance: 0.017958401267253614
pearson: 0.013646565831976548
p-valu: 2.1853648207474203e-05

AL interation 1042/4801.

mae: 0.16643435377481341
max_error: 0.8682655962991248
variance: 0.01794805887158918
pearson: 0.007737449941477171
p-valu: 0.016092447884002558

AL interation 1043/4801.

mae: 0.16626808957738076
max_error: 0.8684149457177455
variance: 0.017974107519510785
pearson: 0.013262358967584235
p-valu: 3.699474057327731e-05

AL interation 1044/4801.

mae: 0.1662681334762604
max_error: 0.8684144061648738
variance: 0.017974104079003184
pearson: 0.006014712257989923
p-valu: 0.06135801690376694

AL interation 1045/4801.

mae: 0.1661816106518698
max_error: 0.866383231847891
variance: 0.017967180710255517
pearson: 0.02403950896665409
p-valu: 7.512694754048793e-14

AL interation 1046/4801.

mae: 0.1661279670003949
max_error: 0.8666597474362447
variance: 0.01795956220883741
pearson: 0.00715634979873764
p-valu: 0.026013901785504067

AL interation 1047/4801.

mae: 0.16614190262316306
max_error: 0.8666089482426287
variance: 0.017959715090053355
pearson: 0.02128533745874281
p-valu: 3.555732751284679e-11

AL interation 1048/4801.

mae: 0.16611908595848254
max_error: 0.8582283457449762
variance: 0.01797865670300294
pearson: 0.018945483577431033
p-valu: 3.782322110664245e-09

AL interation 1049/4801.

mae: 0.16612551798964295
max_error: 0.8582438735027154
variance: 0.017977209164067882
pearson: -0.00010024340395052084
p-valu: 0.9751258858727032

AL interation 1050/4801.

mae: 0.16617255053912489
max_error: 0.8586567782271857
variance: 0.017944770232326743
pearson: 0.02358429732609114
p-valu: 2.1885661158429806e-13

AL interation 1051/4801.

mae: 0.16609537287488257
max_error: 0.8649491896983363
variance: 0.01792876434492329
pearson: 0.006517926232262465
p-valu: 0.04262522249851361

AL interation 1052/4801.

mae: 0.16597770555011349
max_error: 0.8671048817664655
variance: 0.017915185241039782
pearson: 0.020040335010408274
p-valu: 4.5479072136822393e-10

AL interation 1053/4801.

mae: 0.16604869390674926
max_error: 0.8686818272591381
variance: 0.017927654248790274
pearson: 0.015702738281656487
p-valu: 1.0372008398396498e-06

AL interation 1054/4801.

mae: 0.16602799971063126
max_error: 0.8694503543590031
variance: 0.017921949932220287
pearson: 0.013843926337031628
p-valu: 1.6610678630211852e-05

AL interation 1055/4801.

mae: 0.1659439439714623
max_error: 0.86850136533306
variance: 0.0179023641587533
pearson: 0.009820557609168888
p-valu: 0.002253559824861137

AL interation 1056/4801.

mae: 0.16594258983988217
max_error: 0.8684706501153414
variance: 0.01790203505605942
pearson: 0.0215441745941481
p-valu: 2.0597187530616246e-11

AL interation 1057/4801.

mae: 0.16591189092993278
max_error: 0.8682332817495535
variance: 0.017909034737090202
pearson: 0.026807784446733395
p-valu: 7.456747639516236e-17

AL interation 1058/4801.

mae: 0.16589776434410294
max_error: 0.8666069642498542
variance: 0.017899103558596294
pearson: 0.004875705948305591
p-valu: 0.1293933309336461

AL interation 1059/4801.

mae: 0.1659126860458837
max_error: 0.8671944918473855
variance: 0.017887599729903853
pearson: 0.01168284822171155
p-valu: 0.0002792573658734307

AL interation 1060/4801.

mae: 0.16602528643326275
max_error: 0.8752785978728639
variance: 0.017905362177222342
pearson: 0.015609442172889907
p-valu: 1.2023717337678688e-06

AL interation 1061/4801.

mae: 0.16615493710571655
max_error: 0.8737523046182787
variance: 0.017948566927442757
pearson: 0.011197622951287818
p-valu: 0.000496108203281484

AL interation 1062/4801.

mae: 0.1661705980688538
max_error: 0.8745109143914362
variance: 0.017949739465836567
pearson: 0.018921961690437215
p-valu: 3.9637738030528075e-09

AL interation 1063/4801.

mae: 0.16616650186422266
max_error: 0.8695942806391201
variance: 0.017938534354104353
pearson: 0.0013253965016799944
p-valu: 0.6801728593572682

AL interation 1064/4801.

mae: 0.1661031448027033
max_error: 0.8684418614031983
variance: 0.017906033036671785
pearson: 0.012810872310014973
p-valu: 6.759325401828946e-05

AL interation 1065/4801.

mae: 0.1660734335769986
max_error: 0.8702446099192684
variance: 0.017912404475824026
pearson: 0.013592327862121263
p-valu: 2.3613368531407538e-05

AL interation 1066/4801.

mae: 0.16598709801137063
max_error: 0.8708622383417151
variance: 0.01792682166655523
pearson: 0.02289066283349303
p-valu: 1.076803484072713e-12

AL interation 1067/4801.

mae: 0.16599062925169406
max_error: 0.8708632981030462
variance: 0.017923619828353787
pearson: 0.020335678969151047
p-valu: 2.5264161215089604e-10

AL interation 1068/4801.

mae: 0.16534779265320584
max_error: 0.8806090509845035
variance: 0.017782525558441748
pearson: 0.0046381974086543605
p-valu: 0.1491471262178571

AL interation 1069/4801.

mae: 0.16535455790553474
max_error: 0.8807354853902041
variance: 0.01778229527896884
pearson: 0.015330480357989016
p-valu: 1.8583823458653065e-06

AL interation 1070/4801.

mae: 0.1653094367497769
max_error: 0.8809145897253359
variance: 0.017732369506939908
pearson: 0.006481923191385803
p-valu: 0.043803424113334016

AL interation 1071/4801.

mae: 0.16529589786635582
max_error: 0.8810590238377074
variance: 0.017725244963564746
pearson: 0.005850357328136054
p-valu: 0.06883084962629771

AL interation 1072/4801.

mae: 0.16534826288679422
max_error: 0.8826420150865886
variance: 0.017734616133613528
pearson: 0.01358902582816608
p-valu: 2.373748613649281e-05

AL interation 1073/4801.

mae: 0.16502203214230515
max_error: 0.8789925200458129
variance: 0.01768436521768273
pearson: 0.017215049094113286
p-valu: 8.585318050991705e-08

AL interation 1074/4801.

mae: 0.16501296064330948
max_error: 0.8789665569557883
variance: 0.01768673481579435
pearson: 0.0038885633587300203
p-valu: 0.22652326123553035

AL interation 1075/4801.

mae: 0.16499875261751332
max_error: 0.8781983612329327
variance: 0.017685093050755035
pearson: 0.014557300365414362
p-valu: 5.965866970491363e-06

AL interation 1076/4801.

mae: 0.1649941072073577
max_error: 0.878667208856541
variance: 0.017682340101385304
pearson: 0.016090061565682368
p-valu: 5.605200108152243e-07

AL interation 1077/4801.

mae: 0.16501047301969146
max_error: 0.879666996441756
variance: 0.017698362695092156
pearson: 0.017487660550633645
p-valu: 5.3561137819694284e-08

AL interation 1078/4801.

mae: 0.16426694512638243
max_error: 0.8743440740655046
variance: 0.017730208679012364
pearson: 0.020948145332342506
p-valu: 7.242979258090564e-11

AL interation 1079/4801.

mae: 0.16441312632776278
max_error: 0.8725574765174144
variance: 0.017750837797914556
pearson: 0.008525363293782576
p-valu: 0.008015839594976587

AL interation 1080/4801.

mae: 0.1643480972704278
max_error: 0.8722873944053617
variance: 0.017745995991447275
pearson: 0.02046933631661662
p-valu: 1.933709224823609e-10

AL interation 1081/4801.

mae: 0.16425359467032627
max_error: 0.8772605139588734
variance: 0.017785732351332125
pearson: -0.0017887210278374446
p-valu: 0.5780196325544201

AL interation 1082/4801.

mae: 0.16376884525096586
max_error: 0.8804203140827269
variance: 0.017702437141645478
pearson: 0.002754374367505692
p-valu: 0.39167278733168326

AL interation 1083/4801.

mae: 0.1636426159272118
max_error: 0.8844823805461317
variance: 0.01766495057759493
pearson: 0.020890583609553634
p-valu: 8.168621856047511e-11

AL interation 1084/4801.

mae: 0.1636066586705292
max_error: 0.8810999389547476
variance: 0.017615013092772445
pearson: 0.013193848506235678
p-valu: 4.0728732659414976e-05

AL interation 1085/4801.

mae: 0.16362822527348111
max_error: 0.8818908964663592
variance: 0.017624648004283767
pearson: 0.02418506136856364
p-valu: 5.3811133292389576e-14

AL interation 1086/4801.

mae: 0.16370393796006538
max_error: 0.8818776698902866
variance: 0.01761938872171995
pearson: 0.013968349868309632
p-valu: 1.398125375791916e-05

AL interation 1087/4801.

mae: 0.16348845939641118
max_error: 0.8809793317613241
variance: 0.01757418372160266
pearson: 0.011563475100400065
p-valu: 0.0003229420524547783

AL interation 1088/4801.

mae: 0.16340086490707995
max_error: 0.8666184708384606
variance: 0.017542494737743684
pearson: 0.010827671248320304
p-valu: 0.0007590689069011922

AL interation 1089/4801.

mae: 0.16339951887362003
max_error: 0.8695380076348158
variance: 0.01754023624656535
pearson: 0.025052423687034874
p-valu: 6.594466008005654e-15

AL interation 1090/4801.

mae: 0.1633562274772254
max_error: 0.8761304640178764
variance: 0.017561022844036756
pearson: 0.00513142758143543
p-valu: 0.11053945995760807

AL interation 1091/4801.

mae: 0.1634591850667585
max_error: 0.8776723962729704
variance: 0.017580632081333883
pearson: 0.008007475433913992
p-valu: 0.012767909572275696

AL interation 1092/4801.

mae: 0.16352562506684767
max_error: 0.8645992898520092
variance: 0.01756286433625042
pearson: 0.023747013391216175
p-valu: 1.5157270935889045e-13

AL interation 1093/4801.

mae: 0.1634697663449601
max_error: 0.8795237166758056
variance: 0.017600050419937608
pearson: 0.00813115664274174
p-valu: 0.011451330195505894

AL interation 1094/4801.

mae: 0.1632100978021869
max_error: 0.870369054251114
variance: 0.017537628895096333
pearson: 0.015757839036541953
p-valu: 9.556931059225697e-07

AL interation 1095/4801.

mae: 0.1632337915378934
max_error: 0.8762907951429497
variance: 0.01754595478522082
pearson: 0.008500830376035533
p-valu: 0.008204088258075866

AL interation 1096/4801.

mae: 0.16329529078512015
max_error: 0.8766475703684193
variance: 0.017546541185845324
pearson: 0.010820065067670555
p-valu: 0.0007659930251242598

AL interation 1097/4801.

mae: 0.16329277771198492
max_error: 0.8765208160892257
variance: 0.01754641025968354
pearson: 0.008506982675052274
p-valu: 0.008158497481822548

AL interation 1098/4801.

mae: 0.1632913904455063
max_error: 0.8766235803340976
variance: 0.017546466596778616
pearson: 0.013195800253147597
p-valu: 4.0674170210556354e-05

AL interation 1099/4801.

mae: 0.1632984968227713
max_error: 0.870365992738499
variance: 0.017524898829397548
pearson: 0.00739058085252907
p-valu: 0.021548436515861125

AL interation 1100/4801.

mae: 0.16324450242390887
max_error: 0.8697261778314669
variance: 0.01751978452066711
pearson: 0.015666718649403444
p-valu: 1.1044255428228238e-06

AL interation 1101/4801.

mae: 0.16331113696791275
max_error: 0.869551212757699
variance: 0.017540401466998985
pearson: 0.012876114244773272
p-valu: 6.224605265539521e-05

AL interation 1102/4801.

mae: 0.16333851293056206
max_error: 0.869152725471622
variance: 0.017540706908129405
pearson: 0.00696517450418958
p-valu: 0.03031806717087549

AL interation 1103/4801.

mae: 0.16326741001574183
max_error: 0.8723171852613518
variance: 0.017554014560640704
pearson: 0.010084924225041333
p-valu: 0.0017123330179637812

AL interation 1104/4801.

mae: 0.1632665689453239
max_error: 0.8725925429665438
variance: 0.01755595814527534
pearson: 0.016638367254617203
p-valu: 2.2894511575003614e-07

AL interation 1105/4801.

mae: 0.16323373300404387
max_error: 0.8740787034289212
variance: 0.01754774874323064
pearson: 0.012036258421395205
p-valu: 0.00018193732165082432

AL interation 1106/4801.

mae: 0.16325825961977722
max_error: 0.8822555430282932
variance: 0.017558159046884847
pearson: 0.018085882435137608
p-valu: 1.8624922551245996e-08

AL interation 1107/4801.

mae: 0.16312554796951217
max_error: 0.8812695511681738
variance: 0.01754893743991229
pearson: 0.014413872013541763
p-valu: 7.386354711483327e-06

AL interation 1108/4801.

mae: 0.16317249179494417
max_error: 0.8811803370543316
variance: 0.017574451107101825
pearson: 0.003052645582006225
p-valu: 0.3425085386615419

AL interation 1109/4801.

mae: 0.16315695609964168
max_error: 0.8816155017023846
variance: 0.01757361604181207
pearson: 0.007080236977371248
p-valu: 0.027692776133691085

AL interation 1110/4801.

mae: 0.1631566006204568
max_error: 0.8826320336526408
variance: 0.017571699172735593
pearson: 0.01975597726014054
p-valu: 8.064931598804645e-10

AL interation 1111/4801.

mae: 0.16328504935747745
max_error: 0.8768602773635621
variance: 0.017566593903494538
pearson: 0.027916929199328176
p-valu: 3.878160477441033e-18

AL interation 1112/4801.

mae: 0.16328554816559435
max_error: 0.8769229759979282
variance: 0.017567714477804777
pearson: 0.010812487174626403
p-valu: 0.0007733400643279339

AL interation 1113/4801.

mae: 0.16322892858900617
max_error: 0.8769099586849904
variance: 0.017549025750068642
pearson: 0.01560155541687694
p-valu: 1.225538489805733e-06

AL interation 1114/4801.

mae: 0.1631492887772512
max_error: 0.8735219375741394
variance: 0.01755562260100131
pearson: 0.006058863124410266
p-valu: 0.059570602541265505

AL interation 1115/4801.

mae: 0.16316173643314386
max_error: 0.8736479802273038
variance: 0.01756202038963413
pearson: 0.013312599129420531
p-valu: 3.4794580719426776e-05

AL interation 1116/4801.

mae: 0.16316153183073978
max_error: 0.8734079335480942
variance: 0.017563699575427232
pearson: 0.019004401383104972
p-valu: 3.4274071470992684e-09

AL interation 1117/4801.

mae: 0.16315688655664853
max_error: 0.8735518776064453
variance: 0.017566434857695712
pearson: 0.013531051028920632
p-valu: 2.582475784480672e-05

AL interation 1118/4801.

mae: 0.16315860245480393
max_error: 0.874056277743108
variance: 0.017572948285195285
pearson: 0.00953989288969285
p-valu: 0.003013694658516076

AL interation 1119/4801.

mae: 0.16320062365457488
max_error: 0.8734775356896307
variance: 0.017567863646029594
pearson: 0.014761203992331075
p-valu: 4.432974555867731e-06

AL interation 1120/4801.

mae: 0.16318160738764104
max_error: 0.8741887510482229
variance: 0.01756834790216006
pearson: 0.010988253450949372
p-valu: 0.0006338941583510689

AL interation 1121/4801.

mae: 0.16315510719495954
max_error: 0.8723380862354304
variance: 0.01759947274118452
pearson: 0.009901417913215345
p-valu: 0.002079003659037381

AL interation 1122/4801.

mae: 0.16314220796515394
max_error: 0.8713564775100338
variance: 0.017605740786270318
pearson: 0.02350684806288457
p-valu: 2.6730153824555945e-13

AL interation 1123/4801.

mae: 0.16312657388212898
max_error: 0.8685801811814997
variance: 0.01761325028244456
pearson: 0.022450433987966017
p-valu: 2.9248974576474568e-12

AL interation 1124/4801.

mae: 0.16326290203495414
max_error: 0.86597690243741
variance: 0.01759636641100162
pearson: 0.010533971383408747
p-valu: 0.0010553060826624546

AL interation 1125/4801.

mae: 0.16325592999116528
max_error: 0.865556370101416
variance: 0.017587152258436527
pearson: 0.005062952730269001
p-valu: 0.11544270828636669

AL interation 1126/4801.

mae: 0.16327506133504402
max_error: 0.8658691858940983
variance: 0.01758801991275581
pearson: 0.007791312803947934
p-valu: 0.015413492830487095

AL interation 1127/4801.

mae: 0.16332390097130428
max_error: 0.8626085312729401
variance: 0.017590590003175505
pearson: 0.02215096368082153
p-valu: 5.658376753955766e-12

AL interation 1128/4801.

mae: 0.16343105093780108
max_error: 0.8598367224788319
variance: 0.01751270470914161
pearson: 0.008817328952851835
p-valu: 0.006115704467769059

AL interation 1129/4801.

mae: 0.1634357953266663
max_error: 0.8597615658811435
variance: 0.017515978598540524
pearson: 0.014849367463632005
p-valu: 3.8903802757478045e-06

AL interation 1130/4801.

mae: 0.1633917623292112
max_error: 0.8639429516186681
variance: 0.017517435376269368
pearson: 0.018306334922182706
p-valu: 1.2543317780734862e-08

AL interation 1131/4801.

mae: 0.16339884594837184
max_error: 0.863619107476211
variance: 0.017511916066337976
pearson: 0.013775924678509716
p-valu: 1.8413451816395188e-05

AL interation 1132/4801.

mae: 0.1634300581867207
max_error: 0.8660533633895398
variance: 0.01751974253985192
pearson: 0.00011490656872873784
p-valu: 0.9715010870792379

AL interation 1133/4801.

mae: 0.16343666411853214
max_error: 0.8659700304624494
variance: 0.01750779746129297
pearson: 0.01030237417247339
p-valu: 0.0013591550477692845

AL interation 1134/4801.

mae: 0.1634334892387287
max_error: 0.8659115914124413
variance: 0.01750730722436158
pearson: 0.005253326946327233
p-valu: 0.10240376424522141

AL interation 1135/4801.

mae: 0.16339911049330022
max_error: 0.8674814571677132
variance: 0.017522169152456735
pearson: 0.010215656145597668
p-valu: 0.0014922267350074914

AL interation 1136/4801.

mae: 0.16326682185974073
max_error: 0.8602520410861985
variance: 0.01752707735002355
pearson: 0.0227917714479943
p-valu: 1.3706934819108376e-12

AL interation 1137/4801.

mae: 0.16329368798388386
max_error: 0.8619795989694978
variance: 0.01751078952435359
pearson: 0.008749855703190581
p-valu: 0.006520180892879693

AL interation 1138/4801.

mae: 0.16331463522751755
max_error: 0.863216879569336
variance: 0.017515907309155747
pearson: 0.018403721761904884
p-valu: 1.051397405201855e-08

AL interation 1139/4801.

mae: 0.16327987971804556
max_error: 0.86168436278939
variance: 0.017507159732326184
pearson: 0.01305976393944378
p-valu: 4.8978804256836236e-05

AL interation 1140/4801.

mae: 0.16329647115880075
max_error: 0.8623795982268803
variance: 0.017509322065285972
pearson: 0.00970704635852679
p-valu: 0.0025447295501424836

AL interation 1141/4801.

mae: 0.16328862624643886
max_error: 0.8622732293372053
variance: 0.01750198124468529
pearson: 0.013062134560589009
p-valu: 4.883318470368604e-05

AL interation 1142/4801.

mae: 0.1632500785727659
max_error: 0.8506545435989494
variance: 0.017503243451087988
pearson: 0.018882026806797715
p-valu: 4.335796061151467e-09

AL interation 1143/4801.

mae: 0.16321545198911394
max_error: 0.8522722337585265
variance: 0.01751366890519232
pearson: 0.018057873913412147
p-valu: 1.9710227103837966e-08

AL interation 1144/4801.

mae: 0.16323012057295877
max_error: 0.8519909925411184
variance: 0.017516533511396253
pearson: 0.020243791010758405
p-valu: 3.08856430939883e-10

AL interation 1145/4801.

mae: 0.16317934214139984
max_error: 0.8401980077661051
variance: 0.017489624090139017
pearson: 0.01586803001998671
p-valu: 8.076073357252682e-07

AL interation 1146/4801.

mae: 0.1632018583845698
max_error: 0.8416129729881732
variance: 0.017491923807414236
pearson: 0.01781968473190267
p-valu: 3.018326277228577e-08

AL interation 1147/4801.

mae: 0.16327257658286592
max_error: 0.8419609849391918
variance: 0.017528419404584706
pearson: 0.006402909516143121
p-valu: 0.046524946492512737

AL interation 1148/4801.

mae: 0.1636458834199715
max_error: 0.8351260156629223
variance: 0.017524401211730267
pearson: 0.004641166437856664
p-valu: 0.1490551448859953

AL interation 1149/4801.

mae: 0.163480277935557
max_error: 0.8347868345700533
variance: 0.017491718262241714
pearson: 0.011907105220045884
p-valu: 0.000214030790101956

AL interation 1150/4801.

mae: 0.16349058101700184
max_error: 0.8350640291668867
variance: 0.017493808725968285
pearson: 0.009049071650937324
p-valu: 0.00490436014360769

AL interation 1151/4801.

mae: 0.16336839842429113
max_error: 0.8357053842282767
variance: 0.017471064978384757
pearson: 0.011629765634201148
p-valu: 0.00029966879605240716

AL interation 1152/4801.

mae: 0.16335356708562693
max_error: 0.8354847522802515
variance: 0.01747232165787627
pearson: 0.012122939205303811
p-valu: 0.0001639680505746085

AL interation 1153/4801.

mae: 0.16332328116470626
max_error: 0.8339426961242964
variance: 0.017471024997320724
pearson: 0.015170210899870518
p-valu: 2.4012409499141474e-06

AL interation 1154/4801.

mae: 0.16334116498721313
max_error: 0.8344337594145088
variance: 0.01748290375041416
pearson: 0.005347539698096187
p-valu: 0.09642652691617427

AL interation 1155/4801.

mae: 0.16335874680713283
max_error: 0.834604550194399
variance: 0.01748570575167572
pearson: 0.013711991439098833
p-valu: 2.0179188455202098e-05

AL interation 1156/4801.

mae: 0.16336809865386015
max_error: 0.8346743942326214
variance: 0.01748794914196779
pearson: 0.014941243083154462
p-valu: 3.3995165751484674e-06

AL interation 1157/4801.

mae: 0.16331664941318413
max_error: 0.8398073129189925
variance: 0.017459944380913056
pearson: 0.010769555280281852
p-valu: 0.0008138682754574764

AL interation 1158/4801.

mae: 0.16338817368801908
max_error: 0.8407096608086704
variance: 0.017471890088550653
pearson: 0.012550603706444157
p-valu: 9.550111523028496e-05

AL interation 1159/4801.

mae: 0.16352827237914383
max_error: 0.8377155760236121
variance: 0.017454094352229645
pearson: -0.002122371496028848
p-valu: 0.5093971287270199

AL interation 1160/4801.

mae: 0.16352919606504185
max_error: 0.8376097640193905
variance: 0.017447608144356842
pearson: 0.01802862543138395
p-valu: 2.0833044567638828e-08

AL interation 1161/4801.

mae: 0.16353009212401975
max_error: 0.8376502072826781
variance: 0.01744798258255886
pearson: 0.015313660837802466
p-valu: 1.9287790668849895e-06

AL interation 1162/4801.

mae: 0.16356180723524397
max_error: 0.8370442585784588
variance: 0.01744771598583812
pearson: 0.017880623301916997
p-valu: 2.7154271407273383e-08

AL interation 1163/4801.

mae: 0.16344905860919454
max_error: 0.8384920842553356
variance: 0.017403818338496732
pearson: 0.010032102770806422
p-valu: 0.001816711682528807

AL interation 1164/4801.

mae: 0.1635059261847235
max_error: 0.8377219820800121
variance: 0.017440136314429682
pearson: 0.023970140542397125
p-valu: 9.164926699151363e-14

AL interation 1165/4801.

mae: 0.16351811105809902
max_error: 0.8368214393594258
variance: 0.0174310657450012
pearson: 0.018874091796548295
p-valu: 4.419375505742999e-09

AL interation 1166/4801.

mae: 0.16352268504878611
max_error: 0.8367966551771815
variance: 0.017433020904129383
pearson: 0.010669958411596873
p-valu: 0.0009101703783186242

AL interation 1167/4801.

mae: 0.16348772499407335
max_error: 0.839265182081931
variance: 0.01744699270059988
pearson: 0.027796610224293857
p-valu: 5.5058672905336904e-18

AL interation 1168/4801.

mae: 0.1635843973018856
max_error: 0.842252616359815
variance: 0.017505981813772612
pearson: 0.00532602525458521
p-valu: 0.0977984084616582

AL interation 1169/4801.

mae: 0.16319672942702299
max_error: 0.839897621028399
variance: 0.017384691299122037
pearson: 0.015211982020260119
p-valu: 2.2569814443939243e-06

AL interation 1170/4801.

mae: 0.16314719098331865
max_error: 0.839672921213463
variance: 0.017379841747271824
pearson: 0.01588310551754823
p-valu: 7.910238535424732e-07

AL interation 1171/4801.

mae: 0.1630828078222492
max_error: 0.8402552530844787
variance: 0.017351248749202696
pearson: 0.010686605658061399
p-valu: 0.0008937302690407815

AL interation 1172/4801.

mae: 0.1631459044865672
max_error: 0.843288552747822
variance: 0.017391620028914295
pearson: 0.015275660445890519
p-valu: 2.047673567709984e-06

AL interation 1173/4801.

mae: 0.16313858308717324
max_error: 0.8429930970391695
variance: 0.017390089325420893
pearson: 0.009414353795190854
p-valu: 0.003428348573297896

AL interation 1174/4801.

mae: 0.16313858278797114
max_error: 0.8429930532521439
variance: 0.017390089273900636
pearson: 0.02063268864256291
p-valu: 1.4155138537479195e-10

AL interation 1175/4801.

mae: 0.16313826148354704
max_error: 0.8429841100878548
variance: 0.017389992893572938
pearson: 0.004345512563986667
p-valu: 0.17676833486644036

AL interation 1176/4801.

mae: 0.16314017750002974
max_error: 0.8431252997068555
variance: 0.01739106837918091
pearson: 0.017594910894420362
p-valu: 4.5098798405605956e-08

AL interation 1177/4801.

mae: 0.16314051100428364
max_error: 0.8424972810770157
variance: 0.017387850812062997
pearson: 0.01822345502063375
p-valu: 1.4700768241923235e-08

AL interation 1178/4801.

mae: 0.1632128448247326
max_error: 0.8429696495373946
variance: 0.017406465652462635
pearson: 0.022298515095274224
p-valu: 4.147550333058272e-12

AL interation 1179/4801.

mae: 0.16305592813264497
max_error: 0.8375219040216848
variance: 0.0173310754736294
pearson: 0.03117694820164321
p-valu: 3.2211850338441465e-22

AL interation 1180/4801.

mae: 0.16300047130412526
max_error: 0.8398479139630126
variance: 0.017319819368460703
pearson: 0.016446939394270936
p-valu: 3.177438418991024e-07

AL interation 1181/4801.

mae: 0.16299634916543207
max_error: 0.8390550992561145
variance: 0.01732823105235944
pearson: 0.014958618575313689
p-valu: 3.3213355301381415e-06

AL interation 1182/4801.

mae: 0.1629981201412385
max_error: 0.839869545295528
variance: 0.01733368059384005
pearson: 0.020679570540030535
p-valu: 1.2884780992349377e-10

AL interation 1183/4801.

mae: 0.1626765099079439
max_error: 0.8380529845879323
variance: 0.017251408452048853
pearson: 0.016495735873010405
p-valu: 2.933072203269564e-07

AL interation 1184/4801.

mae: 0.1626339257028584
max_error: 0.8397596836853154
variance: 0.017260812774253696
pearson: 0.015110431664029061
p-valu: 2.640102954549724e-06

AL interation 1185/4801.

mae: 0.16261350288796345
max_error: 0.8396624921371085
variance: 0.017261183054099103
pearson: 0.02548279763913751
p-valu: 2.3373912482945045e-15

AL interation 1186/4801.

mae: 0.16261132149563587
max_error: 0.839705231432049
variance: 0.017260306192080174
pearson: 0.03162074484484961
p-valu: 8.284061488992107e-23

AL interation 1187/4801.

mae: 0.16254339441311083
max_error: 0.8377320602137388
variance: 0.017261542141540732
pearson: 0.012583116795986865
p-valu: 9.181278986752956e-05

AL interation 1188/4801.

mae: 0.162591905636405
max_error: 0.8376177247042449
variance: 0.017253015169674743
pearson: 0.03131596264741002
p-valu: 2.1164835090750306e-22

AL interation 1189/4801.

mae: 0.16259927684686792
max_error: 0.8377143121115296
variance: 0.017255608360326267
pearson: 0.007290992404428338
p-valu: 0.02343854927203206

AL interation 1190/4801.

mae: 0.16259007480417517
max_error: 0.8365212135960292
variance: 0.01725326786561591
pearson: 0.02649574835258518
p-valu: 1.7689643785096794e-16

AL interation 1191/4801.

mae: 0.16256618203681186
max_error: 0.8368996185537299
variance: 0.01724890920400304
pearson: 0.016179762649903933
p-valu: 4.923865229826347e-07

AL interation 1192/4801.

mae: 0.16246116995057241
max_error: 0.8272151923862907
variance: 0.017203679576393967
pearson: 0.019418387433509574
p-valu: 1.5790234393721586e-09

AL interation 1193/4801.

mae: 0.16296464617096332
max_error: 0.8505025437230529
variance: 0.017432224313297322
pearson: 0.024737753882088574
p-valu: 1.47154119689695e-14

AL interation 1194/4801.

mae: 0.1628245343135187
max_error: 0.8458618869075281
variance: 0.01737306559921174
pearson: 0.013000144870147562
p-valu: 5.327843644938008e-05

AL interation 1195/4801.

mae: 0.1629356381887976
max_error: 0.8487440082362525
variance: 0.017418380700437455
pearson: 0.012297380431878134
p-valu: 0.00013222005968433728

AL interation 1196/4801.

mae: 0.1629601925934648
max_error: 0.849396135920415
variance: 0.017428238418117158
pearson: 0.015141137435111652
p-valu: 2.5231056018244798e-06

AL interation 1197/4801.

mae: 0.16297979713971086
max_error: 0.8499417206178919
variance: 0.017434144837395218
pearson: 0.008748669938806271
p-valu: 0.0065441416413084905

AL interation 1198/4801.

mae: 0.16297363423854028
max_error: 0.8468436804058115
variance: 0.017399558891794373
pearson: 0.018397952872420388
p-valu: 1.0737220892131555e-08

AL interation 1199/4801.

mae: 0.16296435030984033
max_error: 0.8478808433983147
variance: 0.017404788483018924
pearson: 0.0023949341639406788
p-valu: 0.45666247830669504

AL interation 1200/4801.

mae: 0.16295700342540745
max_error: 0.8523580875602761
variance: 0.017446665659995156
pearson: 0.004926990485932422
p-valu: 0.1256891508532943

AL interation 1201/4801.

mae: 0.1629759351141345
max_error: 0.8528283114627015
variance: 0.01745224963287703
pearson: 0.013581040046606476
p-valu: 2.4302802117554677e-05

AL interation 1202/4801.

mae: 0.16304950158493212
max_error: 0.8535268183379401
variance: 0.01746777944884787
pearson: 0.023350535926164043
p-valu: 3.920048618834778e-13

AL interation 1203/4801.

mae: 0.16286241632211346
max_error: 0.8482482942741001
variance: 0.017449333103234693
pearson: 0.011149157882998861
p-valu: 0.0005297829656677554

AL interation 1204/4801.

mae: 0.162914646239173
max_error: 0.8477728387985906
variance: 0.017467713014396813
pearson: 0.0028053361307439372
p-valu: 0.38327056449437713

AL interation 1205/4801.

mae: 0.16282314105907603
max_error: 0.8464238464434573
variance: 0.017501232872847026
pearson: 0.02146471577564981
p-valu: 2.5258268417849796e-11

AL interation 1206/4801.

mae: 0.1629231244836024
max_error: 0.8451156067054342
variance: 0.01748868675138588
pearson: 0.01564493706991263
p-valu: 1.1584524338526362e-06

AL interation 1207/4801.

mae: 0.16292998961703636
max_error: 0.8446105001898445
variance: 0.017499176455513837
pearson: 0.009518695325934825
p-valu: 0.0030925711798778575

AL interation 1208/4801.

mae: 0.1629141418633638
max_error: 0.8443837664572698
variance: 0.017495808553251276
pearson: 0.002879573534013092
p-valu: 0.3708190382300308

AL interation 1209/4801.

mae: 0.16291956984963668
max_error: 0.8446165858206598
variance: 0.0174977957994736
pearson: 0.010416027782911251
p-valu: 0.0012068643178663086

AL interation 1210/4801.

mae: 0.16288468674575615
max_error: 0.8446714180462607
variance: 0.017501233431635097
pearson: 0.02387416381272694
p-valu: 1.1641793867203318e-13

AL interation 1211/4801.

mae: 0.1630481497620945
max_error: 0.8484556605430384
variance: 0.017536459880424078
pearson: 0.02227538488958559
p-valu: 4.400430837528565e-12

AL interation 1212/4801.

mae: 0.16312458631768673
max_error: 0.8485145507808056
variance: 0.01754820431765337
pearson: 0.020410351644535273
p-valu: 2.2411884774882997e-10

AL interation 1213/4801.

mae: 0.16308918629359945
max_error: 0.8490254787922993
variance: 0.01755512076952009
pearson: 0.013328527408009884
p-valu: 3.4364529266695254e-05

AL interation 1214/4801.

mae: 0.1630232043976194
max_error: 0.8516282371216448
variance: 0.01756022024264546
pearson: 0.009598894314699104
p-valu: 0.0028524951967775127

AL interation 1215/4801.

mae: 0.163010054911551
max_error: 0.8518715774771977
variance: 0.017560861017395686
pearson: 0.023870542730416118
p-valu: 1.1758216608952548e-13

AL interation 1216/4801.

mae: 0.16303119097653185
max_error: 0.8519654710330258
variance: 0.017564162383389606
pearson: 0.0048279529922288
p-valu: 0.13350591726060168

AL interation 1217/4801.

mae: 0.16310630392561234
max_error: 0.8535057695450519
variance: 0.017574578173601193
pearson: 0.01758308614611436
p-valu: 4.6345767968664846e-08

AL interation 1218/4801.

mae: 0.16257482767077544
max_error: 0.8423027739304985
variance: 0.017466258714999475
pearson: 0.014416621198710013
p-valu: 7.446100111553133e-06

AL interation 1219/4801.

mae: 0.16257026723668902
max_error: 0.8413703450945036
variance: 0.01747116026135191
pearson: 0.008151135516804763
p-valu: 0.011303382399782532

AL interation 1220/4801.

mae: 0.1624774732927677
max_error: 0.839326892142509
variance: 0.017454549625536556
pearson: 0.011817719124153121
p-valu: 0.0002399904356312336

AL interation 1221/4801.

mae: 0.16248231874450425
max_error: 0.8392421870791225
variance: 0.017450550235011485
pearson: 0.002137879452764191
p-valu: 0.5064443009082692

AL interation 1222/4801.

mae: 0.16237489030315846
max_error: 0.843318053964424
variance: 0.01739285463198341
pearson: 0.030338464294456694
p-valu: 4.0878743582273104e-21

AL interation 1223/4801.

mae: 0.1623777594082942
max_error: 0.8433423817055541
variance: 0.01739341228781313
pearson: 0.028257766139151617
p-valu: 1.5880217315614014e-18

AL interation 1224/4801.

mae: 0.16236535543395644
max_error: 0.8426374270543988
variance: 0.01738917301818891
pearson: -0.0025436865901287266
p-valu: 0.42924494516736933

AL interation 1225/4801.

mae: 0.1623966188108956
max_error: 0.8410260747557459
variance: 0.017448286468363203
pearson: 0.01299758994903423
p-valu: 5.3607127413347055e-05

AL interation 1226/4801.

mae: 0.16242234351538082
max_error: 0.8410272030420174
variance: 0.017445446124653024
pearson: 0.013201624969973883
p-valu: 4.0833921142451426e-05

AL interation 1227/4801.

mae: 0.16244470137728637
max_error: 0.837462200797404
variance: 0.01746497704605178
pearson: 0.01620311369242754
p-valu: 4.764119657280712e-07

AL interation 1228/4801.

mae: 0.1624825345484448
max_error: 0.837767580420973
variance: 0.01746965543581322
pearson: 0.012540570576741503
p-valu: 9.730523323463017e-05

AL interation 1229/4801.

mae: 0.16247337274730017
max_error: 0.8380991775389361
variance: 0.017463119204532848
pearson: 0.014655824070731845
p-valu: 5.248255908179929e-06

AL interation 1230/4801.

mae: 0.16229988454230165
max_error: 0.8398425512998529
variance: 0.017446051229131808
pearson: 0.014544418615645588
p-valu: 6.185059212788062e-06

AL interation 1231/4801.

mae: 0.16230002179564304
max_error: 0.8398424299994076
variance: 0.01744603570621923
pearson: -0.0018921800060941352
p-valu: 0.5565334221774758

AL interation 1232/4801.

mae: 0.16230674081552213
max_error: 0.8398279577251628
variance: 0.01744847274448794
pearson: 0.017267792374980252
p-valu: 8.033936605983527e-08

AL interation 1233/4801.

mae: 0.16239678734244473
max_error: 0.8392912830486807
variance: 0.017437742695210506
pearson: 0.01532923122952415
p-valu: 1.899692502554267e-06

AL interation 1234/4801.

mae: 0.1623664762331449
max_error: 0.8387964239138341
variance: 0.017443185177765455
pearson: 0.016874556726990616
p-valu: 1.5705906367068142e-07

AL interation 1235/4801.

mae: 0.16236916308296775
max_error: 0.8381307316532798
variance: 0.017436815882882435
pearson: 0.007205423447586113
p-valu: 0.025150783331225484

AL interation 1236/4801.

mae: 0.16240771488737782
max_error: 0.8386712543986619
variance: 0.01741994786348175
pearson: 0.005154144788905501
p-valu: 0.10923801937367286

AL interation 1237/4801.

mae: 0.16227625174670463
max_error: 0.8390234080125651
variance: 0.017404760533478017
pearson: 0.015556841159033108
p-valu: 1.3351144295478286e-06

AL interation 1238/4801.

mae: 0.1622570131772373
max_error: 0.8398458107238298
variance: 0.017404113210378772
pearson: -0.0031934360035862836
p-valu: 0.32103578505900254

AL interation 1239/4801.

mae: 0.16212832336647293
max_error: 0.8443065188845935
variance: 0.017403947126315444
pearson: 0.023821149365148724
p-valu: 1.3293941759296532e-13

AL interation 1240/4801.

mae: 0.16212389982550854
max_error: 0.8441532741757669
variance: 0.017403254202353766
pearson: 0.010714164926425698
p-valu: 0.0008703852823254864

AL interation 1241/4801.

mae: 0.1621519804897339
max_error: 0.8440166584237545
variance: 0.017403607215372575
pearson: 0.012301123477554972
p-valu: 0.00013208438860830925

AL interation 1242/4801.

mae: 0.16205101493205984
max_error: 0.8448001576943511
variance: 0.017393628053608896
pearson: 0.016877368778960705
p-valu: 1.5650065678528602e-07

AL interation 1243/4801.

mae: 0.1619776538961566
max_error: 0.8310917562953932
variance: 0.0174863176312352
pearson: 0.00976473199971124
p-valu: 0.002411033547284156

AL interation 1244/4801.

mae: 0.16196690694994606
max_error: 0.8294426822026821
variance: 0.017461205123757373
pearson: 0.0241865296435924
p-valu: 5.622161473870943e-14

AL interation 1245/4801.

mae: 0.1619690837002304
max_error: 0.8294671363908037
variance: 0.017462209517000754
pearson: 0.00878502878708431
p-valu: 0.006336973775853659

AL interation 1246/4801.

mae: 0.16196998891016262
max_error: 0.8293723386315719
variance: 0.017462886240481344
pearson: 0.003066781960347386
p-valu: 0.3406228324178723

AL interation 1247/4801.

mae: 0.16197003703780677
max_error: 0.8293171196181106
variance: 0.017463857429284253
pearson: 0.01853500555639536
p-valu: 8.421441281206274e-09

AL interation 1248/4801.

mae: 0.16197055615164532
max_error: 0.8289410977314446
variance: 0.017458592478218116
pearson: 0.010518070673187318
p-valu: 0.001081921707355178

AL interation 1249/4801.

mae: 0.16197399723610884
max_error: 0.8285406596770031
variance: 0.017446270110799418
pearson: 0.017084419428790014
p-valu: 1.1028778742401124e-07

AL interation 1250/4801.

mae: 0.162405395679969
max_error: 0.8342626069396601
variance: 0.017560086426826924
pearson: -0.0024644403318292616
p-valu: 0.44382246993096897

AL interation 1251/4801.

mae: 0.16240696679748892
max_error: 0.8356046927107172
variance: 0.01754908107554589
pearson: 0.01881104078495563
p-valu: 5.0513665134417125e-09

AL interation 1252/4801.

mae: 0.16241250235404947
max_error: 0.8355736773739295
variance: 0.01755407188666094
pearson: 0.016319146560310575
p-valu: 3.957606842841234e-07

AL interation 1253/4801.

mae: 0.16238716395545172
max_error: 0.8328686484908303
variance: 0.017537742235616566
pearson: 0.013827170171703032
p-valu: 1.734925910925157e-05

AL interation 1254/4801.

mae: 0.16229922860031626
max_error: 0.8306328810662649
variance: 0.017522048441155826
pearson: 0.017808404909112507
p-valu: 3.134227752701475e-08

AL interation 1255/4801.

mae: 0.16234885129953938
max_error: 0.8285082959959027
variance: 0.017539945899231003
pearson: 0.015580012551733793
p-valu: 1.2905445612775345e-06

AL interation 1256/4801.

mae: 0.1623508213091864
max_error: 0.8285993355943333
variance: 0.01751648836058
pearson: 0.013913188074791201
p-valu: 1.53786587266156e-05

AL interation 1257/4801.

mae: 0.1633532175430366
max_error: 0.8251269065824545
variance: 0.017577099685519473
pearson: 0.020993024728849667
p-valu: 6.870619501741018e-11

AL interation 1258/4801.

mae: 0.16286807099068837
max_error: 0.8263109401465272
variance: 0.01756667605559745
pearson: -0.004084048224074656
p-valu: 0.2044581837023188

AL interation 1259/4801.

mae: 0.16296111213574396
max_error: 0.8265441995325205
variance: 0.017556187384971427
pearson: 0.016648926411019515
p-valu: 2.3001081213873244e-07

AL interation 1260/4801.

mae: 0.16331243470109832
max_error: 0.8269260601181259
variance: 0.01755711430401666
pearson: 0.022568143952588608
p-valu: 2.333870193159958e-12

AL interation 1261/4801.

mae: 0.16332546646403936
max_error: 0.8266291493487188
variance: 0.017529579796162383
pearson: 0.020008950050662718
p-valu: 5.052415440086414e-10

AL interation 1262/4801.

mae: 0.16335438222315507
max_error: 0.8266145953764976
variance: 0.017525189159652284
pearson: 0.006310831974160507
p-valu: 0.0499017424781671

AL interation 1263/4801.

mae: 0.16335841888773545
max_error: 0.8264241998779767
variance: 0.017524330322781823
pearson: 0.013259604735234937
p-valu: 3.789702450948622e-05

AL interation 1264/4801.

mae: 0.16336112230001298
max_error: 0.8263553140274098
variance: 0.017522938712133628
pearson: 0.017711197758184246
p-valu: 3.7280542125638565e-08

AL interation 1265/4801.

mae: 0.16336652969025298
max_error: 0.8262946422176469
variance: 0.017522195656989193
pearson: 0.013302061158425556
p-valu: 3.579174861232781e-05

AL interation 1266/4801.

mae: 0.1634736446349886
max_error: 0.824186563741705
variance: 0.017512424905188295
pearson: 0.02273761870599328
p-valu: 1.6017467555205954e-12

AL interation 1267/4801.

mae: 0.16347725206046673
max_error: 0.8242349367032489
variance: 0.017512017470646783
pearson: 0.02312033999529651
p-valu: 6.755168498701205e-13

AL interation 1268/4801.

mae: 0.16348415922018114
max_error: 0.8238206720853896
variance: 0.017513650288210565
pearson: 0.020643085538520047
p-valu: 1.414487834387414e-10

AL interation 1269/4801.

mae: 0.1635255228120202
max_error: 0.8218963268064385
variance: 0.017513635627164962
pearson: 0.006925803095020192
p-valu: 0.031412632106367265

AL interation 1270/4801.

mae: 0.1634485726689421
max_error: 0.822973684270039
variance: 0.017530470543673404
pearson: 0.01175630348665091
p-valu: 0.00025952012477606845

AL interation 1271/4801.

mae: 0.16339857926856421
max_error: 0.824000436100107
variance: 0.017522907334268888
pearson: 0.02062315391244909
p-valu: 1.4741173042712832e-10

AL interation 1272/4801.

mae: 0.16341415658403646
max_error: 0.8236781025678397
variance: 0.017524235580822584
pearson: 0.01822707790110243
p-valu: 1.4843743468186527e-08

AL interation 1273/4801.

mae: 0.16335932725826582
max_error: 0.822527096924091
variance: 0.01749639625130999
pearson: 0.011848412254110218
p-valu: 0.00023210202974438776

AL interation 1274/4801.

mae: 0.1633426490216142
max_error: 0.8228331958802073
variance: 0.017498898218439526
pearson: 0.019465460054842648
p-valu: 1.46521106580519e-09

AL interation 1275/4801.

mae: 0.1633639178726119
max_error: 0.8236172148991159
variance: 0.017495048987382605
pearson: 0.011437778540168506
p-valu: 0.00037997745445360223

AL interation 1276/4801.

mae: 0.16337049494262118
max_error: 0.8238580495907399
variance: 0.017495459803415457
pearson: 0.015563816783190295
p-valu: 1.3271434334477224e-06

AL interation 1277/4801.

mae: 0.1633089780320967
max_error: 0.8245415269435057
variance: 0.017505692960199645
pearson: 0.008697614562563986
p-valu: 0.006888145920288429

AL interation 1278/4801.

mae: 0.16333224314070016
max_error: 0.824672808171897
variance: 0.017511372757096768
pearson: 0.010546857489170912
p-valu: 0.0010501104455517504

AL interation 1279/4801.

mae: 0.1631729720882241
max_error: 0.8254818176311574
variance: 0.017520644435298646
pearson: 0.013926160814009186
p-valu: 1.5135330089949072e-05

AL interation 1280/4801.

mae: 0.1631788427911427
max_error: 0.824368711906061
variance: 0.01751489389251664
pearson: 0.012672744125252378
p-valu: 8.242650298664028e-05

AL interation 1281/4801.

mae: 0.16315351762221714
max_error: 0.8241821341021023
variance: 0.017509266617607742
pearson: 0.022745142622121305
p-valu: 1.5812352549249565e-12

AL interation 1282/4801.

mae: 0.1631335864419017
max_error: 0.8237816951293553
variance: 0.017506681956300334
pearson: 0.016141819114917435
p-valu: 5.30068308682326e-07

AL interation 1283/4801.

mae: 0.1630025502672003
max_error: 0.8223604266562461
variance: 0.01748268865244441
pearson: 0.015449090002706929
p-valu: 1.5880697408901995e-06

AL interation 1284/4801.

mae: 0.16286945056009855
max_error: 0.8260815747853485
variance: 0.017470221326290825
pearson: 0.014512797080477754
p-valu: 6.517283336062822e-06

AL interation 1285/4801.

mae: 0.162762255342161
max_error: 0.8231249842949069
variance: 0.017492868926021723
pearson: 0.017164287669637932
p-valu: 9.674735361459757e-08

AL interation 1286/4801.

mae: 0.16274139619069466
max_error: 0.8227646078405542
variance: 0.017491412882600477
pearson: 0.009687458124383942
p-valu: 0.0026158727948629745

AL interation 1287/4801.

mae: 0.16274526813909918
max_error: 0.8225823670754835
variance: 0.01749131057186699
pearson: 0.007587652940174869
p-valu: 0.018412099590032222

AL interation 1288/4801.

mae: 0.16284034060526503
max_error: 0.8236000683864972
variance: 0.017465318244107984
pearson: 0.006595989669227703
p-valu: 0.04044930697215044

AL interation 1289/4801.

mae: 0.16281856086664862
max_error: 0.823792559022138
variance: 0.01747476174484434
pearson: 0.013927432800202153
p-valu: 1.5123585018197133e-05

AL interation 1290/4801.

mae: 0.16285360302079102
max_error: 0.8229931705304807
variance: 0.01747433535377992
pearson: 0.004336735857388751
p-valu: 0.17790237289564423

AL interation 1291/4801.

mae: 0.16288360562977458
max_error: 0.8227775646915916
variance: 0.01747322678996595
pearson: 0.0035773643297548176
p-valu: 0.26642654405879623

AL interation 1292/4801.

mae: 0.16290343028293483
max_error: 0.8249664195516857
variance: 0.017479271654249205
pearson: 0.016204077505973382
p-valu: 4.798952211588602e-07

AL interation 1293/4801.

mae: 0.16296975527472096
max_error: 0.8245346230162909
variance: 0.01746045171065816
pearson: 0.005049689150752245
p-valu: 0.11671676470046295

AL interation 1294/4801.

mae: 0.16288823049230278
max_error: 0.8230062299864471
variance: 0.017416250791797754
pearson: 0.01884228882514209
p-valu: 4.802380570821034e-09

AL interation 1295/4801.

mae: 0.16286633985260626
max_error: 0.8231927890544171
variance: 0.017407154527108965
pearson: 0.02030074392697288
p-valu: 2.844115936326054e-10

AL interation 1296/4801.

mae: 0.16289336353100717
max_error: 0.8230783395005687
variance: 0.017397294736902026
pearson: 0.01716213459882847
p-valu: 9.726723112044251e-08

AL interation 1297/4801.

mae: 0.1622632102360191
max_error: 0.8253465437057912
variance: 0.017423894994253782
pearson: 0.008109984253656735
p-valu: 0.011756508220671095

AL interation 1298/4801.

mae: 0.16214820356764756
max_error: 0.8282093233821115
variance: 0.017405812339931645
pearson: 0.017641744316604067
p-valu: 4.2359129678073386e-08

AL interation 1299/4801.

mae: 0.16216857843744759
max_error: 0.8287305732912387
variance: 0.017408258931022727
pearson: 0.0036949936231640557
p-valu: 0.2510410576366883

AL interation 1300/4801.

mae: 0.16217704294455343
max_error: 0.8287494337328098
variance: 0.017405088348534083
pearson: 0.018508226062610978
p-valu: 8.929811983567724e-09

AL interation 1301/4801.

mae: 0.1621527666504034
max_error: 0.8284218379620256
variance: 0.017411452320176796
pearson: 0.008181180602633233
p-valu: 0.011039843200341912

AL interation 1302/4801.

mae: 0.16215664440411148
max_error: 0.8284538638634444
variance: 0.01742014091315856
pearson: 0.014356278503396547
p-valu: 8.202673206241011e-06

AL interation 1303/4801.

mae: 0.16212900454133522
max_error: 0.8285393257021383
variance: 0.0174115335135852
pearson: 0.007312215617578629
p-valu: 0.023118835451134606

AL interation 1304/4801.

mae: 0.16214568018348727
max_error: 0.8277216971044936
variance: 0.017397561003661976
pearson: 0.0034678945682759675
p-valu: 0.2813689054400181

AL interation 1305/4801.

mae: 0.1623347200530237
max_error: 0.8307124327432689
variance: 0.017385368334998468
pearson: 0.016786016551090036
p-valu: 1.8416631791715798e-07

AL interation 1306/4801.

mae: 0.16232090939187088
max_error: 0.830550165182899
variance: 0.017379568413028894
pearson: 0.008650010604918306
p-valu: 0.0072094780824719235

AL interation 1307/4801.

mae: 0.16244849251419344
max_error: 0.8304444628565761
variance: 0.01738397388718274
pearson: 0.009951422461345234
p-valu: 0.0019929631998929797

AL interation 1308/4801.

mae: 0.16245188840787428
max_error: 0.830338292274007
variance: 0.017382445372251476
pearson: 0.010270353532846768
p-valu: 0.0014210584549463308

AL interation 1309/4801.

mae: 0.1624636470490058
max_error: 0.8301910372368866
variance: 0.01738767661806841
pearson: 0.01953316791127278
p-valu: 1.294417220648491e-09

AL interation 1310/4801.

mae: 0.16246376722622705
max_error: 0.8301473777415254
variance: 0.017386064875823747
pearson: 0.02063981852799563
p-valu: 1.4370426768426455e-10

AL interation 1311/4801.

mae: 0.16268198469912984
max_error: 0.830042722877181
variance: 0.01739984173303177
pearson: -0.00019097828985109567
p-valu: 0.9526954757561635

AL interation 1312/4801.

mae: 0.16270027711031704
max_error: 0.829830208462738
variance: 0.017405512405642587
pearson: 0.008672444685793678
p-valu: 0.007062232153457668

AL interation 1313/4801.

mae: 0.16230615484072605
max_error: 0.8252916007289173
variance: 0.017528815483676442
pearson: 0.009178187717926094
p-valu: 0.004358409266124074

AL interation 1314/4801.

mae: 0.16230658932741
max_error: 0.8253010462744328
variance: 0.017525138623766486
pearson: 0.020775485924494626
p-valu: 1.0898257903361068e-10

AL interation 1315/4801.

mae: 0.1623162809105189
max_error: 0.8249261468394593
variance: 0.017529092129648156
pearson: 0.013699812668579014
p-valu: 2.0850301820458676e-05

AL interation 1316/4801.

mae: 0.16237007907104725
max_error: 0.8239012925920974
variance: 0.017446148331656728
pearson: 0.022315494904212627
p-valu: 4.1380618706067175e-12

AL interation 1317/4801.

mae: 0.16238422611750536
max_error: 0.8239337426390421
variance: 0.017441922942568352
pearson: 0.03119497276224443
p-valu: 3.263166232188252e-22

AL interation 1318/4801.

mae: 0.16243491693079945
max_error: 0.8223729196711247
variance: 0.017442400433672435
pearson: 0.008631440090970438
p-valu: 0.007338618992322048

AL interation 1319/4801.

mae: 0.16242493168694244
max_error: 0.8229083863005826
variance: 0.01744266628675242
pearson: 0.0138334574374928
p-valu: 1.7311411350242267e-05

AL interation 1320/4801.

mae: 0.1623809198814543
max_error: 0.8213284236186951
variance: 0.017439702421193085
pearson: 0.004486401488500854
p-valu: 0.163462469675908

AL interation 1321/4801.

mae: 0.1622199210435403
max_error: 0.8200777134165378
variance: 0.017376164089373133
pearson: 0.00788777845324213
p-valu: 0.014284246225194076

AL interation 1322/4801.

mae: 0.162214051217507
max_error: 0.8203856372541622
variance: 0.017376204175519473
pearson: -0.0022313315355037807
p-valu: 0.488269566587818

AL interation 1323/4801.

mae: 0.16222856057060717
max_error: 0.8213249350147294
variance: 0.01733960499033127
pearson: 0.01625154739510675
p-valu: 4.461789920839303e-07

AL interation 1324/4801.

mae: 0.16220038741883616
max_error: 0.822501396683947
variance: 0.017331268989708357
pearson: 0.023169438560665757
p-valu: 6.135522990114062e-13

AL interation 1325/4801.

mae: 0.1621924778713612
max_error: 0.822518530834941
variance: 0.017333739399952662
pearson: 0.02634711248343633
p-valu: 2.726661642451566e-16

AL interation 1326/4801.

mae: 0.16210066561707323
max_error: 0.8282267453046757
variance: 0.017335890588356828
pearson: 0.005611876776498439
p-valu: 0.08132402876574438

AL interation 1327/4801.

mae: 0.1621010546691768
max_error: 0.8284494354516028
variance: 0.017338508783473292
pearson: 0.012960519187218036
p-valu: 5.681391816935593e-05

AL interation 1328/4801.

mae: 0.16210852861352007
max_error: 0.8272201602964628
variance: 0.017335626493869126
pearson: 0.030892392750693463
p-valu: 8.20457817476501e-22

AL interation 1329/4801.

mae: 0.16210668131909928
max_error: 0.8271962256944221
variance: 0.017335477441172184
pearson: 0.011896419346715084
p-valu: 0.0002198135254116445

AL interation 1330/4801.

mae: 0.1621742434049633
max_error: 0.8267596379529891
variance: 0.017315599129749698
pearson: 0.016495038265828006
p-valu: 2.9979094696238857e-07

AL interation 1331/4801.

mae: 0.16216792233799926
max_error: 0.8267970368980855
variance: 0.01731519918493115
pearson: 0.01333547187444624
p-valu: 3.442063826686198e-05

AL interation 1332/4801.

mae: 0.16219875232510708
max_error: 0.8267527074063423
variance: 0.017316763416677837
pearson: 0.029918749920686643
p-valu: 1.4788048401135017e-20

AL interation 1333/4801.

mae: 0.16216187733232892
max_error: 0.8268114809450822
variance: 0.017309815560269632
pearson: 0.020046415014343337
p-valu: 4.760931284074707e-10

AL interation 1334/4801.

mae: 0.1621370737035382
max_error: 0.8271261425002763
variance: 0.017301243732699742
pearson: 0.023165555181462502
p-valu: 6.206984576212579e-13

AL interation 1335/4801.

mae: 0.1621293076398569
max_error: 0.8273543307398654
variance: 0.017299545411408997
pearson: 0.028142838776403094
p-valu: 2.2810790475372596e-18

AL interation 1336/4801.

mae: 0.16209722148584274
max_error: 0.826571439114673
variance: 0.017300981594359707
pearson: 0.013437512652942253
p-valu: 2.9976483155512837e-05

AL interation 1337/4801.

mae: 0.1621258483663958
max_error: 0.8227017625560507
variance: 0.017264484662984733
pearson: 0.02258287896901974
p-valu: 2.3043376579744586e-12

AL interation 1338/4801.

mae: 0.16208229255720963
max_error: 0.8236820436222274
variance: 0.017259573298207764
pearson: 0.030497749028449657
p-valu: 2.6888188622923552e-21

AL interation 1339/4801.

mae: 0.16208106414379944
max_error: 0.8235959771297416
variance: 0.01725927651507983
pearson: 0.0066656653553904405
p-valu: 0.03843081790914991

AL interation 1340/4801.

mae: 0.16207065507611104
max_error: 0.8236583223765592
variance: 0.017253119621753823
pearson: 0.016509631348566964
p-valu: 2.930760240570762e-07

AL interation 1341/4801.

mae: 0.1620672085731482
max_error: 0.8235720294055113
variance: 0.01718595156139231
pearson: 0.02137185704409121
p-valu: 3.172973131152971e-11

AL interation 1342/4801.

mae: 0.16203389315385902
max_error: 0.8223283679046745
variance: 0.017177207780167722
pearson: 0.017623227731540445
p-valu: 4.4068208842326814e-08

AL interation 1343/4801.

mae: 0.16196115662931854
max_error: 0.8216768696385657
variance: 0.01713873300646766
pearson: 0.012039419264362026
p-valu: 0.0001845826059816449

AL interation 1344/4801.

mae: 0.16201582599779454
max_error: 0.822516562346209
variance: 0.01715404359343655
pearson: 0.01828638085198413
p-valu: 1.3495522620852843e-08

AL interation 1345/4801.

mae: 0.16188430500518783
max_error: 0.8253617269695042
variance: 0.017175250347668557
pearson: 0.024503224271453513
p-valu: 2.7185555619354558e-14

AL interation 1346/4801.

mae: 0.16181365419671523
max_error: 0.8248188981162912
variance: 0.01718862187689705
pearson: 0.009029072657863443
p-valu: 0.005044412285291292

AL interation 1347/4801.

mae: 0.1615656858731323
max_error: 0.8217715134765626
variance: 0.017121712900935282
pearson: 0.012754589629580208
p-valu: 7.454661684677308e-05

AL interation 1348/4801.

mae: 0.16156085491297367
max_error: 0.8207454374529561
variance: 0.017127669533824028
pearson: 0.02751693353209875
p-valu: 1.2593022027238617e-17

AL interation 1349/4801.

mae: 0.16153756252862894
max_error: 0.8212387829996715
variance: 0.0171246406489109
pearson: 0.011849658686987915
p-valu: 0.00023307119085050871

AL interation 1350/4801.

mae: 0.1615418045932293
max_error: 0.8212428578021331
variance: 0.01712523109893197
pearson: 0.0110972257739818
p-valu: 0.0005679820033857777

AL interation 1351/4801.

mae: 0.1613206704072494
max_error: 0.8186802711537098
variance: 0.016937149627377298
pearson: 0.018597779052828164
p-valu: 7.64086214970379e-09

AL interation 1352/4801.

mae: 0.1613011472593916
max_error: 0.8211689429190301
variance: 0.016925808049577374
pearson: 0.008738897766332047
p-valu: 0.0066481067418668535

AL interation 1353/4801.

mae: 0.16134364850871066
max_error: 0.8204023758822814
variance: 0.016874954269619245
pearson: 0.016919398557918748
p-valu: 1.4819956694959834e-07

AL interation 1354/4801.

mae: 0.16129074165927312
max_error: 0.8209972673784023
variance: 0.016882237614908223
pearson: 0.014426590021761082
p-valu: 7.448174027488259e-06

AL interation 1355/4801.

mae: 0.16118223072411889
max_error: 0.8199280456936435
variance: 0.016849206563674154
pearson: 0.015086434452007825
p-valu: 2.794301744886945e-06

AL interation 1356/4801.

mae: 0.1611560549611748
max_error: 0.8198724993962969
variance: 0.016842825473831598
pearson: 0.0010213772794638934
p-valu: 0.7511001037513922

AL interation 1357/4801.

mae: 0.1611634931424856
max_error: 0.8198997989294412
variance: 0.0168457321054145
pearson: 0.012189181231658231
p-valu: 0.00015341519810842998

AL interation 1358/4801.

mae: 0.16125914186390614
max_error: 0.8197473296625617
variance: 0.016857726717115662
pearson: 0.02594926596228947
p-valu: 7.6402933013468275e-16

AL interation 1359/4801.

mae: 0.16127130525635602
max_error: 0.8197715584025786
variance: 0.016861057317425272
pearson: 0.03433265759651928
p-valu: 1.4840579354546702e-26

AL interation 1360/4801.

mae: 0.16124430518708266
max_error: 0.8198814219556994
variance: 0.016855763640747055
pearson: 0.008650477448513329
p-valu: 0.00722259012733946

AL interation 1361/4801.

mae: 0.16119352267026454
max_error: 0.8188027933717308
variance: 0.016887286609792572
pearson: 0.013841232189632343
p-valu: 1.719629284773669e-05

AL interation 1362/4801.

mae: 0.16113731853852212
max_error: 0.8188227425007994
variance: 0.016879653501923657
pearson: 0.011405051885563096
p-valu: 0.0003973351252746805

AL interation 1363/4801.

mae: 0.16113732783592574
max_error: 0.8200249609354842
variance: 0.01688045485086642
pearson: 0.015170319815145073
p-valu: 2.4620471532081534e-06

AL interation 1364/4801.

mae: 0.16121418880063412
max_error: 0.8203833597433459
variance: 0.016855319086566282
pearson: 0.0235741259023469
p-valu: 2.4491102894909383e-13

AL interation 1365/4801.

mae: 0.16119334156157103
max_error: 0.8201880797283252
variance: 0.01685723157879748
pearson: 0.01197129732235686
p-valu: 0.0002010846588860225

AL interation 1366/4801.

mae: 0.16122027858433938
max_error: 0.8204045901654808
variance: 0.016846397598295752
pearson: 0.01102620334149998
p-valu: 0.0006167994595456495

AL interation 1367/4801.

mae: 0.16122781525829308
max_error: 0.8206809465618221
variance: 0.016848849470311414
pearson: 0.017437927976454378
p-valu: 6.11323775919525e-08

AL interation 1368/4801.

mae: 0.16124196269210508
max_error: 0.8205375694869872
variance: 0.01684420334640487
pearson: 0.012564221398848299
p-valu: 9.550600269812309e-05

AL interation 1369/4801.

mae: 0.1612547832751119
max_error: 0.820618501105514
variance: 0.01685158895795118
pearson: 0.02612554023470056
p-valu: 4.89266016415184e-16

AL interation 1370/4801.

mae: 0.16122552438614346
max_error: 0.8205203506723251
variance: 0.016844544867780333
pearson: 0.0037474135446062128
p-valu: 0.2445536845257362

AL interation 1371/4801.

mae: 0.1612236400863531
max_error: 0.8207199320740415
variance: 0.01686124469265734
pearson: 0.01232404787861362
p-valu: 0.00012966992352155638

AL interation 1372/4801.

mae: 0.16125394131455262
max_error: 0.8207627400402089
variance: 0.016873416213678008
pearson: 0.004182648435798397
p-valu: 0.19400545877756561

AL interation 1373/4801.

mae: 0.16125667663109375
max_error: 0.8208752301976006
variance: 0.016866930873519224
pearson: 0.031208728641147425
p-valu: 3.21679154766436e-22

AL interation 1374/4801.

mae: 0.16131706001930315
max_error: 0.8196981472678431
variance: 0.01686405623510626
pearson: 0.015171352614892804
p-valu: 2.4614182550915406e-06

AL interation 1375/4801.

mae: 0.1613217854712156
max_error: 0.8198128100232793
variance: 0.016861384659247462
pearson: 0.018699429835573197
p-valu: 6.3583339351831665e-09

AL interation 1376/4801.

mae: 0.1613204788245459
max_error: 0.8197767494613117
variance: 0.016825060237579847
pearson: 0.000488605524041672
p-valu: 0.8794070914659876

AL interation 1377/4801.

mae: 0.16132044420685396
max_error: 0.8197839844614236
variance: 0.01682508936046187
pearson: 0.007940759174130028
p-valu: 0.013671693226455858

AL interation 1378/4801.

mae: 0.16130623389183946
max_error: 0.8197268692454998
variance: 0.016816149694476878
pearson: 0.018221403355054917
p-valu: 1.5271339066059246e-08

AL interation 1379/4801.

mae: 0.16131047905057197
max_error: 0.8198547799709104
variance: 0.016812201550415698
pearson: 0.00868289449177678
p-valu: 0.007013450828551858

AL interation 1380/4801.

mae: 0.16134817161435785
max_error: 0.8195119523389565
variance: 0.016808252355605985
pearson: 0.013943877888146054
p-valu: 1.4914499376239612e-05

AL interation 1381/4801.

mae: 0.1613482079750621
max_error: 0.8195126133476549
variance: 0.01680824494107618
pearson: 0.006339432777193491
p-valu: 0.049013127444916746

AL interation 1382/4801.

mae: 0.16134667503430228
max_error: 0.8197582302739193
variance: 0.01680393231019688
pearson: 0.013441570736147278
p-valu: 2.99416221290068e-05

AL interation 1383/4801.

mae: 0.1613534314543013
max_error: 0.8198214239026811
variance: 0.016805662197773418
pearson: 0.0216657133363288
p-valu: 1.718432685263564e-11

AL interation 1384/4801.

mae: 0.16144715593188627
max_error: 0.8193835937606764
variance: 0.016799048661929925
pearson: 0.01220671011316107
p-valu: 0.00015041179573336663

AL interation 1385/4801.

mae: 0.1614333696250695
max_error: 0.8164437767528057
variance: 0.016796951095232368
pearson: 0.01728714075565833
p-valu: 7.956120100287917e-08

AL interation 1386/4801.

mae: 0.16144702078087594
max_error: 0.8162741900744379
variance: 0.01679714236458411
pearson: 0.013634427087846186
p-valu: 2.2986341815967783e-05

AL interation 1387/4801.

mae: 0.16144362233692613
max_error: 0.8166608780722697
variance: 0.016797142700524896
pearson: 0.01880504946120372
p-valu: 5.2360313408143005e-09

AL interation 1388/4801.

mae: 0.16056015101919974
max_error: 0.8138200587849838
variance: 0.016673494009597487
pearson: 0.003550386742384388
p-valu: 0.27029030171786456

AL interation 1389/4801.

mae: 0.16051394622316503
max_error: 0.813115677446433
variance: 0.016688865329142204
pearson: 0.010967402025101011
p-valu: 0.0006605514916357096

AL interation 1390/4801.

mae: 0.16047464878008294
max_error: 0.8109922407962245
variance: 0.016696786602422745
pearson: 0.009218985077327171
p-valu: 0.004202935461518566

AL interation 1391/4801.

mae: 0.16046092422285782
max_error: 0.8111753835918307
variance: 0.016693440795253676
pearson: 0.021877562422120522
p-valu: 1.093207996654709e-11

AL interation 1392/4801.

mae: 0.16046962991549737
max_error: 0.8114682151268369
variance: 0.016693681275257964
pearson: 0.022146966747706748
p-valu: 6.099448674076634e-12

AL interation 1393/4801.

mae: 0.16044619844988495
max_error: 0.8119333337727426
variance: 0.016693853708651576
pearson: 0.01235698542092803
p-valu: 0.00012460933521530414

AL interation 1394/4801.

mae: 0.16027891239766617
max_error: 0.8125271191585739
variance: 0.016665326725711242
pearson: 0.013298981589993087
p-valu: 3.637557308697956e-05

AL interation 1395/4801.

mae: 0.16025346232974783
max_error: 0.8108770549664257
variance: 0.016652206208306312
pearson: 0.013850511423482977
p-valu: 1.703230565002229e-05

AL interation 1396/4801.

mae: 0.16025492856653353
max_error: 0.8108731660782098
variance: 0.016654803704980983
pearson: 0.014159765728897588
p-valu: 1.0994546811428348e-05

AL interation 1397/4801.

mae: 0.16019886609203876
max_error: 0.8115822665456278
variance: 0.016643661024654734
pearson: 0.02320485764239669
p-valu: 5.774043106752407e-13

AL interation 1398/4801.

mae: 0.16017273719869893
max_error: 0.812019047691507
variance: 0.01664413020739064
pearson: 0.014847472326559943
p-valu: 4.0240327755519325e-06

AL interation 1399/4801.

mae: 0.1601467563268105
max_error: 0.811779012382317
variance: 0.016639296330820025
pearson: 0.019938855690440585
p-valu: 5.968787752370402e-10

AL interation 1400/4801.

mae: 0.16013179922619675
max_error: 0.8112582699925497
variance: 0.016641844257551167
pearson: 0.017302678202876058
p-valu: 7.764016715404314e-08

AL interation 1401/4801.

mae: 0.16015926563620894
max_error: 0.8113456856794983
variance: 0.016647555904600566
pearson: 0.03300466341578221
p-valu: 1.1833199468810902e-24

AL interation 1402/4801.

mae: 0.16017979443927033
max_error: 0.811045387243837
variance: 0.016688192083359907
pearson: 0.023618288682077236
p-valu: 2.2348224465501178e-13

AL interation 1403/4801.

mae: 0.16017671812635667
max_error: 0.8112986595942573
variance: 0.016707559403789905
pearson: 0.009106821537388449
p-valu: 0.004691364059044264

AL interation 1404/4801.

mae: 0.1601066586724835
max_error: 0.8121804949267357
variance: 0.016667834143193838
pearson: 0.021077703172780626
p-valu: 5.95809204025323e-11

AL interation 1405/4801.

mae: 0.16008402414377754
max_error: 0.8060066206430747
variance: 0.016629325337461153
pearson: 0.00668106754791051
p-valu: 0.038051119219663095

AL interation 1406/4801.

mae: 0.16008843704939688
max_error: 0.8058668714376438
variance: 0.016639873680550806
pearson: 0.02762444085517534
p-valu: 9.63762624813856e-18

AL interation 1407/4801.

mae: 0.160110129188227
max_error: 0.8058156358254109
variance: 0.016640185895849226
pearson: 0.016146065640230967
p-valu: 5.354149866647247e-07

AL interation 1408/4801.

mae: 0.16008233834155158
max_error: 0.8054884518398922
variance: 0.016626116910125062
pearson: 0.014217213947042187
p-valu: 1.0138751428980866e-05

AL interation 1409/4801.

mae: 0.16012228364655562
max_error: 0.8082101169239593
variance: 0.016633381122161776
pearson: 0.017494280292457875
p-valu: 5.579564979117377e-08

AL interation 1410/4801.

mae: 0.1601538714627248
max_error: 0.8082438417619926
variance: 0.016635411892773566
pearson: 0.021567033061417384
p-valu: 2.1339390701747443e-11

AL interation 1411/4801.

mae: 0.16012399572571617
max_error: 0.8064349037983334
variance: 0.01663461441265289
pearson: 0.016989735094016363
p-valu: 1.3272450547958812e-07

AL interation 1412/4801.

mae: 0.15999209268733858
max_error: 0.8068925519158938
variance: 0.01659843812105259
pearson: 0.026151904124987618
p-valu: 4.6421875187125765e-16

AL interation 1413/4801.

mae: 0.16002468133596012
max_error: 0.8052372725739474
variance: 0.01657950432372953
pearson: 0.009330383278468928
p-valu: 0.0037703790298526272

AL interation 1414/4801.

mae: 0.16012174677973537
max_error: 0.8078038420163693
variance: 0.01657612232941929
pearson: 0.026577569170629922
p-valu: 1.5492291885230853e-16

AL interation 1415/4801.

mae: 0.160106011998636
max_error: 0.8078678713818306
variance: 0.016583315903970833
pearson: 0.020910435763754145
p-valu: 8.444278965825608e-11

AL interation 1416/4801.

mae: 0.15994644966972735
max_error: 0.8093828888332837
variance: 0.01654151012878032
pearson: 0.014084848290923064
p-valu: 1.2260118564348455e-05

AL interation 1417/4801.

mae: 0.15984619374125292
max_error: 0.8098709292517867
variance: 0.016528538592831404
pearson: 0.012963087961036544
p-valu: 5.7075432867083484e-05

AL interation 1418/4801.

mae: 0.15984868254559031
max_error: 0.8098954171268247
variance: 0.016528816469983096
pearson: 0.021467497630973983
p-valu: 2.640120442567742e-11

AL interation 1419/4801.

mae: 0.15993206816450958
max_error: 0.8101968989064403
variance: 0.016559279781702622
pearson: 0.012882136951334626
p-valu: 6.350038199882077e-05

AL interation 1420/4801.

mae: 0.16007144536855214
max_error: 0.8095359332894532
variance: 0.016592578014656165
pearson: 0.021641897060012683
p-valu: 1.8240611812042212e-11

AL interation 1421/4801.

mae: 0.16003832531239692
max_error: 0.8093213398941259
variance: 0.01658745958414415
pearson: 0.004616391476035752
p-valu: 0.15181603905645705

AL interation 1422/4801.

mae: 0.1600001461888872
max_error: 0.8104863537646452
variance: 0.01656305259730328
pearson: 0.02622677964823599
p-valu: 3.8449521520606275e-16

AL interation 1423/4801.

mae: 0.16001498773989517
max_error: 0.8098613742251644
variance: 0.016570063916616348
pearson: 0.011843884067442963
p-valu: 0.00023601795487875505

AL interation 1424/4801.

mae: 0.15999993586483954
max_error: 0.8103881426071666
variance: 0.01653680029323381
pearson: 0.014798713962318884
p-valu: 4.340453163694569e-06

AL interation 1425/4801.

mae: 0.1599964808149532
max_error: 0.8102952893982263
variance: 0.016538144780625763
pearson: 0.0144525721004388
p-valu: 7.2273988561526655e-06

AL interation 1426/4801.

mae: 0.15997482185498366
max_error: 0.8099304417799544
variance: 0.016535790711264108
pearson: 0.02071010701041019
p-valu: 1.2770023145866117e-10

AL interation 1427/4801.

mae: 0.16001065106580506
max_error: 0.8123566538060913
variance: 0.016557425286068402
pearson: 0.020970659575198194
p-valu: 7.476991660597367e-11

AL interation 1428/4801.

mae: 0.15999239230917045
max_error: 0.8132641271320722
variance: 0.01655628325054372
pearson: 0.014032086095076814
p-valu: 1.3230584675290605e-05

AL interation 1429/4801.

mae: 0.15999088869832484
max_error: 0.8131987726637817
variance: 0.01655747424766396
pearson: 0.01453416519611848
p-valu: 6.418305185800987e-06

AL interation 1430/4801.

mae: 0.16015644491081124
max_error: 0.8219151646578666
variance: 0.016592775531089395
pearson: 0.009982579917733618
p-valu: 0.0019418748023721619

AL interation 1431/4801.

mae: 0.16022961520142112
max_error: 0.8317259300197861
variance: 0.01661453499598984
pearson: 0.011239463929455247
p-valu: 0.0004845195887272224

AL interation 1432/4801.

mae: 0.16020221725620895
max_error: 0.8317931335010371
variance: 0.01660563029107585
pearson: 0.011603263441846668
p-valu: 0.0003156589437582731

AL interation 1433/4801.

mae: 0.16022216871910758
max_error: 0.8324928413611303
variance: 0.01658510278378735
pearson: 0.017106404025098165
p-valu: 1.0922498876517833e-07

AL interation 1434/4801.

mae: 0.16023044518060636
max_error: 0.8325361151674429
variance: 0.016601440580642245
pearson: 0.024358111824395193
p-valu: 3.954507383944028e-14

AL interation 1435/4801.

mae: 0.1601478676178569
max_error: 0.8333766401974003
variance: 0.016556745536615937
pearson: 0.014208301403522982
p-valu: 1.029858113223304e-05

AL interation 1436/4801.

mae: 0.16012504093821087
max_error: 0.8329646535150914
variance: 0.016541901997783805
pearson: 0.0011778088922022596
p-valu: 0.7146506526807569

AL interation 1437/4801.

mae: 0.1601847502270258
max_error: 0.8401747691393808
variance: 0.016574921806764727
pearson: 0.01542115938233768
p-valu: 1.6902402598774568e-06

AL interation 1438/4801.

mae: 0.16017456504799293
max_error: 0.8395549545254966
variance: 0.01657029273250284
pearson: 0.015895779860021497
p-valu: 8.0293726268004e-07

AL interation 1439/4801.

mae: 0.16017075722309726
max_error: 0.8396973323646364
variance: 0.016577340587854265
pearson: 0.013189157607171882
p-valu: 4.234233481513498e-05

AL interation 1440/4801.

mae: 0.16016770985136972
max_error: 0.8397162665860378
variance: 0.016576752934038593
pearson: 0.006536954715336476
p-valu: 0.04243886348573928

AL interation 1441/4801.

mae: 0.16012119042687709
max_error: 0.8395506823668057
variance: 0.016573697589557047
pearson: 0.03273424002022839
p-valu: 2.874313511710836e-24

AL interation 1442/4801.

mae: 0.1601062599350638
max_error: 0.840212289091042
variance: 0.01656518748673961
pearson: 0.01589797146026807
p-valu: 8.005629112598144e-07

AL interation 1443/4801.

mae: 0.1600899091588774
max_error: 0.8403149717967722
variance: 0.01656870995885481
pearson: 0.02419928256222376
p-valu: 5.787391706605417e-14

AL interation 1444/4801.

mae: 0.1600073357432961
max_error: 0.8431439856870213
variance: 0.01659437059939289
pearson: 0.02048688227755861
p-valu: 2.0179065769445712e-10

AL interation 1445/4801.

mae: 0.1600096715856178
max_error: 0.8431530197985353
variance: 0.016597677003455814
pearson: 0.004843080511933835
p-valu: 0.13275271405685574

AL interation 1446/4801.

mae: 0.15997982664158922
max_error: 0.8422522390590785
variance: 0.016608874777266223
pearson: 0.017770459664457602
p-valu: 3.458532111792376e-08

AL interation 1447/4801.

mae: 0.15988180946475222
max_error: 0.8497139988743925
variance: 0.01656945394795415
pearson: 0.0234872727909867
p-valu: 3.064233123569374e-13

AL interation 1448/4801.

mae: 0.16008387357725473
max_error: 0.8492529921744421
variance: 0.016566981452297097
pearson: 0.022160302479917935
p-valu: 6.008389902648308e-12

AL interation 1449/4801.

mae: 0.16008150080747344
max_error: 0.8483354139908954
variance: 0.016564030844771153
pearson: 0.015139877726528646
p-valu: 2.605494769861282e-06

AL interation 1450/4801.

mae: 0.16000794521392414
max_error: 0.849392323331088
variance: 0.016561997425748674
pearson: 0.009522563633282952
p-valu: 0.0031179793987343727

AL interation 1451/4801.

mae: 0.16003880245376997
max_error: 0.8482679607266732
variance: 0.01656655884469838
pearson: 0.02325848099006736
p-valu: 5.185510743891702e-13

AL interation 1452/4801.

mae: 0.1601233135548572
max_error: 0.8481819612165395
variance: 0.01654358098402205
pearson: 0.019733160435186685
p-valu: 9.029437503725128e-10

AL interation 1453/4801.

mae: 0.1601311018688485
max_error: 0.8482187372854213
variance: 0.016543466548822886
pearson: 0.029710061907000204
p-valu: 2.8658237486879965e-20

AL interation 1454/4801.

mae: 0.16013560735811405
max_error: 0.8482092047130578
variance: 0.016544062676326108
pearson: 0.026986881489096497
p-valu: 5.3811247455417923e-17

AL interation 1455/4801.

mae: 0.16006397909169165
max_error: 0.8474768979428404
variance: 0.016573642786943163
pearson: 0.029884868188221884
p-valu: 1.7258789917604182e-20

AL interation 1456/4801.

mae: 0.16002662417246774
max_error: 0.8473026422397254
variance: 0.016560409849771716
pearson: 0.00966819471273215
p-valu: 0.002691175018296321

AL interation 1457/4801.

mae: 0.1599538991558585
max_error: 0.8472953915944998
variance: 0.01656088624360056
pearson: 0.02102569422415293
p-valu: 6.717286012850882e-11

AL interation 1458/4801.

mae: 0.15996533601879753
max_error: 0.8468738418365263
variance: 0.01657827835563058
pearson: 0.025394683740078028
p-valu: 3.185227854431122e-15

AL interation 1459/4801.

mae: 0.15967503693837176
max_error: 0.847652650957059
variance: 0.016543093524155783
pearson: 0.02100223368404862
p-valu: 7.054893985448196e-11

AL interation 1460/4801.

mae: 0.1596785618837074
max_error: 0.8475254216301522
variance: 0.016543628510226345
pearson: 0.019335400835731417
p-valu: 1.9497684941898055e-09

AL interation 1461/4801.

mae: 0.15967731877618385
max_error: 0.8474174182612302
variance: 0.016528066236358323
pearson: 0.025209658613659088
p-valu: 5.042457168075221e-15

AL interation 1462/4801.

mae: 0.15953459404190062
max_error: 0.8466036534293835
variance: 0.016539661447733268
pearson: 0.02516144392434131
p-valu: 5.681010158758308e-15

AL interation 1463/4801.

mae: 0.15948347756036355
max_error: 0.8476182000301264
variance: 0.016522443193281066
pearson: 0.025224802232958657
p-valu: 4.860518439192474e-15

AL interation 1464/4801.

mae: 0.15950906541304205
max_error: 0.848121330676932
variance: 0.01653765514882964
pearson: 0.015291716915289855
p-valu: 2.0700221610497614e-06

AL interation 1465/4801.

mae: 0.15949138326951065
max_error: 0.8474138143012055
variance: 0.016539068898626722
pearson: 0.01864292043643603
p-valu: 7.174201208082678e-09

AL interation 1466/4801.

mae: 0.15951693511328605
max_error: 0.846565058726128
variance: 0.016557424466921433
pearson: 0.013927701739329362
p-valu: 1.539255780857326e-05

AL interation 1467/4801.

mae: 0.15944328094060864
max_error: 0.8457773963928901
variance: 0.016552154712335704
pearson: 0.019482738836073453
p-valu: 1.4714552727104877e-09

AL interation 1468/4801.

mae: 0.1594751947744856
max_error: 0.8499165672291298
variance: 0.01656509349103841
pearson: 0.01115608129776415
p-valu: 0.000534943251297483

AL interation 1469/4801.

mae: 0.15928914350001264
max_error: 0.8503328561832575
variance: 0.016551779113948797
pearson: 0.0184274209775216
p-valu: 1.06666160117965e-08

AL interation 1470/4801.

mae: 0.15919932656121888
max_error: 0.8503038976650998
variance: 0.016536058573057167
pearson: 0.0060623820635083755
p-valu: 0.059893211110900416

AL interation 1471/4801.

mae: 0.1591602458352297
max_error: 0.8496975204452326
variance: 0.01652187034894214
pearson: 0.01999283558421952
p-valu: 5.445439722518431e-10

AL interation 1472/4801.

mae: 0.15909703269374026
max_error: 0.8494372214639156
variance: 0.016523455959818464
pearson: 0.022838841483664992
p-valu: 1.3482388995902658e-12

AL interation 1473/4801.

mae: 0.15907220415467788
max_error: 0.8512073942780489
variance: 0.016528020649448888
pearson: 0.01620920237747043
p-valu: 4.878031881056675e-07

AL interation 1474/4801.

mae: 0.15905630956828493
max_error: 0.8510821313909673
variance: 0.016525873685574226
pearson: 0.02481001243149325
p-valu: 1.3476522592829905e-14

AL interation 1475/4801.

mae: 0.15903051171296065
max_error: 0.851090049432969
variance: 0.016524282018096404
pearson: 0.01950571812686544
p-valu: 1.4099054777336054e-09

AL interation 1476/4801.

mae: 0.15902846066347384
max_error: 0.8510405617737433
variance: 0.016524546620751663
pearson: 0.011055518927794161
p-valu: 0.0006007775739785158

AL interation 1477/4801.

mae: 0.15903511414375868
max_error: 0.8510188494030331
variance: 0.016519651890112116
pearson: 0.013490350069911157
p-valu: 2.8267322298549088e-05

AL interation 1478/4801.

mae: 0.15907288903724265
max_error: 0.8491962234700381
variance: 0.01653594900973231
pearson: 0.022623464735584763
p-valu: 2.1843662832899946e-12

AL interation 1479/4801.

mae: 0.15904923616887953
max_error: 0.8480731899576455
variance: 0.01655065842082692
pearson: 0.01145143824274601
p-valu: 0.0003792810366143524

AL interation 1480/4801.

mae: 0.15903334868522773
max_error: 0.848937588865958
variance: 0.01654976614800348
pearson: 0.017102298698120664
p-valu: 1.1077570428183479e-07

AL interation 1481/4801.

mae: 0.15902084007862607
max_error: 0.8491017698171675
variance: 0.01654437907087317
pearson: 0.02004076119806526
p-valu: 4.963482495418872e-10

AL interation 1482/4801.

mae: 0.1589803739084487
max_error: 0.8494817788619571
variance: 0.016580476755777906
pearson: 0.029971025807147222
p-valu: 1.358722269796897e-20

AL interation 1483/4801.

mae: 0.15897759930756755
max_error: 0.8498232383322204
variance: 0.016576109008036116
pearson: 0.016886364748636244
p-valu: 1.5972118030011708e-07

AL interation 1484/4801.

mae: 0.1588611106865066
max_error: 0.8487664084810689
variance: 0.016565369129816106
pearson: 0.015468324508915422
p-valu: 1.580398052725811e-06

AL interation 1485/4801.

mae: 0.1588375564223971
max_error: 0.8494141163971349
variance: 0.01656843791093816
pearson: 0.02517966511008603
p-valu: 5.4718955688437765e-15

AL interation 1486/4801.

mae: 0.15865121322142606
max_error: 0.8507649251615561
variance: 0.016559563184874483
pearson: 0.012796226533016998
p-valu: 7.146482204774217e-05

AL interation 1487/4801.

mae: 0.15871977242127122
max_error: 0.850565928494774
variance: 0.01658166067894516
pearson: 0.027470579274184042
p-valu: 1.5043841779611422e-17

AL interation 1488/4801.

mae: 0.15866384722964266
max_error: 0.849722448169075
variance: 0.016553887445948504
pearson: 0.016615181380251323
p-valu: 2.513756725410842e-07

AL interation 1489/4801.

mae: 0.1587573219536116
max_error: 0.8497193862113832
variance: 0.01654848110218394
pearson: 0.009735486377157708
p-valu: 0.0025165482407381477

AL interation 1490/4801.

mae: 0.15886074600716688
max_error: 0.8507992169574337
variance: 0.016562409501114525
pearson: 0.024543778090780472
p-valu: 2.5777904177304696e-14

AL interation 1491/4801.

mae: 0.1588589348631228
max_error: 0.8511828785546101
variance: 0.01658714206405363
pearson: 0.018698475566173024
p-valu: 6.503813659300626e-09

AL interation 1492/4801.

mae: 0.15885341724889787
max_error: 0.8520003354709615
variance: 0.016565530646261706
pearson: 0.015000456325920137
p-valu: 3.233952816180616e-06

AL interation 1493/4801.

mae: 0.15887309500678606
max_error: 0.8513695077843622
variance: 0.016577701842916508
pearson: 0.025775403637179853
p-valu: 1.2421589972582073e-15

AL interation 1494/4801.

mae: 0.15898608541409073
max_error: 0.8512601660348764
variance: 0.01655519758022654
pearson: 0.004758452554570114
p-valu: 0.13975884189663426

AL interation 1495/4801.

mae: 0.15894041948546886
max_error: 0.8520689865002353
variance: 0.01654585863199072
pearson: 0.012546584044465547
p-valu: 9.873079991179384e-05

AL interation 1496/4801.

mae: 0.15895078844806995
max_error: 0.8517812077865798
variance: 0.016546188312560578
pearson: 0.029707976838048027
p-valu: 2.939088778625042e-20

AL interation 1497/4801.

mae: 0.15891083577459814
max_error: 0.8518861635029609
variance: 0.016542380935212552
pearson: 0.017444082717266142
p-valu: 6.173012587031741e-08

AL interation 1498/4801.

mae: 0.15892996642164192
max_error: 0.852161383611417
variance: 0.016537236195168305
pearson: 0.023645717961499196
p-valu: 2.155122393245529e-13

AL interation 1499/4801.

mae: 0.15893362134175357
max_error: 0.8526718043229806
variance: 0.016532801827979466
pearson: 0.017603079763070337
p-valu: 4.681258802894912e-08

AL interation 1500/4801.

mae: 0.15892614394676643
max_error: 0.8527446004526809
variance: 0.01653500669774875
pearson: 0.0043029715001393996
p-valu: 0.18177904655301688

AL interation 1501/4801.

mae: 0.15896463968292687
max_error: 0.8523630299786831
variance: 0.01652977304375553
pearson: 0.013291895967041025
p-valu: 3.7092734137731045e-05

AL interation 1502/4801.

mae: 0.15887977010516893
max_error: 0.8525013657836595
variance: 0.016510344938239427
pearson: 0.011955583085745323
p-valu: 0.00020715179160160613

AL interation 1503/4801.

mae: 0.15889473707315954
max_error: 0.8529178780657105
variance: 0.016521162126816008
pearson: 0.029514512746833282
p-valu: 5.1538455129815024e-20

AL interation 1504/4801.

mae: 0.15889366093038357
max_error: 0.8530229251085331
variance: 0.01651506520664468
pearson: 0.023016680121816954
p-valu: 9.11185334905946e-13

AL interation 1505/4801.

mae: 0.15885485512425102
max_error: 0.8529249080405492
variance: 0.016514314069046004
pearson: 0.01869806120050484
p-valu: 6.5252079391171245e-09

AL interation 1506/4801.

mae: 0.15884371218748675
max_error: 0.8527767781814362
variance: 0.01652125354556883
pearson: 0.01496454545276746
p-valu: 3.419114612668969e-06

AL interation 1507/4801.

mae: 0.15883833266664413
max_error: 0.8525193630146362
variance: 0.01652907561039764
pearson: 0.0030335136667943166
p-valu: 0.34653935329575614

AL interation 1508/4801.

mae: 0.15878596138817516
max_error: 0.8525510844135198
variance: 0.016522290653994142
pearson: 0.02553123248855686
p-valu: 2.304096461517427e-15

AL interation 1509/4801.

mae: 0.15883904657722134
max_error: 0.8545946865915823
variance: 0.016500355177883654
pearson: 0.017912127553986756
p-valu: 2.7187136214042576e-08

AL interation 1510/4801.

mae: 0.15882078092611435
max_error: 0.8545115623853263
variance: 0.016500625813751002
pearson: 0.020820930280589893
p-valu: 1.0368225661137154e-10

AL interation 1511/4801.

mae: 0.15883258335247716
max_error: 0.8544859179390585
variance: 0.01650532430480317
pearson: 0.016210749945860074
p-valu: 4.891081493609788e-07

AL interation 1512/4801.

mae: 0.15888668039456413
max_error: 0.855031002887344
variance: 0.01653030113171305
pearson: 0.02513262340446289
p-valu: 6.197536731173519e-15

AL interation 1513/4801.

mae: 0.1589487240359516
max_error: 0.8554534220491234
variance: 0.01653648685594134
pearson: 0.028330607735764058
p-valu: 1.4603433542936818e-18

AL interation 1514/4801.

mae: 0.1589491669366242
max_error: 0.8554992698025501
variance: 0.016535258318275018
pearson: 0.03377966845478552
p-valu: 1.0158674597210148e-25

AL interation 1515/4801.

mae: 0.15898170241123136
max_error: 0.8557577479751899
variance: 0.01654565360334256
pearson: 0.014899615124632264
p-valu: 3.7728052151029747e-06

AL interation 1516/4801.

mae: 0.1589925865665209
max_error: 0.855839863581167
variance: 0.016544947096750248
pearson: 0.010442802553176927
p-valu: 0.0011935679619429248

AL interation 1517/4801.

mae: 0.15898683428105442
max_error: 0.856127558983836
variance: 0.016547400147431966
pearson: 0.028346876906665385
p-valu: 1.3983763175342229e-18

AL interation 1518/4801.

mae: 0.15881573996545076
max_error: 0.8564585328670375
variance: 0.016539856592322173
pearson: 0.0030556994103000043
p-valu: 0.3430514214290739

AL interation 1519/4801.

mae: 0.15881310832939943
max_error: 0.8565275778755961
variance: 0.016537129417892205
pearson: 0.009309223018154919
p-valu: 0.00386960189330722

AL interation 1520/4801.

mae: 0.15884809382126236
max_error: 0.8586042562603353
variance: 0.016521376746844917
pearson: 0.01776301760882286
p-valu: 3.54671409855289e-08

AL interation 1521/4801.

mae: 0.15885709149213562
max_error: 0.8586471081340079
variance: 0.016520182844111622
pearson: 0.013000198321495864
p-valu: 5.4851409223570815e-05

AL interation 1522/4801.

mae: 0.15885080366952858
max_error: 0.858609271577123
variance: 0.0165211694968978
pearson: 0.014839118564028968
p-valu: 4.133015720314562e-06

AL interation 1523/4801.

mae: 0.1588436701772444
max_error: 0.8583560291855008
variance: 0.01655557823347463
pearson: 0.011616968555797701
p-valu: 0.00031257387384110426

AL interation 1524/4801.

mae: 0.15891813761440154
max_error: 0.8589938243217574
variance: 0.016579044812758802
pearson: 0.02474226852485549
p-valu: 1.6134036826974782e-14

AL interation 1525/4801.

mae: 0.1589115471969274
max_error: 0.8591267065790547
variance: 0.01658019322226141
pearson: 0.02084117369492803
p-valu: 9.979443473710369e-11

AL interation 1526/4801.

mae: 0.1587747060736117
max_error: 0.8577008481571369
variance: 0.016482017267275467
pearson: 0.01664378896364191
p-valu: 2.4103852501547375e-07

AL interation 1527/4801.

mae: 0.15875221103156373
max_error: 0.8575769141594023
variance: 0.016473952018946268
pearson: 0.012662270551070432
p-valu: 8.532043266773462e-05

AL interation 1528/4801.

mae: 0.15880576780388317
max_error: 0.857961447292702
variance: 0.01646674020773412
pearson: 0.013501513597572033
p-valu: 2.7975505212789263e-05

AL interation 1529/4801.

mae: 0.1588085933792554
max_error: 0.8577448173959823
variance: 0.016454013054788892
pearson: 0.017666104411804436
p-valu: 4.212124238163949e-08

AL interation 1530/4801.

mae: 0.15869084852936288
max_error: 0.8582659937911643
variance: 0.01644214380255136
pearson: 0.016235149884952886
p-valu: 4.713741616028895e-07

AL interation 1531/4801.

mae: 0.15871487677744375
max_error: 0.8581969882264957
variance: 0.01644479607461024
pearson: 0.012206580456081102
p-valu: 0.0001521966037208075

AL interation 1532/4801.

mae: 0.15864823253209784
max_error: 0.8571288651388755
variance: 0.016457494957263154
pearson: 0.022360669975839062
p-valu: 3.958885140487429e-12

AL interation 1533/4801.

mae: 0.15841178453125843
max_error: 0.856435835674958
variance: 0.016384461719018906
pearson: 0.0183403940258285
p-valu: 1.2639756536857885e-08

AL interation 1534/4801.

mae: 0.15840060692047217
max_error: 0.8565648221797346
variance: 0.016395632685268297
pearson: 0.007282863540778098
p-valu: 0.023843764019955024

AL interation 1535/4801.

mae: 0.15847183976730828
max_error: 0.8554860205950234
variance: 0.016425625887017077
pearson: 0.018363065452746744
p-valu: 1.213337456484778e-08

AL interation 1536/4801.

mae: 0.15851953833410193
max_error: 0.855363639907182
variance: 0.016455481945850035
pearson: 0.004380915077705528
p-valu: 0.17407344063436464

AL interation 1537/4801.

mae: 0.1584494959347433
max_error: 0.8547121809128129
variance: 0.016419908082058222
pearson: 0.005797024387302365
p-valu: 0.07208312881683544

AL interation 1538/4801.

mae: 0.15833841701150078
max_error: 0.8532191439509518
variance: 0.01640602904897013
pearson: 0.025237310256914273
p-valu: 4.8283866877006505e-15

AL interation 1539/4801.

mae: 0.15832811145353673
max_error: 0.8537695494565298
variance: 0.01639551479702996
pearson: 0.02285607931865848
p-valu: 1.3204274181189563e-12

AL interation 1540/4801.

mae: 0.15835327297926496
max_error: 0.8504574897482229
variance: 0.016379446426705295
pearson: 0.015549431189017256
p-valu: 1.4031003067817712e-06

AL interation 1541/4801.

mae: 0.15834760463255299
max_error: 0.8501739513700954
variance: 0.016379337757236302
pearson: 0.0056396573450578115
p-valu: 0.0801647988979709

AL interation 1542/4801.

mae: 0.1581989825321954
max_error: 0.8508776687715027
variance: 0.016337217312148346
pearson: 0.010358575686977187
p-valu: 0.0013097189230708366

AL interation 1543/4801.

mae: 0.15819903093755283
max_error: 0.8509009783371795
variance: 0.01633617165383706
pearson: 0.011360300766054977
p-valu: 0.0004240638876569638

AL interation 1544/4801.

mae: 0.15819863124831784
max_error: 0.8510139736080617
variance: 0.016341244233387658
pearson: 0.01051067641657845
p-valu: 0.0011101966515965082

AL interation 1545/4801.

mae: 0.15817471055094212
max_error: 0.8507979006486295
variance: 0.016350259498369716
pearson: 0.024264143808401906
p-valu: 5.1146529260496716e-14

AL interation 1546/4801.

mae: 0.1581744205153597
max_error: 0.8508248282782773
variance: 0.016350448716468423
pearson: 0.02398729907596693
p-valu: 9.84295618616831e-14

AL interation 1547/4801.

mae: 0.15817852530976906
max_error: 0.850760856866799
variance: 0.016349854939277642
pearson: 0.00984337360631863
p-valu: 0.0022588114404733044

AL interation 1548/4801.

mae: 0.1581441886951579
max_error: 0.8511880058656516
variance: 0.016342183780114188
pearson: 0.016263205909929197
p-valu: 4.515154159058672e-07

AL interation 1549/4801.

mae: 0.15788935193309941
max_error: 0.84863473928921
variance: 0.01632923615889609
pearson: 0.019349692340240043
p-valu: 1.92990506574197e-09

AL interation 1550/4801.

mae: 0.15777846610662716
max_error: 0.8490382625706872
variance: 0.01628380121814877
pearson: 0.013046709549635264
p-valu: 5.171125798740098e-05

AL interation 1551/4801.

mae: 0.15787813610495532
max_error: 0.8580148275929957
variance: 0.016296343224358786
pearson: 0.007146920658704269
p-valu: 0.026605205073783535

AL interation 1552/4801.

mae: 0.15786592899402108
max_error: 0.8592899666887774
variance: 0.01628790289042398
pearson: 0.00885583435489889
p-valu: 0.006006249784060309

AL interation 1553/4801.

mae: 0.15786464822015686
max_error: 0.8593048986632112
variance: 0.01628766768021632
pearson: 0.024242346746436636
p-valu: 5.399383181198491e-14

AL interation 1554/4801.

mae: 0.15789344226846957
max_error: 0.859122574896432
variance: 0.01629760210491685
pearson: 0.024691264360057284
p-valu: 1.8424313787961523e-14

AL interation 1555/4801.

mae: 0.15791701620351983
max_error: 0.8587241588405305
variance: 0.01630169082063726
pearson: 0.015719536915087387
p-valu: 1.0772815857927225e-06

AL interation 1556/4801.

mae: 0.15789610132713625
max_error: 0.8587239582334831
variance: 0.016301462229838675
pearson: 0.0170929508817528
p-valu: 1.1385140462551824e-07

AL interation 1557/4801.

mae: 0.15791466750016062
max_error: 0.8587119373950998
variance: 0.016297827938012866
pearson: 0.01827757052155384
p-valu: 1.4224768061259033e-08

AL interation 1558/4801.

mae: 0.1581149445981008
max_error: 0.8573855097431107
variance: 0.016381048831299184
pearson: 0.016530281955029112
p-valu: 2.921285627044079e-07

AL interation 1559/4801.

mae: 0.15826060484593596
max_error: 0.8572351447195672
variance: 0.016451799188822367
pearson: 0.023123289532418673
p-valu: 7.265551320111364e-13

AL interation 1560/4801.

mae: 0.15827194332552244
max_error: 0.8578333192520802
variance: 0.01645451396304334
pearson: 0.024220377552767285
p-valu: 5.700285561452704e-14

AL interation 1561/4801.

mae: 0.15804452099728336
max_error: 0.8536069198423775
variance: 0.01648052162251993
pearson: 0.0243329139213867
p-valu: 4.3634137297557266e-14

AL interation 1562/4801.

mae: 0.1580570602186735
max_error: 0.853625028037925
variance: 0.01648292403990396
pearson: 0.01677597451563559
p-valu: 1.944323042901783e-07

AL interation 1563/4801.

mae: 0.15802104173263617
max_error: 0.8537061122638079
variance: 0.016490973514983062
pearson: 0.030161345200218036
p-valu: 8.073386154665884e-21

AL interation 1564/4801.

mae: 0.15803825985713582
max_error: 0.854271589875907
variance: 0.01648641242116301
pearson: 0.013160538530978795
p-valu: 4.450081359291237e-05

AL interation 1565/4801.

mae: 0.15800227479999907
max_error: 0.8536084100687447
variance: 0.0164830569963685
pearson: 0.01591034988229022
p-valu: 7.977385377956041e-07

AL interation 1566/4801.

mae: 0.15798282053450022
max_error: 0.8519834412091427
variance: 0.01648595014220634
pearson: 0.021728018031377246
p-valu: 1.5720474100058537e-11

AL interation 1567/4801.

mae: 0.15797111708650635
max_error: 0.8518926392098081
variance: 0.01648673758886216
pearson: 0.01848601419753414
p-valu: 9.748697640159403e-09

AL interation 1568/4801.

mae: 0.15797473761534828
max_error: 0.8519067607057167
variance: 0.01648702005853365
pearson: 0.015936178652302787
p-valu: 7.659198187535134e-07

AL interation 1569/4801.

mae: 0.1578401189108451
max_error: 0.8509030170101823
variance: 0.016438460208926337
pearson: 0.006064454905881733
p-valu: 0.059937265699657294

AL interation 1570/4801.

mae: 0.15777645854041514
max_error: 0.8502877878774484
variance: 0.01641651158778504
pearson: 0.017479173523696767
p-valu: 5.8754337553526756e-08

AL interation 1571/4801.

mae: 0.15768230396702365
max_error: 0.8486127048349772
variance: 0.016406988570144113
pearson: 0.010737555574651173
p-valu: 0.0008655688506868793

AL interation 1572/4801.

mae: 0.15770711293884995
max_error: 0.8455646346588139
variance: 0.01642645684264353
pearson: 0.006921163490553529
p-valu: 0.03179432340060142

AL interation 1573/4801.

mae: 0.15773842981256858
max_error: 0.8455610494463173
variance: 0.016434735723356863
pearson: 0.029354695975728106
p-valu: 8.406084417814098e-20

AL interation 1574/4801.

mae: 0.15772557207902832
max_error: 0.8455030393657097
variance: 0.016431103572867697
pearson: 0.02008556656734922
p-valu: 4.6301225849331773e-10

AL interation 1575/4801.

mae: 0.15771690955220038
max_error: 0.8454131043878306
variance: 0.0164266864818486
pearson: 0.012231878912292243
p-valu: 0.00014797681330801972

AL interation 1576/4801.

mae: 0.1576094247855339
max_error: 0.8456564217114249
variance: 0.016418011797316685
pearson: 0.01020839487230568
p-valu: 0.001541873438678827

AL interation 1577/4801.

mae: 0.15762297764913666
max_error: 0.8457796720909982
variance: 0.01642059743947325
pearson: 0.017273159853633358
p-valu: 8.394576502713104e-08

AL interation 1578/4801.

mae: 0.1576397838984211
max_error: 0.8444606580336824
variance: 0.016417997695034506
pearson: 0.011585679449275634
p-valu: 0.0003257479110526122

AL interation 1579/4801.

mae: 0.1576094358678849
max_error: 0.8460601456533823
variance: 0.016423437716490116
pearson: 0.029738708048164482
p-valu: 2.7904010893014774e-20

AL interation 1580/4801.

mae: 0.15760669713603034
max_error: 0.8510067316971117
variance: 0.016437125745457214
pearson: 0.023074956954769535
p-valu: 8.152804425822213e-13

AL interation 1581/4801.

mae: 0.157608571841409
max_error: 0.8508626546880578
variance: 0.016438643848932587
pearson: 0.02454531581012585
p-valu: 2.6408827198430177e-14

AL interation 1582/4801.

mae: 0.15750784508895746
max_error: 0.8501655954758434
variance: 0.016428190277809868
pearson: 0.02057678563724056
p-valu: 1.73298976936256e-10

AL interation 1583/4801.

mae: 0.15753424127308585
max_error: 0.8502089760726221
variance: 0.01644831376466764
pearson: 0.03051258161777817
p-valu: 2.8872011525378842e-21

AL interation 1584/4801.

mae: 0.15747947286573036
max_error: 0.850557226779415
variance: 0.01644138048138904
pearson: 0.028128770600677235
p-valu: 2.619951434831659e-18

AL interation 1585/4801.

mae: 0.15746033786207123
max_error: 0.8502188603919478
variance: 0.016439964186896687
pearson: 0.010974159225108034
p-valu: 0.0006638668718365625

AL interation 1586/4801.

mae: 0.15746346065590647
max_error: 0.8501870695592828
variance: 0.016440967651983798
pearson: 0.020307229122040277
p-valu: 2.985273097013415e-10

AL interation 1587/4801.

mae: 0.1575460232767433
max_error: 0.8501103762520188
variance: 0.016467856683385407
pearson: 0.009680624302186195
p-valu: 0.0026751807649277085

AL interation 1588/4801.

mae: 0.15750247787826918
max_error: 0.8499948645276874
variance: 0.016448943699349208
pearson: 0.027064477655433187
p-valu: 4.6074977326136985e-17

AL interation 1589/4801.

mae: 0.15752752238569656
max_error: 0.8494755199040611
variance: 0.016452650611578107
pearson: 0.01111282262546752
p-valu: 0.0005667947968845263

AL interation 1590/4801.

mae: 0.15752445186304675
max_error: 0.8494987718769522
variance: 0.016453484975884083
pearson: 0.020670895750023358
p-valu: 1.433913953832857e-10

AL interation 1591/4801.

mae: 0.15750921518393324
max_error: 0.8496003119794437
variance: 0.0164515208352839
pearson: 0.010956324419945731
p-valu: 0.0006777032216585915

AL interation 1592/4801.

mae: 0.157583066456381
max_error: 0.8481311387753863
variance: 0.016493249611276656
pearson: 0.02106517145555262
p-valu: 6.381742842933076e-11

AL interation 1593/4801.

mae: 0.15758027078569145
max_error: 0.8478483662935332
variance: 0.016490237860275883
pearson: 0.026117559281070065
p-valu: 5.396248243666419e-16

AL interation 1594/4801.

mae: 0.15768164678307478
max_error: 0.8462705173329397
variance: 0.01650762248292158
pearson: 0.01686060430497529
p-valu: 1.6953485748903646e-07

AL interation 1595/4801.

mae: 0.15768134809373874
max_error: 0.8462795426229377
variance: 0.016507220499169084
pearson: 0.020446097259037392
p-valu: 2.2631239582204898e-10

AL interation 1596/4801.

mae: 0.15765458613165106
max_error: 0.8461862818761574
variance: 0.01650414988906596
pearson: 0.02856880725515582
p-valu: 7.801909516231614e-19

AL interation 1597/4801.

mae: 0.1576522949855332
max_error: 0.8464170720315565
variance: 0.016504951247455223
pearson: 0.010585317007317976
p-valu: 0.0010261556319527652

AL interation 1598/4801.

mae: 0.15763817765496493
max_error: 0.8466694969708328
variance: 0.01650316846039899
pearson: 0.02375193974445097
p-valu: 1.732698274589726e-13

AL interation 1599/4801.

mae: 0.15763756305760218
max_error: 0.8465950694780702
variance: 0.016501781187726217
pearson: 0.026673214326145427
p-valu: 1.2909866387144485e-16

AL interation 1600/4801.

mae: 0.15762817051808925
max_error: 0.8462894148258187
variance: 0.016496883399486892
pearson: 0.03172696869189538
p-valu: 7.361344433208977e-23

AL interation 1601/4801.

mae: 0.1577025288438665
max_error: 0.8457199348352447
variance: 0.016499999127611516
pearson: 0.019404520402166493
p-valu: 1.7551148641813609e-09

AL interation 1602/4801.

mae: 0.1577122507721869
max_error: 0.8472684702017261
variance: 0.016500130094769496
pearson: 0.03592616796138032
p-valu: 7.469444726661804e-29

AL interation 1603/4801.

mae: 0.15770203169733377
max_error: 0.8471923724636099
variance: 0.01650043589305116
pearson: 0.01986740790123896
p-valu: 7.159082913029439e-10

AL interation 1604/4801.

mae: 0.15766969564255595
max_error: 0.8460057656726008
variance: 0.016502975052174185
pearson: 0.029727809250272342
p-valu: 2.9122630577199e-20

AL interation 1605/4801.

mae: 0.1576406370630844
max_error: 0.8467529054931333
variance: 0.016499518554488408
pearson: 0.017233323689751504
p-valu: 9.026855041811491e-08

AL interation 1606/4801.

mae: 0.15765114950884518
max_error: 0.8457011196121584
variance: 0.01648299609178738
pearson: 0.013593903324052088
p-valu: 2.483317263991222e-05

AL interation 1607/4801.

mae: 0.15766721582965643
max_error: 0.8457297480015313
variance: 0.016488228952663726
pearson: 0.01505474640597528
p-valu: 3.0203222471859424e-06

AL interation 1608/4801.

mae: 0.1577814651885052
max_error: 0.8498761524330405
variance: 0.016470200221463432
pearson: 0.015798462133018408
p-valu: 9.578345444706461e-07

AL interation 1609/4801.

mae: 0.15778270149598053
max_error: 0.8511140488554076
variance: 0.016460818857297898
pearson: 0.03590951733061598
p-valu: 7.952082158285066e-29

AL interation 1610/4801.

mae: 0.15778367831687717
max_error: 0.8408128996400421
variance: 0.016533139550251534
pearson: 0.023049658377736593
p-valu: 8.703359935032966e-13

AL interation 1611/4801.

mae: 0.15779650858534686
max_error: 0.8407744337556551
variance: 0.0165339024646703
pearson: 0.013244426483293173
p-valu: 3.994461809527474e-05

AL interation 1612/4801.

mae: 0.1578088845460357
max_error: 0.8407082937477242
variance: 0.016535725567649477
pearson: 0.009478464419645461
p-valu: 0.003285335405357242

AL interation 1613/4801.

mae: 0.1578102657468143
max_error: 0.8406729957720813
variance: 0.016533721375364616
pearson: 0.019703865976008123
p-valu: 9.871350312269452e-10

AL interation 1614/4801.

mae: 0.15755483624630312
max_error: 0.8265050190631769
variance: 0.01655593513000442
pearson: 0.021281580172708953
p-valu: 4.086612292091051e-11

AL interation 1615/4801.

mae: 0.15754877993042113
max_error: 0.8367309944833607
variance: 0.01654900416685671
pearson: 0.024462855651703107
p-valu: 3.25194150837818e-14

AL interation 1616/4801.

mae: 0.15759210686986302
max_error: 0.83811772224621
variance: 0.016552692074675156
pearson: 0.012074347413971153
p-valu: 0.00018055835521269578

AL interation 1617/4801.

mae: 0.15754205224265602
max_error: 0.8383573886724207
variance: 0.016529762283315937
pearson: 0.02520501722827101
p-valu: 5.3639717981790565e-15

AL interation 1618/4801.

mae: 0.15751591318677077
max_error: 0.8380917175008449
variance: 0.016535693957686545
pearson: 0.04119997597705367
p-valu: 2.048291745926448e-37

AL interation 1619/4801.

mae: 0.1575125548446856
max_error: 0.8380667106870021
variance: 0.016536086923204952
pearson: 0.02172787421891335
p-valu: 1.5927532923382006e-11

AL interation 1620/4801.

mae: 0.1573432942422577
max_error: 0.8401293452326399
variance: 0.016523780711062776
pearson: 0.02059131368240242
p-valu: 1.696614353949467e-10

AL interation 1621/4801.

mae: 0.15732494075179904
max_error: 0.839178537965978
variance: 0.016521722034571255
pearson: 0.024550563748256975
p-valu: 2.6399580968687832e-14

AL interation 1622/4801.

mae: 0.1573260217810159
max_error: 0.8392647593199456
variance: 0.01652196939497987
pearson: 0.012137191230707294
p-valu: 0.0001671194815776162

AL interation 1623/4801.

mae: 0.15739354426007016
max_error: 0.8367419919866563
variance: 0.016533783201663203
pearson: 0.01613519984806213
p-valu: 5.610144519761592e-07

AL interation 1624/4801.

mae: 0.1574275761680725
max_error: 0.8291542330699428
variance: 0.016510582384251033
pearson: 0.026523482526734126
p-valu: 1.9216804203758133e-16

AL interation 1625/4801.

mae: 0.15742708182090526
max_error: 0.8183469112479145
variance: 0.016515050815984263
pearson: 0.01713203843600615
p-valu: 1.0764293229514564e-07

AL interation 1626/4801.

mae: 0.15745806250447406
max_error: 0.8141389650179178
variance: 0.016546602782148662
pearson: 0.01973916081814735
p-valu: 9.24009432159852e-10

AL interation 1627/4801.

mae: 0.15744305153791632
max_error: 0.8128652049063589
variance: 0.01653600280977697
pearson: 0.025295154637187074
p-valu: 4.307889418490101e-15

AL interation 1628/4801.

mae: 0.15744044000925816
max_error: 0.8128935331041873
variance: 0.016535997695608994
pearson: 0.029432931107344754
p-valu: 6.882585653351882e-20

AL interation 1629/4801.

mae: 0.15748877797343344
max_error: 0.8125601345304858
variance: 0.01654280072725867
pearson: 0.011617545503169012
p-valu: 0.00031475444321856617

AL interation 1630/4801.

mae: 0.15748644559600417
max_error: 0.8125743407717039
variance: 0.016541940633216987
pearson: 0.018779305525910284
p-valu: 5.740660799784323e-09

AL interation 1631/4801.

mae: 0.15726723901913237
max_error: 0.8136859412670105
variance: 0.016523691122051955
pearson: 0.017874470806421464
p-valu: 2.9657680997911588e-08

AL interation 1632/4801.

mae: 0.15745246388341377
max_error: 0.8182685448380482
variance: 0.01655897133278682
pearson: 0.029616020932566645
p-valu: 4.073062346838075e-20

AL interation 1633/4801.

mae: 0.15739869697372746
max_error: 0.819433659379257
variance: 0.016547505558948628
pearson: 0.02193015245348662
p-valu: 1.0357408320492098e-11

AL interation 1634/4801.

mae: 0.15738809605665474
max_error: 0.819700414810768
variance: 0.016529952690538464
pearson: 0.014738138149386062
p-valu: 4.863755964740588e-06

AL interation 1635/4801.

mae: 0.15739052643083148
max_error: 0.819724766399986
variance: 0.016523770711803346
pearson: 0.020286433215890052
p-valu: 3.1444048089627374e-10

AL interation 1636/4801.

mae: 0.1573784014701234
max_error: 0.8194139007453032
variance: 0.016519626190814412
pearson: 0.030138724487416
p-valu: 8.922188400673906e-21

AL interation 1637/4801.

mae: 0.15742971036899986
max_error: 0.8185917894212338
variance: 0.0165241975538652
pearson: 0.01234159743706693
p-valu: 0.00012958548608568197

AL interation 1638/4801.

mae: 0.15738950038514793
max_error: 0.8182364209877875
variance: 0.016541777462040157
pearson: 0.01572719743766468
p-valu: 1.0757948139345525e-06

AL interation 1639/4801.

mae: 0.15717674940716952
max_error: 0.8036995234863298
variance: 0.016495095317943652
pearson: 0.01462818797820139
p-valu: 5.7233181606220285e-06

AL interation 1640/4801.

mae: 0.15718179897588108
max_error: 0.8036024043542795
variance: 0.016495449100728473
pearson: 0.01916979377844269
p-valu: 2.765245865282977e-09

AL interation 1641/4801.

mae: 0.15717941297985646
max_error: 0.8041434652547537
variance: 0.016502825622397146
pearson: 0.024802624922018107
p-valu: 1.4456202683419335e-14

AL interation 1642/4801.

mae: 0.1572419234258888
max_error: 0.8034801511553269
variance: 0.01651880296079655
pearson: 0.015984589545070642
p-valu: 7.160099397972464e-07

AL interation 1643/4801.

mae: 0.15718818239978607
max_error: 0.8033623245397905
variance: 0.016501188944479356
pearson: 0.0004190334684501711
p-valu: 0.8966161044339674

AL interation 1644/4801.

mae: 0.15718984215079745
max_error: 0.8035061186575092
variance: 0.016501484431564777
pearson: 0.01905667541539538
p-valu: 3.4262699703376424e-09

AL interation 1645/4801.

mae: 0.1570254248726474
max_error: 0.7982230760798075
variance: 0.01644488265898155
pearson: 0.017834404084538426
p-valu: 3.191099251436001e-08

AL interation 1646/4801.

mae: 0.1570761037557252
max_error: 0.7962706377750806
variance: 0.01648255491660671
pearson: 0.020506648557884505
p-valu: 2.0250002561717678e-10

AL interation 1647/4801.

mae: 0.157056407376863
max_error: 0.7963207582407676
variance: 0.016481456785949103
pearson: 0.023078341519211974
p-valu: 8.239045732343374e-13

AL interation 1648/4801.

mae: 0.15710983181173505
max_error: 0.7952373816528393
variance: 0.016469787074997792
pearson: 0.025237530877329814
p-valu: 5.00063292681799e-15

AL interation 1649/4801.

mae: 0.15704152843293925
max_error: 0.7958651495904974
variance: 0.01644955839645323
pearson: 0.03274470980297109
p-valu: 3.1113806317458264e-24

AL interation 1650/4801.

mae: 0.1570476886197258
max_error: 0.7943019318671816
variance: 0.016450468713821127
pearson: 0.03245211600500714
p-valu: 7.865297329430223e-24

AL interation 1651/4801.

mae: 0.1570168114553461
max_error: 0.7975644479589903
variance: 0.016451718279154315
pearson: 0.022058826135996946
p-valu: 7.879470934049384e-12

AL interation 1652/4801.

mae: 0.15702574516353454
max_error: 0.7958324564937982
variance: 0.016461413154132198
pearson: 0.012731695716459206
p-valu: 7.883317085249626e-05

AL interation 1653/4801.

mae: 0.15694231506542203
max_error: 0.7956336362809111
variance: 0.01644015435487021
pearson: 0.031204519564193154
p-valu: 3.739704229985784e-22

AL interation 1654/4801.

mae: 0.15697514035214186
max_error: 0.7945864430740528
variance: 0.01641054588883267
pearson: 0.02605053504428121
p-valu: 6.537271726828714e-16

AL interation 1655/4801.

mae: 0.15693954054203246
max_error: 0.7944661072319548
variance: 0.016405825931138734
pearson: 0.028441567190284633
p-valu: 1.1382823758416908e-18

AL interation 1656/4801.

mae: 0.15690786705322435
max_error: 0.7945305033826742
variance: 0.016398945848622618
pearson: 0.02513273677968932
p-valu: 6.488893501359985e-15

AL interation 1657/4801.

mae: 0.15649494923130733
max_error: 0.7806696611525012
variance: 0.016283993095007183
pearson: 0.021179885536553755
p-valu: 5.103508039804255e-11

AL interation 1658/4801.

mae: 0.15649176061213768
max_error: 0.7804631921754321
variance: 0.01627123876373963
pearson: 0.03410544089485918
p-valu: 3.771738892300819e-26

AL interation 1659/4801.

mae: 0.15657947584943332
max_error: 0.7812730247133288
variance: 0.016277532669621078
pearson: 0.02623330003845407
p-valu: 4.1074384588159036e-16

AL interation 1660/4801.

mae: 0.156521707235485
max_error: 0.7827907151448699
variance: 0.016263022300524642
pearson: 0.009654799793019756
p-valu: 0.0027566955374559604

AL interation 1661/4801.

mae: 0.1565361881122268
max_error: 0.7839312250421813
variance: 0.016261558900332686
pearson: 0.03326823704577027
p-valu: 5.844719023687692e-25

AL interation 1662/4801.

mae: 0.15651545697856648
max_error: 0.7831818428920485
variance: 0.016257557892104972
pearson: 0.03132046700840794
p-valu: 2.6405499065572987e-22

AL interation 1663/4801.

mae: 0.15648824195221553
max_error: 0.7836760571950094
variance: 0.016249834943857643
pearson: 0.019214072774158358
p-valu: 2.5537228177026885e-09

AL interation 1664/4801.

mae: 0.15658404271222776
max_error: 0.7905797821589999
variance: 0.01626336157499133
pearson: 0.02572210680455646
p-valu: 1.5046506019526873e-15

AL interation 1665/4801.

mae: 0.1565285552532627
max_error: 0.7873113962242542
variance: 0.01627481463835909
pearson: 0.028615696431999425
p-valu: 7.044870942338182e-19

AL interation 1666/4801.

mae: 0.15640637573382235
max_error: 0.7877536221165542
variance: 0.016260562846776627
pearson: 0.025780727345396676
p-valu: 1.2992785275203394e-15

AL interation 1667/4801.

mae: 0.15648521497647144
max_error: 0.789378793042772
variance: 0.016277766872704866
pearson: 0.00867683806572184
p-valu: 0.007138840001130696

AL interation 1668/4801.

mae: 0.15640113109545462
max_error: 0.7781604525570458
variance: 0.016292023856927518
pearson: 0.014524652706223752
p-valu: 6.682105520849009e-06

AL interation 1669/4801.

mae: 0.1563323324129969
max_error: 0.7789313729943785
variance: 0.016265748112171578
pearson: 0.02355266075682317
p-valu: 2.8054280301011367e-13

AL interation 1670/4801.

mae: 0.15629806234486984
max_error: 0.7792032396049535
variance: 0.016238773078033335
pearson: 0.011099553865311099
p-valu: 0.0005785840451368211

AL interation 1671/4801.

mae: 0.15630835617821634
max_error: 0.7793812667659381
variance: 0.016232110039788188
pearson: 0.025491525087443696
p-valu: 2.684790441958069e-15

AL interation 1672/4801.

mae: 0.1562490839908865
max_error: 0.7795699570787633
variance: 0.016218287436754165
pearson: 0.03861627637074492
p-valu: 4.684194070423528e-33

AL interation 1673/4801.

mae: 0.15639704285405362
max_error: 0.7803940399840599
variance: 0.016238991501237983
pearson: 0.019600334447311244
p-valu: 1.2209966043756808e-09

AL interation 1674/4801.

mae: 0.15632593126413855
max_error: 0.7795704891628361
variance: 0.01635763848087354
pearson: 0.01136048295303766
p-valu: 0.0004278294926150501

AL interation 1675/4801.

mae: 0.15627133322127776
max_error: 0.7794970894337041
variance: 0.016346438866349584
pearson: 0.034581528339568186
p-valu: 7.790907305273297e-27

AL interation 1676/4801.

mae: 0.15624939980531344
max_error: 0.7786209941718312
variance: 0.01634168323709314
pearson: 0.026610408401919597
p-valu: 1.562741670259102e-16

AL interation 1677/4801.

mae: 0.15633654146670567
max_error: 0.7787215906075176
variance: 0.016366934817061526
pearson: 0.027599742150117814
p-valu: 1.1438237794919747e-17

AL interation 1678/4801.

mae: 0.15633700555218097
max_error: 0.7787245150053366
variance: 0.016366744578936172
pearson: 0.020018419513140942
p-valu: 5.401881074105225e-10

AL interation 1679/4801.

mae: 0.15632495936387272
max_error: 0.7785013748788572
variance: 0.01633886770506727
pearson: 0.013469492027435515
p-valu: 2.9650539475516497e-05

AL interation 1680/4801.

mae: 0.15631997652414506
max_error: 0.778523112011726
variance: 0.01634072010642729
pearson: 0.022199031932196297
p-valu: 5.853321909712771e-12

AL interation 1681/4801.

mae: 0.15638277761905922
max_error: 0.7776712919418287
variance: 0.01633501273759839
pearson: 0.020587878026136503
p-valu: 1.731233946732842e-10

AL interation 1682/4801.

mae: 0.15617623803105066
max_error: 0.7745529063093954
variance: 0.016367613899594576
pearson: 0.022699603337351687
p-valu: 1.94527738637624e-12

AL interation 1683/4801.

mae: 0.1561788396784591
max_error: 0.7745106335580658
variance: 0.01636874229324059
pearson: 0.024005816374349228
p-valu: 9.809886892821801e-14

AL interation 1684/4801.

mae: 0.15625356680202412
max_error: 0.7739559129885265
variance: 0.016352394376611772
pearson: 0.021629095189027833
p-valu: 1.9965546498858214e-11

AL interation 1685/4801.

mae: 0.1562407565751891
max_error: 0.7739569313215782
variance: 0.016356237965158168
pearson: 0.029559451477478522
p-valu: 4.907665624445453e-20

AL interation 1686/4801.

mae: 0.15626606784270475
max_error: 0.7736300181595084
variance: 0.016319633955732424
pearson: 0.024861054336519642
p-valu: 1.2722606293605832e-14

AL interation 1687/4801.

mae: 0.1562391201372351
max_error: 0.773381801477683
variance: 0.016340766760352222
pearson: 0.02244320537858129
p-valu: 3.435484951167824e-12

AL interation 1688/4801.

mae: 0.1562720359150591
max_error: 0.7736490501644369
variance: 0.01632613472569553
pearson: 0.02166886925999514
p-valu: 1.836422363710509e-11

AL interation 1689/4801.

mae: 0.15621370571853804
max_error: 0.7738997293780869
variance: 0.016330896144990222
pearson: 0.018429315223223202
p-valu: 1.1046422067557774e-08

AL interation 1690/4801.

mae: 0.15621719774225556
max_error: 0.7745160044849229
variance: 0.016324148336232545
pearson: 0.03595961117641068
p-valu: 7.039284363536153e-29

AL interation 1691/4801.

mae: 0.1562488022489435
max_error: 0.7739264652701081
variance: 0.016350836332303584
pearson: 0.024135968554090493
p-valu: 7.237257225034777e-14

AL interation 1692/4801.

mae: 0.15611765977901604
max_error: 0.7741918687904672
variance: 0.016323459683926202
pearson: 0.022599169511141975
p-valu: 2.437645911144241e-12

AL interation 1693/4801.

mae: 0.15612080412556417
max_error: 0.774211682377711
variance: 0.01632392645605131
pearson: 0.026438911797814046
p-valu: 2.450555565606262e-16

AL interation 1694/4801.

mae: 0.15615918254302272
max_error: 0.7761678688999325
variance: 0.016325863418245715
pearson: 0.013992852472794156
p-valu: 1.4373570474457611e-05

AL interation 1695/4801.

mae: 0.15625754958052746
max_error: 0.776922493030014
variance: 0.016327942041500593
pearson: 0.022491476493843258
p-valu: 3.095244672574903e-12

AL interation 1696/4801.

mae: 0.15619153368431143
max_error: 0.7777603911753772
variance: 0.0163067901737505
pearson: 0.02409531560129848
p-valu: 7.977499301914331e-14

AL interation 1697/4801.

mae: 0.15619010944745407
max_error: 0.7779019402579763
variance: 0.016306588594605074
pearson: 0.016456377923881455
p-valu: 3.3637442144265506e-07

AL interation 1698/4801.

mae: 0.15607576193127176
max_error: 0.7786716004458754
variance: 0.016282643065550145
pearson: 0.016970812261022823
p-valu: 1.430272186542204e-07

AL interation 1699/4801.

mae: 0.15604796883866204
max_error: 0.7788974308758441
variance: 0.016272098365665642
pearson: 0.01263671023588089
p-valu: 8.946981927787116e-05

AL interation 1700/4801.

mae: 0.15603259123637453
max_error: 0.7788794133295767
variance: 0.016268638090215577
pearson: 0.022361965128650303
p-valu: 4.120493764390186e-12

AL interation 1701/4801.

mae: 0.15598605303714436
max_error: 0.7787724388527977
variance: 0.016260798431500665
pearson: 0.020269680385351513
p-valu: 3.29690399971066e-10

AL interation 1702/4801.

mae: 0.1559986283360186
max_error: 0.778446814332284
variance: 0.016275407866355042
pearson: 0.024992643929571914
p-valu: 9.28026365190312e-15

AL interation 1703/4801.

mae: 0.15593801088362352
max_error: 0.7791600706600832
variance: 0.01626179075920187
pearson: 0.019178438925902503
p-valu: 2.7529014862284784e-09

AL interation 1704/4801.

mae: 0.15593886107255664
max_error: 0.77919680422022
variance: 0.016261510927124464
pearson: 0.018989740180181406
p-valu: 3.9290931654265155e-09

AL interation 1705/4801.

mae: 0.15594375937935873
max_error: 0.779196168819027
variance: 0.01626047902986909
pearson: 0.02848146895718748
p-valu: 1.0402067879349116e-18

AL interation 1706/4801.

mae: 0.15590412521826652
max_error: 0.779124719168351
variance: 0.01625550182139545
pearson: 0.025057578704062063
p-valu: 7.92797376178367e-15

AL interation 1707/4801.

mae: 0.1558679833840097
max_error: 0.7775012069182878
variance: 0.016239504351683864
pearson: 0.026809830462376068
p-valu: 9.39989120474223e-17

AL interation 1708/4801.

mae: 0.1558760713496004
max_error: 0.7774070748917836
variance: 0.016240608873096314
pearson: 0.010513173146648035
p-valu: 0.0011180737058650914

AL interation 1709/4801.

mae: 0.15584805690642542
max_error: 0.7771792915966955
variance: 0.01623028785868439
pearson: 0.02553070800512973
p-valu: 2.4658624367863354e-15

AL interation 1710/4801.

mae: 0.15584717767345518
max_error: 0.7768979771265379
variance: 0.016232773958962436
pearson: 0.037314528503512745
p-valu: 5.795281571699583e-31

AL interation 1711/4801.

mae: 0.15582014495208052
max_error: 0.7830620387544798
variance: 0.0162527566095908
pearson: 0.01912519847619837
p-valu: 3.0490147918176777e-09

AL interation 1712/4801.

mae: 0.15585287234362055
max_error: 0.781822123993976
variance: 0.016274511009220484
pearson: 0.023648863303778127
p-valu: 2.2738746030390353e-13

AL interation 1713/4801.

mae: 0.1558581134382996
max_error: 0.7817541047087389
variance: 0.01627227441844478
pearson: 0.02825397100073208
p-valu: 1.956435370710506e-18

AL interation 1714/4801.

mae: 0.15583929387610135
max_error: 0.7815294409489297
variance: 0.016277398729334872
pearson: 0.005260079977077541
p-valu: 0.10299669316672716

AL interation 1715/4801.

mae: 0.15586972205029573
max_error: 0.7814896592292655
variance: 0.016285351106401877
pearson: 0.024935858138350385
p-valu: 1.0702901650479821e-14

AL interation 1716/4801.

mae: 0.15587872178927056
max_error: 0.7815457392722749
variance: 0.016283108336608464
pearson: 0.026870030963405147
p-valu: 8.05616704603285e-17

AL interation 1717/4801.

mae: 0.1557659940430642
max_error: 0.7807115942968892
variance: 0.01626664632096005
pearson: 0.01805605842543892
p-valu: 2.17757915410129e-08

AL interation 1718/4801.

mae: 0.15582042027659515
max_error: 0.7809407049135757
variance: 0.016261504091945964
pearson: 0.01895830184374357
p-valu: 4.1783173828438064e-09

AL interation 1719/4801.

mae: 0.15579525656886886
max_error: 0.7818945060468536
variance: 0.016250269660512816
pearson: 0.021624342183671267
p-valu: 2.033743597903988e-11

AL interation 1720/4801.

mae: 0.15548580785306793
max_error: 0.7785720209870419
variance: 0.016132095079057343
pearson: 0.027538432243326846
p-valu: 1.3711715417562291e-17

AL interation 1721/4801.

mae: 0.1554853493139512
max_error: 0.7782151131895603
variance: 0.01613451233929758
pearson: 0.020446628451735248
p-valu: 2.322503606638295e-10

AL interation 1722/4801.

mae: 0.15550253488101531
max_error: 0.7786529497507502
variance: 0.016162424833401644
pearson: 0.022194083001011243
p-valu: 5.979543738308558e-12

AL interation 1723/4801.

mae: 0.155540389353619
max_error: 0.7788539422893166
variance: 0.01616749404819389
pearson: 0.02731244413543658
p-valu: 2.5111709889994317e-17

AL interation 1724/4801.

mae: 0.1555333642096794
max_error: 0.7785770630886475
variance: 0.01615519557901405
pearson: 0.024804350640169635
p-valu: 1.4774415498606436e-14

AL interation 1725/4801.

mae: 0.15538105158562718
max_error: 0.7871547573963369
variance: 0.01614379110435272
pearson: 0.01951679494782535
p-valu: 1.4492058298649802e-09

AL interation 1726/4801.

mae: 0.15537966808912348
max_error: 0.7871250881600531
variance: 0.016145290504072776
pearson: 0.01979035170484964
p-valu: 8.532005150467724e-10

AL interation 1727/4801.

mae: 0.15535961097170367
max_error: 0.7869919986364096
variance: 0.01614445262983586
pearson: 0.0190037549682023
p-valu: 3.843498449095676e-09

AL interation 1728/4801.

mae: 0.15553301395801347
max_error: 0.785867753208862
variance: 0.01617243974308439
pearson: 0.02049999569501306
p-valu: 2.0889106407283274e-10

AL interation 1729/4801.

mae: 0.15554595732664653
max_error: 0.7859962042977031
variance: 0.016169756280751364
pearson: 0.019550664254871855
p-valu: 1.3587490237119896e-09

AL interation 1730/4801.

mae: 0.15550836202786802
max_error: 0.7866022696891264
variance: 0.01617552470518271
pearson: 0.023661876318707954
p-valu: 2.217743603315046e-13

AL interation 1731/4801.

mae: 0.15550992278536138
max_error: 0.7866937073281406
variance: 0.01617526647766616
pearson: 0.003115247536758544
p-valu: 0.33426402831113683

AL interation 1732/4801.

mae: 0.15551051833823085
max_error: 0.7867530954474944
variance: 0.016175817841448323
pearson: 0.028795309943859867
p-valu: 4.385308944987007e-19

AL interation 1733/4801.

mae: 0.1555094970687994
max_error: 0.7866459401307395
variance: 0.01617344036980925
pearson: 0.014670237220430874
p-valu: 5.43699758941364e-06

AL interation 1734/4801.

mae: 0.15551763992959514
max_error: 0.786551714795479
variance: 0.01617339164595467
pearson: 0.02786031041224874
p-valu: 5.784374311208741e-18

AL interation 1735/4801.

mae: 0.15551455731941105
max_error: 0.7863987988005761
variance: 0.016169418362947573
pearson: 0.014129985227431432
p-valu: 1.1886499113499312e-05

AL interation 1736/4801.

mae: 0.1555221823220741
max_error: 0.7863413694282144
variance: 0.016168393799760906
pearson: 0.02436725440076897
p-valu: 4.238544235214771e-14

AL interation 1737/4801.

mae: 0.15551996680986244
max_error: 0.7867172963078986
variance: 0.016167386640172345
pearson: 0.01695256981618974
p-valu: 1.4835132187845848e-07

AL interation 1738/4801.

mae: 0.15555087746232976
max_error: 0.7865832634540197
variance: 0.016164632321189993
pearson: 0.024220505876693593
p-valu: 6.009448169467336e-14

AL interation 1739/4801.

mae: 0.15537694839781127
max_error: 0.7888666734009746
variance: 0.016144441119926335
pearson: 0.025599776372353233
p-valu: 2.0961970268451147e-15

AL interation 1740/4801.

mae: 0.15534906384098982
max_error: 0.7889654926093499
variance: 0.016140453863634403
pearson: 0.017940369705512136
p-valu: 2.6864520206775918e-08

AL interation 1741/4801.

mae: 0.15532184815770064
max_error: 0.7896793940946623
variance: 0.016094351629622045
pearson: 0.019329578247927935
p-valu: 2.0807727025349422e-09

AL interation 1742/4801.

mae: 0.15538008885299195
max_error: 0.7906679572991493
variance: 0.01609293646533133
pearson: 0.01731488297404222
p-valu: 8.015779243933484e-08

AL interation 1743/4801.

mae: 0.15539653010063414
max_error: 0.790059180773369
variance: 0.016092685236532074
pearson: 0.026502446422503184
p-valu: 2.1171197898981875e-16

AL interation 1744/4801.

mae: 0.15533180727821888
max_error: 0.7935700114156816
variance: 0.016111367443676104
pearson: 0.011986347926698372
p-valu: 0.0002032019152019494

AL interation 1745/4801.

mae: 0.15532124530604632
max_error: 0.7924084897636305
variance: 0.01611182220698515
pearson: 0.008392604782275116
p-valu: 0.009292259236709618

AL interation 1746/4801.

mae: 0.15530042189577614
max_error: 0.7927111173563901
variance: 0.016105753064768302
pearson: 0.0202578234567171
p-valu: 3.407912189908672e-10

AL interation 1747/4801.

mae: 0.1552630895178616
max_error: 0.7931054445938912
variance: 0.016081131823954067
pearson: 0.01250788394752971
p-valu: 0.00010592763073185766

AL interation 1748/4801.

mae: 0.15523216264945847
max_error: 0.7903555719134658
variance: 0.01607493910154872
pearson: 0.02156158635711233
p-valu: 2.339203869536796e-11

AL interation 1749/4801.

mae: 0.15528491135693914
max_error: 0.7908418615526784
variance: 0.01602371381879625
pearson: 0.029666295343231914
p-valu: 3.711396307786661e-20

AL interation 1750/4801.

mae: 0.1552846900205052
max_error: 0.7908735943479428
variance: 0.01602268034809466
pearson: 0.019796520247327164
p-valu: 8.470720559780589e-10

AL interation 1751/4801.

mae: 0.1552149809032871
max_error: 0.790207208289786
variance: 0.016028820807008317
pearson: 0.00948199237949229
p-valu: 0.0032962875141095936

AL interation 1752/4801.

mae: 0.15525214563586087
max_error: 0.7921793989379751
variance: 0.0160129043925286
pearson: 0.013017871182702413
p-valu: 5.4703189485418046e-05

AL interation 1753/4801.

mae: 0.1552588673561432
max_error: 0.7923737069777985
variance: 0.016014780819650517
pearson: 0.01105240807610488
p-valu: 0.0006139816530362957

AL interation 1754/4801.

mae: 0.15525519458957968
max_error: 0.7927634194324469
variance: 0.016016435913234667
pearson: 0.02134875367200104
p-valu: 3.667551053703312e-11

AL interation 1755/4801.

mae: 0.1551179712604645
max_error: 0.801751974287015
variance: 0.016043636707658397
pearson: 0.014433533409687182
p-valu: 7.702536193343637e-06

AL interation 1756/4801.

mae: 0.15511092266455873
max_error: 0.8018406262816882
variance: 0.016041262019382763
pearson: 0.025917785281743745
p-valu: 9.479484072337658e-16

AL interation 1757/4801.

mae: 0.15508489162207206
max_error: 0.8020262167731005
variance: 0.016037646866347614
pearson: 0.015954780847101526
p-valu: 7.623562233701262e-07

AL interation 1758/4801.

mae: 0.155035934767364
max_error: 0.8079884982928434
variance: 0.016051991228771934
pearson: 0.018983079565385804
p-valu: 4.018450366411911e-09

AL interation 1759/4801.

mae: 0.15498667924991996
max_error: 0.8089194168333051
variance: 0.016054796983713274
pearson: 0.02206042793913665
p-valu: 8.065681992112522e-12

AL interation 1760/4801.

mae: 0.1548120687004201
max_error: 0.8087636431447152
variance: 0.01605651987987958
pearson: 0.021977633890223183
p-valu: 9.64699829237338e-12

AL interation 1761/4801.

mae: 0.15479894132670735
max_error: 0.8087142881927889
variance: 0.016046238129993437
pearson: 0.005767382583620427
p-valu: 0.07388696662629611

AL interation 1762/4801.

mae: 0.15476234053431392
max_error: 0.8082583584862562
variance: 0.016038319944931767
pearson: 0.018178921856787704
p-valu: 1.7603638301754902e-08

AL interation 1763/4801.

mae: 0.15479594610879424
max_error: 0.8085808221298407
variance: 0.01604693691526988
pearson: 0.022053171795952124
p-valu: 8.201406572027116e-12

AL interation 1764/4801.

mae: 0.15488138887997208
max_error: 0.809776420601537
variance: 0.016083492429838104
pearson: 0.029326349640718768
p-valu: 9.905976122377833e-20

AL interation 1765/4801.

mae: 0.15473858988671052
max_error: 0.8099173831715518
variance: 0.01605402709998224
pearson: 0.027484630440466833
p-valu: 1.6114290893963468e-17

AL interation 1766/4801.

mae: 0.1547271834428141
max_error: 0.8099831793623196
variance: 0.016056997668767982
pearson: 0.024049281926363852
p-valu: 9.075976279193749e-14

AL interation 1767/4801.

mae: 0.1546591864234193
max_error: 0.8101027529613418
variance: 0.016060433896277523
pearson: 0.02933760906018469
p-valu: 9.605409192543523e-20

AL interation 1768/4801.

mae: 0.154604188422795
max_error: 0.8098270189862831
variance: 0.016012078672890267
pearson: 0.01897957433382067
p-valu: 4.052421920696424e-09

AL interation 1769/4801.

mae: 0.1545801942902845
max_error: 0.8093389771716488
variance: 0.016018289193527956
pearson: 0.011006625340752451
p-valu: 0.0006475177500454959

AL interation 1770/4801.

mae: 0.1546280951403143
max_error: 0.8077773293362327
variance: 0.01601280947869362
pearson: 0.01987462316608638
p-valu: 7.301323155481722e-10

AL interation 1771/4801.

mae: 0.1546293863136476
max_error: 0.8077613704312228
variance: 0.01601256824704259
pearson: 0.011609424707936291
p-valu: 0.00032108514424761925

AL interation 1772/4801.

mae: 0.15464110412084905
max_error: 0.8076173115120753
variance: 0.016009531107853928
pearson: 0.017789220713868
p-valu: 3.5285521717237515e-08

AL interation 1773/4801.

mae: 0.15468082529907282
max_error: 0.8078521978954427
variance: 0.016017095064059874
pearson: 0.008196897921688096
p-valu: 0.011082627355353683

AL interation 1774/4801.

mae: 0.1547690190285532
max_error: 0.8075316349996058
variance: 0.01602440786456358
pearson: 0.01740244852312905
p-valu: 6.928334323850912e-08

AL interation 1775/4801.

mae: 0.15466923815679318
max_error: 0.8061896629368448
variance: 0.016039837641219815
pearson: 0.02192351075280984
p-valu: 1.0879148756941585e-11

AL interation 1776/4801.

mae: 0.1547344171832239
max_error: 0.8065029804861297
variance: 0.016044601685467664
pearson: 0.029053717524810133
p-valu: 2.159138567373183e-19

AL interation 1777/4801.

mae: 0.15477355376948357
max_error: 0.8069594714054915
variance: 0.016037804106345158
pearson: 0.011634932882360931
p-valu: 0.0003116016736686446

AL interation 1778/4801.

mae: 0.154775488108295
max_error: 0.8069559160750543
variance: 0.016038041223386226
pearson: 0.01949537357729549
p-valu: 1.5258567914481785e-09

AL interation 1779/4801.

mae: 0.15471475270091278
max_error: 0.8087328007026144
variance: 0.016024994237144596
pearson: 0.018808853235075952
p-valu: 5.583167923130579e-09

AL interation 1780/4801.

mae: 0.1547151969403987
max_error: 0.8091018404894328
variance: 0.016022356553211634
pearson: 0.022064251008688206
p-valu: 8.04109563239843e-12

AL interation 1781/4801.

mae: 0.15469729696294432
max_error: 0.8093948967992333
variance: 0.016021987968285287
pearson: 0.0237791234073233
p-valu: 1.714401452695078e-13

AL interation 1782/4801.

mae: 0.15462573208246247
max_error: 0.8076709879769624
variance: 0.016000240525168286
pearson: 0.009386704225003326
p-valu: 0.003629781514626684

AL interation 1783/4801.

mae: 0.15465226582075822
max_error: 0.8087566724620103
variance: 0.01600390933777661
pearson: 0.023340127504022562
p-valu: 4.717251645557652e-13

AL interation 1784/4801.

mae: 0.15460549956739175
max_error: 0.8094277048310801
variance: 0.015971953713042077
pearson: 0.0175169473137328
p-valu: 5.691704799176182e-08

AL interation 1785/4801.

mae: 0.15459591871843997
max_error: 0.8098611962463451
variance: 0.01599704629685632
pearson: 0.018389734552278124
p-valu: 1.2072187021378325e-08

AL interation 1786/4801.

mae: 0.1545497653655408
max_error: 0.8093171100169911
variance: 0.015998655046871813
pearson: 0.02386943116016179
p-valu: 1.3911791261090675e-13

AL interation 1787/4801.

mae: 0.1545170813734481
max_error: 0.8066948849756841
variance: 0.015999009703891065
pearson: 0.009765130792870728
p-valu: 0.002479330459281671

AL interation 1788/4801.

mae: 0.15445694897005796
max_error: 0.8066140477935448
variance: 0.0159790192429118
pearson: 0.01824178941792512
p-valu: 1.578901542192668e-08

AL interation 1789/4801.

mae: 0.15446317020238656
max_error: 0.8080030846945192
variance: 0.015972857525039626
pearson: 0.011031601632486586
p-valu: 0.0006302007713220693

AL interation 1790/4801.

mae: 0.15444969921963536
max_error: 0.8080309592709796
variance: 0.01597106341415383
pearson: 0.019910438824972815
p-valu: 6.834341458495999e-10

AL interation 1791/4801.

mae: 0.15444974475273882
max_error: 0.8080426387581383
variance: 0.015971040841620404
pearson: 0.02365813856980294
p-valu: 2.2762424095363967e-13

AL interation 1792/4801.

mae: 0.1544299568207166
max_error: 0.8082385708838444
variance: 0.01597445810113099
pearson: 0.02968095640440277
p-valu: 3.62650858152524e-20

AL interation 1793/4801.

mae: 0.1543879820401673
max_error: 0.8082379989059802
variance: 0.015975632431435717
pearson: 0.02104602673328859
p-valu: 6.949270708444175e-11

AL interation 1794/4801.

mae: 0.15438783450227378
max_error: 0.8082211598042193
variance: 0.015976118377533856
pearson: 0.030403692978783134
p-valu: 4.400975887996279e-21

AL interation 1795/4801.

mae: 0.15441678163443032
max_error: 0.8066240727368097
variance: 0.015953594911633416
pearson: 0.021565493301660188
p-valu: 2.3459902054721766e-11

AL interation 1796/4801.

mae: 0.15440903893556693
max_error: 0.7966273422097174
variance: 0.01590106135198061
pearson: 0.01752284404018409
p-valu: 5.644446370055493e-08

AL interation 1797/4801.

mae: 0.15434018847481498
max_error: 0.796680224939422
variance: 0.01591141638425769
pearson: 0.011165240858184494
p-valu: 0.0005410985329837055

AL interation 1798/4801.

mae: 0.15439518445987482
max_error: 0.7961292010228078
variance: 0.015913670842764602
pearson: 0.01083049080797212
p-valu: 0.0007913734437232633

AL interation 1799/4801.

mae: 0.1544122779633854
max_error: 0.7958858925819357
variance: 0.015913673920814133
pearson: 0.01362541906892624
p-valu: 2.4231107706734637e-05

AL interation 1800/4801.

mae: 0.15442420223534942
max_error: 0.7960701002656947
variance: 0.0159269999567731
pearson: 0.013712515352855443
p-valu: 2.149072667150502e-05

AL interation 1801/4801.

mae: 0.15449626033101574
max_error: 0.7954401673190148
variance: 0.015932211769921475
pearson: 0.03335609207765433
p-valu: 4.758442454104814e-25

AL interation 1802/4801.

mae: 0.15449401509000285
max_error: 0.7953337159931664
variance: 0.01592952431445329
pearson: 0.019873424210502248
p-valu: 7.3660490994518e-10

AL interation 1803/4801.

mae: 0.15452186096523102
max_error: 0.7957105832992113
variance: 0.015948566787136464
pearson: 0.03374521932947494
p-valu: 1.3430972033767869e-25

AL interation 1804/4801.

mae: 0.15457156050874335
max_error: 0.7953867851860537
variance: 0.015959300527789128
pearson: 0.017431701007599155
p-valu: 6.618088254159814e-08

AL interation 1805/4801.

mae: 0.15463459470904561
max_error: 0.806285861241463
variance: 0.015958879049719675
pearson: 0.021633401981337258
p-valu: 2.0364315507639037e-11

AL interation 1806/4801.

mae: 0.15466116165368043
max_error: 0.8071066485750009
variance: 0.015954892849123905
pearson: 0.02292395696324796
p-valu: 1.2177097510062134e-12

AL interation 1807/4801.

mae: 0.1547740005346461
max_error: 0.8288056920243037
variance: 0.01596786663929255
pearson: 0.008486888645864082
p-valu: 0.008551467943631685

AL interation 1808/4801.

mae: 0.15469897636562177
max_error: 0.8078940489771753
variance: 0.015951932955549177
pearson: 0.012820425783761122
p-valu: 7.120900990856927e-05

AL interation 1809/4801.

mae: 0.15476405133203378
max_error: 0.8085709841635378
variance: 0.015941792055790126
pearson: 0.015310317984930514
p-valu: 2.098263462563757e-06

AL interation 1810/4801.

mae: 0.15478803191044527
max_error: 0.8083397755743817
variance: 0.015954966109770673
pearson: 0.024326799338394153
p-valu: 4.7720534546816054e-14

AL interation 1811/4801.

mae: 0.15480360147013067
max_error: 0.8082601877586058
variance: 0.015959234692475514
pearson: 0.003517625621915248
p-valu: 0.2757910448323017

AL interation 1812/4801.

mae: 0.15477513445252392
max_error: 0.8081578140620707
variance: 0.01595802799683512
pearson: 0.01830295721429258
p-valu: 1.4195763218113645e-08

AL interation 1813/4801.

mae: 0.15474985624742607
max_error: 0.8033705746403257
variance: 0.015948157421384467
pearson: 0.01627883300480009
p-valu: 4.565221400598574e-07

AL interation 1814/4801.

mae: 0.1547513539204763
max_error: 0.8033677054583563
variance: 0.015948521028750894
pearson: 0.011857785008249258
p-valu: 0.00023895698071203604

AL interation 1815/4801.

mae: 0.15474321707504987
max_error: 0.8032589396827916
variance: 0.01595157420132765
pearson: 0.00698375316303496
p-valu: 0.03048999802359645

AL interation 1816/4801.

mae: 0.15475398883152736
max_error: 0.8031124876175681
variance: 0.01596818299217066
pearson: 0.024777677262846486
p-valu: 1.6219623295831215e-14

AL interation 1817/4801.

mae: 0.15470930111618816
max_error: 0.8033316833005983
variance: 0.015974424422135678
pearson: 0.021405107488473334
p-valu: 3.3068381550263205e-11

AL interation 1818/4801.

mae: 0.15470000420783855
max_error: 0.80332980169743
variance: 0.015973889599109167
pearson: 0.02353345833722156
p-valu: 3.05826048708167e-13

AL interation 1819/4801.

mae: 0.1548618589538496
max_error: 0.8017906500251684
variance: 0.016001871013175288
pearson: 0.016512497609392485
p-valu: 3.121060766581516e-07

AL interation 1820/4801.

mae: 0.1548648609294167
max_error: 0.8018948180204006
variance: 0.016005016974234506
pearson: 0.024413728404421842
p-valu: 3.8918577846600276e-14

AL interation 1821/4801.

mae: 0.15487341414164002
max_error: 0.801758376991188
variance: 0.01600563483992254
pearson: 0.01934931072117224
p-valu: 2.034954432500497e-09

AL interation 1822/4801.

mae: 0.15486482937696447
max_error: 0.8020549829008417
variance: 0.01601014621911724
pearson: 0.016093627318174326
p-valu: 6.160561222545328e-07

AL interation 1823/4801.

mae: 0.15478099319178318
max_error: 0.8022284414080048
variance: 0.015995794427031154
pearson: 0.02736378677410966
p-valu: 2.2748800622962252e-17

AL interation 1824/4801.

mae: 0.15477976947542832
max_error: 0.8026305635277708
variance: 0.015990234405956323
pearson: 0.02314765439865101
p-valu: 7.39049165152404e-13

AL interation 1825/4801.

mae: 0.15486546293097309
max_error: 0.7803502559513049
variance: 0.015939181589050166
pearson: 0.027512098152388715
p-valu: 1.5320068722569453e-17

AL interation 1826/4801.

mae: 0.15486614414766683
max_error: 0.7803869353149935
variance: 0.015939563948861157
pearson: 0.018139909869433795
p-valu: 1.9087619931577608e-08

AL interation 1827/4801.

mae: 0.15489110804184603
max_error: 0.76468040510332
variance: 0.01591533239453821
pearson: 0.016456661533585274
p-valu: 3.424064943802248e-07

AL interation 1828/4801.

mae: 0.15490258274087862
max_error: 0.7678195415107325
variance: 0.0159206064111765
pearson: 0.010803405876943032
p-valu: 0.00081726944087085

AL interation 1829/4801.

mae: 0.15489551570850005
max_error: 0.7586350602221614
variance: 0.015929348538384368
pearson: 0.021928672827487075
p-valu: 1.0902640975593934e-11

AL interation 1830/4801.

mae: 0.15487441628943874
max_error: 0.7598826694946865
variance: 0.015911299842595452
pearson: 0.013977167072055647
p-valu: 1.4901105162942118e-05

AL interation 1831/4801.

mae: 0.1547745457860242
max_error: 0.7601875915632377
variance: 0.01589147439485103
pearson: 0.012905070556338735
p-valu: 6.389111747136791e-05

AL interation 1832/4801.

mae: 0.15474686808675353
max_error: 0.7605430957221415
variance: 0.015875115797572698
pearson: 0.011371833307253394
p-valu: 0.00042682918217342054

AL interation 1833/4801.

mae: 0.15478435335684218
max_error: 0.759619273927342
variance: 0.015877505745828302
pearson: 0.020577923531885357
p-valu: 1.8256650810566105e-10

AL interation 1834/4801.

mae: 0.15479112407067244
max_error: 0.7589835076833822
variance: 0.015883595711401723
pearson: 0.014402800572732593
p-valu: 8.122570088867787e-06

AL interation 1835/4801.

mae: 0.15472817124203117
max_error: 0.7536347700348074
variance: 0.01587272266619134
pearson: 0.019416474766588063
p-valu: 1.7948008221152195e-09

AL interation 1836/4801.

mae: 0.15475247518846755
max_error: 0.7539238275855382
variance: 0.01587187199429367
pearson: 0.009856356181135513
p-valu: 0.0022630786153152176

AL interation 1837/4801.

mae: 0.15479806293363632
max_error: 0.7543033591532549
variance: 0.015878288421089518
pearson: 0.019082548544819115
p-valu: 3.3832112694211804e-09

AL interation 1838/4801.

mae: 0.15474394310566023
max_error: 0.7587632440332754
variance: 0.015899339004909897
pearson: 0.02130775399921108
p-valu: 4.075053005624725e-11

AL interation 1839/4801.

mae: 0.15476454250665572
max_error: 0.7584024681233927
variance: 0.015901328187373883
pearson: 0.017367561257261927
p-valu: 7.432688773007189e-08

AL interation 1840/4801.

mae: 0.15495364476866724
max_error: 0.7589523839122592
variance: 0.015932380366500878
pearson: 0.016518605871193894
p-valu: 3.099093751654815e-07

AL interation 1841/4801.

mae: 0.15495768931572684
max_error: 0.7590566982775613
variance: 0.015938343886996376
pearson: 0.024456602963366568
p-valu: 3.535891456365913e-14

AL interation 1842/4801.

mae: 0.15499453091499624
max_error: 0.7596606717843315
variance: 0.01596273267951978
pearson: 0.007606791257872603
p-valu: 0.018454732674939675

AL interation 1843/4801.

mae: 0.15508567059039569
max_error: 0.7608304198109295
variance: 0.015988527962796123
pearson: 0.021748332149643956
p-valu: 1.6094214034866773e-11

AL interation 1844/4801.

mae: 0.1550987068207348
max_error: 0.7605979707001609
variance: 0.01598893831839101
pearson: 0.03378312763508117
p-valu: 1.2146873840724302e-25

AL interation 1845/4801.

mae: 0.15514043149718015
max_error: 0.7606034572673934
variance: 0.015987474002738887
pearson: 0.010232451617014212
p-valu: 0.0015259235380318226

AL interation 1846/4801.

mae: 0.1551224642617716
max_error: 0.7602323467691008
variance: 0.015985318358496276
pearson: 0.02849405559305379
p-valu: 1.0644777052282967e-18

AL interation 1847/4801.

mae: 0.15513042454413778
max_error: 0.7600069787501411
variance: 0.015990209285769132
pearson: 0.017130145240487626
p-valu: 1.1168757042445165e-07

AL interation 1848/4801.

mae: 0.15512659191660913
max_error: 0.75986454838187
variance: 0.01599117473167012
pearson: 0.030583257851422904
p-valu: 2.6523323383924338e-21

AL interation 1849/4801.

mae: 0.15509046303986007
max_error: 0.7597590805717971
variance: 0.01598403570114954
pearson: 0.03418263790894208
p-valu: 3.268203397138601e-26

AL interation 1850/4801.

mae: 0.1550926805752892
max_error: 0.7597362238751941
variance: 0.01598412182428247
pearson: 0.012489033187529464
p-valu: 0.00010942702383870214

AL interation 1851/4801.

mae: 0.15465096755583335
max_error: 0.7603954379621598
variance: 0.015944476211679257
pearson: 0.026561226205407025
p-valu: 1.8901438637744234e-16

AL interation 1852/4801.

mae: 0.15465206239562246
max_error: 0.7604849334552739
variance: 0.01594604072580625
pearson: 0.01905035527637045
p-valu: 3.6043754273206487e-09

AL interation 1853/4801.

mae: 0.1547130481412125
max_error: 0.7608518346589506
variance: 0.015946176571740224
pearson: 0.027200116676450916
p-valu: 3.55336079075003e-17

AL interation 1854/4801.

mae: 0.1547126603853339
max_error: 0.761061262399096
variance: 0.015917152332255123
pearson: 0.027476595072794967
p-valu: 1.703505448170512e-17

AL interation 1855/4801.

mae: 0.1547109725952564
max_error: 0.7613595106712125
variance: 0.015918377824294592
pearson: 0.019314417264360534
p-valu: 2.1890483211501185e-09

AL interation 1856/4801.

mae: 0.15472298122410139
max_error: 0.7612797252136261
variance: 0.01591111114026729
pearson: 0.024766480051120327
p-valu: 1.6873975378507562e-14

AL interation 1857/4801.

mae: 0.154734635001063
max_error: 0.7611631339949838
variance: 0.015910060354862407
pearson: 0.025397294687921172
p-valu: 3.606610619399463e-15

AL interation 1858/4801.

mae: 0.15471015071129499
max_error: 0.7610734295271016
variance: 0.01591278884245722
pearson: 0.027848574867474687
p-valu: 6.2697045553442824e-18

AL interation 1859/4801.

mae: 0.15471619844165946
max_error: 0.760995705709604
variance: 0.015915181977271285
pearson: 0.03208522019225737
p-valu: 2.7710762370806647e-23

AL interation 1860/4801.

mae: 0.154696548144725
max_error: 0.7612064968872119
variance: 0.015912887064844894
pearson: 0.018757845634742962
p-valu: 6.227728102684873e-09

AL interation 1861/4801.

mae: 0.1546627690290938
max_error: 0.7605545003265775
variance: 0.015919547585228455
pearson: 0.020290954853599337
p-valu: 3.268215101686915e-10

AL interation 1862/4801.

mae: 0.15465822963130882
max_error: 0.7607925659737305
variance: 0.01592152290200156
pearson: 0.027866179211749637
p-valu: 5.987060990978915e-18

AL interation 1863/4801.

mae: 0.15462215372741733
max_error: 0.7605018356679238
variance: 0.015917327563232508
pearson: 0.017262315826097316
p-valu: 8.937149658853273e-08

AL interation 1864/4801.

mae: 0.15468341392867443
max_error: 0.7595302176195275
variance: 0.015919441534595537
pearson: 0.022539237610325235
p-valu: 2.9101741716820803e-12

AL interation 1865/4801.

mae: 0.15472103484379482
max_error: 0.759158466403477
variance: 0.015936073282589096
pearson: 0.011857756301327918
p-valu: 0.0002398803313474999

AL interation 1866/4801.

mae: 0.15475759895322405
max_error: 0.7582978847463551
variance: 0.015932344015322824
pearson: 0.0198574415976583
p-valu: 7.698901446582819e-10

AL interation 1867/4801.

mae: 0.15474819458700176
max_error: 0.7581102231504246
variance: 0.015930997526501317
pearson: 0.007739602284424182
p-valu: 0.016521094268640485

AL interation 1868/4801.

mae: 0.1547995450385863
max_error: 0.7570894860062651
variance: 0.015931185093435496
pearson: 0.02731783841086982
p-valu: 2.6149628385632232e-17

AL interation 1869/4801.

mae: 0.15477616690862364
max_error: 0.7572038746484964
variance: 0.015927185028146985
pearson: 0.012118663244757265
p-valu: 0.0001743339928607117

AL interation 1870/4801.

mae: 0.1548034047197895
max_error: 0.7575465122132243
variance: 0.015923107245996822
pearson: 0.015232297567917464
p-valu: 2.3812064080606477e-06

AL interation 1871/4801.

mae: 0.15497698306653915
max_error: 0.7545568689529603
variance: 0.01591319251930567
pearson: 0.007830701350598636
p-valu: 0.015293117130798867

AL interation 1872/4801.

mae: 0.1550116034083846
max_error: 0.7544753716102832
variance: 0.01592049615236805
pearson: 0.025061480252198003
p-valu: 8.279896468693115e-15

AL interation 1873/4801.

mae: 0.15497931362615627
max_error: 0.753899741845629
variance: 0.01592815770804734
pearson: 0.030465601513899463
p-valu: 3.8032745659224025e-21

AL interation 1874/4801.

mae: 0.15496555332606335
max_error: 0.7539891170978876
variance: 0.015917321428978237
pearson: 0.02220356429671692
p-valu: 6.085692443359008e-12

AL interation 1875/4801.

mae: 0.15502751195401393
max_error: 0.7448883308611869
variance: 0.01575492902698289
pearson: 0.02858150233655393
p-valu: 8.452223571256028e-19

AL interation 1876/4801.

mae: 0.1550726339097311
max_error: 0.7454984057121266
variance: 0.015731730562452896
pearson: 0.026204717621162086
p-valu: 4.766367432203325e-16

AL interation 1877/4801.

mae: 0.155114465657222
max_error: 0.7451629838929961
variance: 0.015720285572004215
pearson: 0.009986249660675888
p-valu: 0.001981962366073858

AL interation 1878/4801.

mae: 0.15506818700534725
max_error: 0.7448982446968841
variance: 0.01571189489946783
pearson: 0.02323928213002969
p-valu: 6.093182295110638e-13

AL interation 1879/4801.

mae: 0.155066725584865
max_error: 0.7447935312147678
variance: 0.015714410089783075
pearson: 0.028422656427915336
p-valu: 1.3146339287830547e-18

AL interation 1880/4801.

mae: 0.1551784693920265
max_error: 0.7445994304580097
variance: 0.015707615736428662
pearson: 0.023036542696174177
p-valu: 9.644233114339903e-13

AL interation 1881/4801.

mae: 0.15517280395028207
max_error: 0.7446344263816229
variance: 0.015707900054812794
pearson: 0.012415574508961424
p-valu: 0.00012040507472849039

AL interation 1882/4801.

mae: 0.15515814135463915
max_error: 0.7447812344452984
variance: 0.015708321664229474
pearson: 0.02688400181135726
p-valu: 8.253843190988066e-17

AL interation 1883/4801.

mae: 0.1551915855518831
max_error: 0.7550262124267135
variance: 0.015709709421927093
pearson: 0.013542992850153401
p-valu: 2.7351494236479277e-05

AL interation 1884/4801.

mae: 0.15518083675800914
max_error: 0.7549157382744056
variance: 0.01571138305061796
pearson: 0.02639977843917331
p-valu: 2.9000668118696943e-16

AL interation 1885/4801.

mae: 0.1551811349654539
max_error: 0.7549070692008115
variance: 0.015711150773852024
pearson: 0.019352396608736184
p-valu: 2.048058528013691e-09

AL interation 1886/4801.

mae: 0.15519620238556484
max_error: 0.7563068741993959
variance: 0.01570838954263984
pearson: 0.01808665556903022
p-valu: 2.1211304187186183e-08

AL interation 1887/4801.

mae: 0.15521205377777467
max_error: 0.758520591619515
variance: 0.0157168845279091
pearson: 0.0246907391991218
p-valu: 2.0453492184482658e-14

AL interation 1888/4801.

mae: 0.15513462494627875
max_error: 0.761617299248087
variance: 0.015727335925351926
pearson: 0.0067984940956135765
p-valu: 0.035250627384555235

AL interation 1889/4801.

mae: 0.15505117932623763
max_error: 0.7622067908095573
variance: 0.015727491709318715
pearson: 0.026877275024462913
p-valu: 8.421966165678222e-17

AL interation 1890/4801.

mae: 0.15504802228623185
max_error: 0.7626017802248697
variance: 0.015721155163432497
pearson: 0.026026956274950237
p-valu: 7.527948830513336e-16

AL interation 1891/4801.

mae: 0.15509897248685503
max_error: 0.7620651349470791
variance: 0.015717604385111862
pearson: 0.0036864706861783657
p-valu: 0.2535959240171012

AL interation 1892/4801.

mae: 0.15510186546584664
max_error: 0.761556858194794
variance: 0.01569863979745309
pearson: 0.022974184169555212
p-valu: 1.1132582253129209e-12

AL interation 1893/4801.

mae: 0.15514947036046423
max_error: 0.7626059660781834
variance: 0.015699035285832153
pearson: 0.022359475911423426
p-valu: 4.352087666831153e-12

AL interation 1894/4801.

mae: 0.15501526970104573
max_error: 0.7661300143728624
variance: 0.015733147599748486
pearson: 0.017020322769098862
p-valu: 1.3547210309257267e-07

AL interation 1895/4801.

mae: 0.15497563199211015
max_error: 0.7643707030679963
variance: 0.01569079768471514
pearson: 0.011266104122092094
p-valu: 0.0004848087534170816

AL interation 1896/4801.

mae: 0.15492720653231679
max_error: 0.7654792025957704
variance: 0.015709373221083848
pearson: 0.03465051389679579
p-valu: 7.064372458340268e-27

AL interation 1897/4801.

mae: 0.15490610292580748
max_error: 0.7668282791217109
variance: 0.015703441435501158
pearson: 0.020748029040410003
p-valu: 1.3109070370156285e-10

AL interation 1898/4801.

mae: 0.15490755211498758
max_error: 0.7668034226193896
variance: 0.01570314433291203
pearson: 0.02693839507313219
p-valu: 7.20012501085606e-17

AL interation 1899/4801.

mae: 0.15485246889272403
max_error: 0.7667919238663217
variance: 0.015688859719789415
pearson: 0.021992427282996475
p-valu: 9.67039594120071e-12

AL interation 1900/4801.

mae: 0.15489130381383814
max_error: 0.7662993603160544
variance: 0.01569179617580347
pearson: 0.011580234019743466
p-valu: 0.00033552068973869494

AL interation 1901/4801.

mae: 0.15489148052454968
max_error: 0.7662896485340411
variance: 0.015691845458060828
pearson: 0.02438090151082645
p-valu: 4.312820590473399e-14

AL interation 1902/4801.

mae: 0.15482714270604198
max_error: 0.7680767766935332
variance: 0.015689934455050392
pearson: 0.026349133873112503
p-valu: 3.323923635027123e-16

AL interation 1903/4801.

mae: 0.15478807850275783
max_error: 0.7677197100735782
variance: 0.015712301010406316
pearson: 0.021016253571504898
p-valu: 7.575964741771647e-11

AL interation 1904/4801.

mae: 0.15479158566130463
max_error: 0.7676001223012605
variance: 0.01571337306970986
pearson: 0.012546534261641703
p-valu: 0.00010216259871443185

AL interation 1905/4801.

mae: 0.15476462186530887
max_error: 0.769179868652941
variance: 0.01571106652698725
pearson: 0.023474057210878124
p-valu: 3.592243257071113e-13

AL interation 1906/4801.

mae: 0.15478604267011145
max_error: 0.7702788739758972
variance: 0.015706709249655317
pearson: 0.029635080484167242
p-valu: 4.3543901064488083e-20

AL interation 1907/4801.

mae: 0.15478861199473148
max_error: 0.7702719422357802
variance: 0.015705856276194335
pearson: 0.035220135304366164
p-valu: 1.0357607341261457e-27

AL interation 1908/4801.

mae: 0.15480402392540443
max_error: 0.7699313328791959
variance: 0.015687782699758766
pearson: 0.009938713441012992
p-valu: 0.0020860412703370135

AL interation 1909/4801.

mae: 0.1545574183931272
max_error: 0.7720474273524331
variance: 0.01566987202763988
pearson: 0.02787589020935327
p-valu: 5.940433873494804e-18

AL interation 1910/4801.

mae: 0.15452467157969985
max_error: 0.7723658863222767
variance: 0.015666364224686268
pearson: 0.024457144525603595
p-valu: 3.60622973708056e-14

AL interation 1911/4801.

mae: 0.15450053470388445
max_error: 0.7727023017578176
variance: 0.01566377665510763
pearson: 0.018749568135474227
p-valu: 6.382412248479807e-09

AL interation 1912/4801.

mae: 0.15448116174715346
max_error: 0.7732151015665352
variance: 0.01566559471142179
pearson: 0.023229296577903853
p-valu: 6.291489838279005e-13

AL interation 1913/4801.

mae: 0.15446654983695993
max_error: 0.7729040670748475
variance: 0.01566149494490475
pearson: 0.01646480886711425
p-valu: 3.4197551665533243e-07

AL interation 1914/4801.

mae: 0.15454243921416083
max_error: 0.7728726343897847
variance: 0.01565296668293824
pearson: 0.02073004822874899
p-valu: 1.3648769078958366e-10

AL interation 1915/4801.

mae: 0.15467003591607809
max_error: 0.7722744568678124
variance: 0.015664958191464816
pearson: 0.028841549221548496
p-valu: 4.160563097115445e-19

AL interation 1916/4801.

mae: 0.15464028334854987
max_error: 0.7720068111416367
variance: 0.015680496378029034
pearson: 0.027174843705452888
p-valu: 3.8898184748671616e-17

AL interation 1917/4801.

mae: 0.1545843241939998
max_error: 0.7719970626207555
variance: 0.015669541802936192
pearson: 0.028261016346523414
p-valu: 2.0839637233060823e-18

AL interation 1918/4801.

mae: 0.1546654617079114
max_error: 0.7742873222403546
variance: 0.01568471643717045
pearson: 0.009627447090817118
p-valu: 0.0028716644712852416

AL interation 1919/4801.

mae: 0.15468473794865628
max_error: 0.7742795043059942
variance: 0.015682307126983618
pearson: 0.021005442991989042
p-valu: 7.774701215219779e-11

AL interation 1920/4801.

mae: 0.15433141552230095
max_error: 0.7729875594842497
variance: 0.015647344100834997
pearson: 0.014625363093643243
p-valu: 5.930471135491134e-06

AL interation 1921/4801.

mae: 0.15433407331791216
max_error: 0.7711907614702511
variance: 0.015649415639479355
pearson: 0.01614757225758029
p-valu: 5.725630887647918e-07

AL interation 1922/4801.

mae: 0.15417087180391292
max_error: 0.771390312519074
variance: 0.015623137261383006
pearson: 0.022619233774858437
p-valu: 2.4758030336308123e-12

AL interation 1923/4801.

mae: 0.15449728618145836
max_error: 0.7637254170664676
variance: 0.015619675735134049
pearson: 0.01729549207822301
p-valu: 8.522163647370575e-08

AL interation 1924/4801.

mae: 0.1545044587805279
max_error: 0.763804903073634
variance: 0.015610603261940281
pearson: 0.01896714651757764
p-valu: 4.269195487772634e-09

AL interation 1925/4801.

mae: 0.15455659570047875
max_error: 0.7631878979910454
variance: 0.015615239773108419
pearson: 0.017100921393818847
p-valu: 1.187599635137041e-07

AL interation 1926/4801.

mae: 0.1545182988697085
max_error: 0.7631148578487625
variance: 0.01561631574250125
pearson: 0.008369664682136261
p-valu: 0.009554327483901656

AL interation 1927/4801.

mae: 0.15452285714991854
max_error: 0.7630806855746926
variance: 0.015618096237958234
pearson: 0.019687956905710215
p-valu: 1.0837161527639842e-09

AL interation 1928/4801.

mae: 0.15451493444667655
max_error: 0.7645568222111763
variance: 0.015615840316113242
pearson: 0.018066645694103798
p-valu: 2.2139116323003092e-08

AL interation 1929/4801.

mae: 0.15449654232805857
max_error: 0.7649525818592195
variance: 0.015610124724309145
pearson: 0.009971434879417611
p-valu: 0.0020185041223343817

AL interation 1930/4801.

mae: 0.15449007976862447
max_error: 0.7653522176075
variance: 0.015611927810348075
pearson: 0.02380611128564268
p-valu: 1.6807886995529165e-13

AL interation 1931/4801.

mae: 0.1544904133960055
max_error: 0.7650367229484232
variance: 0.01563207252728263
pearson: 0.02253436517287098
p-valu: 2.9931089813174427e-12

AL interation 1932/4801.

mae: 0.15454692137543197
max_error: 0.7653090360863359
variance: 0.015644868737196217
pearson: 0.02323001913000003
p-valu: 6.315810061766115e-13

AL interation 1933/4801.

mae: 0.15459413999190003
max_error: 0.7652014805783978
variance: 0.015654288323378108
pearson: 0.01986217268569123
p-valu: 7.732134137478056e-10

AL interation 1934/4801.

mae: 0.15455041422246443
max_error: 0.7653722379260444
variance: 0.015647582516739023
pearson: 0.010372645138394395
p-valu: 0.0013197630135715623

AL interation 1935/4801.

mae: 0.15446876013220256
max_error: 0.7658606945725097
variance: 0.015645716055133697
pearson: 0.013946215551996238
p-valu: 1.5731312784024547e-05

AL interation 1936/4801.

mae: 0.15426509719657186
max_error: 0.7667321156289972
variance: 0.015617021636249218
pearson: 0.02116915920001281
p-valu: 5.5632379220912324e-11

AL interation 1937/4801.

mae: 0.15408243858767112
max_error: 0.767041209617247
variance: 0.015587092022715304
pearson: 0.013278903798365225
p-valu: 3.9308202606015634e-05

AL interation 1938/4801.

mae: 0.15405944123318147
max_error: 0.7667509690577674
variance: 0.015586387638623156
pearson: 0.022782302906139303
p-valu: 1.7311465256057076e-12

AL interation 1939/4801.

mae: 0.1540567762773207
max_error: 0.7664959769992095
variance: 0.015583585746171908
pearson: 0.02595633549316335
p-valu: 9.153943163708421e-16

AL interation 1940/4801.

mae: 0.15374957634452696
max_error: 0.7729591515649616
variance: 0.01560536834850261
pearson: 0.021223321693547872
p-valu: 4.9756196086215665e-11

AL interation 1941/4801.

mae: 0.153715478627313
max_error: 0.7724605634879538
variance: 0.015596667002646038
pearson: 0.022641384963999096
p-valu: 2.3690827090559004e-12

AL interation 1942/4801.

mae: 0.1537003905834875
max_error: 0.7744507712404527
variance: 0.015603325152090295
pearson: 0.020615024571085692
p-valu: 1.734239511138799e-10

AL interation 1943/4801.

mae: 0.15370391832356067
max_error: 0.7743565126437488
variance: 0.015603653365494066
pearson: 0.014310862701019195
p-valu: 9.383013491174737e-06

AL interation 1944/4801.

mae: 0.15367369863388994
max_error: 0.7744731331605408
variance: 0.015587603337375943
pearson: 0.011645004020019152
p-valu: 0.00031162367010675304

AL interation 1945/4801.

mae: 0.15373887908548847
max_error: 0.7766406975384541
variance: 0.015597382929144317
pearson: 0.01146308315887318
p-valu: 0.0003865598913997535

AL interation 1946/4801.

mae: 0.1537390508722858
max_error: 0.776548143881115
variance: 0.015596399596459278
pearson: 0.011368713700700046
p-valu: 0.00043178215881318127

AL interation 1947/4801.

mae: 0.15378362104410348
max_error: 0.7786872047715576
variance: 0.015611524178120346
pearson: 0.026285979924493916
p-valu: 3.969949134071167e-16

AL interation 1948/4801.

mae: 0.15374637991248236
max_error: 0.7766399086578559
variance: 0.015556183974108729
pearson: 0.019639535342986424
p-valu: 1.1950816852583053e-09

AL interation 1949/4801.

mae: 0.15370387352339582
max_error: 0.7763761649196397
variance: 0.01555477618835922
pearson: 0.019115890732896743
p-valu: 3.244813734242861e-09

AL interation 1950/4801.

mae: 0.15358046247253845
max_error: 0.7717792208062519
variance: 0.015496264838684467
pearson: 0.02432879557842334
p-valu: 4.953942222504369e-14

AL interation 1951/4801.

mae: 0.15357110146608705
max_error: 0.7722791892124405
variance: 0.015493849818842297
pearson: 0.017972849930318002
p-valu: 2.626347036005824e-08

AL interation 1952/4801.

mae: 0.15357111571498325
max_error: 0.7729108222480647
variance: 0.015489057794176943
pearson: 0.02760853538992318
p-valu: 1.2422941857754495e-17

AL interation 1953/4801.

mae: 0.15357196467892922
max_error: 0.7712833067066072
variance: 0.015485797170219839
pearson: 0.02694266894790578
p-valu: 7.26554171069806e-17

AL interation 1954/4801.

mae: 0.1533652155320653
max_error: 0.774949165449982
variance: 0.015463640405076147
pearson: 0.025372714395444078
p-valu: 3.956399465359188e-15

AL interation 1955/4801.

mae: 0.15334588048759135
max_error: 0.7751812208497029
variance: 0.015461087164572755
pearson: 0.017593438853409006
p-valu: 5.120466416695916e-08

AL interation 1956/4801.

mae: 0.15336693483428834
max_error: 0.772275547654317
variance: 0.015439493613923046
pearson: 0.024152956638681722
p-valu: 7.521551568275287e-14

AL interation 1957/4801.

mae: 0.1533657404615736
max_error: 0.7724809666994901
variance: 0.015439418025964657
pearson: 0.014002284055801183
p-valu: 1.457230459817053e-05

AL interation 1958/4801.

mae: 0.1533736220726836
max_error: 0.7722307041528325
variance: 0.01544844758740861
pearson: 0.01890457800113356
p-valu: 4.8280209144815076e-09

AL interation 1959/4801.

mae: 0.15322207547542518
max_error: 0.7748726020467984
variance: 0.015445484160801642
pearson: 0.018398050226949694
p-valu: 1.2256999696406274e-08

AL interation 1960/4801.

mae: 0.15318244697873562
max_error: 0.7765372377991895
variance: 0.015439717413003453
pearson: 0.025022880857183037
p-valu: 9.356858899975532e-15

AL interation 1961/4801.

mae: 0.15317398178791905
max_error: 0.7754962491120807
variance: 0.015432252176421005
pearson: 0.018416754763891555
p-valu: 1.1851756311511457e-08

AL interation 1962/4801.

mae: 0.1530115986668665
max_error: 0.7752197849501385
variance: 0.015416573221832102
pearson: 0.00806241993615068
p-valu: 0.012562071793311378

AL interation 1963/4801.

mae: 0.1530216982371072
max_error: 0.7743182026846966
variance: 0.015413156633343885
pearson: 0.022222069369479777
p-valu: 5.978185896551218e-12

AL interation 1964/4801.

mae: 0.15301707058942846
max_error: 0.7740028775183418
variance: 0.01540969037901019
pearson: 0.025322233784959014
p-valu: 4.496234460857163e-15

AL interation 1965/4801.

mae: 0.153022841635546
max_error: 0.7734352466703172
variance: 0.015411418335154262
pearson: 0.01393509030271349
p-valu: 1.602754842928597e-05

AL interation 1966/4801.

mae: 0.15308818528901658
max_error: 0.7714642628372417
variance: 0.015425881558348986
pearson: 0.01237711676917107
p-valu: 0.00012726649373016934

AL interation 1967/4801.

mae: 0.15301691258963593
max_error: 0.7717300136308722
variance: 0.015435263709586122
pearson: 0.01719491471013531
p-valu: 1.0188041740375365e-07

AL interation 1968/4801.

mae: 0.15293238232277026
max_error: 0.7718551878464837
variance: 0.015418670904554729
pearson: 0.015375149735429652
p-valu: 1.9372250694264367e-06

AL interation 1969/4801.

mae: 0.15313494849182394
max_error: 0.770271406738658
variance: 0.015434591558273474
pearson: 0.03882577735112118
p-valu: 2.673671009596205e-33

AL interation 1970/4801.

mae: 0.15315138472725973
max_error: 0.7702461498784174
variance: 0.015437745500851823
pearson: 0.029623230780614157
p-valu: 4.635259814206756e-20

AL interation 1971/4801.

mae: 0.15314112029266586
max_error: 0.7711815245580596
variance: 0.015437530795273734
pearson: 0.019262967976427247
p-valu: 2.46785902847972e-09

AL interation 1972/4801.

mae: 0.15313527399267213
max_error: 0.771336965492452
variance: 0.015436477874492616
pearson: 0.01862931886288274
p-valu: 8.05346721758214e-09

AL interation 1973/4801.

mae: 0.15315739027271988
max_error: 0.7728873974138537
variance: 0.015434051462382541
pearson: 0.02537964132598395
p-valu: 3.913486723729331e-15

AL interation 1974/4801.

mae: 0.15314918303863892
max_error: 0.774253565298153
variance: 0.015420035331007505
pearson: 0.01384580660284014
p-valu: 1.817339019379657e-05

AL interation 1975/4801.

mae: 0.15312564768361567
max_error: 0.7749836538772996
variance: 0.015434332539531238
pearson: 0.025965961866066794
p-valu: 9.044662737767106e-16

AL interation 1976/4801.

mae: 0.15312442971666096
max_error: 0.7749262070664997
variance: 0.015433285289746225
pearson: 0.01833045344523141
p-valu: 1.389502564457928e-08

AL interation 1977/4801.

mae: 0.15305239328998285
max_error: 0.7743147900005027
variance: 0.015423488370085602
pearson: 0.021812484015554186
p-valu: 1.4498578254434864e-11

AL interation 1978/4801.

mae: 0.15302427166261476
max_error: 0.7745692558545159
variance: 0.015426560843801604
pearson: 0.023508660686274482
p-valu: 3.386873574356678e-13

AL interation 1979/4801.

mae: 0.15302570148157946
max_error: 0.774464268838031
variance: 0.015426560253862884
pearson: 0.014375704150870559
p-valu: 8.580378155413654e-06

AL interation 1980/4801.

mae: 0.15302427807478494
max_error: 0.7744467954155567
variance: 0.015425463141178467
pearson: 0.010162698999901893
p-valu: 0.0016558570730936196

AL interation 1981/4801.

mae: 0.1530011199636577
max_error: 0.7744060424361692
variance: 0.01542058758806831
pearson: 0.024308575592526575
p-valu: 5.245995009860348e-14

AL interation 1982/4801.

mae: 0.15287072086984183
max_error: 0.7747225370095236
variance: 0.015383053738724664
pearson: 0.017392835235339875
p-valu: 7.276789356790376e-08

AL interation 1983/4801.

mae: 0.15286872827968978
max_error: 0.7747135984610907
variance: 0.015382431884580083
pearson: 0.025520343862350033
p-valu: 2.77046025967633e-15

AL interation 1984/4801.

mae: 0.15282543459193232
max_error: 0.7741915644513853
variance: 0.015375425220887714
pearson: 0.013409528083794354
p-valu: 3.311137363932974e-05

AL interation 1985/4801.

mae: 0.15283275968788937
max_error: 0.7757593416343269
variance: 0.015375782951972327
pearson: 0.01308322815772875
p-valu: 5.123893733154825e-05

AL interation 1986/4801.

mae: 0.15285325539051628
max_error: 0.7758259681475579
variance: 0.0153795043526768
pearson: 0.027881054960875677
p-valu: 6.038257739778518e-18

AL interation 1987/4801.

mae: 0.15282387314871776
max_error: 0.7774816669929692
variance: 0.015363735323761977
pearson: 0.024638908309236256
p-valu: 2.3896781758205562e-14

AL interation 1988/4801.

mae: 0.15286287954955438
max_error: 0.7773481603229158
variance: 0.015362842472114462
pearson: 0.0154148680204838
p-valu: 1.8270967972315506e-06

AL interation 1989/4801.

mae: 0.1528498966664814
max_error: 0.7770230831201843
variance: 0.015365035421161386
pearson: 0.014444993463132449
p-valu: 7.771479194454417e-06

AL interation 1990/4801.

mae: 0.15285646171528686
max_error: 0.776582620065497
variance: 0.015350663151737118
pearson: 0.017902647064684828
p-valu: 2.993572116810306e-08

AL interation 1991/4801.

mae: 0.15285388767748426
max_error: 0.7764480598362695
variance: 0.015349355214599661
pearson: 0.016570515690828846
p-valu: 2.907262147719305e-07

AL interation 1992/4801.

mae: 0.15285732849362466
max_error: 0.7764677404618965
variance: 0.015358851044572661
pearson: 0.014055280411292904
p-valu: 1.357219172275281e-05

AL interation 1993/4801.

mae: 0.15279663339886365
max_error: 0.7754011780969137
variance: 0.015359771170448717
pearson: 0.026974004195679774
p-valu: 6.792020576032883e-17

AL interation 1994/4801.

mae: 0.1527960284858692
max_error: 0.7753921368511385
variance: 0.01535972597735252
pearson: 0.02708359902722368
p-valu: 5.09455026583594e-17

AL interation 1995/4801.

mae: 0.1527782620884877
max_error: 0.775480205032224
variance: 0.01535559788746852
pearson: 0.02413550221995584
p-valu: 7.928346145940653e-14

AL interation 1996/4801.

mae: 0.1527049427431522
max_error: 0.7737018124435906
variance: 0.01537760903423991
pearson: 0.021269205608989743
p-valu: 4.581100356857742e-11

AL interation 1997/4801.

mae: 0.15271736274843878
max_error: 0.7728230278292472
variance: 0.0153785868911911
pearson: 0.02081565520637833
p-valu: 1.1675848339779514e-10

AL interation 1998/4801.

mae: 0.15270678196942908
max_error: 0.7727907671022791
variance: 0.015375579627599237
pearson: 0.029087664204846642
p-valu: 2.1572092719657473e-19

AL interation 1999/4801.

mae: 0.15272348271861116
max_error: 0.7728113791984015
variance: 0.015376097392753117
pearson: 0.02753195868580293
p-valu: 1.5530681623429426e-17

AL interation 2000/4801.

mae: 0.1527056317640166
max_error: 0.7697671924002805
variance: 0.015381805316450732
pearson: 0.016957452795365157
p-valu: 1.5300377396231806e-07

AL interation 2001/4801.

mae: 0.15272415359301147
max_error: 0.7689140892071578
variance: 0.015377572195199404
pearson: 0.010749729498368263
p-valu: 0.000877089259436564

AL interation 2002/4801.

mae: 0.15270638040625692
max_error: 0.7691983590530072
variance: 0.015378157060505042
pearson: 0.03133627364725876
p-valu: 2.9790104045606736e-22

AL interation 2003/4801.

mae: 0.15266069278084723
max_error: 0.7686324453007529
variance: 0.015356549522702158
pearson: 0.01834090121808596
p-valu: 1.3698752281965229e-08

AL interation 2004/4801.

mae: 0.15266497083388839
max_error: 0.7687018338400264
variance: 0.015358498040333284
pearson: 0.017423838366674896
p-valu: 6.922200131128776e-08

AL interation 2005/4801.

mae: 0.15261023483828298
max_error: 0.7683131182114238
variance: 0.015326897019357638
pearson: 0.0166266227919653
p-valu: 2.6559532567462334e-07

AL interation 2006/4801.

mae: 0.15261112765596427
max_error: 0.7682997439337669
variance: 0.015326473064344273
pearson: 0.021224553412802605
p-valu: 5.038893474495882e-11

AL interation 2007/4801.

mae: 0.15260174549531666
max_error: 0.7688908783953821
variance: 0.015324403875620307
pearson: 0.021297325988629504
p-valu: 4.331267613552267e-11

AL interation 2008/4801.

mae: 0.1525792997950099
max_error: 0.7684966069542725
variance: 0.015305202346615393
pearson: 0.015589026020671762
p-valu: 1.3994860516638318e-06

AL interation 2009/4801.

mae: 0.15258017118301423
max_error: 0.7684350741957076
variance: 0.015305247564333746
pearson: 0.020832000609047163
p-valu: 1.132274415860172e-10

AL interation 2010/4801.

mae: 0.15247533285227874
max_error: 0.7706624306537861
variance: 0.015317380929179732
pearson: 0.01990824845161845
p-valu: 7.177511396451522e-10

AL interation 2011/4801.

mae: 0.15248114444700195
max_error: 0.7708192654073116
variance: 0.01531669893828803
pearson: 0.025381253191508357
p-valu: 3.946703461333675e-15

AL interation 2012/4801.

mae: 0.15250823427779836
max_error: 0.7709567759111167
variance: 0.01531700065744722
pearson: 0.01619954072285196
p-valu: 5.332037862092141e-07

AL interation 2013/4801.

mae: 0.1525156286026981
max_error: 0.7708840716406655
variance: 0.01531798786001645
pearson: 0.01174086939919538
p-valu: 0.00027926086424280333

AL interation 2014/4801.

mae: 0.15249134642007175
max_error: 0.7705061547054157
variance: 0.015307375181944069
pearson: 0.014099537107225536
p-valu: 1.2778160306559289e-05

AL interation 2015/4801.

mae: 0.1524864054754928
max_error: 0.7706884210052607
variance: 0.015307414667639872
pearson: 0.013078332819865488
p-valu: 5.1711595335135424e-05

AL interation 2016/4801.

mae: 0.15239013684512656
max_error: 0.7757965921949079
variance: 0.0154274828742327
pearson: 0.0336135619069475
p-valu: 2.3313510493683706e-25

AL interation 2017/4801.

mae: 0.15233615178135995
max_error: 0.7757382514293027
variance: 0.015418549430962806
pearson: 0.010209125450766432
p-valu: 0.0015796101730873597

AL interation 2018/4801.

mae: 0.1524451376144891
max_error: 0.7791978851228976
variance: 0.015415813792381336
pearson: 0.02154609419089889
p-valu: 2.5769960469820504e-11

AL interation 2019/4801.

mae: 0.15244737574225975
max_error: 0.7752531731994736
variance: 0.015412677489413417
pearson: 0.02230546943624459
p-valu: 5.056605018278822e-12

AL interation 2020/4801.

mae: 0.15243949336939944
max_error: 0.774862818684042
variance: 0.015413829439697864
pearson: 0.02868977617690413
p-valu: 6.6427395612655e-19

AL interation 2021/4801.

mae: 0.1524383706837533
max_error: 0.7748826312585351
variance: 0.015414012891687886
pearson: 0.014300497721436174
p-valu: 9.603537490533295e-06

AL interation 2022/4801.

mae: 0.15243962728339613
max_error: 0.7749899230025221
variance: 0.015413374310362453
pearson: 0.02813736201372018
p-valu: 3.050369439431416e-18

AL interation 2023/4801.

mae: 0.15240493980406336
max_error: 0.7758768766665156
variance: 0.01543248357457313
pearson: 0.022916355449529163
p-valu: 1.3127314887444505e-12

AL interation 2024/4801.

mae: 0.15240685368863416
max_error: 0.7758575929182712
variance: 0.01542781355164784
pearson: 0.018818421976214746
p-valu: 5.734970710132524e-09

AL interation 2025/4801.

mae: 0.15235831902324806
max_error: 0.7767744468856108
variance: 0.015424588920510464
pearson: 0.018622570547817307
p-valu: 8.231338761256494e-09

AL interation 2026/4801.

mae: 0.15229938177822624
max_error: 0.7794241680318237
variance: 0.015412262516644048
pearson: 0.03373595744745758
p-valu: 1.5736461344718352e-25

AL interation 2027/4801.

mae: 0.1522815520719323
max_error: 0.777857749931627
variance: 0.015416241074381554
pearson: 0.024003293501482233
p-valu: 1.0915429252976312e-13

AL interation 2028/4801.

mae: 0.15224931803347141
max_error: 0.7784329290766152
variance: 0.015412274336471157
pearson: 0.030209138359990926
p-valu: 8.69465117194405e-21

AL interation 2029/4801.

mae: 0.1522494970849117
max_error: 0.7784558309367071
variance: 0.015411885247003588
pearson: 0.01705960682691162
p-valu: 1.2937225213891178e-07

AL interation 2030/4801.

mae: 0.15226945896845018
max_error: 0.7780546524171541
variance: 0.015418111753623216
pearson: 0.022554272912924982
p-valu: 2.9390873914557124e-12

AL interation 2031/4801.

mae: 0.15230724158530967
max_error: 0.7774554281187989
variance: 0.015425730891155337
pearson: 0.021294940138947088
p-valu: 4.377159261519689e-11

AL interation 2032/4801.

mae: 0.15235847808243064
max_error: 0.7772988920729631
variance: 0.015428155880948905
pearson: 0.009824388633660926
p-valu: 0.002363199984883939

AL interation 2033/4801.

mae: 0.152324990814216
max_error: 0.7762025878048178
variance: 0.015427747357640516
pearson: 0.027068030292287326
p-valu: 5.38510162307783e-17

AL interation 2034/4801.

mae: 0.15225770544242248
max_error: 0.7767344715819888
variance: 0.015420924150090932
pearson: 0.016952138734286776
p-valu: 1.5515782976701722e-07

AL interation 2035/4801.

mae: 0.15222513866779167
max_error: 0.77629292922893
variance: 0.015411734734977015
pearson: 0.01505071454666499
p-valu: 3.1962950274419963e-06

AL interation 2036/4801.

mae: 0.15215306091622843
max_error: 0.7774812615732571
variance: 0.015414723012029986
pearson: 0.00805845549735277
p-valu: 0.012639863373356926

AL interation 2037/4801.

mae: 0.152106870098143
max_error: 0.7757992138567147
variance: 0.015411638014660493
pearson: 0.008338294517462149
p-valu: 0.00987013039400465

AL interation 2038/4801.

mae: 0.15211407464060234
max_error: 0.7768320413948402
variance: 0.01541094727175948
pearson: 0.023864807740449683
p-valu: 1.5128428737804323e-13

AL interation 2039/4801.

mae: 0.15211379089141056
max_error: 0.7768507056586884
variance: 0.015411030992642067
pearson: 0.02893597370815649
p-valu: 3.3644205652311145e-19

AL interation 2040/4801.

mae: 0.15209715279869404
max_error: 0.7758771214701881
variance: 0.015402733494934562
pearson: 0.014853053828954785
p-valu: 4.296721675313828e-06

AL interation 2041/4801.

mae: 0.1520962980449587
max_error: 0.7746032197282204
variance: 0.015398908671366673
pearson: 0.013215727418482865
p-valu: 4.3188384166055074e-05

AL interation 2042/4801.

mae: 0.1520675090744576
max_error: 0.774947400937009
variance: 0.01538903088049436
pearson: 0.014361059554092784
p-valu: 8.823149215822402e-06

AL interation 2043/4801.

mae: 0.15199654882607205
max_error: 0.7753883969986077
variance: 0.015396819031077875
pearson: 0.01235233584373125
p-valu: 0.0001321160417334608

AL interation 2044/4801.

mae: 0.15199655053898012
max_error: 0.7753883899191578
variance: 0.01539681947641515
pearson: 0.009121134882450189
p-valu: 0.004764957684900556

AL interation 2045/4801.

mae: 0.1520803727505723
max_error: 0.7755337489603846
variance: 0.015373753401914863
pearson: 0.023614560099647127
p-valu: 2.705732523542565e-13

AL interation 2046/4801.

mae: 0.15206676131887667
max_error: 0.7755457350126278
variance: 0.015371486414616966
pearson: 0.023871203878736726
p-valu: 1.4939515153208604e-13

AL interation 2047/4801.

mae: 0.15207245916940912
max_error: 0.7754653182081483
variance: 0.01537319847620477
pearson: 0.020371043909496026
p-valu: 2.897163343559775e-10

AL interation 2048/4801.

mae: 0.15199007338367285
max_error: 0.7766511704818413
variance: 0.015356776396053136
pearson: 0.01545051108809269
p-valu: 1.7425077108481104e-06

AL interation 2049/4801.

mae: 0.15199472763204877
max_error: 0.7766017461019317
variance: 0.015357164720954936
pearson: 0.03258672745320965
p-valu: 6.366611450705004e-24

AL interation 2050/4801.

mae: 0.15197718531866986
max_error: 0.7760842689009451
variance: 0.015359714692852319
pearson: 0.019590831695012658
p-valu: 1.3394595200853598e-09

AL interation 2051/4801.

mae: 0.1519665753958573
max_error: 0.7756986912514776
variance: 0.015353757169470838
pearson: 0.02880877825954867
p-valu: 4.828627006712242e-19

AL interation 2052/4801.

mae: 0.15194787391928874
max_error: 0.7745779769001899
variance: 0.015358583280748272
pearson: 0.004725398340204679
p-valu: 0.14369263296440005

AL interation 2053/4801.

mae: 0.1519791880577921
max_error: 0.7739060659819756
variance: 0.015369487552523584
pearson: 0.022113519659367822
p-valu: 7.73696357118374e-12

AL interation 2054/4801.

mae: 0.15202052147626816
max_error: 0.774582687820697
variance: 0.015366102707115022
pearson: 0.03480309284675263
p-valu: 4.657801156620253e-27

AL interation 2055/4801.

mae: 0.15178351508875312
max_error: 0.7753847283873654
variance: 0.015277106845860955
pearson: 0.028207953942077098
p-valu: 2.5484724450358825e-18

AL interation 2056/4801.

mae: 0.15173900763864775
max_error: 0.7785233064670649
variance: 0.015285227042923372
pearson: 0.017193371655464203
p-valu: 1.0354646383073356e-07

AL interation 2057/4801.

mae: 0.1517213943530691
max_error: 0.7787090439241524
variance: 0.015277986369516739
pearson: 0.026133722805349917
p-valu: 6.08180537419271e-16

AL interation 2058/4801.

mae: 0.1517221369531961
max_error: 0.7785085002750236
variance: 0.01527014301765949
pearson: 0.025284360157433232
p-valu: 5.089214552547242e-15

AL interation 2059/4801.

mae: 0.15173148067230965
max_error: 0.7806469895267583
variance: 0.015286370260328475
pearson: 0.02118842787217735
p-valu: 5.498100446812688e-11

AL interation 2060/4801.

mae: 0.1518369508050185
max_error: 0.7791623332482231
variance: 0.015286471810611517
pearson: 0.013776431484655441
p-valu: 2.018507819204497e-05

AL interation 2061/4801.

mae: 0.15192711630146186
max_error: 0.778149941165708
variance: 0.015284475876157397
pearson: 0.0319968018564874
p-valu: 4.0491516216491063e-23

AL interation 2062/4801.

mae: 0.15194220597052135
max_error: 0.7775688716425861
variance: 0.01528131184749964
pearson: 0.02458316645650399
p-valu: 2.7952437540847457e-14

AL interation 2063/4801.

mae: 0.1519420450698414
max_error: 0.777566972676567
variance: 0.015280968470609923
pearson: 0.02513637904743988
p-valu: 7.328863212054068e-15

AL interation 2064/4801.

mae: 0.1519252002783623
max_error: 0.7778124499375281
variance: 0.01528327466657058
pearson: 0.013790500651754124
p-valu: 1.9803188095489816e-05

AL interation 2065/4801.

mae: 0.15192772801027118
max_error: 0.7778490938820539
variance: 0.015282896360513163
pearson: 0.034879977586118785
p-valu: 3.61950075522499e-27

AL interation 2066/4801.

mae: 0.15193103153256834
max_error: 0.7767531352737365
variance: 0.015299954092543743
pearson: 0.021572395553031722
p-valu: 2.4658331691841106e-11

AL interation 2067/4801.

mae: 0.1518319808041676
max_error: 0.7770129239093535
variance: 0.01529026616813796
pearson: 0.028467905728820502
p-valu: 1.2530914751855032e-18

AL interation 2068/4801.

mae: 0.15182695089011589
max_error: 0.7771682351900608
variance: 0.015287426745594673
pearson: 0.02267780284621264
p-valu: 2.2594370433072084e-12

AL interation 2069/4801.

mae: 0.15184129349969727
max_error: 0.7759068294768383
variance: 0.015283872834321798
pearson: 0.015693629349682544
p-valu: 1.1983422691374046e-06

AL interation 2070/4801.

mae: 0.15185222119934555
max_error: 0.7763536932964712
variance: 0.015305493216764663
pearson: 0.026081376301098136
p-valu: 6.977362952135153e-16

AL interation 2071/4801.

mae: 0.1518547495549459
max_error: 0.7764539013396075
variance: 0.015300334056684765
pearson: 0.02624791078052473
p-valu: 4.569637572121071e-16

AL interation 2072/4801.

mae: 0.1518478806312615
max_error: 0.7765442155692881
variance: 0.015300541752725641
pearson: 0.02334239840243547
p-valu: 5.084768950980814e-13

AL interation 2073/4801.

mae: 0.15187976288325788
max_error: 0.7778770571402163
variance: 0.01530600611455014
pearson: 0.016259837504416976
p-valu: 4.87864900997119e-07

AL interation 2074/4801.

mae: 0.1519034780006095
max_error: 0.7785451610160976
variance: 0.015297204385284617
pearson: 0.020642315824156383
p-valu: 1.6889442447785802e-10

AL interation 2075/4801.

mae: 0.15188866589158778
max_error: 0.7793466382484837
variance: 0.015289790299692785
pearson: 0.02599157425459795
p-valu: 8.773293430782804e-16

AL interation 2076/4801.

mae: 0.15184141459315226
max_error: 0.7849874209030645
variance: 0.015279803714962738
pearson: 0.028699849393514165
p-valu: 6.611644916942422e-19

AL interation 2077/4801.

mae: 0.15165231071780685
max_error: 0.7830451495844102
variance: 0.015235855237932895
pearson: 0.010372021006259828
p-valu: 0.0013317068991658273

AL interation 2078/4801.

mae: 0.15159506559787794
max_error: 0.7826367520122517
variance: 0.015238935175369407
pearson: 0.017929302135069693
p-valu: 2.8975792702552024e-08

AL interation 2079/4801.

mae: 0.15159176237537192
max_error: 0.7827462886042156
variance: 0.015238778220189913
pearson: 0.016760671498178416
p-valu: 2.1503307936248734e-07

AL interation 2080/4801.

mae: 0.15175538168730862
max_error: 0.7921888309165439
variance: 0.015280203535874249
pearson: 0.01528144624292025
p-valu: 2.266447214606874e-06

AL interation 2081/4801.

mae: 0.15169251821012905
max_error: 0.7921395345998121
variance: 0.015275716732786708
pearson: 0.028504884565933766
p-valu: 1.1378995261613738e-18

AL interation 2082/4801.

mae: 0.15165608113963983
max_error: 0.791410967881518
variance: 0.015270424553634535
pearson: 0.022892432237213982
p-valu: 1.4068941800313284e-12

AL interation 2083/4801.

mae: 0.1515668054648556
max_error: 0.7853440810415293
variance: 0.015240319849623887
pearson: 0.017371572754081844
p-valu: 7.667580623177876e-08

AL interation 2084/4801.

mae: 0.15156918844761214
max_error: 0.7854248738884451
variance: 0.015240931558154952
pearson: 0.020865632090054067
p-valu: 1.0748654215643075e-10

AL interation 2085/4801.

mae: 0.1515952443927713
max_error: 0.7870374373174513
variance: 0.01522152378260591
pearson: 0.015466528153334923
p-valu: 1.7078859767274348e-06

AL interation 2086/4801.

mae: 0.15161416264217997
max_error: 0.7888794343110419
variance: 0.015226599358899829
pearson: 0.025796475168248616
p-valu: 1.4391720034618403e-15

AL interation 2087/4801.

mae: 0.15171197788488092
max_error: 0.794479279159134
variance: 0.015194433815601708
pearson: 0.02938729697629691
p-valu: 9.586110782493594e-20

AL interation 2088/4801.

mae: 0.15160022850844695
max_error: 0.7942414739449646
variance: 0.015145875474079468
pearson: 0.015980914878172565
p-valu: 7.640866319388946e-07

AL interation 2089/4801.

mae: 0.15156978609814922
max_error: 0.794868046932919
variance: 0.015138299641868079
pearson: 0.005117809141635624
p-valu: 0.11335395622063393

AL interation 2090/4801.

mae: 0.15145453354378202
max_error: 0.7985162067641625
variance: 0.015130269560465811
pearson: 0.019697342183038674
p-valu: 1.0992778734557891e-09

AL interation 2091/4801.

mae: 0.15145456791004602
max_error: 0.7985231592947457
variance: 0.015131525912928994
pearson: 0.02166412543663735
p-valu: 2.0432101356513767e-11

AL interation 2092/4801.

mae: 0.15146017803632614
max_error: 0.7988000537544053
variance: 0.015129268774728751
pearson: 0.011118729780954793
p-valu: 0.0005820785348757732

AL interation 2093/4801.

mae: 0.15138625117061033
max_error: 0.7991137257922389
variance: 0.015108885246496381
pearson: 0.016370465941036385
p-valu: 4.0897903850742367e-07

AL interation 2094/4801.

mae: 0.15136431776074913
max_error: 0.7992860244180804
variance: 0.01511086447717806
pearson: 0.019699487633438276
p-valu: 1.0955971792275147e-09

AL interation 2095/4801.

mae: 0.1513655717197335
max_error: 0.7993012141779445
variance: 0.015113194528303845
pearson: 0.013049355808754479
p-valu: 5.4116654738259826e-05

AL interation 2096/4801.

mae: 0.15135605908129732
max_error: 0.7990121285565408
variance: 0.015108092102220536
pearson: 0.017606643937520334
p-valu: 5.118228494768489e-08

AL interation 2097/4801.

mae: 0.1513861796470972
max_error: 0.8011489074598614
variance: 0.015105206601297327
pearson: 0.027997221065492205
p-valu: 4.60406263504464e-18

AL interation 2098/4801.

mae: 0.151358832127849
max_error: 0.8019253296475313
variance: 0.015100795413796874
pearson: 0.02924266088961637
p-valu: 1.4527759973448265e-19

AL interation 2099/4801.

mae: 0.15141061048477503
max_error: 0.8000689759932129
variance: 0.015106716802740608
pearson: 0.009698255958716201
p-valu: 0.0026976436723887068

AL interation 2100/4801.

mae: 0.15127079171555433
max_error: 0.8022342846215906
variance: 0.015102239765056003
pearson: 0.02719996214738938
p-valu: 3.8999417043889055e-17

AL interation 2101/4801.

mae: 0.15127537544499747
max_error: 0.8025640485851682
variance: 0.015099050857532582
pearson: 0.02713040165153574
p-valu: 4.687007788788208e-17

AL interation 2102/4801.

mae: 0.15125456383888247
max_error: 0.8031736162120211
variance: 0.015063011440908266
pearson: 0.02275487501807559
p-valu: 1.9215523995568846e-12

AL interation 2103/4801.

mae: 0.15126933498017014
max_error: 0.8016625295999518
variance: 0.015065502046662998
pearson: 0.032888570066279973
p-valu: 2.5202197239296055e-24

AL interation 2104/4801.

mae: 0.1512753351709184
max_error: 0.801651560416687
variance: 0.015057180060472936
pearson: 0.026507691783134158
p-valu: 2.375493522702216e-16

AL interation 2105/4801.

mae: 0.1511811277285268
max_error: 0.8011635208627297
variance: 0.015060066927707609
pearson: 0.03137719258710138
p-valu: 2.769128006901529e-22

AL interation 2106/4801.

mae: 0.15106135830915243
max_error: 0.8021651956363627
variance: 0.015022128215830753
pearson: 0.02196528502382862
p-valu: 1.0788478519722469e-11

AL interation 2107/4801.

mae: 0.1510773292298099
max_error: 0.8027024625798731
variance: 0.015026776811682064
pearson: 0.01616148393757999
p-valu: 5.741936915272185e-07

AL interation 2108/4801.

mae: 0.1510825628892366
max_error: 0.8028074346582343
variance: 0.015028306589694637
pearson: 0.029221473879376812
p-valu: 1.549338618986547e-19

AL interation 2109/4801.

mae: 0.15108757402016335
max_error: 0.8032772144239004
variance: 0.015028774510068493
pearson: 0.014711309663162066
p-valu: 5.339719988025628e-06

AL interation 2110/4801.

mae: 0.1510833051326155
max_error: 0.8036554593012823
variance: 0.015037580648339677
pearson: 0.01934589136646277
p-valu: 2.1652116164126157e-09

AL interation 2111/4801.

mae: 0.15108794054366667
max_error: 0.8037940658323066
variance: 0.015039327063623032
pearson: 0.015611730190618402
p-valu: 1.3687122244383268e-06

AL interation 2112/4801.

mae: 0.15110526531572538
max_error: 0.8039833441115434
variance: 0.01503362110392516
pearson: 0.024533219425019355
p-valu: 3.19853835894292e-14

AL interation 2113/4801.

mae: 0.15110416086165196
max_error: 0.8038893702016878
variance: 0.015032471514280629
pearson: 0.00923472877768557
p-valu: 0.004281627880874986

AL interation 2114/4801.

mae: 0.15107188595758647
max_error: 0.804923340991877
variance: 0.014988675539355208
pearson: 0.023911732453258012
p-valu: 1.3865324607603771e-13

AL interation 2115/4801.

mae: 0.15107135394910295
max_error: 0.8048726989321153
variance: 0.014987594629732008
pearson: 0.012984394323596915
p-valu: 5.904920002781423e-05

AL interation 2116/4801.

mae: 0.15096093235371735
max_error: 0.8008463774368693
variance: 0.014987369347306401
pearson: 0.021850835476079883
p-valu: 1.3818179599488796e-11

AL interation 2117/4801.

mae: 0.15106593227948112
max_error: 0.8014542395565343
variance: 0.015012716627212696
pearson: 0.02857011569438427
p-valu: 9.641676544781524e-19

AL interation 2118/4801.

mae: 0.15122575582532102
max_error: 0.8083180306070403
variance: 0.015038144965452124
pearson: 0.024212605475004815
p-valu: 6.857717511524064e-14

AL interation 2119/4801.

mae: 0.15108867519634936
max_error: 0.8047518512818215
variance: 0.015010603013032425
pearson: 0.02626912057332677
p-valu: 4.4022211996276093e-16

AL interation 2120/4801.

mae: 0.15110055379135207
max_error: 0.8053332460132481
variance: 0.015011684184772207
pearson: 0.027647519067321727
p-valu: 1.1940651415691367e-17

AL interation 2121/4801.

mae: 0.15114819184512396
max_error: 0.8044597777787885
variance: 0.015012647596717806
pearson: 0.015262557334347416
p-valu: 2.344216106154964e-06

AL interation 2122/4801.

mae: 0.1511448425273216
max_error: 0.8042855595548417
variance: 0.015012226951435802
pearson: 0.017513487935080452
p-valu: 6.040694661125412e-08

AL interation 2123/4801.

mae: 0.15116277679213577
max_error: 0.8049047390992854
variance: 0.015010211907391298
pearson: 0.012213908754481235
p-valu: 0.00015805414684193824

AL interation 2124/4801.

mae: 0.15116241768204533
max_error: 0.8024983312554355
variance: 0.01500555938368982
pearson: 0.03650996364406576
p-valu: 1.3622408494872615e-29

AL interation 2125/4801.

mae: 0.15113742148552106
max_error: 0.8037940395768999
variance: 0.014985253314681164
pearson: 0.017217692158737245
p-valu: 1.004023257695923e-07

AL interation 2126/4801.

mae: 0.15113739700086784
max_error: 0.8037939170024657
variance: 0.014985267394653204
pearson: 0.018439091423378465
p-valu: 1.1713447057121317e-08

AL interation 2127/4801.

mae: 0.15108317950226058
max_error: 0.8035868749046244
variance: 0.014999686197039713
pearson: 0.015330550180319596
p-valu: 2.1149620693432305e-06

AL interation 2128/4801.

mae: 0.15107548982574107
max_error: 0.8042566648377374
variance: 0.014994098612167361
pearson: 0.013669783335499978
p-valu: 2.3543435620246026e-05

AL interation 2129/4801.

mae: 0.15106678480819402
max_error: 0.8031240950645326
variance: 0.014989710953060807
pearson: 0.02092617961677685
p-valu: 9.592079712085152e-11

AL interation 2130/4801.

mae: 0.15102608114126717
max_error: 0.7988512817016726
variance: 0.014988059604434951
pearson: 0.021686930388178993
p-valu: 1.9651141196583687e-11

AL interation 2131/4801.

mae: 0.15102579097159685
max_error: 0.7988543997942372
variance: 0.014987828041114393
pearson: 0.01634746318772285
p-valu: 4.267781346607456e-07

AL interation 2132/4801.

mae: 0.1510299402972256
max_error: 0.7991973391813048
variance: 0.014988397942536424
pearson: 0.031618181634736335
p-valu: 1.3466061059538212e-22

AL interation 2133/4801.

mae: 0.15086986133397642
max_error: 0.8011855009329452
variance: 0.014961948436006085
pearson: 0.022442864119634687
p-valu: 3.855484447652044e-12

AL interation 2134/4801.

mae: 0.150714604082675
max_error: 0.8025913271479368
variance: 0.014954991662616973
pearson: 0.016471220067449936
p-valu: 3.4908318701634717e-07

AL interation 2135/4801.

mae: 0.15073271682382228
max_error: 0.80432166688135
variance: 0.014963577640529314
pearson: 0.028796478987193074
p-valu: 5.176848968368662e-19

AL interation 2136/4801.

mae: 0.15070278527103137
max_error: 0.8041826462577433
variance: 0.014964318402006646
pearson: 0.025111009451965045
p-valu: 7.982484317591504e-15

AL interation 2137/4801.

mae: 0.15056441415720928
max_error: 0.8011506903773125
variance: 0.014941634574925517
pearson: 0.005192850257174286
p-valu: 0.10824993461432254

AL interation 2138/4801.

mae: 0.15055466260817127
max_error: 0.7989246333170854
variance: 0.014935401828565096
pearson: 0.01842707402538829
p-valu: 1.1996940866324775e-08

AL interation 2139/4801.

mae: 0.15055241997981664
max_error: 0.7986984991805031
variance: 0.014937432217062046
pearson: 0.01809537794904836
p-valu: 2.1793570624806387e-08

AL interation 2140/4801.

mae: 0.15059263141801243
max_error: 0.7962275973718533
variance: 0.01497232789059635
pearson: 0.02232099888766445
p-valu: 5.040871373304934e-12

AL interation 2141/4801.

mae: 0.15056200202846168
max_error: 0.7963316326530503
variance: 0.014959312744631678
pearson: 0.011788096704243446
p-valu: 0.00026635956670592354

AL interation 2142/4801.

mae: 0.1505680990622916
max_error: 0.7973611978143822
variance: 0.01496394895000802
pearson: 0.021747826877997402
p-valu: 1.731824662187034e-11

AL interation 2143/4801.

mae: 0.1505612631395112
max_error: 0.7976647837177211
variance: 0.01496268067054976
pearson: 0.009536759849986287
p-valu: 0.0031818348489079267

AL interation 2144/4801.

mae: 0.15052779385209752
max_error: 0.79755916093076
variance: 0.014963473628190309
pearson: 0.01110426530160872
p-valu: 0.000593819063764729

AL interation 2145/4801.

mae: 0.15058177304570045
max_error: 0.7989577845316376
variance: 0.014947421210012796
pearson: 0.019619432310793872
p-valu: 1.2916610668365206e-09

AL interation 2146/4801.

mae: 0.15074074453331773
max_error: 0.8028061837798219
variance: 0.014949420699310989
pearson: 0.02211905520306822
p-valu: 7.824534294171355e-12

AL interation 2147/4801.

mae: 0.1508443320401201
max_error: 0.8033853894229708
variance: 0.014970270178807487
pearson: 0.015291111979795944
p-valu: 2.251597835925447e-06

AL interation 2148/4801.

mae: 0.15079258602941156
max_error: 0.8034927615649679
variance: 0.014969659711731665
pearson: 0.01932492893935644
p-valu: 2.2696665288712013e-09

AL interation 2149/4801.

mae: 0.15072066208221915
max_error: 0.7994227068448367
variance: 0.014963971570944028
pearson: 0.020487809253128774
p-valu: 2.343601040534883e-10

AL interation 2150/4801.

mae: 0.15071669723495115
max_error: 0.7994751092279131
variance: 0.014967098338395003
pearson: 0.016489099866947587
p-valu: 3.397987605045975e-07

AL interation 2151/4801.

mae: 0.15071074517469546
max_error: 0.7994187783967703
variance: 0.014966396219160941
pearson: 0.020610133866402883
p-valu: 1.8329106265647762e-10

AL interation 2152/4801.

mae: 0.15070903767975877
max_error: 0.7994007923905997
variance: 0.014965601303551578
pearson: 0.01554373312669333
p-valu: 1.5287558115926994e-06

AL interation 2153/4801.

mae: 0.15069232770246727
max_error: 0.7992417679715089
variance: 0.01496069307073693
pearson: 0.03255695939552361
p-valu: 7.39335110287698e-24

AL interation 2154/4801.

mae: 0.1506876799484847
max_error: 0.7992886007660616
variance: 0.014960206981311976
pearson: 0.02719501428772273
p-valu: 4.032057413710515e-17

AL interation 2155/4801.

mae: 0.15070332430334685
max_error: 0.7993765302136921
variance: 0.014975934962565003
pearson: 0.011647096983278721
p-valu: 0.0003156355721880358

AL interation 2156/4801.

mae: 0.1507128927292225
max_error: 0.7995958203323141
variance: 0.014983968407381877
pearson: 0.026761880548308744
p-valu: 1.2541810019523291e-16

AL interation 2157/4801.

mae: 0.15071074070547225
max_error: 0.7992091240333679
variance: 0.014985297843282461
pearson: 0.02047956474582605
p-valu: 2.3867937845064064e-10

AL interation 2158/4801.

mae: 0.15071200256251835
max_error: 0.7958679356876672
variance: 0.014963655897532232
pearson: 0.01061712555525254
p-valu: 0.0010252438838475816

AL interation 2159/4801.

mae: 0.15074269430596404
max_error: 0.7890357886574719
variance: 0.014951237712380761
pearson: 0.023170785821222697
p-valu: 7.686212610104881e-13

AL interation 2160/4801.

mae: 0.15071589153495515
max_error: 0.7888598105432152
variance: 0.01496004331723956
pearson: 0.02985783803244045
p-valu: 2.5662932703345205e-20

AL interation 2161/4801.

mae: 0.15071621017774584
max_error: 0.7888586100946071
variance: 0.014959933830896976
pearson: 0.02932896205500748
p-valu: 1.168763858099339e-19

AL interation 2162/4801.

mae: 0.15075827327131522
max_error: 0.7888453378829183
variance: 0.01496051363482273
pearson: 0.01349344645717299
p-valu: 3.005662225154286e-05

AL interation 2163/4801.

mae: 0.15075337304689715
max_error: 0.788764032853436
variance: 0.014956436142603424
pearson: 0.01797769971494502
p-valu: 2.6974057984629554e-08

AL interation 2164/4801.

mae: 0.15068813113363347
max_error: 0.7889883595382514
variance: 0.014955256377319088
pearson: 0.010790709786289715
p-valu: 0.0008466108820974561

AL interation 2165/4801.

mae: 0.15068878868749147
max_error: 0.7890124723596585
variance: 0.014955209258068274
pearson: 0.018486717314613658
p-valu: 1.0815716939936442e-08

AL interation 2166/4801.

mae: 0.1506657329237139
max_error: 0.7885320932121402
variance: 0.014961255992910923
pearson: 0.016940316669998665
p-valu: 1.613986965036597e-07

AL interation 2167/4801.

mae: 0.1506725202105043
max_error: 0.7881640461551029
variance: 0.014963677643474076
pearson: 0.026862973064365168
p-valu: 9.679388112866419e-17

AL interation 2168/4801.

mae: 0.15076729042843262
max_error: 0.78744064192297
variance: 0.014940221917062992
pearson: 0.032140371689965315
p-valu: 2.7421024450938924e-23

AL interation 2169/4801.

mae: 0.15045304575779506
max_error: 0.7840539742130233
variance: 0.014930733896315863
pearson: 0.027163759302643385
p-valu: 4.4031380625295935e-17

AL interation 2170/4801.

mae: 0.15046173118059003
max_error: 0.7843366088957566
variance: 0.014930959801329333
pearson: 0.02083970040483616
p-valu: 1.1551999870528748e-10

AL interation 2171/4801.

mae: 0.15045285750815704
max_error: 0.7852647885388251
variance: 0.014924546519389384
pearson: 0.016402965546843916
p-valu: 3.921734834892168e-07

AL interation 2172/4801.

mae: 0.15039242306797002
max_error: 0.7802822805213196
variance: 0.014929185973846376
pearson: 0.023273805837331157
p-valu: 6.109287528085534e-13

AL interation 2173/4801.

mae: 0.15039144144716643
max_error: 0.7803524020008439
variance: 0.014928927810465613
pearson: 0.021818375816179486
p-valu: 1.5015989555937852e-11

AL interation 2174/4801.

mae: 0.15044127601932689
max_error: 0.7783746223958161
variance: 0.014949650127489394
pearson: 0.02261423481569555
p-valu: 2.6733790806295763e-12

AL interation 2175/4801.

mae: 0.1504365607410702
max_error: 0.7783475453038307
variance: 0.014951013720177306
pearson: 0.0310507498649901
p-valu: 7.682302475148327e-22

AL interation 2176/4801.

mae: 0.15038457089379695
max_error: 0.779869798766498
variance: 0.014948327528984538
pearson: 0.028928259050439966
p-valu: 3.6435351455721783e-19

AL interation 2177/4801.

mae: 0.15038860418048003
max_error: 0.7802032472995108
variance: 0.014944125756121786
pearson: 0.02671863889044843
p-valu: 1.4138695412229432e-16

AL interation 2178/4801.

mae: 0.15037623376952178
max_error: 0.7801541977735127
variance: 0.014944223839247223
pearson: 0.017661953174479782
p-valu: 4.709955943613512e-08

AL interation 2179/4801.

mae: 0.15043417993642594
max_error: 0.7824604590352635
variance: 0.014923351533401307
pearson: 0.01991789224231718
p-valu: 7.289684098393894e-10

AL interation 2180/4801.

mae: 0.15043459320477442
max_error: 0.7824270236389879
variance: 0.014923653118908097
pearson: 0.02771756747934742
p-valu: 1.0126666164280722e-17

AL interation 2181/4801.

mae: 0.15077572146151877
max_error: 0.7815095231667897
variance: 0.014972498044134657
pearson: 0.020261064432541973
p-valu: 3.7102852069015647e-10

AL interation 2182/4801.

mae: 0.15077276641596615
max_error: 0.7815435657864356
variance: 0.014972330690833695
pearson: 0.02514550915801919
p-valu: 7.446289946342326e-15

AL interation 2183/4801.

mae: 0.15075232582123724
max_error: 0.7818060744435797
variance: 0.01496969663995549
pearson: 0.014980367755285207
p-valu: 3.6140122685345685e-06

AL interation 2184/4801.

mae: 0.15077880745041194
max_error: 0.7813828984613025
variance: 0.014972822337351168
pearson: 0.01805711226351598
p-valu: 2.3508516944475568e-08

AL interation 2185/4801.

mae: 0.15076756534036503
max_error: 0.7814688882530447
variance: 0.014967025694693024
pearson: 0.02294947209825046
p-valu: 1.27306916791196e-12

AL interation 2186/4801.

mae: 0.1506584860790491
max_error: 0.7774402128904967
variance: 0.014970718517486747
pearson: 0.034443850993267494
p-valu: 1.677825853374234e-26

AL interation 2187/4801.

mae: 0.15069515883832219
max_error: 0.7777087273580179
variance: 0.014974175539252328
pearson: 0.03180645905234986
p-valu: 7.773340308539199e-23

AL interation 2188/4801.

mae: 0.15065285822025248
max_error: 0.7765448539524584
variance: 0.014978894904430062
pearson: 0.02776895893955973
p-valu: 8.84683199993164e-18

AL interation 2189/4801.

mae: 0.15065332792707983
max_error: 0.7766134541339511
variance: 0.014979284123940697
pearson: 0.0180382767570465
p-valu: 2.432974868703619e-08

AL interation 2190/4801.

mae: 0.1506571022779652
max_error: 0.7761641164612172
variance: 0.014980785612956687
pearson: 0.019674182969119856
p-valu: 1.1726657876747263e-09

AL interation 2191/4801.

mae: 0.1506513635569885
max_error: 0.776139077363581
variance: 0.014979860224147627
pearson: 0.025886874448724086
p-valu: 1.1884605673765138e-15

AL interation 2192/4801.

mae: 0.1506129545005946
max_error: 0.776188613513682
variance: 0.014986346476381139
pearson: 0.013825441757295
p-valu: 1.910943046021201e-05

AL interation 2193/4801.

mae: 0.15058414302966752
max_error: 0.7762206573610086
variance: 0.014972576724285253
pearson: 0.031254171332099054
p-valu: 4.1990228783535803e-22

AL interation 2194/4801.

mae: 0.1506482700645075
max_error: 0.7665979593248409
variance: 0.01497887887644006
pearson: 0.02701928812704394
p-valu: 6.496903205124703e-17

AL interation 2195/4801.

mae: 0.15066478242778594
max_error: 0.767412298419444
variance: 0.01499643065639246
pearson: 0.01804636964015689
p-valu: 2.4006347797198864e-08

AL interation 2196/4801.

mae: 0.15066587847606114
max_error: 0.7674291903148713
variance: 0.014996275069555538
pearson: 0.017672536843252352
p-valu: 4.6372854666116643e-08

AL interation 2197/4801.

mae: 0.15063922478580252
max_error: 0.7676996058285255
variance: 0.014994631669149593
pearson: 0.019941555124516428
p-valu: 6.985849363364686e-10

AL interation 2198/4801.

mae: 0.1506480073397347
max_error: 0.7673455341348472
variance: 0.014990013177805137
pearson: 0.015854778740853337
p-valu: 9.463718496365063e-07

AL interation 2199/4801.

mae: 0.15067457849702676
max_error: 0.766824278791546
variance: 0.0149782055721258
pearson: 0.027929756998492768
p-valu: 5.7562961007655625e-18

AL interation 2200/4801.

mae: 0.150660931768556
max_error: 0.7642745638747641
variance: 0.014979308057036237
pearson: 0.027778934759478367
p-valu: 8.652873334703246e-18

AL interation 2201/4801.

mae: 0.15066349495673906
max_error: 0.7640707599881296
variance: 0.014980108907330005
pearson: 0.018381332574497228
p-valu: 1.317757792997209e-08

AL interation 2202/4801.

mae: 0.15066436236051642
max_error: 0.7640176926560827
variance: 0.014980196809681427
pearson: 0.019899931578236652
p-valu: 7.585165273440902e-10

AL interation 2203/4801.

mae: 0.15066134561295128
max_error: 0.7647748221627779
variance: 0.014978925497524513
pearson: 0.019720824417719857
p-valu: 1.0743835014221371e-09

AL interation 2204/4801.

mae: 0.15065398968995983
max_error: 0.7644856170215064
variance: 0.01497418129324729
pearson: 0.03183154250774628
p-valu: 7.259013196558647e-23

AL interation 2205/4801.

mae: 0.1505395627551617
max_error: 0.7701905236669973
variance: 0.014976017058694299
pearson: 0.019413558301819466
p-valu: 1.9387564497766965e-09

AL interation 2206/4801.

mae: 0.15051089233262582
max_error: 0.7701785922214697
variance: 0.014972753877081519
pearson: 0.02692121853117116
p-valu: 8.434481513406794e-17

AL interation 2207/4801.

mae: 0.15046192436265687
max_error: 0.7695368287431563
variance: 0.014972414428451862
pearson: 0.03270513068917915
p-valu: 4.770078864967009e-24

AL interation 2208/4801.

mae: 0.15043344659563315
max_error: 0.7672408608957824
variance: 0.014973678808308653
pearson: 0.030912942558081236
p-valu: 1.1797367514635274e-21

AL interation 2209/4801.

mae: 0.15044962348358104
max_error: 0.7676254749588054
variance: 0.014976155401696879
pearson: 0.021789350487014986
p-valu: 1.6113686489273857e-11

AL interation 2210/4801.

mae: 0.15035245790676596
max_error: 0.7722553742341631
variance: 0.014969082439968542
pearson: 0.016839176143926982
p-valu: 1.9235730630864753e-07

AL interation 2211/4801.

mae: 0.150374666348591
max_error: 0.7706886363634453
variance: 0.014968207939494521
pearson: 0.020237326467533838
p-valu: 3.9137714575180424e-10

AL interation 2212/4801.

mae: 0.15037986973040068
max_error: 0.7707101061956649
variance: 0.014968544262392003
pearson: 0.034288869706453236
p-valu: 2.849673356975105e-26

AL interation 2213/4801.

mae: 0.15027422814554534
max_error: 0.776354990824558
variance: 0.01496250978048574
pearson: 0.022318089214970506
p-valu: 5.167928599371659e-12

AL interation 2214/4801.

mae: 0.1502380139850833
max_error: 0.7778858512516678
variance: 0.014963154012556667
pearson: 0.015783387108076252
p-valu: 1.060924832760832e-06

AL interation 2215/4801.

mae: 0.15022233655725784
max_error: 0.7777866434979188
variance: 0.014960626269923458
pearson: 0.022933490719370318
p-valu: 1.3300521173343302e-12

AL interation 2216/4801.

mae: 0.1502069238611718
max_error: 0.776538403576339
variance: 0.01496116360594786
pearson: 0.013661499956061583
p-valu: 2.4019416101431334e-05

AL interation 2217/4801.

mae: 0.15021011310242174
max_error: 0.7766541603660926
variance: 0.01496063396721568
pearson: 0.01997874559876666
p-valu: 6.52216814790957e-10

AL interation 2218/4801.

mae: 0.15016161042683768
max_error: 0.7761834357719692
variance: 0.01496646963923689
pearson: 0.021548030220154685
p-valu: 2.6911968706603412e-11

AL interation 2219/4801.

mae: 0.15035672307885575
max_error: 0.7765083917509656
variance: 0.014989739129092308
pearson: 0.026645580640524847
p-valu: 1.7343858524753962e-16

AL interation 2220/4801.

mae: 0.15039735592061046
max_error: 0.7770283829199798
variance: 0.014998168218943272
pearson: 0.017832823864456008
p-valu: 3.5163742599412176e-08

AL interation 2221/4801.

mae: 0.15038237214772882
max_error: 0.7752126238541166
variance: 0.0150319047288843
pearson: 0.016903424961745846
p-valu: 1.7308242238992117e-07

AL interation 2222/4801.

mae: 0.15035883341120052
max_error: 0.7757137800316372
variance: 0.015015124473733168
pearson: 0.031193838165044795
p-valu: 5.110463317816613e-22

AL interation 2223/4801.

mae: 0.15035865383486072
max_error: 0.77548353680762
variance: 0.015024952105464956
pearson: 0.013746612647235177
p-valu: 2.1378638118780968e-05

AL interation 2224/4801.

mae: 0.15038038304401558
max_error: 0.7755195094651981
variance: 0.01502563117452332
pearson: 0.018209578415079693
p-valu: 1.8026044191875038e-08

AL interation 2225/4801.

mae: 0.1503814324037689
max_error: 0.7755633250097773
variance: 0.015025411293607658
pearson: 0.028057314834581168
p-valu: 4.114799269336429e-18

AL interation 2226/4801.

mae: 0.15036878446420401
max_error: 0.775171332867032
variance: 0.015025161484615782
pearson: 0.022397631524803313
p-valu: 4.359265735044454e-12

AL interation 2227/4801.

mae: 0.1502706404497363
max_error: 0.7729311451142848
variance: 0.014980755241169853
pearson: 0.019261441232951607
p-valu: 2.5987062960279875e-09

AL interation 2228/4801.

mae: 0.15018308817357223
max_error: 0.7742479241849907
variance: 0.01496229482331551
pearson: 0.02334863627960126
p-valu: 5.234989165616962e-13

AL interation 2229/4801.

mae: 0.15019499735753294
max_error: 0.7739735689166878
variance: 0.014964810642111057
pearson: 0.014584979983748957
p-valu: 6.511451808781112e-06

AL interation 2230/4801.

mae: 0.15015795305361798
max_error: 0.7752008297575657
variance: 0.014973952168254609
pearson: 0.015609001223003289
p-valu: 1.3954067274148399e-06

AL interation 2231/4801.

mae: 0.1501732167826745
max_error: 0.7747161746529159
variance: 0.01497644221226583
pearson: 0.02876826518930015
p-valu: 5.830681864799154e-19

AL interation 2232/4801.

mae: 0.15015735654105838
max_error: 0.7761011068448909
variance: 0.014956196226076447
pearson: 0.013241914913973944
p-valu: 4.2446778229539005e-05

AL interation 2233/4801.

mae: 0.15014412140179634
max_error: 0.7760556985912004
variance: 0.01494752734169052
pearson: 0.015782088265994094
p-valu: 1.0657047504620788e-06

AL interation 2234/4801.

mae: 0.15014155185022313
max_error: 0.7763835446729885
variance: 0.014944870868970431
pearson: 0.018614288033010462
p-valu: 8.674549270472329e-09

AL interation 2235/4801.

mae: 0.15014452314307983
max_error: 0.776705686105835
variance: 0.014944569424311454
pearson: 0.029413633621671664
p-valu: 9.488415650750542e-20

AL interation 2236/4801.

mae: 0.15014141450780175
max_error: 0.7767959910497737
variance: 0.014944273757885002
pearson: 0.02436798878951695
p-valu: 4.920888920206843e-14

AL interation 2237/4801.

mae: 0.15016595235252067
max_error: 0.7774542415102275
variance: 0.0149454787538346
pearson: 0.026773576200585153
p-valu: 1.2530090626551876e-16

AL interation 2238/4801.

mae: 0.15023467845341104
max_error: 0.779208245483602
variance: 0.014961957013858428
pearson: 0.009884431959308743
p-valu: 0.0022459615570231215

AL interation 2239/4801.

mae: 0.15018707898418734
max_error: 0.774610855727083
variance: 0.014962205296738999
pearson: 0.010587982644560966
p-valu: 0.001063726206581099

AL interation 2240/4801.

mae: 0.1501891170775042
max_error: 0.7747186521305665
variance: 0.014963924017008502
pearson: 0.025260642595261742
p-valu: 5.722839647433267e-15

AL interation 2241/4801.

mae: 0.1500149899673802
max_error: 0.779489646388754
variance: 0.014943575229916631
pearson: 0.02463102375584792
p-valu: 2.6338523969310258e-14

AL interation 2242/4801.

mae: 0.1498980749465402
max_error: 0.7805548399149984
variance: 0.014918541549457182
pearson: 0.016413343647728677
p-valu: 3.894505925713125e-07

AL interation 2243/4801.

mae: 0.1500067067701053
max_error: 0.7866418386337273
variance: 0.014900966062037387
pearson: 0.019298098052874177
p-valu: 2.4319608502732477e-09

AL interation 2244/4801.

mae: 0.15003724661864046
max_error: 0.7874128230518096
variance: 0.014907041026756293
pearson: 0.019025374820635328
p-valu: 4.063079758792867e-09

AL interation 2245/4801.

mae: 0.14992297680258337
max_error: 0.7827335766850325
variance: 0.014909695300769946
pearson: 0.031631882864434725
p-valu: 1.3672604976917588e-22

AL interation 2246/4801.

mae: 0.14996513970833197
max_error: 0.7861253765847636
variance: 0.014901448814843045
pearson: 0.0420405896411061
p-valu: 1.2062013447881745e-38

AL interation 2247/4801.

mae: 0.14996485711375346
max_error: 0.7859561130358657
variance: 0.014900664781199282
pearson: 0.0265014585738026
p-valu: 2.5401305119352234e-16

AL interation 2248/4801.

mae: 0.14995834920751985
max_error: 0.7855525262605454
variance: 0.01490224042751228
pearson: 0.027464073058780365
p-valu: 2.0478956572728776e-17

AL interation 2249/4801.

mae: 0.14996933332228826
max_error: 0.7851340729854925
variance: 0.014903667313427273
pearson: 0.018297313770504267
p-valu: 1.5463358630370975e-08

AL interation 2250/4801.

mae: 0.14995981092591432
max_error: 0.7853176014851897
variance: 0.014909203768575484
pearson: 0.024377755250814884
p-valu: 4.8286781136729816e-14

AL interation 2251/4801.

mae: 0.1499718682528233
max_error: 0.784921122652861
variance: 0.014894923069567419
pearson: 0.019087185273887957
p-valu: 3.6240079905853814e-09

AL interation 2252/4801.

mae: 0.14991034951309806
max_error: 0.7851990683904546
variance: 0.014923021901088315
pearson: 0.02167430095865745
p-valu: 2.0783874788442745e-11

AL interation 2253/4801.

mae: 0.14991428557572437
max_error: 0.7850616314192607
variance: 0.0149239925964481
pearson: 0.01564352037465896
p-valu: 1.326440232768976e-06

AL interation 2254/4801.

mae: 0.1499140574162877
max_error: 0.7850636462379299
variance: 0.014923954380885961
pearson: 0.015003184515777285
p-valu: 3.5220186908619942e-06

AL interation 2255/4801.

mae: 0.1499182307666495
max_error: 0.7852161474912549
variance: 0.01492384775399867
pearson: 0.02199559602287724
p-valu: 1.0487344181204233e-11

AL interation 2256/4801.

mae: 0.1499083777852412
max_error: 0.7832614065439216
variance: 0.014933570701879253
pearson: 0.021676157342556387
p-valu: 2.072226897733522e-11

AL interation 2257/4801.

mae: 0.1499074513168019
max_error: 0.7832522034768985
variance: 0.014933718077498074
pearson: 0.01833029324627011
p-valu: 1.4591297307616545e-08

AL interation 2258/4801.

mae: 0.14991936503750436
max_error: 0.7827390511314363
variance: 0.014932938174420337
pearson: 0.02326682356368165
p-valu: 6.355772227256838e-13

AL interation 2259/4801.

mae: 0.14990162306436536
max_error: 0.7815773228956573
variance: 0.01494333200389989
pearson: 0.013159102779259963
p-valu: 4.7507362742500904e-05

AL interation 2260/4801.

mae: 0.1499629722216522
max_error: 0.7818537494259346
variance: 0.014968022808760788
pearson: 0.011305859278510307
p-valu: 0.00047467370962134183

AL interation 2261/4801.

mae: 0.14999403666839026
max_error: 0.7825968198917224
variance: 0.014986921695199037
pearson: 0.027333506571416918
p-valu: 2.910869874170781e-17

AL interation 2262/4801.

mae: 0.14987626313127275
max_error: 0.7825997570028278
variance: 0.014946490263968543
pearson: 0.029097415447050055
p-valu: 2.350061947325289e-19

AL interation 2263/4801.

mae: 0.14992345377488772
max_error: 0.7829328949866579
variance: 0.014953590677968401
pearson: 0.022757525632131133
p-valu: 1.9932353225022973e-12

AL interation 2264/4801.

mae: 0.1499259477761425
max_error: 0.7829410428271331
variance: 0.014953534054610279
pearson: 0.01825904345805787
p-valu: 1.660805361085574e-08

AL interation 2265/4801.

mae: 0.14992585848358836
max_error: 0.7829351175310677
variance: 0.014953572054369613
pearson: 0.03239938711479831
p-valu: 1.2867778235824236e-23

AL interation 2266/4801.

mae: 0.14991034367759296
max_error: 0.7822939983199433
variance: 0.014952346797407359
pearson: 0.02677507997175936
p-valu: 1.261358690234842e-16

AL interation 2267/4801.

mae: 0.1499176382000099
max_error: 0.7822235943545479
variance: 0.014952139114179329
pearson: 0.03209198242000016
p-valu: 3.355116355478003e-23

AL interation 2268/4801.

mae: 0.14992859674478137
max_error: 0.782277188709898
variance: 0.014951974128912245
pearson: 0.022539695368062274
p-valu: 3.228068249031507e-12

AL interation 2269/4801.

mae: 0.14992809223493972
max_error: 0.7820570404962268
variance: 0.014952503087026215
pearson: 0.03599083085588496
p-valu: 9.214594126441452e-29

AL interation 2270/4801.

mae: 0.14991078453188847
max_error: 0.782075387629277
variance: 0.014944864169322928
pearson: 0.02376652832387093
p-valu: 2.0318612199749147e-13

AL interation 2271/4801.

mae: 0.14990672654334544
max_error: 0.7820839699635371
variance: 0.014948646991054132
pearson: 0.023015117502247353
p-valu: 1.1247585792526318e-12

AL interation 2272/4801.

mae: 0.1498486643824373
max_error: 0.7821369742324578
variance: 0.014954133082397398
pearson: 0.01730347034950254
p-valu: 8.872609758028634e-08

AL interation 2273/4801.

mae: 0.14980912255377865
max_error: 0.7799439825770378
variance: 0.014953450187756252
pearson: 0.025327483244307072
p-valu: 4.9086423440024755e-15

AL interation 2274/4801.

mae: 0.1496971751197437
max_error: 0.7793028053776965
variance: 0.01491392519374684
pearson: 0.0229531759855436
p-valu: 1.2931001391946068e-12

AL interation 2275/4801.

mae: 0.14966984643338777
max_error: 0.7792407897932208
variance: 0.014925958965594373
pearson: 0.00965102833837112
p-valu: 0.0028554504558470635

AL interation 2276/4801.

mae: 0.14973251913978458
max_error: 0.7799958288438518
variance: 0.01494462272628689
pearson: 0.025918981973626506
p-valu: 1.1284897032336205e-15

AL interation 2277/4801.

mae: 0.14972109513480697
max_error: 0.7796737436537171
variance: 0.014946513432164835
pearson: 0.02502269399196479
p-valu: 1.0354738299163623e-14

AL interation 2278/4801.

mae: 0.14968035169144048
max_error: 0.7777315393226871
variance: 0.014947082038577374
pearson: 0.032480903476107846
p-valu: 1.0037171060852068e-23

AL interation 2279/4801.

mae: 0.14959400541160664
max_error: 0.7754868511256774
variance: 0.014940384803721863
pearson: 0.0226921204194404
p-valu: 2.313591767527904e-12

AL interation 2280/4801.

mae: 0.14959436018426653
max_error: 0.7756562834172058
variance: 0.014939855648675065
pearson: 0.010189976525651063
p-valu: 0.0016361377201471181

AL interation 2281/4801.

mae: 0.1496708983958341
max_error: 0.773202331926143
variance: 0.014925017374385136
pearson: 0.02447114659887657
p-valu: 3.904916378696354e-14

AL interation 2282/4801.

mae: 0.14967123836992252
max_error: 0.7732302160933813
variance: 0.014925058100645353
pearson: 0.006035198597209853
p-valu: 0.062149138913513056

AL interation 2283/4801.

mae: 0.14967740074517724
max_error: 0.7737486287675495
variance: 0.01492258200207522
pearson: 0.029014824580912875
p-valu: 2.991055788768784e-19

AL interation 2284/4801.

mae: 0.14968341912906155
max_error: 0.7741302130671386
variance: 0.014916943338916785
pearson: 0.02015971446314257
p-valu: 4.6333389069133476e-10

AL interation 2285/4801.

mae: 0.14969205381902845
max_error: 0.7732579857963486
variance: 0.014916242759436255
pearson: 0.018147502361722568
p-valu: 2.0354018328565027e-08

AL interation 2286/4801.

mae: 0.14969183774508912
max_error: 0.7732464684126796
variance: 0.014916090691177069
pearson: 0.012677305451657666
p-valu: 8.926063061322177e-05

AL interation 2287/4801.

mae: 0.1496877894682961
max_error: 0.7730922646765208
variance: 0.014920972065569095
pearson: 0.017019595397150547
p-valu: 1.4386100340856407e-07

AL interation 2288/4801.

mae: 0.14960706774712504
max_error: 0.7714077048611614
variance: 0.014894008521640587
pearson: 0.021783582966258885
p-valu: 1.662795111852291e-11

AL interation 2289/4801.

mae: 0.14951066532051782
max_error: 0.7713475543857129
variance: 0.01485176857625623
pearson: 0.03269754779737217
p-valu: 5.106929709492915e-24

AL interation 2290/4801.

mae: 0.1493814599445002
max_error: 0.7704648594275199
variance: 0.01485003759287684
pearson: 0.014379360974093713
p-valu: 8.82733461659689e-06

AL interation 2291/4801.

mae: 0.1493831326954914
max_error: 0.7705252288712785
variance: 0.014849764114688472
pearson: 0.022862567940165158
p-valu: 1.5900428460470915e-12

AL interation 2292/4801.

mae: 0.14938964724071974
max_error: 0.7674063200711032
variance: 0.01480597256718747
pearson: 0.020075489517684786
p-valu: 5.478485256863379e-10

AL interation 2293/4801.

mae: 0.14938236455286227
max_error: 0.7673829868936792
variance: 0.01480346164026171
pearson: 0.02270953392829779
p-valu: 2.2343846174309867e-12

AL interation 2294/4801.

mae: 0.14939651756836994
max_error: 0.7666882675741249
variance: 0.014802970205671975
pearson: 0.010357288623090091
p-valu: 0.0013701566655065238

AL interation 2295/4801.

mae: 0.14933862331830614
max_error: 0.7666680177681542
variance: 0.014795584854635335
pearson: 0.02776004204809386
p-valu: 9.448451004902602e-18

AL interation 2296/4801.

mae: 0.14933004814228418
max_error: 0.7670843504646996
variance: 0.01484290347172431
pearson: 0.022354049379974022
p-valu: 4.880613994554047e-12

AL interation 2297/4801.

mae: 0.14934632100131637
max_error: 0.7670178767921527
variance: 0.01484536545281492
pearson: 0.035735276271819265
p-valu: 2.270271299606636e-28

AL interation 2298/4801.

mae: 0.14931827818865853
max_error: 0.7678446639523884
variance: 0.01485090608205518
pearson: 0.020872335767720206
p-valu: 1.1120310072089168e-10

AL interation 2299/4801.

mae: 0.1493132343018428
max_error: 0.767936959885418
variance: 0.01485270694906508
pearson: 0.02011448447353022
p-valu: 5.08126383010844e-10

AL interation 2300/4801.

mae: 0.14938184555443346
max_error: 0.7674617806416535
variance: 0.014858106889276334
pearson: 0.025407056854090254
p-valu: 4.070891280803381e-15

AL interation 2301/4801.

mae: 0.1493832143490094
max_error: 0.7673990697215345
variance: 0.014855081744973278
pearson: 0.02395354763470305
p-valu: 1.3283206375455418e-13

AL interation 2302/4801.

mae: 0.1493470098296216
max_error: 0.7672891370799135
variance: 0.014849394494072302
pearson: 0.020944364067440865
p-valu: 9.606968376522555e-11

AL interation 2303/4801.

mae: 0.14934252821240407
max_error: 0.768049723149403
variance: 0.014848530640845887
pearson: 0.028549104350868465
p-valu: 1.1034820748775056e-18

AL interation 2304/4801.

mae: 0.1493307293604416
max_error: 0.7663309835561876
variance: 0.014850393276074783
pearson: 0.01880694665657104
p-valu: 6.164204465476808e-09

AL interation 2305/4801.

mae: 0.1492747435225261
max_error: 0.7682838093253253
variance: 0.014849497244397727
pearson: 0.008898966163666554
p-valu: 0.005959515907119728

AL interation 2306/4801.

mae: 0.14932539236878398
max_error: 0.7678125279495163
variance: 0.014845996123381432
pearson: 0.022220600841935015
p-valu: 6.538667236090374e-12

AL interation 2307/4801.

mae: 0.14935024988455695
max_error: 0.7675609974162398
variance: 0.014847437043667417
pearson: 0.01767140481713164
p-valu: 4.730278279752446e-08

AL interation 2308/4801.

mae: 0.1493120715282124
max_error: 0.767240964866204
variance: 0.014852906071094529
pearson: 0.011714400565307872
p-valu: 0.0002945630681218821

AL interation 2309/4801.

mae: 0.14936859706360714
max_error: 0.7685251279000056
variance: 0.01485377234002122
pearson: 0.031174240427878114
p-valu: 5.658245458705069e-22

AL interation 2310/4801.

mae: 0.1494626743567025
max_error: 0.7675089226224401
variance: 0.014855416361997635
pearson: 0.021310006634517424
p-valu: 4.5255231421515214e-11

AL interation 2311/4801.

mae: 0.14942528881961942
max_error: 0.7697014486033851
variance: 0.014839229096510276
pearson: 0.0215955565071104
p-valu: 2.4892804017408123e-11

AL interation 2312/4801.

mae: 0.14940224056857507
max_error: 0.7697946858067723
variance: 0.0148386822956561
pearson: 0.023651502612739368
p-valu: 2.6812046463843615e-13

AL interation 2313/4801.

mae: 0.14940256008727026
max_error: 0.769707717410995
variance: 0.01483936512235927
pearson: 0.029895720922820314
p-valu: 2.464691538860406e-20

AL interation 2314/4801.

mae: 0.14936023864967218
max_error: 0.7700251658328909
variance: 0.01483781900086183
pearson: 0.02274144340156764
p-valu: 2.0935458408262315e-12

AL interation 2315/4801.

mae: 0.1493770115686802
max_error: 0.7700111939801815
variance: 0.014841843717007822
pearson: 0.009400472421632056
p-valu: 0.003674491321380411

AL interation 2316/4801.

mae: 0.1493617215375721
max_error: 0.7699070885969519
variance: 0.014847885419794461
pearson: 0.038680781300586636
p-valu: 5.977477107511779e-33

AL interation 2317/4801.

mae: 0.1494093240085687
max_error: 0.7682887812603667
variance: 0.014857693818122839
pearson: 0.02076633822189374
p-valu: 1.3855431703256254e-10

AL interation 2318/4801.

mae: 0.1493719635042981
max_error: 0.7665466063626525
variance: 0.014851958189112306
pearson: 0.024243655257334937
p-valu: 6.766064463668176e-14

AL interation 2319/4801.

mae: 0.1493603610663556
max_error: 0.7669058694528417
variance: 0.014850082739479643
pearson: 0.022871791451499
p-valu: 1.5693864082434213e-12

AL interation 2320/4801.

mae: 0.14915981961595706
max_error: 0.7703600430996858
variance: 0.014866227709286601
pearson: 0.02337150578710316
p-valu: 5.098434733932749e-13

AL interation 2321/4801.

mae: 0.14914115341044168
max_error: 0.7703775883026083
variance: 0.0148634192007377
pearson: 0.02025333576775276
p-valu: 3.880127397244361e-10

AL interation 2322/4801.

mae: 0.1491155071245903
max_error: 0.7716422080376191
variance: 0.014868668002491385
pearson: 0.022489470415216078
p-valu: 3.654801673035193e-12

AL interation 2323/4801.

mae: 0.14911874593547186
max_error: 0.7714118532903029
variance: 0.014867239426186162
pearson: 0.02937220965687879
p-valu: 1.109318060994864e-19

AL interation 2324/4801.

mae: 0.14921831020030138
max_error: 0.7705464289018522
variance: 0.01488361253941743
pearson: 0.025639245427679865
p-valu: 2.3088313632982892e-15

AL interation 2325/4801.

mae: 0.1492728220316757
max_error: 0.7701348081365182
variance: 0.014892640705371846
pearson: 0.016877183225079573
p-valu: 1.836300203756549e-07

AL interation 2326/4801.

mae: 0.149280398057718
max_error: 0.7698708355909787
variance: 0.014895588781907835
pearson: 0.023065500935660888
p-valu: 1.0196108408272088e-12

AL interation 2327/4801.

mae: 0.1491312681435118
max_error: 0.7707876573153101
variance: 0.014898636882090038
pearson: 0.025941600022724956
p-valu: 1.0848028621821252e-15

AL interation 2328/4801.

mae: 0.14911321435074526
max_error: 0.7714570593762176
variance: 0.014891257931370467
pearson: 0.02370715366883813
p-valu: 2.369490318171452e-13

AL interation 2329/4801.

mae: 0.1490336068288226
max_error: 0.7777212662915929
variance: 0.014879078751393325
pearson: 0.02975291772843549
p-valu: 3.746973926187825e-20

AL interation 2330/4801.

mae: 0.14901020414223126
max_error: 0.7787874234786045
variance: 0.014866284203179755
pearson: 0.01893759121499277
p-valu: 4.8620308683209255e-09

AL interation 2331/4801.

mae: 0.14901014708216748
max_error: 0.778850926412872
variance: 0.014866023654869753
pearson: 0.028871071669767396
p-valu: 4.56523904495716e-19

AL interation 2332/4801.

mae: 0.1490099927793624
max_error: 0.7787649820575666
variance: 0.014866477081330435
pearson: 0.012590504230285756
p-valu: 0.00010011863638433576

AL interation 2333/4801.

mae: 0.14899572285705254
max_error: 0.7794957741539008
variance: 0.014865148932475642
pearson: 0.027406924579542895
p-valu: 2.4623981131718074e-17

AL interation 2334/4801.

mae: 0.14903262353802774
max_error: 0.7785623000203543
variance: 0.014856011784228258
pearson: 0.011815958184987815
p-valu: 0.0002612986527769575

AL interation 2335/4801.

mae: 0.14903155610330332
max_error: 0.7784975546763775
variance: 0.014854992817026274
pearson: 0.025501164577776174
p-valu: 3.2639256336614614e-15

AL interation 2336/4801.

mae: 0.1490228237508402
max_error: 0.7796113561418849
variance: 0.01486650548202102
pearson: 0.0330231413048695
p-valu: 1.865986679211768e-24

AL interation 2337/4801.

mae: 0.14902189845228528
max_error: 0.7793542380251779
variance: 0.014865152042760173
pearson: 0.02064712968226099
p-valu: 1.7713635609726314e-10

AL interation 2338/4801.

mae: 0.1490208098254035
max_error: 0.7794507071495786
variance: 0.014864083305528034
pearson: 0.02135866548534703
p-valu: 4.116091586416839e-11

AL interation 2339/4801.

mae: 0.14901984960289638
max_error: 0.7794709042612737
variance: 0.014864201393630736
pearson: 0.02698033440630715
p-valu: 7.590421618338436e-17

AL interation 2340/4801.

mae: 0.14895945450601603
max_error: 0.7801152425874847
variance: 0.014845493968235507
pearson: 0.030925813961289423
p-valu: 1.2100169269744289e-21

AL interation 2341/4801.

mae: 0.14895253935921166
max_error: 0.7803919408042646
variance: 0.014842747823143185
pearson: 0.019551752156207827
p-valu: 1.528834191161512e-09

AL interation 2342/4801.

mae: 0.1489525344930777
max_error: 0.7803923096161043
variance: 0.01484272921578442
pearson: 0.022488772021297634
p-valu: 3.679333331355971e-12

AL interation 2343/4801.

mae: 0.14895372787633612
max_error: 0.7803323023424156
variance: 0.014842400509034525
pearson: 0.02819029373091493
p-valu: 3.0034854160351505e-18

AL interation 2344/4801.

mae: 0.14894747367911362
max_error: 0.7803185522470812
variance: 0.014839880856275137
pearson: 0.01841334146847356
p-valu: 1.274974298816415e-08

AL interation 2345/4801.

mae: 0.14896720480986808
max_error: 0.7831589063233224
variance: 0.014833551074614941
pearson: 0.018511632095260293
p-valu: 1.0669306901679676e-08

AL interation 2346/4801.

mae: 0.14895956344667816
max_error: 0.7829891548678773
variance: 0.01483609879357442
pearson: 0.004894371370507108
p-valu: 0.13049922748188347

AL interation 2347/4801.

mae: 0.1489555505447586
max_error: 0.7831701572736449
variance: 0.01483541652285255
pearson: 0.015386768084775739
p-valu: 1.9939817295447993e-06

AL interation 2348/4801.

mae: 0.14895476145911463
max_error: 0.7832121868983393
variance: 0.01483375324190434
pearson: 0.038409341679639726
p-valu: 1.6763666370506664e-32

AL interation 2349/4801.

mae: 0.14893231110796304
max_error: 0.781698224368057
variance: 0.014843891378880264
pearson: 0.013802296202585988
p-valu: 2.0045200599805747e-05

AL interation 2350/4801.

mae: 0.14893080623980967
max_error: 0.7817752944226584
variance: 0.014843929043013364
pearson: 0.007783959365631753
p-valu: 0.01617875586435235

AL interation 2351/4801.

mae: 0.1489043621165527
max_error: 0.7841358245374863
variance: 0.014841092710493504
pearson: 0.024094754364781625
p-valu: 9.693367625479858e-14

AL interation 2352/4801.

mae: 0.1489941111083788
max_error: 0.7827996275999851
variance: 0.014908018571244408
pearson: 0.03248383721399623
p-valu: 1.0345355800287434e-23

AL interation 2353/4801.

mae: 0.14897444434376764
max_error: 0.783905262684641
variance: 0.014924479296071986
pearson: 0.02329174405785308
p-valu: 6.166496269964395e-13

AL interation 2354/4801.

mae: 0.14893360314841328
max_error: 0.7830701450505728
variance: 0.014904790686517417
pearson: 0.022925521645851762
p-valu: 1.4053219136027669e-12

AL interation 2355/4801.

mae: 0.14882015347035407
max_error: 0.7836630604008974
variance: 0.014898410797500187
pearson: 0.02382855073721541
p-valu: 1.8038539073093015e-13

AL interation 2356/4801.

mae: 0.1488692501748862
max_error: 0.7835226554979471
variance: 0.01489195149472899
pearson: 0.006629827487211673
p-valu: 0.04053889754224923

AL interation 2357/4801.

mae: 0.1488689947416661
max_error: 0.783520184211639
variance: 0.014891138422730783
pearson: 0.023187578087067826
p-valu: 7.812509073171992e-13

AL interation 2358/4801.

mae: 0.1488265559317864
max_error: 0.7862191101789762
variance: 0.014876277209232854
pearson: 0.012963957316188511
p-valu: 6.197539985669761e-05

AL interation 2359/4801.

mae: 0.14882765472675863
max_error: 0.7862567815349024
variance: 0.014875976768717342
pearson: 0.019653027184730235
p-valu: 1.2631112616095134e-09

AL interation 2360/4801.

mae: 0.1488265010569213
max_error: 0.7864354885685998
variance: 0.014877844463778635
pearson: 0.01877756507509736
p-valu: 6.5741084827522615e-09

AL interation 2361/4801.

mae: 0.1488146631232378
max_error: 0.7869977205613878
variance: 0.014863155174919325
pearson: 0.0341475300432292
p-valu: 4.961883946686643e-26

AL interation 2362/4801.

mae: 0.14881327070534286
max_error: 0.7870112812906314
variance: 0.014862811010805686
pearson: 0.015354658751914465
p-valu: 2.0980959527925895e-06

AL interation 2363/4801.

mae: 0.1488133508111789
max_error: 0.7870115255675216
variance: 0.014862810503138889
pearson: 0.03708576082634977
p-valu: 2.07944606905626e-30

AL interation 2364/4801.

mae: 0.1488400056302284
max_error: 0.7870248526013768
variance: 0.014865183202433723
pearson: 0.04883678797496473
p-valu: 1.7252788167547783e-51

AL interation 2365/4801.

mae: 0.14883823552320982
max_error: 0.7870183637162995
variance: 0.014865445088333958
pearson: 0.025507512542534007
p-valu: 3.24507592357265e-15

AL interation 2366/4801.

mae: 0.14879724428248925
max_error: 0.7864743762049358
variance: 0.014858832548983313
pearson: 0.02825613693945549
p-valu: 2.5326721720842258e-18

AL interation 2367/4801.

mae: 0.14880031663728238
max_error: 0.7864607664323842
variance: 0.014859490165454068
pearson: 0.024121043819527718
p-valu: 9.15771481665296e-14

AL interation 2368/4801.

mae: 0.14882114770528046
max_error: 0.7879552698373828
variance: 0.014862427387590086
pearson: 0.02019880359567772
p-valu: 4.364995777616585e-10

AL interation 2369/4801.

mae: 0.14881967055376952
max_error: 0.7869584481174456
variance: 0.014847045628912599
pearson: 0.019435895187648548
p-valu: 1.9179541456208724e-09

AL interation 2370/4801.

mae: 0.1488339332197163
max_error: 0.7875106935839824
variance: 0.014848324575971164
pearson: 0.016211938775112376
p-valu: 5.488023464239387e-07

AL interation 2371/4801.

mae: 0.14878213796629716
max_error: 0.7877039929343823
variance: 0.01484657413251957
pearson: 0.02467207102560562
p-valu: 2.4851222777150193e-14

AL interation 2372/4801.

mae: 0.1487780930107898
max_error: 0.7874573913327794
variance: 0.014845568203236452
pearson: 0.01787223600776378
p-valu: 3.363922746174215e-08

AL interation 2373/4801.

mae: 0.14880933264908403
max_error: 0.7886538899515187
variance: 0.014863550172266852
pearson: 0.040947629989922046
p-valu: 1.0580682759349825e-36

AL interation 2374/4801.

mae: 0.14881053702282487
max_error: 0.7870772188411763
variance: 0.014853804740862975
pearson: 0.024827079991363882
p-valu: 1.7140786341264936e-14

AL interation 2375/4801.

mae: 0.14882836420118817
max_error: 0.7869980693519949
variance: 0.014862185204834647
pearson: 0.015025448871375533
p-valu: 3.4554901986750137e-06

AL interation 2376/4801.

mae: 0.14883237343406275
max_error: 0.7871594190459064
variance: 0.01485501837862902
pearson: 0.016644585579178577
p-valu: 2.719299428595719e-07

AL interation 2377/4801.

mae: 0.14883463875182168
max_error: 0.7871590623078504
variance: 0.014854989931286726
pearson: 0.03355686204141587
p-valu: 3.4415816169821906e-25

AL interation 2378/4801.

mae: 0.14882061271089433
max_error: 0.7872359235638839
variance: 0.014853324455844651
pearson: 0.018032919225352887
p-valu: 2.5352840430962996e-08

AL interation 2379/4801.

mae: 0.14881491006889366
max_error: 0.786367935895754
variance: 0.014873370450275009
pearson: 0.03233924973278728
p-valu: 1.649303152556754e-23

AL interation 2380/4801.

mae: 0.14881039743870628
max_error: 0.7866462693105092
variance: 0.01486493678820526
pearson: 0.018263017930346296
p-valu: 1.682168259230956e-08

AL interation 2381/4801.

mae: 0.14875323911459576
max_error: 0.7853238439209207
variance: 0.014825937751433382
pearson: 0.018098581824777932
p-valu: 2.2572601768333162e-08

AL interation 2382/4801.

mae: 0.1487414684071806
max_error: 0.7883878934898263
variance: 0.01483618669837554
pearson: 0.020969316848456102
p-valu: 9.294126973324375e-11

AL interation 2383/4801.

mae: 0.14870576409590425
max_error: 0.7883381883560645
variance: 0.014828135296240066
pearson: 0.02978706552300848
p-valu: 3.479653458624687e-20

AL interation 2384/4801.

mae: 0.14871282129544933
max_error: 0.7877964986282961
variance: 0.014828899483744435
pearson: 0.016850862129303593
p-valu: 1.9353213808162164e-07

AL interation 2385/4801.

mae: 0.14875261320462407
max_error: 0.7861034169509367
variance: 0.014845716647616154
pearson: 0.035621282471279735
p-valu: 3.5547008447639375e-28

AL interation 2386/4801.

mae: 0.14874114235091324
max_error: 0.7862410282040457
variance: 0.01484227785226134
pearson: 0.03132597998019783
p-valu: 3.718468165370572e-22

AL interation 2387/4801.

mae: 0.14874557584650244
max_error: 0.7863164559959159
variance: 0.01484295086372186
pearson: 0.027814340442211077
p-valu: 8.463907560389885e-18

AL interation 2388/4801.

mae: 0.14864399235105097
max_error: 0.7867547754131579
variance: 0.014845051167522218
pearson: 0.021756318718995256
p-valu: 1.8050596125786063e-11

AL interation 2389/4801.

mae: 0.14868463597128093
max_error: 0.7870792869432535
variance: 0.014850466843832646
pearson: 0.022979773813567562
p-valu: 1.2567091483727018e-12

AL interation 2390/4801.

mae: 0.14868313455727905
max_error: 0.7871194958613899
variance: 0.014851030473219716
pearson: 0.02071878202444836
p-valu: 1.5504555631435346e-10

AL interation 2391/4801.

mae: 0.1486797939966877
max_error: 0.786719648867404
variance: 0.014853436514505608
pearson: 0.025608787404022473
p-valu: 2.5466395634455484e-15

AL interation 2392/4801.

mae: 0.14864366739930865
max_error: 0.7863168907493616
variance: 0.01484988325783087
pearson: 0.02572943301535427
p-valu: 1.8868187985757384e-15

AL interation 2393/4801.

mae: 0.14861034128357828
max_error: 0.7854232328468242
variance: 0.014853881547024645
pearson: 0.030518611225215934
p-valu: 4.153281364135207e-21

AL interation 2394/4801.

mae: 0.14847099819327275
max_error: 0.7858343741932003
variance: 0.014832563356063175
pearson: 0.03105234854449825
p-valu: 8.506889570395728e-22

AL interation 2395/4801.

mae: 0.14838415073933392
max_error: 0.7850545251396852
variance: 0.014850215144119867
pearson: 0.027874739125558837
p-valu: 7.215725395544864e-18

AL interation 2396/4801.

mae: 0.14838322944181226
max_error: 0.7850661112888702
variance: 0.014850489940588421
pearson: 0.03294826171098159
p-valu: 2.447227968649751e-24

AL interation 2397/4801.

mae: 0.1483917263522721
max_error: 0.7866678818482455
variance: 0.014869466365136131
pearson: 0.031193372695668093
p-valu: 5.577678502696454e-22

AL interation 2398/4801.

mae: 0.14839949381317763
max_error: 0.7874876126765571
variance: 0.01486940267652938
pearson: 0.028377457267300343
p-valu: 1.840502456631355e-18

AL interation 2399/4801.

mae: 0.14840678177007655
max_error: 0.7876145680423008
variance: 0.014869208772474508
pearson: 0.027880586260811795
p-valu: 7.114043420537196e-18

AL interation 2400/4801.

mae: 0.14840508203676436
max_error: 0.7876530190897597
variance: 0.014869637582463664
pearson: 0.020575572587404608
p-valu: 2.0742014201892104e-10

AL interation 2401/4801.

mae: 0.1484031625692188
max_error: 0.7881387450272257
variance: 0.014868944837043293
pearson: 0.014646746112308168
p-valu: 6.065760731243661e-06

AL interation 2402/4801.

mae: 0.1484297382998473
max_error: 0.7888730835314277
variance: 0.014869052319237963
pearson: 0.011215770211886316
p-valu: 0.0005317518448868458

AL interation 2403/4801.

mae: 0.14843696473963877
max_error: 0.7869066643806946
variance: 0.014869646679680661
pearson: 0.029489483524115245
p-valu: 8.230378964177022e-20

AL interation 2404/4801.

mae: 0.1484085984837883
max_error: 0.7862930702766278
variance: 0.01486166955076424
pearson: 0.025160627730453397
p-valu: 7.707298856950483e-15

AL interation 2405/4801.

mae: 0.14838638351619496
max_error: 0.7867552365207757
variance: 0.014858429379375556
pearson: 0.014877817364255473
p-valu: 4.3198448703402735e-06

AL interation 2406/4801.

mae: 0.14839829811315827
max_error: 0.7842113592453472
variance: 0.014848541711357674
pearson: 0.01698243114772123
p-valu: 1.5586797592780195e-07

AL interation 2407/4801.

mae: 0.1483960098127426
max_error: 0.7843345699955648
variance: 0.014846847505678861
pearson: 0.02289832444078975
p-valu: 1.5144956771016006e-12

AL interation 2408/4801.

mae: 0.14832509555708998
max_error: 0.7937089217745097
variance: 0.014867850999870858
pearson: 0.019012878899753886
p-valu: 4.287677286506823e-09

AL interation 2409/4801.

mae: 0.14833118288513963
max_error: 0.7935298002467164
variance: 0.014865292940316343
pearson: 0.029258224132073005
p-valu: 1.5906061986461582e-19

AL interation 2410/4801.

mae: 0.1482697670484697
max_error: 0.7945375465491225
variance: 0.014853061567541749
pearson: 0.027530193374259226
p-valu: 1.8273345404244592e-17

AL interation 2411/4801.

mae: 0.14822553999280935
max_error: 0.7950409568995838
variance: 0.014860166956626281
pearson: 0.02912932421201683
p-valu: 2.2899942932461774e-19

AL interation 2412/4801.

mae: 0.14821871811716414
max_error: 0.7950786816201969
variance: 0.014867660218263882
pearson: 0.0249166653586485
p-valu: 1.3974205162268732e-14

AL interation 2413/4801.

mae: 0.14822172319950916
max_error: 0.7952267642353092
variance: 0.014867844523131342
pearson: 0.02269969340755202
p-valu: 2.3566999950552773e-12

AL interation 2414/4801.

mae: 0.14817557907615195
max_error: 0.7958749392959987
variance: 0.014864106581837323
pearson: 0.026399957609249125
p-valu: 3.4963671731824216e-16

AL interation 2415/4801.

mae: 0.14815432962018876
max_error: 0.795309364274658
variance: 0.014869722383025922
pearson: 0.019813041341286884
p-valu: 9.376834167111853e-10

AL interation 2416/4801.

mae: 0.1481474236720168
max_error: 0.7952179929992269
variance: 0.014869020254549795
pearson: 0.01484193264262411
p-valu: 4.561218332898641e-06

AL interation 2417/4801.

mae: 0.1481472809821147
max_error: 0.7952135202081081
variance: 0.01486909287397328
pearson: 0.023710581287060262
p-valu: 2.4114964053752134e-13

AL interation 2418/4801.

mae: 0.14813646825232632
max_error: 0.7951833323524511
variance: 0.01486694262785277
pearson: 0.01848720099865485
p-valu: 1.1297889005041379e-08

AL interation 2419/4801.

mae: 0.1481387032554685
max_error: 0.795126029580075
variance: 0.014868313729774745
pearson: 0.02910794576615648
p-valu: 2.4403164691393636e-19

AL interation 2420/4801.

mae: 0.14806718063684496
max_error: 0.795084833371277
variance: 0.014868929026945246
pearson: 0.02158254206017347
p-valu: 2.6257162588109232e-11

AL interation 2421/4801.

mae: 0.14806452987959537
max_error: 0.7953383570500137
variance: 0.014868122283042788
pearson: 0.020235161830098734
p-valu: 4.1076217711898e-10

AL interation 2422/4801.

mae: 0.1480688144315425
max_error: 0.7952781201779828
variance: 0.014870673653412879
pearson: 0.02147410107707228
p-valu: 3.2983575707875637e-11

AL interation 2423/4801.

mae: 0.1480692529802438
max_error: 0.7944720412737354
variance: 0.01487253087209659
pearson: 0.025872237003327192
p-valu: 1.3341600241954936e-15

AL interation 2424/4801.

mae: 0.1480767685284991
max_error: 0.7944538907297556
variance: 0.014871824933598355
pearson: 0.02326507465955003
p-valu: 6.679888587298077e-13

AL interation 2425/4801.

mae: 0.14805747980891837
max_error: 0.7929452593442647
variance: 0.014863159623107232
pearson: 0.015806676674150994
p-valu: 1.051260383024044e-06

AL interation 2426/4801.

mae: 0.14804864313094232
max_error: 0.7918935922140236
variance: 0.014860964626721651
pearson: 0.025445384207221994
p-valu: 3.860199875488699e-15

AL interation 2427/4801.

mae: 0.14806640377371696
max_error: 0.7913718038809918
variance: 0.014868615630857238
pearson: 0.016741995981308405
p-valu: 2.3328770553217567e-07

AL interation 2428/4801.

mae: 0.148060148750931
max_error: 0.7917599261316752
variance: 0.014875747207341333
pearson: 0.01509949481607788
p-valu: 3.1120180805610373e-06

AL interation 2429/4801.

mae: 0.14804223012269208
max_error: 0.7919970584443945
variance: 0.014872681560917178
pearson: 0.022172958082841955
p-valu: 7.475969608202442e-12

AL interation 2430/4801.

mae: 0.14805195403721197
max_error: 0.7921154714414911
variance: 0.014887012842898412
pearson: 0.01640652753644175
p-valu: 4.042532740163488e-07

AL interation 2431/4801.

mae: 0.14805829589665198
max_error: 0.7918414488539725
variance: 0.014849265892089666
pearson: 0.022173161953554905
p-valu: 7.476430812695528e-12

AL interation 2432/4801.

mae: 0.148058618792698
max_error: 0.7918217518007111
variance: 0.014849409783387257
pearson: 0.020917858658985263
p-valu: 1.044165566748639e-10

AL interation 2433/4801.

mae: 0.14800970937449023
max_error: 0.791108673618254
variance: 0.014836309242792169
pearson: 0.026870126455191722
p-valu: 1.0472612170927346e-16

AL interation 2434/4801.

mae: 0.14799969412860628
max_error: 0.7900475695255125
variance: 0.014826804497583742
pearson: 0.01662586676826264
p-valu: 2.827663061164457e-07

AL interation 2435/4801.

mae: 0.14804113592067852
max_error: 0.7911069119553247
variance: 0.0148087658109975
pearson: 0.041755650465064575
p-valu: 4.494389516148849e-38

AL interation 2436/4801.

mae: 0.14800396205632166
max_error: 0.790940372660657
variance: 0.014805406554926287
pearson: 0.02690763751333538
p-valu: 9.509110582894144e-17

AL interation 2437/4801.

mae: 0.1480902228396419
max_error: 0.7906692423878781
variance: 0.014820444025302146
pearson: 0.029043952230406386
p-valu: 2.943454084729888e-19

AL interation 2438/4801.

mae: 0.14823193979992283
max_error: 0.7942015879240785
variance: 0.014817749691406801
pearson: 0.03470686707401468
p-valu: 8.127428946354163e-27

AL interation 2439/4801.

mae: 0.14820145521771866
max_error: 0.7938155858993241
variance: 0.014820027357914064
pearson: 0.02445471429139897
p-valu: 4.2604096953260317e-14

AL interation 2440/4801.

mae: 0.1482150998760344
max_error: 0.7939042707589863
variance: 0.014819972560693812
pearson: 0.02162489676815947
p-valu: 2.4131606394422814e-11

AL interation 2441/4801.

mae: 0.14822949725671128
max_error: 0.794246187590403
variance: 0.014822932420630068
pearson: 0.034496844787379376
p-valu: 1.6392782387598288e-26

AL interation 2442/4801.

mae: 0.148173051585253
max_error: 0.7928327508373911
variance: 0.014816013602404825
pearson: 0.03000778898369662
p-valu: 1.8896261334642333e-20

AL interation 2443/4801.

mae: 0.14820893339400618
max_error: 0.7959975724904211
variance: 0.014811711266840367
pearson: 0.015234963573868015
p-valu: 2.5416820248810445e-06

AL interation 2444/4801.

mae: 0.14824551349549547
max_error: 0.795379443342398
variance: 0.014815462889553547
pearson: 0.02548641121521878
p-valu: 3.509197433358095e-15

AL interation 2445/4801.

mae: 0.14824306621460664
max_error: 0.7954027120807723
variance: 0.014815350483779577
pearson: 0.028967844150766333
p-valu: 3.655524139241147e-19

AL interation 2446/4801.

mae: 0.14825056626366365
max_error: 0.7956746745110763
variance: 0.014804665518506219
pearson: 0.02004047321695795
p-valu: 6.057518209020555e-10

AL interation 2447/4801.

mae: 0.14827611616788622
max_error: 0.796481618666462
variance: 0.014823624900446317
pearson: 0.028981361626604786
p-valu: 3.5228023333321364e-19

AL interation 2448/4801.

mae: 0.14826581135175196
max_error: 0.7966178536203188
variance: 0.014817887451625905
pearson: 0.027701552412686015
p-valu: 1.1733356056906225e-17

AL interation 2449/4801.

mae: 0.14828415424516206
max_error: 0.7957345292262517
variance: 0.014824146062079279
pearson: 0.01818190061486024
p-valu: 1.9682182969813426e-08

AL interation 2450/4801.

mae: 0.14828596366995273
max_error: 0.79572437018561
variance: 0.014824723427762249
pearson: 0.01527925187476455
p-valu: 2.378674991668477e-06

AL interation 2451/4801.

mae: 0.14826175901891397
max_error: 0.7952753062303941
variance: 0.014820098677691776
pearson: 0.024943637573699044
p-valu: 1.3254273061376849e-14

AL interation 2452/4801.

mae: 0.1482302679736661
max_error: 0.7957721813272656
variance: 0.014815096763322657
pearson: 0.011660979106734633
p-valu: 0.00031723062129494263

AL interation 2453/4801.

mae: 0.1482497413557764
max_error: 0.7952683954120516
variance: 0.014815353445725429
pearson: 0.023090615434182976
p-valu: 9.97517906717606e-13

AL interation 2454/4801.

mae: 0.14822616727349222
max_error: 0.7950668449315117
variance: 0.014819123040955364
pearson: 0.03061987375094293
p-valu: 3.1707714670716984e-21

AL interation 2455/4801.

mae: 0.14823009981635074
max_error: 0.7958534333001808
variance: 0.014824041598349165
pearson: 0.029503519222329914
p-valu: 8.090956255252659e-20

AL interation 2456/4801.

mae: 0.14784824295998433
max_error: 0.7934671463193297
variance: 0.01473109266428313
pearson: 0.029233665393760752
p-valu: 1.73992021576288e-19

AL interation 2457/4801.

mae: 0.14781890909288614
max_error: 0.793567584892287
variance: 0.014729914136409223
pearson: 0.023658165004647486
p-valu: 2.751816957671526e-13

AL interation 2458/4801.

mae: 0.1478463994234931
max_error: 0.7927079558905348
variance: 0.014729310897706106
pearson: 0.029218772217955238
p-valu: 1.8161819827486267e-19

AL interation 2459/4801.

mae: 0.14789396722718817
max_error: 0.7940011993405278
variance: 0.014738402117526798
pearson: 0.03560553556972191
p-valu: 3.9337773816670894e-28

AL interation 2460/4801.

mae: 0.14786022383951644
max_error: 0.7951936323553639
variance: 0.014726529086648215
pearson: 0.019056943437371333
p-valu: 3.9876902783343146e-09

AL interation 2461/4801.

mae: 0.14785239216176313
max_error: 0.7950580096550652
variance: 0.014730077170188921
pearson: 0.03204176152381088
p-valu: 4.3347395029926566e-23

AL interation 2462/4801.

mae: 0.14785596223630268
max_error: 0.7949030109451485
variance: 0.014729682431952034
pearson: 0.01452216721927252
p-valu: 7.31997491292825e-06

AL interation 2463/4801.

mae: 0.14797787057039893
max_error: 0.7948803055706435
variance: 0.014747425765573077
pearson: 0.015629887082190434
p-valu: 1.3914647694508442e-06

AL interation 2464/4801.

mae: 0.1479605083758067
max_error: 0.7945153849068731
variance: 0.01474698192472526
pearson: 0.01854938846573595
p-valu: 1.0172651903835465e-08

AL interation 2465/4801.

mae: 0.1479571366570946
max_error: 0.7950849625540286
variance: 0.01474922892426863
pearson: 0.014539593040107086
p-valu: 7.139844462809219e-06

AL interation 2466/4801.

mae: 0.14792262577969822
max_error: 0.7943874012755998
variance: 0.014746425121670695
pearson: 0.027013539387650363
p-valu: 7.294042235118617e-17

AL interation 2467/4801.

mae: 0.14792214296063225
max_error: 0.7943758931553475
variance: 0.014746382607920947
pearson: 0.028312849067331072
p-valu: 2.259471827535011e-18

AL interation 2468/4801.

mae: 0.14783064741942167
max_error: 0.7971140383042723
variance: 0.01470716113553626
pearson: 0.02182828953981989
p-valu: 1.5796069403718615e-11

AL interation 2469/4801.

mae: 0.14786247223679838
max_error: 0.8004376167221494
variance: 0.01471870464837729
pearson: 0.02871798096197973
p-valu: 7.407408840088521e-19

AL interation 2470/4801.

mae: 0.14785569786888414
max_error: 0.8002360350232323
variance: 0.014720271050386338
pearson: 0.012243917107219794
p-valu: 0.00015653277718602137

AL interation 2471/4801.

mae: 0.14767636535487663
max_error: 0.7964013596728705
variance: 0.014702037913986934
pearson: 0.024229784577733594
p-valu: 7.317662259552155e-14

AL interation 2472/4801.

mae: 0.1477022511263561
max_error: 0.7956455290718907
variance: 0.01469888548511897
pearson: 0.018142445650492455
p-valu: 2.12002769251129e-08

AL interation 2473/4801.

mae: 0.14772787404895085
max_error: 0.7959294452635959
variance: 0.014694600069391345
pearson: 0.03165006834801683
p-valu: 1.4515525316857824e-22

AL interation 2474/4801.

mae: 0.1477072233368893
max_error: 0.7991254068552394
variance: 0.014699140834026708
pearson: 0.027403433303137364
p-valu: 2.6223794847893053e-17

AL interation 2475/4801.

mae: 0.14778432321450377
max_error: 0.7987905524317398
variance: 0.01467256263594827
pearson: 0.044691853828829384
p-valu: 2.370695428608811e-43

AL interation 2476/4801.

mae: 0.14777519247559567
max_error: 0.7985987794059497
variance: 0.014668688652073608
pearson: 0.02276366954092785
p-valu: 2.0800845154394056e-12

AL interation 2477/4801.

mae: 0.14777676940524068
max_error: 0.7985678768378932
variance: 0.014668754270774199
pearson: 0.027101747872327796
p-valu: 5.814098445272128e-17

AL interation 2478/4801.

mae: 0.14780867059281746
max_error: 0.7952910125108588
variance: 0.014673461829038574
pearson: 0.028320244664642724
p-valu: 2.2241293868409394e-18

AL interation 2479/4801.

mae: 0.1477861518850503
max_error: 0.7950004469061014
variance: 0.01467247105237475
pearson: 0.023527926535713603
p-valu: 3.7318820724022584e-13

AL interation 2480/4801.

mae: 0.1476909380383695
max_error: 0.7975528766277478
variance: 0.014676500977944616
pearson: 0.02782986224168641
p-valu: 8.419375408444568e-18

AL interation 2481/4801.

mae: 0.14769938480156394
max_error: 0.7974944791861844
variance: 0.014671967664451028
pearson: 0.007780962827994531
p-valu: 0.016293149983849516

AL interation 2482/4801.

mae: 0.14769757685545776
max_error: 0.7978047021663599
variance: 0.01467097569698672
pearson: 0.016625292041101112
p-valu: 2.8498444916157497e-07

AL interation 2483/4801.

mae: 0.1476840122055179
max_error: 0.797913154758362
variance: 0.014668489555768386
pearson: 0.026325376454796236
p-valu: 4.3336655440819434e-16

AL interation 2484/4801.

mae: 0.1476840519669269
max_error: 0.7979171673215433
variance: 0.0146686342357783
pearson: 0.02712091030001687
p-valu: 5.5436404483556623e-17

AL interation 2485/4801.

mae: 0.1477031943144363
max_error: 0.7981788295414276
variance: 0.014674208451652508
pearson: 0.03670437412691055
p-valu: 8.757185460941891e-30

AL interation 2486/4801.

mae: 0.14764138867473395
max_error: 0.8033655229067449
variance: 0.01467249441981832
pearson: 0.023734263506698883
p-valu: 2.3290429980773625e-13

AL interation 2487/4801.

mae: 0.1477321942078327
max_error: 0.8031409053566279
variance: 0.014666603739269276
pearson: 0.02682068264153942
p-valu: 1.2145188834736213e-16

AL interation 2488/4801.

mae: 0.14772345110557508
max_error: 0.8036073102143746
variance: 0.014656272479582611
pearson: 0.0265099077229379
p-valu: 2.7086046112844737e-16

AL interation 2489/4801.

mae: 0.14775267867799227
max_error: 0.8033912136548338
variance: 0.014646756416951404
pearson: 0.02546561808657707
p-valu: 3.749221619851064e-15

AL interation 2490/4801.

mae: 0.14768641412277272
max_error: 0.8052028660545716
variance: 0.014650854231903652
pearson: 0.02677374794297074
p-valu: 1.3731443538838886e-16

AL interation 2491/4801.

mae: 0.14768437063185383
max_error: 0.8051417069063973
variance: 0.014650603164381146
pearson: 0.02868458401331108
p-valu: 8.200828216410028e-19

AL interation 2492/4801.

mae: 0.14767182464405015
max_error: 0.8058179042459415
variance: 0.01465199791487057
pearson: 0.03151535057728576
p-valu: 2.2085607382344526e-22

AL interation 2493/4801.

mae: 0.14769001573329138
max_error: 0.8061026464815768
variance: 0.014658123303682899
pearson: 0.03033169113773903
p-valu: 7.53473069390282e-21

AL interation 2494/4801.

mae: 0.14770923656267765
max_error: 0.806183283712187
variance: 0.014663632542872273
pearson: 0.03196854621268191
p-valu: 5.526611043192491e-23

AL interation 2495/4801.

mae: 0.14773975203470505
max_error: 0.8049892985147551
variance: 0.01466696671954373
pearson: 0.017324875057151308
p-valu: 8.85484063486575e-08

AL interation 2496/4801.

mae: 0.14776017192586863
max_error: 0.8041558629632561
variance: 0.014664744759336528
pearson: 0.014590416350220146
p-valu: 6.654864469950651e-06

AL interation 2497/4801.

mae: 0.147813811359611
max_error: 0.8045529108466667
variance: 0.01465659624651868
pearson: 0.021125933651342636
p-valu: 6.91597519206196e-11

AL interation 2498/4801.

mae: 0.14777971301626316
max_error: 0.8033389806263358
variance: 0.014652950197355932
pearson: 0.034114370880852646
p-valu: 5.997539955884231e-26

AL interation 2499/4801.

mae: 0.1478021787186007
max_error: 0.8035536791465745
variance: 0.014653967685382423
pearson: 0.018400214902523512
p-valu: 1.3413599209929708e-08

AL interation 2500/4801.

mae: 0.14780094050291956
max_error: 0.8038948477669692
variance: 0.014664940025095413
pearson: 0.019702149209454945
p-valu: 1.1817418098847885e-09

AL interation 2501/4801.

mae: 0.14781676859465268
max_error: 0.8043574610324811
variance: 0.014681030219938855
pearson: 0.021558889289080053
p-valu: 2.813210951262267e-11

AL interation 2502/4801.

mae: 0.14782719416073775
max_error: 0.8040225838694823
variance: 0.014690397888801205
pearson: 0.030731542666186985
p-valu: 2.331296018586733e-21

AL interation 2503/4801.

mae: 0.14799487177969275
max_error: 0.806249881567453
variance: 0.014759246163448874
pearson: 0.026397785584159054
p-valu: 3.628253766099902e-16

AL interation 2504/4801.

mae: 0.14799561650114412
max_error: 0.8062918920258255
variance: 0.014759049898978225
pearson: 0.016069284009312977
p-valu: 7.018492470545669e-07

AL interation 2505/4801.

mae: 0.14799786818106758
max_error: 0.8063120522879217
variance: 0.01475939487407514
pearson: 0.03240445892599623
p-valu: 1.4384663716434074e-23

AL interation 2506/4801.

mae: 0.147974386281799
max_error: 0.8064091789230474
variance: 0.01474048660901978
pearson: 0.0296873112829266
p-valu: 4.8957094930443314e-20

AL interation 2507/4801.

mae: 0.14795507873752103
max_error: 0.8065070630054834
variance: 0.014733690498674111
pearson: 0.020206357163710203
p-valu: 4.427210102592855e-10

AL interation 2508/4801.

mae: 0.14801700892972178
max_error: 0.8062532232687545
variance: 0.014748875412170513
pearson: 0.022068828095410293
p-valu: 9.541435416757752e-12

AL interation 2509/4801.

mae: 0.14801830754496578
max_error: 0.8063015607305317
variance: 0.014748454688675663
pearson: 0.01880609661475989
p-valu: 6.4083718274214795e-09

AL interation 2510/4801.

mae: 0.14802358100883076
max_error: 0.8064948209629392
variance: 0.014752158633626646
pearson: 0.023662813257985922
p-valu: 2.764033347480998e-13

AL interation 2511/4801.

mae: 0.14802925523524119
max_error: 0.806524109306963
variance: 0.014753039934092367
pearson: 0.024188084497741496
p-valu: 8.167433208995157e-14

AL interation 2512/4801.

mae: 0.14803441087095495
max_error: 0.8073172467295251
variance: 0.014755201649105532
pearson: 0.010753669334466273
p-valu: 0.0009015419469181152

AL interation 2513/4801.

mae: 0.14794306088238887
max_error: 0.7973041748526271
variance: 0.014743564029857978
pearson: 0.029770842753424523
p-valu: 3.86477176325332e-20

AL interation 2514/4801.

mae: 0.14792993138891422
max_error: 0.7829206901288899
variance: 0.014739093306746236
pearson: 0.024536579471877287
p-valu: 3.588567729288527e-14

AL interation 2515/4801.

mae: 0.14788593543025802
max_error: 0.7859882329132972
variance: 0.014738647326810267
pearson: 0.023005708352705198
p-valu: 1.2268814781044318e-12

AL interation 2516/4801.

mae: 0.14781925486741937
max_error: 0.7866756204061858
variance: 0.014735470727878534
pearson: 0.018798572526327852
p-valu: 6.506110368233789e-09

AL interation 2517/4801.

mae: 0.14786636400665992
max_error: 0.7882466709802145
variance: 0.014732350002323681
pearson: 0.0252607421301028
p-valu: 6.259084838878467e-15

AL interation 2518/4801.

mae: 0.14787877155223703
max_error: 0.788536420633875
variance: 0.014737793303663564
pearson: 0.026909878957636905
p-valu: 9.742838218245127e-17

AL interation 2519/4801.

mae: 0.14786715284983476
max_error: 0.7863837587093485
variance: 0.014751268187241814
pearson: 0.021747638352086415
p-valu: 1.8977058436800603e-11

AL interation 2520/4801.

mae: 0.14786027949795238
max_error: 0.7864204764668443
variance: 0.014749734053498907
pearson: 0.024258131208765524
p-valu: 6.94678986862662e-14

AL interation 2521/4801.

mae: 0.1478609825789276
max_error: 0.7864087003497957
variance: 0.014749806748698732
pearson: 0.025458188676062605
p-valu: 3.8590012929298234e-15

AL interation 2522/4801.

mae: 0.14785140158988852
max_error: 0.7871069445796195
variance: 0.014775376882061679
pearson: 0.026409399653155245
p-valu: 3.54594999833615e-16

AL interation 2523/4801.

mae: 0.14785542892034273
max_error: 0.7868382008683739
variance: 0.01477650208162177
pearson: 0.01885274205032596
p-valu: 5.894926798318837e-09

AL interation 2524/4801.

mae: 0.14785501869476936
max_error: 0.7868948990882245
variance: 0.014778618188372302
pearson: 0.028355757013342926
p-valu: 2.0562355090963107e-18

AL interation 2525/4801.

mae: 0.14789148923557247
max_error: 0.7899358590039469
variance: 0.014792423527767816
pearson: 0.0197114572763294
p-valu: 1.1665315528930547e-09

AL interation 2526/4801.

mae: 0.14789978421581793
max_error: 0.7896713174261549
variance: 0.014792899743916321
pearson: 0.023466929131663226
p-valu: 4.3461727231888545e-13

AL interation 2527/4801.

mae: 0.14811910138589676
max_error: 0.7858818751341232
variance: 0.014815647785419222
pearson: 0.026798842990658774
p-valu: 1.30416050372337e-16

AL interation 2528/4801.

mae: 0.14827433031823414
max_error: 0.7862486670241537
variance: 0.01482693714430248
pearson: 0.02656376561753654
p-valu: 2.392807588621187e-16

AL interation 2529/4801.

mae: 0.14839942555296837
max_error: 0.7790549355329119
variance: 0.014876900971896583
pearson: 0.04456191586989004
p-valu: 4.366097027166707e-43

AL interation 2530/4801.

mae: 0.14847531247616563
max_error: 0.782389977002083
variance: 0.01487224700018014
pearson: 0.024665616228031914
p-valu: 2.651084279430935e-14

AL interation 2531/4801.

mae: 0.14847674417741683
max_error: 0.7824482530855335
variance: 0.014869456733213524
pearson: 0.025297214064245364
p-valu: 5.750488059879686e-15

AL interation 2532/4801.

mae: 0.1485108062176165
max_error: 0.7826219799894716
variance: 0.014871363415493988
pearson: 0.022917306602281612
p-valu: 1.5011748477698358e-12

AL interation 2533/4801.

mae: 0.14861672386037264
max_error: 0.7815930881445752
variance: 0.014835356369522969
pearson: 0.03418985853816057
p-valu: 4.77717732302827e-26

AL interation 2534/4801.

mae: 0.14862340737089585
max_error: 0.7817185024610751
variance: 0.014835083115934629
pearson: 0.026839451183494935
p-valu: 1.1768159156364661e-16

AL interation 2535/4801.

mae: 0.14860608221858793
max_error: 0.7831659798592341
variance: 0.014837175708836364
pearson: 0.0348994763908838
p-valu: 4.5240045881750174e-27

AL interation 2536/4801.

mae: 0.14861351691746819
max_error: 0.7827916703396056
variance: 0.014828531328443388
pearson: 0.01737079109167575
p-valu: 8.239414636921423e-08

AL interation 2537/4801.

mae: 0.14858597337037727
max_error: 0.7816194446963891
variance: 0.0148219291916433
pearson: 0.017605187535941546
p-valu: 5.5061659551670144e-08

AL interation 2538/4801.

mae: 0.14858552714886675
max_error: 0.7804599762281441
variance: 0.014817614183871898
pearson: 0.021798063873336014
p-valu: 1.7132225409407646e-11

AL interation 2539/4801.

mae: 0.1485851277576296
max_error: 0.7804676669906598
variance: 0.014817589908674553
pearson: 0.028243838639353973
p-valu: 2.8089094169418608e-18

AL interation 2540/4801.

mae: 0.14857006505064593
max_error: 0.7790713960524442
variance: 0.01480784920480231
pearson: 0.04058466594993819
p-valu: 5.043359745612829e-36

AL interation 2541/4801.

mae: 0.14856758526306152
max_error: 0.7789915866109425
variance: 0.01480394128536052
pearson: 0.02044969002633232
p-valu: 2.751299579484214e-10

AL interation 2542/4801.

mae: 0.1485088129491758
max_error: 0.7798174044676216
variance: 0.014793417700794058
pearson: 0.026421260824120767
p-valu: 3.464549321434914e-16

AL interation 2543/4801.

mae: 0.14850994181758786
max_error: 0.7801655453149579
variance: 0.014792138930006428
pearson: 0.023302307848111062
p-valu: 6.345532714475616e-13

AL interation 2544/4801.

mae: 0.1485101839982829
max_error: 0.7802233766619793
variance: 0.014792135452365244
pearson: 0.021226381271647377
p-valu: 5.682049043017041e-11

AL interation 2545/4801.

mae: 0.1484732955697749
max_error: 0.7786118382941254
variance: 0.014771095810252285
pearson: 0.017737573656837285
p-valu: 4.380587469532383e-08

AL interation 2546/4801.

mae: 0.14844913850839453
max_error: 0.7786858779412853
variance: 0.014770084604430555
pearson: 0.023243110565745854
p-valu: 7.259655532152372e-13

AL interation 2547/4801.

mae: 0.1484480238100723
max_error: 0.7786995575403353
variance: 0.014769499309302997
pearson: 0.022710753156457056
p-valu: 2.382311752340869e-12

AL interation 2548/4801.

mae: 0.14844742095483293
max_error: 0.7786962607270596
variance: 0.014769683723086567
pearson: 0.02960265118332917
p-valu: 6.354389891079851e-20

AL interation 2549/4801.

mae: 0.1484542338217556
max_error: 0.7790899044812818
variance: 0.014760292158670035
pearson: 0.025351588054111637
p-valu: 5.062269039381064e-15

AL interation 2550/4801.

mae: 0.14847653017042253
max_error: 0.777813638307066
variance: 0.014771066577134548
pearson: 0.030291337242584086
p-valu: 8.705577935719751e-21

AL interation 2551/4801.

mae: 0.14847693806034948
max_error: 0.7777956553673278
variance: 0.014771169197638686
pearson: 0.03341699262585083
p-valu: 5.962981727243138e-25

AL interation 2552/4801.

mae: 0.14847801141584663
max_error: 0.7778290673674348
variance: 0.014771114156824817
pearson: 0.024346113315660445
p-valu: 5.700692437788309e-14

AL interation 2553/4801.

mae: 0.14846999151169196
max_error: 0.777564463993798
variance: 0.014772982848122099
pearson: 0.023129223093440274
p-valu: 9.399309175046862e-13

AL interation 2554/4801.

mae: 0.14845269137873462
max_error: 0.7767845912649989
variance: 0.014767499490032665
pearson: 0.026398757685950805
p-valu: 3.6851295874783744e-16

AL interation 2555/4801.

mae: 0.14844526318838616
max_error: 0.7763840380088141
variance: 0.014759681906045173
pearson: 0.025354664330378848
p-valu: 5.0340424706036715e-15

AL interation 2556/4801.

mae: 0.14848120709991597
max_error: 0.7766026658838143
variance: 0.014757833704779727
pearson: 0.040777444336994983
p-valu: 2.407276456341453e-36

AL interation 2557/4801.

mae: 0.14851555501285932
max_error: 0.7774008048357643
variance: 0.01476369479065551
pearson: 0.018316575153874425
p-valu: 1.5752144660292193e-08

AL interation 2558/4801.

mae: 0.14851478343425775
max_error: 0.777403303345352
variance: 0.014763507656515967
pearson: 0.023558665415919288
p-valu: 3.55715642923402e-13

AL interation 2559/4801.

mae: 0.14854102772349315
max_error: 0.7765070515088439
variance: 0.014762990079156196
pearson: 0.024383573903744963
p-valu: 5.2290661616405907e-14

AL interation 2560/4801.

mae: 0.14865421119231895
max_error: 0.7777690786021481
variance: 0.01476322021020182
pearson: 0.023217702925765294
p-valu: 7.717445651135608e-13

AL interation 2561/4801.

mae: 0.14859265139093022
max_error: 0.7766059397339404
variance: 0.014781473223458852
pearson: 0.025103225758335793
p-valu: 9.321917877051476e-15

AL interation 2562/4801.

mae: 0.14868662135479577
max_error: 0.7786848025546078
variance: 0.014796889566810207
pearson: 0.02430449783160873
p-valu: 6.30739783986314e-14

AL interation 2563/4801.

mae: 0.14881299673055076
max_error: 0.7739670159172647
variance: 0.01483128919518836
pearson: 0.03374993551652861
p-valu: 2.0473337258556706e-25

AL interation 2564/4801.

mae: 0.14887566711551534
max_error: 0.7710400777751261
variance: 0.014842242249934592
pearson: 0.021832206401599125
p-valu: 1.6035448591442548e-11

AL interation 2565/4801.

mae: 0.14884548890930768
max_error: 0.7709442241476268
variance: 0.014833660911381958
pearson: 0.034285846043283934
p-valu: 3.548879717713257e-26

AL interation 2566/4801.

mae: 0.14882136003182853
max_error: 0.7697207243108437
variance: 0.014832725925050621
pearson: 0.02565872080561019
p-valu: 2.385007273159124e-15

AL interation 2567/4801.

mae: 0.14877336346256084
max_error: 0.7692136410339003
variance: 0.014842654566326535
pearson: 0.02636511080957218
p-valu: 4.033907369279546e-16

AL interation 2568/4801.

mae: 0.14886426807547132
max_error: 0.7650623833624195
variance: 0.014858159173889399
pearson: 0.03172165107802358
p-valu: 1.2242152366045735e-22

AL interation 2569/4801.

mae: 0.14884674186285168
max_error: 0.764832580713005
variance: 0.014858108758402459
pearson: 0.024372911079734806
p-valu: 5.378712094550457e-14

AL interation 2570/4801.

mae: 0.14885036797103504
max_error: 0.7644017275525812
variance: 0.014858772285030636
pearson: 0.02262514081680564
p-valu: 2.8940490753651845e-12

AL interation 2571/4801.

mae: 0.14896410430174267
max_error: 0.7636231506917284
variance: 0.01486219344274474
pearson: 0.025485751843181192
p-valu: 3.665337681516355e-15

AL interation 2572/4801.

mae: 0.14893608903511638
max_error: 0.7651797865091794
variance: 0.014875716035092803
pearson: 0.03959386416042218
p-valu: 2.345180503815697e-34

AL interation 2573/4801.

mae: 0.1488856340729969
max_error: 0.7674423313669081
variance: 0.014869019957535505
pearson: 0.04112734024834862
p-valu: 6.172452299943384e-37

AL interation 2574/4801.

mae: 0.14884089268937054
max_error: 0.7671902002616093
variance: 0.014859755580509967
pearson: 0.029665553760361514
p-valu: 5.3706146060655144e-20

AL interation 2575/4801.

mae: 0.14884074265707095
max_error: 0.7672521878064913
variance: 0.014858083291742883
pearson: 0.02368693228875319
p-valu: 2.664017217547205e-13

AL interation 2576/4801.

mae: 0.1488400157513122
max_error: 0.7672724064356657
variance: 0.014858274370233113
pearson: 0.017879764909265648
p-valu: 3.43317588989977e-08

AL interation 2577/4801.

mae: 0.1488682827751236
max_error: 0.7663635566369749
variance: 0.014865821398237533
pearson: 0.02186853072861073
p-valu: 1.4891000611314602e-11

AL interation 2578/4801.

mae: 0.148791439213964
max_error: 0.7678468958353619
variance: 0.01484499018055925
pearson: 0.021738474073832486
p-valu: 1.9626303938934813e-11

AL interation 2579/4801.

mae: 0.1487717123341518
max_error: 0.7674643775778804
variance: 0.014851164405438568
pearson: 0.02131230500333643
p-valu: 4.794206427440908e-11

AL interation 2580/4801.

mae: 0.14878181223926043
max_error: 0.7672581716361719
variance: 0.014855387716156262
pearson: 0.017967044524356053
p-valu: 2.9462982554119066e-08

AL interation 2581/4801.

mae: 0.14878225856836708
max_error: 0.7672917298783659
variance: 0.014856112940323008
pearson: 0.026528399660594608
p-valu: 2.670309554248058e-16

AL interation 2582/4801.

mae: 0.14879364453394675
max_error: 0.7678000355570589
variance: 0.014856924457219258
pearson: 0.018877081096082667
p-valu: 5.6968592680653536e-09

AL interation 2583/4801.

mae: 0.14875122936760407
max_error: 0.7687109770986069
variance: 0.014856588245203412
pearson: 0.03628653987663415
p-valu: 4.051163693809814e-29

AL interation 2584/4801.

mae: 0.14866453128881893
max_error: 0.7690270878983085
variance: 0.014822281914614703
pearson: 0.025897131116830327
p-valu: 1.324051162935909e-15

AL interation 2585/4801.

mae: 0.14864230815559257
max_error: 0.7685506400680424
variance: 0.014812339570121905
pearson: 0.02534819818168578
p-valu: 5.16490824465914e-15

AL interation 2586/4801.

mae: 0.14871217822630514
max_error: 0.7686038630309326
variance: 0.014818341405918622
pearson: 0.025177781363164366
p-valu: 7.837547582277627e-15

AL interation 2587/4801.

mae: 0.1487074273160065
max_error: 0.7650573234357125
variance: 0.01481306915562287
pearson: 0.0393835104089036
p-valu: 5.267620082438833e-34

AL interation 2588/4801.

mae: 0.14869284697400548
max_error: 0.7602109216934991
variance: 0.014791137250734302
pearson: 0.019888079047852943
p-valu: 8.394639723486471e-10

AL interation 2589/4801.

mae: 0.1487324932904375
max_error: 0.7612975854797241
variance: 0.01480219362120665
pearson: 0.03919128316294196
p-valu: 1.0892886034693352e-33

AL interation 2590/4801.

mae: 0.14875459178231856
max_error: 0.7609940430643292
variance: 0.01478984657543708
pearson: 0.02905895278846493
p-valu: 3.012881421833327e-19

AL interation 2591/4801.

mae: 0.14896027515421661
max_error: 0.7628449433908031
variance: 0.014810168093028703
pearson: 0.018992871397723224
p-valu: 4.604105279615702e-09

AL interation 2592/4801.

mae: 0.1489597516472494
max_error: 0.7628437377117052
variance: 0.01481005519577942
pearson: 0.023137906258624736
p-valu: 9.316357819723662e-13

AL interation 2593/4801.

mae: 0.14896123933570732
max_error: 0.7646504165954866
variance: 0.014778628381789194
pearson: 0.01537765540768147
p-valu: 2.0841268082941325e-06

AL interation 2594/4801.

mae: 0.14896815866628177
max_error: 0.7644114480938242
variance: 0.01477777473106283
pearson: 0.02662909878341288
p-valu: 2.0712735718401223e-16

AL interation 2595/4801.

mae: 0.1490280996600168
max_error: 0.7683579588349403
variance: 0.014766117552599727
pearson: 0.023335456191660345
p-valu: 5.972315184637179e-13

AL interation 2596/4801.

mae: 0.14902823229344203
max_error: 0.7698061811365733
variance: 0.014759582269997473
pearson: 0.029507086226702
p-valu: 8.522567091172719e-20

AL interation 2597/4801.

mae: 0.14902005542708016
max_error: 0.7698141661774685
variance: 0.014767647386568983
pearson: 0.025261125854317557
p-valu: 6.4175434244591064e-15

AL interation 2598/4801.

mae: 0.14891668636085859
max_error: 0.770496816748846
variance: 0.014754028926257956
pearson: 0.023049179988025977
p-valu: 1.1384829022041882e-12

AL interation 2599/4801.

mae: 0.14890872657594256
max_error: 0.7697697154975458
variance: 0.014755696223582191
pearson: 0.028480240008919494
p-valu: 1.5069798595204364e-18

AL interation 2600/4801.

mae: 0.14895425976104976
max_error: 0.77109790779582
variance: 0.014725265852706575
pearson: 0.03377344790113768
p-valu: 1.9376454080832987e-25

AL interation 2601/4801.

mae: 0.14887788006294497
max_error: 0.7659907832232875
variance: 0.01472041226976624
pearson: 0.0206703617681172
p-valu: 1.7906407680293088e-10

AL interation 2602/4801.

mae: 0.1488848137221728
max_error: 0.7626757603474061
variance: 0.014712995654403762
pearson: 0.026272591523769227
p-valu: 5.167877018690667e-16

AL interation 2603/4801.

mae: 0.14886134103931778
max_error: 0.7597047952775142
variance: 0.014707695308002977
pearson: 0.020432097719068485
p-valu: 2.887582252589756e-10

AL interation 2604/4801.

mae: 0.14894120072039121
max_error: 0.7700838211488872
variance: 0.014719427666271328
pearson: 0.029272001236107615
p-valu: 1.6648596501002307e-19

AL interation 2605/4801.

mae: 0.14897401145829356
max_error: 0.7702111009544979
variance: 0.014722725528342955
pearson: 0.019023957785471685
p-valu: 4.356729882179374e-09

AL interation 2606/4801.

mae: 0.1488421620851557
max_error: 0.7610414387968945
variance: 0.014728996133974584
pearson: 0.025538380294826628
p-valu: 3.2562434820734116e-15

AL interation 2607/4801.

mae: 0.14892282464877696
max_error: 0.7620402221207883
variance: 0.014723539441394354
pearson: 0.029714415357648172
p-valu: 4.7389462973587355e-20

AL interation 2608/4801.

mae: 0.1489560740116084
max_error: 0.7598355936534062
variance: 0.014722407649528512
pearson: 0.02907283791331031
p-valu: 2.920270146118211e-19

AL interation 2609/4801.

mae: 0.1489465324980973
max_error: 0.7598860705076049
variance: 0.01472049925178395
pearson: 0.028879725409264596
p-valu: 5.011355183385257e-19

AL interation 2610/4801.

mae: 0.1489480408840357
max_error: 0.7594405001746054
variance: 0.014721828809354852
pearson: 0.018620681679809653
p-valu: 9.168302496911344e-09

AL interation 2611/4801.

mae: 0.1489370030148299
max_error: 0.7595131244122513
variance: 0.014713827573015151
pearson: 0.027112848074623257
p-valu: 5.93661547749426e-17

AL interation 2612/4801.

mae: 0.14889071587934613
max_error: 0.7616094959156499
variance: 0.014704241971989945
pearson: 0.02028023208990607
p-valu: 3.9112095738059417e-10

AL interation 2613/4801.

mae: 0.14888135624737764
max_error: 0.7637846644197452
variance: 0.014699908133489292
pearson: 0.028490449291361904
p-valu: 1.4737439989040989e-18

AL interation 2614/4801.

mae: 0.14880927187724563
max_error: 0.7646777773293252
variance: 0.014708999379480217
pearson: 0.013405022391594286
p-valu: 3.5359751858476e-05

AL interation 2615/4801.

mae: 0.1486921430943287
max_error: 0.7661533387461077
variance: 0.014748964003893864
pearson: 0.029860985746299702
p-valu: 3.122523041796202e-20

AL interation 2616/4801.

mae: 0.1485596391599756
max_error: 0.7663009208898757
variance: 0.014768054787800279
pearson: 0.03335065229150977
p-valu: 7.653815678910474e-25

AL interation 2617/4801.

mae: 0.1484135873520115
max_error: 0.7655503025150665
variance: 0.014754204896839014
pearson: 0.027558990056951907
p-valu: 1.8327498084641316e-17

AL interation 2618/4801.

mae: 0.14839985629217067
max_error: 0.7654927036367098
variance: 0.014750526911412556
pearson: 0.03554604734376145
p-valu: 5.336691400995272e-28

AL interation 2619/4801.

mae: 0.1484850697935429
max_error: 0.7667705680074164
variance: 0.01476015499995128
pearson: 0.022540049311048457
p-valu: 3.532704600970979e-12

AL interation 2620/4801.

mae: 0.14854571292604196
max_error: 0.7650495346776438
variance: 0.014774503405776762
pearson: 0.01375726476590358
p-valu: 2.1914577857071188e-05

AL interation 2621/4801.

mae: 0.14869467818003057
max_error: 0.7698382702764093
variance: 0.014806115521406572
pearson: 0.034077984528308965
p-valu: 7.263522168760941e-26

AL interation 2622/4801.

mae: 0.14864991976182507
max_error: 0.7700070968875252
variance: 0.01479728119329759
pearson: 0.02019164073865893
p-valu: 4.668444834678495e-10

AL interation 2623/4801.

mae: 0.14866091401251255
max_error: 0.7697561300558959
variance: 0.014794435730223626
pearson: 0.025400500334827922
p-valu: 4.59929379091123e-15

AL interation 2624/4801.

mae: 0.14867567133329193
max_error: 0.7691232679365498
variance: 0.014786331433591876
pearson: 0.028889640513184163
p-valu: 4.905838367015777e-19

AL interation 2625/4801.

mae: 0.1486994188838476
max_error: 0.7691472138150743
variance: 0.01479197280941736
pearson: 0.026954770191408513
p-valu: 9.01656015880372e-17

AL interation 2626/4801.

mae: 0.14866394928304008
max_error: 0.7656680483217997
variance: 0.01480400967627253
pearson: 0.035223529430410086
p-valu: 1.6057217787308883e-27

AL interation 2627/4801.

mae: 0.1486682729190204
max_error: 0.7645792017631834
variance: 0.014802936776022119
pearson: 0.02304207089908425
p-valu: 1.1658455428703843e-12

AL interation 2628/4801.

mae: 0.14870727126665503
max_error: 0.7639259446410165
variance: 0.014802664764379355
pearson: 0.02675236267768599
p-valu: 1.5258818951461274e-16

AL interation 2629/4801.

mae: 0.14871698914507986
max_error: 0.7646635840229123
variance: 0.014798338791097177
pearson: 0.020831382247509085
p-valu: 1.3010219655153412e-10

AL interation 2630/4801.

mae: 0.148673856169784
max_error: 0.7642133730533942
variance: 0.014791712322460114
pearson: 0.026020668474892043
p-valu: 9.864335076669388e-16

AL interation 2631/4801.

mae: 0.14873056369760115
max_error: 0.7658219761425471
variance: 0.014812007098611359
pearson: 0.027014914207649846
p-valu: 7.725596028568295e-17

AL interation 2632/4801.

mae: 0.14860715114546919
max_error: 0.7669928148678764
variance: 0.014801654691014536
pearson: 0.021027726861524834
p-valu: 8.724864619415081e-11

AL interation 2633/4801.

mae: 0.14860517200270157
max_error: 0.7670520225615576
variance: 0.01480198387687059
pearson: 0.032919559260028514
p-valu: 3.0520079746316908e-24

AL interation 2634/4801.

mae: 0.148623731627284
max_error: 0.7663822877227062
variance: 0.014805083617649864
pearson: 0.0287217727905465
p-valu: 7.852978835161094e-19

AL interation 2635/4801.

mae: 0.14860892724926347
max_error: 0.7692306304928138
variance: 0.014808805245032376
pearson: 0.02696131153152902
p-valu: 8.897040025934307e-17

AL interation 2636/4801.

mae: 0.1485958991398197
max_error: 0.7692690525588262
variance: 0.01479055718876285
pearson: 0.016972439116093127
p-valu: 1.6402389191427663e-07

AL interation 2637/4801.

mae: 0.14859869801510245
max_error: 0.7691044699182612
variance: 0.0147883326487881
pearson: 0.034394380668528055
p-valu: 2.588680206822801e-26

AL interation 2638/4801.

mae: 0.14870907066018565
max_error: 0.7736574160574037
variance: 0.014795576532590194
pearson: 0.02300246676000807
p-valu: 1.2774832514870104e-12

AL interation 2639/4801.

mae: 0.14870436966998904
max_error: 0.7736273927892512
variance: 0.014795883905321572
pearson: 0.03505166192790977
p-valu: 2.8918547126183848e-27

AL interation 2640/4801.

mae: 0.1488234636159272
max_error: 0.7721994889939197
variance: 0.014773759528040593
pearson: 0.029031555422741478
p-valu: 3.3233761702029974e-19

AL interation 2641/4801.

mae: 0.14890864444468602
max_error: 0.7686572468248869
variance: 0.014769958399071456
pearson: 0.02086464684318385
p-valu: 1.2192892560247504e-10

AL interation 2642/4801.

mae: 0.14882689638190968
max_error: 0.7639325300443147
variance: 0.014742044237753575
pearson: 0.027071101342901163
p-valu: 6.698585073640553e-17

AL interation 2643/4801.

mae: 0.14883469045186398
max_error: 0.7640261374506281
variance: 0.014744022779093655
pearson: 0.03687915636064446
p-valu: 5.258182558886964e-30

AL interation 2644/4801.

mae: 0.14882532579391317
max_error: 0.7629075076760898
variance: 0.01474597392706702
pearson: 0.0297660928990539
p-valu: 4.1548486544110884e-20

AL interation 2645/4801.

mae: 0.14885517298877335
max_error: 0.7560102695586863
variance: 0.014728457891930159
pearson: 0.03545335217239822
p-valu: 7.4476123590075075e-28

AL interation 2646/4801.

mae: 0.14890164015006346
max_error: 0.7534925416735518
variance: 0.01471830370419467
pearson: 0.014453691008127805
p-valu: 8.245421744494477e-06

AL interation 2647/4801.

mae: 0.14889587115684236
max_error: 0.75031786183186
variance: 0.014709570396681705
pearson: 0.017468181430154574
p-valu: 7.095759924664778e-08

AL interation 2648/4801.

mae: 0.14889642923212787
max_error: 0.7501904183124282
variance: 0.01470962652492573
pearson: 0.025965956169211307
p-valu: 1.1388074719302363e-15

AL interation 2649/4801.

mae: 0.14889628395372037
max_error: 0.7502273203245977
variance: 0.014711891109731128
pearson: 0.0288240852976802
p-valu: 5.949778670351029e-19

AL interation 2650/4801.

mae: 0.14890900153529849
max_error: 0.7501681870437551
variance: 0.014709147311251185
pearson: 0.027902472707252112
p-valu: 7.404251604631734e-18

AL interation 2651/4801.

mae: 0.14893457108892602
max_error: 0.7374844303998316
variance: 0.014701993772448739
pearson: 0.032358730066803114
p-valu: 1.7922066806911027e-23

AL interation 2652/4801.

mae: 0.14893454872412717
max_error: 0.7374767772279824
variance: 0.014701845185033955
pearson: 0.0342696083476361
p-valu: 3.942171187861627e-26

AL interation 2653/4801.

mae: 0.14900287265731096
max_error: 0.737976330159313
variance: 0.014688598809822878
pearson: 0.03271477289675154
p-valu: 5.888385429331167e-24

AL interation 2654/4801.

mae: 0.14901935767434885
max_error: 0.7364200804891539
variance: 0.01470237529056395
pearson: 0.023183221878455975
p-valu: 8.558195855959486e-13

AL interation 2655/4801.

mae: 0.14903955656873136
max_error: 0.7378800808272672
variance: 0.014697010297899786
pearson: 0.020486925274452547
p-valu: 2.617465621674296e-10

AL interation 2656/4801.

mae: 0.14910877307922013
max_error: 0.7367739909304305
variance: 0.014700635256980983
pearson: 0.022697090418766042
p-valu: 2.5265310778878426e-12

AL interation 2657/4801.

mae: 0.14912680227239009
max_error: 0.7341541844720041
variance: 0.014677064214792127
pearson: 0.03325925297081595
p-valu: 1.049459292627067e-24

AL interation 2658/4801.

mae: 0.14913558019219128
max_error: 0.7340106720377548
variance: 0.014685033042887452
pearson: 0.024874123937543405
p-valu: 1.673211826014938e-14

AL interation 2659/4801.

mae: 0.14912961674523867
max_error: 0.7340657894189064
variance: 0.014685295778082882
pearson: 0.019865405305949584
p-valu: 8.899313068774611e-10

AL interation 2660/4801.

mae: 0.149123613689146
max_error: 0.7361733135753354
variance: 0.01468400012534658
pearson: 0.018265858949484008
p-valu: 1.756090774105632e-08

AL interation 2661/4801.

mae: 0.14917577093075038
max_error: 0.7405938171675075
variance: 0.014704624479196404
pearson: 0.03459237319439107
p-valu: 1.3625090356806915e-26

AL interation 2662/4801.

mae: 0.14916899302576325
max_error: 0.7393608683695163
variance: 0.01470370886336753
pearson: 0.023785955980423296
p-valu: 2.1747650187690343e-13

AL interation 2663/4801.

mae: 0.1491596832185348
max_error: 0.7608741823013929
variance: 0.014713938843543283
pearson: 0.02811142086480013
p-valu: 4.232291504585163e-18

AL interation 2664/4801.

mae: 0.14915862180835177
max_error: 0.7609012684036713
variance: 0.014714824574948581
pearson: 0.021508546658346353
p-valu: 3.2493591757192526e-11

AL interation 2665/4801.

mae: 0.14913140290826
max_error: 0.7602700070738138
variance: 0.014716996543650336
pearson: 0.030705723462425824
p-valu: 2.7199578923356477e-21

AL interation 2666/4801.

mae: 0.1491372500369326
max_error: 0.7603447165098487
variance: 0.014717940688916565
pearson: 0.0261063996415881
p-valu: 8.047757238053853e-16

AL interation 2667/4801.

mae: 0.14911469469604094
max_error: 0.7580307930595609
variance: 0.01470759336355092
pearson: 0.019504248235865468
p-valu: 1.7843451761511557e-09

AL interation 2668/4801.

mae: 0.14905163311279832
max_error: 0.7611052036631918
variance: 0.014722937981961583
pearson: 0.020700538291052655
p-valu: 1.7098827772311214e-10

AL interation 2669/4801.

mae: 0.14903406544593015
max_error: 0.7605571285728274
variance: 0.014718524473393346
pearson: 0.033247508884791936
p-valu: 1.0969311299120575e-24

AL interation 2670/4801.

mae: 0.14904299932055073
max_error: 0.7606037915435309
variance: 0.014717433563078124
pearson: 0.01314521076914409
p-valu: 5.0237530725959166e-05

AL interation 2671/4801.

mae: 0.14909428958766427
max_error: 0.7585484889200984
variance: 0.014716226437843373
pearson: 0.025593157219060348
p-valu: 2.905850997881971e-15

AL interation 2672/4801.

mae: 0.14910316247845165
max_error: 0.758436352463491
variance: 0.014716357810307548
pearson: 0.025124597938235644
p-valu: 9.170614098318144e-15

AL interation 2673/4801.

mae: 0.14910565022483657
max_error: 0.7585264725736636
variance: 0.01471432995983844
pearson: 0.028631377808843513
p-valu: 1.0247666447492098e-18

AL interation 2674/4801.

mae: 0.14909940766775198
max_error: 0.7594106542751433
variance: 0.014717880355621668
pearson: 0.024015115120364833
p-valu: 1.283792810814484e-13

AL interation 2675/4801.

mae: 0.1490057365712595
max_error: 0.7566055288034477
variance: 0.014717206163599849
pearson: 0.03460578110436622
p-valu: 1.3141894617209562e-26

AL interation 2676/4801.

mae: 0.14900775162416016
max_error: 0.7565034263205348
variance: 0.014716138106383846
pearson: 0.022397194238421438
p-valu: 4.896032114288704e-12

AL interation 2677/4801.

mae: 0.14901362401912358
max_error: 0.7565796454532574
variance: 0.014715986736948418
pearson: 0.03700878183522156
p-valu: 3.399050846708432e-30

AL interation 2678/4801.

mae: 0.1489131329778167
max_error: 0.7590556686371883
variance: 0.014701365814831233
pearson: 0.021809256946850163
p-valu: 1.7308852694931883e-11

AL interation 2679/4801.

mae: 0.14889516044412002
max_error: 0.7588552541135982
variance: 0.014700294888648265
pearson: 0.03337465349089889
p-valu: 7.342123008771755e-25

AL interation 2680/4801.

mae: 0.14888397506854997
max_error: 0.7603535664964909
variance: 0.01470322746153958
pearson: 0.024762739668379163
p-valu: 2.2014497619516725e-14

AL interation 2681/4801.

mae: 0.14885733998449602
max_error: 0.7606402873285845
variance: 0.014697512188050687
pearson: 0.019955214443703132
p-valu: 7.508075262196061e-10

AL interation 2682/4801.

mae: 0.1487745867098302
max_error: 0.7599350873318542
variance: 0.014695186122941621
pearson: 0.024696151296511683
p-valu: 2.5833050536065612e-14

AL interation 2683/4801.

mae: 0.14879587955159018
max_error: 0.758952270685711
variance: 0.014700884214753978
pearson: 0.034073944243128804
p-valu: 7.632636860844465e-26

AL interation 2684/4801.

mae: 0.1487894143691709
max_error: 0.7588316309100094
variance: 0.014701632610274977
pearson: 0.02150884327357141
p-valu: 3.262734177369252e-11

AL interation 2685/4801.

mae: 0.1487989658555246
max_error: 0.7727854080541761
variance: 0.014703237057578582
pearson: 0.033587706945256736
p-valu: 3.711826311594603e-25

AL interation 2686/4801.

mae: 0.14877317934381046
max_error: 0.7724660654417335
variance: 0.014691614645725425
pearson: 0.03613171222954343
p-valu: 7.429932806522457e-29

AL interation 2687/4801.

mae: 0.14880060498953032
max_error: 0.7687970736048726
variance: 0.014693405095411843
pearson: 0.03718045440071873
p-valu: 1.8576784046610342e-30

AL interation 2688/4801.

mae: 0.14880112909549295
max_error: 0.7687950076777099
variance: 0.014693563192220887
pearson: 0.013624720666761462
p-valu: 2.6452568584748847e-05

AL interation 2689/4801.

mae: 0.14880113148120813
max_error: 0.7687949895322674
variance: 0.01469356294676039
pearson: 0.028512506765177924
p-valu: 1.431119777721739e-18

AL interation 2690/4801.

mae: 0.14881945889943013
max_error: 0.7688815612085591
variance: 0.01468790531205079
pearson: 0.02853291181055712
p-valu: 1.3536063082659183e-18

AL interation 2691/4801.

mae: 0.14880481244875188
max_error: 0.7683747934729013
variance: 0.014684168031680041
pearson: 0.027251248123730608
p-valu: 4.254386626576528e-17

AL interation 2692/4801.

mae: 0.14877418699045442
max_error: 0.7681708307557642
variance: 0.014674050885659156
pearson: 0.027246937319494527
p-valu: 4.304500709859391e-17

AL interation 2693/4801.

mae: 0.1487578944268997
max_error: 0.7683773983587798
variance: 0.014674395162541242
pearson: 0.03104773189893734
p-valu: 9.978471076001228e-22

AL interation 2694/4801.

mae: 0.1487524221699174
max_error: 0.7691039339690064
variance: 0.014679873372815861
pearson: 0.025112179596145978
p-valu: 9.518390503874785e-15

AL interation 2695/4801.

mae: 0.14881671486272785
max_error: 0.7671886589569681
variance: 0.014696935824147864
pearson: 0.02990548487264159
p-valu: 2.848238151650903e-20

AL interation 2696/4801.

mae: 0.14881541437271958
max_error: 0.7670785437696281
variance: 0.014698957932163009
pearson: 0.03551057448637867
p-valu: 6.330048166510305e-28

AL interation 2697/4801.

mae: 0.14871875729602063
max_error: 0.7674107985116052
variance: 0.014695669894432637
pearson: 0.029211773020010046
p-valu: 2.053867618437454e-19

AL interation 2698/4801.

mae: 0.14872191119407616
max_error: 0.767298438648254
variance: 0.014691577772572767
pearson: 0.01688115801539159
p-valu: 1.9272887800254622e-07

AL interation 2699/4801.

mae: 0.14868118055932172
max_error: 0.771984416813666
variance: 0.014650586393820537
pearson: 0.035146269050077
p-valu: 2.1820434668451365e-27

AL interation 2700/4801.

mae: 0.14862461586633918
max_error: 0.7746127076631524
variance: 0.014634055717789368
pearson: 0.030544559398779533
p-valu: 4.4471694012222246e-21

AL interation 2701/4801.

mae: 0.14861134138460033
max_error: 0.7726997430179381
variance: 0.01462806489973116
pearson: 0.028173010478904532
p-valu: 3.635933526885053e-18

AL interation 2702/4801.

mae: 0.14853286040367839
max_error: 0.7740713945655671
variance: 0.014617094877964053
pearson: 0.027162638415943723
p-valu: 5.390781612453715e-17

AL interation 2703/4801.

mae: 0.14854222077895277
max_error: 0.7737806041594695
variance: 0.014618953307594773
pearson: 0.031133127342254922
p-valu: 7.76707671964659e-22

AL interation 2704/4801.

mae: 0.14854561613512374
max_error: 0.7737552898952345
variance: 0.014619867266888225
pearson: 0.030438240436575982
p-valu: 6.086853219057392e-21

AL interation 2705/4801.

mae: 0.14852576517848018
max_error: 0.7708662289958852
variance: 0.014613048050354925
pearson: 0.014719866065257634
p-valu: 5.640875317117165e-06

AL interation 2706/4801.

mae: 0.14854217183635235
max_error: 0.7707722172635272
variance: 0.01460665236953446
pearson: 0.037651370264735626
p-valu: 3.472598279439175e-31

AL interation 2707/4801.

mae: 0.1485070097154764
max_error: 0.768966267832127
variance: 0.014608752504432823
pearson: 0.03724706109585706
p-valu: 1.4850870627681161e-30

AL interation 2708/4801.

mae: 0.14849761185671836
max_error: 0.7685995306924269
variance: 0.014608502794007414
pearson: 0.019069487102146284
p-valu: 4.080086643473853e-09

AL interation 2709/4801.

mae: 0.14850329837041953
max_error: 0.7684881215808446
variance: 0.014610083969242281
pearson: 0.026824368036256006
p-valu: 1.3044983468932238e-16

AL interation 2710/4801.

mae: 0.14863876134494325
max_error: 0.7716705485296416
variance: 0.01461667426692801
pearson: 0.031300988332847224
p-valu: 4.708163242011078e-22

AL interation 2711/4801.

mae: 0.14863365657190172
max_error: 0.7718988467330519
variance: 0.014616582964479187
pearson: 0.03310810837863546
p-valu: 1.7512793997621844e-24

AL interation 2712/4801.

mae: 0.1486249010503434
max_error: 0.7719780195878343
variance: 0.014613569323299947
pearson: 0.03817951975807811
p-valu: 5.110009848393215e-32

AL interation 2713/4801.

mae: 0.14862332256544353
max_error: 0.7708902633771686
variance: 0.014606459548401842
pearson: 0.02083081700797095
p-valu: 1.3270363625714967e-10

AL interation 2714/4801.

mae: 0.14864371752406413
max_error: 0.7710823320680333
variance: 0.014611689992081902
pearson: 0.021606397768357197
p-valu: 2.6785048374118866e-11

AL interation 2715/4801.

mae: 0.14866190539180574
max_error: 0.7717555193208909
variance: 0.014607335984501766
pearson: 0.03206251521254731
p-valu: 4.638889182958778e-23

AL interation 2716/4801.

mae: 0.14870063995078564
max_error: 0.7715239550367414
variance: 0.014612189587262282
pearson: 0.02271881235549387
p-valu: 2.446758825838101e-12

AL interation 2717/4801.

mae: 0.14872342185056306
max_error: 0.7709446232453274
variance: 0.014612171689215256
pearson: 0.025014051911744398
p-valu: 1.2162763855313175e-14

AL interation 2718/4801.

mae: 0.14876011045707652
max_error: 0.7706524468810585
variance: 0.01460818341497473
pearson: 0.018639578316438494
p-valu: 9.030173497501181e-09

AL interation 2719/4801.

mae: 0.14875147455846818
max_error: 0.7696266553902547
variance: 0.014597478050894987
pearson: 0.022303164966552866
p-valu: 6.070200940472473e-12

AL interation 2720/4801.

mae: 0.1487482358863844
max_error: 0.7695377830194161
variance: 0.014597106306288583
pearson: 0.030747841255979236
p-valu: 2.4653582391563256e-21

AL interation 2721/4801.

mae: 0.1487154434454557
max_error: 0.7694286731070292
variance: 0.01457373739947688
pearson: 0.0359488261084468
p-valu: 1.4311270939354758e-28

AL interation 2722/4801.

mae: 0.14870355900074028
max_error: 0.7699434987226823
variance: 0.014566973730122683
pearson: 0.0323021616095476
p-valu: 2.2183991376845526e-23

AL interation 2723/4801.

mae: 0.14865437416535437
max_error: 0.7692871997780344
variance: 0.014559088807261146
pearson: 0.023582182685431365
p-valu: 3.5321467892774e-13

AL interation 2724/4801.

mae: 0.1486556473893296
max_error: 0.7692409221068601
variance: 0.01455919300134105
pearson: 0.03813578118349656
p-valu: 6.049964769331222e-32

AL interation 2725/4801.

mae: 0.1486448018845817
max_error: 0.7683358825493656
variance: 0.014556522717187445
pearson: 0.02942783177013526
p-valu: 1.1295673321365883e-19

AL interation 2726/4801.

mae: 0.14858043772190513
max_error: 0.7709264221458625
variance: 0.014544050875422121
pearson: 0.035179056694289126
p-valu: 1.9866032683488462e-27

AL interation 2727/4801.

mae: 0.14855792884985944
max_error: 0.7706972156115057
variance: 0.01454194446990994
pearson: 0.028222483116093086
p-valu: 3.2119543774744368e-18

AL interation 2728/4801.

mae: 0.1484994843318641
max_error: 0.77157508979775
variance: 0.014538252101226785
pearson: 0.01705447973220153
p-valu: 1.4496021713619362e-07

AL interation 2729/4801.

mae: 0.1484929471293683
max_error: 0.7693085646517375
variance: 0.014528805811446542
pearson: 0.03232230888367933
p-valu: 2.0915582570765314e-23

AL interation 2730/4801.

mae: 0.14848911563264
max_error: 0.7690746935878678
variance: 0.01452652492578228
pearson: 0.044009159699646916
p-valu: 5.5633549548760305e-42

AL interation 2731/4801.

mae: 0.14837468357504538
max_error: 0.7657081196816762
variance: 0.014511546351983765
pearson: 0.02348700428476271
p-valu: 4.397963717949239e-13

AL interation 2732/4801.

mae: 0.14835483043979758
max_error: 0.7655912537684344
variance: 0.01451596254453558
pearson: 0.028201980221879183
p-valu: 3.4029375560801187e-18

AL interation 2733/4801.

mae: 0.14836991218795595
max_error: 0.7639368062317544
variance: 0.014524073651290926
pearson: 0.03734903270557746
p-valu: 1.0501086462548949e-30

AL interation 2734/4801.

mae: 0.14837347935632447
max_error: 0.7657449468795221
variance: 0.014506250279175386
pearson: 0.029335770256845084
p-valu: 1.471385878161722e-19

AL interation 2735/4801.

mae: 0.14837133170921862
max_error: 0.7655264697310713
variance: 0.01450853318258464
pearson: 0.02877969293105556
p-valu: 6.977476006604792e-19

AL interation 2736/4801.

mae: 0.14836593159146444
max_error: 0.765516717780713
variance: 0.014508736161978444
pearson: 0.017270248903245883
p-valu: 1.0085976288150223e-07

AL interation 2737/4801.

mae: 0.14836533888028458
max_error: 0.7654481721987167
variance: 0.014505165068171148
pearson: 0.028644237185745047
p-valu: 1.0156834676385135e-18

AL interation 2738/4801.

mae: 0.14836730032417814
max_error: 0.7654917340062184
variance: 0.014504584629951583
pearson: 0.03359590262656085
p-valu: 3.7257576768754256e-25

AL interation 2739/4801.

mae: 0.1483249531523676
max_error: 0.7644853108764664
variance: 0.014505177011886814
pearson: 0.024998088152594876
p-valu: 1.273004680961976e-14

AL interation 2740/4801.

mae: 0.14835803310121953
max_error: 0.7633064957498163
variance: 0.014512101899678697
pearson: 0.03564364402612644
p-valu: 4.133058722379178e-28

AL interation 2741/4801.

mae: 0.14837235010235927
max_error: 0.763441359422302
variance: 0.0145108882254041
pearson: 0.03178861573658236
p-valu: 1.089664364653498e-22

AL interation 2742/4801.

mae: 0.14839827630772004
max_error: 0.7631098480362084
variance: 0.01451765490985757
pearson: 0.019376984220794247
p-valu: 2.305241015359482e-09

AL interation 2743/4801.

mae: 0.14837254164901748
max_error: 0.7627117268218058
variance: 0.014504386717791624
pearson: 0.020513673382738438
p-valu: 2.5287589035545755e-10

AL interation 2744/4801.

mae: 0.14831705324727718
max_error: 0.762128920857208
variance: 0.01451060005364379
pearson: 0.009494723250865153
p-valu: 0.0034185277371251935

AL interation 2745/4801.

mae: 0.14832853606280944
max_error: 0.7619883039649267
variance: 0.014516939103503304
pearson: 0.024697201344556993
p-valu: 2.62767758103986e-14

AL interation 2746/4801.

mae: 0.14829876165861372
max_error: 0.7620404931236635
variance: 0.014514743809944945
pearson: 0.029586153605653028
p-valu: 7.27140465040329e-20

AL interation 2747/4801.

mae: 0.14832475708167783
max_error: 0.7627348761993176
variance: 0.014530499974245046
pearson: 0.032962422695437484
p-valu: 2.8364710304857958e-24

AL interation 2748/4801.

mae: 0.14830597073441945
max_error: 0.7634592481487061
variance: 0.01451628800801932
pearson: 0.024180469970148298
p-valu: 8.922063992652099e-14

AL interation 2749/4801.

mae: 0.1482868082261059
max_error: 0.7636347585150247
variance: 0.014507693416149669
pearson: 0.033110986993153305
p-valu: 1.7722087341590666e-24

AL interation 2750/4801.

mae: 0.14829107703888286
max_error: 0.7635244223621953
variance: 0.014508021338299776
pearson: 0.02887129570820467
p-valu: 5.444981315880942e-19

AL interation 2751/4801.

mae: 0.14831128915709257
max_error: 0.762620379188661
variance: 0.014518515710458743
pearson: 0.027764726084013525
p-valu: 1.1149760449175996e-17

AL interation 2752/4801.

mae: 0.14802782838965686
max_error: 0.7630426488519788
variance: 0.014553515620351582
pearson: 0.016920816969675512
p-valu: 1.8187537463288064e-07

AL interation 2753/4801.

mae: 0.14801476956193757
max_error: 0.7636549746890751
variance: 0.014555916837885822
pearson: 0.02467813545339783
p-valu: 2.7568634767074655e-14

AL interation 2754/4801.

mae: 0.14801963490256229
max_error: 0.7656668050728399
variance: 0.01455651751983454
pearson: 0.02121839398360243
p-valu: 6.062772211662801e-11

AL interation 2755/4801.

mae: 0.1480191244291374
max_error: 0.765681649233386
variance: 0.01455643347328771
pearson: 0.03610923875739147
p-valu: 8.404841979489057e-29

AL interation 2756/4801.

mae: 0.1480192723119804
max_error: 0.7656803083633008
variance: 0.014556473806040344
pearson: 0.020362928172405873
p-valu: 3.4230024947867006e-10

AL interation 2757/4801.

mae: 0.14789071749093097
max_error: 0.761328628356921
variance: 0.014566369009323104
pearson: 0.03374566566693733
p-valu: 2.3208340969398538e-25

AL interation 2758/4801.

mae: 0.14783888061953332
max_error: 0.7566544568381346
variance: 0.01456470690517111
pearson: 0.03415774800129074
p-valu: 6.061344735523674e-26

AL interation 2759/4801.

mae: 0.14783106212368835
max_error: 0.7594123739426095
variance: 0.014571344637494796
pearson: 0.02857052825944269
p-valu: 1.2558130946832255e-18

AL interation 2760/4801.

mae: 0.14779459954264743
max_error: 0.7584856283855288
variance: 0.014565165491406594
pearson: 0.023002760504048803
p-valu: 1.3193507491063776e-12

AL interation 2761/4801.

mae: 0.14779693391624743
max_error: 0.7589396726019118
variance: 0.014568312266832023
pearson: 0.027410136957889124
p-valu: 2.8738131964723594e-17

AL interation 2762/4801.

mae: 0.1477992565793711
max_error: 0.7595931296683034
variance: 0.01458515621905744
pearson: 0.03147901241943459
p-valu: 2.823264565471925e-22

AL interation 2763/4801.

mae: 0.14780785114646386
max_error: 0.7594881990140152
variance: 0.0145846000339085
pearson: 0.016535642013831946
p-valu: 3.434403039027578e-07

AL interation 2764/4801.

mae: 0.14788667733255564
max_error: 0.7563497397604806
variance: 0.014591497422266802
pearson: 0.018038265818212246
p-valu: 2.67926661806531e-08

AL interation 2765/4801.

mae: 0.14791646252282545
max_error: 0.7577123746716552
variance: 0.014598718016138545
pearson: 0.03113598291920456
p-valu: 7.9385298685695945e-22

AL interation 2766/4801.

mae: 0.14792994296434403
max_error: 0.7602869994097432
variance: 0.014595871559996686
pearson: 0.030758293032852758
p-valu: 2.4434768664037713e-21

AL interation 2767/4801.

mae: 0.1479352980100415
max_error: 0.7604500308909792
variance: 0.014605492496415915
pearson: 0.03517490727430788
p-valu: 2.066855934985326e-27

AL interation 2768/4801.

mae: 0.14793912098080142
max_error: 0.7595231475501123
variance: 0.014601272824320829
pearson: 0.026138662547592506
p-valu: 7.685539047098143e-16

AL interation 2769/4801.

mae: 0.1479299827090415
max_error: 0.7617688328493841
variance: 0.014613794622452107
pearson: 0.018576739856273644
p-valu: 1.0216875084437826e-08

AL interation 2770/4801.

mae: 0.14780681921600058
max_error: 0.7616702801759061
variance: 0.014606749661918243
pearson: 0.02024360113131706
p-valu: 4.3467270163803825e-10

AL interation 2771/4801.

mae: 0.14777553656914108
max_error: 0.7612192616354605
variance: 0.014604460101797357
pearson: 0.036954739141108264
p-valu: 4.3930383653933834e-30

AL interation 2772/4801.

mae: 0.14777929912744178
max_error: 0.7613412673340463
variance: 0.014604999887599135
pearson: 0.020371451224402582
p-valu: 3.3770898510130584e-10

AL interation 2773/4801.

mae: 0.1476554910018329
max_error: 0.7635034774210112
variance: 0.01458664393073467
pearson: 0.023187375066038584
p-valu: 8.759619641276334e-13

AL interation 2774/4801.

mae: 0.14765584157318817
max_error: 0.7634867805042518
variance: 0.01458973809986206
pearson: 0.022379180630639053
p-valu: 5.220653846849107e-12

AL interation 2775/4801.

mae: 0.14769081206330698
max_error: 0.7636932990788523
variance: 0.01460268137413431
pearson: 0.017708831783432504
p-valu: 4.780076189139285e-08

AL interation 2776/4801.

mae: 0.14767676996386467
max_error: 0.7643793126096625
variance: 0.014599553019120092
pearson: 0.017419117483412426
p-valu: 7.875957976497785e-08

AL interation 2777/4801.

mae: 0.14767199277541632
max_error: 0.764307713599294
variance: 0.01459919817090169
pearson: 0.02645752079097267
p-valu: 3.4326887987481395e-16

AL interation 2778/4801.

mae: 0.14745925268286045
max_error: 0.7632288862986911
variance: 0.014570553450857511
pearson: 0.031204045794653107
p-valu: 6.515460882117214e-22

AL interation 2779/4801.

mae: 0.14743145229090873
max_error: 0.7635396701743957
variance: 0.014569612631782466
pearson: 0.03184485863799171
p-valu: 9.355103522058664e-23

AL interation 2780/4801.

mae: 0.14742626680775872
max_error: 0.7636670210362126
variance: 0.014568957064128392
pearson: 0.02772106710092673
p-valu: 1.2672814152613558e-17

AL interation 2781/4801.

mae: 0.1474177519560548
max_error: 0.7561026225430396
variance: 0.01452241353997151
pearson: 0.039841190152226556
p-valu: 1.0794018127162387e-34

AL interation 2782/4801.

mae: 0.14741437009689715
max_error: 0.7564009791691433
variance: 0.014509647363880251
pearson: 0.02606335961453475
p-valu: 9.336001420583227e-16

AL interation 2783/4801.

mae: 0.14739213654333821
max_error: 0.7569164124944336
variance: 0.014510604036158439
pearson: 0.027527560704468275
p-valu: 2.1236900085622625e-17

AL interation 2784/4801.

mae: 0.14739488806317091
max_error: 0.7569554196093691
variance: 0.01451521686677614
pearson: 0.028445583549125193
p-valu: 1.788010884419864e-18

AL interation 2785/4801.

mae: 0.14740981712669274
max_error: 0.7568976481442746
variance: 0.014511629526190086
pearson: 0.021197170306805894
p-valu: 6.379229192408334e-11

AL interation 2786/4801.

mae: 0.14735017340531495
max_error: 0.7561491290505842
variance: 0.014519172870479142
pearson: 0.02007726981784337
p-valu: 6.045939346197528e-10

AL interation 2787/4801.

mae: 0.14728697049827003
max_error: 0.7562405183373357
variance: 0.014512124722082624
pearson: 0.024401653176379566
p-valu: 5.368508178100291e-14

AL interation 2788/4801.

mae: 0.14726584118177516
max_error: 0.7555791351409766
variance: 0.01450645095656764
pearson: 0.020041074048326484
p-valu: 6.491742616355407e-10

AL interation 2789/4801.

mae: 0.14726834245799986
max_error: 0.7556853387436604
variance: 0.014504809030729166
pearson: 0.0399543190651972
p-valu: 7.050323341690644e-35

AL interation 2790/4801.

mae: 0.14726569124103123
max_error: 0.7556699396475892
variance: 0.014505288488095234
pearson: 0.024192624437860747
p-valu: 8.781006097558235e-14

AL interation 2791/4801.

mae: 0.1472751005206342
max_error: 0.7566421272171056
variance: 0.014525457833970223
pearson: 0.02134920048984023
p-valu: 4.665387544954766e-11

AL interation 2792/4801.

mae: 0.14727691794459646
max_error: 0.7568780544564788
variance: 0.01452629156596046
pearson: 0.022707920645721448
p-valu: 2.5567703112373213e-12

AL interation 2793/4801.

mae: 0.14727691955577962
max_error: 0.7568780586442472
variance: 0.014526291498231465
pearson: 0.029269923481769787
p-valu: 1.8176979838349344e-19

AL interation 2794/4801.

mae: 0.14724541639512365
max_error: 0.7612586916899886
variance: 0.014529397083974431
pearson: 0.025727646111988703
p-valu: 2.1694770255075145e-15

AL interation 2795/4801.

mae: 0.1471932237857625
max_error: 0.7537633960357084
variance: 0.014518540666789134
pearson: 0.021146156473496682
p-valu: 7.101502125214335e-11

AL interation 2796/4801.

mae: 0.14719714632671496
max_error: 0.7530570877018476
variance: 0.014521975797723517
pearson: 0.017855624275413335
p-valu: 3.713639492805523e-08

AL interation 2797/4801.

mae: 0.14719729941682164
max_error: 0.7530376737764186
variance: 0.014521690006594578
pearson: 0.02897206343203027
p-valu: 4.195576831954669e-19

AL interation 2798/4801.

mae: 0.1472017256328508
max_error: 0.7522456808794686
variance: 0.014524928858023076
pearson: 0.027263039454660923
p-valu: 4.294209044589875e-17

AL interation 2799/4801.

mae: 0.14721071623463777
max_error: 0.7518002436655706
variance: 0.0145230684480754
pearson: 0.0251400888944867
p-valu: 9.199436651339224e-15

AL interation 2800/4801.

mae: 0.14721129091324037
max_error: 0.7518429805077176
variance: 0.014523930491406233
pearson: 0.02375976280963219
p-valu: 2.403491619338874e-13

AL interation 2801/4801.

mae: 0.14718651647936154
max_error: 0.7504126399726374
variance: 0.014520108090191023
pearson: 0.023692173782427724
p-valu: 2.807755345908352e-13

AL interation 2802/4801.

mae: 0.14718359376639545
max_error: 0.7503846399375789
variance: 0.014519305152365974
pearson: 0.028325558577835773
p-valu: 2.5005637087633046e-18

AL interation 2803/4801.

mae: 0.14722235797049013
max_error: 0.7505091751931445
variance: 0.014529001144544636
pearson: 0.018184572843463708
p-valu: 2.0805913115446614e-08

AL interation 2804/4801.

mae: 0.1472166852523583
max_error: 0.7506207784341541
variance: 0.014527326137699874
pearson: 0.017734593182929678
p-valu: 4.592373313898584e-08

AL interation 2805/4801.

mae: 0.1472248293261267
max_error: 0.7508493313732743
variance: 0.014529356668210706
pearson: 0.03101170753373833
p-valu: 1.1733401194533344e-21

AL interation 2806/4801.

mae: 0.14722280106409033
max_error: 0.7508793723054623
variance: 0.014534455484965835
pearson: 0.027344770640228944
p-valu: 3.4737262168812044e-17

AL interation 2807/4801.

mae: 0.14721553949317298
max_error: 0.7507873329786321
variance: 0.014551078077515694
pearson: 0.023446674497380283
p-valu: 4.92391650880575e-13

AL interation 2808/4801.

mae: 0.1472123059011491
max_error: 0.7515175444868873
variance: 0.014556557850909408
pearson: 0.02214377148850162
p-valu: 8.754125477832143e-12

AL interation 2809/4801.

mae: 0.14721900960231224
max_error: 0.7517105775002619
variance: 0.014560838529538768
pearson: 0.027962343730788645
p-valu: 6.710817896096831e-18

AL interation 2810/4801.

mae: 0.14723107334452015
max_error: 0.7515907119042708
variance: 0.014560836610459552
pearson: 0.0332927293594014
p-valu: 1.0271795581280537e-24

AL interation 2811/4801.

mae: 0.14721182212096037
max_error: 0.7505691572344517
variance: 0.01455770733374482
pearson: 0.021176458378134925
p-valu: 6.696989224782656e-11

AL interation 2812/4801.

mae: 0.14722903290530798
max_error: 0.740285013336802
variance: 0.014512339085271816
pearson: 0.039626273495358404
p-valu: 2.506632244795118e-34

AL interation 2813/4801.

mae: 0.147108290643261
max_error: 0.7384846547124653
variance: 0.014494363622493633
pearson: 0.02570726386816667
p-valu: 2.2966801894688044e-15

AL interation 2814/4801.

mae: 0.14690479355834887
max_error: 0.7383588944966846
variance: 0.014425752882811886
pearson: 0.03860927507212554
p-valu: 1.133736603324718e-32

AL interation 2815/4801.

mae: 0.146899701544592
max_error: 0.7382419387297432
variance: 0.014419535378159164
pearson: 0.03495409145438627
p-valu: 4.4750759777769394e-27

AL interation 2816/4801.

mae: 0.14690625961136464
max_error: 0.7390505772972347
variance: 0.01444068811752836
pearson: 0.03232880843065834
p-valu: 2.146103774090431e-23

AL interation 2817/4801.

mae: 0.14701993925777812
max_error: 0.7403689144977648
variance: 0.014394060685075084
pearson: 0.030569213913407486
p-valu: 4.371309256933597e-21

AL interation 2818/4801.

mae: 0.14704468174465116
max_error: 0.742771075037922
variance: 0.014371918763664521
pearson: 0.031683903423275844
p-valu: 1.559521186813305e-22

AL interation 2819/4801.

mae: 0.14700944207586253
max_error: 0.7429798545834956
variance: 0.01435244260535606
pearson: 0.023442326863674593
p-valu: 4.989470950815639e-13

AL interation 2820/4801.

mae: 0.14699655873155285
max_error: 0.7423779949274945
variance: 0.014350660346796482
pearson: 0.04308392561834227
p-valu: 2.8684284044326035e-40

AL interation 2821/4801.

mae: 0.14694640802274023
max_error: 0.7418229999111645
variance: 0.014331888264838116
pearson: 0.04188735264173911
p-valu: 3.722774852977912e-38

AL interation 2822/4801.

mae: 0.1467928335401764
max_error: 0.7356291765585183
variance: 0.014288882226045399
pearson: 0.03981709208833757
p-valu: 1.222730554802698e-34

AL interation 2823/4801.

mae: 0.14675758500546152
max_error: 0.7324924582069912
variance: 0.014290979148132484
pearson: 0.030394811255877254
p-valu: 7.30725133608507e-21

AL interation 2824/4801.

mae: 0.14681228401281404
max_error: 0.727165183296222
variance: 0.014302337201951804
pearson: 0.027811653060507043
p-valu: 1.0118358849434116e-17

AL interation 2825/4801.

mae: 0.14673735334453306
max_error: 0.7252591870194465
variance: 0.014286392536413773
pearson: 0.03159432550742108
p-valu: 2.0547286938142076e-22

AL interation 2826/4801.

mae: 0.14673793643854752
max_error: 0.725025750659313
variance: 0.014286819609807872
pearson: 0.03698488402641417
p-valu: 4.100453739771552e-30

AL interation 2827/4801.

mae: 0.14664909844098534
max_error: 0.7218668719538073
variance: 0.014271575961084063
pearson: 0.042126288081191496
p-valu: 1.4322484800934364e-38

AL interation 2828/4801.

mae: 0.14664648224001706
max_error: 0.7217451563231521
variance: 0.014267465469307291
pearson: 0.032631137810699776
p-valu: 8.41391706921027e-24

AL interation 2829/4801.

mae: 0.14664120438932549
max_error: 0.7217291983861855
variance: 0.014267565390530116
pearson: 0.0336950583717998
p-valu: 2.849207522687975e-25

AL interation 2830/4801.

mae: 0.1465892023971665
max_error: 0.7216975754868145
variance: 0.014251036599888354
pearson: 0.0218338136680016
p-valu: 1.7049972985795253e-11

AL interation 2831/4801.

mae: 0.14658958665277244
max_error: 0.7219180837893191
variance: 0.0142482628344081
pearson: 0.021379757138997202
p-valu: 4.419799900050917e-11

AL interation 2832/4801.

mae: 0.1466087240789783
max_error: 0.7218488386047852
variance: 0.014253841598954972
pearson: 0.03222991613833514
p-valu: 2.940476409583206e-23

AL interation 2833/4801.

mae: 0.1462612805184898
max_error: 0.7244452074042442
variance: 0.014248257180717297
pearson: 0.03271724523995334
p-valu: 6.439957393174808e-24

AL interation 2834/4801.

mae: 0.14626281645059408
max_error: 0.7244866573828972
variance: 0.014248107010504003
pearson: 0.034927367140076354
p-valu: 4.951896445328458e-27

AL interation 2835/4801.

mae: 0.1461914831301716
max_error: 0.7240674461851313
variance: 0.014274784247873259
pearson: 0.027513029654879995
p-valu: 2.2516195730263517e-17

AL interation 2836/4801.

mae: 0.14619499598329083
max_error: 0.7239932777254694
variance: 0.01427152645572015
pearson: 0.018559810448582414
p-valu: 1.0661743233120053e-08

AL interation 2837/4801.

mae: 0.1460909523020062
max_error: 0.7248943947128623
variance: 0.01426839705165117
pearson: 0.018915186884842845
p-valu: 5.5639870284413665e-09

AL interation 2838/4801.

mae: 0.146096986000864
max_error: 0.7252170503327875
variance: 0.01426870772242878
pearson: 0.025645336602056045
p-valu: 2.7000984835577892e-15

AL interation 2839/4801.

mae: 0.1460734100103033
max_error: 0.7227133755917521
variance: 0.014246114379830551
pearson: 0.027768099772333583
p-valu: 1.1436163187242516e-17

AL interation 2840/4801.

mae: 0.14607428171586867
max_error: 0.722434651022354
variance: 0.014244602243838061
pearson: 0.027350434885774405
p-valu: 3.466676691829178e-17

AL interation 2841/4801.

mae: 0.1460255007123533
max_error: 0.7185065900068821
variance: 0.014244256364658888
pearson: 0.015103735476951208
p-valu: 3.2479391795816124e-06

AL interation 2842/4801.

mae: 0.14582624373610464
max_error: 0.7188844850688838
variance: 0.014234228697628982
pearson: 0.029859952134542542
p-valu: 3.4695553121041624e-20

AL interation 2843/4801.

mae: 0.14580531534531102
max_error: 0.7152319401585032
variance: 0.014232784797015703
pearson: 0.023628414816508913
p-valu: 3.2881227522715826e-13

AL interation 2844/4801.

mae: 0.1458179392785764
max_error: 0.7155089956389702
variance: 0.01423251942262051
pearson: 0.017034444636248983
p-valu: 1.5254225544829252e-07

AL interation 2845/4801.

mae: 0.1458277428610474
max_error: 0.7158984493964908
variance: 0.014232460978530627
pearson: 0.021848955881016343
p-valu: 1.6572033955617794e-11

AL interation 2846/4801.

mae: 0.14582619127059174
max_error: 0.7111471614006746
variance: 0.014226153332259727
pearson: 0.03613087618414594
p-valu: 8.27921917079691e-29

AL interation 2847/4801.

mae: 0.1458302017404473
max_error: 0.7134817273764611
variance: 0.01422395665830021
pearson: 0.036962412952581
p-valu: 4.504940782294171e-30

AL interation 2848/4801.

mae: 0.14583910323588484
max_error: 0.7145629562695035
variance: 0.014223992995937634
pearson: 0.03247109722399095
p-valu: 1.402209241424509e-23

AL interation 2849/4801.

mae: 0.14604864074764484
max_error: 0.7141165920609183
variance: 0.014275228370517042
pearson: 0.028286689516385036
p-valu: 2.8334895232009005e-18

AL interation 2850/4801.

mae: 0.14602718286779995
max_error: 0.7135455221451821
variance: 0.014271894312431331
pearson: 0.0272346738776898
p-valu: 4.717703684441646e-17

AL interation 2851/4801.

mae: 0.14606354813343017
max_error: 0.7137808540222181
variance: 0.0142896864717494
pearson: 0.03308071008594777
p-valu: 2.0644019494584454e-24

AL interation 2852/4801.

mae: 0.14606388484024202
max_error: 0.7137704598893038
variance: 0.014289807183917948
pearson: 0.023200935907216634
p-valu: 8.682878702200655e-13

AL interation 2853/4801.

mae: 0.1461056872193382
max_error: 0.7136018612653743
variance: 0.014292679184914904
pearson: 0.03205045070457306
p-valu: 5.172117420962502e-23

AL interation 2854/4801.

mae: 0.1460995092467529
max_error: 0.7138257456599604
variance: 0.014292165236435887
pearson: 0.041741385323875106
p-valu: 6.872824940275144e-38

AL interation 2855/4801.

mae: 0.14607372588207984
max_error: 0.7180590610364561
variance: 0.014279867547722093
pearson: 0.024311303513031957
p-valu: 6.778738831146773e-14

AL interation 2856/4801.

mae: 0.14607752486411288
max_error: 0.7179441613941435
variance: 0.014280304130606972
pearson: 0.021664739205577266
p-valu: 2.4513651564595554e-11

AL interation 2857/4801.

mae: 0.1461041601103845
max_error: 0.7209789032219192
variance: 0.01429019510530239
pearson: 0.03991742779075969
p-valu: 8.574191033603059e-35

AL interation 2858/4801.

mae: 0.14616510537576335
max_error: 0.7269300029457781
variance: 0.014318907025987085
pearson: 0.03055301227546103
p-valu: 4.673979818687561e-21

AL interation 2859/4801.

mae: 0.14614599168772202
max_error: 0.7261419648897913
variance: 0.014315156263945241
pearson: 0.02355557948267561
p-valu: 3.900377990633565e-13

AL interation 2860/4801.

mae: 0.14614473204762876
max_error: 0.7258634571662697
variance: 0.014315368590673333
pearson: 0.020138363393242747
p-valu: 5.447212228094397e-10

AL interation 2861/4801.

mae: 0.14604589635457346
max_error: 0.724274740835142
variance: 0.014296521146227157
pearson: 0.026146215341088654
p-valu: 7.787800542265625e-16

AL interation 2862/4801.

mae: 0.1460194113684112
max_error: 0.7246169688334589
variance: 0.014291935825098764
pearson: 0.02973075002340125
p-valu: 5.0686832447810066e-20

AL interation 2863/4801.

mae: 0.1459792759840186
max_error: 0.7236641674912221
variance: 0.014276022133594404
pearson: 0.021238366571569682
p-valu: 5.966072281557816e-11

AL interation 2864/4801.

mae: 0.14590573619718958
max_error: 0.7195292889315965
variance: 0.014290795290652903
pearson: 0.029917305870066756
p-valu: 2.971871959982947e-20

AL interation 2865/4801.

mae: 0.14590124602614227
max_error: 0.7167532828827348
variance: 0.01425172713894557
pearson: 0.04514900966404453
p-valu: 4.924128476320382e-44

AL interation 2866/4801.

mae: 0.14589846989047556
max_error: 0.71654412555921
variance: 0.014250829152364744
pearson: 0.03219679880007752
p-valu: 3.316149174427247e-23

AL interation 2867/4801.

mae: 0.14589509672211484
max_error: 0.7166981713640439
variance: 0.014247245840971713
pearson: 0.029626303823629525
p-valu: 6.843400224774349e-20

AL interation 2868/4801.

mae: 0.1458763929133608
max_error: 0.7165722732437416
variance: 0.014248068059327173
pearson: 0.01553253655686267
p-valu: 1.701708874400112e-06

AL interation 2869/4801.

mae: 0.1458873740317207
max_error: 0.7160295139187838
variance: 0.014251480528636808
pearson: 0.030093881119259012
p-valu: 1.790135965504663e-20

AL interation 2870/4801.

mae: 0.14586607048578862
max_error: 0.713368555644081
variance: 0.014254776284388657
pearson: 0.033147110706982376
p-valu: 1.6894734711590312e-24

AL interation 2871/4801.

mae: 0.14577003373575406
max_error: 0.7109950157993694
variance: 0.01424153835627422
pearson: 0.03215758617745279
p-valu: 3.75285349029204e-23

AL interation 2872/4801.

mae: 0.14576930979804428
max_error: 0.7109682172682028
variance: 0.014241270327346732
pearson: 0.03438773198208858
p-valu: 3.0445896183846713e-26

AL interation 2873/4801.

mae: 0.14569349793132938
max_error: 0.707646786466853
variance: 0.014231358760818538
pearson: 0.03803493838934132
p-valu: 9.747055021688172e-32

AL interation 2874/4801.

mae: 0.14570905973642834
max_error: 0.708492601017042
variance: 0.014234140805338583
pearson: 0.02716806542695065
p-valu: 5.668062185809537e-17

AL interation 2875/4801.

mae: 0.14560203933556376
max_error: 0.7055884083577553
variance: 0.014218818622598633
pearson: 0.01745646664535503
p-valu: 7.504266433899309e-08

AL interation 2876/4801.

mae: 0.14557433226887068
max_error: 0.704802716543611
variance: 0.01421535353418458
pearson: 0.034062547249921395
p-valu: 8.870788035111937e-26

AL interation 2877/4801.

mae: 0.14560864382865907
max_error: 0.7056256499449773
variance: 0.014208915822900224
pearson: 0.02929680341660667
p-valu: 1.74774170168881e-19

AL interation 2878/4801.

mae: 0.14561992343205055
max_error: 0.7072691681515266
variance: 0.014214456660813673
pearson: 0.029824042245786518
p-valu: 3.908890498190543e-20

AL interation 2879/4801.

mae: 0.14556993012305394
max_error: 0.7067766976707048
variance: 0.014221373235672697
pearson: 0.010980930112945547
p-valu: 0.0007164647415912084

AL interation 2880/4801.

mae: 0.14556288338921797
max_error: 0.7068195519292999
variance: 0.014205016042333424
pearson: 0.01558186478543286
p-valu: 1.5798657135489544e-06

AL interation 2881/4801.

mae: 0.1455559146872463
max_error: 0.7067103111616007
variance: 0.014209255314497954
pearson: 0.04179934908213812
p-valu: 5.582713185364333e-38

AL interation 2882/4801.

mae: 0.14551013943446936
max_error: 0.7066443194135559
variance: 0.014213109975374871
pearson: 0.022678470538386744
p-valu: 2.79303102219735e-12

AL interation 2883/4801.

mae: 0.1455098134144883
max_error: 0.7070444908330842
variance: 0.014211619108255564
pearson: 0.03578187235038167
p-valu: 2.8227118281246636e-28

AL interation 2884/4801.

mae: 0.14506705635766087
max_error: 0.7086448064218871
variance: 0.014142728323505218
pearson: 0.014977785876164006
p-valu: 3.9381464286186575e-06

AL interation 2885/4801.

mae: 0.14507321222856737
max_error: 0.7096336298791925
variance: 0.014147191385444747
pearson: 0.02389758737865365
p-valu: 1.7929796293331533e-13

AL interation 2886/4801.

mae: 0.1449049009860502
max_error: 0.6996002838446316
variance: 0.014101926784404601
pearson: 0.04085646876408598
p-valu: 2.3308550838145825e-36

AL interation 2887/4801.

mae: 0.14487029012499625
max_error: 0.6996299964887953
variance: 0.014098936607285369
pearson: 0.04396444371448861
p-valu: 7.824462973668442e-42

AL interation 2888/4801.

mae: 0.14484042767642868
max_error: 0.6955330972756997
variance: 0.014091160850053875
pearson: 0.02245163495036798
p-valu: 4.592501922455192e-12

AL interation 2889/4801.

mae: 0.14481971867501756
max_error: 0.696294916726913
variance: 0.014082638105394453
pearson: 0.03785358091886953
p-valu: 1.9056296622692443e-31

AL interation 2890/4801.

mae: 0.1448184205138806
max_error: 0.6970034839334289
variance: 0.01408450707396262
pearson: 0.02522171190868027
p-valu: 7.768204359226441e-15

AL interation 2891/4801.

mae: 0.14481858235974948
max_error: 0.6963880110685068
variance: 0.014081651711160359
pearson: 0.028100945229215454
p-valu: 4.7700968284183355e-18

AL interation 2892/4801.

mae: 0.14482765965195102
max_error: 0.6966184030271165
variance: 0.014082494218029248
pearson: 0.031588132508472866
p-valu: 2.16565861339522e-22

AL interation 2893/4801.

mae: 0.1445486750643824
max_error: 0.6945044994791374
variance: 0.014053601412951167
pearson: 0.027360988643351326
p-valu: 3.4401088064129006e-17

AL interation 2894/4801.

mae: 0.1445174819066761
max_error: 0.6954007992604829
variance: 0.01405954755242859
pearson: 0.022704389307339194
p-valu: 2.6467441390043766e-12

AL interation 2895/4801.

mae: 0.14447035182051488
max_error: 0.6951557154885109
variance: 0.014055823361246046
pearson: 0.01690991472238583
p-valu: 1.8916360057029526e-07

AL interation 2896/4801.

mae: 0.1444618785001324
max_error: 0.6950424544077123
variance: 0.014050581347662228
pearson: 0.03095669359230553
p-valu: 1.4445007596951029e-21

AL interation 2897/4801.

mae: 0.14445860148578843
max_error: 0.6941366702303071
variance: 0.014050803325028149
pearson: 0.028023728736702787
p-valu: 5.889967638378476e-18

AL interation 2898/4801.

mae: 0.1444555132706224
max_error: 0.6940329942684684
variance: 0.01405019160584427
pearson: 0.031681949725536375
p-valu: 1.633797814704066e-22

AL interation 2899/4801.

mae: 0.14458185929630202
max_error: 0.6911372800238951
variance: 0.014043158843985826
pearson: 0.0232956906209013
p-valu: 7.107493237359502e-13

AL interation 2900/4801.

mae: 0.14458582875221143
max_error: 0.691058522685637
variance: 0.014040454070438937
pearson: 0.025345087638898454
p-valu: 5.768031827638549e-15

AL interation 2901/4801.

mae: 0.14462675862617058
max_error: 0.6908096976063121
variance: 0.014067054081114918
pearson: 0.011825176391684102
p-valu: 0.0002695778012388542

AL interation 2902/4801.

mae: 0.14448801514564588
max_error: 0.6889787525956876
variance: 0.014083848872746038
pearson: 0.014818847522790415
p-valu: 4.9898648034049484e-06

AL interation 2903/4801.

mae: 0.1444885158022186
max_error: 0.6890333109296876
variance: 0.014083169792562987
pearson: 0.02777095060689618
p-valu: 1.163682187149753e-17

AL interation 2904/4801.

mae: 0.14450280298392984
max_error: 0.6891480212007082
variance: 0.014088450594348661
pearson: 0.032727968063587534
p-valu: 6.4705140232590814e-24

AL interation 2905/4801.

mae: 0.14450300662912566
max_error: 0.6891385690416882
variance: 0.014088391555821523
pearson: 0.036128917617729975
p-valu: 8.66565319908625e-29

AL interation 2906/4801.

mae: 0.14451519119605816
max_error: 0.6906332409968172
variance: 0.014066682723291538
pearson: 0.015558812871977978
p-valu: 1.6422453275618682e-06

AL interation 2907/4801.

mae: 0.14451986832253844
max_error: 0.6903963761901082
variance: 0.014067373582078982
pearson: 0.035528067734240124
p-valu: 6.820963423586694e-28

AL interation 2908/4801.

mae: 0.1444466527265736
max_error: 0.691888080430374
variance: 0.01406192036349418
pearson: 0.0220825142902024
p-valu: 1.0235031808792451e-11

AL interation 2909/4801.

mae: 0.14441779982781192
max_error: 0.6923679287679079
variance: 0.014063330810450836
pearson: 0.029478217177653775
p-valu: 1.0617070971174714e-19

AL interation 2910/4801.

mae: 0.1444145200143098
max_error: 0.6922803603021066
variance: 0.014062408005734658
pearson: 0.038189259337373285
p-valu: 5.703342257553231e-32

AL interation 2911/4801.

mae: 0.1443778946335425
max_error: 0.6946299364374227
variance: 0.014066201236037456
pearson: 0.03961857661685723
p-valu: 2.791049320259973e-34

AL interation 2912/4801.

mae: 0.14431347601102967
max_error: 0.6943549490439977
variance: 0.014031032122911905
pearson: 0.017534226602837277
p-valu: 6.606053260555089e-08

AL interation 2913/4801.

mae: 0.14430857180959855
max_error: 0.6938900192138249
variance: 0.01401983186196582
pearson: 0.0245050252425539
p-valu: 4.3694312858449804e-14

AL interation 2914/4801.

mae: 0.1443796506930877
max_error: 0.6937893777321733
variance: 0.014013573472743233
pearson: 0.03029156540290105
p-valu: 1.0301058422819187e-20

AL interation 2915/4801.

mae: 0.1443834959032441
max_error: 0.6937985305690404
variance: 0.014013719852189188
pearson: 0.0325007621612804
p-valu: 1.324857470600067e-23

AL interation 2916/4801.

mae: 0.14438058064741274
max_error: 0.6938322911102546
variance: 0.014013066045649211
pearson: 0.030413986457649207
p-valu: 7.216280473063793e-21

AL interation 2917/4801.

mae: 0.14437811714446025
max_error: 0.6942649102111318
variance: 0.014008206484313397
pearson: 0.03167800439921696
p-valu: 1.6695242062947101e-22

AL interation 2918/4801.

mae: 0.14439846824953734
max_error: 0.693226318100983
variance: 0.014009727901704771
pearson: 0.021506759367220504
p-valu: 3.4633430404766373e-11

AL interation 2919/4801.

mae: 0.1444045631598216
max_error: 0.6932558220333931
variance: 0.014009881940658211
pearson: 0.03487954203067864
p-valu: 6.122728022505799e-27

AL interation 2920/4801.

mae: 0.14437412972937705
max_error: 0.6926174847881157
variance: 0.014011503679420405
pearson: 0.03164674507906094
p-valu: 1.8386413326203467e-22

AL interation 2921/4801.

mae: 0.14437103075210367
max_error: 0.693766397607078
variance: 0.014009487536919144
pearson: 0.02569878651834232
p-valu: 2.4320193262105656e-15

AL interation 2922/4801.

mae: 0.14436377497427094
max_error: 0.6931754384798978
variance: 0.014009038430321176
pearson: 0.028851200888345894
p-valu: 6.190672421916328e-19

AL interation 2923/4801.

mae: 0.1443296434980997
max_error: 0.6927114424842671
variance: 0.014013650103439036
pearson: 0.022461865098175847
p-valu: 4.5320777331324925e-12

AL interation 2924/4801.

mae: 0.14431328743456862
max_error: 0.6944929657627199
variance: 0.014018570307632325
pearson: 0.02541553341369585
p-valu: 4.8926551573046266e-15

AL interation 2925/4801.

mae: 0.14433315596853522
max_error: 0.6938562102010337
variance: 0.014024788287288014
pearson: 0.030441939955189283
p-valu: 6.678416780346043e-21

AL interation 2926/4801.

mae: 0.14410520628329726
max_error: 0.6928294597618105
variance: 0.014026028825651701
pearson: 0.031206113796508034
p-valu: 6.9645744674282505e-22

AL interation 2927/4801.

mae: 0.14410324722498905
max_error: 0.6926595092579646
variance: 0.014027794325615312
pearson: 0.041457296065861
p-valu: 2.2679847494028618e-37

AL interation 2928/4801.

mae: 0.14406943890668786
max_error: 0.694428639529292
variance: 0.014016973926174722
pearson: 0.03811303482964991
p-valu: 7.633453369927841e-32

AL interation 2929/4801.

mae: 0.144034556106871
max_error: 0.693434004354458
variance: 0.01401393168998223
pearson: 0.02793718415912495
p-valu: 7.530117282575049e-18

AL interation 2930/4801.

mae: 0.1440322018471709
max_error: 0.6932717022975226
variance: 0.014007902034162516
pearson: 0.04037157012773162
p-valu: 1.5901239159909943e-35

AL interation 2931/4801.

mae: 0.14400587787805585
max_error: 0.6929222412848048
variance: 0.014004789898852715
pearson: 0.033741847774579885
p-valu: 2.596859705396963e-25

AL interation 2932/4801.

mae: 0.14400701642476368
max_error: 0.6919488917464491
variance: 0.014003854326931615
pearson: 0.041144794567708795
p-valu: 7.82393167665768e-37

AL interation 2933/4801.

mae: 0.14386102842996173
max_error: 0.6900663897766321
variance: 0.01396130508368194
pearson: 0.0388919025004337
p-valu: 4.348222449241831e-33

AL interation 2934/4801.

mae: 0.14383757253282062
max_error: 0.6896206795327089
variance: 0.01396279290523042
pearson: 0.023391635886285556
p-valu: 5.779276239761544e-13

AL interation 2935/4801.

mae: 0.14379337082587637
max_error: 0.6895724855571643
variance: 0.01396840126929896
pearson: 0.02132733141335442
p-valu: 5.047999090007475e-11

AL interation 2936/4801.

mae: 0.1437681381762759
max_error: 0.68999625442666
variance: 0.013962514493097308
pearson: 0.03093230900072989
p-valu: 1.583386272633136e-21

AL interation 2937/4801.

mae: 0.14355804261052
max_error: 0.688415701866461
variance: 0.013945838890159244
pearson: 0.027805378866761245
p-valu: 1.0755681739741736e-17

AL interation 2938/4801.

mae: 0.1435418795770333
max_error: 0.6887403975617872
variance: 0.013938133552500183
pearson: 0.04123413660297193
p-valu: 5.531644580525515e-37

AL interation 2939/4801.

mae: 0.14353620016369326
max_error: 0.6883048943712993
variance: 0.01393855736539421
pearson: 0.026179979812916993
p-valu: 7.348677385828312e-16

AL interation 2940/4801.

mae: 0.1435080784468666
max_error: 0.6918953157226042
variance: 0.01394029112082736
pearson: 0.03467354191729564
p-valu: 1.231854542552341e-26

AL interation 2941/4801.

mae: 0.1435006337097436
max_error: 0.6913109292472654
variance: 0.013935162858387059
pearson: 0.02491840953475096
p-valu: 1.6444270360965725e-14

AL interation 2942/4801.

mae: 0.14348245112955285
max_error: 0.6911277327327525
variance: 0.013932598527557167
pearson: 0.03677332568947035
p-valu: 9.372915595442276e-30

AL interation 2943/4801.

mae: 0.1434827722542618
max_error: 0.6912891180538736
variance: 0.013934405261856691
pearson: 0.028299349651800323
p-valu: 2.8438916959128603e-18

AL interation 2944/4801.

mae: 0.14340128694311904
max_error: 0.6901426517666778
variance: 0.01389494770555642
pearson: 0.01634824898926322
p-valu: 4.770549930144826e-07

AL interation 2945/4801.

mae: 0.14331789079649657
max_error: 0.6869479661351079
variance: 0.013866388210133238
pearson: 0.026194558755803288
p-valu: 7.098113742235046e-16

AL interation 2946/4801.

mae: 0.1433000091984652
max_error: 0.6871620574728468
variance: 0.013864899528485382
pearson: 0.034008838816296905
p-valu: 1.101105835265383e-25

AL interation 2947/4801.

mae: 0.1432993370196751
max_error: 0.6873595307429241
variance: 0.01386438910795994
pearson: 0.01234298567708967
p-valu: 0.00014381468572747237

AL interation 2948/4801.

mae: 0.14329353483330431
max_error: 0.6876061157557842
variance: 0.01386394368266535
pearson: 0.028137381758093157
p-valu: 4.422271835717437e-18

AL interation 2949/4801.

mae: 0.14328817074781194
max_error: 0.6877132014512881
variance: 0.013861765472571478
pearson: 0.028072371244521964
p-valu: 5.273776131746738e-18

AL interation 2950/4801.

mae: 0.14327602288835675
max_error: 0.6882785927217583
variance: 0.013872610977313824
pearson: 0.04650033483205195
p-valu: 1.4499771122447851e-46

AL interation 2951/4801.

mae: 0.1432727826028261
max_error: 0.6882186096796659
variance: 0.013871768949732475
pearson: 0.04298429029422023
p-valu: 4.883507754199508e-40

AL interation 2952/4801.

mae: 0.14331791539977465
max_error: 0.6879082762237658
variance: 0.01387117537405015
pearson: 0.030623403133134594
p-valu: 3.9738319860236484e-21

AL interation 2953/4801.

mae: 0.14331460739783292
max_error: 0.6878536861435123
variance: 0.013874924005201307
pearson: 0.024870119181399312
p-valu: 1.853633402063881e-14

AL interation 2954/4801.

mae: 0.14331971969116344
max_error: 0.6877790832976416
variance: 0.013877293025212033
pearson: 0.0364603292703186
p-valu: 2.8300644977319415e-29

AL interation 2955/4801.

mae: 0.1433192423790202
max_error: 0.688251668337557
variance: 0.013876835921359614
pearson: 0.03622328431128863
p-valu: 6.45923759916676e-29

AL interation 2956/4801.

mae: 0.1432814994276725
max_error: 0.6896246721796615
variance: 0.013881379606015027
pearson: 0.02743519799629518
p-valu: 2.8973670549683996e-17

AL interation 2957/4801.

mae: 0.1432004202656171
max_error: 0.6896449648045291
variance: 0.013876037750575856
pearson: 0.027685191224446484
p-valu: 1.4939311505007025e-17

AL interation 2958/4801.

mae: 0.14327232164002732
max_error: 0.6887319412413717
variance: 0.013894009277101894
pearson: 0.017246473084217968
p-valu: 1.086533558660935e-07

AL interation 2959/4801.

mae: 0.14326851989822206
max_error: 0.6883570208063929
variance: 0.013891922530985751
pearson: 0.028216329605133265
p-valu: 3.58657280833051e-18

AL interation 2960/4801.

mae: 0.14326874506826948
max_error: 0.6883573585168961
variance: 0.013891546786190553
pearson: 0.011697958791995203
p-valu: 0.0003150607056859643

AL interation 2961/4801.

mae: 0.1432803021884719
max_error: 0.686690295344988
variance: 0.013890512396668803
pearson: 0.028508218958042394
p-valu: 1.619653014811461e-18

AL interation 2962/4801.

mae: 0.14337331071659373
max_error: 0.6867977737539945
variance: 0.013911875687643386
pearson: 0.027544147295875586
p-valu: 2.1770824768537388e-17

AL interation 2963/4801.

mae: 0.14337405533028316
max_error: 0.6867986424021524
variance: 0.01391174010162747
pearson: 0.04037760815416659
p-valu: 1.5961489906075014e-35

AL interation 2964/4801.

mae: 0.1433631263777396
max_error: 0.6866839053854505
variance: 0.01391299948812758
pearson: 0.021715495629723774
p-valu: 2.2610834878882945e-11

AL interation 2965/4801.

mae: 0.14320997103309685
max_error: 0.6864553371798934
variance: 0.013890751073954403
pearson: 0.03414396139056497
p-valu: 7.163014422412211e-26

AL interation 2966/4801.

mae: 0.14323989625709863
max_error: 0.686245513420829
variance: 0.013894883169784865
pearson: 0.028257876007625714
p-valu: 3.213128417464995e-18

AL interation 2967/4801.

mae: 0.14323917642385103
max_error: 0.6863036712845769
variance: 0.01389123235097145
pearson: 0.0386154799171759
p-valu: 1.2429944680025244e-32

AL interation 2968/4801.

mae: 0.1432713113173851
max_error: 0.6829608065731918
variance: 0.013869680007103468
pearson: 0.030342131955604063
p-valu: 9.117261891377649e-21

AL interation 2969/4801.

mae: 0.1432751765148251
max_error: 0.6831085379562865
variance: 0.013869080622927129
pearson: 0.046859066170198374
p-valu: 2.991454087420273e-47

AL interation 2970/4801.

mae: 0.14334541285300417
max_error: 0.683818859297844
variance: 0.013899156595874101
pearson: 0.041982412051511035
p-valu: 2.9012866128215657e-38

AL interation 2971/4801.

mae: 0.14334528925422121
max_error: 0.6837088754668343
variance: 0.013898564949979762
pearson: 0.043200425313095356
p-valu: 2.0434951527404468e-40

AL interation 2972/4801.

mae: 0.1433422712888942
max_error: 0.6837271904102522
variance: 0.013895958915983369
pearson: 0.025945704435391424
p-valu: 1.3384822666548276e-15

AL interation 2973/4801.

mae: 0.1433198634004891
max_error: 0.6833664739064034
variance: 0.013886206859616628
pearson: 0.033131199414767436
p-valu: 1.881542306597071e-24

AL interation 2974/4801.

mae: 0.14350308888072139
max_error: 0.6859419019634743
variance: 0.013930471596485226
pearson: 0.04134782897189731
p-valu: 3.6425145785793614e-37

AL interation 2975/4801.

mae: 0.1435634954130701
max_error: 0.687171077415087
variance: 0.01394235335912451
pearson: 0.01750063434433686
p-valu: 7.068192669609723e-08

AL interation 2976/4801.

mae: 0.14356143181851438
max_error: 0.6875049159075388
variance: 0.013935159882958452
pearson: 0.03476434199569888
p-valu: 9.31000110206221e-27

AL interation 2977/4801.

mae: 0.14350346655013044
max_error: 0.6876898008554235
variance: 0.013931236544479786
pearson: 0.03193141799232268
p-valu: 7.946542720098964e-23

AL interation 2978/4801.

mae: 0.14348888885573827
max_error: 0.688378177921777
variance: 0.013928818301529885
pearson: 0.027094883527130194
p-valu: 7.133544855560189e-17

AL interation 2979/4801.

mae: 0.14352366287551763
max_error: 0.6880537380412761
variance: 0.013936026770053697
pearson: 0.023187876762802734
p-valu: 9.257810053562276e-13

AL interation 2980/4801.

mae: 0.1435191924292251
max_error: 0.6870041108938381
variance: 0.0139325264641113
pearson: 0.022642434611933337
p-valu: 3.101328245642513e-12

AL interation 2981/4801.

mae: 0.14344074766590792
max_error: 0.6871156552819002
variance: 0.013938609332910796
pearson: 0.025753789027683764
p-valu: 2.1652105243503595e-15

AL interation 2982/4801.

mae: 0.14346611060267048
max_error: 0.687573951394711
variance: 0.013943784060960668
pearson: 0.029580696555022292
p-valu: 8.198901845404097e-20

AL interation 2983/4801.

mae: 0.1434642314749043
max_error: 0.6873370710360405
variance: 0.013933422639214812
pearson: 0.03276899909827741
p-valu: 5.937134336664222e-24

AL interation 2984/4801.

mae: 0.1434635955453606
max_error: 0.6873123639729215
variance: 0.013938915554069555
pearson: 0.030813409972091716
p-valu: 2.30465068837403e-21

AL interation 2985/4801.

mae: 0.14346267606232613
max_error: 0.6876082418074816
variance: 0.013940527271925969
pearson: 0.027052167284651776
p-valu: 7.993907218231516e-17

AL interation 2986/4801.

mae: 0.14345617337304128
max_error: 0.6877847809303717
variance: 0.013943407704772775
pearson: 0.04645115278896817
p-valu: 1.875611730117311e-46

AL interation 2987/4801.

mae: 0.14358612966433246
max_error: 0.6881022621328157
variance: 0.013979977628268915
pearson: 0.03413162371193397
p-valu: 7.555007812200886e-26

AL interation 2988/4801.

mae: 0.14358316105343782
max_error: 0.6893305700326096
variance: 0.013979313996168204
pearson: 0.024922211064513148
p-valu: 1.6538289421184393e-14

AL interation 2989/4801.

mae: 0.14364818495307594
max_error: 0.6891646037761916
variance: 0.013969605502045823
pearson: 0.025304567161974212
p-valu: 6.555371908749538e-15

AL interation 2990/4801.

mae: 0.1436371156440576
max_error: 0.6891586514142887
variance: 0.013962750225115627
pearson: 0.02294594149605648
p-valu: 1.5926219960641873e-12

AL interation 2991/4801.

mae: 0.14364172193340308
max_error: 0.6891572917498365
variance: 0.0139653015869182
pearson: 0.025580491247403282
p-valu: 3.3348320678775352e-15

AL interation 2992/4801.

mae: 0.14363167473404667
max_error: 0.6912101895374008
variance: 0.013977249613682095
pearson: 0.023384297759937014
p-valu: 5.971679779106702e-13

AL interation 2993/4801.

mae: 0.14362617739693287
max_error: 0.6911631100599607
variance: 0.013975953065048728
pearson: 0.028602139784953663
p-valu: 1.2683398142239957e-18

AL interation 2994/4801.

mae: 0.14371639645445936
max_error: 0.6924619127452729
variance: 0.01400622947757438
pearson: 0.03099270541257108
p-valu: 1.3610549228765233e-21

AL interation 2995/4801.

mae: 0.1436809376852504
max_error: 0.6921622048122344
variance: 0.013995640043184982
pearson: 0.03374593074660345
p-valu: 2.658846151548592e-25

AL interation 2996/4801.

mae: 0.14360922393612613
max_error: 0.6894386285447354
variance: 0.013985445886567614
pearson: 0.03494260255619754
p-valu: 5.199358659910528e-27

AL interation 2997/4801.

mae: 0.1435097491741579
max_error: 0.6910077919085325
variance: 0.014012071476891881
pearson: 0.0347152482294391
p-valu: 1.1102433499840572e-26

AL interation 2998/4801.

mae: 0.1435205431801587
max_error: 0.6908535568985599
variance: 0.014008224513795346
pearson: 0.030587976317700796
p-valu: 4.506698478520496e-21

AL interation 2999/4801.

mae: 0.14352991940764037
max_error: 0.6911644969623012
variance: 0.014011827018000621
pearson: 0.02652043288332763
p-valu: 3.1639084205409814e-16

AL interation 3000/4801.

mae: 0.14343787827768814
max_error: 0.6913777977798645
variance: 0.013984727034007213
pearson: 0.028378116388064818
p-valu: 2.3485915034181896e-18

AL interation 3001/4801.

mae: 0.14342738157610357
max_error: 0.691317772817456
variance: 0.013983784766208077
pearson: 0.03923260674849633
p-valu: 1.2832955066156409e-33

AL interation 3002/4801.

mae: 0.14343233563058339
max_error: 0.6910895051980788
variance: 0.01399101151130922
pearson: 0.03525798389885374
p-valu: 1.8088837963892028e-27

AL interation 3003/4801.

mae: 0.14341660780881232
max_error: 0.6914885295383328
variance: 0.013987856671295831
pearson: 0.02351389004918395
p-valu: 4.466194117495845e-13

AL interation 3004/4801.

mae: 0.1434142700688587
max_error: 0.6913227534566886
variance: 0.013987259294992638
pearson: 0.040632118115708264
p-valu: 6.164517270745285e-36

AL interation 3005/4801.

mae: 0.14336191256617975
max_error: 0.6914043987876539
variance: 0.013977639166268312
pearson: 0.021712146517097533
p-valu: 2.2996701660691673e-11

AL interation 3006/4801.

mae: 0.14324518453988822
max_error: 0.6908192551201182
variance: 0.013967703802013488
pearson: 0.029215848373365785
p-valu: 2.3204889835975107e-19

AL interation 3007/4801.

mae: 0.1432772374356231
max_error: 0.6889233599143836
variance: 0.013975318572207712
pearson: 0.04270558628634456
p-valu: 1.6092549300083882e-39

AL interation 3008/4801.

mae: 0.14316667792929863
max_error: 0.688812426966706
variance: 0.013964137641239448
pearson: 0.027930388817842315
p-valu: 7.912169257228068e-18

AL interation 3009/4801.

mae: 0.14316482278501003
max_error: 0.6888212576589012
variance: 0.013964311663977259
pearson: 0.042664625109298096
p-valu: 1.905206921430068e-39

AL interation 3010/4801.

mae: 0.14307193269365598
max_error: 0.6881336490478134
variance: 0.013954411143946717
pearson: 0.02899394713734979
p-valu: 4.3217076471244547e-19

AL interation 3011/4801.

mae: 0.1430610829088356
max_error: 0.6880614680147801
variance: 0.013953258213092717
pearson: 0.028725673524486538
p-valu: 9.094172371265671e-19

AL interation 3012/4801.

mae: 0.14310141475238022
max_error: 0.6885779819217532
variance: 0.013957520903707006
pearson: 0.023176868146441633
p-valu: 9.57514020738313e-13

AL interation 3013/4801.

mae: 0.14308143493926037
max_error: 0.6885426874534915
variance: 0.013957213358113266
pearson: 0.02694770114916084
p-valu: 1.059498377036353e-16

AL interation 3014/4801.

mae: 0.1430197593096257
max_error: 0.6877420566461296
variance: 0.013948533917089164
pearson: 0.027937948204283025
p-valu: 7.771627558062333e-18

AL interation 3015/4801.

mae: 0.14301904350027592
max_error: 0.6877684986534405
variance: 0.013949020542340526
pearson: 0.051704700079788134
p-valu: 3.995779441398419e-57

AL interation 3016/4801.

mae: 0.14298619908123097
max_error: 0.6868564802090305
variance: 0.013944494042316928
pearson: 0.0314935192527409
p-valu: 3.0689259967445893e-22

AL interation 3017/4801.

mae: 0.14298022335088786
max_error: 0.6867788021833121
variance: 0.013947700709242377
pearson: 0.021368448094367956
p-valu: 4.725538402244776e-11

AL interation 3018/4801.

mae: 0.14297877023602984
max_error: 0.6867414598561936
variance: 0.013954859121087718
pearson: 0.03419682595875756
p-valu: 6.216370574171945e-26

AL interation 3019/4801.

mae: 0.14298240254559874
max_error: 0.6867618832324069
variance: 0.013955477145743722
pearson: 0.01758055693785468
p-valu: 6.205055578428196e-08

AL interation 3020/4801.

mae: 0.14295296456769535
max_error: 0.6867138376219373
variance: 0.01394833676063725
pearson: 0.024141354058499553
p-valu: 1.0597777981256241e-13

AL interation 3021/4801.

mae: 0.14320885941573602
max_error: 0.6868891925465732
variance: 0.013967618865278598
pearson: 0.0329229909966173
p-valu: 3.733455936359775e-24

AL interation 3022/4801.

mae: 0.14320621536667646
max_error: 0.6868440760024441
variance: 0.013965888508922282
pearson: 0.02902783877017526
p-valu: 3.952518743895688e-19

AL interation 3023/4801.

mae: 0.14320950913781696
max_error: 0.686834564499236
variance: 0.01396497640301574
pearson: 0.0314242851989174
p-valu: 3.7947563904685205e-22

AL interation 3024/4801.

mae: 0.14320970193691615
max_error: 0.6868324230492817
variance: 0.013964990699743031
pearson: 0.02934505424464419
p-valu: 1.6264318504042126e-19

AL interation 3025/4801.

mae: 0.14317481291227063
max_error: 0.6873161500175229
variance: 0.013961691857156405
pearson: 0.026954366642435005
p-valu: 1.0459626135581819e-16

AL interation 3026/4801.

mae: 0.14316963320710824
max_error: 0.6873399624917056
variance: 0.013961665507141506
pearson: 0.02881795889124297
p-valu: 7.091685621579796e-19

AL interation 3027/4801.

mae: 0.14317000831245896
max_error: 0.6873449642333753
variance: 0.013961812283150183
pearson: 0.024614100459938882
p-valu: 3.494273825280969e-14

AL interation 3028/4801.

mae: 0.14317834721390313
max_error: 0.6874611405791029
variance: 0.013962386982291575
pearson: 0.03010671143322053
p-valu: 1.85538562795687e-20

AL interation 3029/4801.

mae: 0.14309190206172787
max_error: 0.6880913901530903
variance: 0.013946185182524629
pearson: 0.022251765886439425
p-valu: 7.336554306006375e-12

AL interation 3030/4801.

mae: 0.14308319880572387
max_error: 0.6881948211635063
variance: 0.01396408685941199
pearson: 0.013747591856081261
p-valu: 2.313093765014889e-05

AL interation 3031/4801.

mae: 0.1430787582288738
max_error: 0.6881911057876096
variance: 0.013961002110852602
pearson: 0.03701282589860309
p-valu: 4.2785571514031296e-30

AL interation 3032/4801.

mae: 0.14308951681492252
max_error: 0.6887100216330282
variance: 0.01396249439934617
pearson: 0.03261821949526216
p-valu: 9.776478074690222e-24

AL interation 3033/4801.

mae: 0.14309078456278784
max_error: 0.688820646600675
variance: 0.013960884610729448
pearson: 0.02502877522308148
p-valu: 1.2979622397910472e-14

AL interation 3034/4801.

mae: 0.1430848969243065
max_error: 0.6879507604628543
variance: 0.013973062069716574
pearson: 0.028005778463538154
p-valu: 6.527911312344964e-18

AL interation 3035/4801.

mae: 0.14306389603464845
max_error: 0.6873346439017496
variance: 0.01396198323419864
pearson: 0.02429583415001285
p-valu: 7.420020453654876e-14

AL interation 3036/4801.

mae: 0.14307206287627156
max_error: 0.6874416991935277
variance: 0.013952116097713541
pearson: 0.021418843756563534
p-valu: 4.275685539881934e-11

AL interation 3037/4801.

mae: 0.1430511782843043
max_error: 0.6877321562664065
variance: 0.013919236069755175
pearson: 0.02539663096419215
p-valu: 5.317905535671564e-15

AL interation 3038/4801.

mae: 0.14305191757643684
max_error: 0.6877652965541756
variance: 0.013915490785725784
pearson: 0.026832419705595766
p-valu: 1.4407101167736538e-16

AL interation 3039/4801.

mae: 0.14297919448978647
max_error: 0.687181986735709
variance: 0.013842636141657602
pearson: 0.03425685825867899
p-valu: 5.170277441061152e-26

AL interation 3040/4801.

mae: 0.1429969685160502
max_error: 0.6871696761509156
variance: 0.013835007736661629
pearson: 0.028467061755372905
p-valu: 1.872612619266608e-18

AL interation 3041/4801.

mae: 0.14294071296106647
max_error: 0.6870734612743945
variance: 0.013846693422189827
pearson: 0.0407345917299116
p-valu: 4.269040334020171e-36

AL interation 3042/4801.

mae: 0.14294796548955038
max_error: 0.687049842951069
variance: 0.01384645538933495
pearson: 0.01866906871163346
p-valu: 9.068793346017515e-09

AL interation 3043/4801.

mae: 0.1428645642641058
max_error: 0.6870627634327775
variance: 0.013834746830404398
pearson: 0.02468692955543466
p-valu: 2.953471143997187e-14

AL interation 3044/4801.

mae: 0.1428796065958497
max_error: 0.6865612701801638
variance: 0.01383073903209865
pearson: 0.03219498205098255
p-valu: 3.6606331791935304e-23

AL interation 3045/4801.

mae: 0.1428731358055635
max_error: 0.6866487921178077
variance: 0.013831784961882485
pearson: 0.025606375839047648
p-valu: 3.1854016555346605e-15

AL interation 3046/4801.

mae: 0.1429315611585838
max_error: 0.6868862662690844
variance: 0.013853074371697803
pearson: 0.013318027896034625
p-valu: 4.13683533155569e-05

AL interation 3047/4801.

mae: 0.1429234839076711
max_error: 0.6881881030992645
variance: 0.013848196678666843
pearson: 0.03364512936781241
p-valu: 3.792093722887211e-25

AL interation 3048/4801.

mae: 0.14292321125744012
max_error: 0.6881863879376624
variance: 0.013848148833904833
pearson: 0.025528073803648906
p-valu: 3.866535101339615e-15

AL interation 3049/4801.

mae: 0.142905843503179
max_error: 0.6881336192980143
variance: 0.013832930351790325
pearson: 0.028773551182045127
p-valu: 8.095936740782276e-19

AL interation 3050/4801.

mae: 0.1428713138959211
max_error: 0.6884401124649457
variance: 0.013821335237799917
pearson: 0.02915614833246689
p-valu: 2.795522383768807e-19

AL interation 3051/4801.

mae: 0.14287020851230148
max_error: 0.6884469775308162
variance: 0.013821263304260686
pearson: 0.028068761213813343
p-valu: 5.546749610339051e-18

AL interation 3052/4801.

mae: 0.1428319682242584
max_error: 0.6869816053606428
variance: 0.013823528870532032
pearson: 0.03157909187034458
p-valu: 2.4127731814838087e-22

AL interation 3053/4801.

mae: 0.14287533218362597
max_error: 0.6871171879496387
variance: 0.013813940217141822
pearson: 0.03060231529919802
p-valu: 4.4350016631847585e-21

AL interation 3054/4801.

mae: 0.14269827021209672
max_error: 0.6889671537292088
variance: 0.013784902400379067
pearson: 0.012342110844337156
p-valu: 0.0001452226493516786

AL interation 3055/4801.

mae: 0.14267660974475913
max_error: 0.6888537967483899
variance: 0.013781861581601256
pearson: 0.02552415378952298
p-valu: 3.913028496450921e-15

AL interation 3056/4801.

mae: 0.14260568710886137
max_error: 0.6866468621529975
variance: 0.013769660159978938
pearson: 0.04607588460914258
p-valu: 1.0604738458742113e-45

AL interation 3057/4801.

mae: 0.1426086120807501
max_error: 0.6865991360457429
variance: 0.013769248491687933
pearson: 0.025575913007387003
p-valu: 3.447455665884481e-15

AL interation 3058/4801.

mae: 0.1426163493032171
max_error: 0.6864557595973793
variance: 0.013769014152012125
pearson: 0.02492366198731833
p-valu: 1.6849102111039666e-14

AL interation 3059/4801.

mae: 0.14263692157158409
max_error: 0.6862223506770988
variance: 0.013767524236773595
pearson: 0.04644810748365432
p-valu: 2.057831702344736e-46

AL interation 3060/4801.

mae: 0.14269706570438026
max_error: 0.6814565393366365
variance: 0.013720249118536651
pearson: 0.03443674287268197
p-valu: 2.8984922428701716e-26

AL interation 3061/4801.

mae: 0.14264641882945744
max_error: 0.681117072293091
variance: 0.013700178230380248
pearson: 0.028836251148399376
p-valu: 6.841628064517961e-19

AL interation 3062/4801.

mae: 0.14265171739088106
max_error: 0.6809049063583643
variance: 0.013711458263343
pearson: 0.03482155205329823
p-valu: 8.110153666640778e-27

AL interation 3063/4801.

mae: 0.14264783134989784
max_error: 0.6812489754365743
variance: 0.013713337885590805
pearson: 0.03050091329792622
p-valu: 5.997093742849547e-21

AL interation 3064/4801.

mae: 0.1426422042727455
max_error: 0.681589266745732
variance: 0.013708974735215044
pearson: 0.034346493339672324
p-valu: 3.9100497836603626e-26

AL interation 3065/4801.

mae: 0.14258618736510814
max_error: 0.6806116491376315
variance: 0.013710589833181512
pearson: 0.024530510282884523
p-valu: 4.3095174252280865e-14

AL interation 3066/4801.

mae: 0.14258437868825563
max_error: 0.6807605056364991
variance: 0.013709484152453707
pearson: 0.02544857447263175
p-valu: 4.7276286199201035e-15

AL interation 3067/4801.

mae: 0.1425290279011589
max_error: 0.6795181283383727
variance: 0.013709245337481562
pearson: 0.02831871385662118
p-valu: 2.8372791039823438e-18

AL interation 3068/4801.

mae: 0.14251204656852007
max_error: 0.6796329001184631
variance: 0.013701082330551432
pearson: 0.029840739869520405
p-valu: 4.059230834806905e-20

AL interation 3069/4801.

mae: 0.14249530157472254
max_error: 0.6800090698503709
variance: 0.013710931406624504
pearson: 0.028417755364401928
p-valu: 2.1681729625239893e-18

AL interation 3070/4801.

mae: 0.14245530449698693
max_error: 0.6804295595653684
variance: 0.013701087908271856
pearson: 0.03526084684088827
p-valu: 1.8695566552387454e-27

AL interation 3071/4801.

mae: 0.14235543843244777
max_error: 0.6849651378619228
variance: 0.013680744160426462
pearson: 0.027993507687095884
p-valu: 6.846871271844884e-18

AL interation 3072/4801.

mae: 0.14234288509602205
max_error: 0.6846163859094077
variance: 0.013686661933272773
pearson: 0.028160520484126327
p-valu: 4.366005649428642e-18

AL interation 3073/4801.

mae: 0.14223171751992952
max_error: 0.6844009150670445
variance: 0.013682411587436192
pearson: 0.03024038546782845
p-valu: 1.2865723151989991e-20

AL interation 3074/4801.

mae: 0.14221778710620475
max_error: 0.6847907224808978
variance: 0.013683964500717516
pearson: 0.027766818508434238
p-valu: 1.257914968137439e-17

AL interation 3075/4801.

mae: 0.14221216750743917
max_error: 0.6850375550377521
variance: 0.013687078287512637
pearson: 0.02421403937625834
p-valu: 9.092866719451625e-14

AL interation 3076/4801.

mae: 0.14219492030854453
max_error: 0.6855620784709799
variance: 0.013686812448038894
pearson: 0.03599523626318471
p-valu: 1.537608208692214e-28

AL interation 3077/4801.

mae: 0.14219474897397924
max_error: 0.6855619589309754
variance: 0.013686885580691779
pearson: 0.032062845129377515
p-valu: 5.592891819519043e-23

AL interation 3078/4801.

mae: 0.1421828296823698
max_error: 0.6856770128524659
variance: 0.013682885364788294
pearson: 0.0306318716837771
p-valu: 4.11495824129582e-21

AL interation 3079/4801.

mae: 0.14217994685411414
max_error: 0.6857902428728266
variance: 0.013681656184075614
pearson: 0.023387834592025248
p-valu: 6.069522085138689e-13

AL interation 3080/4801.

mae: 0.1422432640856493
max_error: 0.6871179112971504
variance: 0.013693192677466074
pearson: 0.030042503899570343
p-valu: 2.2866634972766546e-20

AL interation 3081/4801.

mae: 0.1422274469930792
max_error: 0.6857429715399803
variance: 0.013683534219875303
pearson: 0.02747953147652047
p-valu: 2.7035046482334124e-17

AL interation 3082/4801.

mae: 0.14228957495149536
max_error: 0.6864641216898235
variance: 0.013681476879632766
pearson: 0.03458668931827797
p-valu: 1.7902498326248043e-26

AL interation 3083/4801.

mae: 0.1421990677449174
max_error: 0.6856438549577888
variance: 0.013682997147089601
pearson: 0.030088505253855015
p-valu: 2.0054189695269555e-20

AL interation 3084/4801.

mae: 0.14218563428730158
max_error: 0.6861934491504371
variance: 0.01367163326733771
pearson: 0.030729783734254095
p-valu: 3.0942990944466687e-21

AL interation 3085/4801.

mae: 0.1423263194811931
max_error: 0.6863820942305665
variance: 0.013720540399561876
pearson: 0.025756895644973854
p-valu: 2.225208671332327e-15

AL interation 3086/4801.

mae: 0.14233936172313738
max_error: 0.6863373485080047
variance: 0.013723493001283896
pearson: 0.01907951202713616
p-valu: 4.29793012525289e-09

AL interation 3087/4801.

mae: 0.14243770345028184
max_error: 0.6839678160583844
variance: 0.013746236748725618
pearson: 0.036766032900528225
p-valu: 1.0615454582101898e-29

AL interation 3088/4801.

mae: 0.14245057460515698
max_error: 0.683994074315251
variance: 0.013747243692520218
pearson: 0.02921863667856512
p-valu: 2.38547007348845e-19

AL interation 3089/4801.

mae: 0.14247422356461148
max_error: 0.6840864958593329
variance: 0.013754070136866067
pearson: 0.02757250711748136
p-valu: 2.1207174029105673e-17

AL interation 3090/4801.

mae: 0.14241682806790795
max_error: 0.7078078336745648
variance: 0.013757055181555749
pearson: 0.035042063157443716
p-valu: 3.949651106572134e-27

AL interation 3091/4801.

mae: 0.14241900346111794
max_error: 0.7077931214835189
variance: 0.013756694475351501
pearson: 0.024674541824996395
p-valu: 3.0873606944145574e-14

AL interation 3092/4801.

mae: 0.1424221422872153
max_error: 0.7079908394698577
variance: 0.013755671884686628
pearson: 0.03856848354483822
p-valu: 1.6236303209090325e-32

AL interation 3093/4801.

mae: 0.14247020930539664
max_error: 0.7079559416888515
variance: 0.013757366505435879
pearson: 0.023429855905930073
p-valu: 5.541359035804923e-13

AL interation 3094/4801.

mae: 0.14248046876143358
max_error: 0.7075889280298497
variance: 0.013759256597335802
pearson: 0.029845171231153236
p-valu: 4.0553155337627394e-20

AL interation 3095/4801.

mae: 0.14242809938720746
max_error: 0.7053219585930037
variance: 0.013721998029387342
pearson: 0.02576566766411358
p-valu: 2.1846914821180136e-15

AL interation 3096/4801.

mae: 0.14242520436874795
max_error: 0.7047785570716769
variance: 0.013713017666282417
pearson: 0.027496012607616
p-valu: 2.6032808299987478e-17

AL interation 3097/4801.

mae: 0.14239066004837156
max_error: 0.7069800427562996
variance: 0.013725129348425432
pearson: 0.03250269747087375
p-valu: 1.4512121697407908e-23

AL interation 3098/4801.

mae: 0.14241851572256878
max_error: 0.7070110511435814
variance: 0.013728216998032589
pearson: 0.0376894314862968
p-valu: 4.006919603103498e-31

AL interation 3099/4801.

mae: 0.14246281031655453
max_error: 0.7068930525290398
variance: 0.013739263118510906
pearson: 0.03561539133811901
p-valu: 5.727631035015738e-28

AL interation 3100/4801.

mae: 0.14246639889293305
max_error: 0.7070145470393072
variance: 0.01373968031755984
pearson: 0.03069844488481217
p-valu: 3.419307549721765e-21

AL interation 3101/4801.

mae: 0.14246947918587283
max_error: 0.7079108529864016
variance: 0.013756051474695923
pearson: 0.0314930932553048
p-valu: 3.2066486565435154e-22

AL interation 3102/4801.

mae: 0.14254871134035405
max_error: 0.7066246775824538
variance: 0.013754730643098312
pearson: 0.02427752716453657
p-valu: 7.902359752424668e-14

AL interation 3103/4801.

mae: 0.14255659593354217
max_error: 0.7073338203223329
variance: 0.01376414117585435
pearson: 0.03330980122534656
p-valu: 1.1461474784427206e-24

AL interation 3104/4801.

mae: 0.1425529779489458
max_error: 0.7073326024233211
variance: 0.013764078541624364
pearson: 0.04253173932584773
p-valu: 3.566983554514571e-39

AL interation 3105/4801.

mae: 0.14252884249729397
max_error: 0.7073505991087359
variance: 0.013759467423341276
pearson: 0.028819542167655844
p-valu: 7.29923505459838e-19

AL interation 3106/4801.

mae: 0.14260153529551975
max_error: 0.7075380094549928
variance: 0.013766537549831516
pearson: 0.03863552035166198
p-valu: 1.2815108474531984e-32

AL interation 3107/4801.

mae: 0.14251547156347058
max_error: 0.708119954493327
variance: 0.013751075150014195
pearson: 0.029041382165538556
p-valu: 3.9467615740535507e-19

AL interation 3108/4801.

mae: 0.1424742033537572
max_error: 0.708031302079462
variance: 0.013746445023246937
pearson: 0.025438244949459468
p-valu: 4.916217710629747e-15

AL interation 3109/4801.

mae: 0.14247041786341505
max_error: 0.7080974032759286
variance: 0.013743293848678836
pearson: 0.034219072530967384
p-valu: 6.098942202779007e-26

AL interation 3110/4801.

mae: 0.14251737261569014
max_error: 0.7130393125959245
variance: 0.013761836277112301
pearson: 0.02343534333355096
p-valu: 5.499107250193481e-13

AL interation 3111/4801.

mae: 0.142499414646705
max_error: 0.7129384779797192
variance: 0.013759078148976702
pearson: 0.023252523078319404
p-valu: 8.304019146133874e-13

AL interation 3112/4801.

mae: 0.1425047133297862
max_error: 0.712745868231309
variance: 0.013768821268708332
pearson: 0.03818840037698795
p-valu: 6.636890798759784e-32

AL interation 3113/4801.

mae: 0.14252395124713205
max_error: 0.7125831675149357
variance: 0.013771144767939605
pearson: 0.03585644268437985
p-valu: 2.5369023999697497e-28

AL interation 3114/4801.

mae: 0.14248304942842624
max_error: 0.7116586712159005
variance: 0.013754132663439476
pearson: 0.0420175237261855
p-valu: 2.863991982378774e-38

AL interation 3115/4801.

mae: 0.14249376136046374
max_error: 0.7119665274864246
variance: 0.013748312525878896
pearson: 0.042049887235777246
p-valu: 2.5176184898351345e-38

AL interation 3116/4801.

mae: 0.14246898833566154
max_error: 0.712324827579323
variance: 0.013731655539601827
pearson: 0.036079975470033894
p-valu: 1.17884550811771e-28

AL interation 3117/4801.

mae: 0.14247544317249228
max_error: 0.7124577220541823
variance: 0.013729515976612523
pearson: 0.036346040483327534
p-valu: 4.6977941551340874e-29

AL interation 3118/4801.

mae: 0.14247244612919305
max_error: 0.7124902244916029
variance: 0.013727972754798905
pearson: 0.03395107621453639
p-valu: 1.4688091862340033e-25

AL interation 3119/4801.

mae: 0.1425147924115576
max_error: 0.7122592066036759
variance: 0.013734265850105327
pearson: 0.030472127288950435
p-valu: 6.697370795874781e-21

AL interation 3120/4801.

mae: 0.1425236679058571
max_error: 0.7122531618101675
variance: 0.013733437414018234
pearson: 0.036095341958195935
p-valu: 1.120943981847802e-28

AL interation 3121/4801.

mae: 0.1425304600636294
max_error: 0.7123258034748687
variance: 0.01374002156648604
pearson: 0.022011264914453044
p-valu: 1.2562798579738401e-11

AL interation 3122/4801.

mae: 0.14252896650973604
max_error: 0.7116003378744153
variance: 0.013730182751303964
pearson: 0.038073651016315845
p-valu: 1.0153504859690711e-31

AL interation 3123/4801.

mae: 0.14251367017163635
max_error: 0.711752209287738
variance: 0.013731602459219406
pearson: 0.03594825154569789
p-valu: 1.863479323663714e-28

AL interation 3124/4801.

mae: 0.14248799707260373
max_error: 0.711768072362247
variance: 0.013720981787962532
pearson: 0.027856933469216152
p-valu: 1.008411212247063e-17

AL interation 3125/4801.

mae: 0.1424524476880682
max_error: 0.7127381659295224
variance: 0.013733713925096126
pearson: 0.0387718361131626
p-valu: 7.855425064334663e-33

AL interation 3126/4801.

mae: 0.14247214362684782
max_error: 0.7126025884297178
variance: 0.01374227223583396
pearson: 0.025748880935310046
p-valu: 2.301407348677713e-15

AL interation 3127/4801.

mae: 0.14249336683123048
max_error: 0.7118209508353175
variance: 0.013742877307140036
pearson: 0.026276919361277743
p-valu: 6.143955103663528e-16

AL interation 3128/4801.

mae: 0.142207028949522
max_error: 0.7118707799241974
variance: 0.01372262395306219
pearson: 0.03006254145749092
p-valu: 2.2062644844724998e-20

AL interation 3129/4801.

mae: 0.14222074835338772
max_error: 0.7117852562760163
variance: 0.013721764169409352
pearson: 0.04020717850994235
p-valu: 3.5226579385035954e-35

AL interation 3130/4801.

mae: 0.14222829635331163
max_error: 0.7119531960571521
variance: 0.013706553251361008
pearson: 0.043127094633436155
p-valu: 3.2087594163904347e-40

AL interation 3131/4801.

mae: 0.14229439477530087
max_error: 0.7110079656106336
variance: 0.013717748561996496
pearson: 0.033448743367113454
p-valu: 7.471206753662461e-25

AL interation 3132/4801.

mae: 0.14229787361814558
max_error: 0.7109678731031863
variance: 0.013717377011140307
pearson: 0.02195860262625472
p-valu: 1.4089316501079242e-11

AL interation 3133/4801.

mae: 0.14229271727780746
max_error: 0.7109410462902588
variance: 0.013716778553131023
pearson: 0.03991179100031199
p-valu: 1.0932395805281093e-34

AL interation 3134/4801.

mae: 0.14231660130327395
max_error: 0.7101897520957436
variance: 0.013711035890847984
pearson: 0.04297975655678414
p-valu: 5.898042516234962e-40

AL interation 3135/4801.

mae: 0.14229989881665453
max_error: 0.7121568321452969
variance: 0.013708538144966894
pearson: 0.03430020044062177
p-valu: 4.7480668741373354e-26

AL interation 3136/4801.

mae: 0.14231328994193987
max_error: 0.7117564282186777
variance: 0.013713335430270694
pearson: 0.021563729818418382
p-valu: 3.2382624521323387e-11

AL interation 3137/4801.

mae: 0.14231156007236614
max_error: 0.7117638529603028
variance: 0.013712892520109222
pearson: 0.03278782534653019
p-valu: 6.084292899351898e-24

AL interation 3138/4801.

mae: 0.14227113363434035
max_error: 0.7128874897734931
variance: 0.013702801891711438
pearson: 0.03080712794817228
p-valu: 2.5279454971318784e-21

AL interation 3139/4801.

mae: 0.1421696810311296
max_error: 0.7122258569926316
variance: 0.013678230938325809
pearson: 0.03588758251190296
p-valu: 2.3188568266585515e-28

AL interation 3140/4801.

mae: 0.14217747071107506
max_error: 0.7121807163938456
variance: 0.013678705077293065
pearson: 0.018942001076908556
p-valu: 5.599288846339054e-09

AL interation 3141/4801.

mae: 0.1421737113335171
max_error: 0.7121327705858675
variance: 0.013678112101126062
pearson: 0.0262368576256039
p-valu: 6.831169048134105e-16

AL interation 3142/4801.

mae: 0.14222936206240752
max_error: 0.7116479829570608
variance: 0.013689064562541067
pearson: 0.023088251925381477
p-valu: 1.209256453068264e-12

AL interation 3143/4801.

mae: 0.14224082668994664
max_error: 0.7115874707450303
variance: 0.01368653998609205
pearson: 0.040383632214079694
p-valu: 1.8079126933283266e-35

AL interation 3144/4801.

mae: 0.1422508633375988
max_error: 0.7121738210272497
variance: 0.013685646136854765
pearson: 0.028160661361529067
p-valu: 4.492450904170719e-18

AL interation 3145/4801.

mae: 0.14218853904420914
max_error: 0.7121089698763399
variance: 0.013667478668067458
pearson: 0.028905790493227546
p-valu: 5.846572592101038e-19

AL interation 3146/4801.

mae: 0.14219586597355283
max_error: 0.7119950090357179
variance: 0.013662937882871786
pearson: 0.03266565652004866
p-valu: 8.962976756495507e-24

AL interation 3147/4801.

mae: 0.14219093791194465
max_error: 0.7121170152568084
variance: 0.013662411049831374
pearson: 0.029165783128036582
p-valu: 2.837227022061735e-19

AL interation 3148/4801.

mae: 0.14220679280026777
max_error: 0.7119430663869935
variance: 0.01366784066056814
pearson: 0.02103716238285317
p-valu: 9.618244458511457e-11

AL interation 3149/4801.

mae: 0.14220522697142268
max_error: 0.7118902147140034
variance: 0.013666393694149436
pearson: 0.023935828415327834
p-valu: 1.772640320344385e-13

AL interation 3150/4801.

mae: 0.1421839504125692
max_error: 0.7129184169813243
variance: 0.013663905556246619
pearson: 0.038852468927491744
p-valu: 5.9383968679566776e-33

AL interation 3151/4801.

mae: 0.1421813441517307
max_error: 0.7127946063419586
variance: 0.013665610847108878
pearson: 0.03047279814530213
p-valu: 6.785486188121116e-21

AL interation 3152/4801.

mae: 0.14216955238425869
max_error: 0.7131857489766844
variance: 0.013662963882882698
pearson: 0.038414412797773044
p-valu: 2.991293213069824e-32

AL interation 3153/4801.

mae: 0.1421585306367308
max_error: 0.7131720976101406
variance: 0.013663036967601783
pearson: 0.03482528673100878
p-valu: 8.46858972892737e-27

AL interation 3154/4801.

mae: 0.14216279262521653
max_error: 0.7132413939998514
variance: 0.013664183518693416
pearson: 0.030468572437816536
p-valu: 6.879378989592518e-21

AL interation 3155/4801.

mae: 0.14216475382767743
max_error: 0.7132463439706953
variance: 0.013663716919972318
pearson: 0.0382181653021411
p-valu: 6.145371936118735e-32

AL interation 3156/4801.

mae: 0.14217444516594577
max_error: 0.7129697052007486
variance: 0.013665330092733456
pearson: 0.03046347319498528
p-valu: 6.989072739161642e-21

AL interation 3157/4801.

mae: 0.14197116369361312
max_error: 0.7098525880886655
variance: 0.01365286718726555
pearson: 0.030767326377659002
p-valu: 2.86873846616453e-21

AL interation 3158/4801.

mae: 0.14199347671698948
max_error: 0.7103107464320146
variance: 0.013654956198079791
pearson: 0.034406188660292394
p-valu: 3.398614364536566e-26

AL interation 3159/4801.

mae: 0.14205243842380702
max_error: 0.7103334428253447
variance: 0.01365293433624614
pearson: 0.02039823733530019
p-valu: 3.4775534377898106e-10

AL interation 3160/4801.

mae: 0.1420524345315173
max_error: 0.7103384807134034
variance: 0.013652876841107777
pearson: 0.025409966843318366
p-valu: 5.359111043651828e-15

AL interation 3161/4801.

mae: 0.14205388446070272
max_error: 0.7103500719204021
variance: 0.013652742439346043
pearson: 0.03342413843932357
p-valu: 8.220832774093445e-25

AL interation 3162/4801.

mae: 0.14207491230897273
max_error: 0.7098470329387965
variance: 0.013653501248307857
pearson: 0.037294086516235635
p-valu: 1.72691605673912e-30

AL interation 3163/4801.

mae: 0.14207496253518517
max_error: 0.7098752102006074
variance: 0.013653488364138303
pearson: 0.04149273252069731
p-valu: 2.4179802702960924e-37

AL interation 3164/4801.

mae: 0.14207242435742654
max_error: 0.7098867076110764
variance: 0.013653733426396017
pearson: 0.03434827191726541
p-valu: 4.125755535962026e-26

AL interation 3165/4801.

mae: 0.1420156646465544
max_error: 0.7072979524707534
variance: 0.013654138376554744
pearson: 0.02346621949805551
p-valu: 5.207733163709356e-13

AL interation 3166/4801.

mae: 0.14194549520374333
max_error: 0.7065286634505128
variance: 0.013646710862727786
pearson: 0.031926098177877935
p-valu: 8.9028476650522e-23

AL interation 3167/4801.

mae: 0.14207251251830053
max_error: 0.7079101240187811
variance: 0.013653891868067015
pearson: 0.024070271875858647
p-valu: 1.3057168534043668e-13

AL interation 3168/4801.

mae: 0.1420302687282406
max_error: 0.7078030208094788
variance: 0.01364163255526905
pearson: 0.0349217418184278
p-valu: 6.197379457936243e-27

AL interation 3169/4801.

mae: 0.14206131716304551
max_error: 0.7087695965598186
variance: 0.013637279456092066
pearson: 0.019770708032093506
p-valu: 1.1838981613041823e-09

AL interation 3170/4801.

mae: 0.14205700775317748
max_error: 0.7088787628356386
variance: 0.013637977213148718
pearson: 0.033878315246473535
p-valu: 1.9166820715252764e-25

AL interation 3171/4801.

mae: 0.14205436859049933
max_error: 0.7087354683374087
variance: 0.013637664701238554
pearson: 0.02704765437458122
p-valu: 8.666295783447384e-17

AL interation 3172/4801.

mae: 0.142052145107821
max_error: 0.7086865003772118
variance: 0.013634173321384271
pearson: 0.013685364533523224
p-valu: 2.553848870422252e-05

AL interation 3173/4801.

mae: 0.14206942226680092
max_error: 0.708806470130412
variance: 0.013636324601387747
pearson: 0.029729457578876805
p-valu: 5.84669352397354e-20

AL interation 3174/4801.

mae: 0.14206733807734764
max_error: 0.7088164737706393
variance: 0.013636668876714298
pearson: 0.04862360863170908
p-valu: 1.2260241660729348e-50

AL interation 3175/4801.

mae: 0.14206833010006278
max_error: 0.7088324970317217
variance: 0.013636723412295831
pearson: 0.031906731685735476
p-valu: 9.489146355252232e-23

AL interation 3176/4801.

mae: 0.14203333481590016
max_error: 0.7075871747663314
variance: 0.013638150294492425
pearson: 0.02752617347972681
p-valu: 2.4788534916028632e-17

AL interation 3177/4801.

mae: 0.1420399557222345
max_error: 0.7075137281988191
variance: 0.013638319246974931
pearson: 0.03324407259374021
p-valu: 1.472547822050932e-24

AL interation 3178/4801.

mae: 0.1420411146233523
max_error: 0.7068660088283423
variance: 0.01364383625730631
pearson: 0.022130167704564677
p-valu: 9.887147481998156e-12

AL interation 3179/4801.

mae: 0.14204176888557335
max_error: 0.7069385315777481
variance: 0.013643572506717792
pearson: 0.03738258251562567
p-valu: 1.2748585996410418e-30

AL interation 3180/4801.

mae: 0.14204480073535916
max_error: 0.7071921712106359
variance: 0.013643158197505417
pearson: 0.029333294191799808
p-valu: 1.7994052469306098e-19

AL interation 3181/4801.

mae: 0.14207435185196465
max_error: 0.7072130701220658
variance: 0.013639238275745121
pearson: 0.029463326483303454
p-valu: 1.2480254404119276e-19

AL interation 3182/4801.

mae: 0.14227863297118296
max_error: 0.7070626376333848
variance: 0.013666810204494867
pearson: 0.04270282154147789
p-valu: 1.9110742840875492e-39

AL interation 3183/4801.

mae: 0.14232519192304388
max_error: 0.7070872557321763
variance: 0.01366712044665516
pearson: 0.022125299467155683
p-valu: 1.00030929064971e-11

AL interation 3184/4801.

mae: 0.1423396822647192
max_error: 0.7061575780992371
variance: 0.013671487407691384
pearson: 0.028078449796075346
p-valu: 5.698589654651276e-18

AL interation 3185/4801.

mae: 0.14233280570497966
max_error: 0.7063984761510937
variance: 0.01367632469675777
pearson: 0.028558618418354567
p-valu: 1.5473330717840046e-18

AL interation 3186/4801.

mae: 0.1423226293338812
max_error: 0.7067073749866495
variance: 0.013687142262040116
pearson: 0.037766717836254446
p-valu: 3.2308292623285306e-31

AL interation 3187/4801.

mae: 0.1423057177888309
max_error: 0.7071286691653995
variance: 0.013685163505044888
pearson: 0.04536383256638257
p-valu: 2.712703529541785e-44

AL interation 3188/4801.

mae: 0.14213411716977975
max_error: 0.7066805876652325
variance: 0.013659077447211095
pearson: 0.03164371130468107
p-valu: 2.125207381760232e-22

AL interation 3189/4801.

mae: 0.14215076805763846
max_error: 0.7066415201584277
variance: 0.013665927092109386
pearson: 0.026848696049538715
p-valu: 1.4598571596570288e-16

AL interation 3190/4801.

mae: 0.14215083322550626
max_error: 0.706643314179928
variance: 0.013665944072535229
pearson: 0.03333832526655168
p-valu: 1.0988681210878068e-24

AL interation 3191/4801.

mae: 0.14215085798010807
max_error: 0.706622643162973
variance: 0.013665720106307502
pearson: 0.03284209130677983
p-valu: 5.28439358017309e-24

AL interation 3192/4801.

mae: 0.14213883851533007
max_error: 0.7072698161864537
variance: 0.013681073289557357
pearson: 0.03996304440703532
p-valu: 9.429468607559622e-35

AL interation 3193/4801.

mae: 0.14213559476903095
max_error: 0.7073052717737482
variance: 0.013680308309294734
pearson: 0.0409751272381558
p-valu: 1.8990177177765276e-36

AL interation 3194/4801.

mae: 0.14201971330744226
max_error: 0.7077412777928203
variance: 0.013669187148351667
pearson: 0.023157707075071848
p-valu: 1.050453976281633e-12

AL interation 3195/4801.

mae: 0.14200632071633665
max_error: 0.7082145342340027
variance: 0.013668096426725528
pearson: 0.03450019550439877
p-valu: 2.549821327021431e-26

AL interation 3196/4801.

mae: 0.14199504662945808
max_error: 0.708234779669624
variance: 0.013667575589189435
pearson: 0.03653897056264266
p-valu: 2.530682120836941e-29

AL interation 3197/4801.

mae: 0.14197118772593542
max_error: 0.7087366461820466
variance: 0.01366742866976295
pearson: 0.02173385501461388
p-valu: 2.3011612611831407e-11

AL interation 3198/4801.

mae: 0.14194935895261443
max_error: 0.7087620319031203
variance: 0.013676873093879159
pearson: 0.028060131046730684
p-valu: 6.0202521023835396e-18

AL interation 3199/4801.

mae: 0.14192620165328282
max_error: 0.7087542371582458
variance: 0.01366795857807402
pearson: 0.023140492723817015
p-valu: 1.0931062285351739e-12

AL interation 3200/4801.

mae: 0.14191988995640606
max_error: 0.708222629177726
variance: 0.013668086700921726
pearson: 0.03850379630771396
p-valu: 2.2331951703470633e-32

AL interation 3201/4801.

mae: 0.14188165411234246
max_error: 0.7071069959905572
variance: 0.01369985755233909
pearson: 0.0330411552672938
p-valu: 2.8385187174322565e-24

AL interation 3202/4801.

mae: 0.14193505386787125
max_error: 0.7109642771109748
variance: 0.013736798407415157
pearson: 0.0318449412286208
p-valu: 1.161673891530369e-22

AL interation 3203/4801.

mae: 0.14194857820330453
max_error: 0.7129896246186718
variance: 0.013739689396706554
pearson: 0.039429159390497445
p-valu: 7.180063483396636e-34

AL interation 3204/4801.

mae: 0.14196795374066595
max_error: 0.717069387882816
variance: 0.013731508467939673
pearson: 0.03662989119171785
p-valu: 1.8521724822408192e-29

AL interation 3205/4801.

mae: 0.14199968207841546
max_error: 0.7170821811840824
variance: 0.013734982411178438
pearson: 0.03151816783866178
p-valu: 3.1323485048515266e-22

AL interation 3206/4801.

mae: 0.14202091804350891
max_error: 0.7206627534618519
variance: 0.013751347209000491
pearson: 0.017992510576588305
p-valu: 3.1269465022496566e-08

AL interation 3207/4801.

mae: 0.14194831566458238
max_error: 0.7203301293445747
variance: 0.013703697385700084
pearson: 0.032824262460424025
p-valu: 5.63748701394776e-24

AL interation 3208/4801.

mae: 0.14195440810352677
max_error: 0.7200100950827846
variance: 0.013700156449532687
pearson: 0.030531232830710898
p-valu: 5.876323941949526e-21

AL interation 3209/4801.

mae: 0.14195236607400816
max_error: 0.7198826708016668
variance: 0.013700564182948996
pearson: 0.029894037350653418
p-valu: 3.713878051120075e-20

AL interation 3210/4801.

mae: 0.1419969814242309
max_error: 0.7201888597722927
variance: 0.013701547006226847
pearson: 0.0328303927585059
p-valu: 5.539100857796717e-24

AL interation 3211/4801.

mae: 0.14199798752079387
max_error: 0.7202734455574955
variance: 0.01370043609059218
pearson: 0.030392947317930488
p-valu: 8.807485324990027e-21

AL interation 3212/4801.

mae: 0.14198950066822927
max_error: 0.7197537986436373
variance: 0.013682312964342736
pearson: 0.04418302238242323
p-valu: 4.2864795371281534e-42

AL interation 3213/4801.

mae: 0.1419461101926284
max_error: 0.7157073496657631
variance: 0.013682525530790805
pearson: 0.025376131576468626
p-valu: 5.922717598318725e-15

AL interation 3214/4801.

mae: 0.14183858379472225
max_error: 0.7157628555794417
variance: 0.013682962919443258
pearson: 0.05033921201652137
p-valu: 3.968117906396407e-54

AL interation 3215/4801.

mae: 0.1417900840061565
max_error: 0.7162263596140974
variance: 0.01367336862902074
pearson: 0.0031795349077585354
p-valu: 0.3281509126563568

AL interation 3216/4801.

mae: 0.14178469682517814
max_error: 0.716329851916953
variance: 0.013675301800781612
pearson: 0.036671637057681214
p-valu: 1.6135699415980746e-29

AL interation 3217/4801.

mae: 0.1417772536392802
max_error: 0.7169305337401966
variance: 0.013672461506720291
pearson: 0.027547948463723264
p-valu: 2.3774298807564485e-17

AL interation 3218/4801.

mae: 0.14181478778210557
max_error: 0.7169479049028951
variance: 0.013687069156102977
pearson: 0.03369071288868585
p-valu: 3.611051888146137e-25

AL interation 3219/4801.

mae: 0.14214073196297958
max_error: 0.7161439655217237
variance: 0.013750448254181554
pearson: 0.03357924579589276
p-valu: 5.169745803903268e-25

AL interation 3220/4801.

mae: 0.14210096214062515
max_error: 0.7146951292991162
variance: 0.013758512915234427
pearson: 0.03509920390247247
p-valu: 3.535312514039639e-27

AL interation 3221/4801.

mae: 0.14210161307555547
max_error: 0.714605971503488
variance: 0.013758583894633632
pearson: 0.025419332930464684
p-valu: 5.343737372068405e-15

AL interation 3222/4801.

mae: 0.14204078283861152
max_error: 0.7155220380223
variance: 0.013752578340864454
pearson: 0.03304821775671439
p-valu: 2.8082310371008772e-24

AL interation 3223/4801.

mae: 0.14197973186227292
max_error: 0.7151068318102034
variance: 0.013735498937673646
pearson: 0.02507238288017936
p-valu: 1.2413919431167762e-14

AL interation 3224/4801.

mae: 0.1419971898230861
max_error: 0.715383411779726
variance: 0.013741568911583537
pearson: 0.03521584030079982
p-valu: 2.395831478599832e-27

AL interation 3225/4801.

mae: 0.14174775488846578
max_error: 0.7073280896707956
variance: 0.01369505799008638
pearson: 0.041659350755827516
p-valu: 1.31842913201936e-37

AL interation 3226/4801.

mae: 0.1416368137402251
max_error: 0.7059072236805832
variance: 0.01364829551509288
pearson: 0.043694668715702135
p-valu: 3.3563395760562877e-41

AL interation 3227/4801.

mae: 0.14162628849814948
max_error: 0.7054877559618262
variance: 0.013660954648673205
pearson: 0.02196927048048265
p-valu: 1.4099962439917694e-11

AL interation 3228/4801.

mae: 0.1416338546107728
max_error: 0.7054571612593463
variance: 0.013664572787038781
pearson: 0.024605452720678662
p-valu: 3.794445756876151e-14

AL interation 3229/4801.

mae: 0.1416322662138367
max_error: 0.7054334754741376
variance: 0.01366534051138202
pearson: 0.03356226040764988
p-valu: 5.490386077056053e-25

AL interation 3230/4801.

mae: 0.14164647198671565
max_error: 0.709350641525134
variance: 0.013669898207775717
pearson: 0.03560813492610776
p-valu: 6.383961902939138e-28

AL interation 3231/4801.

mae: 0.14163290597678593
max_error: 0.7090143436759035
variance: 0.01366582837855057
pearson: 0.03219495162953429
p-valu: 4.0376504088482447e-23

AL interation 3232/4801.

mae: 0.14164806789636214
max_error: 0.7098442325718679
variance: 0.01367665840387657
pearson: 0.03637683907471119
p-valu: 4.557727965054743e-29

AL interation 3233/4801.

mae: 0.141631958261009
max_error: 0.7099943956808374
variance: 0.01367661975714546
pearson: 0.037140953997025154
p-valu: 3.1263432887774364e-30

AL interation 3234/4801.

mae: 0.1416273413409731
max_error: 0.7099130598005559
variance: 0.013676904028666134
pearson: 0.02867935738520278
p-valu: 1.1338654946219975e-18

AL interation 3235/4801.

mae: 0.14166091882584808
max_error: 0.7101882344928754
variance: 0.013679876848588783
pearson: 0.03437134370439162
p-valu: 3.990087340629659e-26

AL interation 3236/4801.

mae: 0.1416471116451286
max_error: 0.7108759254462029
variance: 0.013686101002935781
pearson: 0.04342005796586395
p-valu: 1.059022196515071e-40

AL interation 3237/4801.

mae: 0.1416224012563572
max_error: 0.7115300583380986
variance: 0.013680510947077477
pearson: 0.03568971308773365
p-valu: 4.858182467867806e-28

AL interation 3238/4801.

mae: 0.14163549949861096
max_error: 0.7115147961721959
variance: 0.013689038387855903
pearson: 0.03713798692481279
p-valu: 3.170388974395918e-30

AL interation 3239/4801.

mae: 0.14160855984653067
max_error: 0.7114232699516378
variance: 0.013678032997679411
pearson: 0.03706811916718689
p-valu: 4.062784852434433e-30

AL interation 3240/4801.

mae: 0.1416010599598497
max_error: 0.7116681257119808
variance: 0.013682170611776342
pearson: 0.0225074233127532
p-valu: 4.454521853860865e-12

AL interation 3241/4801.

mae: 0.14161917816934202
max_error: 0.7087350215309698
variance: 0.013659873915726765
pearson: 0.028056118191872245
p-valu: 6.1908980020410845e-18

AL interation 3242/4801.

mae: 0.1415668780060624
max_error: 0.7348184620469738
variance: 0.013662190449829591
pearson: 0.026014519104266037
p-valu: 1.2362667146295244e-15

AL interation 3243/4801.

mae: 0.14157940295581045
max_error: 0.7349679049167435
variance: 0.013664129459021181
pearson: 0.04424905034635693
p-valu: 3.3462640725088264e-42

AL interation 3244/4801.

mae: 0.14152913930506486
max_error: 0.7341260543630597
variance: 0.013676607969745534
pearson: 0.030151040062402133
p-valu: 1.8027408083111473e-20

AL interation 3245/4801.

mae: 0.14153707683240419
max_error: 0.7341483582092678
variance: 0.013678357168562437
pearson: 0.0378029601351165
p-valu: 2.9580804069858947e-31

AL interation 3246/4801.

mae: 0.14145905979931275
max_error: 0.7345813111214738
variance: 0.01366291166203051
pearson: 0.03382627066909373
p-valu: 2.370059828746234e-25

AL interation 3247/4801.

mae: 0.14123059035565508
max_error: 0.730578357261038
variance: 0.013642570201368373
pearson: 0.039739327360013656
p-valu: 2.3055904880354234e-34

AL interation 3248/4801.

mae: 0.14121938521658411
max_error: 0.7301399058688958
variance: 0.013643805791071857
pearson: 0.0294854739899119
p-valu: 1.2074294570737614e-19

AL interation 3249/4801.

mae: 0.14123960360654955
max_error: 0.7307339361944969
variance: 0.013656114195400188
pearson: 0.041008271128992656
p-valu: 1.7492867867807595e-36

AL interation 3250/4801.

mae: 0.1411907867978157
max_error: 0.7367168460091307
variance: 0.013617706643581666
pearson: 0.03239375295903644
p-valu: 2.2076518656153833e-23

AL interation 3251/4801.

mae: 0.14121047781047014
max_error: 0.7370742478632337
variance: 0.013621968089394783
pearson: 0.038515590686779455
p-valu: 2.2215903104983856e-32

AL interation 3252/4801.

mae: 0.141200709684333
max_error: 0.7363647561637663
variance: 0.013621110941701067
pearson: 0.033688687735712125
p-valu: 3.70617251000335e-25

AL interation 3253/4801.

mae: 0.1411979869124743
max_error: 0.7359542602519014
variance: 0.01362291789698388
pearson: 0.03662359734507977
p-valu: 1.9571760470578766e-29

AL interation 3254/4801.

mae: 0.1411052538454608
max_error: 0.7356883762646476
variance: 0.013586386509088723
pearson: 0.02932675249443755
p-valu: 1.892808776691406e-19

AL interation 3255/4801.

mae: 0.14105724839034445
max_error: 0.7413621238707719
variance: 0.013551189018159925
pearson: 0.025273481945458306
p-valu: 7.709069399069597e-15

AL interation 3256/4801.

mae: 0.14102425039753444
max_error: 0.7406009986317486
variance: 0.013542450507237158
pearson: 0.020450802279453006
p-valu: 3.199523498788756e-10

AL interation 3257/4801.

mae: 0.14100957998249464
max_error: 0.740713286073742
variance: 0.013537876169326129
pearson: 0.04158139672683228
p-valu: 1.846919957090607e-37

AL interation 3258/4801.

mae: 0.14102884802648308
max_error: 0.7408036237969782
variance: 0.013513826510740396
pearson: 0.038349059531314816
p-valu: 4.1111258108889125e-32

AL interation 3259/4801.

mae: 0.14093004606468879
max_error: 0.7401456058969416
variance: 0.013490894942685117
pearson: 0.029037647025418906
p-valu: 4.255421569381743e-19

AL interation 3260/4801.

mae: 0.14088836759189827
max_error: 0.7390417152575992
variance: 0.013496883721814052
pearson: 0.03995950451362555
p-valu: 1.0094791933762055e-34

AL interation 3261/4801.

mae: 0.14089747149119064
max_error: 0.7390592762585584
variance: 0.013496141560161901
pearson: 0.022219667193824726
p-valu: 8.334416228446228e-12

AL interation 3262/4801.

mae: 0.1407973461517371
max_error: 0.7392542861291531
variance: 0.013481749773611587
pearson: 0.02713373538374121
p-valu: 7.167071812244033e-17

AL interation 3263/4801.

mae: 0.14081740165282117
max_error: 0.7392996481854652
variance: 0.013479951190432904
pearson: 0.019133979577417515
p-valu: 4.015330866907185e-09

AL interation 3264/4801.

mae: 0.14078198072611417
max_error: 0.7363823271321053
variance: 0.013459138870660381
pearson: 0.03227808646022348
p-valu: 3.179754485744814e-23

AL interation 3265/4801.

mae: 0.14069038675854917
max_error: 0.7364503932649313
variance: 0.013454786890912764
pearson: 0.03764884449432388
p-valu: 5.22463425604091e-31

AL interation 3266/4801.

mae: 0.1407005950436834
max_error: 0.7365549256755912
variance: 0.01345542726065887
pearson: 0.036405387943748084
p-valu: 4.222373873903316e-29

AL interation 3267/4801.

mae: 0.14054113161501952
max_error: 0.7365445973467786
variance: 0.01344348281117259
pearson: 0.0263446099629773
p-valu: 5.438822316680262e-16

AL interation 3268/4801.

mae: 0.14053925034735773
max_error: 0.7358937314761533
variance: 0.013445745279691373
pearson: 0.032430926549756475
p-valu: 1.9864114396802017e-23

AL interation 3269/4801.

mae: 0.14053126016841042
max_error: 0.7353080155413636
variance: 0.013453175669969645
pearson: 0.031904319143866045
p-valu: 1.0032860724661918e-22

AL interation 3270/4801.

mae: 0.14055508592063637
max_error: 0.7358518419712254
variance: 0.01345493128170513
pearson: 0.034814804530610116
p-valu: 9.419704885436022e-27

AL interation 3271/4801.

mae: 0.140526487897852
max_error: 0.7362972876060212
variance: 0.013451406831434082
pearson: 0.016400900008000863
p-valu: 4.587148330565546e-07

AL interation 3272/4801.

mae: 0.14052908939823777
max_error: 0.736023453489338
variance: 0.0134476494593167
pearson: 0.03695587995190057
p-valu: 6.177623754834476e-30

AL interation 3273/4801.

mae: 0.1405284667862412
max_error: 0.7360150808567596
variance: 0.013446922048780058
pearson: 0.039603348658854585
p-valu: 3.935808843537739e-34

AL interation 3274/4801.

mae: 0.14053665547142333
max_error: 0.7359098122326486
variance: 0.013441434528583296
pearson: 0.03212784549278467
p-valu: 5.0755959574908647e-23

AL interation 3275/4801.

mae: 0.14048759498222943
max_error: 0.7288622454285587
variance: 0.013409261523817073
pearson: 0.029804394449222445
p-valu: 4.943159634444605e-20

AL interation 3276/4801.

mae: 0.14048408114511177
max_error: 0.7287794013552684
variance: 0.01340826092453692
pearson: 0.040031229343589915
p-valu: 7.779803908871929e-35

AL interation 3277/4801.

mae: 0.14039819358900382
max_error: 0.7314750064003874
variance: 0.013395238489773085
pearson: 0.030063532766893546
p-valu: 2.3550914546665215e-20

AL interation 3278/4801.

mae: 0.1404323906583403
max_error: 0.7318282143315855
variance: 0.013391704255426384
pearson: 0.036858453435381966
p-valu: 8.740766224395884e-30

AL interation 3279/4801.

mae: 0.1404438963945931
max_error: 0.7318103071854694
variance: 0.013391713526741698
pearson: 0.03957852458502058
p-valu: 4.342783158231554e-34

AL interation 3280/4801.

mae: 0.1404365236767328
max_error: 0.7315941204499268
variance: 0.013397475783275664
pearson: 0.02876253992711563
p-valu: 9.194050192286155e-19

AL interation 3281/4801.

mae: 0.14039732948224254
max_error: 0.7328414798759013
variance: 0.013394260662441489
pearson: 0.03159753164337248
p-valu: 2.561317726358915e-22

AL interation 3282/4801.

mae: 0.14025602591930875
max_error: 0.733707082691808
variance: 0.013309001037614534
pearson: 0.024275663474467246
p-valu: 8.37705032992699e-14

AL interation 3283/4801.

mae: 0.14017628880522995
max_error: 0.7328836288154434
variance: 0.013277613461188472
pearson: 0.018196370707319432
p-valu: 2.211160455242451e-08

AL interation 3284/4801.

mae: 0.14005202105490924
max_error: 0.7325839274748205
variance: 0.01326521728543093
pearson: 0.03478725317208753
p-valu: 1.041113620366409e-26

AL interation 3285/4801.

mae: 0.1400315526667837
max_error: 0.7334206420755436
variance: 0.013262150511700403
pearson: 0.016135499703273964
p-valu: 7.01885938895469e-07

AL interation 3286/4801.

mae: 0.140013113944685
max_error: 0.7320299655419831
variance: 0.013270966801523298
pearson: 0.031340536732796416
p-valu: 5.563114591157712e-22

AL interation 3287/4801.

mae: 0.1400117164984666
max_error: 0.7320599266392946
variance: 0.013270054048253006
pearson: 0.03201316129224886
p-valu: 7.26230698805359e-23

AL interation 3288/4801.

mae: 0.1400452291264633
max_error: 0.732198517610982
variance: 0.013287995012796643
pearson: 0.031948065613487724
p-valu: 8.865462660057728e-23

AL interation 3289/4801.

mae: 0.14001788495430229
max_error: 0.7319698261156873
variance: 0.013286206325306282
pearson: 0.03697859400569742
p-valu: 5.7694006004593284e-30

AL interation 3290/4801.

mae: 0.1400182607700746
max_error: 0.731826184257443
variance: 0.013287635178231724
pearson: 0.019180181668784605
p-valu: 3.7033206076973116e-09

AL interation 3291/4801.

mae: 0.13997513585402516
max_error: 0.7316202004988099
variance: 0.013286686000225725
pearson: 0.026426381390390597
p-valu: 4.459146898409386e-16

AL interation 3292/4801.

mae: 0.13997953660215615
max_error: 0.7317619057234879
variance: 0.013281843079586523
pearson: 0.03053459252654734
p-valu: 6.0540266634213376e-21

AL interation 3293/4801.

mae: 0.13996740784269804
max_error: 0.7317833597621757
variance: 0.013282471682840491
pearson: 0.025542683289431663
p-valu: 4.045631770158415e-15

AL interation 3294/4801.

mae: 0.13996416693430908
max_error: 0.7318338217301061
variance: 0.013287262745690111
pearson: 0.025352511092380278
p-valu: 6.442117902048053e-15

AL interation 3295/4801.

mae: 0.13996532912641338
max_error: 0.731666317164013
variance: 0.013281096136279907
pearson: 0.025794920673137826
p-valu: 2.1738316250933512e-15

AL interation 3296/4801.

mae: 0.13996610406076546
max_error: 0.73162692402218
variance: 0.01328086127571191
pearson: 0.03529969674346679
p-valu: 1.8902085588125558e-27

AL interation 3297/4801.

mae: 0.14004240736283374
max_error: 0.7294641857322404
variance: 0.013271844183763344
pearson: 0.026201826214907357
p-valu: 7.878718444467485e-16

AL interation 3298/4801.

mae: 0.14002976632459735
max_error: 0.7283626719115546
variance: 0.013273224326784452
pearson: 0.030845291394265128
p-valu: 2.4392890475595384e-21

AL interation 3299/4801.

mae: 0.14001212295818777
max_error: 0.728482128104929
variance: 0.013272738151116107
pearson: 0.027075653587009935
p-valu: 8.450929282174355e-17

AL interation 3300/4801.

mae: 0.14000616600127255
max_error: 0.7280868866522496
variance: 0.013273832553072358
pearson: 0.030310800818332782
p-valu: 1.1654171872082743e-20

AL interation 3301/4801.

mae: 0.13996770018703825
max_error: 0.7280157336141428
variance: 0.013266219184970812
pearson: 0.02461409200404423
p-valu: 3.8021772139822454e-14

AL interation 3302/4801.

mae: 0.13996851846120803
max_error: 0.7277006697218553
variance: 0.01326571920172641
pearson: 0.03808187139171971
p-valu: 1.1240031906725005e-31

AL interation 3303/4801.

mae: 0.13995619155980626
max_error: 0.7277231993870714
variance: 0.013265890326577382
pearson: 0.030194612258925228
p-valu: 1.6334361481360227e-20

AL interation 3304/4801.

mae: 0.13994366851685933
max_error: 0.7271325824384576
variance: 0.013237829083227915
pearson: 0.031752086152588566
p-valu: 1.6230197375725057e-22

AL interation 3305/4801.

mae: 0.1399468502746412
max_error: 0.7268254622417203
variance: 0.013237661164231562
pearson: 0.02444684886326808
p-valu: 5.6479862697229034e-14

AL interation 3306/4801.

mae: 0.1399632241643771
max_error: 0.7267165326356917
variance: 0.013231324429950574
pearson: 0.016240949232024352
p-valu: 5.953763434017963e-07

AL interation 3307/4801.

mae: 0.13996342070780798
max_error: 0.7286603926954172
variance: 0.013222852289004036
pearson: 0.022886080201430348
p-valu: 1.979165290841357e-12

AL interation 3308/4801.

mae: 0.13993519366724266
max_error: 0.7285973823056224
variance: 0.013223997679438403
pearson: 0.028650189426049483
p-valu: 1.2668329438099839e-18

AL interation 3309/4801.

mae: 0.13992887802328302
max_error: 0.7281418997320088
variance: 0.013219060801744632
pearson: 0.034682994754984056
p-valu: 1.4934765620640308e-26

AL interation 3310/4801.

mae: 0.13989099934778118
max_error: 0.7277282089272603
variance: 0.013208254716612541
pearson: 0.037742642126143956
p-valu: 3.85171482940405e-31

AL interation 3311/4801.

mae: 0.13984322664293455
max_error: 0.7271223794460866
variance: 0.01319586993440204
pearson: 0.025570382349157404
p-valu: 3.8023614916942376e-15

AL interation 3312/4801.

mae: 0.13985888370803254
max_error: 0.7272440672315952
variance: 0.013197678241323866
pearson: 0.024634705840918817
p-valu: 3.633377682666197e-14

AL interation 3313/4801.

mae: 0.13986573347607287
max_error: 0.7270912958540521
variance: 0.01320014192231822
pearson: 0.03704894502453723
p-valu: 4.5761991863488296e-30

AL interation 3314/4801.

mae: 0.13975452759880494
max_error: 0.7260602583320406
variance: 0.013199834423413126
pearson: 0.03222019615935069
p-valu: 3.9018903467825644e-23

AL interation 3315/4801.

mae: 0.13975357792336757
max_error: 0.7261200983948584
variance: 0.013200373581912353
pearson: 0.033799510271102645
p-valu: 2.688920198826993e-25

AL interation 3316/4801.

mae: 0.1397477008056173
max_error: 0.7261395868879958
variance: 0.013199961013812506
pearson: 0.01890909497273628
p-valu: 6.144834338080382e-09

AL interation 3317/4801.

mae: 0.13974079518241422
max_error: 0.725999691764855
variance: 0.013199198488467328
pearson: 0.029002909213059095
p-valu: 4.804012171436695e-19

AL interation 3318/4801.

mae: 0.1397254957617564
max_error: 0.7257417297893767
variance: 0.013196212563741204
pearson: 0.02942296700652497
p-valu: 1.4850796794418665e-19

AL interation 3319/4801.

mae: 0.1396519404123005
max_error: 0.7250072744216709
variance: 0.013180775715811461
pearson: 0.0387425545682619
p-valu: 1.0137784816590795e-32

AL interation 3320/4801.

mae: 0.13965064634856178
max_error: 0.7250358195645958
variance: 0.01317838955704336
pearson: 0.02353968584474801
p-valu: 4.606113529364246e-13

AL interation 3321/4801.

mae: 0.13971627571469067
max_error: 0.7251960223048854
variance: 0.01317628151451413
pearson: 0.015699587561996742
p-valu: 1.3938341683551723e-06

AL interation 3322/4801.

mae: 0.13972585146851216
max_error: 0.725744031958584
variance: 0.01316543263226286
pearson: 0.025972602419942925
p-valu: 1.410803295999806e-15

AL interation 3323/4801.

mae: 0.1397250678020497
max_error: 0.7256871608659026
variance: 0.013164928881794593
pearson: 0.04598164740280033
p-valu: 2.130864136921784e-45

AL interation 3324/4801.

mae: 0.13972579951622627
max_error: 0.7252554174266947
variance: 0.013166950368730576
pearson: 0.030046614999324244
p-valu: 2.526165555472405e-20

AL interation 3325/4801.

mae: 0.13964720854084964
max_error: 0.7257641234309631
variance: 0.013130195109100937
pearson: 0.02131990956527462
p-valu: 5.612376327849359e-11

AL interation 3326/4801.

mae: 0.13966673943260643
max_error: 0.7256063974730864
variance: 0.013132364870050863
pearson: 0.02378808242676862
p-valu: 2.620393689305317e-13

AL interation 3327/4801.

mae: 0.1399822753100987
max_error: 0.725030006195766
variance: 0.013220227538270946
pearson: 0.028671810285147602
p-valu: 1.2033312050272832e-18

AL interation 3328/4801.

mae: 0.13996783944473626
max_error: 0.724966159158555
variance: 0.013213955247078127
pearson: 0.029479799138996902
p-valu: 1.2708749417710775e-19

AL interation 3329/4801.

mae: 0.13997016208189303
max_error: 0.7249711638879717
variance: 0.013213741575354527
pearson: 0.025864019933483907
p-valu: 1.8527373462474513e-15

AL interation 3330/4801.

mae: 0.13998113254870942
max_error: 0.7251297929431075
variance: 0.01321556361960071
pearson: 0.02832125763301617
p-valu: 3.1355398232884116e-18

AL interation 3331/4801.

mae: 0.13999052703866222
max_error: 0.7255605399938077
variance: 0.013218636096215645
pearson: 0.020026732384178427
p-valu: 7.46456184356495e-10

AL interation 3332/4801.

mae: 0.13997994507528624
max_error: 0.7254507442611384
variance: 0.013221760525429721
pearson: 0.021167386724593645
p-valu: 7.688295578842941e-11

AL interation 3333/4801.

mae: 0.1399826607243275
max_error: 0.7254708168208595
variance: 0.013224377347207586
pearson: 0.030742560440503757
p-valu: 3.3566183921524572e-21

AL interation 3334/4801.

mae: 0.1399817375558331
max_error: 0.7254404828119618
variance: 0.013223965260858518
pearson: 0.03424451658688573
p-valu: 6.410825873605335e-26

AL interation 3335/4801.

mae: 0.13996722131951506
max_error: 0.7255662089015118
variance: 0.013226232552872282
pearson: 0.02944986710955901
p-valu: 1.3870242043002405e-19

AL interation 3336/4801.

mae: 0.13993922162888484
max_error: 0.7252047632998142
variance: 0.013213206685410902
pearson: 0.03202258167043575
p-valu: 7.23741367962106e-23

AL interation 3337/4801.

mae: 0.13993694013945407
max_error: 0.7251452038660773
variance: 0.013212924415494699
pearson: 0.022967257128558006
p-valu: 1.6675920799641463e-12

AL interation 3338/4801.

mae: 0.13999256266419446
max_error: 0.7243593234572927
variance: 0.013220571784429567
pearson: 0.039451047765079364
p-valu: 7.3508349545608025e-34

AL interation 3339/4801.

mae: 0.1400143136172514
max_error: 0.7272283612658725
variance: 0.013230117316173844
pearson: 0.04296096075257973
p-valu: 7.706593513931743e-40

AL interation 3340/4801.

mae: 0.13995935451052371
max_error: 0.7273579252430977
variance: 0.0132163946518295
pearson: 0.03289472307523611
p-valu: 4.8587316940510175e-24

AL interation 3341/4801.

mae: 0.13995293196418612
max_error: 0.7274143168025944
variance: 0.013216117447233888
pearson: 0.016133163528919685
p-valu: 7.098360284021694e-07

AL interation 3342/4801.

mae: 0.13996729540247138
max_error: 0.7283120251642572
variance: 0.013221659846857626
pearson: 0.03330597359439955
p-valu: 1.3264142567364956e-24

AL interation 3343/4801.

mae: 0.1399762502955842
max_error: 0.7283131577796667
variance: 0.013222961207922481
pearson: 0.0287983701457981
p-valu: 8.552755056189828e-19

AL interation 3344/4801.

mae: 0.13997990517596243
max_error: 0.7287904724835244
variance: 0.01322485132764312
pearson: 0.025362213286315795
p-valu: 6.395305085235323e-15

AL interation 3345/4801.

mae: 0.1399800627879288
max_error: 0.7287938946734016
variance: 0.013224378353186995
pearson: 0.031245469565838607
p-valu: 7.61177746353539e-22

AL interation 3346/4801.

mae: 0.13998957772976728
max_error: 0.7282050187614004
variance: 0.013222989193625741
pearson: 0.03525972655052003
p-valu: 2.231310975477882e-27

AL interation 3347/4801.

mae: 0.1399136364646978
max_error: 0.7289232930900198
variance: 0.013208492730525448
pearson: 0.04105163754628449
p-valu: 1.6044896844747775e-36

AL interation 3348/4801.

mae: 0.13991075301040473
max_error: 0.7289409251761754
variance: 0.013206386392131907
pearson: 0.030961509516082564
p-valu: 1.7727578286157468e-21

AL interation 3349/4801.

mae: 0.13989596414139663
max_error: 0.7283124587178804
variance: 0.013211704754882985
pearson: 0.030408864125515217
p-valu: 8.969465623082356e-21

AL interation 3350/4801.

mae: 0.1398964805439494
max_error: 0.7283176291882114
variance: 0.013211891863456074
pearson: 0.028644170334893224
p-valu: 1.310600692013151e-18

AL interation 3351/4801.

mae: 0.13994650448174034
max_error: 0.7286219178239435
variance: 0.01321036820721682
pearson: 0.024041918803237444
p-valu: 1.4719765944966818e-13

AL interation 3352/4801.

mae: 0.1399690533785399
max_error: 0.7290354927102953
variance: 0.013215515902780153
pearson: 0.018845660086422265
p-valu: 6.948686745885366e-09

AL interation 3353/4801.

mae: 0.13997101522066818
max_error: 0.7290506648237738
variance: 0.013216096549752672
pearson: 0.04136149177599874
p-valu: 4.78327812036513e-37

AL interation 3354/4801.

mae: 0.13995712331745244
max_error: 0.7285703094377709
variance: 0.013213768819078169
pearson: 0.019406797828136587
p-valu: 2.4524452438485732e-09

AL interation 3355/4801.

mae: 0.13999914499914673
max_error: 0.7301055973842381
variance: 0.013206942634805123
pearson: 0.024861203120969635
p-valu: 2.148703324476521e-14

AL interation 3356/4801.

mae: 0.1399925052359417
max_error: 0.7305222803638003
variance: 0.01320671192670445
pearson: 0.03128138817287002
p-valu: 6.874674551052567e-22

AL interation 3357/4801.

mae: 0.13999576792882681
max_error: 0.7305602711291499
variance: 0.013207022917386218
pearson: 0.02547994836004109
p-valu: 4.818594516394596e-15

AL interation 3358/4801.

mae: 0.13997973679532516
max_error: 0.731272575946889
variance: 0.013201468584450928
pearson: 0.025072936283005956
p-valu: 1.2943882422642439e-14

AL interation 3359/4801.

mae: 0.13998212252934802
max_error: 0.7313816339157029
variance: 0.013201967356669665
pearson: 0.03460352795601993
p-valu: 2.00173581244162e-26

AL interation 3360/4801.

mae: 0.13996329684178568
max_error: 0.7313473575158014
variance: 0.013189114277196805
pearson: 0.027609067012561297
p-valu: 2.1373734679228302e-17

AL interation 3361/4801.

mae: 0.139932558085928
max_error: 0.7314210957540581
variance: 0.013175124480468122
pearson: 0.022761899559955338
p-valu: 2.638306857413271e-12

AL interation 3362/4801.

mae: 0.13994431783266778
max_error: 0.731349435826246
variance: 0.01317386763363213
pearson: 0.02684823170658519
p-valu: 1.5570606940141174e-16

AL interation 3363/4801.

mae: 0.1399567520848601
max_error: 0.7306202616968562
variance: 0.013181088700648162
pearson: 0.026415373878795292
p-valu: 4.703776417771537e-16

AL interation 3364/4801.

mae: 0.13999147185594008
max_error: 0.7296179540942944
variance: 0.013188474732107033
pearson: 0.031169960236285668
p-valu: 9.623347671283905e-22

AL interation 3365/4801.

mae: 0.1399752590916898
max_error: 0.7282811383626608
variance: 0.01318351596098867
pearson: 0.03355391699093788
p-valu: 6.092506075095409e-25

AL interation 3366/4801.

mae: 0.13997870712942434
max_error: 0.7277520687728156
variance: 0.01318812587829908
pearson: 0.03649323449123045
p-valu: 3.3270585345373695e-29

AL interation 3367/4801.

mae: 0.13979635567158705
max_error: 0.7272590218301502
variance: 0.013174198972884153
pearson: 0.02661933786852866
p-valu: 2.804454182146332e-16

AL interation 3368/4801.

mae: 0.1398009958216705
max_error: 0.7271652500265873
variance: 0.013174525541641731
pearson: 0.034382405356974205
p-valu: 4.1655422016451815e-26

AL interation 3369/4801.

mae: 0.13980286785557838
max_error: 0.7272521025715832
variance: 0.013176511244801715
pearson: 0.023793606608474755
p-valu: 2.6197333029510934e-13

AL interation 3370/4801.

mae: 0.13980515420259593
max_error: 0.7272731079926302
variance: 0.013176248755305927
pearson: 0.035951772629381984
p-valu: 2.1627174768645465e-28

AL interation 3371/4801.

mae: 0.1398239230626835
max_error: 0.7272410689985804
variance: 0.013176102036097159
pearson: 0.035504484135599534
p-valu: 9.927246654558487e-28

AL interation 3372/4801.

mae: 0.1397989466854596
max_error: 0.7271716954243175
variance: 0.013168176032977114
pearson: 0.028385019139573586
p-valu: 2.6827206128343028e-18

AL interation 3373/4801.

mae: 0.13981323481730393
max_error: 0.7270977273274184
variance: 0.013167187512930797
pearson: 0.02578909747649567
p-valu: 2.264288970849416e-15

AL interation 3374/4801.

mae: 0.13981598642903043
max_error: 0.7261885062399642
variance: 0.013166788702857563
pearson: 0.03366154906602921
p-valu: 4.336584460721423e-25

AL interation 3375/4801.

mae: 0.13981591905443796
max_error: 0.7261872264770091
variance: 0.013166778888832033
pearson: 0.027566125491287206
p-valu: 2.408090010684619e-17

AL interation 3376/4801.

mae: 0.13982695704396678
max_error: 0.7312155629686572
variance: 0.013172881300414475
pearson: 0.035341591078403525
p-valu: 1.7261900758779074e-27

AL interation 3377/4801.

mae: 0.13981673798452102
max_error: 0.7299743778610264
variance: 0.013168672919308509
pearson: 0.021071124194531235
p-valu: 9.453804652981709e-11

AL interation 3378/4801.

mae: 0.13982705075423882
max_error: 0.7300951749458591
variance: 0.013175618854283207
pearson: 0.03335832906600467
p-valu: 1.1458480142788844e-24

AL interation 3379/4801.

mae: 0.13987178159274408
max_error: 0.7300572019265701
variance: 0.013182864910268351
pearson: 0.03517581651138888
p-valu: 3.0192168479817196e-27

AL interation 3380/4801.

mae: 0.13987333173958558
max_error: 0.7300294685709332
variance: 0.0131824333639548
pearson: 0.02623768825856991
p-valu: 7.410683839663167e-16

AL interation 3381/4801.

mae: 0.13983350585670912
max_error: 0.728585974500561
variance: 0.013175913739756451
pearson: 0.030928234474563075
p-valu: 1.9875417379647992e-21

AL interation 3382/4801.

mae: 0.13976122218868015
max_error: 0.7285924000694877
variance: 0.013187062386514962
pearson: 0.033376774347769075
p-valu: 1.082934496637916e-24

AL interation 3383/4801.

mae: 0.1397633662358028
max_error: 0.72858162774628
variance: 0.01318673991239616
pearson: 0.022990880256550866
p-valu: 1.602366259559708e-12

AL interation 3384/4801.

mae: 0.1397552182466201
max_error: 0.7281101294501013
variance: 0.013182456011246197
pearson: 0.03669527348149598
p-valu: 1.6648857307618725e-29

AL interation 3385/4801.

mae: 0.13974117359255736
max_error: 0.7280963791142767
variance: 0.01318603884085799
pearson: 0.034206957943383375
p-valu: 7.468995529871331e-26

AL interation 3386/4801.

mae: 0.13978130478030643
max_error: 0.7288716008501979
variance: 0.013200828424854549
pearson: 0.02963444570985084
p-valu: 8.421316291523398e-20

AL interation 3387/4801.

mae: 0.1398264441915411
max_error: 0.7289700457314439
variance: 0.01320354123067418
pearson: 0.03628119675483574
p-valu: 7.037962555471277e-29

AL interation 3388/4801.

mae: 0.13981758651004828
max_error: 0.7289061148984501
variance: 0.013202225054282507
pearson: 0.03380034416753367
p-valu: 2.7970148389088336e-25

AL interation 3389/4801.

mae: 0.13989966222998
max_error: 0.7299877800207923
variance: 0.013216183316323037
pearson: 0.04049318619853571
p-valu: 1.4515103779914144e-35

AL interation 3390/4801.

mae: 0.13995090120051779
max_error: 0.7294982828266257
variance: 0.013208501822095353
pearson: 0.03086831356218336
p-valu: 2.3824020674434654e-21

AL interation 3391/4801.

mae: 0.13997349299049702
max_error: 0.7294671820995973
variance: 0.013213408982880913
pearson: 0.033821476056928514
p-valu: 2.6172893221862705e-25

AL interation 3392/4801.

mae: 0.1399348551210188
max_error: 0.7295781219689843
variance: 0.013208800173429824
pearson: 0.022980209988446906
p-valu: 1.6446379750591048e-12

AL interation 3393/4801.

mae: 0.13991373391145975
max_error: 0.7291144930588871
variance: 0.013211187837316235
pearson: 0.031513212775923824
p-valu: 3.4941647279202215e-22

AL interation 3394/4801.

mae: 0.13988279756535058
max_error: 0.7289009728094697
variance: 0.013213998115812246
pearson: 0.03276830237001656
p-valu: 7.435920445777886e-24

AL interation 3395/4801.

mae: 0.13983722795806272
max_error: 0.7286143048378335
variance: 0.013213997606314086
pearson: 0.023385686583806332
p-valu: 6.660358832813465e-13

AL interation 3396/4801.

mae: 0.13981211471401475
max_error: 0.7287171641318082
variance: 0.013224781203656916
pearson: 0.03172360235069531
p-valu: 1.8542354786573897e-22

AL interation 3397/4801.

mae: 0.13979860270805974
max_error: 0.7287107080303485
variance: 0.013223505541784496
pearson: 0.02206488338133866
p-valu: 1.2002065782820991e-11

AL interation 3398/4801.

mae: 0.13979115420933777
max_error: 0.7286689939099915
variance: 0.013226532285685481
pearson: 0.03106409507058039
p-valu: 1.3403279690166865e-21

AL interation 3399/4801.

mae: 0.13975499232925867
max_error: 0.7300164183514539
variance: 0.013203844522269657
pearson: 0.034091061343998426
p-valu: 1.0983652549567625e-25

AL interation 3400/4801.

mae: 0.13971480657834542
max_error: 0.7313785635276417
variance: 0.013199905064221118
pearson: 0.032884681116701946
p-valu: 5.181422000493085e-24

AL interation 3401/4801.

mae: 0.13969979387450576
max_error: 0.731413988341842
variance: 0.013198586318192046
pearson: 0.037370273218443065
p-valu: 1.5574254817874474e-30

AL interation 3402/4801.

mae: 0.13970350262320125
max_error: 0.7311635008858275
variance: 0.013201233451832436
pearson: 0.028967600489849584
p-valu: 5.493325883620262e-19

AL interation 3403/4801.

mae: 0.1397016215797259
max_error: 0.7310437589778758
variance: 0.013204948763476783
pearson: 0.026591455412432564
p-valu: 3.050319095689792e-16

AL interation 3404/4801.

mae: 0.13968924577908334
max_error: 0.7308868663999988
variance: 0.013203206513310025
pearson: 0.032573321295137965
p-valu: 1.3729562392968227e-23

AL interation 3405/4801.

mae: 0.13968879356626035
max_error: 0.7308812046769617
variance: 0.013203490082012105
pearson: 0.029494125397063697
p-valu: 1.2626247334373745e-19

AL interation 3406/4801.

mae: 0.13968880004337877
max_error: 0.7308777919320164
variance: 0.01320348619792846
pearson: 0.027526827396112844
p-valu: 2.703169848300459e-17

AL interation 3407/4801.

mae: 0.13953938083470577
max_error: 0.7318023368634385
variance: 0.01318910780197569
pearson: 0.028113307166863107
p-valu: 5.672250528348967e-18

AL interation 3408/4801.

mae: 0.13950394149931414
max_error: 0.7323324318823552
variance: 0.01318620416701612
pearson: 0.04376475675417194
p-valu: 2.987003546960162e-41

AL interation 3409/4801.

mae: 0.13921520439156979
max_error: 0.7337615398887465
variance: 0.013187319015310296
pearson: 0.03144378484069855
p-valu: 4.339578827978419e-22

AL interation 3410/4801.

mae: 0.13920585665318128
max_error: 0.7338495339735118
variance: 0.01318761226453782
pearson: 0.027800639228879542
p-valu: 1.3110342009185284e-17

AL interation 3411/4801.

mae: 0.1391973554377239
max_error: 0.7339126741399014
variance: 0.013186721043757732
pearson: 0.041411786866680074
p-valu: 4.125040957770641e-37

AL interation 3412/4801.

mae: 0.13918360703929292
max_error: 0.7338685440287236
variance: 0.013185610920677904
pearson: 0.028506045614946157
p-valu: 1.9616903557638757e-18

AL interation 3413/4801.

mae: 0.13911032644562335
max_error: 0.7350409517730441
variance: 0.013202748689482409
pearson: 0.018798733877182453
p-valu: 7.655704411070262e-09

AL interation 3414/4801.

mae: 0.13911017086255426
max_error: 0.7351077065868594
variance: 0.01320335095499411
pearson: 0.026993153750874615
p-valu: 1.09207844289099e-16

AL interation 3415/4801.

mae: 0.13907641346561428
max_error: 0.7354663343278389
variance: 0.013220068090846505
pearson: 0.026396645719710763
p-valu: 5.023762783675159e-16

AL interation 3416/4801.

mae: 0.13908030873661165
max_error: 0.7356869743038033
variance: 0.013229771876169007
pearson: 0.04084161341534499
p-valu: 3.8553057501453326e-36

AL interation 3417/4801.

mae: 0.13909413191049322
max_error: 0.7372961217224656
variance: 0.013232333471354078
pearson: 0.029128425858494855
p-valu: 3.5367702255355866e-19

AL interation 3418/4801.

mae: 0.1390963675019058
max_error: 0.737341726057025
variance: 0.013231657223726118
pearson: 0.043155848810064026
p-valu: 3.7341381327292754e-40

AL interation 3419/4801.

mae: 0.13910155524662451
max_error: 0.73737123473461
variance: 0.013229498225953347
pearson: 0.0258505429411474
p-valu: 1.975173760910798e-15

AL interation 3420/4801.

mae: 0.13899314419217385
max_error: 0.7376015908234876
variance: 0.013228202624961051
pearson: 0.04662351501675598
p-valu: 1.4015687250507833e-46

AL interation 3421/4801.

mae: 0.1389865087770562
max_error: 0.7373406019745516
variance: 0.013225932872676911
pearson: 0.031214546868971675
p-valu: 8.666003564514603e-22

AL interation 3422/4801.

mae: 0.1389799402055906
max_error: 0.7373374118571974
variance: 0.013226972075588393
pearson: 0.023074613601102835
p-valu: 1.3449766298378321e-12

AL interation 3423/4801.

mae: 0.13898108190081143
max_error: 0.7373392935958236
variance: 0.01322701570248293
pearson: 0.029572727052300584
p-valu: 1.019433268020495e-19

AL interation 3424/4801.

mae: 0.1389952643362919
max_error: 0.7373218137213371
variance: 0.013221807178832258
pearson: 0.036810529533446386
p-valu: 1.1428408286725303e-29

AL interation 3425/4801.

mae: 0.13863465375695588
max_error: 0.7358397390613618
variance: 0.013135991509741443
pearson: 0.034038610566702356
p-valu: 1.322340372980861e-25

AL interation 3426/4801.

mae: 0.13840397956545689
max_error: 0.7323932830832973
variance: 0.013134511422797398
pearson: 0.03674502800399605
p-valu: 1.439488390318149e-29

AL interation 3427/4801.

mae: 0.13830800923095762
max_error: 0.7295651866313619
variance: 0.013157024788504352
pearson: 0.029720548471232656
p-valu: 6.71802293302635e-20

AL interation 3428/4801.

mae: 0.13831121032491364
max_error: 0.7299715891060714
variance: 0.013179604117404098
pearson: 0.03380397280839962
p-valu: 2.829017437046839e-25

AL interation 3429/4801.

mae: 0.13830211460025718
max_error: 0.7291613342152914
variance: 0.013179325140514207
pearson: 0.04072873289063403
p-valu: 6.039298855357198e-36

AL interation 3430/4801.

mae: 0.13830196996287503
max_error: 0.7288395090203039
variance: 0.013178978776578474
pearson: 0.041292419235067934
p-valu: 6.705588024108794e-37

AL interation 3431/4801.

mae: 0.1383009123378573
max_error: 0.7288388446315821
variance: 0.013181750356656929
pearson: 0.03339099045662749
p-valu: 1.0639454955501828e-24

AL interation 3432/4801.

mae: 0.13828617551868466
max_error: 0.7286764927213198
variance: 0.013181037065099705
pearson: 0.03336052326388554
p-valu: 1.172933604990141e-24

AL interation 3433/4801.

mae: 0.13828971674724544
max_error: 0.7290418181206633
variance: 0.013182622872924907
pearson: 0.025264762296122102
p-valu: 8.342121659033616e-15

AL interation 3434/4801.

mae: 0.13829508784550265
max_error: 0.7293480636086542
variance: 0.013180031508541742
pearson: 0.03915045990048238
p-valu: 2.4388330038972984e-33

AL interation 3435/4801.

mae: 0.13827441326924172
max_error: 0.7297199403052446
variance: 0.013183608753608923
pearson: 0.03798446016255849
p-valu: 1.7625013466160225e-31

AL interation 3436/4801.

mae: 0.13827780635378603
max_error: 0.7297446905814695
variance: 0.01318409235363004
pearson: 0.03314146771008764
p-valu: 2.354431567715134e-24

AL interation 3437/4801.

mae: 0.13827220248834732
max_error: 0.7297341779591306
variance: 0.01318317873388576
pearson: 0.03259928529916952
p-valu: 1.2891090580593196e-23

AL interation 3438/4801.

mae: 0.1382753847173181
max_error: 0.7276836527100841
variance: 0.013177578728131878
pearson: 0.013158215130230423
p-valu: 5.297138275280347e-05

AL interation 3439/4801.

mae: 0.13827196167408312
max_error: 0.727506112062315
variance: 0.013178518987536874
pearson: 0.026422748316841757
p-valu: 4.742734206076765e-16

AL interation 3440/4801.

mae: 0.1381208689458827
max_error: 0.7275565276470388
variance: 0.013183741948492245
pearson: 0.03855130766015593
p-valu: 2.244601974055233e-32

AL interation 3441/4801.

mae: 0.13809533085824569
max_error: 0.7277028135785031
variance: 0.013179165040129502
pearson: 0.027537188733333995
p-valu: 2.6659672603845624e-17

AL interation 3442/4801.

mae: 0.13809063217577625
max_error: 0.7276047199217146
variance: 0.013176945570341922
pearson: 0.03313418651814347
p-valu: 2.417259849304476e-24

AL interation 3443/4801.

mae: 0.13807826590293984
max_error: 0.7281115508985749
variance: 0.01318700936043783
pearson: 0.038054137235361614
p-valu: 1.3777191898497894e-31

AL interation 3444/4801.

mae: 0.13810617552349316
max_error: 0.7275688639986129
variance: 0.01320189094094879
pearson: 0.02823613743968697
p-valu: 4.134486171161851e-18

AL interation 3445/4801.

mae: 0.1380887182910132
max_error: 0.7271528350548806
variance: 0.013204555734891753
pearson: 0.028052591920821237
p-valu: 6.779593969159593e-18

AL interation 3446/4801.

mae: 0.13813187312345668
max_error: 0.7290886366523637
variance: 0.013221347628923281
pearson: 0.03617386061834726
p-valu: 1.0599136079629916e-28

AL interation 3447/4801.

mae: 0.13824365846151015
max_error: 0.7294233911768515
variance: 0.013234933561250757
pearson: 0.03073754548109906
p-valu: 3.5971433785250115e-21

AL interation 3448/4801.

mae: 0.13824368774546317
max_error: 0.7294238039579568
variance: 0.013234792923704448
pearson: 0.03225497959493588
p-valu: 3.7613675930450834e-23

AL interation 3449/4801.

mae: 0.13821687109827463
max_error: 0.7292201208877032
variance: 0.013263859109165978
pearson: 0.0448824635378902
p-valu: 2.80296524402262e-43

AL interation 3450/4801.

mae: 0.1382106229149797
max_error: 0.7291269960214777
variance: 0.013270995726947302
pearson: 0.02947011668216032
p-valu: 1.3780132690506862e-19

AL interation 3451/4801.

mae: 0.13808509412659742
max_error: 0.728842009690652
variance: 0.013261640422610126
pearson: 0.03048552357684784
p-valu: 7.52820390542849e-21

AL interation 3452/4801.

mae: 0.13808624696121558
max_error: 0.7288301100838908
variance: 0.01326197776282025
pearson: 0.04355035855235214
p-valu: 7.586056115231872e-41

AL interation 3453/4801.

mae: 0.13808273434722282
max_error: 0.7288791654628994
variance: 0.013258336783725528
pearson: 0.028730947152461748
p-valu: 1.0781876430797485e-18

AL interation 3454/4801.

mae: 0.13808389344576036
max_error: 0.728875864237807
variance: 0.013257889509667014
pearson: 0.0336776229310401
p-valu: 4.31141927876172e-25

AL interation 3455/4801.

mae: 0.13820643689915296
max_error: 0.7308248269625892
variance: 0.01326869705856536
pearson: 0.035907853226020026
p-valu: 2.656599804159604e-28

AL interation 3456/4801.

mae: 0.13821333280096293
max_error: 0.7307927664958243
variance: 0.013269144233462567
pearson: 0.019016567073652423
p-valu: 5.173957810930589e-09

AL interation 3457/4801.

mae: 0.13824345239801022
max_error: 0.7311789588819693
variance: 0.013268490933341462
pearson: 0.029472007982986416
p-valu: 1.374918376392553e-19

AL interation 3458/4801.

mae: 0.1382305815880465
max_error: 0.7310744758833607
variance: 0.013264056049005398
pearson: 0.03636563320681117
p-valu: 5.509290173895883e-29

AL interation 3459/4801.

mae: 0.13823442786409593
max_error: 0.7306145513980482
variance: 0.013255551328015442
pearson: 0.028322036281242094
p-valu: 3.297334908804761e-18

AL interation 3460/4801.

mae: 0.13823594777755535
max_error: 0.730772251827716
variance: 0.013257628993547894
pearson: 0.02958034605286342
p-valu: 1.0141956425737747e-19

AL interation 3461/4801.

mae: 0.1380243350478309
max_error: 0.729881198803696
variance: 0.013243693084538651
pearson: 0.025855266371476667
p-valu: 1.9802149498153243e-15

AL interation 3462/4801.

mae: 0.13807274698645644
max_error: 0.7297566430847837
variance: 0.013229820379575432
pearson: 0.02970116402066627
p-valu: 7.209909403054353e-20

AL interation 3463/4801.

mae: 0.13810923853605397
max_error: 0.7296806541459091
variance: 0.013231132950544764
pearson: 0.023506950859552088
p-valu: 5.164301830297138e-13

AL interation 3464/4801.

mae: 0.13815450927647607
max_error: 0.7295806440367869
variance: 0.013233400814307341
pearson: 0.030877221108936
p-valu: 2.4049192338190208e-21

AL interation 3465/4801.

mae: 0.13815463353106897
max_error: 0.7296831929147629
variance: 0.013234067868944674
pearson: 0.0275319026824676
p-valu: 2.7284161115909774e-17

AL interation 3466/4801.

mae: 0.13809671414588226
max_error: 0.7303013167174868
variance: 0.013202664714407772
pearson: 0.029550492102427158
p-valu: 1.1063586688451898e-19

AL interation 3467/4801.

mae: 0.13809256711050774
max_error: 0.7307714243099781
variance: 0.013206111236190511
pearson: 0.023233970380221968
p-valu: 9.547622421866896e-13

AL interation 3468/4801.

mae: 0.1381042615677463
max_error: 0.7303227824426131
variance: 0.0131942239423763
pearson: 0.020390705208633224
p-valu: 3.7698602459080707e-10

AL interation 3469/4801.

mae: 0.1381535843858029
max_error: 0.7308853644908595
variance: 0.013190597613352291
pearson: 0.0278682297124952
p-valu: 1.1207081461699524e-17

AL interation 3470/4801.

mae: 0.13818500229907843
max_error: 0.7306566510936818
variance: 0.013181812866141831
pearson: 0.023803399707245102
p-valu: 2.637398906711337e-13

AL interation 3471/4801.

mae: 0.13817954451730474
max_error: 0.7306521668343748
variance: 0.013180303564383503
pearson: 0.035766056453917734
p-valu: 4.354854572937733e-28

AL interation 3472/4801.

mae: 0.1381990545840166
max_error: 0.7307457796026711
variance: 0.013177361165153837
pearson: 0.031812380850320385
p-valu: 1.4726928227798514e-22

AL interation 3473/4801.

mae: 0.13818921171752419
max_error: 0.7309913436819215
variance: 0.013180468526178978
pearson: 0.04123312537884721
p-valu: 8.77975057081308e-37

AL interation 3474/4801.

mae: 0.13811740711576106
max_error: 0.7311595966781397
variance: 0.013164298357714524
pearson: 0.024273174940012625
p-valu: 8.925118313579932e-14

AL interation 3475/4801.

mae: 0.13815517459195872
max_error: 0.7321727194859022
variance: 0.013173762962895822
pearson: 0.03162503265973708
p-valu: 2.5999406562037616e-22

AL interation 3476/4801.

mae: 0.1380543925450072
max_error: 0.7326350082374802
variance: 0.013149145327550812
pearson: 0.027583569640523827
p-valu: 2.391026542333962e-17

AL interation 3477/4801.

mae: 0.13805435319797496
max_error: 0.7326291710528494
variance: 0.01314926063727933
pearson: 0.035558548021103545
p-valu: 8.84430650927369e-28

AL interation 3478/4801.

mae: 0.13804567426280234
max_error: 0.7326383563964782
variance: 0.013144503398776994
pearson: 0.04637098153967261
p-valu: 4.555333694389173e-46

AL interation 3479/4801.

mae: 0.13805245957650414
max_error: 0.7330304120473556
variance: 0.013149424872289393
pearson: 0.03710773738157465
p-valu: 4.171550268596538e-30

AL interation 3480/4801.

mae: 0.13799740576732147
max_error: 0.7332100888251034
variance: 0.013154181130007221
pearson: 0.027388185635612176
p-valu: 4.003169610548045e-17

AL interation 3481/4801.

mae: 0.1379967877902984
max_error: 0.7331289803951222
variance: 0.013154402541455171
pearson: 0.024956526460928326
p-valu: 1.780102547963195e-14

AL interation 3482/4801.

mae: 0.13796533032712424
max_error: 0.7334805224503498
variance: 0.013161727063946296
pearson: 0.03313534410167989
p-valu: 2.4624489895550175e-24

AL interation 3483/4801.

mae: 0.13789827413326092
max_error: 0.7325611677790675
variance: 0.013147228481853424
pearson: 0.039386834268305394
p-valu: 1.0477284507226242e-33

AL interation 3484/4801.

mae: 0.13791360981854953
max_error: 0.7339738103698892
variance: 0.01314102082559344
pearson: 0.03195797004276961
p-valu: 9.516962705443658e-23

AL interation 3485/4801.

mae: 0.13787939207133051
max_error: 0.7333140438565806
variance: 0.013134775604748716
pearson: 0.024550190142927666
p-valu: 4.6787380614186244e-14

AL interation 3486/4801.

mae: 0.13786219956429951
max_error: 0.7329958211225858
variance: 0.01313464904697512
pearson: 0.030470831582366097
p-valu: 7.987292961593638e-21

AL interation 3487/4801.

mae: 0.1379101904097032
max_error: 0.7344593896082188
variance: 0.013147197746867543
pearson: 0.03055357916523185
p-valu: 6.279741046280922e-21

AL interation 3488/4801.

mae: 0.13791059765487584
max_error: 0.7342637436902351
variance: 0.013148598642990025
pearson: 0.029668986014325018
p-valu: 7.990781224935318e-20

AL interation 3489/4801.

mae: 0.13786342079198158
max_error: 0.7339099279556649
variance: 0.013140374005234089
pearson: 0.021981087160416003
p-valu: 1.466888670114899e-11

AL interation 3490/4801.

mae: 0.13788079067318756
max_error: 0.7341761304314787
variance: 0.013139787221550903
pearson: 0.0313666800327015
p-valu: 5.693113012255061e-22

AL interation 3491/4801.

mae: 0.13782325350947963
max_error: 0.7276248664481955
variance: 0.013119405623814601
pearson: 0.018655953746625098
p-valu: 1.006539505991026e-08

AL interation 3492/4801.

mae: 0.1378292406410178
max_error: 0.7275593821591428
variance: 0.013120222006846927
pearson: 0.029415719743796007
p-valu: 1.6357204095791096e-19

AL interation 3493/4801.

mae: 0.13782530226358342
max_error: 0.727501625220043
variance: 0.01312135699435243
pearson: 0.018844292167733527
p-valu: 7.147798911526559e-09

AL interation 3494/4801.

mae: 0.1378389035591647
max_error: 0.72757795866994
variance: 0.013127221715796524
pearson: 0.025769785488627364
p-valu: 2.474012056039872e-15

AL interation 3495/4801.

mae: 0.13783313935437136
max_error: 0.7276789178677063
variance: 0.013123627104008639
pearson: 0.04635353639836497
p-valu: 5.010290306679831e-46

AL interation 3496/4801.

mae: 0.13785020839603004
max_error: 0.7271325199637886
variance: 0.013123058624789978
pearson: 0.03220993315105837
p-valu: 4.430221560493766e-23

AL interation 3497/4801.

mae: 0.13789350431262196
max_error: 0.7269023344864536
variance: 0.01313212592803161
pearson: 0.025773120788539945
p-valu: 2.4562022958562777e-15

AL interation 3498/4801.

mae: 0.1379525900927665
max_error: 0.7263095459724127
variance: 0.013130465866198864
pearson: 0.04101318090249803
p-valu: 2.1189441169508728e-36

AL interation 3499/4801.

mae: 0.1379587442463435
max_error: 0.7263464743780332
variance: 0.013131519711460923
pearson: 0.04072892926903199
p-valu: 6.39810182292344e-36

AL interation 3500/4801.

mae: 0.13795465691994693
max_error: 0.7263062012154933
variance: 0.013133639212253061
pearson: 0.04489751201605428
p-valu: 2.768219126158833e-43

AL interation 3501/4801.

mae: 0.13795467086135893
max_error: 0.726305281226928
variance: 0.013133634235063554
pearson: 0.034020258312555465
p-valu: 1.4671775015825771e-25

AL interation 3502/4801.

mae: 0.13795433140857197
max_error: 0.7262678317566724
variance: 0.013133740607969652
pearson: 0.020096949409033796
p-valu: 6.747052695802145e-10

AL interation 3503/4801.

mae: 0.13795407358214867
max_error: 0.7263245270080461
variance: 0.013134307157721747
pearson: 0.028130914256869116
p-valu: 5.6220524732203636e-18

AL interation 3504/4801.

mae: 0.13795794460001234
max_error: 0.7262325428986287
variance: 0.013133064924075132
pearson: 0.02130074558348147
p-valu: 6.085816673604373e-11

AL interation 3505/4801.

mae: 0.13795726096684882
max_error: 0.726248849977992
variance: 0.013133073211881018
pearson: 0.035312640452990776
p-valu: 2.063834944584313e-27

AL interation 3506/4801.

mae: 0.1379817958725788
max_error: 0.7256579619609056
variance: 0.013120510334638976
pearson: 0.04149347726036911
p-valu: 3.245621428897113e-37

AL interation 3507/4801.

mae: 0.13797615649783385
max_error: 0.7255868849789522
variance: 0.013121985575839615
pearson: 0.021947792308266365
p-valu: 1.5809547120385403e-11

AL interation 3508/4801.

mae: 0.1379833916871407
max_error: 0.7255817903675279
variance: 0.013124226114289924
pearson: 0.033510649346473756
p-valu: 7.588024223719019e-25

AL interation 3509/4801.

mae: 0.13799059692976692
max_error: 0.7257785052336203
variance: 0.013125332034698053
pearson: 0.03128357201660668
p-valu: 7.367040109274533e-22

AL interation 3510/4801.

mae: 0.13796405843037515
max_error: 0.7255613487864139
variance: 0.01312472916303962
pearson: 0.025260358338141588
p-valu: 8.644831264882899e-15

AL interation 3511/4801.

mae: 0.13794011762613217
max_error: 0.7256681955605018
variance: 0.013105568391878018
pearson: 0.026854468440619526
p-valu: 1.6181147179662395e-16

AL interation 3512/4801.

mae: 0.13792026886426123
max_error: 0.7259319429928155
variance: 0.01310303364192285
pearson: 0.02577747441752266
p-valu: 2.4422647276599142e-15

AL interation 3513/4801.

mae: 0.1379173947846873
max_error: 0.7241197075762784
variance: 0.013096238602298962
pearson: 0.03162631255153046
p-valu: 2.640156952922804e-22

AL interation 3514/4801.

mae: 0.13789350725006735
max_error: 0.7242422010349401
variance: 0.013093573997581806
pearson: 0.027394154726490785
p-valu: 3.992347719061083e-17

AL interation 3515/4801.

mae: 0.13789330976889705
max_error: 0.7242498034938762
variance: 0.01309352142183165
pearson: 0.0362245529245889
p-valu: 9.315597774575387e-29

AL interation 3516/4801.

mae: 0.13790490215339804
max_error: 0.7244290909056872
variance: 0.013089715111478668
pearson: 0.04456290456375177
p-valu: 1.1655609545005702e-42

AL interation 3517/4801.

mae: 0.1378995931788287
max_error: 0.7234896454272075
variance: 0.013077025005833607
pearson: 0.02328623444197783
p-valu: 8.612408588961437e-13

AL interation 3518/4801.

mae: 0.13788268047558064
max_error: 0.723492892803165
variance: 0.013046736576267443
pearson: 0.028710681460902495
p-valu: 1.171243263085391e-18

AL interation 3519/4801.

mae: 0.13783193122746473
max_error: 0.7233676236356814
variance: 0.013059456478388663
pearson: 0.03334279381499442
p-valu: 1.303081323250532e-24

AL interation 3520/4801.

mae: 0.13780888565222596
max_error: 0.7231329807038946
variance: 0.013054247812875234
pearson: 0.02336201926985531
p-valu: 7.272947965394334e-13

AL interation 3521/4801.

mae: 0.1378021669848309
max_error: 0.7231500427027413
variance: 0.013053188661142433
pearson: 0.028805218678948096
p-valu: 9.044643549936126e-19

AL interation 3522/4801.

mae: 0.13781409924436758
max_error: 0.7236507761081157
variance: 0.013063351720909387
pearson: 0.023429251516879163
p-valu: 6.256207995639455e-13

AL interation 3523/4801.

mae: 0.13781328107268423
max_error: 0.7232059125375372
variance: 0.013057706706981856
pearson: 0.04091039043446845
p-valu: 3.22902901228281e-36

AL interation 3524/4801.

mae: 0.13781396542320046
max_error: 0.7220224918719396
variance: 0.01305169253794925
pearson: 0.027440091797352035
p-valu: 3.552777159926225e-17

AL interation 3525/4801.

mae: 0.13804491058904242
max_error: 0.7221205876885506
variance: 0.013045957536986211
pearson: 0.030559547671048494
p-valu: 6.2831451764853325e-21

AL interation 3526/4801.

mae: 0.1380595300414715
max_error: 0.7217928982398689
variance: 0.013048540890869846
pearson: 0.03710880839102984
p-valu: 4.293638041001431e-30

AL interation 3527/4801.

mae: 0.13802583500641022
max_error: 0.7234269392786246
variance: 0.013027494715300486
pearson: 0.03551890103360979
p-valu: 1.044119214703399e-27

AL interation 3528/4801.

mae: 0.13807910159882472
max_error: 0.7231217559424294
variance: 0.013031662937320006
pearson: 0.031360459377824786
p-valu: 5.910686221804357e-22

AL interation 3529/4801.

mae: 0.13804162098363132
max_error: 0.7221371953066864
variance: 0.012994441095341652
pearson: 0.030074036953609832
p-valu: 2.5642701381817828e-20

AL interation 3530/4801.

mae: 0.13799199547080915
max_error: 0.7220472789800851
variance: 0.01299603035165
pearson: 0.02950558226806457
p-valu: 1.2917076797610828e-19

AL interation 3531/4801.

mae: 0.13799183373366394
max_error: 0.7220472437733179
variance: 0.012996020437113771
pearson: 0.0372878457214751
p-valu: 2.2868742652326514e-30

AL interation 3532/4801.

mae: 0.13797155132196348
max_error: 0.7222264411969945
variance: 0.012990937826405858
pearson: 0.039090095561170594
p-valu: 3.292558381368651e-33

AL interation 3533/4801.

mae: 0.13797546070891384
max_error: 0.7222560616426108
variance: 0.012987472795495824
pearson: 0.04277059202494084
p-valu: 2.0031857547346782e-39

AL interation 3534/4801.

mae: 0.13787023067450996
max_error: 0.7236256096620082
variance: 0.012966306484682694
pearson: 0.03253710960454691
p-valu: 1.6470405695035534e-23

AL interation 3535/4801.

mae: 0.13784407117486308
max_error: 0.7235822952808348
variance: 0.012964993651236479
pearson: 0.034531122016430695
p-valu: 2.825361933295898e-26

AL interation 3536/4801.

mae: 0.13792001680318455
max_error: 0.7222596632336717
variance: 0.012985658730180089
pearson: 0.026298376518511725
p-valu: 6.718225074860605e-16

AL interation 3537/4801.

mae: 0.13788232575029952
max_error: 0.7230556868688609
variance: 0.012983868685172328
pearson: 0.03121150861158566
p-valu: 9.258970052156188e-22

AL interation 3538/4801.

mae: 0.13789738552761494
max_error: 0.7230785286657238
variance: 0.012986885566462611
pearson: 0.014316212130893504
p-valu: 1.1049406372777839e-05

AL interation 3539/4801.

mae: 0.1378940162415622
max_error: 0.723014594157803
variance: 0.012984530839078554
pearson: 0.020787615731669398
p-valu: 1.7386839147806428e-10

AL interation 3540/4801.

mae: 0.13788639434229508
max_error: 0.7230561839263601
variance: 0.01298345908382631
pearson: 0.03326450378935298
p-valu: 1.6902298950710523e-24

AL interation 3541/4801.

mae: 0.13788205436962533
max_error: 0.7245263451131905
variance: 0.012978915672410433
pearson: 0.024137204823550976
p-valu: 1.248822003802722e-13

AL interation 3542/4801.

mae: 0.13788220560649864
max_error: 0.7245280252110433
variance: 0.012978727252040858
pearson: 0.036636156864469006
p-valu: 2.2777715301909297e-29

AL interation 3543/4801.

mae: 0.13788249776515124
max_error: 0.7245503108377989
variance: 0.012978668673552018
pearson: 0.04392547577228215
p-valu: 1.7424508147805633e-41

AL interation 3544/4801.

mae: 0.1378825378410782
max_error: 0.724561828189735
variance: 0.012979000044159543
pearson: 0.039074081447923334
p-valu: 3.526788493969146e-33

AL interation 3545/4801.

mae: 0.1377575129589973
max_error: 0.7250165434074916
variance: 0.012949188328578609
pearson: 0.025667550326377922
p-valu: 3.2377817957619525e-15

AL interation 3546/4801.

mae: 0.13778241598916588
max_error: 0.7252200065454417
variance: 0.012953047524907401
pearson: 0.022598937057920696
p-valu: 3.9529964935164746e-12

AL interation 3547/4801.

mae: 0.1377824953628288
max_error: 0.7250567428158092
variance: 0.01295371895037389
pearson: 0.03729309325823377
p-valu: 2.270029225590364e-30

AL interation 3548/4801.

mae: 0.1377843426177264
max_error: 0.7252313049386885
variance: 0.012958292993027289
pearson: 0.019613396574688816
p-valu: 1.7237295476096495e-09

AL interation 3549/4801.

mae: 0.13782477009856098
max_error: 0.7245754339544419
variance: 0.012966075970426306
pearson: 0.032064773645423976
p-valu: 7.10494723098343e-23

AL interation 3550/4801.

mae: 0.1378449984002112
max_error: 0.7245135099771005
variance: 0.012966539310344008
pearson: 0.023502054615060997
p-valu: 5.351153671927528e-13

AL interation 3551/4801.

mae: 0.1378342295309284
max_error: 0.7245302581179658
variance: 0.0129652683162014
pearson: 0.030586155081662073
p-valu: 5.885913410597944e-21

AL interation 3552/4801.

mae: 0.1378442540245489
max_error: 0.7246345357999644
variance: 0.012965408246467615
pearson: 0.03392285298909753
p-valu: 2.071296207749841e-25

AL interation 3553/4801.

mae: 0.13786810135608504
max_error: 0.7246738639092882
variance: 0.012971332696072682
pearson: 0.03306639866542235
p-valu: 3.1831986057367515e-24

AL interation 3554/4801.

mae: 0.13784318217234878
max_error: 0.7250220706469008
variance: 0.012969497089164768
pearson: 0.02876847619951394
p-valu: 1.0145701377943741e-18

AL interation 3555/4801.

mae: 0.13783788895705748
max_error: 0.7250345019213
variance: 0.012970590483999794
pearson: 0.0576126275472358
p-valu: 4.1068949492354714e-70

AL interation 3556/4801.

mae: 0.1378394068127061
max_error: 0.7250240912836716
variance: 0.012972287648427113
pearson: 0.03769430835585746
p-valu: 5.465527368321565e-31

AL interation 3557/4801.

mae: 0.13783698689465768
max_error: 0.7302863836177949
variance: 0.012997267266064417
pearson: 0.021379571543118665
p-valu: 5.238929555506557e-11

AL interation 3558/4801.

mae: 0.13777788171184585
max_error: 0.7292068162939813
variance: 0.012982692367161163
pearson: 0.031270604675891454
p-valu: 7.8453808362168e-22

AL interation 3559/4801.

mae: 0.13779034980942123
max_error: 0.729372546398622
variance: 0.01298711818224065
pearson: 0.052732704951834596
p-valu: 5.099665031621071e-59

AL interation 3560/4801.

mae: 0.1377813404264056
max_error: 0.7295298433072048
variance: 0.012996353204250707
pearson: 0.03243116733212856
p-valu: 2.3180851148329457e-23

AL interation 3561/4801.

mae: 0.13774222886536017
max_error: 0.7312635484732937
variance: 0.012993398731590397
pearson: 0.034568809507756856
p-valu: 2.5354153381477756e-26

AL interation 3562/4801.

mae: 0.13762062508250947
max_error: 0.7303420288532152
variance: 0.012991135665449348
pearson: 0.0303758527582577
p-valu: 1.0904251716952824e-20

AL interation 3563/4801.

mae: 0.13730500451480845
max_error: 0.7297371220868172
variance: 0.012983091253758015
pearson: 0.021182414879391508
p-valu: 7.861309233623384e-11

AL interation 3564/4801.

mae: 0.1372943215725542
max_error: 0.729278705955835
variance: 0.012983820856812142
pearson: 0.029509060411509656
p-valu: 1.298425988247027e-19

AL interation 3565/4801.

mae: 0.13728469353758266
max_error: 0.7289719281970974
variance: 0.012984885618963257
pearson: 0.019845041118671487
p-valu: 1.1116485964881596e-09

AL interation 3566/4801.

mae: 0.13728448426034626
max_error: 0.7289737175643722
variance: 0.012984885378912006
pearson: 0.039065737640084655
p-valu: 3.6998297458896883e-33

AL interation 3567/4801.

mae: 0.13730019630645618
max_error: 0.729581431852921
variance: 0.012980590280168167
pearson: 0.03476410831596567
p-valu: 1.3360214727753058e-26

AL interation 3568/4801.

mae: 0.1372978352285993
max_error: 0.7297138572612312
variance: 0.012986229516271125
pearson: 0.02588713581893908
p-valu: 1.8976043680754404e-15

AL interation 3569/4801.

mae: 0.13732964077186902
max_error: 0.7299501203040109
variance: 0.012988040889269319
pearson: 0.032044999818646905
p-valu: 7.626089284410419e-23

AL interation 3570/4801.

mae: 0.13733683970135258
max_error: 0.7307886473196277
variance: 0.012982505811839903
pearson: 0.025572430176347378
p-valu: 4.1232382623429286e-15

AL interation 3571/4801.

mae: 0.13732504947085208
max_error: 0.7313796416523246
variance: 0.012975862446373602
pearson: 0.029990129273642054
p-valu: 3.324384659062382e-20

AL interation 3572/4801.

mae: 0.1373120501603738
max_error: 0.7311636373926831
variance: 0.012983231261982142
pearson: 0.024655860405439444
p-valu: 3.74501920287974e-14

AL interation 3573/4801.

mae: 0.13729626151184587
max_error: 0.7311871127251379
variance: 0.012981041428077178
pearson: 0.036760394264786646
p-valu: 1.507819381759499e-29

AL interation 3574/4801.

mae: 0.13723339694391298
max_error: 0.7318866626263798
variance: 0.012980674005874146
pearson: 0.025722325075717166
p-valu: 2.8571482928423844e-15

AL interation 3575/4801.

mae: 0.13723865140632502
max_error: 0.7323202961323432
variance: 0.012977950365272543
pearson: 0.01770081045816401
p-valu: 5.5163174487868305e-08

AL interation 3576/4801.

mae: 0.1373089240636939
max_error: 0.7329530614493933
variance: 0.012985349620634756
pearson: 0.04264023276248344
p-valu: 3.535467033891647e-39

AL interation 3577/4801.

mae: 0.13730474198192877
max_error: 0.7331203398689468
variance: 0.012985052777568685
pearson: 0.03311941197273593
p-valu: 2.7294165015696673e-24

AL interation 3578/4801.

mae: 0.1371840054939206
max_error: 0.732230585660318
variance: 0.012996683037662406
pearson: 0.02912829672580111
p-valu: 3.7914061542732345e-19

AL interation 3579/4801.

mae: 0.13722635445638437
max_error: 0.7321591191397374
variance: 0.013003188081786556
pearson: 0.03894104575701433
p-valu: 5.9319888643723446e-33

AL interation 3580/4801.

mae: 0.13722083109314917
max_error: 0.732416657137378
variance: 0.013002971881838814
pearson: 0.03668987840576
p-valu: 1.937989764808226e-29

AL interation 3581/4801.

mae: 0.13728623826964945
max_error: 0.7321653178594261
variance: 0.01300091760425338
pearson: 0.025426999935384338
p-valu: 5.902927703316628e-15

AL interation 3582/4801.

mae: 0.1372940265995554
max_error: 0.7321293914020544
variance: 0.01300116746924608
pearson: 0.03975743894397227
p-valu: 2.8106961282529045e-34

AL interation 3583/4801.

mae: 0.13729288049099272
max_error: 0.732250792543482
variance: 0.013005587164757582
pearson: 0.035491087083814286
p-valu: 1.1885588754114655e-27

AL interation 3584/4801.

mae: 0.1373128289954334
max_error: 0.7315392113886219
variance: 0.013005453608062508
pearson: 0.039628247573573715
p-valu: 4.5819565868348e-34

AL interation 3585/4801.

mae: 0.13732179380068343
max_error: 0.7331529230411888
variance: 0.012980949485481046
pearson: 0.03370633092878189
p-valu: 4.238522011146423e-25

AL interation 3586/4801.

mae: 0.1372982777525281
max_error: 0.7329838312535912
variance: 0.012980836567431965
pearson: 0.025259392774653566
p-valu: 8.881262497024518e-15

AL interation 3587/4801.

mae: 0.13729826159933245
max_error: 0.7329844725888961
variance: 0.012980836032109805
pearson: 0.03110342595253603
p-valu: 1.3081341595040755e-21

AL interation 3588/4801.

mae: 0.1372887836435625
max_error: 0.7331397439638749
variance: 0.012979757176510495
pearson: 0.03802584729741734
p-valu: 1.6964132217982087e-31

AL interation 3589/4801.

mae: 0.13723002716999927
max_error: 0.737364659453192
variance: 0.01295106265826897
pearson: 0.023065676220577973
p-valu: 1.4354934620704672e-12

AL interation 3590/4801.

mae: 0.13723258360874752
max_error: 0.7373665264228748
variance: 0.012951794464133706
pearson: 0.022541396905085588
p-valu: 4.530350393871747e-12

AL interation 3591/4801.

mae: 0.13728688126349564
max_error: 0.7376824196697953
variance: 0.012941427842705461
pearson: 0.03383994986100709
p-valu: 2.7680799814430044e-25

AL interation 3592/4801.

mae: 0.13720683452746785
max_error: 0.7386086496928783
variance: 0.012933469265853606
pearson: 0.040519631294148754
p-valu: 1.550395104601197e-35

AL interation 3593/4801.

mae: 0.13710035560895456
max_error: 0.7354159949931045
variance: 0.012924958105951815
pearson: 0.0350783050816072
p-valu: 4.779800154306254e-27

AL interation 3594/4801.

mae: 0.13710326026179495
max_error: 0.7353635318480656
variance: 0.012928048314232096
pearson: 0.026304505338942713
p-valu: 6.751496378613248e-16

AL interation 3595/4801.

mae: 0.1371105712202651
max_error: 0.7353713070164076
variance: 0.01292739270325917
pearson: 0.033992126846675796
p-valu: 1.6977340891304967e-25

AL interation 3596/4801.

mae: 0.1371089098131298
max_error: 0.7354578225243813
variance: 0.012928362225344684
pearson: 0.03433376048131221
p-valu: 5.595153164686975e-26

AL interation 3597/4801.

mae: 0.13712872333726428
max_error: 0.7359967677439272
variance: 0.012929441469440429
pearson: 0.03474840008123223
p-valu: 1.4332265788171843e-26

AL interation 3598/4801.

mae: 0.13710816119581432
max_error: 0.7359307501685635
variance: 0.012930167540433747
pearson: 0.031251176510271206
p-valu: 8.478856795653923e-22

AL interation 3599/4801.

mae: 0.13711902386213962
max_error: 0.7360846461059509
variance: 0.0129340248587814
pearson: 0.03183715423293532
p-valu: 1.4578222714442782e-22

AL interation 3600/4801.

mae: 0.136924201226232
max_error: 0.7359100258995568
variance: 0.01293684248859664
pearson: 0.045104095295601734
p-valu: 1.2681967915567568e-43

AL interation 3601/4801.

mae: 0.13692354550960062
max_error: 0.7359130273077881
variance: 0.012936911127391764
pearson: 0.02011754035846394
p-valu: 6.616792862750802e-10

AL interation 3602/4801.

mae: 0.13689806240083063
max_error: 0.7368558679055468
variance: 0.012935210617593512
pearson: 0.01900609970316659
p-valu: 5.419751661751032e-09

AL interation 3603/4801.

mae: 0.13692483956745619
max_error: 0.7371258912339727
variance: 0.012933430401565282
pearson: 0.036959512018610474
p-valu: 7.660576377273465e-30

AL interation 3604/4801.

mae: 0.13692415110225614
max_error: 0.7371225241442971
variance: 0.012933469312191892
pearson: 0.01727300448773868
p-valu: 1.1476302137815659e-07

AL interation 3605/4801.

mae: 0.13690506076828265
max_error: 0.737186948777321
variance: 0.012932161548415729
pearson: 0.02709456513230393
p-valu: 9.016858024720523e-17

AL interation 3606/4801.

mae: 0.13690226821173293
max_error: 0.7370745608615152
variance: 0.012931363065528917
pearson: 0.03449619291701356
p-valu: 3.307007658850024e-26

AL interation 3607/4801.

mae: 0.13689437664141302
max_error: 0.7373214712498566
variance: 0.01292931483330441
pearson: 0.031764076429155595
p-valu: 1.826511338749057e-22

AL interation 3608/4801.

mae: 0.13685298033702836
max_error: 0.7374906255170117
variance: 0.01293313723316614
pearson: 0.04503621353175442
p-valu: 1.7092078667802121e-43

AL interation 3609/4801.

mae: 0.13687143954808606
max_error: 0.7371305977123939
variance: 0.012938803341871585
pearson: 0.02412691500288981
p-valu: 1.304967369201407e-13

AL interation 3610/4801.

mae: 0.1368618032750262
max_error: 0.7371241116057945
variance: 0.012938993091915336
pearson: 0.034283791915893605
p-valu: 6.641408098896353e-26

AL interation 3611/4801.

mae: 0.1367962285853768
max_error: 0.7367419689121562
variance: 0.012939215558088437
pearson: 0.03408123797381705
p-valu: 1.2840894422787776e-25

AL interation 3612/4801.

mae: 0.1366739371801435
max_error: 0.7367130874554277
variance: 0.012953826010099916
pearson: 0.034338494002084094
p-valu: 5.562004311190796e-26

AL interation 3613/4801.

mae: 0.13671347883295662
max_error: 0.7371169339847938
variance: 0.0129628638589882
pearson: 0.026224108344605857
p-valu: 8.318040628306453e-16

AL interation 3614/4801.

mae: 0.136346244984924
max_error: 0.7351351511717894
variance: 0.012906728658199614
pearson: 0.028600098986343
p-valu: 1.6497188626535349e-18

AL interation 3615/4801.

mae: 0.13621574865827038
max_error: 0.7372729561508322
variance: 0.012883206002544806
pearson: 0.03401942241015426
p-valu: 1.572472187020043e-25

AL interation 3616/4801.

mae: 0.1361560185072163
max_error: 0.7355696844964541
variance: 0.012866933895547444
pearson: 0.021098041945500537
p-valu: 9.44986430534681e-11

AL interation 3617/4801.

mae: 0.1361525279495158
max_error: 0.7356710959008979
variance: 0.012860698808863738
pearson: 0.03534581292866334
p-valu: 1.9809713355111165e-27

AL interation 3618/4801.

mae: 0.1361442939449457
max_error: 0.7355899430826867
variance: 0.012856216001829958
pearson: 0.026194771003414205
p-valu: 8.968565344307189e-16

AL interation 3619/4801.

mae: 0.13621785268412095
max_error: 0.7355984454220561
variance: 0.012873670386605682
pearson: 0.027271013854818154
p-valu: 5.731291727949456e-17

AL interation 3620/4801.

mae: 0.13620620463485325
max_error: 0.7357343563948007
variance: 0.01287436589333245
pearson: 0.028297666520160816
p-valu: 3.759968851411587e-18

AL interation 3621/4801.

mae: 0.13620848662850785
max_error: 0.7356639355056132
variance: 0.012878194133509442
pearson: 0.028311077025221763
p-valu: 3.627625892871111e-18

AL interation 3622/4801.

mae: 0.13621086841591604
max_error: 0.7356749949969981
variance: 0.012878065162024353
pearson: 0.036325876777928395
p-valu: 7.050826725128903e-29

AL interation 3623/4801.

mae: 0.1361789002280368
max_error: 0.7355430927632369
variance: 0.012870709360420337
pearson: 0.027501463047577432
p-valu: 3.1407459414721454e-17

AL interation 3624/4801.

mae: 0.1361796879127522
max_error: 0.7355486843582639
variance: 0.01287075790255646
pearson: 0.025830274999187074
p-valu: 2.2263115657882497e-15

AL interation 3625/4801.

mae: 0.1361751829728292
max_error: 0.7355513820248234
variance: 0.012872382075059393
pearson: 0.03353528553521948
p-valu: 7.495677946095401e-25

AL interation 3626/4801.

mae: 0.1362541754646753
max_error: 0.7645264963082354
variance: 0.012898562873085004
pearson: 0.028736541014192294
p-valu: 1.1414169753689916e-18

AL interation 3627/4801.

mae: 0.13626734580901786
max_error: 0.7649046925620269
variance: 0.012896518069344037
pearson: 0.05042914433259811
p-valu: 4.370353748656733e-54

AL interation 3628/4801.

mae: 0.1362361204360589
max_error: 0.7645304988859607
variance: 0.012894714328083114
pearson: 0.0331898537795383
p-valu: 2.2480897630866403e-24

AL interation 3629/4801.

mae: 0.13625236640556088
max_error: 0.7648240789496867
variance: 0.012893169445874434
pearson: 0.030083290210319483
p-valu: 2.6140518841241504e-20

AL interation 3630/4801.

mae: 0.13625761147334714
max_error: 0.7648183410317415
variance: 0.01289205431905547
pearson: 0.026397959000060717
p-valu: 5.402718733346556e-16

AL interation 3631/4801.

mae: 0.1362574495022825
max_error: 0.7648173834793397
variance: 0.01289204988903429
pearson: 0.034221407322627476
p-valu: 8.240225324272139e-26

AL interation 3632/4801.

mae: 0.13625336848690373
max_error: 0.7647687891387704
variance: 0.012890840208502641
pearson: 0.04040906452598398
p-valu: 2.4504512111168184e-35

AL interation 3633/4801.

mae: 0.13624816841429915
max_error: 0.7648012073857444
variance: 0.01289209924740101
pearson: 0.03367133327032963
p-valu: 4.874009851439463e-25

AL interation 3634/4801.

mae: 0.13633031379912688
max_error: 0.7663204458617656
variance: 0.012884232015250453
pearson: 0.031394496614165546
p-valu: 5.627886097095317e-22

AL interation 3635/4801.

mae: 0.1362752142582113
max_error: 0.7625122892394529
variance: 0.012872912884404147
pearson: 0.02579941859914191
p-valu: 2.4115977996671263e-15

AL interation 3636/4801.

mae: 0.1362463210897927
max_error: 0.7624791248299516
variance: 0.012876288298290734
pearson: 0.03364516945962221
p-valu: 5.309052474945231e-25

AL interation 3637/4801.

mae: 0.13625999884273982
max_error: 0.7624634083060755
variance: 0.012878601206737296
pearson: 0.035568081714365055
p-valu: 9.483908520858485e-28

AL interation 3638/4801.

mae: 0.13631872964956998
max_error: 0.762596961787608
variance: 0.012896782908538632
pearson: 0.031670750934449106
p-valu: 2.4598428534688487e-22

AL interation 3639/4801.

mae: 0.13631054278865404
max_error: 0.7626191577046484
variance: 0.012896213183297648
pearson: 0.030232919324428363
p-valu: 1.7080398587216993e-20

AL interation 3640/4801.

mae: 0.136314771503858
max_error: 0.7632378383045761
variance: 0.012894438043780408
pearson: 0.034846675093699674
p-valu: 1.0628635510376126e-26

AL interation 3641/4801.

mae: 0.13632554950655232
max_error: 0.7630483800594448
variance: 0.012899605928559509
pearson: 0.042624836421110736
p-valu: 3.9932454926068256e-39

AL interation 3642/4801.

mae: 0.1362784626532627
max_error: 0.7628819451530262
variance: 0.012883445311835913
pearson: 0.034975213150324785
p-valu: 6.945730497531632e-27

AL interation 3643/4801.

mae: 0.13632751976280696
max_error: 0.7628233609835888
variance: 0.012884980561383293
pearson: 0.026392253835929597
p-valu: 5.506333806754538e-16

AL interation 3644/4801.

mae: 0.13633034646212397
max_error: 0.7627648873217368
variance: 0.012888694481616347
pearson: 0.03588664897640292
p-valu: 3.2294108515611793e-28

AL interation 3645/4801.

mae: 0.13633224253203013
max_error: 0.7627028002884799
variance: 0.012887984351550058
pearson: 0.03341223694947166
p-valu: 1.1218166131918848e-24

AL interation 3646/4801.

mae: 0.13633961216431656
max_error: 0.7628146014372987
variance: 0.012888634770080386
pearson: 0.028037169149322097
p-valu: 7.655065008164794e-18

AL interation 3647/4801.

mae: 0.13633993507043934
max_error: 0.7628001547425356
variance: 0.012889199786972928
pearson: 0.03402746600309474
p-valu: 1.5609823214415637e-25

AL interation 3648/4801.

mae: 0.13633041567995877
max_error: 0.7628749365238718
variance: 0.012887687399431982
pearson: 0.04187627293061244
p-valu: 8.076528456661231e-38

AL interation 3649/4801.

mae: 0.13633471780214865
max_error: 0.7628224976251659
variance: 0.012887492516937016
pearson: 0.03921933727906927
p-valu: 2.2284674631301755e-33

AL interation 3650/4801.

mae: 0.13610249431758378
max_error: 0.7650279203348873
variance: 0.012844639600317852
pearson: 0.03460923871297631
p-valu: 2.342145572511648e-26

AL interation 3651/4801.

mae: 0.13610344579865954
max_error: 0.7650450640177269
variance: 0.012844833030671788
pearson: 0.026590773030438563
p-valu: 3.3400018598751415e-16

AL interation 3652/4801.

mae: 0.1361556154950913
max_error: 0.7645751522837827
variance: 0.012866617590789848
pearson: 0.03691245663800981
p-valu: 9.345931642876949e-30

AL interation 3653/4801.

mae: 0.13616743186939353
max_error: 0.7644270467970955
variance: 0.012871472097346084
pearson: 0.025683177048293475
p-valu: 3.2305241214657102e-15

AL interation 3654/4801.

mae: 0.13623659556001202
max_error: 0.7643835793213611
variance: 0.012818377012876792
pearson: 0.027765680831889416
p-valu: 1.582710244696334e-17

AL interation 3655/4801.

mae: 0.13619115985512115
max_error: 0.7648039647743872
variance: 0.012811813788154698
pearson: 0.03596070004460722
p-valu: 2.5260446240422617e-28

AL interation 3656/4801.

mae: 0.13603341194362417
max_error: 0.7687813316553047
variance: 0.012795297994496083
pearson: 0.030755774115495568
p-valu: 3.768244551143108e-21

AL interation 3657/4801.

mae: 0.13603432955936243
max_error: 0.7685162370487433
variance: 0.012794247852335456
pearson: 0.03908557932408901
p-valu: 3.6864090440729835e-33

AL interation 3658/4801.

mae: 0.13603361783782864
max_error: 0.7689064158497558
variance: 0.012793745836052783
pearson: 0.045574754026491845
p-valu: 1.779331684886655e-44

AL interation 3659/4801.

mae: 0.13607916706138448
max_error: 0.76771667964465
variance: 0.012814738617843107
pearson: 0.034658428055159146
p-valu: 2.0027922181578445e-26

AL interation 3660/4801.

mae: 0.13611294037690536
max_error: 0.7678588598389524
variance: 0.012800167254594472
pearson: 0.028365339552424314
p-valu: 3.1825296942384644e-18

AL interation 3661/4801.

mae: 0.13607460802263457
max_error: 0.7679068629284984
variance: 0.012809430453552144
pearson: 0.034780650021959514
p-valu: 1.3395615021437782e-26

AL interation 3662/4801.

mae: 0.13604169641466649
max_error: 0.7638912465065459
variance: 0.012809337860384485
pearson: 0.04325597880895989
p-valu: 3.1140358185081034e-40

AL interation 3663/4801.

mae: 0.13602440412604877
max_error: 0.7629873965977367
variance: 0.012813064323947807
pearson: 0.04040401354530767
p-valu: 2.5628818839352075e-35

AL interation 3664/4801.

mae: 0.13606277016848664
max_error: 0.7628084274455205
variance: 0.012812887663626793
pearson: 0.035902777344191304
p-valu: 3.0965302689029257e-28

AL interation 3665/4801.

mae: 0.1361162986015593
max_error: 0.7605123990448419
variance: 0.01282570165592556
pearson: 0.03168477403400956
p-valu: 2.3904800218650017e-22

AL interation 3666/4801.

mae: 0.13611707211528745
max_error: 0.7601035128844842
variance: 0.01282983801412971
pearson: 0.02541762332692158
p-valu: 6.210139457853156e-15

AL interation 3667/4801.

mae: 0.13610269659993912
max_error: 0.7600835123275829
variance: 0.012831748826272884
pearson: 0.029758982790835217
p-valu: 6.706852599324993e-20

AL interation 3668/4801.

mae: 0.13611985098959492
max_error: 0.7602694134777721
variance: 0.012835935021675763
pearson: 0.03652840903780214
p-valu: 3.60707890309497e-29

AL interation 3669/4801.

mae: 0.1359819901416083
max_error: 0.759394806065302
variance: 0.012854428177614372
pearson: 0.03664743304484033
p-valu: 2.3866755295790147e-29

AL interation 3670/4801.

mae: 0.1359940467913862
max_error: 0.7595438592916253
variance: 0.012855394861905362
pearson: 0.03532189494556134
p-valu: 2.2195539336903017e-27

AL interation 3671/4801.

mae: 0.1359926993905467
max_error: 0.7593953370026156
variance: 0.012855094716882063
pearson: 0.03285743143175914
p-valu: 6.542478296199111e-24

AL interation 3672/4801.

mae: 0.13596940863829088
max_error: 0.7591356466441539
variance: 0.012842847206144776
pearson: 0.024133997595162784
p-valu: 1.3079530424614388e-13

AL interation 3673/4801.

mae: 0.13598485896953028
max_error: 0.7589892825152447
variance: 0.012847753201112746
pearson: 0.03612129873061432
p-valu: 1.4747550807109314e-28

AL interation 3674/4801.

mae: 0.13599229228717177
max_error: 0.7586505811015058
variance: 0.012847200992357892
pearson: 0.036587164107218746
p-valu: 2.953255176831484e-29

AL interation 3675/4801.

mae: 0.13600461871209393
max_error: 0.7582358684682049
variance: 0.012847615884447133
pearson: 0.022713321678273383
p-valu: 3.187310148347544e-12

AL interation 3676/4801.

mae: 0.13600469492593698
max_error: 0.7582349430520026
variance: 0.01284760470766596
pearson: 0.027008935271904285
p-valu: 1.1551327812216198e-16

AL interation 3677/4801.

mae: 0.13598883033065415
max_error: 0.7583039170664279
variance: 0.012842014082638532
pearson: 0.031372789381238345
p-valu: 6.135058427963749e-22

AL interation 3678/4801.

mae: 0.13595295524016884
max_error: 0.7581005203292079
variance: 0.012837813675876188
pearson: 0.037919634387954364
p-valu: 2.6565082831247437e-31

AL interation 3679/4801.

mae: 0.13594324499398547
max_error: 0.7588081927029862
variance: 0.012834605255165693
pearson: 0.03217534346975444
p-valu: 5.4213638783531e-23

AL interation 3680/4801.

mae: 0.13613651326939963
max_error: 0.7583448695589823
variance: 0.012823593485286847
pearson: 0.03409968642717899
p-valu: 1.259497808880011e-25

AL interation 3681/4801.

mae: 0.13604292027421905
max_error: 0.7590561279637313
variance: 0.012822822234588768
pearson: 0.037106619231651414
p-valu: 4.8184638116034956e-30

AL interation 3682/4801.

mae: 0.13615725065749676
max_error: 0.7563831448848077
variance: 0.012813543783848564
pearson: 0.03095091297609854
p-valu: 2.1504422122080105e-21

AL interation 3683/4801.

mae: 0.13616317892080934
max_error: 0.7565256314973112
variance: 0.012812029927118898
pearson: 0.020256829163088803
p-valu: 5.130986240630652e-10

AL interation 3684/4801.

mae: 0.1361588623077003
max_error: 0.7568691619934498
variance: 0.012802419309849464
pearson: 0.03574832363948771
p-valu: 5.306680470026606e-28

AL interation 3685/4801.

mae: 0.13603892461441497
max_error: 0.7586218124080233
variance: 0.01276482278743434
pearson: 0.038401075719793634
p-valu: 4.6677113680644187e-32

AL interation 3686/4801.

mae: 0.13606064913467217
max_error: 0.7587541530468798
variance: 0.012768953768621335
pearson: 0.027975491816667523
p-valu: 9.171870387571953e-18

AL interation 3687/4801.

mae: 0.1360428136468314
max_error: 0.7585139851231588
variance: 0.012766376470966711
pearson: 0.0274475999918146
p-valu: 3.707242601398618e-17

AL interation 3688/4801.

mae: 0.13603836819221451
max_error: 0.7582914609843101
variance: 0.012766179912434051
pearson: 0.04401516550880506
p-valu: 1.380156655222478e-41

AL interation 3689/4801.

mae: 0.13604194919627982
max_error: 0.7584167080932502
variance: 0.012763719542589173
pearson: 0.029560184578145098
p-valu: 1.1880762424635078e-19

AL interation 3690/4801.

mae: 0.13597050287532284
max_error: 0.7617571531137628
variance: 0.012755964491816785
pearson: 0.03438587109092088
p-valu: 4.991002858029503e-26

AL interation 3691/4801.

mae: 0.13596779926473135
max_error: 0.7614149863314879
variance: 0.01275594848932408
pearson: 0.03571284991551786
p-valu: 6.012787768272474e-28

AL interation 3692/4801.

mae: 0.13595765893967324
max_error: 0.7615670439621454
variance: 0.012756245123099015
pearson: 0.03017198227797417
p-valu: 2.0858638769252737e-20

AL interation 3693/4801.

mae: 0.13592434866220945
max_error: 0.7628664752214718
variance: 0.012754396443422498
pearson: 0.02762327747084852
p-valu: 2.341526144018844e-17

AL interation 3694/4801.

mae: 0.1359777933646379
max_error: 0.7630516954405948
variance: 0.012750590083211078
pearson: 0.02631186988820791
p-valu: 6.864555930448444e-16

AL interation 3695/4801.

mae: 0.13578916551528677
max_error: 0.7638752437900393
variance: 0.012752935135234917
pearson: 0.033449805065561035
p-valu: 1.0239951715234148e-24

AL interation 3696/4801.

mae: 0.1358379410323599
max_error: 0.7652635539650419
variance: 0.012763450763186286
pearson: 0.04797386724935335
p-valu: 4.45956949070905e-49

AL interation 3697/4801.

mae: 0.1358340861296285
max_error: 0.7664701070308411
variance: 0.01270410091927044
pearson: 0.03222584638659223
p-valu: 4.68814686353962e-23

AL interation 3698/4801.

mae: 0.13583303696763188
max_error: 0.7664866370554364
variance: 0.012704292686307154
pearson: 0.04626194531212709
p-valu: 9.326068630357874e-46

AL interation 3699/4801.

mae: 0.13582709358229567
max_error: 0.7667034557850911
variance: 0.012699919154888363
pearson: 0.023962695334467272
p-valu: 1.9566202596612363e-13

AL interation 3700/4801.

mae: 0.1358224078289679
max_error: 0.7667222851505358
variance: 0.012699841183140602
pearson: 0.030855560800746414
p-valu: 2.871848893243997e-21

AL interation 3701/4801.

mae: 0.13580970255148422
max_error: 0.766606349446306
variance: 0.01270150670768775
pearson: 0.04584561971023392
p-valu: 5.756909570199015e-45

AL interation 3702/4801.

mae: 0.13551040369687262
max_error: 0.7623476102637596
variance: 0.012644627987989009
pearson: 0.028412249716856162
p-valu: 2.8512995545734316e-18

AL interation 3703/4801.

mae: 0.13552149977811898
max_error: 0.7623408364430588
variance: 0.012642260573369996
pearson: 0.03119843498976822
p-valu: 1.0445646827088658e-21

AL interation 3704/4801.

mae: 0.13552196046323928
max_error: 0.7623325570854149
variance: 0.012642200135767062
pearson: 0.029806160082998186
p-valu: 5.964584066856884e-20

AL interation 3705/4801.

mae: 0.13552310053932734
max_error: 0.762014976033015
variance: 0.012640263664428065
pearson: 0.03929074025267154
p-valu: 1.7838459665330037e-33

AL interation 3706/4801.

mae: 0.13554962555851044
max_error: 0.765077798024663
variance: 0.012662035223955486
pearson: 0.04475611192250833
p-valu: 6.220487789427572e-43

AL interation 3707/4801.

mae: 0.13555054865846655
max_error: 0.7651452458320591
variance: 0.0126420129858348
pearson: 0.040041691598177304
p-valu: 1.0587449605282993e-34

AL interation 3708/4801.

mae: 0.13554032928987625
max_error: 0.761649719652155
variance: 0.01262555164708153
pearson: 0.03049895147386959
p-valu: 8.17007867500476e-21

AL interation 3709/4801.

mae: 0.13553875191323392
max_error: 0.7615338458261931
variance: 0.0126289963017
pearson: 0.03516615729526821
p-valu: 3.8315923700369276e-27

AL interation 3710/4801.

mae: 0.13546078558694657
max_error: 0.7611176646091735
variance: 0.01264001379874821
pearson: 0.033139605666582764
p-valu: 2.757023610708836e-24

AL interation 3711/4801.

mae: 0.13544024308583835
max_error: 0.762123217508929
variance: 0.012640919092213803
pearson: 0.03592378286056873
p-valu: 2.9718803623572952e-28

AL interation 3712/4801.

mae: 0.1353823935925085
max_error: 0.7619688804809357
variance: 0.012640603194131635
pearson: 0.02362873988495066
p-valu: 4.2066546642601504e-13

AL interation 3713/4801.

mae: 0.13539131477642263
max_error: 0.7618691898502448
variance: 0.012646168987331168
pearson: 0.02597456660569711
p-valu: 1.6051542081131328e-15

AL interation 3714/4801.

mae: 0.13548840151131064
max_error: 0.761041814904047
variance: 0.012659992688867869
pearson: 0.03863030598324602
p-valu: 2.0635989818527295e-32

AL interation 3715/4801.

mae: 0.135506283492508
max_error: 0.7607403980348408
variance: 0.01266614817853133
pearson: 0.034573596456093265
p-valu: 2.738764599880569e-26

AL interation 3716/4801.

mae: 0.13551728775801658
max_error: 0.7606052725075187
variance: 0.012663550070898442
pearson: 0.041056784868460254
p-valu: 2.1509053733879835e-36

AL interation 3717/4801.

mae: 0.13552071536601804
max_error: 0.7604194303994518
variance: 0.012668761398119222
pearson: 0.039026296189373
p-valu: 4.809024702729476e-33

AL interation 3718/4801.

mae: 0.13551390976683494
max_error: 0.7598060450976618
variance: 0.012666205611468194
pearson: 0.03220156995621304
p-valu: 5.106150769057699e-23

AL interation 3719/4801.

mae: 0.13554871018877654
max_error: 0.7593709060731726
variance: 0.012665907013911211
pearson: 0.030113838965613225
p-valu: 2.4956233864758423e-20

AL interation 3720/4801.

mae: 0.1355486701265844
max_error: 0.7593735528715797
variance: 0.012666000953770516
pearson: 0.030167181775047177
p-valu: 2.1422839808947178e-20

AL interation 3721/4801.

mae: 0.1354618482180026
max_error: 0.7587353288272425
variance: 0.01265670471518076
pearson: 0.017222965448766288
p-valu: 1.2708449878886358e-07

AL interation 3722/4801.

mae: 0.13546182917853855
max_error: 0.7587098809282224
variance: 0.012662157203242506
pearson: 0.030932578484599002
p-valu: 2.31416881181534e-21

AL interation 3723/4801.

mae: 0.13546055637793566
max_error: 0.7587138727858473
variance: 0.012662581043458155
pearson: 0.02237060853324847
p-valu: 6.777254059757664e-12

AL interation 3724/4801.

mae: 0.13545325284656337
max_error: 0.7590054884796018
variance: 0.012660006242160331
pearson: 0.03797432616742884
p-valu: 2.255578950117775e-31

AL interation 3725/4801.

mae: 0.13545315103303798
max_error: 0.759003340726963
variance: 0.012660074281957078
pearson: 0.011136601550452924
p-valu: 0.000635856489922827

AL interation 3726/4801.

mae: 0.13543901120761392
max_error: 0.7590730465618662
variance: 0.012658682362757998
pearson: 0.031873870512042254
p-valu: 1.3919865214604107e-22

AL interation 3727/4801.

mae: 0.13545721341755132
max_error: 0.7594078869407213
variance: 0.012660353866802717
pearson: 0.023229785821302043
p-valu: 1.0351604425784498e-12

AL interation 3728/4801.

mae: 0.13546807386854767
max_error: 0.7594633554075472
variance: 0.01267324166768814
pearson: 0.03328200077628325
p-valu: 1.7763717328335082e-24

AL interation 3729/4801.

mae: 0.13546811271655673
max_error: 0.7593520058762806
variance: 0.012675020825154648
pearson: 0.03877249058940769
p-valu: 1.2382427738045692e-32

AL interation 3730/4801.

mae: 0.135450762747621
max_error: 0.7596163849023014
variance: 0.012672396558472706
pearson: 0.029986085234479824
p-valu: 3.615373926887133e-20

AL interation 3731/4801.

mae: 0.13542994398416527
max_error: 0.7594442357851676
variance: 0.012662500494486275
pearson: 0.0318741540931826
p-valu: 1.3943651648242668e-22

AL interation 3732/4801.

mae: 0.13535458987306886
max_error: 0.7595090265876934
variance: 0.012660409689849909
pearson: 0.03142616779069781
p-valu: 5.375790691989535e-22

AL interation 3733/4801.

mae: 0.13535130332303794
max_error: 0.7597299395212076
variance: 0.01266882097628475
pearson: 0.028857488887921976
p-valu: 8.564408513988365e-19

AL interation 3734/4801.

mae: 0.13531336903576688
max_error: 0.7599693171333683
variance: 0.012661472079514841
pearson: 0.03779580465133859
p-valu: 4.316378637135307e-31

AL interation 3735/4801.

mae: 0.1353175574348407
max_error: 0.7600691307537772
variance: 0.012659115600296752
pearson: 0.026802098430217632
p-valu: 2.008462192763536e-16

AL interation 3736/4801.

mae: 0.13520696325922024
max_error: 0.7596377539102832
variance: 0.012649816580364445
pearson: 0.033774854375701026
p-valu: 3.710297377898919e-25

AL interation 3737/4801.

mae: 0.1352034263041511
max_error: 0.7595635234820293
variance: 0.012650527623360235
pearson: 0.024467412555663773
p-valu: 6.137996407010321e-14

AL interation 3738/4801.

mae: 0.13512755914239005
max_error: 0.7603055602428412
variance: 0.012649922987046437
pearson: 0.03872130510265682
p-valu: 1.5047714809800533e-32

AL interation 3739/4801.

mae: 0.13513055099743912
max_error: 0.7606616619344777
variance: 0.012654486363657225
pearson: 0.026434334778264998
p-valu: 5.122658454472319e-16

AL interation 3740/4801.

mae: 0.1350632118807319
max_error: 0.7601276106539672
variance: 0.012640873644164498
pearson: 0.011131958809600169
p-valu: 0.0006398288409018175

AL interation 3741/4801.

mae: 0.13512977132209425
max_error: 0.7600732061828239
variance: 0.012653774819564569
pearson: 0.03085052884434774
p-valu: 2.9727040262792727e-21

AL interation 3742/4801.

mae: 0.1351031794576842
max_error: 0.7618512727924553
variance: 0.012644569408282394
pearson: 0.018488203718973688
p-valu: 1.4235338933898229e-08

AL interation 3743/4801.

mae: 0.1351170215168731
max_error: 0.7624426219121005
variance: 0.012641236758835658
pearson: 0.03805335314518177
p-valu: 1.7197947050626233e-31

AL interation 3744/4801.

mae: 0.13510845101428312
max_error: 0.762486470853446
variance: 0.012639262105768193
pearson: 0.029638854167031235
p-valu: 9.751731040966195e-20

AL interation 3745/4801.

mae: 0.13510683182794067
max_error: 0.7624674229724633
variance: 0.01263862314305783
pearson: 0.04583083069193727
p-valu: 6.431022321834703e-45

AL interation 3746/4801.

mae: 0.13510412858858473
max_error: 0.7628474990106042
variance: 0.012640071462634508
pearson: 0.037470211215429795
p-valu: 1.3924401045256638e-30

AL interation 3747/4801.

mae: 0.1350953334400122
max_error: 0.7627713545136885
variance: 0.012641204046447753
pearson: 0.02833609188334923
p-valu: 3.568681387970469e-18

AL interation 3748/4801.

mae: 0.1350917801344009
max_error: 0.7631098183811673
variance: 0.012639539768913263
pearson: 0.030204819372081863
p-valu: 1.947594556047824e-20

AL interation 3749/4801.

mae: 0.1351077071228753
max_error: 0.7621290788418946
variance: 0.012635669264298799
pearson: 0.03127844895583698
p-valu: 8.423352744411353e-22

AL interation 3750/4801.

mae: 0.1351011458843466
max_error: 0.7620323784100265
variance: 0.012636322297613016
pearson: 0.02750302872013784
p-valu: 3.283974163270468e-17

AL interation 3751/4801.

mae: 0.13509559973683155
max_error: 0.7622035494281363
variance: 0.012645683701627802
pearson: 0.03359350142922517
p-valu: 6.687218935552853e-25

AL interation 3752/4801.

mae: 0.13500642007843927
max_error: 0.7620531669067532
variance: 0.012637306767017468
pearson: 0.032619448119230385
p-valu: 1.4341186650362724e-23

AL interation 3753/4801.

mae: 0.13499139782121894
max_error: 0.7616764033894015
variance: 0.012643111826877737
pearson: 0.03797357813802009
p-valu: 2.309839724400078e-31

AL interation 3754/4801.

mae: 0.1348614814123562
max_error: 0.760790749709713
variance: 0.012613160901475495
pearson: 0.0356392979565064
p-valu: 8.032836636420276e-28

AL interation 3755/4801.

mae: 0.13491516775727574
max_error: 0.7603848196303034
variance: 0.012608260454698757
pearson: 0.02991306888696461
p-valu: 4.5032162089936294e-20

AL interation 3756/4801.

mae: 0.13489394175403116
max_error: 0.7607832175576732
variance: 0.012617754895607134
pearson: 0.034381614322496284
p-valu: 5.264182140946869e-26

AL interation 3757/4801.

mae: 0.13491714593837778
max_error: 0.761045941554471
variance: 0.012617707159252681
pearson: 0.02538099693819498
p-valu: 6.9936083501940984e-15

AL interation 3758/4801.

mae: 0.13499445524346693
max_error: 0.7614220049251799
variance: 0.012624617092768246
pearson: 0.03711085163630515
p-valu: 5.007831426008076e-30

AL interation 3759/4801.

mae: 0.13499590332652328
max_error: 0.7613809026748868
variance: 0.012625660478197402
pearson: 0.03088638990374531
p-valu: 2.6987810644671597e-21

AL interation 3760/4801.

mae: 0.13498291349323194
max_error: 0.7607443671487317
variance: 0.01262668484410468
pearson: 0.03399225822077166
p-valu: 1.86845581412757e-25

AL interation 3761/4801.

mae: 0.13497672743560155
max_error: 0.760572576135246
variance: 0.012621161545655603
pearson: 0.040855712788646706
p-valu: 4.8775562734593e-36

AL interation 3762/4801.

mae: 0.1349713735894098
max_error: 0.7606172015023276
variance: 0.012623106214709873
pearson: 0.0420568751402893
p-valu: 4.3552047046989075e-38

AL interation 3763/4801.

mae: 0.1349717917395403
max_error: 0.760641087720046
variance: 0.012624050224775236
pearson: 0.03412245399416546
p-valu: 1.2283347817152492e-25

AL interation 3764/4801.

mae: 0.13497753027667014
max_error: 0.7607079001514876
variance: 0.012623842487720794
pearson: 0.033965335088155704
p-valu: 2.0428524533781798e-25

AL interation 3765/4801.

mae: 0.13497297462336605
max_error: 0.7607491974722507
variance: 0.012621292480190244
pearson: 0.03883093464845295
p-valu: 1.0262519549662574e-32

AL interation 3766/4801.

mae: 0.13496662993396677
max_error: 0.7610341432236964
variance: 0.012613082687684076
pearson: 0.03361294026378024
p-valu: 6.338772911753932e-25

AL interation 3767/4801.

mae: 0.13495055345894696
max_error: 0.761005736088805
variance: 0.012612696905004285
pearson: 0.041645260438702585
p-valu: 2.238098454180614e-37

AL interation 3768/4801.

mae: 0.1349298262864136
max_error: 0.7619232570352779
variance: 0.01261017412150365
pearson: 0.03351865017014705
p-valu: 8.572143531810961e-25

AL interation 3769/4801.

mae: 0.13492920381199042
max_error: 0.7619285840719385
variance: 0.012609991681223216
pearson: 0.04642451153685335
p-valu: 4.932501240725265e-46

AL interation 3770/4801.

mae: 0.13492217223896028
max_error: 0.7620070471149347
variance: 0.01260850414242704
pearson: 0.030268318077759978
p-valu: 1.638856069493684e-20

AL interation 3771/4801.

mae: 0.1349009040505267
max_error: 0.7603797312941651
variance: 0.012598495814767522
pearson: 0.03452469452612555
p-valu: 3.3258674581895397e-26

AL interation 3772/4801.

mae: 0.13489891326524767
max_error: 0.7603269599153464
variance: 0.012598118257672519
pearson: 0.029307014375449005
p-valu: 2.5060539894490525e-19

AL interation 3773/4801.

mae: 0.13489661795292598
max_error: 0.7601472498047315
variance: 0.012596480099546824
pearson: 0.0353266956419071
p-valu: 2.330399320246666e-27

AL interation 3774/4801.

mae: 0.13489338642771276
max_error: 0.7599788695864618
variance: 0.012596344145284962
pearson: 0.04324464740062964
p-valu: 3.6248476106004205e-40

AL interation 3775/4801.

mae: 0.1348978686139622
max_error: 0.7600403470958099
variance: 0.01259739719396888
pearson: 0.03430823206595718
p-valu: 6.763957345839505e-26

AL interation 3776/4801.

mae: 0.13489607215254507
max_error: 0.7600631814856342
variance: 0.01259644253932552
pearson: 0.03247905751099544
p-valu: 2.2429252511314735e-23

AL interation 3777/4801.

mae: 0.13489626659544804
max_error: 0.7601022223479958
variance: 0.012596241911841095
pearson: 0.028929420457211155
p-valu: 7.157565073296581e-19

AL interation 3778/4801.

mae: 0.1348964491235019
max_error: 0.7600957072306755
variance: 0.01259620437172156
pearson: 0.04137749698121282
p-valu: 6.478328310094042e-37

AL interation 3779/4801.

mae: 0.13487115862659355
max_error: 0.7604563577642693
variance: 0.012592979697692021
pearson: 0.030979809150202948
p-valu: 2.0699839982053524e-21

AL interation 3780/4801.

mae: 0.13482547832075892
max_error: 0.762562550274879
variance: 0.012583966911978887
pearson: 0.032747932649576095
p-valu: 9.767815978846913e-24

AL interation 3781/4801.

mae: 0.1348434910999337
max_error: 0.7625192654442117
variance: 0.012579972916289582
pearson: 0.03474713001608742
p-valu: 1.6099966553689358e-26

AL interation 3782/4801.

mae: 0.13494512678171455
max_error: 0.7626561431758319
variance: 0.012604282786697984
pearson: 0.03497671936067612
p-valu: 7.53484667768168e-27

AL interation 3783/4801.

mae: 0.1348082898267035
max_error: 0.7632423969178035
variance: 0.012572354650650971
pearson: 0.035529650385523553
p-valu: 1.1851308704186131e-27

AL interation 3784/4801.

mae: 0.13479212004209318
max_error: 0.7628962352054032
variance: 0.012580806058182835
pearson: 0.023093504396584686
p-valu: 1.4230714329722693e-12

AL interation 3785/4801.

mae: 0.13483381366570063
max_error: 0.762470082372829
variance: 0.012575774312073565
pearson: 0.029992906880156652
p-valu: 3.635500136797499e-20

AL interation 3786/4801.

mae: 0.13483405375343732
max_error: 0.7624832526685168
variance: 0.012575602863800247
pearson: 0.04296899014023719
p-valu: 1.1298012713138344e-39

AL interation 3787/4801.

mae: 0.13484026353452844
max_error: 0.7626667925733273
variance: 0.012575336859168893
pearson: 0.03441434110012544
p-valu: 4.8188207903681e-26

AL interation 3788/4801.

mae: 0.1348356437854463
max_error: 0.7626382256380566
variance: 0.012574535561494744
pearson: 0.03348139005596048
p-valu: 9.761364108185257e-25

AL interation 3789/4801.

mae: 0.134890717927965
max_error: 0.762853965684485
variance: 0.012578378465151294
pearson: 0.02207601038290935
p-valu: 1.292214920829828e-11

AL interation 3790/4801.

mae: 0.1349309548082097
max_error: 0.762736844961978
variance: 0.012577515222376946
pearson: 0.032952080947813475
p-valu: 5.1928777405045664e-24

AL interation 3791/4801.

mae: 0.13493142424511032
max_error: 0.7627378273338081
variance: 0.01257745060092853
pearson: 0.023649098336427893
p-valu: 4.1084065332283013e-13

AL interation 3792/4801.

mae: 0.13493394001768508
max_error: 0.7622050867507824
variance: 0.012578030737711495
pearson: 0.04270284545760219
p-valu: 3.344947326977123e-39

AL interation 3793/4801.

mae: 0.134934739481733
max_error: 0.76220515818693
variance: 0.012577865521308611
pearson: 0.023168835212265964
p-valu: 1.2071174802894462e-12

AL interation 3794/4801.

mae: 0.13494669960946912
max_error: 0.7622869140925559
variance: 0.012577185067363323
pearson: 0.03862635796398717
p-valu: 2.2234631631063107e-32

AL interation 3795/4801.

mae: 0.13485600985595944
max_error: 0.7471866710200175
variance: 0.01254731114196104
pearson: 0.035723823284830133
p-valu: 6.194130545827143e-28

AL interation 3796/4801.

mae: 0.13485643531656494
max_error: 0.7471860264624866
variance: 0.012546890170415348
pearson: 0.026222625015664008
p-valu: 8.89982569976313e-16

AL interation 3797/4801.

mae: 0.13488984183670907
max_error: 0.7475476639054932
variance: 0.012537772960403249
pearson: 0.031507515675343045
p-valu: 4.353439481919428e-22

AL interation 3798/4801.

mae: 0.13486306972449444
max_error: 0.7282109498403315
variance: 0.012518810003306752
pearson: 0.033521885133561746
p-valu: 8.629936686271827e-25

AL interation 3799/4801.

mae: 0.1348290915248632
max_error: 0.7263871228673224
variance: 0.012512966000811851
pearson: 0.042455178480919974
p-valu: 9.140226334315819e-39

AL interation 3800/4801.

mae: 0.1348290350787913
max_error: 0.7267834737559724
variance: 0.012513590660115325
pearson: 0.03259593170877427
p-valu: 1.5828301388954153e-23

AL interation 3801/4801.

mae: 0.1348408431448772
max_error: 0.726900362699098
variance: 0.012512553233187767
pearson: 0.03405702436107933
p-valu: 1.5523677413165513e-25

AL interation 3802/4801.

mae: 0.13483749962619163
max_error: 0.7269280125244677
variance: 0.012518812764971896
pearson: 0.026351105692786977
p-valu: 6.460465658793421e-16

AL interation 3803/4801.

mae: 0.13482451767717016
max_error: 0.7270418929776952
variance: 0.012516785980122718
pearson: 0.03483144323844072
p-valu: 1.2351760822806005e-26

AL interation 3804/4801.

mae: 0.1348354646261759
max_error: 0.7270647199305813
variance: 0.012518625050536993
pearson: 0.033754245771927927
p-valu: 4.1220616177058188e-25

AL interation 3805/4801.

mae: 0.13483492416454215
max_error: 0.725820629756754
variance: 0.01251559177023463
pearson: 0.03342146606819695
p-valu: 1.1922623340611526e-24

AL interation 3806/4801.

mae: 0.13487945485815653
max_error: 0.7260052316677275
variance: 0.012514551044560883
pearson: 0.02936344546784844
p-valu: 2.172513180082771e-19

AL interation 3807/4801.

mae: 0.1348834182946421
max_error: 0.7275696980888142
variance: 0.012515885161419358
pearson: 0.029036425248799503
p-valu: 5.395364602877942e-19

AL interation 3808/4801.

mae: 0.13493495760434762
max_error: 0.7278532481717548
variance: 0.012520670081505019
pearson: 0.021736982319193507
p-valu: 2.6493987399120117e-11

AL interation 3809/4801.

mae: 0.13493475062395904
max_error: 0.7278488486887227
variance: 0.012520725782380298
pearson: 0.04026704252306173
p-valu: 4.877518842437606e-35

AL interation 3810/4801.

mae: 0.13496354390733034
max_error: 0.7266759245409276
variance: 0.012542561973952607
pearson: 0.020046595441806987
p-valu: 7.927189846086624e-10

AL interation 3811/4801.

mae: 0.1348591865933557
max_error: 0.7220375345573302
variance: 0.012528301533946944
pearson: 0.02375342117812624
p-valu: 3.26076649158984e-13

AL interation 3812/4801.

mae: 0.13485891899015964
max_error: 0.7220378294285865
variance: 0.012528264986341435
pearson: 0.029616379200665875
p-valu: 1.0708722162287546e-19

AL interation 3813/4801.

mae: 0.13485772207948088
max_error: 0.7220284328892603
variance: 0.012525452263622871
pearson: 0.036923089508750444
p-valu: 1.005746751580886e-29

AL interation 3814/4801.

mae: 0.13475681314619237
max_error: 0.7220577897357998
variance: 0.01251123951264047
pearson: 0.03347486315065186
p-valu: 1.011379107490719e-24

AL interation 3815/4801.

mae: 0.13468689277411414
max_error: 0.7227416515407867
variance: 0.012508448858985666
pearson: 0.030034946966783722
p-valu: 3.268527054887344e-20

AL interation 3816/4801.

mae: 0.1347292923931809
max_error: 0.7222086333911193
variance: 0.012515909721541426
pearson: 0.030768509409822047
p-valu: 3.919217354040232e-21

AL interation 3817/4801.

mae: 0.13467662368485572
max_error: 0.7208678691627028
variance: 0.012501771459010637
pearson: 0.02263185518053515
p-valu: 3.9498486062016224e-12

AL interation 3818/4801.

mae: 0.1346263236231029
max_error: 0.7210479751880712
variance: 0.012489188853561565
pearson: 0.035069773087368514
p-valu: 5.6547006279964574e-27

AL interation 3819/4801.

mae: 0.13464169890137026
max_error: 0.7210593338588751
variance: 0.012495433564142601
pearson: 0.036953032775108335
p-valu: 9.0934464066462e-30

AL interation 3820/4801.

mae: 0.13463488379162375
max_error: 0.7209844969544292
variance: 0.012494360195016244
pearson: 0.02819805654209968
p-valu: 5.331520637031018e-18

AL interation 3821/4801.

mae: 0.13469234118313939
max_error: 0.7208257393284612
variance: 0.012493487270032131
pearson: 0.030708500609199538
p-valu: 4.681921282806099e-21

AL interation 3822/4801.

mae: 0.13465000249168935
max_error: 0.7227396275490037
variance: 0.012490215962871804
pearson: 0.025588602924995187
p-valu: 4.309598992071147e-15

AL interation 3823/4801.

mae: 0.13465613993871425
max_error: 0.7227206114929459
variance: 0.012492551623616179
pearson: 0.027183856754233873
p-valu: 7.761471702418658e-17

AL interation 3824/4801.

mae: 0.13463658633144535
max_error: 0.7227182821710585
variance: 0.012492230364983304
pearson: 0.020862552787507496
p-valu: 1.5936230352852103e-10

AL interation 3825/4801.

mae: 0.1346273985404047
max_error: 0.7225256235848292
variance: 0.012455133342089765
pearson: 0.02729732674298867
p-valu: 5.784503402083963e-17

AL interation 3826/4801.

mae: 0.1346225400733822
max_error: 0.7225076994596975
variance: 0.012454266389168604
pearson: 0.02350180924917704
p-valu: 5.786479484894149e-13

AL interation 3827/4801.

mae: 0.13458209804510268
max_error: 0.7231921701810506
variance: 0.012450409025990058
pearson: 0.02296256963266962
p-valu: 1.92220660567459e-12

AL interation 3828/4801.

mae: 0.1346024451545025
max_error: 0.7235466284272434
variance: 0.012454456542688293
pearson: 0.041173162874471925
p-valu: 1.5034483045303078e-36

AL interation 3829/4801.

mae: 0.13459524954875082
max_error: 0.7239693354955534
variance: 0.012451551650661401
pearson: 0.018635527674688682
p-valu: 1.109473645403444e-08

AL interation 3830/4801.

mae: 0.13459580472628552
max_error: 0.7239708035693866
variance: 0.012451658225628444
pearson: 0.03655693981334524
p-valu: 3.6438063991676246e-29

AL interation 3831/4801.

mae: 0.13465166880998775
max_error: 0.7239389332831934
variance: 0.012459702565690248
pearson: 0.029355887971085876
p-valu: 2.2432286316371646e-19

AL interation 3832/4801.

mae: 0.13458871415308815
max_error: 0.723946477938398
variance: 0.012465764294869956
pearson: 0.03243492751854097
p-valu: 2.64769913100379e-23

AL interation 3833/4801.

mae: 0.1346248007344232
max_error: 0.7244306197582091
variance: 0.01246659993791835
pearson: 0.034700748940899216
p-valu: 1.9362324575172313e-26

AL interation 3834/4801.

mae: 0.1346246267297721
max_error: 0.7245371026715475
variance: 0.012465008725627972
pearson: 0.03561107481721547
p-valu: 9.301457668709962e-28

AL interation 3835/4801.

mae: 0.13460801352923374
max_error: 0.7245324080768114
variance: 0.012462479137533351
pearson: 0.034583436886910145
p-valu: 2.850819703858015e-26

AL interation 3836/4801.

mae: 0.13461650653299093
max_error: 0.7244263943084661
variance: 0.01246251583245858
pearson: 0.031252766410423086
p-valu: 9.491225363746587e-22

AL interation 3837/4801.

mae: 0.13461594487901823
max_error: 0.7244220433595956
variance: 0.012462269554236996
pearson: 0.029509325530097226
p-valu: 1.463366123552689e-19

AL interation 3838/4801.

mae: 0.13460774967003272
max_error: 0.7244137975720832
variance: 0.012463946869138143
pearson: 0.031911944893871134
p-valu: 1.3137101622112639e-22

AL interation 3839/4801.

mae: 0.13460969116376795
max_error: 0.7243750352719189
variance: 0.012465021780504917
pearson: 0.0258928842330347
p-valu: 2.051592548187157e-15

AL interation 3840/4801.

mae: 0.13460976552722734
max_error: 0.7242235651744977
variance: 0.012467060692990146
pearson: 0.030470280287828846
p-valu: 9.447071122706055e-21

AL interation 3841/4801.

mae: 0.13464604692193713
max_error: 0.7238113188866464
variance: 0.012469705152269249
pearson: 0.03998750011810457
p-valu: 1.4487514549986924e-34

AL interation 3842/4801.

mae: 0.1345826503772256
max_error: 0.7234513337587032
variance: 0.012457108965848384
pearson: 0.02613125327718774
p-valu: 1.1362983539951488e-15

AL interation 3843/4801.

mae: 0.13463113307459465
max_error: 0.7241960246930148
variance: 0.012466079597296422
pearson: 0.028982069523328987
p-valu: 6.366268391567913e-19

AL interation 3844/4801.

mae: 0.134720778819312
max_error: 0.7243841339076198
variance: 0.012480059703126963
pearson: 0.03155743293179091
p-valu: 3.83806674452043e-22

AL interation 3845/4801.

mae: 0.13472749074221296
max_error: 0.7243884191821053
variance: 0.012481117064688973
pearson: 0.0346040806883165
p-valu: 2.6801676086467634e-26

AL interation 3846/4801.

mae: 0.1347248394899343
max_error: 0.7243454667624292
variance: 0.012480536482102544
pearson: 0.03326061292243713
p-valu: 2.0302127150951363e-24

AL interation 3847/4801.

mae: 0.13470702265008366
max_error: 0.7244277158735031
variance: 0.01247558993322471
pearson: 0.03313165437701465
p-valu: 3.050035496756325e-24

AL interation 3848/4801.

mae: 0.13467135893274138
max_error: 0.7244195009330952
variance: 0.012469715773761067
pearson: 0.03447583519328906
p-valu: 4.087768350051646e-26

AL interation 3849/4801.

mae: 0.1346819710110991
max_error: 0.7240915025871573
variance: 0.012463487768773282
pearson: 0.024772314910902298
p-valu: 3.0986153395898997e-14

AL interation 3850/4801.

mae: 0.13466472057584183
max_error: 0.7240385016481241
variance: 0.012457151500380374
pearson: 0.04020767729066702
p-valu: 6.324003995522864e-35

AL interation 3851/4801.

mae: 0.13465247553719661
max_error: 0.7243301812385425
variance: 0.012441748768756224
pearson: 0.03758744486633329
p-valu: 9.884436152160381e-31

AL interation 3852/4801.

mae: 0.13463195584239984
max_error: 0.7250023738891969
variance: 0.012435598371781422
pearson: 0.03250661392178225
p-valu: 2.145227964249705e-23

AL interation 3853/4801.

mae: 0.1346364049884694
max_error: 0.7249774690095592
variance: 0.012435699891631322
pearson: 0.03246941399178367
p-valu: 2.4074306368031916e-23

AL interation 3854/4801.

mae: 0.13464444447546026
max_error: 0.7248568246421883
variance: 0.012432660416593504
pearson: 0.033740400426827924
p-valu: 4.434710692925589e-25

AL interation 3855/4801.

mae: 0.1346263493469325
max_error: 0.7249390807155578
variance: 0.012432439502653547
pearson: 0.03305910331817499
p-valu: 3.848002116840512e-24

AL interation 3856/4801.

mae: 0.1345607714016982
max_error: 0.7239269451933978
variance: 0.012437219827918726
pearson: 0.020032888270277972
p-valu: 8.217315251494363e-10

AL interation 3857/4801.

mae: 0.1345666566464785
max_error: 0.7238987912415951
variance: 0.012436908294288576
pearson: 0.03134747176235748
p-valu: 7.235744764309961e-22

AL interation 3858/4801.

mae: 0.1345212462763701
max_error: 0.7231472206779017
variance: 0.01243535782751405
pearson: 0.028667343021660935
p-valu: 1.5195084469488533e-18

AL interation 3859/4801.

mae: 0.13451949047425252
max_error: 0.7231541425733212
variance: 0.012435471104435278
pearson: 0.03953063919007093
p-valu: 8.211899841723512e-34

AL interation 3860/4801.

mae: 0.1344558715288972
max_error: 0.7232511630024874
variance: 0.012434666964969854
pearson: 0.03160038697254049
p-valu: 3.401246297355215e-22

AL interation 3861/4801.

mae: 0.1342388346320622
max_error: 0.7213903958262335
variance: 0.012440140544318886
pearson: 0.033616810893173976
p-valu: 6.609643088350552e-25

AL interation 3862/4801.

mae: 0.13421745878907057
max_error: 0.7215818196414148
variance: 0.01244061915668494
pearson: 0.03273091237695432
p-valu: 1.0766339357527585e-23

AL interation 3863/4801.

mae: 0.13427394516478872
max_error: 0.7227670319625759
variance: 0.012427523387670452
pearson: 0.044168974059751974
p-valu: 8.616245735236393e-42

AL interation 3864/4801.

mae: 0.13426581440876523
max_error: 0.7231989562935723
variance: 0.012436599236061253
pearson: 0.026744050317439254
p-valu: 2.4414327590249086e-16

AL interation 3865/4801.

mae: 0.1342413567677173
max_error: 0.7231311092162969
variance: 0.01243952263754798
pearson: 0.032052734367059084
p-valu: 8.685274227247214e-23

AL interation 3866/4801.

mae: 0.13414056564823304
max_error: 0.7240910168793562
variance: 0.012435007871409954
pearson: 0.03647610992110128
p-valu: 4.938644396692653e-29

AL interation 3867/4801.

mae: 0.13414776000494388
max_error: 0.7240491621644196
variance: 0.012435360802541802
pearson: 0.03762306105229721
p-valu: 8.806035363615985e-31

AL interation 3868/4801.

mae: 0.13414761082968102
max_error: 0.723994592266763
variance: 0.012435110640523283
pearson: 0.02982446757558305
p-valu: 6.096145917897858e-20

AL interation 3869/4801.

mae: 0.13414250547190643
max_error: 0.7242127998267733
variance: 0.012433794779896755
pearson: 0.045206702836900904
p-valu: 1.0774271838049905e-43

AL interation 3870/4801.

mae: 0.13417921356609186
max_error: 0.7241531970205415
variance: 0.012436660756061953
pearson: 0.029337432489088665
p-valu: 2.4023819787244905e-19

AL interation 3871/4801.

mae: 0.13416091585080084
max_error: 0.7237550989777901
variance: 0.012439298084624307
pearson: 0.03347698433643012
p-valu: 1.0375139410838169e-24

AL interation 3872/4801.

mae: 0.13416059187301468
max_error: 0.7237567173344814
variance: 0.012439218823934605
pearson: 0.03680631109905396
p-valu: 1.575080752584853e-29

AL interation 3873/4801.

mae: 0.13416914861138202
max_error: 0.7237917704526353
variance: 0.012435733252685217
pearson: 0.022330383817184402
p-valu: 7.6759853799655e-12

AL interation 3874/4801.

mae: 0.13409244175384913
max_error: 0.7231622951544523
variance: 0.012428921212515194
pearson: 0.023790937613367497
p-valu: 3.0487363304882053e-13

AL interation 3875/4801.

mae: 0.1340889973021384
max_error: 0.7231323034004618
variance: 0.01242847552986866
pearson: 0.023271306800323188
p-valu: 9.829625518382412e-13

AL interation 3876/4801.

mae: 0.13408373641860835
max_error: 0.7240645446004237
variance: 0.012425959767580728
pearson: 0.03173774388187586
p-valu: 2.268232167857729e-22

AL interation 3877/4801.

mae: 0.13408441379076488
max_error: 0.7240132090112184
variance: 0.012420636834154454
pearson: 0.04600547850896969
p-valu: 3.462697402951154e-45

AL interation 3878/4801.

mae: 0.1340520536304064
max_error: 0.7230341759657222
variance: 0.012434741858566963
pearson: 0.022370088850847104
p-valu: 7.058789442011235e-12

AL interation 3879/4801.

mae: 0.13403294162121487
max_error: 0.7238316883808693
variance: 0.012435732332838413
pearson: 0.03422557551818069
p-valu: 9.413007090267525e-26

AL interation 3880/4801.

mae: 0.13406343113862224
max_error: 0.7224732761932273
variance: 0.01244622716816412
pearson: 0.027816067450874612
p-valu: 1.5129755949252986e-17

AL interation 3881/4801.

mae: 0.13404829234634447
max_error: 0.7223265820880442
variance: 0.012442368022829359
pearson: 0.035970436046550244
p-valu: 2.8316664221329234e-28

AL interation 3882/4801.

mae: 0.13402928098951214
max_error: 0.7185914224106682
variance: 0.012444741695630913
pearson: 0.03549306536728382
p-valu: 1.4277207574489674e-27

AL interation 3883/4801.

mae: 0.13400169772403286
max_error: 0.7182986394974478
variance: 0.012448805927993986
pearson: 0.02137329848381461
p-valu: 5.726931331973057e-11

AL interation 3884/4801.

mae: 0.13400221750731214
max_error: 0.7182971560376927
variance: 0.01244887850220063
pearson: 0.02939256224079535
p-valu: 2.07209480273737e-19

AL interation 3885/4801.

mae: 0.13386016410889018
max_error: 0.7179024320935241
variance: 0.012465770510141598
pearson: 0.03427716832079181
p-valu: 7.988548688774097e-26

AL interation 3886/4801.

mae: 0.13386459194829622
max_error: 0.7178828777969102
variance: 0.012465887820244385
pearson: 0.032848515140666404
p-valu: 7.563727630359458e-24

AL interation 3887/4801.

mae: 0.13388942835594617
max_error: 0.7182618177893119
variance: 0.012461431017370912
pearson: 0.02648519104638724
p-valu: 4.748548432816478e-16

AL interation 3888/4801.

mae: 0.13388939293447472
max_error: 0.7182617362990413
variance: 0.01246144346796917
pearson: 0.02438738703690675
p-valu: 7.747281589590407e-14

AL interation 3889/4801.

mae: 0.133895901013526
max_error: 0.7183228216815678
variance: 0.012461823777505873
pearson: 0.036073724263310646
p-valu: 2.0005195546037328e-28

AL interation 3890/4801.

mae: 0.13385683461034312
max_error: 0.7183749939953259
variance: 0.01245209226705075
pearson: 0.030040547831434908
p-valu: 3.3286880613920244e-20

AL interation 3891/4801.

mae: 0.1338439357175563
max_error: 0.7184928227663931
variance: 0.01245402214805519
pearson: 0.01961447298526588
p-valu: 1.8407531449444483e-09

AL interation 3892/4801.

mae: 0.13379163059807542
max_error: 0.7179372393200083
variance: 0.012452146151369099
pearson: 0.03120715111312037
p-valu: 1.117140775316065e-21

AL interation 3893/4801.

mae: 0.13379154202659096
max_error: 0.7179276115041375
variance: 0.012452129662532315
pearson: 0.01937169457539462
p-valu: 2.906595174093273e-09

AL interation 3894/4801.

mae: 0.13378310675928987
max_error: 0.7179513902760846
variance: 0.01245091050445052
pearson: 0.03978940825691535
p-valu: 3.1946006198904144e-34

AL interation 3895/4801.

mae: 0.13381048392899822
max_error: 0.718213478088046
variance: 0.012453383981202128
pearson: 0.02007153649872024
p-valu: 7.687760337027842e-10

AL interation 3896/4801.

mae: 0.13381673716771694
max_error: 0.7182129753505251
variance: 0.012452683460697458
pearson: 0.03418410645083505
p-valu: 1.087738580544748e-25

AL interation 3897/4801.

mae: 0.13380887073336575
max_error: 0.7182266757038178
variance: 0.01245204607575498
pearson: 0.0360910728043887
p-valu: 1.8952064219266172e-28

AL interation 3898/4801.

mae: 0.13380630398883248
max_error: 0.7181637804361571
variance: 0.012451598919505532
pearson: 0.03069443801240102
p-valu: 5.0604722952934376e-21

AL interation 3899/4801.

mae: 0.1338802582641797
max_error: 0.7182698539012335
variance: 0.012437637249317754
pearson: 0.03411803470091736
p-valu: 1.34971618724523e-25

AL interation 3900/4801.

mae: 0.13373164687177752
max_error: 0.7193949155837345
variance: 0.012425720972855587
pearson: 0.03370228928748718
p-valu: 5.143956369470266e-25

AL interation 3901/4801.

mae: 0.13373089834720475
max_error: 0.7194001026397245
variance: 0.012425395384266723
pearson: 0.03529458766698193
p-valu: 2.8126110438878285e-27

AL interation 3902/4801.

mae: 0.1337259283378301
max_error: 0.7193851304393775
variance: 0.01242125741974355
pearson: 0.036260196533622654
p-valu: 1.0648002511408537e-28

AL interation 3903/4801.

mae: 0.1337196980904699
max_error: 0.7193546546199059
variance: 0.012422070321441141
pearson: 0.029348613581004466
p-valu: 2.3622990457486993e-19

AL interation 3904/4801.

mae: 0.13371038106431773
max_error: 0.7238255316586901
variance: 0.012424785695403891
pearson: 0.03258655548398179
p-valu: 1.7229563294821896e-23

AL interation 3905/4801.

mae: 0.13380358738816137
max_error: 0.7188548398258945
variance: 0.012445277967590214
pearson: 0.041502405276154015
p-valu: 4.428758233068238e-37

AL interation 3906/4801.

mae: 0.13380695463934164
max_error: 0.7188072927231133
variance: 0.012445772797915386
pearson: 0.024057990145432674
p-valu: 1.6701966991922923e-13

AL interation 3907/4801.

mae: 0.1338879895325929
max_error: 0.7183628986606436
variance: 0.012467569529346016
pearson: 0.04371340261186851
p-valu: 5.975653600443891e-41

AL interation 3908/4801.

mae: 0.1338951601172135
max_error: 0.7183425988984027
variance: 0.012466899961221604
pearson: 0.032869478090579406
p-valu: 7.170572157639019e-24

AL interation 3909/4801.

mae: 0.13384071159291033
max_error: 0.7083528579465792
variance: 0.012485070216824715
pearson: 0.04098821443973512
p-valu: 3.306551785482858e-36

AL interation 3910/4801.

mae: 0.13383916765992207
max_error: 0.7083115847802901
variance: 0.012482964029514312
pearson: 0.027688888747866507
p-valu: 2.142436318560354e-17

AL interation 3911/4801.

mae: 0.13359739265326703
max_error: 0.7100133294103443
variance: 0.01246832339462714
pearson: 0.02965100632227461
p-valu: 1.0149696425229023e-19

AL interation 3912/4801.

mae: 0.13365827114711584
max_error: 0.7078968644617589
variance: 0.012485644990004069
pearson: 0.03539777272040732
p-valu: 2.0043221314284762e-27

AL interation 3913/4801.

mae: 0.13366678833593326
max_error: 0.7083414100784466
variance: 0.01248554632765882
pearson: 0.021515842883700436
p-valu: 4.3003519273408766e-11

AL interation 3914/4801.

mae: 0.13369118637594493
max_error: 0.7088482008800838
variance: 0.012487217580931489
pearson: 0.025830545704163103
p-valu: 2.454571783852523e-15

AL interation 3915/4801.

mae: 0.13366459476711534
max_error: 0.7088417740081923
variance: 0.01248377375396615
pearson: 0.04144131197543002
p-valu: 5.677572033656574e-37

AL interation 3916/4801.

mae: 0.1335815353278422
max_error: 0.7088645262754198
variance: 0.012468787118873073
pearson: 0.03518726800806844
p-valu: 4.063493372820823e-27

AL interation 3917/4801.

mae: 0.13354963991437652
max_error: 0.7085635615625279
variance: 0.01246993706212162
pearson: 0.023846549679355487
p-valu: 2.7194787826861464e-13

AL interation 3918/4801.

mae: 0.13357178594665003
max_error: 0.7081825899041405
variance: 0.012468639708632316
pearson: 0.03126940195309094
p-valu: 9.407151792536298e-22

AL interation 3919/4801.

mae: 0.1334945158368223
max_error: 0.7085496387800276
variance: 0.012469345360531648
pearson: 0.03467038722654062
p-valu: 2.254319665976174e-26

AL interation 3920/4801.

mae: 0.13311557145792127
max_error: 0.7107516065542541
variance: 0.012428927149805289
pearson: 0.03134873206472512
p-valu: 7.437828913835479e-22

AL interation 3921/4801.

mae: 0.13307873828896724
max_error: 0.7109943357706925
variance: 0.012428610399885236
pearson: 0.026474703664808794
p-valu: 4.935318868474815e-16

AL interation 3922/4801.

mae: 0.13307178202796732
max_error: 0.7106067087549945
variance: 0.012433204118125922
pearson: 0.029683436063741575
p-valu: 9.307987003116839e-20

AL interation 3923/4801.

mae: 0.13307187215095118
max_error: 0.7106126509353317
variance: 0.01243351135308071
pearson: 0.04590941856704175
p-valu: 5.5200974863858936e-45

AL interation 3924/4801.

mae: 0.13305350486846193
max_error: 0.7103467378200321
variance: 0.012437239004733744
pearson: 0.03324836640406118
p-valu: 2.2041693690554976e-24

AL interation 3925/4801.

mae: 0.132950136199692
max_error: 0.7096199685068996
variance: 0.01243576965806022
pearson: 0.04625969483622372
p-valu: 1.2025398422897863e-45

AL interation 3926/4801.

mae: 0.13295260391638805
max_error: 0.7081561813728285
variance: 0.012414241335445267
pearson: 0.030529809591851847
p-valu: 8.277885469862544e-21

AL interation 3927/4801.

mae: 0.132993941261377
max_error: 0.7084140946374191
variance: 0.012412835344249635
pearson: 0.02472691144213809
p-valu: 3.5346793032220007e-14

AL interation 3928/4801.

mae: 0.13299432016105833
max_error: 0.7084149210813848
variance: 0.012412839505501023
pearson: 0.03783377580075911
p-valu: 4.332445146967619e-31

AL interation 3929/4801.

mae: 0.13299384274197976
max_error: 0.7084031985478987
variance: 0.012412747884503481
pearson: 0.031535860033842004
p-valu: 4.273247763526512e-22

AL interation 3930/4801.

mae: 0.13298861337074314
max_error: 0.7094715021050888
variance: 0.012409448800362799
pearson: 0.031301866021582615
p-valu: 8.593059524218075e-22

AL interation 3931/4801.

mae: 0.1329875083549405
max_error: 0.7097330999613405
variance: 0.012409485045971653
pearson: 0.02523805486671829
p-valu: 1.0456674952119135e-14

AL interation 3932/4801.

mae: 0.13306453517994082
max_error: 0.7085060312736005
variance: 0.012404165202547737
pearson: 0.019477545290468714
p-valu: 2.401873779809052e-09

AL interation 3933/4801.

mae: 0.1330833705753151
max_error: 0.7084796465460386
variance: 0.012406270571581297
pearson: 0.031582161018403145
p-valu: 3.727188532390607e-22

AL interation 3934/4801.

mae: 0.13307470253238987
max_error: 0.7082027850069608
variance: 0.012410383911412373
pearson: 0.030011638919252515
p-valu: 3.6882816079071344e-20

AL interation 3935/4801.

mae: 0.13306122591050118
max_error: 0.7085485334088162
variance: 0.012394950851276086
pearson: 0.02995401799441267
p-valu: 4.3483757133632387e-20

AL interation 3936/4801.

mae: 0.13306255123329996
max_error: 0.7086451052400662
variance: 0.012394123372283052
pearson: 0.037125680568117554
p-valu: 5.378793407967485e-30

AL interation 3937/4801.

mae: 0.13305036425451716
max_error: 0.7085907000972611
variance: 0.012390001558047732
pearson: 0.03349182408617802
p-valu: 1.0274187381482341e-24

AL interation 3938/4801.

mae: 0.13305140216227523
max_error: 0.7084285316052501
variance: 0.012388587230552127
pearson: 0.03158477594997437
p-valu: 3.7074136545862056e-22

AL interation 3939/4801.

mae: 0.13312408653168414
max_error: 0.7111731244641533
variance: 0.012356210931791204
pearson: 0.04700290703925133
p-valu: 4.613255438727264e-47

AL interation 3940/4801.

mae: 0.13312268871678398
max_error: 0.7110999945274443
variance: 0.012356595996024648
pearson: 0.03058037644097048
p-valu: 7.19521155635543e-21

AL interation 3941/4801.

mae: 0.13311944422513025
max_error: 0.7111305900441494
variance: 0.012356874031912733
pearson: 0.029698514379003827
p-valu: 8.996123795653942e-20

AL interation 3942/4801.

mae: 0.13308665574486325
max_error: 0.7110297371954175
variance: 0.012353394656598658
pearson: 0.03073678368217858
p-valu: 4.567133675988062e-21

AL interation 3943/4801.

mae: 0.13307956191839673
max_error: 0.7110406987520719
variance: 0.012353672522062835
pearson: 0.0352702149620729
p-valu: 3.1330218611219197e-27

AL interation 3944/4801.

mae: 0.13276841301215164
max_error: 0.7042999490681723
variance: 0.01232594343333373
pearson: 0.04168509782020098
p-valu: 2.2326321593199356e-37

AL interation 3945/4801.

mae: 0.13277868616818714
max_error: 0.7043827372669966
variance: 0.012325638614030148
pearson: 0.024762731226385663
p-valu: 3.266048338702871e-14

AL interation 3946/4801.

mae: 0.13278034020152135
max_error: 0.7044069688504351
variance: 0.012324302803633613
pearson: 0.01628261426584002
p-valu: 6.083705043207666e-07

AL interation 3947/4801.

mae: 0.13277242021065877
max_error: 0.7044064063235282
variance: 0.01232290431654669
pearson: 0.0295806317926741
p-valu: 1.2573118095013646e-19

AL interation 3948/4801.

mae: 0.13280764924083474
max_error: 0.7047095578974449
variance: 0.012346918473595802
pearson: 0.02449974395149367
p-valu: 6.068727909762707e-14

AL interation 3949/4801.

mae: 0.13284646562125083
max_error: 0.7045355716584254
variance: 0.012355078774295557
pearson: 0.04428074108103031
p-valu: 5.875429946702383e-42

AL interation 3950/4801.

mae: 0.13282235299885128
max_error: 0.7040733741307577
variance: 0.01234737710174732
pearson: 0.03988328309385599
p-valu: 2.3449886423009003e-34

AL interation 3951/4801.

mae: 0.1329009107022274
max_error: 0.7040986946118437
variance: 0.012355874108546017
pearson: 0.028590840460339436
p-valu: 1.9453059974441374e-18

AL interation 3952/4801.

mae: 0.1328700282945922
max_error: 0.7031457371331271
variance: 0.01236253760970231
pearson: 0.03720722346342182
p-valu: 4.08210201073005e-30

AL interation 3953/4801.

mae: 0.13282169418410683
max_error: 0.7029356111038396
variance: 0.012354253555316847
pearson: 0.027519045062360095
p-valu: 3.4040397780318496e-17

AL interation 3954/4801.

mae: 0.1328231924791838
max_error: 0.7029311229981658
variance: 0.012353898389481015
pearson: 0.02560659429946545
p-valu: 4.309523544911929e-15

AL interation 3955/4801.

mae: 0.1327821305560392
max_error: 0.7020213512478222
variance: 0.012349486794871044
pearson: 0.03016854210233044
p-valu: 2.377803755394381e-20

AL interation 3956/4801.

mae: 0.13280877783496628
max_error: 0.7022398165951245
variance: 0.012354471666234705
pearson: 0.024139989729058686
p-valu: 1.4033119416854541e-13

AL interation 3957/4801.

mae: 0.132811786536113
max_error: 0.7022651589333009
variance: 0.012355279201419727
pearson: 0.030274409702456685
p-valu: 1.7562065489603204e-20

AL interation 3958/4801.

mae: 0.13284733322558195
max_error: 0.7036435627478568
variance: 0.012355233733226343
pearson: 0.04028784516696234
p-valu: 5.088844016584631e-35

AL interation 3959/4801.

mae: 0.13279017986989555
max_error: 0.7034975478859451
variance: 0.012359376153935238
pearson: 0.034578901123233245
p-valu: 3.1183942842410496e-26

AL interation 3960/4801.

mae: 0.13277082579825256
max_error: 0.7041701916059537
variance: 0.012332371921617045
pearson: 0.02524145725275092
p-valu: 1.0469172180092167e-14

AL interation 3961/4801.

mae: 0.13275962657702778
max_error: 0.7057169242785903
variance: 0.012358306687448707
pearson: 0.03954531824866843
p-valu: 8.423000685655482e-34

AL interation 3962/4801.

mae: 0.13276180508226065
max_error: 0.7055186022369071
variance: 0.012347266359151279
pearson: 0.02954117836894002
p-valu: 1.4140502455800247e-19

AL interation 3963/4801.

mae: 0.13275340536919547
max_error: 0.7054219386914156
variance: 0.012345823495593817
pearson: 0.027887287162681258
p-valu: 1.2941648591859801e-17

AL interation 3964/4801.

mae: 0.13276898031432946
max_error: 0.7046780089411868
variance: 0.01234129059754726
pearson: 0.036987022814116186
p-valu: 8.920953290854478e-30

AL interation 3965/4801.

mae: 0.13267185084619346
max_error: 0.7039453904576476
variance: 0.012319972805467644
pearson: 0.029857109675838614
p-valu: 5.805300863415687e-20

AL interation 3966/4801.

mae: 0.13267114616011755
max_error: 0.7039239657281087
variance: 0.012319474533988385
pearson: 0.035134120561690386
p-valu: 5.004439113346514e-27

AL interation 3967/4801.

mae: 0.13265863597096436
max_error: 0.7040234038630615
variance: 0.01231323713093788
pearson: 0.03679220246121701
p-valu: 1.7653632375358275e-29

AL interation 3968/4801.

mae: 0.13261970354116145
max_error: 0.7043552698115718
variance: 0.012311896689479792
pearson: 0.031966708834291785
p-valu: 1.1898096793518193e-22

AL interation 3969/4801.

mae: 0.132689801126136
max_error: 0.7043291938034599
variance: 0.01232337226736579
pearson: 0.032287461308289744
p-valu: 4.4781730529977865e-23

AL interation 3970/4801.

mae: 0.13272775016910654
max_error: 0.7041110359472214
variance: 0.012310975533735273
pearson: 0.032474688694006985
p-valu: 2.5209376033638796e-23

AL interation 3971/4801.

mae: 0.13268096956879638
max_error: 0.7036660685434981
variance: 0.01229874277587374
pearson: 0.03664676197733639
p-valu: 2.93511538670502e-29

AL interation 3972/4801.

mae: 0.1326961482050332
max_error: 0.703119696082922
variance: 0.012276006437765673
pearson: 0.0322987744190349
p-valu: 4.3324712425753663e-23

AL interation 3973/4801.

mae: 0.13269713342512035
max_error: 0.7031262178259112
variance: 0.012278520731921243
pearson: 0.03389941909159236
p-valu: 2.8521485025450416e-25

AL interation 3974/4801.

mae: 0.13253560097968167
max_error: 0.7033678215134387
variance: 0.012263982294573011
pearson: 0.033520326011023574
p-valu: 9.583613318907492e-25

AL interation 3975/4801.

mae: 0.1325383138110198
max_error: 0.7033709540539803
variance: 0.012264282419188526
pearson: 0.022247727185499316
p-valu: 9.398592022703537e-12

AL interation 3976/4801.

mae: 0.1325044632605892
max_error: 0.7036073244563568
variance: 0.01225608709376819
pearson: 0.036231059032457415
p-valu: 1.2359782168965992e-28

AL interation 3977/4801.

mae: 0.1324059773360177
max_error: 0.7021086571019168
variance: 0.012224431844427695
pearson: 0.03410599529122359
p-valu: 1.4690992199009254e-25

AL interation 3978/4801.

mae: 0.13245612797770043
max_error: 0.7011705895812383
variance: 0.012229830227237316
pearson: 0.03833285138503488
p-valu: 7.434235357117452e-32

AL interation 3979/4801.

mae: 0.13251091209477234
max_error: 0.7010778992414544
variance: 0.012222313445501079
pearson: 0.02426854262288263
p-valu: 1.0496239266620999e-13

AL interation 3980/4801.

mae: 0.13254123241876642
max_error: 0.7007185192520637
variance: 0.012225852111318516
pearson: 0.04072983129292792
p-valu: 9.528962401724533e-36

AL interation 3981/4801.

mae: 0.1325429263025094
max_error: 0.7007251508248373
variance: 0.012225890972598177
pearson: 0.029874424701800684
p-valu: 5.56704447890035e-20

AL interation 3982/4801.

mae: 0.13251802620910277
max_error: 0.7005921385681404
variance: 0.012226466708301525
pearson: 0.03236354824240757
p-valu: 3.5707238781273445e-23

AL interation 3983/4801.

mae: 0.132516866261436
max_error: 0.7006414311226763
variance: 0.01222726427416357
pearson: 0.036112119430608665
p-valu: 1.866148120154523e-28

AL interation 3984/4801.

mae: 0.13216223290396786
max_error: 0.701335514347079
variance: 0.012190593088435647
pearson: 0.029346493910391954
p-valu: 2.4617379695875648e-19

AL interation 3985/4801.

mae: 0.13223933588502562
max_error: 0.7021896819487665
variance: 0.012194559668483733
pearson: 0.04569349756322844
p-valu: 1.5006909480112218e-44

AL interation 3986/4801.

mae: 0.13222078954358835
max_error: 0.7036448935339195
variance: 0.012184220821933543
pearson: 0.025107321074364187
p-valu: 1.4570544244857185e-14

AL interation 3987/4801.

mae: 0.1321772600029033
max_error: 0.7033581637934958
variance: 0.012180158659541446
pearson: 0.03499619033418061
p-valu: 8.016905323060686e-27

AL interation 3988/4801.

mae: 0.13220394453272938
max_error: 0.7035046370249347
variance: 0.01217215703208177
pearson: 0.025870130889723418
p-valu: 2.282988060061585e-15

AL interation 3989/4801.

mae: 0.13221831002598924
max_error: 0.7035944657412756
variance: 0.012175690480540501
pearson: 0.03452965700365567
p-valu: 3.730857471452574e-26

AL interation 3990/4801.

mae: 0.13219223423725587
max_error: 0.7035659644582211
variance: 0.012169654672090477
pearson: 0.03153174300647366
p-valu: 4.460937326830492e-22

AL interation 3991/4801.

mae: 0.13206517239995832
max_error: 0.7032069910238761
variance: 0.012147289238673682
pearson: 0.035216995543325524
p-valu: 3.856563149962534e-27

AL interation 3992/4801.

mae: 0.13206137581583385
max_error: 0.703245784433534
variance: 0.01215164535012909
pearson: 0.04779488210584749
p-valu: 1.411377297808799e-48

AL interation 3993/4801.

mae: 0.13206252696759468
max_error: 0.7031434060708079
variance: 0.012152780492310467
pearson: 0.020676350639382095
p-valu: 2.3992490956431936e-10

AL interation 3994/4801.

mae: 0.13205774463493083
max_error: 0.703153664874435
variance: 0.012152930341749885
pearson: 0.035761740637945
p-valu: 6.192696290927496e-28

AL interation 3995/4801.

mae: 0.1320589044470424
max_error: 0.7032012935768535
variance: 0.012151181028650083
pearson: 0.023869897909324957
p-valu: 2.6374117894805134e-13

AL interation 3996/4801.

mae: 0.13205589467751008
max_error: 0.7031834824520047
variance: 0.012150989057609906
pearson: 0.03443810638831032
p-valu: 5.0528224460070444e-26

AL interation 3997/4801.

mae: 0.1320299166164797
max_error: 0.7031780246976496
variance: 0.012145666869118056
pearson: 0.029253956100830144
p-valu: 3.2032580725826364e-19

AL interation 3998/4801.

mae: 0.1320381928472574
max_error: 0.7032613913086152
variance: 0.012146146558016628
pearson: 0.032630329702064934
p-valu: 1.5826768946674961e-23

AL interation 3999/4801.

mae: 0.13202450706446478
max_error: 0.7031396740326272
variance: 0.012145025391986013
pearson: 0.026917635194847384
p-valu: 1.6456126969746213e-16

AL interation 4000/4801.

mae: 0.13189480935366793
max_error: 0.701109536700983
variance: 0.012147196547246478
pearson: 0.04982840990902707
p-valu: 1.209461343201785e-52

AL interation 4001/4801.

mae: 0.13185958007668608
max_error: 0.7019780267723945
variance: 0.012151686473690462
pearson: 0.0296318095353401
p-valu: 1.1151176782347934e-19

AL interation 4002/4801.

mae: 0.1318537357662547
max_error: 0.702358843328625
variance: 0.012152531507284228
pearson: 0.04316539647757606
p-valu: 6.208872330263509e-40

AL interation 4003/4801.

mae: 0.13178505090728043
max_error: 0.7024179246274116
variance: 0.012155053274439779
pearson: 0.026380794987774913
p-valu: 6.436495858443708e-16

AL interation 4004/4801.

mae: 0.13179464399870977
max_error: 0.7027134701398836
variance: 0.01216195736918955
pearson: 0.029635519642594147
p-valu: 1.1050048502275776e-19

AL interation 4005/4801.

mae: 0.13179537665019894
max_error: 0.7027411286677534
variance: 0.01216195596784066
pearson: 0.0209983301037925
p-valu: 1.26296335919111e-10

AL interation 4006/4801.

mae: 0.1317949488118847
max_error: 0.70271299318415
variance: 0.012162454406856774
pearson: 0.03656223429947572
p-valu: 4.028172915543508e-29

AL interation 4007/4801.

mae: 0.1317923125702277
max_error: 0.7027026802625187
variance: 0.01216161323267449
pearson: 0.03424018767057965
p-valu: 9.683129909644017e-26

AL interation 4008/4801.

mae: 0.1318339288667613
max_error: 0.7006144497273681
variance: 0.0121562791741088
pearson: 0.03722739270544535
p-valu: 3.953736086339427e-30

AL interation 4009/4801.

mae: 0.13169083597439385
max_error: 0.7010715290579128
variance: 0.012168102417120621
pearson: 0.0367455516123057
p-valu: 2.136922425132936e-29

AL interation 4010/4801.

mae: 0.13166463864687
max_error: 0.7005513508872809
variance: 0.012161125450716325
pearson: 0.0312446831311506
p-valu: 1.059369910074482e-21

AL interation 4011/4801.

mae: 0.13161631092832185
max_error: 0.7018809934056662
variance: 0.012162693805377288
pearson: 0.04160063298605895
p-valu: 3.3010990435628854e-37

AL interation 4012/4801.

mae: 0.1317693266057819
max_error: 0.7003848342897072
variance: 0.012168229254242983
pearson: 0.026663468671587618
p-valu: 3.161946631314362e-16

AL interation 4013/4801.

mae: 0.13176531653586518
max_error: 0.7008524305264245
variance: 0.01216925296528958
pearson: 0.02628239723750741
p-valu: 8.267313444767009e-16

AL interation 4014/4801.

mae: 0.13174072141124854
max_error: 0.7010918620267148
variance: 0.01217308872728466
pearson: 0.03255294851229252
p-valu: 2.0275444899049952e-23

AL interation 4015/4801.

mae: 0.1317405547768487
max_error: 0.7011048693967723
variance: 0.012172004189843069
pearson: 0.03548235741449219
p-valu: 1.610560823282383e-27

AL interation 4016/4801.

mae: 0.13175598449726533
max_error: 0.7023525859257234
variance: 0.01217076532392232
pearson: 0.03206755217710742
p-valu: 8.97976156454355e-23

AL interation 4017/4801.

mae: 0.131814942967073
max_error: 0.7043528881548582
variance: 0.0121635765614946
pearson: 0.02904670203587909
p-valu: 5.736434711303298e-19

AL interation 4018/4801.

mae: 0.13178723779078202
max_error: 0.7039027086688066
variance: 0.012165148906855133
pearson: 0.04230703020581593
p-valu: 2.0180436953487447e-38

AL interation 4019/4801.

mae: 0.13173084632818174
max_error: 0.7030566335432695
variance: 0.012170912688519112
pearson: 0.0352277927057481
p-valu: 3.785913432408341e-27

AL interation 4020/4801.

mae: 0.13175370624669047
max_error: 0.7030583484047384
variance: 0.012167521453933539
pearson: 0.034419064282184726
p-valu: 5.454329373122588e-26

AL interation 4021/4801.

mae: 0.13175411910729523
max_error: 0.7033718366789117
variance: 0.012170906411108563
pearson: 0.024613296594073585
p-valu: 4.7555682184694536e-14

AL interation 4022/4801.

mae: 0.1317602046638104
max_error: 0.7033248771303988
variance: 0.012171809769651447
pearson: 0.04342081593535986
p-valu: 2.225512226479582e-40

AL interation 4023/4801.

mae: 0.13180950238318437
max_error: 0.7034121470195487
variance: 0.012170500108126451
pearson: 0.03519477769109399
p-valu: 4.237030692193612e-27

AL interation 4024/4801.

mae: 0.13183498591588447
max_error: 0.7036023924646315
variance: 0.012173206322971152
pearson: 0.031738851392498116
p-valu: 2.4376057238401337e-22

AL interation 4025/4801.

mae: 0.13183317644144488
max_error: 0.7030956171405478
variance: 0.012174096989863225
pearson: 0.02955032024699847
p-valu: 1.417131545724098e-19

AL interation 4026/4801.

mae: 0.1318376929317735
max_error: 0.7029989220020525
variance: 0.012174337115444836
pearson: 0.03601143685031875
p-valu: 2.706932865726031e-28

AL interation 4027/4801.

mae: 0.13182127369391375
max_error: 0.7026742180112251
variance: 0.012172967467334954
pearson: 0.03350445782757938
p-valu: 1.0386544334491392e-24

AL interation 4028/4801.

mae: 0.13182394340127376
max_error: 0.7027274183135432
variance: 0.012171990526035159
pearson: 0.0377070944809776
p-valu: 7.322094918890734e-31

AL interation 4029/4801.

mae: 0.13176910551538928
max_error: 0.7021221079841098
variance: 0.012176997772583936
pearson: 0.032109340450520316
p-valu: 7.961248552158777e-23

AL interation 4030/4801.

mae: 0.131797057136914
max_error: 0.7018754365901714
variance: 0.0121791863623715
pearson: 0.03176078533068722
p-valu: 2.2888019268233926e-22

AL interation 4031/4801.

mae: 0.13177380181566076
max_error: 0.7018870641034027
variance: 0.012169707496870156
pearson: 0.03614459275803634
p-valu: 1.723591406292561e-28

AL interation 4032/4801.

mae: 0.13174662070492923
max_error: 0.7022304213321604
variance: 0.012174302586778887
pearson: 0.02879580205914398
p-valu: 1.150384341536778e-18

AL interation 4033/4801.

mae: 0.13165866299766352
max_error: 0.702154747499776
variance: 0.012170987233715173
pearson: 0.021991591220022328
p-valu: 1.6409094683224828e-11

AL interation 4034/4801.

mae: 0.1316657581289175
max_error: 0.7020757881797408
variance: 0.012168740532092024
pearson: 0.026163308203958745
p-valu: 1.1213260567270963e-15

AL interation 4035/4801.

mae: 0.13164946093317628
max_error: 0.7020643278306125
variance: 0.012168065170242343
pearson: 0.030249074208909342
p-valu: 1.9583388059110037e-20

AL interation 4036/4801.

mae: 0.13164961359756094
max_error: 0.7020628202803891
variance: 0.0121682058130119
pearson: 0.0311216816980854
p-valu: 1.5439606077921834e-21

AL interation 4037/4801.

mae: 0.1316449974002781
max_error: 0.7022272109710457
variance: 0.01216860305687939
pearson: 0.03161034642293673
p-valu: 3.609730471953664e-22

AL interation 4038/4801.

mae: 0.1316656039763387
max_error: 0.7076115590866721
variance: 0.012173821062287812
pearson: 0.03221906694610992
p-valu: 5.724090872567955e-23

AL interation 4039/4801.

mae: 0.13168537312669504
max_error: 0.7073246201675829
variance: 0.012169852414212378
pearson: 0.03701100231014811
p-valu: 8.638216860392526e-30

AL interation 4040/4801.

mae: 0.13168272536420353
max_error: 0.7072848297353858
variance: 0.012171298147498063
pearson: 0.030139009078310037
p-valu: 2.690823034620102e-20

AL interation 4041/4801.

mae: 0.1316041881528664
max_error: 0.7016531213809003
variance: 0.012181455248574802
pearson: 0.029373820907762953
p-valu: 2.338529071859944e-19

AL interation 4042/4801.

mae: 0.1315940602210354
max_error: 0.7015099816367183
variance: 0.012177080425899305
pearson: 0.034061989526886514
p-valu: 1.7592232194847618e-25

AL interation 4043/4801.

mae: 0.13157849828541499
max_error: 0.701420587201028
variance: 0.012175251365130495
pearson: 0.029908004218484774
p-valu: 5.204790799621072e-20

AL interation 4044/4801.

mae: 0.13162621920611914
max_error: 0.6982452936397294
variance: 0.01216701420529229
pearson: 0.024242996059240438
p-valu: 1.1354862140991068e-13

AL interation 4045/4801.

mae: 0.1315992365544259
max_error: 0.6976461743297477
variance: 0.012168203167044058
pearson: 0.041286549192864404
p-valu: 1.1632789508750132e-36

AL interation 4046/4801.

mae: 0.13155145733112428
max_error: 0.6961417538615251
variance: 0.012172281149079079
pearson: 0.033646184251957346
p-valu: 6.68932319306587e-25

AL interation 4047/4801.

mae: 0.13150883072940794
max_error: 0.6963232752830208
variance: 0.012173257383787115
pearson: 0.03083631807703051
p-valu: 3.590662000590281e-21

AL interation 4048/4801.

mae: 0.1314615639095232
max_error: 0.6992633750628556
variance: 0.012215218881050307
pearson: 0.03283216926914323
p-valu: 8.693080867146439e-24

AL interation 4049/4801.

mae: 0.131421559328799
max_error: 0.6996135107451664
variance: 0.01219661816473082
pearson: 0.026705909737509397
p-valu: 2.876981876881143e-16

AL interation 4050/4801.

mae: 0.1314616512309207
max_error: 0.7016183316585511
variance: 0.012194141374947027
pearson: 0.03337779612468688
p-valu: 1.5717906962808254e-24

AL interation 4051/4801.

mae: 0.13155123744081393
max_error: 0.7026242818358241
variance: 0.012219253408822073
pearson: 0.02510256005465461
p-valu: 1.5047732630380243e-14

AL interation 4052/4801.

mae: 0.1317371513719269
max_error: 0.7072510379623509
variance: 0.012265303734908119
pearson: 0.021513956023377523
p-valu: 4.4614759151767734e-11

AL interation 4053/4801.

mae: 0.13173821822962642
max_error: 0.7074523309963752
variance: 0.012266619195130137
pearson: 0.031075611650145926
p-valu: 1.7834806028957047e-21

AL interation 4054/4801.

mae: 0.13172778799585047
max_error: 0.7060938437347204
variance: 0.012259999793766489
pearson: 0.0292092368572309
p-valu: 3.717338547760397e-19

AL interation 4055/4801.

mae: 0.1316147908518488
max_error: 0.7056893230891319
variance: 0.012237237395445156
pearson: 0.026944233114251218
p-valu: 1.569159588672867e-16

AL interation 4056/4801.

mae: 0.1316052587285652
max_error: 0.706019000272363
variance: 0.012246584833460031
pearson: 0.04324783664003607
p-valu: 4.665533102898048e-40

AL interation 4057/4801.

mae: 0.13161642409261878
max_error: 0.7060888675421211
variance: 0.012248843164882076
pearson: 0.020705183655803976
p-valu: 2.297648055031885e-10

AL interation 4058/4801.

mae: 0.13162466289339486
max_error: 0.7060725550312554
variance: 0.012247798044946814
pearson: 0.015254940991743904
p-valu: 2.9993712517733085e-06

AL interation 4059/4801.

mae: 0.13162470938110038
max_error: 0.7060534312804521
variance: 0.012247662358039424
pearson: 0.022222998016464057
p-valu: 1.0119066766708958e-11

AL interation 4060/4801.

mae: 0.13154086764017192
max_error: 0.7057786405350726
variance: 0.012243296488342052
pearson: 0.035078178214527356
p-valu: 6.3901600816500235e-27

AL interation 4061/4801.

mae: 0.13154508965792439
max_error: 0.7058247869604202
variance: 0.012245095203060798
pearson: 0.030024161254760307
p-valu: 3.771104072922181e-20

AL interation 4062/4801.

mae: 0.13151786851403088
max_error: 0.7056476955503967
variance: 0.012240710347040114
pearson: 0.010234443851716464
p-valu: 0.0017274353208965945

AL interation 4063/4801.

mae: 0.13152030757962954
max_error: 0.7056548742873474
variance: 0.012239827438992545
pearson: 0.03396170471680273
p-valu: 2.4599883002231056e-25

AL interation 4064/4801.

mae: 0.13151019112644877
max_error: 0.70738150171303
variance: 0.012242431540790416
pearson: 0.03116470496218115
p-valu: 1.37850077969066e-21

AL interation 4065/4801.

mae: 0.13143589859286908
max_error: 0.7081256879843068
variance: 0.012223995104310976
pearson: 0.038811209836544854
p-valu: 1.385720989182411e-32

AL interation 4066/4801.

mae: 0.13145472741013473
max_error: 0.7084383959089564
variance: 0.012225585985303806
pearson: 0.02880587659684722
p-valu: 1.135206451214331e-18

AL interation 4067/4801.

mae: 0.13145168415813682
max_error: 0.7088354551593739
variance: 0.012228396434603763
pearson: 0.025474893519405913
p-valu: 6.165461565529399e-15

AL interation 4068/4801.

mae: 0.13144304453908262
max_error: 0.7087309945503648
variance: 0.012231064887807619
pearson: 0.04040536310685354
p-valu: 3.5571400114735703e-35

AL interation 4069/4801.

mae: 0.13143550762787243
max_error: 0.7074181971378266
variance: 0.012221973951238627
pearson: 0.03833565145752209
p-valu: 7.872170211919232e-32

AL interation 4070/4801.

mae: 0.1314660203914823
max_error: 0.7074404921390851
variance: 0.01222263372491648
pearson: 0.024557075346945605
p-valu: 5.508313441416021e-14

AL interation 4071/4801.

mae: 0.13146446220691885
max_error: 0.7072509630577315
variance: 0.012220676264235529
pearson: 0.03571058661541653
p-valu: 7.736960437236644e-28

AL interation 4072/4801.

mae: 0.13151329099171866
max_error: 0.7067273815064254
variance: 0.012218377763615963
pearson: 0.01847578025573579
p-valu: 1.5424569839931985e-08

AL interation 4073/4801.

mae: 0.13152200726510346
max_error: 0.710643124850094
variance: 0.012220473366713462
pearson: 0.035935774929062504
p-valu: 3.611279914666244e-28

AL interation 4074/4801.

mae: 0.13152515357506203
max_error: 0.7110033576902879
variance: 0.012224956688033271
pearson: 0.04167440180178543
p-valu: 2.609139518825396e-37

AL interation 4075/4801.

mae: 0.13152137257079902
max_error: 0.7158316931462423
variance: 0.01222885674722966
pearson: 0.01844173720886829
p-valu: 1.6397803930916254e-08

AL interation 4076/4801.

mae: 0.13147732149166466
max_error: 0.716056606498114
variance: 0.012239066000174836
pearson: 0.03452635237731102
p-valu: 3.974069600587624e-26

AL interation 4077/4801.

mae: 0.13145171017835536
max_error: 0.7162581580221286
variance: 0.01223975392338412
pearson: 0.031058730010865034
p-valu: 1.8965168280755675e-21

AL interation 4078/4801.

mae: 0.1314281144526411
max_error: 0.7146472906779309
variance: 0.012243483597465644
pearson: 0.016567196904441868
p-valu: 3.933043480365851e-07

AL interation 4079/4801.

mae: 0.13147000998008718
max_error: 0.7143742730698932
variance: 0.012241339929325044
pearson: 0.028329594519134166
p-valu: 4.1568223368245215e-18

AL interation 4080/4801.

mae: 0.13140002859085792
max_error: 0.7142303788152731
variance: 0.012241167968645737
pearson: 0.03021860426193547
p-valu: 2.1821881825719235e-20

AL interation 4081/4801.

mae: 0.13141464604864575
max_error: 0.7130343120766156
variance: 0.012242152178943935
pearson: 0.04443302167810521
p-valu: 3.5372162595728837e-42

AL interation 4082/4801.

mae: 0.1314055440721639
max_error: 0.7126087251937179
variance: 0.012240075210517228
pearson: 0.03797086334482064
p-valu: 2.962488702137891e-31

AL interation 4083/4801.

mae: 0.13143598890307068
max_error: 0.7127319139035535
variance: 0.012250240283253389
pearson: 0.02873308300136557
p-valu: 1.3949403030753305e-18

AL interation 4084/4801.

mae: 0.13141863461913483
max_error: 0.7124117312419003
variance: 0.01225191830693573
pearson: 0.04808505939286778
p-valu: 4.2214243591991215e-49

AL interation 4085/4801.

mae: 0.13145803127800626
max_error: 0.7115971222842745
variance: 0.012241685685129546
pearson: 0.02807759812423582
p-valu: 8.186351972424124e-18

AL interation 4086/4801.

mae: 0.13145375164190662
max_error: 0.7112992895499701
variance: 0.012241620401621873
pearson: 0.027028953374733763
p-valu: 1.2769744719738366e-16

AL interation 4087/4801.

mae: 0.13143838780926678
max_error: 0.7110837159694938
variance: 0.012244137863391538
pearson: 0.023820839441410845
p-valu: 3.028787751331309e-13

AL interation 4088/4801.

mae: 0.13135555265249782
max_error: 0.7097070631850784
variance: 0.012259475002050725
pearson: 0.03581658437609642
p-valu: 5.464823792252988e-28

AL interation 4089/4801.

mae: 0.1313332549254875
max_error: 0.7086842979388166
variance: 0.012241642888014442
pearson: 0.04246364712763612
p-valu: 1.1494274053169794e-38

AL interation 4090/4801.

mae: 0.131376475370365
max_error: 0.7081009808564431
variance: 0.012235552477525787
pearson: 0.03274436619116028
p-valu: 1.1682487372184582e-23

AL interation 4091/4801.

mae: 0.13137376627947148
max_error: 0.7082688846614928
variance: 0.012227561178539906
pearson: 0.044875316136479104
p-valu: 5.537920666390657e-43

AL interation 4092/4801.

mae: 0.13137164688939362
max_error: 0.7082180720150291
variance: 0.012225479876745
pearson: 0.023856140894665957
p-valu: 2.7990380213099873e-13

AL interation 4093/4801.

mae: 0.13136779321044462
max_error: 0.708741919514182
variance: 0.012260675885184908
pearson: 0.03133013351879388
p-valu: 8.565854270202942e-22

AL interation 4094/4801.

mae: 0.13141025013871216
max_error: 0.7096661446257713
variance: 0.01225847650324289
pearson: 0.04206562111141962
p-valu: 5.653415032535823e-38

AL interation 4095/4801.

mae: 0.1314166477382629
max_error: 0.7097924969125415
variance: 0.012255288756685252
pearson: 0.022969448171400484
p-valu: 2.034854929024209e-12

AL interation 4096/4801.

mae: 0.13134762525733643
max_error: 0.709555671440171
variance: 0.012258674847455941
pearson: 0.037243420158889325
p-valu: 3.973798129869101e-30

AL interation 4097/4801.

mae: 0.13123961375362736
max_error: 0.709441538979263
variance: 0.012278039964477402
pearson: 0.03329092012768383
p-valu: 2.123087253303251e-24

AL interation 4098/4801.

mae: 0.13119717000925568
max_error: 0.7088961811035688
variance: 0.012287268742048123
pearson: 0.027081402353756404
p-valu: 1.120747448073169e-16

AL interation 4099/4801.

mae: 0.13116168194345243
max_error: 0.7085248909340862
variance: 0.012268648026912576
pearson: 0.03486204192447141
p-valu: 1.3384849293044058e-26

AL interation 4100/4801.

mae: 0.13122370813163806
max_error: 0.7087451449083346
variance: 0.012263920545299392
pearson: 0.03660698011683007
p-valu: 3.6762153818816897e-29

AL interation 4101/4801.

mae: 0.13124703573442026
max_error: 0.7091144625549077
variance: 0.0122635975349618
pearson: 0.026617583251774678
p-valu: 3.6677894901948687e-16

AL interation 4102/4801.

mae: 0.13119941666460316
max_error: 0.7089586594674984
variance: 0.012246899774380995
pearson: 0.03485060160385643
p-valu: 1.3925119440073315e-26

AL interation 4103/4801.

mae: 0.13120840701308462
max_error: 0.7094147855300434
variance: 0.012243922958934584
pearson: 0.01938280525215903
p-valu: 2.964568308605581e-09

AL interation 4104/4801.

mae: 0.1311906797808374
max_error: 0.709179280349872
variance: 0.012243980557942714
pearson: 0.02402819883918185
p-valu: 1.8957684336342366e-13

AL interation 4105/4801.

mae: 0.1311941437016755
max_error: 0.70940132925125
variance: 0.012240311237484659
pearson: 0.01852317396200677
p-valu: 1.4255811585234895e-08

AL interation 4106/4801.

mae: 0.13119931656985792
max_error: 0.7091595353049343
variance: 0.012246151644784346
pearson: 0.03041078561352185
p-valu: 1.2709899295607985e-20

AL interation 4107/4801.

mae: 0.13119823403821954
max_error: 0.7091419512827315
variance: 0.012245384914330469
pearson: 0.02759535487835419
p-valu: 2.95715918646167e-17

AL interation 4108/4801.

mae: 0.13114240462925608
max_error: 0.7108996121303335
variance: 0.012227702301145438
pearson: 0.02727594870685342
p-valu: 6.804493591765585e-17

AL interation 4109/4801.

mae: 0.13109639478809548
max_error: 0.7112078272306235
variance: 0.012220298909615257
pearson: 0.03913943975950086
p-valu: 4.27814456725844e-33

AL interation 4110/4801.

mae: 0.1310388203815456
max_error: 0.7112808425828234
variance: 0.012189716674509327
pearson: 0.028907635314076766
p-valu: 8.750518653742858e-19

AL interation 4111/4801.

mae: 0.131035363758317
max_error: 0.7113449871098965
variance: 0.012197302283127527
pearson: 0.02971804977961773
p-valu: 9.185440923943873e-20

AL interation 4112/4801.

mae: 0.1310122347077345
max_error: 0.7117311703237874
variance: 0.012202559825898778
pearson: 0.03386571240286929
p-valu: 3.4446075164195e-25

AL interation 4113/4801.

mae: 0.13101841378355994
max_error: 0.7117910983753291
variance: 0.01220323031098337
pearson: 0.027299276540669465
p-valu: 6.417041624003364e-17

AL interation 4114/4801.

mae: 0.13101921177109993
max_error: 0.71220123888952
variance: 0.012200736943138182
pearson: 0.026789787620683854
p-valu: 2.379480662606178e-16

AL interation 4115/4801.

mae: 0.13104283593528918
max_error: 0.712087260813405
variance: 0.012195748804836936
pearson: 0.026438678638927328
p-valu: 5.789868009774384e-16

AL interation 4116/4801.

mae: 0.1310436370419286
max_error: 0.7120444421088905
variance: 0.012204847234459108
pearson: 0.03763115615645537
p-valu: 1.0219642784646966e-30

AL interation 4117/4801.

mae: 0.13104132411979477
max_error: 0.7116531327653774
variance: 0.012205347363342556
pearson: 0.02455955984393595
p-valu: 5.555896399803282e-14

AL interation 4118/4801.

mae: 0.1309612355082103
max_error: 0.711538578051659
variance: 0.012207666942483554
pearson: 0.038780355038032996
p-valu: 1.6153289143312157e-32

AL interation 4119/4801.

mae: 0.13095841204604702
max_error: 0.7116009747840053
variance: 0.012205455687758073
pearson: 0.03556049193677672
p-valu: 1.3233198510108211e-27

AL interation 4120/4801.

mae: 0.13093926920614687
max_error: 0.7094938604791423
variance: 0.012210746475964589
pearson: 0.027745297274251613
p-valu: 2.0037237288649014e-17

AL interation 4121/4801.

mae: 0.13092683002362845
max_error: 0.7095323075046736
variance: 0.012211168193453362
pearson: 0.030661883086925842
p-valu: 6.186727923626093e-21

AL interation 4122/4801.

mae: 0.13088836509761162
max_error: 0.7092781027848787
variance: 0.012204672376134198
pearson: 0.027993963598878666
p-valu: 1.0381014686608693e-17

AL interation 4123/4801.

mae: 0.1308529648923594
max_error: 0.7095032383152784
variance: 0.012204812274610495
pearson: 0.029350252260454106
p-valu: 2.5883110148314e-19

AL interation 4124/4801.

mae: 0.13084188126295404
max_error: 0.7098390880901206
variance: 0.012203966097304468
pearson: 0.024320168422283146
p-valu: 9.726614636562056e-14

AL interation 4125/4801.

mae: 0.1308274197935581
max_error: 0.7099465130644376
variance: 0.01220612738931445
pearson: 0.03374981992492115
p-valu: 5.028596186382835e-25

AL interation 4126/4801.

mae: 0.1308820207638541
max_error: 0.7096070183948768
variance: 0.012224449625674502
pearson: 0.03304508703008883
p-valu: 4.669257195870592e-24

AL interation 4127/4801.

mae: 0.13084417700462017
max_error: 0.709511462929072
variance: 0.012208453873440082
pearson: 0.04013768148328517
p-valu: 1.0333999986958757e-34

AL interation 4128/4801.

mae: 0.1308648620975656
max_error: 0.7097252989614162
variance: 0.012218341964998557
pearson: 0.039930281659451575
p-valu: 2.2654510834133157e-34

AL interation 4129/4801.

mae: 0.13083588494151221
max_error: 0.7093399459180318
variance: 0.012212122373339388
pearson: 0.02979035214801661
p-valu: 7.550413603537838e-20

AL interation 4130/4801.

mae: 0.1308971280139638
max_error: 0.7100268637682348
variance: 0.012214621889044078
pearson: 0.03354681652461996
p-valu: 9.626176127582785e-25

AL interation 4131/4801.

mae: 0.13066425407800808
max_error: 0.7099341784895614
variance: 0.012231758528358061
pearson: 0.03574903667856512
p-valu: 7.061810147077198e-28

AL interation 4132/4801.

mae: 0.13069212456924242
max_error: 0.7099612588864375
variance: 0.012230890047483135
pearson: 0.030280464644091582
p-valu: 1.8718363260818213e-20

AL interation 4133/4801.

mae: 0.1307005957563988
max_error: 0.7099415457465739
variance: 0.012236131392204991
pearson: 0.04337948153813296
p-valu: 2.928808941095179e-40

AL interation 4134/4801.

mae: 0.13069514328777498
max_error: 0.7097803898273014
variance: 0.012229488925130316
pearson: 0.023592600697312095
p-valu: 5.145471194821389e-13

AL interation 4135/4801.

mae: 0.1306751030272831
max_error: 0.7095818867311436
variance: 0.012227111390408222
pearson: 0.03295834331775502
p-valu: 6.153146714238369e-24

AL interation 4136/4801.

mae: 0.13062231078506736
max_error: 0.7093373692936211
variance: 0.012224408433664794
pearson: 0.042251039883169014
p-valu: 2.8063168093575246e-38

AL interation 4137/4801.

mae: 0.13053457196139306
max_error: 0.7100966488276299
variance: 0.012213784322070544
pearson: 0.03617620071073928
p-valu: 1.6589784295706782e-28

AL interation 4138/4801.

mae: 0.13049868060926142
max_error: 0.7099671145239199
variance: 0.012211736827813345
pearson: 0.042984915564576565
p-valu: 1.4689724369304795e-39

AL interation 4139/4801.

mae: 0.13051998424827985
max_error: 0.7100931055277897
variance: 0.012248902234917262
pearson: 0.01830752199042192
p-valu: 2.1037636836362336e-08

AL interation 4140/4801.

mae: 0.13052396347408715
max_error: 0.710121958697755
variance: 0.012249925677553083
pearson: 0.024767778018697183
p-valu: 3.4297306601055744e-14

AL interation 4141/4801.

mae: 0.1304857194795104
max_error: 0.7102227786771209
variance: 0.012243772266334732
pearson: 0.024315303243577786
p-valu: 9.887419348806103e-14

AL interation 4142/4801.

mae: 0.1305301927085218
max_error: 0.7104185451686362
variance: 0.012232872271507874
pearson: 0.030689430741857114
p-valu: 5.7678287213984556e-21

AL interation 4143/4801.

mae: 0.13049639032827107
max_error: 0.7105851506746603
variance: 0.012236272087853432
pearson: 0.03443094188020149
p-valu: 5.647857972327347e-26

AL interation 4144/4801.

mae: 0.1304947975295951
max_error: 0.7098474360282125
variance: 0.01222151771544691
pearson: 0.04094303420663866
p-valu: 4.803920687980134e-36

AL interation 4145/4801.

mae: 0.13049466511272068
max_error: 0.7098529071874964
variance: 0.012220777885927181
pearson: 0.02953111960176181
p-valu: 1.5769267808028179e-19

AL interation 4146/4801.

mae: 0.13049697195925583
max_error: 0.7099907319292242
variance: 0.012226452063242651
pearson: 0.03191951566910138
p-valu: 1.5045429677717528e-22

AL interation 4147/4801.

mae: 0.13051284740824698
max_error: 0.7098871536377374
variance: 0.012224343091417622
pearson: 0.02778635565355229
p-valu: 1.8171281234099207e-17

AL interation 4148/4801.

mae: 0.1304855840198689
max_error: 0.7102593488345974
variance: 0.012233180586402949
pearson: 0.033334219050286995
p-valu: 1.9058133589510077e-24

AL interation 4149/4801.

mae: 0.13049021159268248
max_error: 0.7102652604057766
variance: 0.012234009709862695
pearson: 0.0399163661908106
p-valu: 2.428061870130351e-34

AL interation 4150/4801.

mae: 0.13049808481804925
max_error: 0.7108261923247028
variance: 0.012247463644437531
pearson: 0.04038860281011651
p-valu: 4.0564128860015984e-35

AL interation 4151/4801.

mae: 0.13039490694759828
max_error: 0.6866119708124643
variance: 0.012181319428928658
pearson: 0.031692883695743815
p-valu: 2.9854950503442546e-22

AL interation 4152/4801.

mae: 0.13043570899931842
max_error: 0.6942329834241718
variance: 0.012192982092518038
pearson: 0.04323976735562288
p-valu: 5.277719074406751e-40

AL interation 4153/4801.

mae: 0.13044567992600717
max_error: 0.6898093703463246
variance: 0.012195330497263852
pearson: 0.052418594341689
p-valu: 5.5482358068369155e-58

AL interation 4154/4801.

mae: 0.13044033636223298
max_error: 0.6835257871756539
variance: 0.012199278364616937
pearson: 0.02781224803699654
p-valu: 1.701709941664337e-17

AL interation 4155/4801.

mae: 0.13043961391778994
max_error: 0.6790767860768483
variance: 0.012198379964256706
pearson: 0.029249638599254148
p-valu: 3.4715774490885334e-19

AL interation 4156/4801.

mae: 0.1303679871425038
max_error: 0.6803803252774969
variance: 0.012184428928756123
pearson: 0.023485097778312657
p-valu: 6.591972318361552e-13

AL interation 4157/4801.

mae: 0.1303694596731417
max_error: 0.6804454686067629
variance: 0.012184855695669782
pearson: 0.02045807074729515
p-valu: 3.8257722392629214e-10

AL interation 4158/4801.

mae: 0.13034272815630796
max_error: 0.6776063894094477
variance: 0.012174309714008217
pearson: 0.023108761849946983
p-valu: 1.5232324777826448e-12

AL interation 4159/4801.

mae: 0.13041955349660203
max_error: 0.6769172064175564
variance: 0.012173489089112963
pearson: 0.02436751614099644
p-valu: 8.806809333556833e-14

AL interation 4160/4801.

mae: 0.1304226427133479
max_error: 0.6764674737723908
variance: 0.012174793150455608
pearson: 0.027142296706371236
p-valu: 9.803656722198787e-17

AL interation 4161/4801.

mae: 0.13039461979687308
max_error: 0.6761840409296838
variance: 0.012168437986633814
pearson: 0.03274618261145626
p-valu: 1.207233107186258e-23

AL interation 4162/4801.

mae: 0.13041119099231108
max_error: 0.675513665329504
variance: 0.012158092482769223
pearson: 0.029324768064590487
p-valu: 2.826188755752711e-19

AL interation 4163/4801.

mae: 0.13040062388691603
max_error: 0.6755554392451586
variance: 0.012158705473601646
pearson: 0.03112375627288872
p-valu: 1.6330198762775238e-21

AL interation 4164/4801.

mae: 0.130380304940832
max_error: 0.6760709983136621
variance: 0.012163905528849104
pearson: 0.027796566678905812
p-valu: 1.7806191182510295e-17

AL interation 4165/4801.

mae: 0.13036696911332737
max_error: 0.676147542767012
variance: 0.012162371836558087
pearson: 0.02726277857612825
p-valu: 7.193753388587825e-17

AL interation 4166/4801.

mae: 0.13024233112863678
max_error: 0.6750122001158161
variance: 0.012168552157132686
pearson: 0.025889693321022908
p-valu: 2.311328216721271e-15

AL interation 4167/4801.

mae: 0.13023036052066983
max_error: 0.6748205542011192
variance: 0.01216827182086433
pearson: 0.032666213344197115
p-valu: 1.5513614858255733e-23

AL interation 4168/4801.

mae: 0.1301849861283517
max_error: 0.6735886868816578
variance: 0.012137611020301212
pearson: 0.0323213544534494
p-valu: 4.4834184869684357e-23

AL interation 4169/4801.

mae: 0.13018456229498626
max_error: 0.6736043542337029
variance: 0.012137470531338023
pearson: 0.048308348018171555
p-valu: 1.6895323403045629e-49

AL interation 4170/4801.

mae: 0.13018808735840653
max_error: 0.6748852087852129
variance: 0.01213829442085009
pearson: 0.0309403901137301
p-valu: 2.8092648287063567e-21

AL interation 4171/4801.

mae: 0.13018808274773833
max_error: 0.6748849180130492
variance: 0.01213829446736431
pearson: 0.033525366910998805
p-valu: 1.0546959109669744e-24

AL interation 4172/4801.

mae: 0.13019751264630505
max_error: 0.6749178970578669
variance: 0.012137244297730753
pearson: 0.042501083726006555
p-valu: 1.0666874048128139e-38

AL interation 4173/4801.

mae: 0.13019039144353134
max_error: 0.674805937088081
variance: 0.012134363287598603
pearson: 0.026446825088542507
p-valu: 5.790432139376645e-16

AL interation 4174/4801.

mae: 0.1301528421505609
max_error: 0.6744275349363988
variance: 0.012147925325055906
pearson: 0.02964486682138585
p-valu: 1.1608489326680134e-19

AL interation 4175/4801.

mae: 0.1302024701978559
max_error: 0.6711572371410739
variance: 0.012154045776706437
pearson: 0.0386511745315609
p-valu: 2.704629660032461e-32

AL interation 4176/4801.

mae: 0.13015830385343455
max_error: 0.6719611910159529
variance: 0.012149487754733084
pearson: 0.04070361502429278
p-valu: 1.2413880698435332e-35

AL interation 4177/4801.

mae: 0.13016957641233937
max_error: 0.6720300339937921
variance: 0.012150217094770105
pearson: 0.017118262622078998
p-valu: 1.6220426243605916e-07

AL interation 4178/4801.

mae: 0.1301062354778478
max_error: 0.6739456805024702
variance: 0.012147738110524348
pearson: 0.031149920971832185
p-valu: 1.522890899175167e-21

AL interation 4179/4801.

mae: 0.13009353984656943
max_error: 0.6737016271011953
variance: 0.012156592725111904
pearson: 0.033766052175980985
p-valu: 4.925200568338224e-25

AL interation 4180/4801.

mae: 0.13009752399216706
max_error: 0.6735580649918802
variance: 0.01215769859668039
pearson: 0.03031535551541884
p-valu: 1.7315271713947205e-20

AL interation 4181/4801.

mae: 0.13009912675357982
max_error: 0.6735591802308818
variance: 0.012157884198036954
pearson: 0.030578785757788062
p-valu: 8.101278015407259e-21

AL interation 4182/4801.

mae: 0.13003450261789495
max_error: 0.6731508963052875
variance: 0.012143968066107153
pearson: 0.036753233519651866
p-valu: 2.3407705663104433e-29

AL interation 4183/4801.

mae: 0.130030815430998
max_error: 0.6730515572570539
variance: 0.0121432556209966
pearson: 0.03139551569237251
p-valu: 7.37615346952209e-22

AL interation 4184/4801.

mae: 0.13001323828262856
max_error: 0.67375809516966
variance: 0.0121401156229936
pearson: 0.03296776954821379
p-valu: 6.13768887229439e-24

AL interation 4185/4801.

mae: 0.13002865532682642
max_error: 0.6738989767908379
variance: 0.012133088371854646
pearson: 0.02605251480376545
p-valu: 1.5559426175283494e-15

AL interation 4186/4801.

mae: 0.13004169824989004
max_error: 0.6740582706971736
variance: 0.012133006909422721
pearson: 0.024004495681172033
p-valu: 2.0503275600938358e-13

AL interation 4187/4801.

mae: 0.13002555032569255
max_error: 0.6740631751457613
variance: 0.012135712856599383
pearson: 0.0346472810723124
p-valu: 2.860897005174099e-26

AL interation 4188/4801.

mae: 0.13001506945102537
max_error: 0.6743234586435847
variance: 0.0121344633522519
pearson: 0.03509010140251435
p-valu: 6.650482476620178e-27

AL interation 4189/4801.

mae: 0.13000807479101323
max_error: 0.6741766996120759
variance: 0.012133598667355678
pearson: 0.03939406057641998
p-valu: 1.770931406045975e-33

AL interation 4190/4801.

mae: 0.13002902480746392
max_error: 0.674293088348918
variance: 0.012137843934227366
pearson: 0.04123099312083631
p-valu: 1.6355131405195108e-36

AL interation 4191/4801.

mae: 0.13006084885693178
max_error: 0.6746003468401796
variance: 0.01214160152041918
pearson: 0.026169301872552262
p-valu: 1.16668412443145e-15

AL interation 4192/4801.

mae: 0.13009594047461692
max_error: 0.675428735622404
variance: 0.01215857629781341
pearson: 0.02664763220928624
p-valu: 3.512220184372309e-16

AL interation 4193/4801.

mae: 0.13009227441400936
max_error: 0.6755327017531272
variance: 0.012157993625018381
pearson: 0.028601431924428045
p-valu: 2.0894351077990257e-18

AL interation 4194/4801.

mae: 0.13009232793088546
max_error: 0.675580900135401
variance: 0.012134035998287513
pearson: 0.032162697578298365
p-valu: 7.376182743212848e-23

AL interation 4195/4801.

mae: 0.1300921200823083
max_error: 0.6755835308078986
variance: 0.01213400853621102
pearson: 0.03722363866680503
p-valu: 4.565425733908427e-30

AL interation 4196/4801.

mae: 0.13010862976055262
max_error: 0.6756187112072212
variance: 0.01213851967790422
pearson: 0.02643993768032385
p-valu: 5.939856394247127e-16

AL interation 4197/4801.

mae: 0.13013864338405168
max_error: 0.6755911235501344
variance: 0.012158731334502805
pearson: 0.024721142145606993
p-valu: 3.89685054342316e-14

AL interation 4198/4801.

mae: 0.13016645134503543
max_error: 0.675490217994593
variance: 0.012164887008303198
pearson: 0.030252909976599743
p-valu: 2.088737079199518e-20

AL interation 4199/4801.

mae: 0.13013876823141465
max_error: 0.6758548134991997
variance: 0.012169543987308603
pearson: 0.0349085683764027
p-valu: 1.2207340955418793e-26

AL interation 4200/4801.

mae: 0.1301185963910822
max_error: 0.6757771121035603
variance: 0.012164273963913928
pearson: 0.03923537666832572
p-valu: 3.218494106714343e-33

AL interation 4201/4801.

mae: 0.13010196132650578
max_error: 0.6786348468730239
variance: 0.012167150599068553
pearson: 0.03528390313778981
p-valu: 3.519405688035626e-27

AL interation 4202/4801.

mae: 0.13000755466547564
max_error: 0.6779046201285155
variance: 0.012179021626041923
pearson: 0.04027616328325202
p-valu: 6.494252773358674e-35

AL interation 4203/4801.

mae: 0.13003210539956653
max_error: 0.6774354277780503
variance: 0.012176083671983412
pearson: 0.03018314045222163
p-valu: 2.5564998147807712e-20

AL interation 4204/4801.

mae: 0.13000896455785513
max_error: 0.6768676525180126
variance: 0.012170584461774304
pearson: 0.03797076396117824
p-valu: 3.2382739029691384e-31

AL interation 4205/4801.

mae: 0.13000152940016302
max_error: 0.6767756670257086
variance: 0.012171809447254977
pearson: 0.027616432440581255
p-valu: 2.906132068450338e-17

AL interation 4206/4801.

mae: 0.12994979823185906
max_error: 0.6767797245345264
variance: 0.012177734886573904
pearson: 0.02647668753577409
p-valu: 5.434769050752555e-16

AL interation 4207/4801.

mae: 0.1299424480254093
max_error: 0.6766858130546325
variance: 0.012177578675825083
pearson: 0.03406325445873911
p-valu: 1.9298408145802116e-25

AL interation 4208/4801.

mae: 0.12994482945966818
max_error: 0.6766089507221977
variance: 0.012176888066486844
pearson: 0.036035178609085824
p-valu: 2.812471558755266e-28

AL interation 4209/4801.

mae: 0.1298970801792644
max_error: 0.6770131105303108
variance: 0.01218531143119732
pearson: 0.03477614903193395
p-valu: 1.8996393585862727e-26

AL interation 4210/4801.

mae: 0.12989946843895145
max_error: 0.6769457923953723
variance: 0.012188048937250149
pearson: 0.03257487742838878
p-valu: 2.1047459094266508e-23

AL interation 4211/4801.

mae: 0.1298974868634402
max_error: 0.676913644164415
variance: 0.012187838350619117
pearson: 0.036887477954491085
p-valu: 1.4969357341273794e-29

AL interation 4212/4801.

mae: 0.12987734743178586
max_error: 0.673703807674201
variance: 0.012180568980210605
pearson: 0.026691476348978446
p-valu: 3.165621583420263e-16

AL interation 4213/4801.

mae: 0.12989061407367924
max_error: 0.6732949136114712
variance: 0.012188055903899559
pearson: 0.01847904685197164
p-valu: 1.571986653478498e-08

AL interation 4214/4801.

mae: 0.12989390977062096
max_error: 0.6731791429413079
variance: 0.012188052381188278
pearson: 0.02231827010250116
p-valu: 8.591103261587563e-12

AL interation 4215/4801.

mae: 0.12974378016988392
max_error: 0.6791738838683159
variance: 0.012180361483733552
pearson: 0.03237741688362279
p-valu: 3.8713244933056e-23

AL interation 4216/4801.

mae: 0.12973896967816034
max_error: 0.6789527533198907
variance: 0.012180727380444331
pearson: 0.03672179854754328
p-valu: 2.671658238586739e-29

AL interation 4217/4801.

mae: 0.12975659196669911
max_error: 0.6786292844353738
variance: 0.012187183744685753
pearson: 0.029541761965455535
p-valu: 1.580069256935167e-19

AL interation 4218/4801.

mae: 0.1297469024921001
max_error: 0.6789998015290166
variance: 0.012189509001611068
pearson: 0.03493218537497339
p-valu: 1.1424785634078963e-26

AL interation 4219/4801.

mae: 0.12971584500845149
max_error: 0.6799896057198112
variance: 0.012183626150772701
pearson: 0.021369024375504208
p-valu: 6.248883392917034e-11

AL interation 4220/4801.

mae: 0.12967161325281648
max_error: 0.6787462121640147
variance: 0.012189713161662064
pearson: 0.03695106890943551
p-valu: 1.2067157969604033e-29

AL interation 4221/4801.

mae: 0.1296509230463701
max_error: 0.6786158155623525
variance: 0.012190889243418676
pearson: 0.026984436127798297
p-valu: 1.5048834662783929e-16

AL interation 4222/4801.

mae: 0.1296456005091582
max_error: 0.6778551288732615
variance: 0.012198781432331933
pearson: 0.031496351703552854
p-valu: 5.570771432199485e-22

AL interation 4223/4801.

mae: 0.12963721407542161
max_error: 0.6775655262829332
variance: 0.01219929513903116
pearson: 0.025848856009828596
p-valu: 2.6056461220297193e-15

AL interation 4224/4801.

mae: 0.12963459149241796
max_error: 0.6774521602781078
variance: 0.012197843269861132
pearson: 0.0410523089249376
p-valu: 3.368317166956826e-36

AL interation 4225/4801.

mae: 0.12965359432662418
max_error: 0.6769578775579248
variance: 0.012185565587318325
pearson: 0.043983750917151065
p-valu: 2.6538267901731767e-41

AL interation 4226/4801.

mae: 0.12962565238989546
max_error: 0.6770675079233115
variance: 0.012187971690149374
pearson: 0.035343026935671734
p-valu: 2.935091597411528e-27

AL interation 4227/4801.

mae: 0.12962528037473042
max_error: 0.677069001818154
variance: 0.012188057035803598
pearson: 0.02608679364276299
p-valu: 1.4500611452725916e-15

AL interation 4228/4801.

mae: 0.12967922565523293
max_error: 0.6772541295881638
variance: 0.012207014085550099
pearson: 0.035303855091555966
p-valu: 3.34920462153487e-27

AL interation 4229/4801.

mae: 0.1296812214652508
max_error: 0.6772165700613186
variance: 0.012210516092327582
pearson: 0.01997426958086111
p-valu: 9.929918813463632e-10

AL interation 4230/4801.

mae: 0.12967860970726777
max_error: 0.6772074485115809
variance: 0.012210574662457799
pearson: 0.028380946796373402
p-valu: 3.849851442551981e-18

AL interation 4231/4801.

mae: 0.12967485583623115
max_error: 0.6773642565599403
variance: 0.012209756882684594
pearson: 0.03542450543364647
p-valu: 2.2423656728151567e-27

AL interation 4232/4801.

mae: 0.129618745472648
max_error: 0.677707726611743
variance: 0.01220110708167067
pearson: 0.02453408653443851
p-valu: 6.108563462330609e-14

AL interation 4233/4801.

mae: 0.12962167524420873
max_error: 0.6776870366954881
variance: 0.012201155473561518
pearson: 0.033012591118905546
p-valu: 5.4822313635261855e-24

AL interation 4234/4801.

mae: 0.12965653346522127
max_error: 0.6808404140842867
variance: 0.012214102278852088
pearson: 0.025197497912094045
p-valu: 1.2713309629039493e-14

AL interation 4235/4801.

mae: 0.1296600661006305
max_error: 0.6808193047058921
variance: 0.01221670180000188
pearson: 0.03394119962163683
p-valu: 2.904069346947993e-25

AL interation 4236/4801.

mae: 0.1296597045948607
max_error: 0.6809071611262425
variance: 0.012217366930563063
pearson: 0.03267884969439456
p-valu: 1.548489062501364e-23

AL interation 4237/4801.

mae: 0.12961030928556921
max_error: 0.6802437430394548
variance: 0.01221986629102345
pearson: 0.030295171846807953
p-valu: 1.8840774298024023e-20

AL interation 4238/4801.

mae: 0.12964912151256067
max_error: 0.6815561116786739
variance: 0.012210731119739818
pearson: 0.027435979795212492
p-valu: 4.716408223256907e-17

AL interation 4239/4801.

mae: 0.1296494152965753
max_error: 0.6815542662959615
variance: 0.012210696572169506
pearson: 0.0272393590326897
p-valu: 7.859313682087106e-17

AL interation 4240/4801.

mae: 0.12965165076210064
max_error: 0.6816487688904544
variance: 0.012209871705982154
pearson: 0.0413310699987465
p-valu: 1.156256880112036e-36

AL interation 4241/4801.

mae: 0.12964681651888843
max_error: 0.681418888496637
variance: 0.01221654509760015
pearson: 0.03246116210566875
p-valu: 3.0360702394542635e-23

AL interation 4242/4801.

mae: 0.12964751981909334
max_error: 0.681653293814179
variance: 0.012214670360362596
pearson: 0.033681388176584795
p-valu: 6.6893712383785305e-25

AL interation 4243/4801.

mae: 0.1296692565709756
max_error: 0.6822161376519489
variance: 0.012216641241195638
pearson: 0.03535662871256792
p-valu: 2.834978509566665e-27

AL interation 4244/4801.

mae: 0.12944728923703303
max_error: 0.6850939992318672
variance: 0.012189336571193211
pearson: 0.035754623554921074
p-valu: 7.453501080654091e-28

AL interation 4245/4801.

mae: 0.12938594079706617
max_error: 0.6845346887403139
variance: 0.012186839102764727
pearson: 0.044219424370439624
p-valu: 1.016069033550971e-41

AL interation 4246/4801.

mae: 0.12936502493968124
max_error: 0.6853083668597719
variance: 0.012185176445278476
pearson: 0.03814212721725965
p-valu: 1.8042411347006125e-31

AL interation 4247/4801.

mae: 0.12936477907984759
max_error: 0.6853039527100009
variance: 0.012184881740881063
pearson: 0.03006012858456371
p-valu: 3.7056714192809956e-20

AL interation 4248/4801.

mae: 0.12931508232377914
max_error: 0.6863663714784707
variance: 0.01217554782350057
pearson: 0.021748817894230235
p-valu: 2.8747032461992974e-11

AL interation 4249/4801.

mae: 0.12931210124563208
max_error: 0.6858647357871632
variance: 0.01217691163385024
pearson: 0.035579021777767
p-valu: 1.350973507835082e-27

AL interation 4250/4801.

mae: 0.12932602733898665
max_error: 0.6863942790987494
variance: 0.012163840684376067
pearson: 0.03803086179857948
p-valu: 2.6992067043649392e-31

AL interation 4251/4801.

mae: 0.12928971443739443
max_error: 0.6863290229312042
variance: 0.012158950336959526
pearson: 0.021155632231888752
p-valu: 9.719350449429295e-11

AL interation 4252/4801.

mae: 0.12917919423755342
max_error: 0.6869066134711375
variance: 0.012146060441819201
pearson: 0.032728224419342554
p-valu: 1.340734078714415e-23

AL interation 4253/4801.

mae: 0.12917355796290164
max_error: 0.6870216265733688
variance: 0.01215054325918338
pearson: 0.02985926940190273
p-valu: 6.570506567892601e-20

AL interation 4254/4801.

mae: 0.12918148949611263
max_error: 0.6852832976865102
variance: 0.012147566498150084
pearson: 0.03415038722489577
p-valu: 1.4980101201343234e-25

AL interation 4255/4801.

mae: 0.12919177905764043
max_error: 0.6855887680330852
variance: 0.012146035489692902
pearson: 0.029630368451681748
p-valu: 1.2534385838994002e-19

AL interation 4256/4801.

mae: 0.12918835658868527
max_error: 0.6852338827920903
variance: 0.012143289853175237
pearson: 0.043139642999100246
p-valu: 8.748774004577806e-40

AL interation 4257/4801.

mae: 0.12919193800261017
max_error: 0.6852281071001016
variance: 0.012144300834075061
pearson: 0.0361205090248684
p-valu: 2.1716418919337678e-28

AL interation 4258/4801.

mae: 0.1291811443082797
max_error: 0.6850413776426194
variance: 0.01213930956112407
pearson: 0.02815858099871447
p-valu: 7.068258499136427e-18

AL interation 4259/4801.

mae: 0.1291799784468978
max_error: 0.6851035917832178
variance: 0.012138844497931399
pearson: 0.026702495492322467
p-valu: 3.1311608817296887e-16

AL interation 4260/4801.

mae: 0.1291801520306877
max_error: 0.6852374762045201
variance: 0.012140779637030603
pearson: 0.025219060053995723
p-valu: 1.2174425169972417e-14

AL interation 4261/4801.

mae: 0.12919155722731632
max_error: 0.6861562058443269
variance: 0.012144341029848245
pearson: 0.020214760020293234
p-valu: 6.28704557398273e-10

AL interation 4262/4801.

mae: 0.12917149127720895
max_error: 0.6854074458153718
variance: 0.012142518372591088
pearson: 0.030224033653666712
p-valu: 2.3370210351040976e-20

AL interation 4263/4801.

mae: 0.12917764769826676
max_error: 0.685455630846036
variance: 0.012142586101503443
pearson: 0.02208573349962261
p-valu: 1.4244717782163812e-11

AL interation 4264/4801.

mae: 0.12917205933536574
max_error: 0.6852549682182598
variance: 0.012144235281155338
pearson: 0.03360401682967103
p-valu: 8.663533158981789e-25

AL interation 4265/4801.

mae: 0.1291770952881488
max_error: 0.6856493209381824
variance: 0.012142962923285577
pearson: 0.02533528065471123
p-valu: 9.221596741785325e-15

AL interation 4266/4801.

mae: 0.12917968089097095
max_error: 0.6862159517907003
variance: 0.012142861943350899
pearson: 0.03178527773986906
p-valu: 2.398252009756174e-22

AL interation 4267/4801.

mae: 0.12920519006535625
max_error: 0.6862952758679057
variance: 0.01214816960943123
pearson: 0.03312225372944628
p-valu: 3.964716433665247e-24

AL interation 4268/4801.

mae: 0.12919098577880933
max_error: 0.6869020416406784
variance: 0.012138702857130897
pearson: 0.02047170645031114
p-valu: 3.8145132745374233e-10

AL interation 4269/4801.

mae: 0.12918610492797944
max_error: 0.6869104051168051
variance: 0.012138436627176587
pearson: 0.029186573982455895
p-valu: 4.343083005284573e-19

AL interation 4270/4801.

mae: 0.12917736019125375
max_error: 0.6874445385337822
variance: 0.01213675221168521
pearson: 0.024013743682628666
p-valu: 2.0574976743591086e-13

AL interation 4271/4801.

mae: 0.12917514413879685
max_error: 0.6872558784723424
variance: 0.012139190810175346
pearson: 0.039075489162925504
p-valu: 6.137571428870607e-33

AL interation 4272/4801.

mae: 0.12913757119133487
max_error: 0.6868765105787134
variance: 0.012130138560676346
pearson: 0.029892899946234446
p-valu: 6.025555404557646e-20

AL interation 4273/4801.

mae: 0.1291369459933067
max_error: 0.6869004987597691
variance: 0.012129990019617422
pearson: 0.032464647378155104
p-valu: 3.0553745862060334e-23

AL interation 4274/4801.

mae: 0.12912488932297456
max_error: 0.6871360642073796
variance: 0.012123466157719597
pearson: 0.02392438968992536
p-valu: 2.5261182206597887e-13

AL interation 4275/4801.

mae: 0.12910856603572096
max_error: 0.6874293581829534
variance: 0.012125873486340815
pearson: 0.029108396091539895
p-valu: 5.403689711870253e-19

AL interation 4276/4801.

mae: 0.12911175151574536
max_error: 0.6873629889121275
variance: 0.01213423642909382
pearson: 0.028552873882874783
p-valu: 2.466569496651064e-18

AL interation 4277/4801.

mae: 0.12909899387628695
max_error: 0.6857388621076552
variance: 0.012132660123786991
pearson: 0.03128898108792244
p-valu: 1.0601544125291284e-21

AL interation 4278/4801.

mae: 0.12909424875646244
max_error: 0.6855049487335236
variance: 0.01213261464249141
pearson: 0.025806635468755716
p-valu: 2.9446225129021913e-15

AL interation 4279/4801.

mae: 0.12910008576155796
max_error: 0.6855871254379053
variance: 0.012095307755426936
pearson: 0.024799298160127856
p-valu: 3.325156551196324e-14

AL interation 4280/4801.

mae: 0.12910684195928887
max_error: 0.6847167047058065
variance: 0.012098435061256177
pearson: 0.02524927279058617
p-valu: 1.1396429108012526e-14

AL interation 4281/4801.

mae: 0.1291027525130783
max_error: 0.6849311956093516
variance: 0.012095152231151264
pearson: 0.033161332871721856
p-valu: 3.5352441664655895e-24

AL interation 4282/4801.

mae: 0.12910413274245122
max_error: 0.6861349185321615
variance: 0.01209682635680573
pearson: 0.030708857959926266
p-valu: 5.8272365384706606e-21

AL interation 4283/4801.

mae: 0.12909406262092507
max_error: 0.6891237116985849
variance: 0.01208008365570454
pearson: 0.03289425699467825
p-valu: 8.146742213075791e-24

AL interation 4284/4801.

mae: 0.12912254414099839
max_error: 0.6902918920081902
variance: 0.012080820353469253
pearson: 0.022940093586224706
p-valu: 2.2831242354276025e-12

AL interation 4285/4801.

mae: 0.12910752406699202
max_error: 0.6902542948835162
variance: 0.01208350037580786
pearson: 0.030519400840997437
p-valu: 1.0103873350599518e-20

AL interation 4286/4801.

mae: 0.12910859460822324
max_error: 0.690165130143896
variance: 0.01208220971149065
pearson: 0.034512059094128945
p-valu: 4.7243739622667016e-26

AL interation 4287/4801.

mae: 0.12913681087724121
max_error: 0.6877915441741607
variance: 0.012071508145786336
pearson: 0.033870293667247926
p-valu: 3.756470442593849e-25

AL interation 4288/4801.

mae: 0.12912978964615016
max_error: 0.6876731108307013
variance: 0.01207016160700841
pearson: 0.026120326353122725
p-valu: 1.3627855731257006e-15

AL interation 4289/4801.

mae: 0.12911955671336423
max_error: 0.6875397375993089
variance: 0.01207485956085975
pearson: 0.035836712985362514
p-valu: 5.814312984010767e-28

AL interation 4290/4801.

mae: 0.12916916357707747
max_error: 0.6881188632974045
variance: 0.012078763380959976
pearson: 0.03160978544179077
p-valu: 4.1086628392712557e-22

AL interation 4291/4801.

mae: 0.1292452610981962
max_error: 0.6892544890633872
variance: 0.012055470683795365
pearson: 0.021601900616970315
p-valu: 3.93831679412887e-11

AL interation 4292/4801.

mae: 0.12923300887317712
max_error: 0.6893006803181834
variance: 0.012056586752512565
pearson: 0.031048270616823297
p-valu: 2.171943539265799e-21

AL interation 4293/4801.

mae: 0.12921028257114966
max_error: 0.689380273386405
variance: 0.012060965990122453
pearson: 0.035600061472922384
p-valu: 1.2946459879903934e-27

AL interation 4294/4801.

mae: 0.12921337593965865
max_error: 0.6888609914208246
variance: 0.012059139597247037
pearson: 0.030936971577159036
p-valu: 3.013071593817449e-21

AL interation 4295/4801.

mae: 0.12921087785619154
max_error: 0.6890412603156619
variance: 0.012058932327285733
pearson: 0.015708089796796866
p-valu: 1.5588156043042124e-06

AL interation 4296/4801.

mae: 0.12920349904729697
max_error: 0.6893101991051935
variance: 0.012061207570156215
pearson: 0.027390294308986658
p-valu: 5.430316122805004e-17

AL interation 4297/4801.

mae: 0.12918318636822643
max_error: 0.6896737426461641
variance: 0.012055974747959929
pearson: 0.032611703426569695
p-valu: 1.968711441817609e-23

AL interation 4298/4801.

mae: 0.12913459632959434
max_error: 0.6892142467740996
variance: 0.012045573963320106
pearson: 0.02592330485388608
p-valu: 2.2256086374095655e-15

AL interation 4299/4801.

mae: 0.12906635252127666
max_error: 0.6896298308097357
variance: 0.01203811272174598
pearson: 0.028044014657331952
p-valu: 9.750480288587259e-18

AL interation 4300/4801.

mae: 0.12906635223567367
max_error: 0.6897338796620716
variance: 0.012037402312930974
pearson: 0.015259122089338707
p-valu: 3.0695770810655303e-06

AL interation 4301/4801.

mae: 0.12905935099567958
max_error: 0.6893436911971094
variance: 0.012029412574349311
pearson: 0.030210908526789978
p-valu: 2.4705541806498892e-20

AL interation 4302/4801.

mae: 0.1290589089492249
max_error: 0.6893663406065116
variance: 0.012030208218626052
pearson: 0.028082997367743674
p-valu: 8.800373822404231e-18

AL interation 4303/4801.

mae: 0.12903697071715706
max_error: 0.6895807878627238
variance: 0.012034419399409746
pearson: 0.038965660029016885
p-valu: 9.422647668725674e-33

AL interation 4304/4801.

mae: 0.1290270294774161
max_error: 0.6895570190338276
variance: 0.012033077466410908
pearson: 0.03186821621835866
p-valu: 1.9051263177776112e-22

AL interation 4305/4801.

mae: 0.12902375763497254
max_error: 0.6908510557966565
variance: 0.012036329708867654
pearson: 0.02362007614274699
p-valu: 5.077434540632957e-13

AL interation 4306/4801.

mae: 0.12892168755371589
max_error: 0.6965659099271306
variance: 0.0120313057818546
pearson: 0.028773850653147297
p-valu: 1.370312423067415e-18

AL interation 4307/4801.

mae: 0.12883237709004458
max_error: 0.6973519063749336
variance: 0.012010314809971763
pearson: 0.0245589169076794
p-valu: 5.898292067731167e-14

AL interation 4308/4801.

mae: 0.12882520122708097
max_error: 0.6973885822810644
variance: 0.012009205576081268
pearson: 0.02511836689782483
p-valu: 1.5733847666140333e-14

AL interation 4309/4801.

mae: 0.12879261284952917
max_error: 0.6974682913728429
variance: 0.01200056454517842
pearson: 0.03785800454291574
p-valu: 5.230636386584382e-31

AL interation 4310/4801.

mae: 0.1287929369589762
max_error: 0.6974233866865234
variance: 0.01200058234647622
pearson: 0.033605597782370815
p-valu: 8.849248130918883e-25

AL interation 4311/4801.

mae: 0.12875273316570995
max_error: 0.6976791085289733
variance: 0.011974092843937717
pearson: 0.031553117194436486
p-valu: 4.918184942484862e-22

AL interation 4312/4801.

mae: 0.12877372461636724
max_error: 0.6975452542235416
variance: 0.011970149173541323
pearson: 0.03690162843771749
p-valu: 1.527240193520195e-29

AL interation 4313/4801.

mae: 0.12880116411348883
max_error: 0.696833782389831
variance: 0.011967900186284566
pearson: 0.012782958589553528
p-valu: 9.284046774938104e-05

AL interation 4314/4801.

mae: 0.12888449817684247
max_error: 0.6968300977923718
variance: 0.011976587896961032
pearson: 0.038679172779989536
p-valu: 2.711589046206673e-32

AL interation 4315/4801.

mae: 0.12882357732942878
max_error: 0.6953148036045604
variance: 0.011964165751357647
pearson: 0.04238157358630184
p-valu: 1.958902395689826e-38

AL interation 4316/4801.

mae: 0.1288427740343718
max_error: 0.6948705771919776
variance: 0.011964729996075497
pearson: 0.029518619171306514
p-valu: 1.7610529990061318e-19

AL interation 4317/4801.

mae: 0.12884300822097544
max_error: 0.693676997673947
variance: 0.011960530140062575
pearson: 0.02820736277758249
p-valu: 6.353546692355254e-18

AL interation 4318/4801.

mae: 0.12887597814327584
max_error: 0.693149156403706
variance: 0.011964275198756692
pearson: 0.03307955259237056
p-valu: 4.661013125388003e-24

AL interation 4319/4801.

mae: 0.12886457186974495
max_error: 0.6890149169739743
variance: 0.01195089663586517
pearson: 0.031305061522956125
p-valu: 1.0321140440816831e-21

AL interation 4320/4801.

mae: 0.12885335176147392
max_error: 0.6890618773495589
variance: 0.011953373299795969
pearson: 0.028516914327545884
p-valu: 2.768280022513578e-18

AL interation 4321/4801.

mae: 0.1288375727503446
max_error: 0.6889210056938282
variance: 0.011951667177252372
pearson: 0.04365878939592688
p-valu: 1.113941509026321e-40

AL interation 4322/4801.

mae: 0.12892955150911506
max_error: 0.6886823685854324
variance: 0.011956114549547632
pearson: 0.022567268416953615
p-valu: 5.180452678393773e-12

AL interation 4323/4801.

mae: 0.12893544716840052
max_error: 0.6884987020325752
variance: 0.011947019258892853
pearson: 0.028321420309889586
p-valu: 4.69226760909869e-18

AL interation 4324/4801.

mae: 0.12892442057392606
max_error: 0.6859001886352871
variance: 0.011934838521773634
pearson: 0.02381359928426913
p-valu: 3.297174926041033e-13

AL interation 4325/4801.

mae: 0.12888909990050748
max_error: 0.6856181289049346
variance: 0.011939004579803026
pearson: 0.041568373548618504
p-valu: 4.924539569413322e-37

AL interation 4326/4801.

mae: 0.12888840489507158
max_error: 0.6856376258560886
variance: 0.011939898999942885
pearson: 0.036450662596335975
p-valu: 7.339441257534632e-29

AL interation 4327/4801.

mae: 0.1288879904961096
max_error: 0.6839099632279613
variance: 0.011938162468570943
pearson: 0.03976366947861902
p-valu: 4.96921772746048e-34

AL interation 4328/4801.

mae: 0.1288956781196659
max_error: 0.6840105562346253
variance: 0.011941184561568112
pearson: 0.025300302789150894
p-valu: 1.0239633035931045e-14

AL interation 4329/4801.

mae: 0.12877613438417093
max_error: 0.6798839362289755
variance: 0.011897511970639874
pearson: 0.029713550740629795
p-valu: 1.0254537167437013e-19

AL interation 4330/4801.

mae: 0.12872109368912377
max_error: 0.6771888732891966
variance: 0.011886981714841647
pearson: 0.027964744194774505
p-valu: 1.2183538102299283e-17

AL interation 4331/4801.

mae: 0.12876660382052801
max_error: 0.6770178614319775
variance: 0.011891392994670546
pearson: 0.020509595564347144
p-valu: 3.5893748337787624e-10

AL interation 4332/4801.

mae: 0.1287635456899994
max_error: 0.6770725439796479
variance: 0.011890548194386424
pearson: 0.02949216202658724
p-valu: 1.9095565395456678e-19

AL interation 4333/4801.

mae: 0.1288056580748352
max_error: 0.6776571249117751
variance: 0.011894648763514686
pearson: 0.023871173769758804
p-valu: 2.900723164516386e-13

AL interation 4334/4801.

mae: 0.12876705088799192
max_error: 0.6715356011088716
variance: 0.011875114615194396
pearson: 0.036243522591535106
p-valu: 1.501198087153611e-28

AL interation 4335/4801.

mae: 0.12879015947890265
max_error: 0.6701443916074368
variance: 0.01187524190619773
pearson: 0.027712481451204918
p-valu: 2.3754245891550905e-17

AL interation 4336/4801.

mae: 0.12876977912144633
max_error: 0.6701874696518644
variance: 0.011872340604492793
pearson: 0.02888915442788774
p-valu: 1.0128370511553648e-18

AL interation 4337/4801.

mae: 0.12876943449333725
max_error: 0.6696780353363465
variance: 0.011873125536862606
pearson: 0.019306388688917767
p-valu: 3.5745699373557022e-09

AL interation 4338/4801.

mae: 0.12874065574121082
max_error: 0.6699480994911937
variance: 0.011869637205312387
pearson: 0.03168729987307481
p-valu: 3.338208251228002e-22

AL interation 4339/4801.

mae: 0.12873898041448134
max_error: 0.6699756066777809
variance: 0.011869826427208996
pearson: 0.038763790793544584
p-valu: 2.0290039985569107e-32

AL interation 4340/4801.

mae: 0.1287677296601363
max_error: 0.6692046120565465
variance: 0.011863252713484028
pearson: 0.02927828413377743
p-valu: 3.4742510431275585e-19

AL interation 4341/4801.

mae: 0.12876818125360617
max_error: 0.669202567704815
variance: 0.011863328606925046
pearson: 0.03251610781218296
p-valu: 2.705093714753512e-23

AL interation 4342/4801.

mae: 0.1287013396867925
max_error: 0.6706699940657472
variance: 0.01186031005148576
pearson: 0.023026744459934544
p-valu: 1.917953401521261e-12

AL interation 4343/4801.

mae: 0.12872025280724486
max_error: 0.6708167873300681
variance: 0.011861871090235438
pearson: 0.027431981992669028
p-valu: 4.9606002062926955e-17

AL interation 4344/4801.

mae: 0.1287116981687992
max_error: 0.6713449862359084
variance: 0.011860216461813877
pearson: 0.027398259897859358
p-valu: 5.417142207223106e-17

AL interation 4345/4801.

mae: 0.128665271951362
max_error: 0.6719882056513597
variance: 0.011857894927775193
pearson: 0.033431948255285095
p-valu: 1.564160043758521e-24

AL interation 4346/4801.

mae: 0.1286700356794807
max_error: 0.6720970320970991
variance: 0.0118582272682082
pearson: 0.029714988621734342
p-valu: 1.0291038272661774e-19

AL interation 4347/4801.

mae: 0.1288087033195005
max_error: 0.6670123481153496
variance: 0.01186349197606887
pearson: 0.020221186403448235
p-valu: 6.322121119165449e-10

AL interation 4348/4801.

mae: 0.12887722887598713
max_error: 0.6664043610376211
variance: 0.011866943001696929
pearson: 0.031086525833540653
p-valu: 1.9947991466145403e-21

AL interation 4349/4801.

mae: 0.1288255617597846
max_error: 0.6666556611623946
variance: 0.011865552084527475
pearson: 0.036418361520742605
p-valu: 8.328390190145851e-29

AL interation 4350/4801.

mae: 0.12882796604418897
max_error: 0.6667041666390787
variance: 0.011866287562844514
pearson: 0.024470081773915155
p-valu: 7.352131906635902e-14

AL interation 4351/4801.

mae: 0.12883020122345545
max_error: 0.6672232552158448
variance: 0.011867807628640474
pearson: 0.03542745372417945
p-valu: 2.3956373353343736e-27

AL interation 4352/4801.

mae: 0.12883015864244318
max_error: 0.6671490546621044
variance: 0.011867240542750457
pearson: 0.030790480805280795
p-valu: 4.752038650930837e-21

AL interation 4353/4801.

mae: 0.12886904846117483
max_error: 0.6661208467489814
variance: 0.011872868954557771
pearson: 0.019002716001119573
p-valu: 6.269471580545941e-09

AL interation 4354/4801.

mae: 0.1288687877808185
max_error: 0.6661307537040102
variance: 0.011872871417961934
pearson: 0.020134893716305387
p-valu: 7.481035083864256e-10

AL interation 4355/4801.

mae: 0.12889232227358915
max_error: 0.6676010858109294
variance: 0.011885467711982388
pearson: 0.03505605342753428
p-valu: 8.257518267711341e-27

AL interation 4356/4801.

mae: 0.1288798733427121
max_error: 0.666851252642573
variance: 0.011881382784482607
pearson: 0.03642095424851263
p-valu: 8.293292001367761e-29

AL interation 4357/4801.

mae: 0.12888730078020694
max_error: 0.6654450029955115
variance: 0.01188315038385478
pearson: 0.022802924537717744
p-valu: 3.1399605164613972e-12

AL interation 4358/4801.

mae: 0.128926319669982
max_error: 0.6637305038236718
variance: 0.011883380619111502
pearson: 0.02660996164153211
p-valu: 4.101049688052132e-16

AL interation 4359/4801.

mae: 0.12889307359854468
max_error: 0.663961702638062
variance: 0.011881520526792706
pearson: 0.02890328486535993
p-valu: 9.839456774206878e-19

AL interation 4360/4801.

mae: 0.12888273346113532
max_error: 0.6639340470774187
variance: 0.011884669989242926
pearson: 0.02270596307926566
p-valu: 3.8781808525971965e-12

AL interation 4361/4801.

mae: 0.12888260942547278
max_error: 0.6639408962309972
variance: 0.01188461659641764
pearson: 0.014537816873854735
p-valu: 8.827482590123815e-06

AL interation 4362/4801.

mae: 0.12887202446941143
max_error: 0.6639533294894591
variance: 0.011887431176517006
pearson: 0.0377264693659754
p-valu: 8.683163074169781e-31

AL interation 4363/4801.

mae: 0.1288633216765111
max_error: 0.6638351323949792
variance: 0.011884206300934555
pearson: 0.013477044836817659
p-valu: 3.79327960536579e-05

AL interation 4364/4801.

mae: 0.12884842840982894
max_error: 0.6638709866540466
variance: 0.01189915253866238
pearson: 0.02977896301268713
p-valu: 8.664635462470531e-20

AL interation 4365/4801.

mae: 0.12888594961937375
max_error: 0.6615526650582524
variance: 0.011879541875779739
pearson: 0.03638136483356431
p-valu: 9.557854215841365e-29

AL interation 4366/4801.

mae: 0.128885028458063
max_error: 0.661345534074826
variance: 0.01188017825007357
pearson: 0.03938237417308589
p-valu: 2.123902926445469e-33

AL interation 4367/4801.

mae: 0.1288828208728283
max_error: 0.6605606627421139
variance: 0.011879364244778048
pearson: 0.035558667558368395
p-valu: 1.5596636648855005e-27

AL interation 4368/4801.

mae: 0.12888060155052716
max_error: 0.6607831000610531
variance: 0.011881955831286347
pearson: 0.03263261836385421
p-valu: 1.917618020078456e-23

AL interation 4369/4801.

mae: 0.12887654947685326
max_error: 0.6608833963823599
variance: 0.011880969047352008
pearson: 0.030261414852370314
p-valu: 2.206490266473414e-20

AL interation 4370/4801.

mae: 0.12888922058192326
max_error: 0.6628397687870802
variance: 0.011893275581098551
pearson: 0.019598570679189735
p-valu: 2.0848115620757625e-09

AL interation 4371/4801.

mae: 0.12888446048951485
max_error: 0.6631914131858139
variance: 0.011909432592103154
pearson: 0.028749673745123386
p-valu: 1.5040137366442845e-18

AL interation 4372/4801.

mae: 0.12887406101700158
max_error: 0.6603084671692159
variance: 0.011897255880170909
pearson: 0.025919115052738594
p-valu: 2.306192271352639e-15

AL interation 4373/4801.

mae: 0.1288733402808183
max_error: 0.6603104324852893
variance: 0.011897140052678163
pearson: 0.023952594830243975
p-valu: 2.4382546303342137e-13

AL interation 4374/4801.

mae: 0.12886996641157936
max_error: 0.6603293291589125
variance: 0.011898046642785817
pearson: 0.02167586661204472
p-valu: 3.4475813553816154e-11

AL interation 4375/4801.

mae: 0.12888418834444212
max_error: 0.6607321832094613
variance: 0.011894774533447772
pearson: 0.04521533269479162
p-valu: 1.7473613333392947e-43

AL interation 4376/4801.

mae: 0.12886569526834832
max_error: 0.6606858244213072
variance: 0.011893270111653309
pearson: 0.023735610005822198
p-valu: 3.993097550013752e-13

AL interation 4377/4801.

mae: 0.1288641493730338
max_error: 0.6607477921236296
variance: 0.01189427530884722
pearson: 0.027999003731834584
p-valu: 1.1334994053439382e-17

AL interation 4378/4801.

mae: 0.12886663345991267
max_error: 0.6604544054168855
variance: 0.011898669896871059
pearson: 0.03432700829695776
p-valu: 9.107115919137952e-26

AL interation 4379/4801.

mae: 0.12886918880478193
max_error: 0.6605218269637589
variance: 0.011899058370345826
pearson: 0.029027402869089353
p-valu: 7.060711014864007e-19

AL interation 4380/4801.

mae: 0.1288308404899784
max_error: 0.6606249120701477
variance: 0.011893318505600063
pearson: 0.031544794122281394
p-valu: 5.219906159675763e-22

AL interation 4381/4801.

mae: 0.12882755882142582
max_error: 0.6604750864379412
variance: 0.011894457324842619
pearson: 0.01980033470939016
p-valu: 1.42712494338026e-09

AL interation 4382/4801.

mae: 0.1288714947144663
max_error: 0.6604497043214792
variance: 0.0119129599892451
pearson: 0.026878404155922363
p-valu: 2.0937805030191632e-16

AL interation 4383/4801.

mae: 0.12887115407116928
max_error: 0.6604526943131646
variance: 0.011912986603136048
pearson: 0.03368269150976173
p-valu: 7.222058966946202e-25

AL interation 4384/4801.

mae: 0.12880039963005616
max_error: 0.6602399269136185
variance: 0.011938631923403633
pearson: 0.032957328871664505
p-valu: 7.076209361115576e-24

AL interation 4385/4801.

mae: 0.1287904983414158
max_error: 0.6602895703971399
variance: 0.011941264843731175
pearson: 0.025746222483336304
p-valu: 3.5396005941117896e-15

AL interation 4386/4801.

mae: 0.12873110417327885
max_error: 0.6607839442422119
variance: 0.011945940828362043
pearson: 0.03577615934063139
p-valu: 7.59599597364539e-28

AL interation 4387/4801.

mae: 0.12874765173398603
max_error: 0.6606991601172467
variance: 0.011947577995786298
pearson: 0.02530485036645799
p-valu: 1.0324621222288351e-14

AL interation 4388/4801.

mae: 0.12875094517388447
max_error: 0.660948244750216
variance: 0.011953763044614518
pearson: 0.027187104935572127
p-valu: 9.512141057584861e-17

AL interation 4389/4801.

mae: 0.12873188281649867
max_error: 0.6610706861483777
variance: 0.011952339267397425
pearson: 0.0343185670639268
p-valu: 9.420943990184887e-26

AL interation 4390/4801.

mae: 0.12878601063407713
max_error: 0.661605744182225
variance: 0.011960076211987572
pearson: 0.028624635071216743
p-valu: 2.1290478019594542e-18

AL interation 4391/4801.

mae: 0.12878832589986403
max_error: 0.6615907510204124
variance: 0.011960894723674743
pearson: 0.03343003411468537
p-valu: 1.61502779574195e-24

AL interation 4392/4801.

mae: 0.1287889482302274
max_error: 0.6615094291445871
variance: 0.011961434317539047
pearson: 0.032906785177454205
p-valu: 8.31679680228446e-24

AL interation 4393/4801.

mae: 0.12875032316213855
max_error: 0.6608138661634939
variance: 0.011962429953614614
pearson: 0.02352529672400797
p-valu: 6.439791383321971e-13

AL interation 4394/4801.

mae: 0.12870678140693032
max_error: 0.6614492589792462
variance: 0.011956164879312914
pearson: 0.02424637377881857
p-valu: 1.2510235825768977e-13

AL interation 4395/4801.

mae: 0.12871613667972065
max_error: 0.6614920605055659
variance: 0.011956131236879847
pearson: 0.03797914062710152
p-valu: 3.6105652230665857e-31

AL interation 4396/4801.

mae: 0.12865590984777897
max_error: 0.6618882318156238
variance: 0.011940623704083813
pearson: 0.02546548737332123
p-valu: 7.030144018919164e-15

AL interation 4397/4801.

mae: 0.1286920400077059
max_error: 0.6618984053450276
variance: 0.011939814960388321
pearson: 0.031071253179793867
p-valu: 2.136876228732541e-21

AL interation 4398/4801.

mae: 0.12868131302450814
max_error: 0.6617803739349029
variance: 0.011941493284705777
pearson: 0.019674549141096447
p-valu: 1.8168745418380546e-09

AL interation 4399/4801.

mae: 0.12866156378868152
max_error: 0.6628558095030712
variance: 0.011935604240751985
pearson: 0.029887344258032248
p-valu: 6.48276516801801e-20

AL interation 4400/4801.

mae: 0.1286528561421767
max_error: 0.662984365833097
variance: 0.0119353380235292
pearson: 0.030510045927828883
p-valu: 1.0958216281390807e-20

AL interation 4401/4801.

mae: 0.12866588253270186
max_error: 0.6631023589350775
variance: 0.011935124982603141
pearson: 0.02613423393598485
p-valu: 1.369166135469626e-15

AL interation 4402/4801.

mae: 0.128596629463205
max_error: 0.6630530254032578
variance: 0.011923132401008793
pearson: 0.025661749617754585
p-valu: 4.3747519245378734e-15

AL interation 4403/4801.

mae: 0.1286097533405827
max_error: 0.66255497434571
variance: 0.011919196394684672
pearson: 0.027053852777159756
p-valu: 1.3473671629388904e-16

AL interation 4404/4801.

mae: 0.12862778671517322
max_error: 0.6627281557442757
variance: 0.011923740706347016
pearson: 0.023819313180595342
p-valu: 3.3308280291669537e-13

AL interation 4405/4801.

mae: 0.1286201728512213
max_error: 0.6623788903867194
variance: 0.011915118194310794
pearson: 0.02706567240445531
p-valu: 1.3081027495974112e-16

AL interation 4406/4801.

mae: 0.12861976376159187
max_error: 0.662379389076591
variance: 0.011915737861256109
pearson: 0.0374288415928564
p-valu: 2.570652095133153e-30

AL interation 4407/4801.

mae: 0.1286506307155604
max_error: 0.6629523468917569
variance: 0.01190897371911584
pearson: 0.022277692516350686
p-valu: 9.83639313403181e-12

AL interation 4408/4801.

mae: 0.1286613935613207
max_error: 0.6632697465364572
variance: 0.011908217891870784
pearson: 0.024983707413753747
p-valu: 2.2383655111595558e-14

AL interation 4409/4801.

mae: 0.1286723117403541
max_error: 0.66323243309796
variance: 0.011909609079886849
pearson: 0.02121997141846449
p-valu: 8.846490295419433e-11

AL interation 4410/4801.

mae: 0.12864485194554615
max_error: 0.6636692911615683
variance: 0.011907683556506178
pearson: 0.02468715729805953
p-valu: 4.509387268764408e-14

AL interation 4411/4801.

mae: 0.12864664098510276
max_error: 0.6637266954488155
variance: 0.011908242480116423
pearson: 0.0353026740841698
p-valu: 3.772471164761091e-27

AL interation 4412/4801.

mae: 0.12864188889122802
max_error: 0.6637377067906414
variance: 0.011908867348932576
pearson: 0.03434436524910416
p-valu: 8.785139282418657e-26

AL interation 4413/4801.

mae: 0.12873092561354174
max_error: 0.6651388910981382
variance: 0.01189457083541505
pearson: 0.027273351625265195
p-valu: 7.685850445243523e-17

AL interation 4414/4801.

mae: 0.12873100713082103
max_error: 0.6651171405744094
variance: 0.011894456386137203
pearson: 0.023800405479501793
p-valu: 3.48664930563034e-13

AL interation 4415/4801.

mae: 0.12872830099305632
max_error: 0.6660344568889514
variance: 0.011896145371415716
pearson: 0.03293157286897048
p-valu: 7.797759888836219e-24

AL interation 4416/4801.

mae: 0.12872539490583768
max_error: 0.6659458120369095
variance: 0.011900514302085259
pearson: 0.0322755700941871
p-valu: 5.87623872117179e-23

AL interation 4417/4801.

mae: 0.1287250706176032
max_error: 0.6659476753101785
variance: 0.011900495094876316
pearson: 0.02377693556652003
p-valu: 3.68004439094573e-13

AL interation 4418/4801.

mae: 0.12868095702877844
max_error: 0.6661102568292563
variance: 0.011894330645246733
pearson: 0.031469264158761036
p-valu: 6.661749488876279e-22

AL interation 4419/4801.

mae: 0.12867902098308392
max_error: 0.6661566198212086
variance: 0.011893987871501418
pearson: 0.041471082467501065
p-valu: 7.816067382986588e-37

AL interation 4420/4801.

mae: 0.12866520306032989
max_error: 0.6661856039507938
variance: 0.011898219971387028
pearson: 0.028876954527185868
p-valu: 1.0850266145464339e-18

AL interation 4421/4801.

mae: 0.12862840923816907
max_error: 0.6663506546113922
variance: 0.011893144354171594
pearson: 0.03773228845762283
p-valu: 8.873166938358291e-31

AL interation 4422/4801.

mae: 0.12860892907179658
max_error: 0.6666471314915725
variance: 0.011880670041001679
pearson: 0.034892523229796
p-valu: 1.4760764720002463e-26

AL interation 4423/4801.

mae: 0.12859112430924813
max_error: 0.6666647269731811
variance: 0.011878307963006882
pearson: 0.0455591763934179
p-valu: 4.230558458784994e-44

AL interation 4424/4801.

mae: 0.12861722688257352
max_error: 0.6668966502871854
variance: 0.011876941668066436
pearson: 0.022050612990746815
p-valu: 1.596536444388195e-11

AL interation 4425/4801.

mae: 0.12863573149312088
max_error: 0.6666330130573215
variance: 0.011866434278130427
pearson: 0.03300622546659501
p-valu: 6.215409807466654e-24

AL interation 4426/4801.

mae: 0.12862801424016013
max_error: 0.6667219925939207
variance: 0.011865695602074653
pearson: 0.02710076660297118
p-valu: 1.2047950503515317e-16

AL interation 4427/4801.

mae: 0.1285568883271597
max_error: 0.6667770925636205
variance: 0.011863874696665291
pearson: 0.03494097665839004
p-valu: 1.2622979797977689e-26

AL interation 4428/4801.

mae: 0.12861362613789595
max_error: 0.6663597202741585
variance: 0.011876572096313438
pearson: 0.037695507418330165
p-valu: 1.016265447772767e-30

AL interation 4429/4801.

mae: 0.12859705775267158
max_error: 0.668420083083447
variance: 0.011866425243556212
pearson: 0.031766378909179584
p-valu: 2.758497204432762e-22

AL interation 4430/4801.

mae: 0.12859270797944009
max_error: 0.6690195941405364
variance: 0.011865961670624987
pearson: 0.025690613323895297
p-valu: 4.116016192972657e-15

AL interation 4431/4801.

mae: 0.1286051504016121
max_error: 0.6689024544251652
variance: 0.011866647181521172
pearson: 0.043255598476048575
p-valu: 6.434197343791329e-40

AL interation 4432/4801.

mae: 0.12860994250064267
max_error: 0.6693822604643174
variance: 0.01185678444894303
pearson: 0.03756135708901036
p-valu: 1.639645594339652e-30

AL interation 4433/4801.

mae: 0.12861208982102373
max_error: 0.6690271500617655
variance: 0.01186150403624448
pearson: 0.021603810588300604
p-valu: 4.0579679503061405e-11

AL interation 4434/4801.

mae: 0.1286121697281457
max_error: 0.669028969659621
variance: 0.011861511793578498
pearson: 0.0282042457532546
p-valu: 6.716119824873422e-18

AL interation 4435/4801.

mae: 0.12859875228120632
max_error: 0.6677319462222613
variance: 0.011864456686969548
pearson: 0.045500319898538436
p-valu: 5.511575998099228e-44

AL interation 4436/4801.

mae: 0.1285799055039417
max_error: 0.6632415266251428
variance: 0.011855543178325623
pearson: 0.036834200347706215
p-valu: 2.101832249303081e-29

AL interation 4437/4801.

mae: 0.12859912097509993
max_error: 0.6639589715060765
variance: 0.011864843349116585
pearson: 0.026238814423008187
p-valu: 1.0692481107704794e-15

AL interation 4438/4801.

mae: 0.12858744194907581
max_error: 0.6632654045406525
variance: 0.011864587394900044
pearson: 0.032878873040747034
p-valu: 9.300592329242985e-24

AL interation 4439/4801.

mae: 0.12857917023776982
max_error: 0.6579550559716836
variance: 0.011874016717967487
pearson: 0.015176138077984638
p-valu: 3.5302602680611407e-06

AL interation 4440/4801.

mae: 0.12856080487958646
max_error: 0.658507914912775
variance: 0.011874913782952044
pearson: 0.027143759924809777
p-valu: 1.0844150604473924e-16

AL interation 4441/4801.

mae: 0.12856572710554853
max_error: 0.6584538604334966
variance: 0.011874894683119442
pearson: 0.03477541257364475
p-valu: 2.1938801750108067e-26

AL interation 4442/4801.

mae: 0.12855924525580717
max_error: 0.6567124431188631
variance: 0.011878260357215564
pearson: 0.029645139998389324
p-valu: 1.3068238832739601e-19

AL interation 4443/4801.

mae: 0.12857699412461582
max_error: 0.6546199157908177
variance: 0.011877317267610462
pearson: 0.024384053483531662
p-valu: 9.235217482258192e-14

AL interation 4444/4801.

mae: 0.12858728651151866
max_error: 0.6540359920281844
variance: 0.011873050078471626
pearson: 0.040741166286892484
p-valu: 1.3443844919881995e-35

AL interation 4445/4801.

mae: 0.12852639436037772
max_error: 0.6540400582184702
variance: 0.011852767358379807
pearson: 0.026011451990446504
p-valu: 1.883411722273571e-15

AL interation 4446/4801.

mae: 0.12852530138153684
max_error: 0.6539974505316195
variance: 0.01185181636556908
pearson: 0.03348097137101669
p-valu: 1.4185490032773066e-24

AL interation 4447/4801.

mae: 0.12846574354711532
max_error: 0.6539463782918347
variance: 0.01185002255255812
pearson: 0.043745182288628164
p-valu: 8.813413357831131e-41

AL interation 4448/4801.

mae: 0.1284419723693955
max_error: 0.6539392661512693
variance: 0.01184068853331436
pearson: 0.03501402326983748
p-valu: 1.0050304348766065e-26

AL interation 4449/4801.

mae: 0.1284549532886306
max_error: 0.6534077430403613
variance: 0.011855767522750683
pearson: 0.03694343401514056
p-valu: 1.4508132335187617e-29

AL interation 4450/4801.

mae: 0.1284633677695869
max_error: 0.655113431982727
variance: 0.011853322921038321
pearson: 0.03196113995766442
p-valu: 1.5519588967480145e-22

AL interation 4451/4801.

mae: 0.12847354234150044
max_error: 0.6550469587092493
variance: 0.011860837917986554
pearson: 0.029767061236773976
p-valu: 9.316574294291267e-20

AL interation 4452/4801.

mae: 0.12846497810892196
max_error: 0.6550353510460809
variance: 0.011854260343906403
pearson: 0.024734334553270215
p-valu: 4.089595679404468e-14

AL interation 4453/4801.

mae: 0.12845309584277023
max_error: 0.6549816069259577
variance: 0.011854021920277933
pearson: 0.024818875742150085
p-valu: 3.352848836647517e-14

AL interation 4454/4801.

mae: 0.12845369051679334
max_error: 0.654457248081826
variance: 0.011850608323990982
pearson: 0.023185546691628235
p-valu: 1.3940665613520732e-12

AL interation 4455/4801.

mae: 0.12840949707461788
max_error: 0.654207204070417
variance: 0.011841976800704243
pearson: 0.023326461131651176
p-valu: 1.020812122119287e-12

AL interation 4456/4801.

mae: 0.12837513769746287
max_error: 0.654366519760174
variance: 0.01184070720780869
pearson: 0.03279432268661447
p-valu: 1.2205206505336434e-23

AL interation 4457/4801.

mae: 0.12837011054721337
max_error: 0.6544026274837051
variance: 0.011840460452599445
pearson: 0.03872660660717171
p-valu: 2.540893558802986e-32

AL interation 4458/4801.

mae: 0.12823881507642046
max_error: 0.6554753266398166
variance: 0.01181423241753679
pearson: 0.03447126710023052
p-valu: 5.982152223207106e-26

AL interation 4459/4801.

mae: 0.12825245975673816
max_error: 0.655217578608017
variance: 0.011810810373252911
pearson: 0.02367113700028204
p-valu: 4.729083525053546e-13

AL interation 4460/4801.

mae: 0.12825439663646887
max_error: 0.6553332057504804
variance: 0.011809883209419773
pearson: 0.03431519271526152
p-valu: 9.934979077849855e-26

AL interation 4461/4801.

mae: 0.1282199923339304
max_error: 0.6556307687319531
variance: 0.011809281684475143
pearson: 0.02441255908415015
p-valu: 8.691861344197341e-14

AL interation 4462/4801.

mae: 0.12822955815339523
max_error: 0.653695598537638
variance: 0.011784698770429489
pearson: 0.022940787555618212
p-valu: 2.3911984783534505e-12

AL interation 4463/4801.

mae: 0.12824737713338025
max_error: 0.6535268260183784
variance: 0.011788921059428558
pearson: 0.023551701839997833
p-valu: 6.191071016635345e-13

AL interation 4464/4801.

mae: 0.12824773906997514
max_error: 0.6535558531223842
variance: 0.011787756907099581
pearson: 0.032812967501610404
p-valu: 1.1571035415913873e-23

AL interation 4465/4801.

mae: 0.12821362121417465
max_error: 0.6536448324844741
variance: 0.01178820748183697
pearson: 0.03121349543923086
p-valu: 1.4538653009665148e-21

AL interation 4466/4801.

mae: 0.12820194736044904
max_error: 0.6535055130945011
variance: 0.011788400932382533
pearson: 0.02039464636356482
p-valu: 4.627154899535208e-10

AL interation 4467/4801.

mae: 0.1282016372390193
max_error: 0.653426115995444
variance: 0.011785944607576839
pearson: 0.026215042336994416
p-valu: 1.1463140158753121e-15

AL interation 4468/4801.

mae: 0.12811910156036246
max_error: 0.6534403356207577
variance: 0.011770177753697016
pearson: 0.0201241525774312
p-valu: 7.820606557019642e-10

AL interation 4469/4801.

mae: 0.12807295354372403
max_error: 0.6534287730779624
variance: 0.011776255025003492
pearson: 0.019435701248126457
p-valu: 2.8832322978022317e-09

AL interation 4470/4801.

mae: 0.12808022934525914
max_error: 0.6535339657853001
variance: 0.011783389661607148
pearson: 0.029156963959514698
p-valu: 5.1395055261204945e-19

AL interation 4471/4801.

mae: 0.12808268398899725
max_error: 0.6535297689166555
variance: 0.01178231272416867
pearson: 0.030302255562790942
p-valu: 2.058169061912726e-20

AL interation 4472/4801.

mae: 0.12808167176637236
max_error: 0.6534095128903346
variance: 0.011781746148623398
pearson: 0.02619318125211003
p-valu: 1.212403650959194e-15

AL interation 4473/4801.

mae: 0.1280668128206625
max_error: 0.6544250500357975
variance: 0.011791858261089045
pearson: 0.03569257763275521
p-valu: 1.0646035567087062e-27

AL interation 4474/4801.

mae: 0.12806635421431442
max_error: 0.6545759226341943
variance: 0.011792307540641296
pearson: 0.01665114197620193
p-valu: 3.6359440982008697e-07

AL interation 4475/4801.

mae: 0.12802715657678881
max_error: 0.6553315501419092
variance: 0.011778235409738155
pearson: 0.02813879350608816
p-valu: 8.12964202028062e-18

AL interation 4476/4801.

mae: 0.12807225568849237
max_error: 0.6574804434576436
variance: 0.011791305390298048
pearson: 0.023414200069485278
p-valu: 8.447977404664005e-13

AL interation 4477/4801.

mae: 0.1280685989210653
max_error: 0.6577250344223557
variance: 0.011792971928618692
pearson: 0.03571836524315974
p-valu: 9.786577639936766e-28

AL interation 4478/4801.

mae: 0.12807240887855426
max_error: 0.6579506923969802
variance: 0.011792582834839914
pearson: 0.036887051549794
p-valu: 1.8005345103403078e-29

AL interation 4479/4801.

mae: 0.12807216245405828
max_error: 0.657961599777309
variance: 0.01179249661253415
pearson: 0.026656979507236327
p-valu: 3.8040640987585465e-16

AL interation 4480/4801.

mae: 0.12801311240220278
max_error: 0.6557209257795193
variance: 0.01181093388611789
pearson: 0.021644115418949922
p-valu: 3.776274847662814e-11

AL interation 4481/4801.

mae: 0.1280070835233034
max_error: 0.6556079527106249
variance: 0.011810656484696046
pearson: 0.022439035073760827
p-valu: 7.107182200770049e-12

AL interation 4482/4801.

mae: 0.1280227366701602
max_error: 0.6554712689605822
variance: 0.011813274765023453
pearson: 0.033033544045940444
p-valu: 5.8903558091117474e-24

AL interation 4483/4801.

mae: 0.12802552451140942
max_error: 0.6554431767320921
variance: 0.011813668499370428
pearson: 0.02701871149346199
p-valu: 1.5186822663862028e-16

AL interation 4484/4801.

mae: 0.1279110493832056
max_error: 0.6553357836270379
variance: 0.011799969049349924
pearson: 0.03548264260449256
p-valu: 2.1673732572922074e-27

AL interation 4485/4801.

mae: 0.12790806499472873
max_error: 0.6552715675954914
variance: 0.011798955661005356
pearson: 0.020886675831630043
p-valu: 1.759712946727701e-10

AL interation 4486/4801.

mae: 0.12790796648451558
max_error: 0.6552644232749572
variance: 0.011798745709133762
pearson: 0.025791656227041507
p-valu: 3.277214543959622e-15

AL interation 4487/4801.

mae: 0.12786061972651983
max_error: 0.6555128896009137
variance: 0.011794046697082094
pearson: 0.02958876437863691
p-valu: 1.5611348010951615e-19

AL interation 4488/4801.

mae: 0.12785732199598113
max_error: 0.6555748968823991
variance: 0.011790668445008303
pearson: 0.019346947422459747
p-valu: 3.413018176061906e-09

AL interation 4489/4801.

mae: 0.1278559388550939
max_error: 0.655519747994731
variance: 0.011791026979139222
pearson: 0.02992964638533551
p-valu: 5.99119372082701e-20

AL interation 4490/4801.

mae: 0.12785551822018237
max_error: 0.6556340104996252
variance: 0.011783651451982763
pearson: 0.024840173229186992
p-valu: 3.2258574351005734e-14

AL interation 4491/4801.

mae: 0.12782175664513304
max_error: 0.6558618756298529
variance: 0.01178559147991581
pearson: 0.038319656531024
p-valu: 1.139955132067187e-31

AL interation 4492/4801.

mae: 0.1278191383760621
max_error: 0.6558020914897043
variance: 0.011785657723192544
pearson: 0.02886754270303066
p-valu: 1.147639575596787e-18

AL interation 4493/4801.

mae: 0.127814631745198
max_error: 0.6558158720965821
variance: 0.011783216254762138
pearson: 0.035627245938950725
p-valu: 1.3430049242064975e-27

AL interation 4494/4801.

mae: 0.12777571622310224
max_error: 0.6558708966267659
variance: 0.011765970724901625
pearson: 0.033969139171351394
p-valu: 3.087364691744612e-25

AL interation 4495/4801.

mae: 0.12778837762793335
max_error: 0.6558163943896034
variance: 0.011772918460409686
pearson: 0.02465454824373097
p-valu: 4.997300116657354e-14

AL interation 4496/4801.

mae: 0.1277889551608658
max_error: 0.6557585368977925
variance: 0.011772725422125164
pearson: 0.03536121016075624
p-valu: 3.275074912640325e-27

AL interation 4497/4801.

mae: 0.1277965982305284
max_error: 0.6555246820751108
variance: 0.011771888705257201
pearson: 0.03310803229520427
p-valu: 4.708105803542565e-24

AL interation 4498/4801.

mae: 0.1277907103098348
max_error: 0.6558279296302771
variance: 0.011769074096482727
pearson: 0.02867356805371877
p-valu: 1.9502034567471383e-18

AL interation 4499/4801.

mae: 0.12778652272171143
max_error: 0.6561507241410709
variance: 0.011763954341091006
pearson: 0.01878597416952083
p-valu: 9.543692322385698e-09

AL interation 4500/4801.

mae: 0.12776656968681888
max_error: 0.6579198918245766
variance: 0.011766358072897108
pearson: 0.02911194507093095
p-valu: 5.893519093282157e-19

AL interation 4501/4801.

mae: 0.1278132491075282
max_error: 0.6577358983879549
variance: 0.011792052225379152
pearson: 0.03535621144103212
p-valu: 3.340581402451722e-27

AL interation 4502/4801.

mae: 0.12781122742213039
max_error: 0.6577387762920353
variance: 0.011793384280787494
pearson: 0.03033583778570324
p-valu: 1.896586096044522e-20

AL interation 4503/4801.

mae: 0.1278271430615659
max_error: 0.6570752443612946
variance: 0.011797579402079018
pearson: 0.026171526805724682
p-valu: 1.2932240218149636e-15

AL interation 4504/4801.

mae: 0.12780085382737108
max_error: 0.6647725066864041
variance: 0.011789311821371039
pearson: 0.03094714065813709
p-valu: 3.237814770970804e-21

AL interation 4505/4801.

mae: 0.12782845511615376
max_error: 0.6646198616556376
variance: 0.011789568639669377
pearson: 0.029818509000955812
p-valu: 8.25815348756757e-20

AL interation 4506/4801.

mae: 0.12783290168763162
max_error: 0.6644810455222796
variance: 0.011789186163746839
pearson: 0.03886836342699895
p-valu: 1.5715794338243206e-32

AL interation 4507/4801.

mae: 0.12783303412549965
max_error: 0.664477772790633
variance: 0.011789183518209432
pearson: 0.01976588460365822
p-valu: 1.562474478381186e-09

AL interation 4508/4801.

mae: 0.12782908330397016
max_error: 0.6645120314417454
variance: 0.011788440117946383
pearson: 0.038139754601346304
p-valu: 2.2050686886750142e-31

AL interation 4509/4801.

mae: 0.12778579470840656
max_error: 0.6641872464163043
variance: 0.011784984530536934
pearson: 0.02996133706963678
p-valu: 5.527374017135346e-20

AL interation 4510/4801.

mae: 0.12778482817416736
max_error: 0.6641694097261279
variance: 0.011784662022958406
pearson: 0.04349612300758403
p-valu: 2.599796185583052e-40

AL interation 4511/4801.

mae: 0.12784003370779126
max_error: 0.6643247156455345
variance: 0.011795728848490708
pearson: 0.013659978293135765
p-valu: 3.0148757786780218e-05

AL interation 4512/4801.

mae: 0.12784263208667504
max_error: 0.6645675225074683
variance: 0.011796464762172942
pearson: 0.03554047027595242
p-valu: 1.8182775714791353e-27

AL interation 4513/4801.

mae: 0.12783180969468108
max_error: 0.6645354319739454
variance: 0.011795972610046838
pearson: 0.04110001584947143
p-valu: 3.5801762118460826e-36

AL interation 4514/4801.

mae: 0.1278281750454406
max_error: 0.6645844150666562
variance: 0.011794335283699947
pearson: 0.031041715498478586
p-valu: 2.4671153263103035e-21

AL interation 4515/4801.

mae: 0.12782803229978454
max_error: 0.6645857306564267
variance: 0.011794283247269052
pearson: 0.022217328810824787
p-valu: 1.1489046510757327e-11

AL interation 4516/4801.

mae: 0.12782724594566666
max_error: 0.6645734899154832
variance: 0.011794187195409657
pearson: 0.022657935768385214
p-valu: 4.482140549799464e-12

AL interation 4517/4801.

mae: 0.1278489876165237
max_error: 0.6586800180532464
variance: 0.01178911847289246
pearson: 0.027230666003351243
p-valu: 8.923896131269779e-17

AL interation 4518/4801.

mae: 0.12787507411070836
max_error: 0.6573062576087523
variance: 0.01177629152811633
pearson: 0.03615084845474022
p-valu: 2.3256641415926893e-28

AL interation 4519/4801.

mae: 0.12790630357632365
max_error: 0.6589569223849594
variance: 0.011761472925594459
pearson: 0.028574586409896196
p-valu: 2.5716635467823807e-18

AL interation 4520/4801.

mae: 0.12788923964683682
max_error: 0.6588382447641834
variance: 0.011761474065935367
pearson: 0.037031555970425054
p-valu: 1.1209636711758297e-29

AL interation 4521/4801.

mae: 0.12787355557550725
max_error: 0.6594378765904594
variance: 0.01176234585053865
pearson: 0.0330856837491052
p-valu: 5.1156526699690536e-24

AL interation 4522/4801.

mae: 0.1279012179894974
max_error: 0.6605512895267793
variance: 0.011762821090215772
pearson: 0.027065099968252296
p-valu: 1.3682385214146875e-16

AL interation 4523/4801.

mae: 0.12790018769285252
max_error: 0.6605620143543547
variance: 0.011762887043269842
pearson: 0.029467188779273214
p-valu: 2.226715119997781e-19

AL interation 4524/4801.

mae: 0.127899100771754
max_error: 0.6606429782832492
variance: 0.011763293658639408
pearson: 0.02718204916907931
p-valu: 1.0140807967502741e-16

AL interation 4525/4801.

mae: 0.12787922061440682
max_error: 0.6607196454873474
variance: 0.011759690014514556
pearson: 0.032116232772383284
p-valu: 1.0095923225464203e-22

AL interation 4526/4801.

mae: 0.12786294063088482
max_error: 0.6587372559432652
variance: 0.01174522997644212
pearson: 0.03205606794711987
p-valu: 1.2118510720410657e-22

AL interation 4527/4801.

mae: 0.12793445849037366
max_error: 0.6586204471863084
variance: 0.011741199320202815
pearson: 0.033026497463064665
p-valu: 6.1722322583183194e-24

AL interation 4528/4801.

mae: 0.12794295386317475
max_error: 0.6586032148585446
variance: 0.01174396544018228
pearson: 0.0324749053242517
p-valu: 3.3915346430082707e-23

AL interation 4529/4801.

mae: 0.12794235581830019
max_error: 0.6585677300932957
variance: 0.011744231326443052
pearson: 0.03225344544186073
p-valu: 6.670659757098554e-23

AL interation 4530/4801.

mae: 0.12791914122095757
max_error: 0.6604551192933741
variance: 0.011727643321474942
pearson: 0.0306094765635733
p-valu: 8.744765410642859e-21

AL interation 4531/4801.

mae: 0.1279427476465117
max_error: 0.6602999627851887
variance: 0.011727706467412983
pearson: 0.03801898475623898
p-valu: 3.4566151969416034e-31

AL interation 4532/4801.

mae: 0.12796738405121305
max_error: 0.660300500700032
variance: 0.011723737271582112
pearson: 0.029223580181869664
p-valu: 4.392522993538195e-19

AL interation 4533/4801.

mae: 0.12796736436260306
max_error: 0.6605357662876941
variance: 0.011722537364817487
pearson: 0.02851256189842988
p-valu: 3.057857146969831e-18

AL interation 4534/4801.

mae: 0.12797979833155754
max_error: 0.661375923252649
variance: 0.011719810836935496
pearson: 0.037542332541182104
p-valu: 1.8855976394616014e-30

AL interation 4535/4801.

mae: 0.12798246834197774
max_error: 0.6613837867398615
variance: 0.011719313665316507
pearson: 0.03038779895796839
p-valu: 1.6594318471361308e-20

AL interation 4536/4801.

mae: 0.12787543830751041
max_error: 0.6652902489918233
variance: 0.01174302900705072
pearson: 0.0382043877849131
p-valu: 1.784587198432474e-31

AL interation 4537/4801.

mae: 0.12788195147213055
max_error: 0.6651673318893927
variance: 0.011742100616253833
pearson: 0.03125623519665319
p-valu: 1.3280779488238382e-21

AL interation 4538/4801.

mae: 0.12786283776997373
max_error: 0.6652818024424505
variance: 0.011741293642713474
pearson: 0.029532267325177892
p-valu: 1.8696850154786738e-19

AL interation 4539/4801.

mae: 0.12788346986146032
max_error: 0.6656128671975239
variance: 0.01172765635524466
pearson: 0.023912457866869102
p-valu: 2.803945821968731e-13

AL interation 4540/4801.

mae: 0.12792350168593114
max_error: 0.6628575290311574
variance: 0.011737240422847272
pearson: 0.020989246403177748
p-valu: 1.4511807323006646e-10

AL interation 4541/4801.

mae: 0.12793129348318896
max_error: 0.6645985239618994
variance: 0.011727918227952217
pearson: 0.02234812468759281
p-valu: 8.761568815273186e-12

AL interation 4542/4801.

mae: 0.1279321417962894
max_error: 0.6645997689643082
variance: 0.01172829373024372
pearson: 0.03565692613070854
p-valu: 1.254439329140301e-27

AL interation 4543/4801.

mae: 0.12780701069090775
max_error: 0.661631846070577
variance: 0.011683092705672304
pearson: 0.030528642666350428
p-valu: 1.111008682195291e-20

AL interation 4544/4801.

mae: 0.1278217205220823
max_error: 0.6612530786821935
variance: 0.011676481069143914
pearson: 0.0346080040114793
p-valu: 4.037067358774298e-26

AL interation 4545/4801.

mae: 0.12782713174653937
max_error: 0.661146398298115
variance: 0.011675084798888263
pearson: 0.030120511385485594
p-valu: 3.577172661710025e-20

AL interation 4546/4801.

mae: 0.12784267511143693
max_error: 0.6614027091183061
variance: 0.011675035298229493
pearson: 0.03418191267125411
p-valu: 1.6073377220607299e-25

AL interation 4547/4801.

mae: 0.1278510107319127
max_error: 0.661289029228783
variance: 0.011676325955190863
pearson: 0.03195023217335964
p-valu: 1.6861840606238054e-22

AL interation 4548/4801.

mae: 0.12783765803437
max_error: 0.6610994999247168
variance: 0.011679380832234753
pearson: 0.03467255632033137
p-valu: 3.278339691548379e-26

AL interation 4549/4801.

mae: 0.12783966532743943
max_error: 0.6612247374329172
variance: 0.011678634153285196
pearson: 0.03257154406640013
p-valu: 2.5501853089435344e-23

AL interation 4550/4801.

mae: 0.12785493744651705
max_error: 0.6608865606957579
variance: 0.011680151509595003
pearson: 0.029633305404987473
p-valu: 1.4173236195082184e-19

AL interation 4551/4801.

mae: 0.1278444315347293
max_error: 0.6610946025627982
variance: 0.011679416962144
pearson: 0.02947752112210275
p-valu: 2.190376052300058e-19

AL interation 4552/4801.

mae: 0.1278412848048513
max_error: 0.660827126377967
variance: 0.01168048343847695
pearson: 0.01661783449060978
p-valu: 3.8791748060491267e-07

AL interation 4553/4801.

mae: 0.1278393065776821
max_error: 0.6608207586649542
variance: 0.011680921148724275
pearson: 0.03588511257415045
p-valu: 5.8589405791605875e-28

AL interation 4554/4801.

mae: 0.12787515487490977
max_error: 0.6606565258192632
variance: 0.011676461829467334
pearson: 0.03271435366233607
p-valu: 1.6477543171383652e-23

AL interation 4555/4801.

mae: 0.12781541773142696
max_error: 0.6603721110158176
variance: 0.011678760069426607
pearson: 0.03778224157517901
p-valu: 8.18069504961415e-31

AL interation 4556/4801.

mae: 0.12780137609357797
max_error: 0.6598760120199358
variance: 0.011664994709135304
pearson: 0.04355749467049184
p-valu: 2.1133753870974136e-40

AL interation 4557/4801.

mae: 0.12781436154967984
max_error: 0.6596448982597849
variance: 0.011655209710245014
pearson: 0.01931743684470783
p-valu: 3.6529232441946223e-09

AL interation 4558/4801.

mae: 0.12774080609571317
max_error: 0.6597419491851042
variance: 0.011646105544640226
pearson: 0.031313293214061594
p-valu: 1.1339638465315377e-21

AL interation 4559/4801.

mae: 0.1277409359149685
max_error: 0.6597411884113171
variance: 0.011646125211517528
pearson: 0.03799509574229312
p-valu: 3.8423612616648846e-31

AL interation 4560/4801.

mae: 0.1277333619867872
max_error: 0.6596947841137535
variance: 0.011645582710093813
pearson: 0.030097660489857857
p-valu: 3.843596541447232e-20

AL interation 4561/4801.

mae: 0.12771455422890304
max_error: 0.659737276658575
variance: 0.011653612046611592
pearson: 0.033761585924955664
p-valu: 6.224360695155806e-25

AL interation 4562/4801.

mae: 0.12764196380169202
max_error: 0.6605870175221753
variance: 0.011648542356114575
pearson: 0.03315843733620014
p-valu: 4.169916250565766e-24

AL interation 4563/4801.

mae: 0.1276466403485889
max_error: 0.6610319599167269
variance: 0.011653769803049874
pearson: 0.02620492368912926
p-valu: 1.2155154252784996e-15

AL interation 4564/4801.

mae: 0.1276642994059318
max_error: 0.6602642322415022
variance: 0.011656912019321454
pearson: 0.036059927822857496
p-valu: 3.2650197451613144e-28

AL interation 4565/4801.

mae: 0.12767631125376522
max_error: 0.659828516687412
variance: 0.011654507538144409
pearson: 0.024063687263090158
p-valu: 2.0018924204358584e-13

AL interation 4566/4801.

mae: 0.12769113207682214
max_error: 0.6590382214096735
variance: 0.011657429620878621
pearson: 0.024229396312636535
p-valu: 1.369560883244934e-13

AL interation 4567/4801.

mae: 0.1277248422987216
max_error: 0.6588316605877935
variance: 0.011657665650176244
pearson: 0.03513412191912105
p-valu: 7.27649004455514e-27

AL interation 4568/4801.

mae: 0.12773897472691814
max_error: 0.6592243481190962
variance: 0.011657804933093487
pearson: 0.03408475194381874
p-valu: 2.2253225301848006e-25

AL interation 4569/4801.

mae: 0.12771681988494005
max_error: 0.6593113720106203
variance: 0.011658838724753139
pearson: 0.029541159433701697
p-valu: 1.8490189377167418e-19

AL interation 4570/4801.

mae: 0.12770561376114253
max_error: 0.6592964083504285
variance: 0.011668978850215658
pearson: 0.033456834264320175
p-valu: 1.6420285972213783e-24

AL interation 4571/4801.

mae: 0.1277338992018829
max_error: 0.6596855382127842
variance: 0.011662763888458556
pearson: 0.03776620336895424
p-valu: 8.76063801737277e-31

AL interation 4572/4801.

mae: 0.1277416194020571
max_error: 0.6596877087023358
variance: 0.01166408923417924
pearson: 0.030336249809661694
p-valu: 1.9571061569781873e-20

AL interation 4573/4801.

mae: 0.12773181768540995
max_error: 0.6594908745607881
variance: 0.011662042416779891
pearson: 0.03327014152025097
p-valu: 2.9577846284864145e-24

AL interation 4574/4801.

mae: 0.12768399906266495
max_error: 0.6567264235372932
variance: 0.011657098902869577
pearson: 0.02356552838686398
p-valu: 6.19366017529576e-13

AL interation 4575/4801.

mae: 0.12767224755372295
max_error: 0.6568058362265674
variance: 0.011657022135353825
pearson: 0.034076208089837946
p-valu: 2.296599797033389e-25

AL interation 4576/4801.

mae: 0.12767227081582758
max_error: 0.6568199845841036
variance: 0.011657127403181809
pearson: 0.03641936678607606
p-valu: 9.660615450743491e-29

AL interation 4577/4801.

mae: 0.1276826685016265
max_error: 0.6568832252271477
variance: 0.011660622645221956
pearson: 0.03036219414629075
p-valu: 1.8211896228524962e-20

AL interation 4578/4801.

mae: 0.12772210534630724
max_error: 0.6577378895926813
variance: 0.011664727687085343
pearson: 0.03359461586399485
p-valu: 1.0675120351468528e-24

AL interation 4579/4801.

mae: 0.12769311980313444
max_error: 0.6572365700068303
variance: 0.011657737818464629
pearson: 0.041556651461044425
p-valu: 6.430069286415176e-37

AL interation 4580/4801.

mae: 0.12769038537961813
max_error: 0.6572609815968917
variance: 0.011657391094946682
pearson: 0.034856130167069774
p-valu: 1.8329760441954314e-26

AL interation 4581/4801.

mae: 0.12769383604491397
max_error: 0.6568610118124525
variance: 0.011654417131883078
pearson: 0.02449423370159923
p-valu: 7.457811412647957e-14

AL interation 4582/4801.

mae: 0.12769352538482323
max_error: 0.6569093084943916
variance: 0.01165506848694406
pearson: 0.022839298563787493
p-valu: 3.0800013458413194e-12

AL interation 4583/4801.

mae: 0.12763673682779336
max_error: 0.657122661452604
variance: 0.011658761129177752
pearson: 0.04414612762856759
p-valu: 1.9205560487492574e-41

AL interation 4584/4801.

mae: 0.1276177567684003
max_error: 0.6546521779971499
variance: 0.011645589001228107
pearson: 0.029811142487094835
p-valu: 8.736276847820015e-20

AL interation 4585/4801.

mae: 0.12759733541157156
max_error: 0.6544906642603792
variance: 0.011639763941071734
pearson: 0.03144655922989764
p-valu: 7.747275086861478e-22

AL interation 4586/4801.

mae: 0.12761575862146315
max_error: 0.6549165639800094
variance: 0.011642189189788526
pearson: 0.03727201419820254
p-valu: 5.064098954332339e-30

AL interation 4587/4801.

mae: 0.12770727737472654
max_error: 0.6570737085691007
variance: 0.011654232305703656
pearson: 0.03196476823919645
p-valu: 1.6475924581138931e-22

AL interation 4588/4801.

mae: 0.12774466033455167
max_error: 0.6573449965765121
variance: 0.011657461031410741
pearson: 0.03242207227368783
p-valu: 4.1157174064132825e-23

AL interation 4589/4801.

mae: 0.12773102285859567
max_error: 0.6573769399930143
variance: 0.01164738786367662
pearson: 0.03723401990082296
p-valu: 5.7973076146851414e-30

AL interation 4590/4801.

mae: 0.12776125032416516
max_error: 0.6575797221385073
variance: 0.011646938573945904
pearson: 0.035598098555340324
p-valu: 1.5757019371341334e-27

AL interation 4591/4801.

mae: 0.1276888695372718
max_error: 0.6464955547510272
variance: 0.011634547926249975
pearson: 0.016226060200096946
p-valu: 7.266581737220789e-07

AL interation 4592/4801.

mae: 0.12770619063660948
max_error: 0.6467497060982623
variance: 0.011638605570633263
pearson: 0.027767312527273765
p-valu: 2.273770094989955e-17

AL interation 4593/4801.

mae: 0.12768913493843603
max_error: 0.6488361175715909
variance: 0.011644027328848746
pearson: 0.03291094470378437
p-valu: 9.164375865970862e-24

AL interation 4594/4801.

mae: 0.12769145075411714
max_error: 0.6487969344483417
variance: 0.011642700153758151
pearson: 0.03775423203817413
p-valu: 9.293440705843964e-31

AL interation 4595/4801.

mae: 0.1276864720738353
max_error: 0.6488188226740021
variance: 0.011645254936544773
pearson: 0.037589640555553507
p-valu: 1.6660778408404782e-30

AL interation 4596/4801.

mae: 0.12767717046077262
max_error: 0.6491737246001321
variance: 0.011651732809881554
pearson: 0.03315070860786256
p-valu: 4.3532112059577754e-24

AL interation 4597/4801.

mae: 0.1276852380485186
max_error: 0.6498190808130175
variance: 0.011645483004696564
pearson: 0.027353633445580783
p-valu: 6.695376126311279e-17

AL interation 4598/4801.

mae: 0.12766259213215805
max_error: 0.649855986271973
variance: 0.011645954473615227
pearson: 0.034523765079219726
p-valu: 5.486330982336115e-26

AL interation 4599/4801.

mae: 0.1276397739623892
max_error: 0.6451021028734658
variance: 0.011634160819305378
pearson: 0.026317708839951492
p-valu: 9.29893416338943e-16

AL interation 4600/4801.

mae: 0.12754668290384066
max_error: 0.6460023951990479
variance: 0.011631809534757696
pearson: 0.02507091332034177
p-valu: 1.93435476839788e-14

AL interation 4601/4801.

mae: 0.12755050038512972
max_error: 0.6451809124534975
variance: 0.011634388556881009
pearson: 0.03377370897155165
p-valu: 6.128459837201911e-25

AL interation 4602/4801.

mae: 0.12755729510942593
max_error: 0.6455269413004316
variance: 0.011609936678250967
pearson: 0.025455715491783482
p-valu: 7.703445440565886e-15

AL interation 4603/4801.

mae: 0.12754586261268885
max_error: 0.6450622045480259
variance: 0.01160569735346212
pearson: 0.015711014149699463
p-valu: 1.6144669840154645e-06

AL interation 4604/4801.

mae: 0.12751637656298895
max_error: 0.6452967189288756
variance: 0.011604289614124505
pearson: 0.033417268584099616
p-valu: 1.895993061166553e-24

AL interation 4605/4801.

mae: 0.12749189587439658
max_error: 0.645157905326414
variance: 0.011608606598981719
pearson: 0.03422286115405909
p-valu: 1.4586756547131164e-25

AL interation 4606/4801.

mae: 0.12746197010832916
max_error: 0.6479816049936744
variance: 0.01161753298855551
pearson: 0.031018465840881315
p-valu: 2.7618742335357777e-21

AL interation 4607/4801.

mae: 0.12746166459186056
max_error: 0.647941935590552
variance: 0.011617759852214266
pearson: 0.031031042302388363
p-valu: 2.663398211437495e-21

AL interation 4608/4801.

mae: 0.12746888134019432
max_error: 0.6471887081419254
variance: 0.011603476403360067
pearson: 0.019751181145618277
p-valu: 1.6393695574506566e-09

AL interation 4609/4801.

mae: 0.12746872109411064
max_error: 0.6471314879242982
variance: 0.01160342634282939
pearson: 0.029518402588756182
p-valu: 2.0052261654055674e-19

AL interation 4610/4801.

mae: 0.12745770555872538
max_error: 0.6472398136625088
variance: 0.011599023307335102
pearson: 0.02950861457517162
p-valu: 2.0615649518762838e-19

AL interation 4611/4801.

mae: 0.12746775663342427
max_error: 0.647281344487169
variance: 0.011602697984062571
pearson: 0.02896001706560506
p-valu: 9.37482413797003e-19

AL interation 4612/4801.

mae: 0.1274959409003029
max_error: 0.6470168972540478
variance: 0.011593595524955775
pearson: 0.023918175179764724
p-valu: 2.827245777933575e-13

AL interation 4613/4801.

mae: 0.12754886098207507
max_error: 0.6470384133427842
variance: 0.011598570009678214
pearson: 0.04136857493109604
p-valu: 1.37763279230841e-36

AL interation 4614/4801.

mae: 0.1275503199232672
max_error: 0.6471649941829583
variance: 0.011579653444024311
pearson: 0.030570043093092848
p-valu: 1.0196418351977818e-20

AL interation 4615/4801.

mae: 0.12755260562630164
max_error: 0.6470566309615151
variance: 0.011577233133617764
pearson: 0.03265510777363814
p-valu: 2.043793365835231e-23

AL interation 4616/4801.

mae: 0.1275770872295328
max_error: 0.6430623170164154
variance: 0.011567952800150728
pearson: 0.033016818893303525
p-valu: 6.680515048811388e-24

AL interation 4617/4801.

mae: 0.12754847165295086
max_error: 0.644544643175891
variance: 0.011563427200102953
pearson: 0.03873180630011591
p-valu: 2.813717245014807e-32

AL interation 4618/4801.

mae: 0.12756287472914224
max_error: 0.6454274607312982
variance: 0.011565341577420722
pearson: 0.03137895861167075
p-valu: 9.621614218914055e-22

AL interation 4619/4801.

mae: 0.1274946213055787
max_error: 0.6446311572286731
variance: 0.01155521269521007
pearson: 0.0325232128483375
p-valu: 3.070600167582059e-23

AL interation 4620/4801.

mae: 0.12746968488007004
max_error: 0.6457683813625863
variance: 0.011509762634237641
pearson: 0.03927105461911635
p-valu: 3.908160477482696e-33

AL interation 4621/4801.

mae: 0.1274780449193906
max_error: 0.6456779984515606
variance: 0.011511461907629441
pearson: 0.021939986390210574
p-valu: 2.1136527208096055e-11

AL interation 4622/4801.

mae: 0.12747926482894922
max_error: 0.6482794588297338
variance: 0.01150093116139004
pearson: 0.031805019012922014
p-valu: 2.7111733270465013e-22

AL interation 4623/4801.

mae: 0.12748286420152458
max_error: 0.6482811534251596
variance: 0.011500433385643565
pearson: 0.05447369026794133
p-valu: 3.565694591277985e-62

AL interation 4624/4801.

mae: 0.1275285790848894
max_error: 0.6482798628034061
variance: 0.011520136830840232
pearson: 0.04907787064871662
p-valu: 8.570607808938463e-51

AL interation 4625/4801.

mae: 0.12753237550544774
max_error: 0.6482866081155407
variance: 0.01151921656631668
pearson: 0.026411644640343117
p-valu: 7.423646434439392e-16

AL interation 4626/4801.

mae: 0.12753439468344313
max_error: 0.6486904897176373
variance: 0.01152527853562003
pearson: 0.029179391384585977
p-valu: 5.167345496152717e-19

AL interation 4627/4801.

mae: 0.1276131596728365
max_error: 0.6466727057675143
variance: 0.011504989232066137
pearson: 0.022890772269890617
p-valu: 2.787152353198169e-12

AL interation 4628/4801.

mae: 0.1275516098923547
max_error: 0.6459501378922141
variance: 0.011506358698223619
pearson: 0.032383347903052126
p-valu: 4.731586321700497e-23

AL interation 4629/4801.

mae: 0.12758701872658654
max_error: 0.6445082923038399
variance: 0.011501663963539195
pearson: 0.02702872164036739
p-valu: 1.5625713600692242e-16

AL interation 4630/4801.

mae: 0.12759747515697134
max_error: 0.6448309024673335
variance: 0.011503642800419276
pearson: 0.03366905037889462
p-valu: 8.687444254446178e-25

AL interation 4631/4801.

mae: 0.12759552925349998
max_error: 0.6448223106571049
variance: 0.011505476992220657
pearson: 0.01937169878425955
p-valu: 3.3508678503603717e-09

AL interation 4632/4801.

mae: 0.1276479661066741
max_error: 0.6458157639564206
variance: 0.011502587860165408
pearson: 0.0313001361160039
p-valu: 1.2229059512054194e-21

AL interation 4633/4801.

mae: 0.12765478859906818
max_error: 0.6458519860303795
variance: 0.011499224990082999
pearson: 0.0273149409962428
p-valu: 7.501203688643058e-17

AL interation 4634/4801.

mae: 0.12768092098604425
max_error: 0.6450730873864359
variance: 0.01150752592496866
pearson: 0.02880530392731975
p-valu: 1.4435312721456577e-18

AL interation 4635/4801.

mae: 0.12769802752381315
max_error: 0.645533814414307
variance: 0.011509143257382342
pearson: 0.028808225886063545
p-valu: 1.432706704889432e-18

AL interation 4636/4801.

mae: 0.12772707066752786
max_error: 0.6456710233438798
variance: 0.011508779300356103
pearson: 0.02132038380181513
p-valu: 7.604351963119918e-11

AL interation 4637/4801.

mae: 0.12777332695635282
max_error: 0.6456817215482715
variance: 0.011516191261778608
pearson: 0.04415851715621143
p-valu: 1.9236681092469462e-41

AL interation 4638/4801.

mae: 0.12779067781383124
max_error: 0.6456713914172951
variance: 0.011520900862628025
pearson: 0.029852783025159667
p-valu: 7.961207581295667e-20

AL interation 4639/4801.

mae: 0.12783011181764667
max_error: 0.6452462901632998
variance: 0.011531954728863134
pearson: 0.027444898192864248
p-valu: 5.37084886574412e-17

AL interation 4640/4801.

mae: 0.1278018780537944
max_error: 0.6447013872574416
variance: 0.011526918610377192
pearson: 0.028191855051474025
p-valu: 7.542525453771904e-18

AL interation 4641/4801.

mae: 0.12771076097570386
max_error: 0.6449982015585647
variance: 0.011507217956515658
pearson: 0.03902735982886449
p-valu: 9.734233955980576e-33

AL interation 4642/4801.

mae: 0.12769983631308154
max_error: 0.6447621147491418
variance: 0.0115045811684826
pearson: 0.03432340127706435
p-valu: 1.078040505192041e-25

AL interation 4643/4801.

mae: 0.12766909342803773
max_error: 0.6444054827893524
variance: 0.01150394256037542
pearson: 0.019048785855758348
p-valu: 6.083365502063072e-09

AL interation 4644/4801.

mae: 0.12765647138769537
max_error: 0.6444932297877131
variance: 0.011506709354146988
pearson: 0.03877913495918247
p-valu: 2.4171473347093756e-32

AL interation 4645/4801.

mae: 0.12763961394659656
max_error: 0.6444126281660374
variance: 0.011500286007387613
pearson: 0.03360152247856504
p-valu: 1.0850985234760552e-24

AL interation 4646/4801.

mae: 0.1276463023553247
max_error: 0.644114354610565
variance: 0.011506363619980352
pearson: 0.029242531550926883
p-valu: 4.379422014657872e-19

AL interation 4647/4801.

mae: 0.1276512804038749
max_error: 0.6442369986473295
variance: 0.011508164222111667
pearson: 0.03808027010137075
p-valu: 3.021277075776358e-31

AL interation 4648/4801.

mae: 0.12766631457829253
max_error: 0.6457349189764727
variance: 0.011513862884226192
pearson: 0.026502728585987543
p-valu: 5.958616771160031e-16

AL interation 4649/4801.

mae: 0.12766439920310227
max_error: 0.6456283356874337
variance: 0.01151401932848858
pearson: 0.029043279852470377
p-valu: 7.585548163015333e-19

AL interation 4650/4801.

mae: 0.12763049600950843
max_error: 0.6455503072169222
variance: 0.011510501737713934
pearson: 0.03265430901876708
p-valu: 2.0878173134876452e-23

AL interation 4651/4801.

mae: 0.12758225815714697
max_error: 0.6528782697328097
variance: 0.01150733064130626
pearson: 0.024326789975039946
p-valu: 1.1225829251384348e-13

AL interation 4652/4801.

mae: 0.12758332360958677
max_error: 0.6528502558053333
variance: 0.01150679991054131
pearson: 0.031031883254891666
p-valu: 2.715716663790078e-21

AL interation 4653/4801.

mae: 0.12759178275346292
max_error: 0.6528288510526181
variance: 0.011514071639962615
pearson: 0.022418562332447444
p-valu: 7.759940111448878e-12

AL interation 4654/4801.

mae: 0.12760644947316194
max_error: 0.6582294435643234
variance: 0.011514973650256007
pearson: 0.02577135334543178
p-valu: 3.644851477659424e-15

AL interation 4655/4801.

mae: 0.1276048917475401
max_error: 0.6582803705059632
variance: 0.011515170845158549
pearson: 0.02084349732582596
p-valu: 1.991804930944093e-10

AL interation 4656/4801.

mae: 0.12759918244357218
max_error: 0.6577719982312829
variance: 0.011514487555932512
pearson: 0.01828869947934974
p-valu: 2.3775210730041204e-08

AL interation 4657/4801.

mae: 0.12751266875854117
max_error: 0.6578435280157464
variance: 0.011501457133141843
pearson: 0.03318300871455315
p-valu: 4.07114840067542e-24

AL interation 4658/4801.

mae: 0.12757348793768247
max_error: 0.6578097128210629
variance: 0.011506582903366662
pearson: 0.03253678228271173
p-valu: 3.0076217276039366e-23

AL interation 4659/4801.

mae: 0.1275792169051202
max_error: 0.6577896236769902
variance: 0.01150529083572023
pearson: 0.04123376629145923
p-valu: 2.4173959177403555e-36

AL interation 4660/4801.

mae: 0.12756569443624438
max_error: 0.6577061846187462
variance: 0.01149940873294752
pearson: 0.015893806910930987
p-valu: 1.2293484076138716e-06

AL interation 4661/4801.

mae: 0.12756605678004587
max_error: 0.6577085623503081
variance: 0.011499584060702615
pearson: 0.029867700078548907
p-valu: 7.713280987929026e-20

AL interation 4662/4801.

mae: 0.1275599830413794
max_error: 0.6576136110052175
variance: 0.011498770031394212
pearson: 0.024355088124062046
p-valu: 1.055095056951919e-13

AL interation 4663/4801.

mae: 0.1275373569181768
max_error: 0.6565824418421471
variance: 0.011495335503781508
pearson: 0.026051003129789772
p-valu: 1.8414718265439183e-15

AL interation 4664/4801.

mae: 0.12753995366691775
max_error: 0.656132650861764
variance: 0.011494851477097225
pearson: 0.03195294396140867
p-valu: 1.7765449271523358e-22

AL interation 4665/4801.

mae: 0.12753782003713088
max_error: 0.6561176979835182
variance: 0.011495103339494066
pearson: 0.023503996062989134
p-valu: 7.291716242794477e-13

AL interation 4666/4801.

mae: 0.127569042530086
max_error: 0.6561367246376903
variance: 0.011489781583405786
pearson: 0.027576741626978887
p-valu: 3.8519414503817136e-17

AL interation 4667/4801.

mae: 0.12756868507266694
max_error: 0.6560117594353869
variance: 0.011489763489355197
pearson: 0.025981194969218906
p-valu: 2.1897800061691323e-15

AL interation 4668/4801.

mae: 0.1275774647551023
max_error: 0.6555270543940424
variance: 0.011483037220913
pearson: 0.04039686667746688
p-valu: 6.016667392494422e-35

AL interation 4669/4801.

mae: 0.12758336728610686
max_error: 0.6556610458237628
variance: 0.011482713942037627
pearson: 0.03410363486473933
p-valu: 2.2223555063662376e-25

AL interation 4670/4801.

mae: 0.12759508504300981
max_error: 0.6555385319479683
variance: 0.011478331249887013
pearson: 0.033878878025513544
p-valu: 4.562855953659244e-25

AL interation 4671/4801.

mae: 0.12760135181849208
max_error: 0.6554323073964952
variance: 0.011479354317773985
pearson: 0.025755518675432364
p-valu: 3.8101344747377505e-15

AL interation 4672/4801.

mae: 0.12760156985180926
max_error: 0.6555428564474823
variance: 0.011475436162206178
pearson: 0.03365968616913982
p-valu: 9.166750552616957e-25

AL interation 4673/4801.

mae: 0.12759752980976613
max_error: 0.6559138823845387
variance: 0.011475453707552714
pearson: 0.030021806832243442
p-valu: 5.018860837163586e-20

AL interation 4674/4801.

mae: 0.1275967930955453
max_error: 0.6559472224014371
variance: 0.011475256102937391
pearson: 0.03264021896607887
p-valu: 2.2085898105768543e-23

AL interation 4675/4801.

mae: 0.12759063399690737
max_error: 0.6579687947482853
variance: 0.01146475450409609
pearson: 0.028963851413886167
p-valu: 9.532747260705579e-19

AL interation 4676/4801.

mae: 0.12753599191304663
max_error: 0.6573661877719132
variance: 0.011468860313605991
pearson: 0.02679950212723376
p-valu: 2.8489255152002814e-16

AL interation 4677/4801.

mae: 0.12755079385933635
max_error: 0.6590130934464469
variance: 0.011467891421325909
pearson: 0.024375475893594657
p-valu: 1.0111256583872495e-13

AL interation 4678/4801.

mae: 0.12756394299657497
max_error: 0.6602062277927416
variance: 0.01146451828959269
pearson: 0.04803964834769201
p-valu: 1.0334425735516989e-48

AL interation 4679/4801.

mae: 0.12756622727404726
max_error: 0.6601433665891818
variance: 0.011465952039587021
pearson: 0.03484827080677744
p-valu: 1.998504742072427e-26

AL interation 4680/4801.

mae: 0.12756239566242528
max_error: 0.6599518752839231
variance: 0.011468283400522946
pearson: 0.03503081204036741
p-valu: 1.0977382150731168e-26

AL interation 4681/4801.

mae: 0.12760365524105893
max_error: 0.6573327863231953
variance: 0.011469046314813554
pearson: 0.019303592392665825
p-valu: 3.837741248307395e-09

AL interation 4682/4801.

mae: 0.12760522148344333
max_error: 0.6573337219920177
variance: 0.011471184252786228
pearson: 0.027171657924871587
p-valu: 1.1050455753497258e-16

AL interation 4683/4801.

mae: 0.12761410167386875
max_error: 0.6576222032647365
variance: 0.011469949473775
pearson: 0.02222465953297714
p-valu: 1.1801668508827878e-11

AL interation 4684/4801.

mae: 0.12759555841070278
max_error: 0.6578388243540303
variance: 0.011471500332283098
pearson: 0.024185065401706642
p-valu: 1.5706672881549006e-13

AL interation 4685/4801.

mae: 0.12759381952233365
max_error: 0.6579861852003432
variance: 0.011471141594157217
pearson: 0.024537046770158933
p-valu: 6.969415223064608e-14

AL interation 4686/4801.

mae: 0.127635588126926
max_error: 0.658033433491255
variance: 0.011481407837758072
pearson: 0.024862684277863922
p-valu: 3.253416642602579e-14

AL interation 4687/4801.

mae: 0.12764532836208187
max_error: 0.6601961815704271
variance: 0.011480875048109141
pearson: 0.022839205018936895
p-valu: 3.1678982029680856e-12

AL interation 4688/4801.

mae: 0.1276106934433033
max_error: 0.6602693652412199
variance: 0.011474403801004087
pearson: 0.030691978749528788
p-valu: 7.426321891108023e-21

AL interation 4689/4801.

mae: 0.12760698814114935
max_error: 0.6607951029943706
variance: 0.011476547290081815
pearson: 0.02160953896953373
p-valu: 4.2629836951000924e-11

AL interation 4690/4801.

mae: 0.12760574731119706
max_error: 0.6610549023434942
variance: 0.011482612903498331
pearson: 0.030470261025977257
p-valu: 1.408308404635797e-20

AL interation 4691/4801.

mae: 0.1276062460926302
max_error: 0.660972573494746
variance: 0.011482464930094643
pearson: 0.02181288575075831
p-valu: 2.8016630715726433e-11

AL interation 4692/4801.

mae: 0.12758046035065307
max_error: 0.6603379964315081
variance: 0.011469744301132973
pearson: 0.03429620163813813
p-valu: 1.2124556023421687e-25

AL interation 4693/4801.

mae: 0.12753086498483324
max_error: 0.6586434202445162
variance: 0.011451285690903696
pearson: 0.018415608669664216
p-valu: 1.9135941996973096e-08

AL interation 4694/4801.

mae: 0.12753536312892258
max_error: 0.6585600035145944
variance: 0.011449933330091346
pearson: 0.0324278331996559
p-valu: 4.27818695491384e-23

AL interation 4695/4801.

mae: 0.1275372959747577
max_error: 0.6554658278207626
variance: 0.01143165504353149
pearson: 0.0284477837651119
p-valu: 3.8905926041227575e-18

AL interation 4696/4801.

mae: 0.12754732415667885
max_error: 0.655749522704582
variance: 0.011431398335888496
pearson: 0.024098621374955387
p-valu: 1.9211853285652819e-13

AL interation 4697/4801.

mae: 0.12754427542536867
max_error: 0.6554610212194802
variance: 0.011431530525594202
pearson: 0.018327264314110043
p-valu: 2.2375456730761277e-08

AL interation 4698/4801.

mae: 0.12752519704254112
max_error: 0.6556301134196474
variance: 0.011434234988825556
pearson: 0.028782378320214123
p-valu: 1.5781844610300672e-18

AL interation 4699/4801.

mae: 0.1275255515675071
max_error: 0.6553120774806303
variance: 0.01143368728769646
pearson: 0.0241050788473754
p-valu: 1.894722496981684e-13

AL interation 4700/4801.

mae: 0.12752701188302346
max_error: 0.6553613011813013
variance: 0.011438806058576797
pearson: 0.02876093995068423
p-valu: 1.6741629978850761e-18

AL interation 4701/4801.

mae: 0.1275162534114008
max_error: 0.6551206509886924
variance: 0.011435670309637151
pearson: 0.03507125749670589
p-valu: 9.73341297365708e-27

AL interation 4702/4801.

mae: 0.12751400889341305
max_error: 0.6550396881577853
variance: 0.011435996579112572
pearson: 0.019665155541095197
p-valu: 1.964384402307448e-09

AL interation 4703/4801.

mae: 0.12751133898499925
max_error: 0.6588944715363141
variance: 0.011456541659072271
pearson: 0.030124652445267294
p-valu: 3.8013223584421814e-20

AL interation 4704/4801.

mae: 0.12750566911123998
max_error: 0.658880765801996
variance: 0.01145453357769432
pearson: 0.03140316869629842
p-valu: 9.348817367310976e-22

AL interation 4705/4801.

mae: 0.12749300416449955
max_error: 0.6590483602149106
variance: 0.011449170717542458
pearson: 0.027434272505744497
p-valu: 5.661769957438954e-17

AL interation 4706/4801.

mae: 0.12748416171360433
max_error: 0.6592956560270977
variance: 0.011451571222608165
pearson: 0.0372474868765353
p-valu: 6.001819760195293e-30

AL interation 4707/4801.

mae: 0.12751202664137012
max_error: 0.6594833779759028
variance: 0.011458559398308536
pearson: 0.029505118350992142
p-valu: 2.172659046432854e-19

AL interation 4708/4801.

mae: 0.1273688830203919
max_error: 0.6577225726252891
variance: 0.011446061536683446
pearson: 0.026087479400635244
p-valu: 1.7093893689170591e-15

AL interation 4709/4801.

mae: 0.12736849488331967
max_error: 0.6577701191433789
variance: 0.011445763064089655
pearson: 0.03064515832850368
p-valu: 8.587640933033169e-21

AL interation 4710/4801.

mae: 0.12729687373879398
max_error: 0.6582520594306516
variance: 0.011446876899733349
pearson: 0.041960262009741456
p-valu: 1.4824310772708814e-37

AL interation 4711/4801.

mae: 0.12720761863983734
max_error: 0.6590827500103842
variance: 0.011424052411952454
pearson: 0.02744216744631862
p-valu: 5.559825085417394e-17

AL interation 4712/4801.

mae: 0.12705046787552735
max_error: 0.655837795554362
variance: 0.011397431741177392
pearson: 0.01910280039598257
p-valu: 5.583396992187654e-09

AL interation 4713/4801.

mae: 0.12705631595437633
max_error: 0.6559794546421926
variance: 0.011399391121521841
pearson: 0.02839787235419504
p-valu: 4.480854125379107e-18

AL interation 4714/4801.

mae: 0.12717742944447885
max_error: 0.6594043294705898
variance: 0.011413233349488775
pearson: 0.03884161846795285
p-valu: 2.0298751942690223e-32

AL interation 4715/4801.

mae: 0.127127978251868
max_error: 0.6579584257738134
variance: 0.011422436177179715
pearson: 0.022767727039968252
p-valu: 3.725993896105828e-12

AL interation 4716/4801.

mae: 0.1271023219508187
max_error: 0.6574612026768136
variance: 0.011425039731053355
pearson: 0.031565165637981
p-valu: 5.818093425392327e-22

AL interation 4717/4801.

mae: 0.12706899060576815
max_error: 0.6581693672851543
variance: 0.011426894376873541
pearson: 0.030527909343218272
p-valu: 1.2085395673827132e-20

AL interation 4718/4801.

mae: 0.12704818845509322
max_error: 0.6570185287285994
variance: 0.011422196272462064
pearson: 0.04325259233287426
p-valu: 8.534274941123409e-40

AL interation 4719/4801.

mae: 0.1270464662199672
max_error: 0.6569987451852057
variance: 0.011422490499025415
pearson: 0.027906913215567215
p-valu: 1.6556680168484574e-17

AL interation 4720/4801.

mae: 0.1270305673140377
max_error: 0.6565230366401238
variance: 0.011426057433297651
pearson: 0.03318353739038539
p-valu: 4.2093614382373296e-24

AL interation 4721/4801.

mae: 0.12703264622863347
max_error: 0.6565665050848111
variance: 0.011427071246414946
pearson: 0.028919402475209376
p-valu: 1.0974919211851065e-18

AL interation 4722/4801.

mae: 0.1265789353806944
max_error: 0.6443223336384563
variance: 0.011366316572089924
pearson: 0.020700018508054762
p-valu: 2.686010547682495e-10

AL interation 4723/4801.

mae: 0.12657900297162886
max_error: 0.6444639486890082
variance: 0.011363912154503312
pearson: 0.02196028672768718
p-valu: 2.0774003269102284e-11

AL interation 4724/4801.

mae: 0.1265478721416139
max_error: 0.6446810028689924
variance: 0.011363022032945579
pearson: 0.027197514687793734
p-valu: 1.0504515440112027e-16

AL interation 4725/4801.

mae: 0.12651170659471742
max_error: 0.6446588168291782
variance: 0.011359568231845132
pearson: 0.029869481959110867
p-valu: 7.899682256292414e-20

AL interation 4726/4801.

mae: 0.1264478115843186
max_error: 0.6449781736159821
variance: 0.011359349403205165
pearson: 0.0465192475264992
p-valu: 9.213262965406835e-46

AL interation 4727/4801.

mae: 0.12647196982278316
max_error: 0.6445454491956752
variance: 0.011356500388576274
pearson: 0.030136834529837373
p-valu: 3.7127817990090245e-20

AL interation 4728/4801.

mae: 0.126477875841126
max_error: 0.6442352007612726
variance: 0.011357042386237347
pearson: 0.027880941386033805
p-valu: 1.7791616178378157e-17

AL interation 4729/4801.

mae: 0.1264266203081306
max_error: 0.6440783157817123
variance: 0.011357877358024545
pearson: 0.019251469367381195
p-valu: 4.263926726572903e-09

AL interation 4730/4801.

mae: 0.12642323249976778
max_error: 0.6440895652131076
variance: 0.011357210827775587
pearson: 0.04090315731667181
p-valu: 9.181612013944876e-36

AL interation 4731/4801.

mae: 0.12643104904974084
max_error: 0.644309702380724
variance: 0.011355142538643614
pearson: 0.021774221426324198
p-valu: 3.0651541311361106e-11

AL interation 4732/4801.

mae: 0.12645981573059564
max_error: 0.6441490318188698
variance: 0.011355670518656455
pearson: 0.032525333327156646
p-valu: 3.2406497631312984e-23

AL interation 4733/4801.

mae: 0.12646075150432248
max_error: 0.6441720747134241
variance: 0.0113558466327641
pearson: 0.030128538338268444
p-valu: 3.8117718981512054e-20

AL interation 4734/4801.

mae: 0.12644164497604257
max_error: 0.6443395996765275
variance: 0.011347002815840742
pearson: 0.024570561145091804
p-valu: 6.544282389752678e-14

AL interation 4735/4801.

mae: 0.12645416001128934
max_error: 0.6441831077981988
variance: 0.011347698028973171
pearson: 0.031709563777241746
p-valu: 3.8209492394273165e-22

AL interation 4736/4801.

mae: 0.12645064137473977
max_error: 0.6441760749930836
variance: 0.011345871104986197
pearson: 0.022830841398312377
p-valu: 3.2682021223933275e-12

AL interation 4737/4801.

mae: 0.1264628980402672
max_error: 0.6441737735000288
variance: 0.011345263660752164
pearson: 0.03111976349684105
p-valu: 2.1886612706268145e-21

AL interation 4738/4801.

mae: 0.12637027504579942
max_error: 0.6463626725681024
variance: 0.011345196741294165
pearson: 0.03286404696719466
p-valu: 1.1470086073717026e-23

AL interation 4739/4801.

mae: 0.12641066491837796
max_error: 0.6468958506849276
variance: 0.01134158315095396
pearson: 0.02545018378296408
p-valu: 8.1670218122392e-15

AL interation 4740/4801.

mae: 0.12645772472592537
max_error: 0.642900898628568
variance: 0.01131896861982936
pearson: 0.031282304839059236
p-valu: 1.3596933881735511e-21

AL interation 4741/4801.

mae: 0.12646715879306097
max_error: 0.6441953409874941
variance: 0.011316149712861606
pearson: 0.022606959484485593
p-valu: 5.30481914114184e-12

AL interation 4742/4801.

mae: 0.1264726491964119
max_error: 0.6444261465162526
variance: 0.011320465398466229
pearson: 0.01993567538143593
p-valu: 1.1870585599362153e-09

AL interation 4743/4801.

mae: 0.12647283389112646
max_error: 0.6444610011902796
variance: 0.01131948400805186
pearson: 0.02841411420140891
p-valu: 4.3429235535649754e-18

AL interation 4744/4801.

mae: 0.1264802694095399
max_error: 0.6443413131391935
variance: 0.011319356324640898
pearson: 0.021933840626830094
p-valu: 2.2066659131731125e-11

AL interation 4745/4801.

mae: 0.1265431776211432
max_error: 0.6442886882781522
variance: 0.011331802135362936
pearson: 0.02532341502143031
p-valu: 1.1095947302302297e-14

AL interation 4746/4801.

mae: 0.12642067557173145
max_error: 0.6436881482005674
variance: 0.01130741106025476
pearson: 0.04117004936583935
p-valu: 3.331436415258569e-36

AL interation 4747/4801.

mae: 0.1264059359505701
max_error: 0.6437245315121345
variance: 0.011302022643697235
pearson: 0.02930672435460181
p-valu: 3.8324120603837734e-19

AL interation 4748/4801.

mae: 0.12640604553628934
max_error: 0.6437247577105154
variance: 0.01130126534144497
pearson: 0.026431530870009365
p-valu: 7.378509665021096e-16

AL interation 4749/4801.

mae: 0.12640488130881747
max_error: 0.6436433558737917
variance: 0.01129965652466236
pearson: 0.02119814999107542
p-valu: 9.998157415163683e-11

AL interation 4750/4801.

mae: 0.12637808781759088
max_error: 0.6435802952877339
variance: 0.011292025794001098
pearson: 0.024225872890836195
p-valu: 1.458718941752486e-13

AL interation 4751/4801.

mae: 0.12637770224788022
max_error: 0.6435701320351654
variance: 0.011291938709025326
pearson: 0.04091526948709163
p-valu: 8.921122172829351e-36

AL interation 4752/4801.

mae: 0.1263740815894866
max_error: 0.6434869359746926
variance: 0.011302502398395016
pearson: 0.03548184750212635
p-valu: 2.5764064550132077e-27

AL interation 4753/4801.

mae: 0.12635446245426826
max_error: 0.6436748222356528
variance: 0.011299940343961114
pearson: 0.032359021016704084
p-valu: 5.444366310781175e-23

AL interation 4754/4801.

mae: 0.12636805032713927
max_error: 0.6434417395714718
variance: 0.011301587624877084
pearson: 0.029040709591248506
p-valu: 7.989561878415645e-19

AL interation 4755/4801.

mae: 0.12637157531601356
max_error: 0.6435066166558272
variance: 0.011299234651260478
pearson: 0.027602842374211387
p-valu: 3.7244647204939395e-17

AL interation 4756/4801.

mae: 0.1263721877513683
max_error: 0.643456857991282
variance: 0.011300615402760759
pearson: 0.03854271847868228
p-valu: 6.203869454292288e-32

AL interation 4757/4801.

mae: 0.12623704511595735
max_error: 0.642903485412603
variance: 0.011298725594779086
pearson: 0.027514981772899967
p-valu: 4.684479658281087e-17

AL interation 4758/4801.

mae: 0.12628501978679613
max_error: 0.6426866411110268
variance: 0.011300874549013459
pearson: 0.03575222443879324
p-valu: 1.0466799483442883e-27

AL interation 4759/4801.

mae: 0.12633196080611517
max_error: 0.6422384985146437
variance: 0.01130489118105348
pearson: 0.018821293077109693
p-valu: 9.388622939629349e-09

AL interation 4760/4801.

mae: 0.12631750578414108
max_error: 0.6420365213268724
variance: 0.011297596943381151
pearson: 0.023135555131296854
p-valu: 1.6920436663143019e-12

AL interation 4761/4801.

mae: 0.12634179785071156
max_error: 0.6418993755021347
variance: 0.011303387392444957
pearson: 0.015357470885211047
p-valu: 2.8051489661645357e-06

AL interation 4762/4801.

mae: 0.1263495740685625
max_error: 0.6416590688083943
variance: 0.011303026953579444
pearson: 0.026730881091511432
p-valu: 3.4965435025672e-16

AL interation 4763/4801.

mae: 0.12635089113411205
max_error: 0.6416538892930248
variance: 0.01130305738938756
pearson: 0.023698202524185245
p-valu: 4.853612159142491e-13

AL interation 4764/4801.

mae: 0.12631410061429232
max_error: 0.6414572374568479
variance: 0.011290308468440455
pearson: 0.024289358294432236
p-valu: 1.2659899639765124e-13

AL interation 4765/4801.

mae: 0.12635558072071235
max_error: 0.6415657760508111
variance: 0.01129181086794567
pearson: 0.02762156788284326
p-valu: 3.560804788052805e-17

AL interation 4766/4801.

mae: 0.12639654256247815
max_error: 0.6415820143595283
variance: 0.011301487580292618
pearson: 0.027923717339109307
p-valu: 1.6136494655291615e-17

AL interation 4767/4801.

mae: 0.12639218943963643
max_error: 0.6411048474810741
variance: 0.011302357969402222
pearson: 0.02274925713284528
p-valu: 3.931378414117565e-12

AL interation 4768/4801.

mae: 0.1263917380581734
max_error: 0.6411134945853973
variance: 0.011302077052770232
pearson: 0.02966864415284787
p-valu: 1.4147354902918465e-19

AL interation 4769/4801.

mae: 0.1263916389030349
max_error: 0.6411377080585225
variance: 0.011301766912177179
pearson: 0.022360578502779466
p-valu: 9.043571013365232e-12

AL interation 4770/4801.

mae: 0.1263809616735431
max_error: 0.6414170951501319
variance: 0.011300767133538635
pearson: 0.026293409070581517
p-valu: 1.0490129070379882e-15

AL interation 4771/4801.

mae: 0.12634977153372837
max_error: 0.6413977677678986
variance: 0.011289586798285872
pearson: 0.029635527627352498
p-valu: 1.5539511386731447e-19

AL interation 4772/4801.

mae: 0.1263481136573315
max_error: 0.6414118992772728
variance: 0.011288702506767773
pearson: 0.032443361700274065
p-valu: 4.252891277376836e-23

AL interation 4773/4801.

mae: 0.12626627517853287
max_error: 0.639894086503773
variance: 0.011249938978684561
pearson: 0.035495909695908635
p-valu: 2.4914415021325366e-27

AL interation 4774/4801.

mae: 0.126282374968772
max_error: 0.6396094414470781
variance: 0.011258617241915974
pearson: 0.020261159553727513
p-valu: 6.400495991431076e-10

AL interation 4775/4801.

mae: 0.12628328763708396
max_error: 0.6395746984169364
variance: 0.011258728891973404
pearson: 0.03484344130359372
p-valu: 2.153389113574742e-26

AL interation 4776/4801.

mae: 0.12627686855273695
max_error: 0.639660411665659
variance: 0.011257959822560093
pearson: 0.03658083405904269
p-valu: 6.350422259780887e-29

AL interation 4777/4801.

mae: 0.12628414345606245
max_error: 0.6394890311501058
variance: 0.01126144233832368
pearson: 0.025634154262707032
p-valu: 5.302818653497725e-15

AL interation 4778/4801.

mae: 0.12624900685418067
max_error: 0.6389297369914857
variance: 0.011256014795202976
pearson: 0.02896451845927897
p-valu: 9.941058543029948e-19

AL interation 4779/4801.

mae: 0.12623281313774073
max_error: 0.6390589147250694
variance: 0.011258212467134893
pearson: 0.03711634512199934
p-valu: 9.982122028064893e-30

AL interation 4780/4801.

mae: 0.12619401630324
max_error: 0.6392440786987663
variance: 0.011255091494446411
pearson: 0.0215281996825832
p-valu: 5.147806515201981e-11

AL interation 4781/4801.

mae: 0.12619407948133213
max_error: 0.6392445317512738
variance: 0.011255110448596723
pearson: 0.04167372797784493
p-valu: 4.854327987920768e-37

AL interation 4782/4801.

mae: 0.12619661204582436
max_error: 0.6392819546346118
variance: 0.011253342649060928
pearson: 0.03191785062478549
p-valu: 2.0980094163433394e-22

AL interation 4783/4801.

mae: 0.12621844393955226
max_error: 0.6384505268493967
variance: 0.011257813879472934
pearson: 0.03768455588696214
p-valu: 1.3622583868474201e-30

AL interation 4784/4801.

mae: 0.12622790480802704
max_error: 0.6385531889576441
variance: 0.011258237923167025
pearson: 0.02358296307338069
p-valu: 6.321622576839733e-13

AL interation 4785/4801.

mae: 0.12619079330551203
max_error: 0.6384332927395917
variance: 0.01124572163298697
pearson: 0.026014000203830594
p-valu: 2.1036017730592564e-15

AL interation 4786/4801.

mae: 0.1262099821160237
max_error: 0.6383591460838716
variance: 0.011250495070230269
pearson: 0.0189442026871688
p-valu: 7.555742666069439e-09

AL interation 4787/4801.

mae: 0.12616450939009125
max_error: 0.6385091753533061
variance: 0.011250960369266866
pearson: 0.031649359527754044
p-valu: 4.694364725883703e-22

AL interation 4788/4801.

mae: 0.12619260093066012
max_error: 0.6391794740677597
variance: 0.011249782062208509
pearson: 0.029113877657792143
p-valu: 6.633632133433771e-19

AL interation 4789/4801.

mae: 0.12623112647146792
max_error: 0.6393957083988653
variance: 0.011249073571179774
pearson: 0.04078066955874566
p-valu: 1.542426348801237e-35

AL interation 4790/4801.

mae: 0.12624716841023384
max_error: 0.6397129542936
variance: 0.011248386690691184
pearson: 0.011613886597520665
p-valu: 0.0003970728749642539

AL interation 4791/4801.

mae: 0.1261986201237128
max_error: 0.6411118584703672
variance: 0.011250949927091565
pearson: 0.019868993642235495
p-valu: 1.3608888028564038e-09

AL interation 4792/4801.

mae: 0.12620328859047036
max_error: 0.6410330772152975
variance: 0.01125316981230386
pearson: 0.02603197321310503
p-valu: 2.0174960118000458e-15

AL interation 4793/4801.

mae: 0.12622365193360888
max_error: 0.6409045471832542
variance: 0.01125572059542483
pearson: 0.030011200433040917
p-valu: 5.46256195284157e-20

AL interation 4794/4801.

mae: 0.1261189341514101
max_error: 0.6415702713146629
variance: 0.011247968058008866
pearson: 0.025619615308160388
p-valu: 5.52420562323755e-15

AL interation 4795/4801.

mae: 0.12611019072269522
max_error: 0.6416200790442872
variance: 0.011244700492056137
pearson: 0.02519755930707863
p-valu: 1.5234554180531177e-14

AL interation 4796/4801.

mae: 0.12611084673221284
max_error: 0.6416135882390108
variance: 0.01124468914234923
pearson: 0.028703745959713936
p-valu: 2.034882559946353e-18

AL interation 4797/4801.

mae: 0.12613424312469457
max_error: 0.6417357057449635
variance: 0.011241882175915844
pearson: 0.02780153066125613
p-valu: 2.2521498189530765e-17

AL interation 4798/4801.

mae: 0.1261147489771518
max_error: 0.6422467214201788
variance: 0.011240122307864009
pearson: 0.028958222775896124
p-valu: 1.0199662139060609e-18

AL interation 4799/4801.

mae: 0.1261443510166523
max_error: 0.64246401007847
variance: 0.0112399035609963
pearson: 0.019115548424849478
p-valu: 5.544584361940659e-09

AL interation 4800/4801.

mae: 0.12613804261579872
max_error: 0.6405696118696369
variance: 0.011230109313234767
pearson: 0.02781398544989019
p-valu: 2.1823248013009892e-17
[2024-09-04 23:55:49,286][__main__][INFO] - Experiment run time: 7464.923870801926
submitit INFO (2024-09-04 23:55:49,288) - Job completed successfully
[2024-09-04 23:55:49,288][submitit][INFO] - Job completed successfully
submitit INFO (2024-09-04 23:55:49,298) - Exiting after successful completion
[2024-09-04 23:55:49,298][submitit][INFO] - Exiting after successful completion
