submitit INFO (2024-09-04 22:14:05,046) - Starting with JobEnvironment(job_id=1657026_2, hostname=gpu21002.pleiades.uni-wuppertal.de, local_rank=0(1), node=0(1), global_rank=0(1))
submitit INFO (2024-09-04 22:14:05,046) - Loading pickle: /beegfs/holzenkamp/dev/active_learning/active/../../experiments/aspirin/candidate_based_al/rmd17_full_rmd17_energy/GPR_coulomb_rbf/combinations3_1000-likelihood-no_fast_pred/.submitit/1657026_2/1657026_2_submitted.pkl
[2024-09-04 22:14:08,634][__main__][INFO] - Running on host: gpu21002.pleiades.uni-wuppertal.de
[2024-09-04 22:14:08,634][__main__][INFO] - Init trajectory.
[2024-09-04 22:14:12,053][__main__][INFO] - Run experiment
contexts:  [<torch.autograd.grad_mode.no_grad object at 0x154cdfce2410>, <linear_operator.settings.max_cholesky_size object at 0x154cde672410>, <gpytorch.settings.debug object at 0x154cddccc790>]

AL interation 0/4801.

mae: 0.196778066223459
max_error: 0.9351684952694544
variance: 0.02507561318879109

AL interation 1/4801.

mae: 0.1973868580466138
max_error: 0.9399848329155188
variance: 0.025325216646198436

AL interation 2/4801.

mae: 0.19702932823340122
max_error: 0.9386870776856766
variance: 0.02522003922445075

AL interation 3/4801.

mae: 0.197113302791366
max_error: 0.9385278914254547
variance: 0.025255508182167787

AL interation 4/4801.

mae: 0.1976602841615713
max_error: 0.9345460620910817
variance: 0.025560302912094577

AL interation 5/4801.

mae: 0.1981447662453403
max_error: 0.9380219230258986
variance: 0.025724960043548403

AL interation 6/4801.

mae: 0.1981866796637936
max_error: 0.9384915161034841
variance: 0.02587032776429259

AL interation 7/4801.

mae: 0.1979916833336345
max_error: 0.938464451574589
variance: 0.025828374851384207

AL interation 8/4801.

mae: 0.19786746092534827
max_error: 0.935698255629505
variance: 0.025770382262908755

AL interation 9/4801.

mae: 0.19772388245025652
max_error: 0.9354109093960162
variance: 0.025711114119992724

AL interation 10/4801.

mae: 0.19752995171398532
max_error: 0.9333319418661077
variance: 0.025471367841979668

AL interation 11/4801.

mae: 0.19801848330965455
max_error: 0.940076058908086
variance: 0.025587503042041836

AL interation 12/4801.

mae: 0.1980835717688256
max_error: 0.9402906154538558
variance: 0.02567939461321711

AL interation 13/4801.

mae: 0.19806729903322737
max_error: 0.9394740528523815
variance: 0.0256693856267961

AL interation 14/4801.

mae: 0.1976856611021089
max_error: 0.9172818401649733
variance: 0.025452182629974528

AL interation 15/4801.

mae: 0.19767899472078354
max_error: 0.9176476089262025
variance: 0.02543285219549812

AL interation 16/4801.

mae: 0.19802082725211037
max_error: 0.9174828805644033
variance: 0.025544529836266126

AL interation 17/4801.

mae: 0.19767618651686863
max_error: 0.9162609964210451
variance: 0.025587851298267746

AL interation 18/4801.

mae: 0.19806031856143763
max_error: 0.916957362671798
variance: 0.02569859487427068

AL interation 19/4801.

mae: 0.19815766826530243
max_error: 0.9165628052699306
variance: 0.025717165442192963

AL interation 20/4801.

mae: 0.19830578182605405
max_error: 0.9132658588567262
variance: 0.02559088467816539

AL interation 21/4801.

mae: 0.1971320776115688
max_error: 0.9333915030188675
variance: 0.02546578268370865

AL interation 22/4801.

mae: 0.19721414525357917
max_error: 0.9330794354138398
variance: 0.025501453362207584

AL interation 23/4801.

mae: 0.19701689503927866
max_error: 0.9211919230144485
variance: 0.02532930333963063

AL interation 24/4801.

mae: 0.19704721543766965
max_error: 0.9211010494505611
variance: 0.025317370712877

AL interation 25/4801.

mae: 0.1969620751404147
max_error: 0.9199325279309791
variance: 0.0252828537528431

AL interation 26/4801.

mae: 0.19691992825711008
max_error: 0.9202278388034626
variance: 0.025276175754189306

AL interation 27/4801.

mae: 0.19686610648266542
max_error: 0.9206073757467617
variance: 0.025207663566516582

AL interation 28/4801.

mae: 0.19686476066275002
max_error: 0.9221940288082962
variance: 0.02515552294485937

AL interation 29/4801.

mae: 0.19647549702500874
max_error: 0.933249976395305
variance: 0.025134287138182314

AL interation 30/4801.

mae: 0.19644128334585076
max_error: 0.9314243797411433
variance: 0.025083004050921898

AL interation 31/4801.

mae: 0.19615430861636474
max_error: 0.884263303274913
variance: 0.024918212686139845

AL interation 32/4801.

mae: 0.1961578836628278
max_error: 0.8844230251452392
variance: 0.024919071535191913

AL interation 33/4801.

mae: 0.19604616523953836
max_error: 0.8835544797465202
variance: 0.02488808231086792

AL interation 34/4801.

mae: 0.19604942140085116
max_error: 0.8793466459850552
variance: 0.024834192689098485

AL interation 35/4801.

mae: 0.19589737333409166
max_error: 0.8802818616907263
variance: 0.024700233186046687

AL interation 36/4801.

mae: 0.1959432980793547
max_error: 0.8779026008906704
variance: 0.02466839470349388

AL interation 37/4801.

mae: 0.1959195413815736
max_error: 0.8784464068823855
variance: 0.024660772163521503

AL interation 38/4801.

mae: 0.19577379535514303
max_error: 0.8769598483350941
variance: 0.0246814625885263

AL interation 39/4801.

mae: 0.19589694448730316
max_error: 0.8799861533195901
variance: 0.024700917369812787

AL interation 40/4801.

mae: 0.19537791080586805
max_error: 0.8826121806817896
variance: 0.024589268142679047

AL interation 41/4801.

mae: 0.19551041310228348
max_error: 0.8806362976756611
variance: 0.024647549772144336

AL interation 42/4801.

mae: 0.19501148631151527
max_error: 0.8693678109975935
variance: 0.02462815866714253

AL interation 43/4801.

mae: 0.19501793844745327
max_error: 0.8693329412206675
variance: 0.02462988761457843

AL interation 44/4801.

mae: 0.19510873525263436
max_error: 0.8695853187740998
variance: 0.024624597697528734

AL interation 45/4801.

mae: 0.19472447558920733
max_error: 0.8779899332326262
variance: 0.024787888856420654

AL interation 46/4801.

mae: 0.194362233873021
max_error: 0.8750581635695845
variance: 0.024507386381538786

AL interation 47/4801.

mae: 0.19432893163690193
max_error: 0.8750252959792927
variance: 0.0244950391156904

AL interation 48/4801.

mae: 0.19439143902302936
max_error: 0.8738801047262148
variance: 0.024482234525126465

AL interation 49/4801.

mae: 0.19425599177255132
max_error: 0.897687550431669
variance: 0.024381163587920404

AL interation 50/4801.

mae: 0.19430470194902852
max_error: 0.8961492512214299
variance: 0.02432155656516127

AL interation 51/4801.

mae: 0.19430937464353104
max_error: 0.8962592489478386
variance: 0.024320178559301454

AL interation 52/4801.

mae: 0.19431700765088322
max_error: 0.8964011026827826
variance: 0.02432451215516065

AL interation 53/4801.

mae: 0.19422362255404083
max_error: 0.8999488140552528
variance: 0.024297720658515983

AL interation 54/4801.

mae: 0.19513110420197496
max_error: 0.9033727777351634
variance: 0.024291916385479072

AL interation 55/4801.

mae: 0.19481954031811483
max_error: 0.8965798988910396
variance: 0.024220122499506818

AL interation 56/4801.

mae: 0.19445929796322092
max_error: 0.902826977821743
variance: 0.024156466527320015

AL interation 57/4801.

mae: 0.19392900332703855
max_error: 0.911772935055083
variance: 0.024231190351304787

AL interation 58/4801.

mae: 0.19392441042373276
max_error: 0.911852351093674
variance: 0.024230094418154245

AL interation 59/4801.

mae: 0.19411586538893488
max_error: 0.9237130351457828
variance: 0.02422054968815639

AL interation 60/4801.

mae: 0.19427148705399502
max_error: 0.9244847083552683
variance: 0.024189142053195684

AL interation 61/4801.

mae: 0.19394933868897135
max_error: 0.9235716921642089
variance: 0.02409513328720099

AL interation 62/4801.

mae: 0.1938903419327596
max_error: 0.9266338415413464
variance: 0.024071458188932915

AL interation 63/4801.

mae: 0.19397065690700185
max_error: 0.9250853398073386
variance: 0.024095838825601977

AL interation 64/4801.

mae: 0.19289816723205963
max_error: 0.9291705360980376
variance: 0.023943766000901288

AL interation 65/4801.

mae: 0.19285605572340767
max_error: 0.91697096823602
variance: 0.02398101795677903

AL interation 66/4801.

mae: 0.19261692846606152
max_error: 0.9214827502202179
variance: 0.023930471736516485

AL interation 67/4801.

mae: 0.19266278733379716
max_error: 0.9230449779499379
variance: 0.023921518110383774

AL interation 68/4801.

mae: 0.19266259896500815
max_error: 0.9230411599052052
variance: 0.023921119271605493

AL interation 69/4801.

mae: 0.19244302452618398
max_error: 0.9145231290602835
variance: 0.02379898576550174

AL interation 70/4801.

mae: 0.19241334747194377
max_error: 0.9154092631634385
variance: 0.023784784724430706

AL interation 71/4801.

mae: 0.19247968615270197
max_error: 0.9156855414144132
variance: 0.02382196466671874

AL interation 72/4801.

mae: 0.19222384076914723
max_error: 0.9158249371577498
variance: 0.02368580582979189

AL interation 73/4801.

mae: 0.192670379422486
max_error: 0.9159174465896203
variance: 0.023816008199555642

AL interation 74/4801.

mae: 0.19259034522403512
max_error: 0.9159610339189166
variance: 0.02381377046091413

AL interation 75/4801.

mae: 0.19242099159771728
max_error: 0.9253976491223995
variance: 0.023728254698563208

AL interation 76/4801.

mae: 0.1921520046841624
max_error: 0.9252452944475132
variance: 0.023691773594684648

AL interation 77/4801.

mae: 0.19221129951969873
max_error: 0.9258927116519736
variance: 0.02372396145336825

AL interation 78/4801.

mae: 0.19193670739289662
max_error: 0.929558133404552
variance: 0.023497439424983765

AL interation 79/4801.

mae: 0.19199680812899947
max_error: 0.9305213634572789
variance: 0.02356035904899824

AL interation 80/4801.

mae: 0.1919908847738892
max_error: 0.9317435040274968
variance: 0.023553073555448053

AL interation 81/4801.

mae: 0.19200176968826366
max_error: 0.9327518741075788
variance: 0.02355933639454555

AL interation 82/4801.

mae: 0.1919815714849558
max_error: 0.931050618569222
variance: 0.02357616445439729

AL interation 83/4801.

mae: 0.1896866554192903
max_error: 0.9237543884119459
variance: 0.02301966372332426

AL interation 84/4801.

mae: 0.18968059575481824
max_error: 0.9216699892155524
variance: 0.023017864138590978

AL interation 85/4801.

mae: 0.18943070261091902
max_error: 0.9171171690181235
variance: 0.022913241667634313

AL interation 86/4801.

mae: 0.18938528652697612
max_error: 0.9173304025009061
variance: 0.022886383268426326

AL interation 87/4801.

mae: 0.18938684126449987
max_error: 0.9180443718795884
variance: 0.022877719726477744

AL interation 88/4801.

mae: 0.1893667439964245
max_error: 0.9220798900871432
variance: 0.022852554321600264

AL interation 89/4801.

mae: 0.18942765166653266
max_error: 0.9218749780813146
variance: 0.02291632147798559

AL interation 90/4801.

mae: 0.18943688567653152
max_error: 0.9219758890652796
variance: 0.0229139791811733

AL interation 91/4801.

mae: 0.18944741592911907
max_error: 0.9263178151892342
variance: 0.0230034543496065

AL interation 92/4801.

mae: 0.18929394003716613
max_error: 0.9009397961240848
variance: 0.022976460400732056

AL interation 93/4801.

mae: 0.18898090286354285
max_error: 0.9044706873921233
variance: 0.022796357670375404

AL interation 94/4801.

mae: 0.18898130177079406
max_error: 0.905214455769698
variance: 0.022796846869577267

AL interation 95/4801.

mae: 0.18918260640542145
max_error: 0.9065083781826913
variance: 0.022802536763918618

AL interation 96/4801.

mae: 0.18930767002685933
max_error: 0.9057455487436391
variance: 0.022781487418922695

AL interation 97/4801.

mae: 0.18934032894258407
max_error: 0.906051300132329
variance: 0.0227780410626641

AL interation 98/4801.

mae: 0.18926891330575132
max_error: 0.907285418351187
variance: 0.022753488728442038

AL interation 99/4801.

mae: 0.18850599785889172
max_error: 0.9126987254246792
variance: 0.022670648458616216

AL interation 100/4801.

mae: 0.18751490308980612
max_error: 0.9168187784397143
variance: 0.022577303026545804

AL interation 101/4801.

mae: 0.18716091960852924
max_error: 0.9126417438210965
variance: 0.022510384274140986

AL interation 102/4801.

mae: 0.1873590768641726
max_error: 0.9103143436490468
variance: 0.022445915055293416

AL interation 103/4801.

mae: 0.18751897942044232
max_error: 0.9044234399113009
variance: 0.022320099966811963

AL interation 104/4801.

mae: 0.18697828645280398
max_error: 0.9182875866432618
variance: 0.022324871860716806

AL interation 105/4801.

mae: 0.18700932822634117
max_error: 0.9192833866885333
variance: 0.022313163181774297

AL interation 106/4801.

mae: 0.18709290295128966
max_error: 0.9204496641258924
variance: 0.022338512628208438

AL interation 107/4801.

mae: 0.1870704805086137
max_error: 0.9206169625417837
variance: 0.022339992108305153

AL interation 108/4801.

mae: 0.18705641105108964
max_error: 0.9205580756162337
variance: 0.022329858379022374

AL interation 109/4801.

mae: 0.1869855737068454
max_error: 0.9193935294166691
variance: 0.022297693373185656

AL interation 110/4801.

mae: 0.18664401116848509
max_error: 0.9193698094825242
variance: 0.022126505153705026

AL interation 111/4801.

mae: 0.18619695020556282
max_error: 0.918712890769807
variance: 0.022033008656166767

AL interation 112/4801.

mae: 0.18624273597992652
max_error: 0.918430312053581
variance: 0.02206471796827302

AL interation 113/4801.

mae: 0.1862637441273692
max_error: 0.9222918949277026
variance: 0.022053859922693805

AL interation 114/4801.

mae: 0.18627813702877094
max_error: 0.9216928612091921
variance: 0.022043375901806907

AL interation 115/4801.

mae: 0.186237711636103
max_error: 0.9212634603411947
variance: 0.022025714736444477

AL interation 116/4801.

mae: 0.18623438884592447
max_error: 0.921325878150558
variance: 0.02202938665030692

AL interation 117/4801.

mae: 0.18650087420437364
max_error: 0.9183286597856681
variance: 0.022022631454616477

AL interation 118/4801.

mae: 0.1865410302139011
max_error: 0.926895481926334
variance: 0.021986593583446824

AL interation 119/4801.

mae: 0.18643663337992042
max_error: 0.9262100130751514
variance: 0.021887167420415354

AL interation 120/4801.

mae: 0.18569646872588158
max_error: 0.9120977447685519
variance: 0.021721422416821998

AL interation 121/4801.

mae: 0.1857103702259834
max_error: 0.912604706329597
variance: 0.021752620471660558

AL interation 122/4801.

mae: 0.18571945018496724
max_error: 0.9126565700622709
variance: 0.021745522016072005

AL interation 123/4801.

mae: 0.18572338419677276
max_error: 0.912638142540958
variance: 0.021746046576171185

AL interation 124/4801.

mae: 0.1849273397748274
max_error: 0.9121568694242859
variance: 0.021760946160651485

AL interation 125/4801.

mae: 0.1848833212378358
max_error: 0.9125937417090468
variance: 0.021753801193949044

AL interation 126/4801.

mae: 0.18489310265656575
max_error: 0.912640284316411
variance: 0.021760396767329392

AL interation 127/4801.

mae: 0.18504107053520424
max_error: 0.9082490520642597
variance: 0.021767561499112367

AL interation 128/4801.

mae: 0.1850591282716936
max_error: 0.9083271285601979
variance: 0.021774532629974894

AL interation 129/4801.

mae: 0.18506801516616997
max_error: 0.9078858332587547
variance: 0.021774867015769372

AL interation 130/4801.

mae: 0.185407906546115
max_error: 0.9092411503203182
variance: 0.021884705486037416

AL interation 131/4801.

mae: 0.18539356470751278
max_error: 0.9092471406045255
variance: 0.021887285632634673

AL interation 132/4801.

mae: 0.18535131459113785
max_error: 0.9090875644150063
variance: 0.021841855727273658

AL interation 133/4801.

mae: 0.18542206723503493
max_error: 0.909971254683859
variance: 0.021787799768578017

AL interation 134/4801.

mae: 0.1853098991631075
max_error: 0.9065289703358774
variance: 0.021761973025280743

AL interation 135/4801.

mae: 0.18517148304810763
max_error: 0.9001327281080393
variance: 0.02163688747464578

AL interation 136/4801.

mae: 0.1856088937290869
max_error: 0.9037950565440296
variance: 0.021610684648141323

AL interation 137/4801.

mae: 0.18562327093221576
max_error: 0.9036775625353257
variance: 0.021613876490286524

AL interation 138/4801.

mae: 0.18533136454085178
max_error: 0.9016651502028938
variance: 0.021626871150291355

AL interation 139/4801.

mae: 0.18537510991589734
max_error: 0.8979458348685843
variance: 0.021548992354947064

AL interation 140/4801.

mae: 0.18531643421312316
max_error: 0.8974910390399744
variance: 0.02155179277274349

AL interation 141/4801.

mae: 0.18530565144821368
max_error: 0.896248178213982
variance: 0.021556382774831295

AL interation 142/4801.

mae: 0.1853912779892503
max_error: 0.8960768394178671
variance: 0.021572687230741436

AL interation 143/4801.

mae: 0.18555441828187078
max_error: 0.8949139222644309
variance: 0.02160842073708834

AL interation 144/4801.

mae: 0.18560425405880776
max_error: 0.8936451706568667
variance: 0.021612896812966707

AL interation 145/4801.

mae: 0.18571192914207832
max_error: 0.9266425346887179
variance: 0.021928103354789893

AL interation 146/4801.

mae: 0.18572439477651162
max_error: 0.9350904454875146
variance: 0.021947812960713842

AL interation 147/4801.

mae: 0.18509144593286392
max_error: 0.918920242709999
variance: 0.021724368975894377

AL interation 148/4801.

mae: 0.18497121731285565
max_error: 0.9233471374150619
variance: 0.021712956447069658

AL interation 149/4801.

mae: 0.18497127835436367
max_error: 0.9233612606302963
variance: 0.021712900540309926

AL interation 150/4801.

mae: 0.18494805583828275
max_error: 0.9280158968047771
variance: 0.021748905590994023

AL interation 151/4801.

mae: 0.18533488463410827
max_error: 0.9277050699339859
variance: 0.02174462824883392

AL interation 152/4801.

mae: 0.18513476523216232
max_error: 0.9074451671677513
variance: 0.02169698035853247

AL interation 153/4801.

mae: 0.18493558197542084
max_error: 0.9080712795698945
variance: 0.021691203836989584

AL interation 154/4801.

mae: 0.1849017053184977
max_error: 0.913233129445009
variance: 0.021620134989098604

AL interation 155/4801.

mae: 0.18485237522152942
max_error: 0.9128020003632491
variance: 0.02159668875579718

AL interation 156/4801.

mae: 0.18485986909300647
max_error: 0.9122663824896888
variance: 0.021584844563218863

AL interation 157/4801.

mae: 0.18486395761774707
max_error: 0.9128608827498232
variance: 0.02156809984022254

AL interation 158/4801.

mae: 0.18522064343876646
max_error: 0.9048376027068671
variance: 0.021509987366222973

AL interation 159/4801.

mae: 0.18523071723671689
max_error: 0.9055791752944973
variance: 0.02158510023155939

AL interation 160/4801.

mae: 0.18512314851061393
max_error: 0.9047481774526948
variance: 0.021578069564087345

AL interation 161/4801.

mae: 0.18492597624308735
max_error: 0.9001636781532885
variance: 0.021571911701140395

AL interation 162/4801.

mae: 0.18508594615556917
max_error: 0.8988929051519533
variance: 0.021583922626371856

AL interation 163/4801.

mae: 0.18495801272888024
max_error: 0.9138068603747183
variance: 0.02140333762227136

AL interation 164/4801.

mae: 0.1851056771052971
max_error: 0.9110145348650689
variance: 0.02141285989809009

AL interation 165/4801.

mae: 0.1849272758933587
max_error: 0.9083442387649169
variance: 0.021319370891035347

AL interation 166/4801.

mae: 0.18422263572080613
max_error: 0.8971837900669659
variance: 0.021176960400281084

AL interation 167/4801.

mae: 0.18428137417074536
max_error: 0.8972420251351052
variance: 0.021194065549762945

AL interation 168/4801.

mae: 0.18425372201293858
max_error: 0.8968662637476226
variance: 0.021176654349395543

AL interation 169/4801.

mae: 0.18431937770554835
max_error: 0.8985615769207231
variance: 0.02118823275336746

AL interation 170/4801.

mae: 0.18478675670959696
max_error: 0.8969851180661821
variance: 0.02116927023764612

AL interation 171/4801.

mae: 0.18413698872502757
max_error: 0.8971656066554043
variance: 0.02115979570484482

AL interation 172/4801.

mae: 0.18432577683367385
max_error: 0.9028577490612011
variance: 0.021090509081153296

AL interation 173/4801.

mae: 0.18431855178065268
max_error: 0.9026554982239219
variance: 0.02107783801293914

AL interation 174/4801.

mae: 0.1842711169227348
max_error: 0.9027155680534769
variance: 0.021070250576407882

AL interation 175/4801.

mae: 0.18426869403783971
max_error: 0.9027265651077807
variance: 0.021068295638702186

AL interation 176/4801.

mae: 0.1839520691628503
max_error: 0.9007386389375558
variance: 0.02093350972216643

AL interation 177/4801.

mae: 0.18325716006052667
max_error: 0.9019636558560122
variance: 0.0207334169420053

AL interation 178/4801.

mae: 0.18318400231293816
max_error: 0.8930642815368786
variance: 0.020801168441165897

AL interation 179/4801.

mae: 0.18345968270115143
max_error: 0.8935412913378393
variance: 0.020831482969493074

AL interation 180/4801.

mae: 0.18345834077903317
max_error: 0.8935628427423747
variance: 0.020831056377352993

AL interation 181/4801.

mae: 0.18335549906717502
max_error: 0.8928789419909458
variance: 0.02082744567496953

AL interation 182/4801.

mae: 0.1826263785363107
max_error: 0.8945066201751881
variance: 0.020607669049248822

AL interation 183/4801.

mae: 0.18277349074231178
max_error: 0.8897673265868693
variance: 0.020700418687637504

AL interation 184/4801.

mae: 0.18287809635905178
max_error: 0.8894714665953212
variance: 0.0206826417280555

AL interation 185/4801.

mae: 0.18300308604723486
max_error: 0.8887457877267197
variance: 0.020752574295174766

AL interation 186/4801.

mae: 0.1829064399026082
max_error: 0.8893891673995851
variance: 0.020681357832529886

AL interation 187/4801.

mae: 0.18230523582939628
max_error: 0.8935968940498731
variance: 0.020607038212567794

AL interation 188/4801.

mae: 0.18202813919365354
max_error: 0.8992165020167506
variance: 0.020600612363390544

AL interation 189/4801.

mae: 0.1820557202757816
max_error: 0.9022175961757581
variance: 0.020617055048076895

AL interation 190/4801.

mae: 0.1820453537985932
max_error: 0.9019320798037501
variance: 0.020628834020842573

AL interation 191/4801.

mae: 0.18208659621212206
max_error: 0.9005736809587226
variance: 0.0205261845328375

AL interation 192/4801.

mae: 0.18207622253088357
max_error: 0.8957640353990528
variance: 0.020522929692873487

AL interation 193/4801.

mae: 0.1822727194663649
max_error: 0.8938590291067084
variance: 0.020547883924851188

AL interation 194/4801.

mae: 0.18229113950857417
max_error: 0.894042248298439
variance: 0.020552138759227515

AL interation 195/4801.

mae: 0.18238688675288983
max_error: 0.8897338802685707
variance: 0.020689926289629353

AL interation 196/4801.

mae: 0.18226559259326508
max_error: 0.8911763971552376
variance: 0.020659159054982612

AL interation 197/4801.

mae: 0.1814201216962108
max_error: 0.8903787195848148
variance: 0.020556258858105074

AL interation 198/4801.

mae: 0.18143337518270938
max_error: 0.8898613726048151
variance: 0.020592812276311236

AL interation 199/4801.

mae: 0.1814262800840002
max_error: 0.8896139813196342
variance: 0.020599244027342017

AL interation 200/4801.

mae: 0.1813925393323025
max_error: 0.890425615534401
variance: 0.020584139919894776

AL interation 201/4801.

mae: 0.18144872399232764
max_error: 0.8891748458087644
variance: 0.020579156223689537

AL interation 202/4801.

mae: 0.18134330203556068
max_error: 0.8884950474650716
variance: 0.020574909976501642

AL interation 203/4801.

mae: 0.18112635442276365
max_error: 0.8902670400500713
variance: 0.020586243637344043

AL interation 204/4801.

mae: 0.1812640932720134
max_error: 0.8950514526824167
variance: 0.020574460007522645

AL interation 205/4801.

mae: 0.18127862996218272
max_error: 0.8999509096452197
variance: 0.020566970984487298

AL interation 206/4801.

mae: 0.18139681446532757
max_error: 0.8982322227138166
variance: 0.020729557350376293

AL interation 207/4801.

mae: 0.18141377446182363
max_error: 0.8982939296086131
variance: 0.020831123958855068

AL interation 208/4801.

mae: 0.18139709974179916
max_error: 0.8956235828592982
variance: 0.02083411635094462

AL interation 209/4801.

mae: 0.18029078416021835
max_error: 0.8886716383676291
variance: 0.020720828788398097

AL interation 210/4801.

mae: 0.1802827513484245
max_error: 0.8886637587529195
variance: 0.02071783646714771

AL interation 211/4801.

mae: 0.18012917237484302
max_error: 0.8837790202980209
variance: 0.020695376020019234

AL interation 212/4801.

mae: 0.18025330113651353
max_error: 0.8835425370005234
variance: 0.020659271492740158

AL interation 213/4801.

mae: 0.18025029837487058
max_error: 0.8835807516961184
variance: 0.02065894244233622

AL interation 214/4801.

mae: 0.1802600280301922
max_error: 0.8834467421112128
variance: 0.020660185384621846

AL interation 215/4801.

mae: 0.17983409191252933
max_error: 0.8843447855323783
variance: 0.02065265516835131

AL interation 216/4801.

mae: 0.17949836027432542
max_error: 0.8885397877994837
variance: 0.020622126100785607

AL interation 217/4801.

mae: 0.17936335938286435
max_error: 0.8906613861453426
variance: 0.020576532707937904

AL interation 218/4801.

mae: 0.1789501932134731
max_error: 0.8903426509394374
variance: 0.020487335697336895

AL interation 219/4801.

mae: 0.17899909885375748
max_error: 0.8898805930944832
variance: 0.02046335962002142

AL interation 220/4801.

mae: 0.17893109372816143
max_error: 0.8944880681873187
variance: 0.020470164784013586

AL interation 221/4801.

mae: 0.17884800991954933
max_error: 0.898071828173294
variance: 0.020470888605504025

AL interation 222/4801.

mae: 0.17884946996158563
max_error: 0.8980781885423411
variance: 0.020471903889370528

AL interation 223/4801.

mae: 0.1789426090912185
max_error: 0.899860243105285
variance: 0.02050143175098533

AL interation 224/4801.

mae: 0.17897594154376356
max_error: 0.8996380616674562
variance: 0.020512248396034286

AL interation 225/4801.

mae: 0.1789164440015993
max_error: 0.8994982441440116
variance: 0.020508258548362822

AL interation 226/4801.

mae: 0.17896512890510782
max_error: 0.899455479061023
variance: 0.02042852681509326

AL interation 227/4801.

mae: 0.17891615725843107
max_error: 0.8957136255685416
variance: 0.020417228958272138

AL interation 228/4801.

mae: 0.17901898818357484
max_error: 0.8938962725708646
variance: 0.020415480173299125

AL interation 229/4801.

mae: 0.17849714152460122
max_error: 0.9099078153697672
variance: 0.020457744613206458

AL interation 230/4801.

mae: 0.1785319339729958
max_error: 0.9096831822529864
variance: 0.02042635980955456

AL interation 231/4801.

mae: 0.17853862992396252
max_error: 0.9090985255784891
variance: 0.020421277413459966

AL interation 232/4801.

mae: 0.17850208431837303
max_error: 0.9090187615284457
variance: 0.02040901109718772

AL interation 233/4801.

mae: 0.1783732512933347
max_error: 0.9082916423316255
variance: 0.020422206383002933

AL interation 234/4801.

mae: 0.17810477200464725
max_error: 0.9091632337181377
variance: 0.020239529184368676

AL interation 235/4801.

mae: 0.1781081930555168
max_error: 0.9094130376066473
variance: 0.020229823428004626

AL interation 236/4801.

mae: 0.1780094258353686
max_error: 0.9214874565132571
variance: 0.020205001609881024

AL interation 237/4801.

mae: 0.17804409751045808
max_error: 0.9212855209802806
variance: 0.020203993371275063

AL interation 238/4801.

mae: 0.17745063060789512
max_error: 0.9232030131657547
variance: 0.020184112305392122

AL interation 239/4801.

mae: 0.1773345511348911
max_error: 0.9171391068780153
variance: 0.020173737387392685

AL interation 240/4801.

mae: 0.17673460548922
max_error: 0.9169524006385646
variance: 0.020126989873763153

AL interation 241/4801.

mae: 0.176749688899841
max_error: 0.9155826065517372
variance: 0.020139217891350578

AL interation 242/4801.

mae: 0.17679930113565132
max_error: 0.9169129834106615
variance: 0.020153607413597376

AL interation 243/4801.

mae: 0.17655274766197201
max_error: 0.9141590234566328
variance: 0.020077949502162604

AL interation 244/4801.

mae: 0.17643253200761627
max_error: 0.9222056198811344
variance: 0.020054578896959087

AL interation 245/4801.

mae: 0.17653017287856995
max_error: 0.9211187900444919
variance: 0.02016339204184751

AL interation 246/4801.

mae: 0.17579452066287662
max_error: 0.9200018027584627
variance: 0.01991511503563014

AL interation 247/4801.

mae: 0.1758026681699555
max_error: 0.9201635962465956
variance: 0.019919819942269785

AL interation 248/4801.

mae: 0.17579421745668258
max_error: 0.9196547128698733
variance: 0.019912417931440028

AL interation 249/4801.

mae: 0.175859903991946
max_error: 0.9206896299526037
variance: 0.01993581330396786

AL interation 250/4801.

mae: 0.17579225768217635
max_error: 0.9193688149063816
variance: 0.019876222640472774

AL interation 251/4801.

mae: 0.17537842814942592
max_error: 0.9202779789513325
variance: 0.019760201184097426

AL interation 252/4801.

mae: 0.17507811561706216
max_error: 0.9185058300841871
variance: 0.019711586662490344

AL interation 253/4801.

mae: 0.17507449438121567
max_error: 0.9180978244790549
variance: 0.019704225593181114

AL interation 254/4801.

mae: 0.1749477885980349
max_error: 0.9157425219203079
variance: 0.019731911368599336

AL interation 255/4801.

mae: 0.17495786464521165
max_error: 0.9169225803217884
variance: 0.019740864242411626

AL interation 256/4801.

mae: 0.17496016263439823
max_error: 0.9153085858963639
variance: 0.019732643157653107

AL interation 257/4801.

mae: 0.17514459793705817
max_error: 0.9112330987969776
variance: 0.019644680880945484

AL interation 258/4801.

mae: 0.1750968150659025
max_error: 0.9111041701935377
variance: 0.019630953924424772

AL interation 259/4801.

mae: 0.17513022803151587
max_error: 0.911861700395557
variance: 0.019648983565107504

AL interation 260/4801.

mae: 0.1750826609792306
max_error: 0.9106349821912516
variance: 0.019626216470286943

AL interation 261/4801.

mae: 0.1749074893931908
max_error: 0.9124332331536867
variance: 0.01956179940199999

AL interation 262/4801.

mae: 0.1749034308166765
max_error: 0.9123842764728242
variance: 0.019561604838480393

AL interation 263/4801.

mae: 0.17491247481479746
max_error: 0.9125320641543458
variance: 0.019561400944045664

AL interation 264/4801.

mae: 0.1748863347822064
max_error: 0.9122588748900347
variance: 0.019559525786382904

AL interation 265/4801.

mae: 0.17475493757737168
max_error: 0.910698801250656
variance: 0.01947699642707109

AL interation 266/4801.

mae: 0.17482310886789537
max_error: 0.9102110007577408
variance: 0.019466026549709328

AL interation 267/4801.

mae: 0.17482738473332152
max_error: 0.9097447342448864
variance: 0.01948798558066539

AL interation 268/4801.

mae: 0.174839357191431
max_error: 0.9093902899055246
variance: 0.019487012708529806

AL interation 269/4801.

mae: 0.17483007985660276
max_error: 0.9100108211299595
variance: 0.01946453817299173

AL interation 270/4801.

mae: 0.17480153175344082
max_error: 0.9102852040984573
variance: 0.01951093553361214

AL interation 271/4801.

mae: 0.17480578970162047
max_error: 0.9100894116393407
variance: 0.01951178357927964

AL interation 272/4801.

mae: 0.1749193854348726
max_error: 0.9148840323473527
variance: 0.01956374440336694

AL interation 273/4801.

mae: 0.17557509172395874
max_error: 0.9241207079767999
variance: 0.019450058111069514

AL interation 274/4801.

mae: 0.17551779416871363
max_error: 0.9341922268924998
variance: 0.019440734441645315

AL interation 275/4801.

mae: 0.17552344878973758
max_error: 0.9335638948089502
variance: 0.01945496792963015

AL interation 276/4801.

mae: 0.17507257718234495
max_error: 0.9269791224816475
variance: 0.019584709094457184

AL interation 277/4801.

mae: 0.1750870507627781
max_error: 0.9265161145572081
variance: 0.019586141109985016

AL interation 278/4801.

mae: 0.17533398492085078
max_error: 0.925278529808854
variance: 0.01964454025038799

AL interation 279/4801.

mae: 0.17530768430287025
max_error: 0.9258656715832494
variance: 0.019582325893805593

AL interation 280/4801.

mae: 0.1752003597678378
max_error: 0.922075827975807
variance: 0.019518827299842667

AL interation 281/4801.

mae: 0.1752286311079725
max_error: 0.9241083105760989
variance: 0.019485753134016303

AL interation 282/4801.

mae: 0.17506271293263365
max_error: 0.9307212197861239
variance: 0.01948434252880805

AL interation 283/4801.

mae: 0.17489072434517125
max_error: 0.9331433996321591
variance: 0.019469983160714265

AL interation 284/4801.

mae: 0.17487344901770333
max_error: 0.9370670081396316
variance: 0.01946467891721904

AL interation 285/4801.

mae: 0.17479636844573826
max_error: 0.9360456173776807
variance: 0.01946169926402369

AL interation 286/4801.

mae: 0.1747129348814229
max_error: 0.9361146559236363
variance: 0.01948028260856563

AL interation 287/4801.

mae: 0.17452189346713823
max_error: 0.9398443900237787
variance: 0.019371757483955632

AL interation 288/4801.

mae: 0.17479814224196974
max_error: 0.9366046376902804
variance: 0.01946409258404897

AL interation 289/4801.

mae: 0.17484184456012208
max_error: 0.9432106604934606
variance: 0.019450109263483385

AL interation 290/4801.

mae: 0.17485359836732667
max_error: 0.9432054604843353
variance: 0.019441239377032005

AL interation 291/4801.

mae: 0.17499843366284262
max_error: 0.9426160184125438
variance: 0.019445929915544672

AL interation 292/4801.

mae: 0.17477437597772666
max_error: 0.9426549973882008
variance: 0.019425959355894473

AL interation 293/4801.

mae: 0.17489383171237607
max_error: 0.9463117443627826
variance: 0.019454747494857556

AL interation 294/4801.

mae: 0.17492565574837907
max_error: 0.94302272916594
variance: 0.01946991087635839

AL interation 295/4801.

mae: 0.1748978441446473
max_error: 0.9410410402118955
variance: 0.019379859140351667

AL interation 296/4801.

mae: 0.17486212356193037
max_error: 0.9436479110190887
variance: 0.0193729677631627

AL interation 297/4801.

mae: 0.17484713891911047
max_error: 0.9439682981375601
variance: 0.019359563344861403

AL interation 298/4801.

mae: 0.17467507643859506
max_error: 0.9420557951302062
variance: 0.019314933465197994

AL interation 299/4801.

mae: 0.17480052583583688
max_error: 0.942319108230248
variance: 0.01932596461123272

AL interation 300/4801.

mae: 0.1747457760104685
max_error: 0.9426915606856834
variance: 0.019317784343700656

AL interation 301/4801.

mae: 0.1746623491669468
max_error: 0.9249257151805441
variance: 0.019294830113369264

AL interation 302/4801.

mae: 0.17427924185264956
max_error: 0.9250057963861293
variance: 0.01923735501919225

AL interation 303/4801.

mae: 0.17451698729262866
max_error: 0.9251212860400986
variance: 0.01926356164955159

AL interation 304/4801.

mae: 0.1745315019105813
max_error: 0.925481371893355
variance: 0.019264283831301448

AL interation 305/4801.

mae: 0.17430021799240564
max_error: 0.9252149235478067
variance: 0.01921308157280772

AL interation 306/4801.

mae: 0.1743053753736864
max_error: 0.9263195967130577
variance: 0.019212345429438282

AL interation 307/4801.

mae: 0.1740879056594332
max_error: 0.926679444959293
variance: 0.019228573021169825

AL interation 308/4801.

mae: 0.17420914910276264
max_error: 0.9308490711161923
variance: 0.019262303222194428

AL interation 309/4801.

mae: 0.1742651274346953
max_error: 0.9302995519743951
variance: 0.019229539835185366

AL interation 310/4801.

mae: 0.17425427235909946
max_error: 0.9305441142831055
variance: 0.0192275656080813

AL interation 311/4801.

mae: 0.17435349848690704
max_error: 0.9310280942049034
variance: 0.01920043807948145

AL interation 312/4801.

mae: 0.17435406735275735
max_error: 0.931063268833104
variance: 0.01919972650296145

AL interation 313/4801.

mae: 0.17414044251328512
max_error: 0.9266010574310717
variance: 0.019164686199693866

AL interation 314/4801.

mae: 0.17411397004237641
max_error: 0.9242443306332362
variance: 0.019160735959557

AL interation 315/4801.

mae: 0.17391337961078399
max_error: 0.9208546067078229
variance: 0.01923005364129681

AL interation 316/4801.

mae: 0.17381720706123613
max_error: 0.9204360525013224
variance: 0.01923148338084544

AL interation 317/4801.

mae: 0.17382496157662264
max_error: 0.9197862767925253
variance: 0.019236206110380738

AL interation 318/4801.

mae: 0.17410307708916242
max_error: 0.9218207390667741
variance: 0.01920427904996171

AL interation 319/4801.

mae: 0.1741033051654398
max_error: 0.9218525692322024
variance: 0.019204578025992184

AL interation 320/4801.

mae: 0.17393460430984228
max_error: 0.9217506567669087
variance: 0.019167268614203457

AL interation 321/4801.

mae: 0.17389647563302268
max_error: 0.9222425617917136
variance: 0.019155684673515274

AL interation 322/4801.

mae: 0.17415346460228415
max_error: 0.923138814253073
variance: 0.019158625555799606

AL interation 323/4801.

mae: 0.173753842104846
max_error: 0.919879716231246
variance: 0.019249858127070515

AL interation 324/4801.

mae: 0.1736780559790286
max_error: 0.9188939954143769
variance: 0.01920780587940735

AL interation 325/4801.

mae: 0.1736275642385775
max_error: 0.9185610905683865
variance: 0.019212004786550288

AL interation 326/4801.

mae: 0.17368528989738344
max_error: 0.9200190914550395
variance: 0.01922167720918143

AL interation 327/4801.

mae: 0.17369863994722823
max_error: 0.9203712339188816
variance: 0.01922719790168073

AL interation 328/4801.

mae: 0.1736165791683824
max_error: 0.9241226170143562
variance: 0.019276863575491854

AL interation 329/4801.

mae: 0.17358022905685142
max_error: 0.9244351177076815
variance: 0.019265270876186062

AL interation 330/4801.

mae: 0.17363308430372387
max_error: 0.9248211035270255
variance: 0.019282780164016033

AL interation 331/4801.

mae: 0.17372811504177843
max_error: 0.9238282560284794
variance: 0.01929426419343753

AL interation 332/4801.

mae: 0.17364729358730754
max_error: 0.9252890868348487
variance: 0.019257463862625997

AL interation 333/4801.

mae: 0.17376978805615323
max_error: 0.929721578680264
variance: 0.019307322436154954

AL interation 334/4801.

mae: 0.173804051060989
max_error: 0.9248473943213331
variance: 0.019205358911737837

AL interation 335/4801.

mae: 0.17354098062326567
max_error: 0.9240326011210365
variance: 0.019162743072058216

AL interation 336/4801.

mae: 0.17329044844825028
max_error: 0.9261393821066799
variance: 0.01905048733250636

AL interation 337/4801.

mae: 0.1731208657681302
max_error: 0.9313888374502692
variance: 0.018982458362779266

AL interation 338/4801.

mae: 0.17270527735343288
max_error: 0.9351357000383711
variance: 0.01890022156586877

AL interation 339/4801.

mae: 0.17270501439821218
max_error: 0.9362487518144416
variance: 0.01890965483628662

AL interation 340/4801.

mae: 0.1726224658001033
max_error: 0.9352435750911969
variance: 0.018875577400879754

AL interation 341/4801.

mae: 0.17277086178489884
max_error: 0.932718718181412
variance: 0.018909002318335824

AL interation 342/4801.

mae: 0.1728573588279196
max_error: 0.9365844328385255
variance: 0.018914525851226802

AL interation 343/4801.

mae: 0.1730102620058748
max_error: 0.9324995471110546
variance: 0.018917148506813544

AL interation 344/4801.

mae: 0.17308223561509134
max_error: 0.9169232326834744
variance: 0.018986279834105

AL interation 345/4801.

mae: 0.17304447864811784
max_error: 0.9131091914738889
variance: 0.018970480671866824

AL interation 346/4801.

mae: 0.17303291486730943
max_error: 0.9131582109109426
variance: 0.018973532359716296

AL interation 347/4801.

mae: 0.1730069234128559
max_error: 0.9138072956844092
variance: 0.01896473222529089

AL interation 348/4801.

mae: 0.17310561149836737
max_error: 0.9125147971652336
variance: 0.01902424566550175

AL interation 349/4801.

mae: 0.1730732937693128
max_error: 0.9118427587922147
variance: 0.019024339502379972

AL interation 350/4801.

mae: 0.1724970434903035
max_error: 0.9109962963504918
variance: 0.0188444716359141

AL interation 351/4801.

mae: 0.17248650862381867
max_error: 0.9120087372532374
variance: 0.01887167961776191

AL interation 352/4801.

mae: 0.17234978622581837
max_error: 0.9063324555960321
variance: 0.01882063206231999

AL interation 353/4801.

mae: 0.17184055214848956
max_error: 0.8912604356140077
variance: 0.018779988127024024

AL interation 354/4801.

mae: 0.17181124144144733
max_error: 0.8904594688609953
variance: 0.018760577073197587

AL interation 355/4801.

mae: 0.1718091677220589
max_error: 0.8913655741123746
variance: 0.01876910222713701

AL interation 356/4801.

mae: 0.17178142366724122
max_error: 0.8920047492949787
variance: 0.01875245927118959

AL interation 357/4801.

mae: 0.171798514226516
max_error: 0.892414235874076
variance: 0.018740235662577116

AL interation 358/4801.

mae: 0.1717916948096923
max_error: 0.8924774298441789
variance: 0.01873837755256389

AL interation 359/4801.

mae: 0.17168200126073657
max_error: 0.8933948629526185
variance: 0.018698493768587492

AL interation 360/4801.

mae: 0.17168862647965857
max_error: 0.8929616037669279
variance: 0.01869791039739276

AL interation 361/4801.

mae: 0.17193584306041568
max_error: 0.8992638386106526
variance: 0.018578465870901107

AL interation 362/4801.

mae: 0.17191611955816657
max_error: 0.899575953657864
variance: 0.018580764700831892

AL interation 363/4801.

mae: 0.17185954360362823
max_error: 0.8994908431258745
variance: 0.018479282101943433

AL interation 364/4801.

mae: 0.1715881050902389
max_error: 0.8908228608965687
variance: 0.018480398818960374

AL interation 365/4801.

mae: 0.1712082620844364
max_error: 0.8922690360272534
variance: 0.01843189135530204

AL interation 366/4801.

mae: 0.17051773708412687
max_error: 0.859743179019678
variance: 0.018153681467157113

AL interation 367/4801.

mae: 0.17051116024196875
max_error: 0.8594485614059568
variance: 0.018161348765502485

AL interation 368/4801.

mae: 0.17051179923465326
max_error: 0.8594436120886786
variance: 0.01816132681998024

AL interation 369/4801.

mae: 0.17024652461731762
max_error: 0.8582325503489138
variance: 0.01817396457396535

AL interation 370/4801.

mae: 0.17030377475680666
max_error: 0.8597785488764691
variance: 0.018175485762143027

AL interation 371/4801.

mae: 0.17036422954881586
max_error: 0.8626244891637507
variance: 0.018180334689099437

AL interation 372/4801.

mae: 0.17035891363777705
max_error: 0.8605921747425831
variance: 0.01813233156799058

AL interation 373/4801.

mae: 0.1698557012651793
max_error: 0.8398883594657462
variance: 0.017999654755675012

AL interation 374/4801.

mae: 0.16989455278482074
max_error: 0.8405105427734345
variance: 0.01799416486917759

AL interation 375/4801.

mae: 0.16988381768665933
max_error: 0.8404596807012064
variance: 0.01799318050745829

AL interation 376/4801.

mae: 0.1697305657792781
max_error: 0.8396272420170698
variance: 0.017999582253195583

AL interation 377/4801.

mae: 0.16947101037617296
max_error: 0.8392470018557057
variance: 0.017983689886754358

AL interation 378/4801.

mae: 0.1693876591808061
max_error: 0.839148138183702
variance: 0.01798996795646197

AL interation 379/4801.

mae: 0.1694799460624513
max_error: 0.8378647239401172
variance: 0.018007476467839484

AL interation 380/4801.

mae: 0.16942535438253997
max_error: 0.8388053979800112
variance: 0.018032694653199625

AL interation 381/4801.

mae: 0.16952749929291655
max_error: 0.8382039265965293
variance: 0.018045891785394563

AL interation 382/4801.

mae: 0.16961462094997823
max_error: 0.8383110780198832
variance: 0.01803011280602631

AL interation 383/4801.

mae: 0.1695096234577249
max_error: 0.8300748902196964
variance: 0.01803857135269171

AL interation 384/4801.

mae: 0.16936498930338728
max_error: 0.832027000340463
variance: 0.01801486345498628

AL interation 385/4801.

mae: 0.1693515640927667
max_error: 0.8321369572242174
variance: 0.01801345188055716

AL interation 386/4801.

mae: 0.16937258185084159
max_error: 0.8322993517276109
variance: 0.018028940690579257

AL interation 387/4801.

mae: 0.1693728014065127
max_error: 0.83264623063174
variance: 0.018038235434874143

AL interation 388/4801.

mae: 0.16920822486047718
max_error: 0.8316183627903995
variance: 0.017987223540498753

AL interation 389/4801.

mae: 0.1692739129317152
max_error: 0.8340598004152463
variance: 0.018001530585095713

AL interation 390/4801.

mae: 0.16928804817562235
max_error: 0.8345392493311199
variance: 0.018000878532875093

AL interation 391/4801.

mae: 0.1692997762697814
max_error: 0.8343582571372854
variance: 0.018003538265844703

AL interation 392/4801.

mae: 0.16924176949070888
max_error: 0.8340879856204475
variance: 0.018042105537276948

AL interation 393/4801.

mae: 0.16893643143164497
max_error: 0.8334025959975349
variance: 0.018028430652735877

AL interation 394/4801.

mae: 0.16856273469003355
max_error: 0.8383222445174427
variance: 0.018082238360056065

AL interation 395/4801.

mae: 0.1685517426837197
max_error: 0.8383811692100089
variance: 0.018081067258971364

AL interation 396/4801.

mae: 0.16889823794659817
max_error: 0.852587754539646
variance: 0.018211852293014915

AL interation 397/4801.

mae: 0.1688973041051957
max_error: 0.8523973454737197
variance: 0.018211862346532912

AL interation 398/4801.

mae: 0.16892098474517714
max_error: 0.8514076522604463
variance: 0.018203939906022076

AL interation 399/4801.

mae: 0.16877563322409794
max_error: 0.8447331749877651
variance: 0.018195874957341544

AL interation 400/4801.

mae: 0.16867793251835436
max_error: 0.8506701872642992
variance: 0.018262551116772434

AL interation 401/4801.

mae: 0.16867514837706743
max_error: 0.8514411310502897
variance: 0.01826273979043497

AL interation 402/4801.

mae: 0.1687434862306203
max_error: 0.8577827051617879
variance: 0.018244557683674542

AL interation 403/4801.

mae: 0.16854043824153425
max_error: 0.8567002635231595
variance: 0.018210802111351496

AL interation 404/4801.

mae: 0.16845112240562923
max_error: 0.8570581832892279
variance: 0.01824498915101486

AL interation 405/4801.

mae: 0.1678523624957187
max_error: 0.8029379710196975
variance: 0.018041625706990444

AL interation 406/4801.

mae: 0.16769951112654344
max_error: 0.8057593133416243
variance: 0.017983958638625838

AL interation 407/4801.

mae: 0.16764029846731998
max_error: 0.8069431040359107
variance: 0.0179700130083276

AL interation 408/4801.

mae: 0.16751238085742284
max_error: 0.8074498472277767
variance: 0.017899743238492503

AL interation 409/4801.

mae: 0.167317896943157
max_error: 0.8143251987820088
variance: 0.01787921209838906

AL interation 410/4801.

mae: 0.16723041749598536
max_error: 0.8154499968072988
variance: 0.017869405568355708

AL interation 411/4801.

mae: 0.16723334814190308
max_error: 0.8152171777617427
variance: 0.01781739178733296

AL interation 412/4801.

mae: 0.16692478701990063
max_error: 0.8168279144742041
variance: 0.017810604631248672

AL interation 413/4801.

mae: 0.16682664837492941
max_error: 0.8128833662349642
variance: 0.01783707777669399

AL interation 414/4801.

mae: 0.16688918328865116
max_error: 0.813714670107029
variance: 0.01784925812934009

AL interation 415/4801.

mae: 0.1668662114696519
max_error: 0.8137043120724392
variance: 0.01786000637907799

AL interation 416/4801.

mae: 0.16690917386742915
max_error: 0.8087407170062884
variance: 0.01787955839508403

AL interation 417/4801.

mae: 0.16688277113636235
max_error: 0.8084695880609498
variance: 0.017875043540493712

AL interation 418/4801.

mae: 0.16679782486709588
max_error: 0.8092468061915585
variance: 0.017804989005130653

AL interation 419/4801.

mae: 0.16677866408031614
max_error: 0.8091130864203848
variance: 0.01780544511792675

AL interation 420/4801.

mae: 0.16680664871772174
max_error: 0.8127083116214642
variance: 0.017874552521710146

AL interation 421/4801.

mae: 0.16678317289611697
max_error: 0.8161038770955167
variance: 0.017855117463405668

AL interation 422/4801.

mae: 0.16675700305187463
max_error: 0.8182581052144942
variance: 0.017737875386378027

AL interation 423/4801.

mae: 0.166694844588417
max_error: 0.8185436307761291
variance: 0.01772983385597868

AL interation 424/4801.

mae: 0.16671067343403068
max_error: 0.8187423475167952
variance: 0.017728732450680025

AL interation 425/4801.

mae: 0.166835117111913
max_error: 0.8163924344517826
variance: 0.017739411693543813

AL interation 426/4801.

mae: 0.16674880287024132
max_error: 0.8155746228068081
variance: 0.01773230739359675

AL interation 427/4801.

mae: 0.16704799205162327
max_error: 0.8254233711736063
variance: 0.017727352105556055

AL interation 428/4801.

mae: 0.16693964183389742
max_error: 0.8240038868699602
variance: 0.017732550099583622

AL interation 429/4801.

mae: 0.16693882167364127
max_error: 0.8241199043941139
variance: 0.017732918570722074

AL interation 430/4801.

mae: 0.1669325822245433
max_error: 0.8252175821553451
variance: 0.017742599261445426

AL interation 431/4801.

mae: 0.16688235600497536
max_error: 0.825135984794974
variance: 0.017736687047279116

AL interation 432/4801.

mae: 0.1668806293760415
max_error: 0.8251855143750348
variance: 0.01773879983166544

AL interation 433/4801.

mae: 0.16691669729801004
max_error: 0.824971266819079
variance: 0.017750249863214513

AL interation 434/4801.

mae: 0.16652583562658
max_error: 0.8216063490970849
variance: 0.017669738449378667

AL interation 435/4801.

mae: 0.16644885506323784
max_error: 0.8254979707364061
variance: 0.017710855950067852

AL interation 436/4801.

mae: 0.16655956940253064
max_error: 0.8303054514232291
variance: 0.01771851894260168

AL interation 437/4801.

mae: 0.16659203950457596
max_error: 0.8296968789555725
variance: 0.01772645899930816

AL interation 438/4801.

mae: 0.16646768645724735
max_error: 0.8299219188401792
variance: 0.017730385763532534

AL interation 439/4801.

mae: 0.16643027782985956
max_error: 0.8300859678151782
variance: 0.01771715727034115

AL interation 440/4801.

mae: 0.1665498055202497
max_error: 0.8246599760259872
variance: 0.017668586493683747

AL interation 441/4801.

mae: 0.16660546514104338
max_error: 0.8249982935418476
variance: 0.017674640980114342

AL interation 442/4801.

mae: 0.16655286398958494
max_error: 0.8247195732942618
variance: 0.01765418235762563

AL interation 443/4801.

mae: 0.16648204331426905
max_error: 0.8372784471100037
variance: 0.017683030103989122

AL interation 444/4801.

mae: 0.16648990977251013
max_error: 0.8374817575909743
variance: 0.01767859345970733

AL interation 445/4801.

mae: 0.16652825103898874
max_error: 0.8445832186064748
variance: 0.017679247151347985

AL interation 446/4801.

mae: 0.16683923057513203
max_error: 0.8462786494840726
variance: 0.01778738067546189

AL interation 447/4801.

mae: 0.16686346217574044
max_error: 0.8445210896489019
variance: 0.017722082521911826

AL interation 448/4801.

mae: 0.16680808523214932
max_error: 0.8450370956331561
variance: 0.017693248032711592

AL interation 449/4801.

mae: 0.16681247385102432
max_error: 0.843782060957508
variance: 0.017696729103634592

AL interation 450/4801.

mae: 0.16692301522276182
max_error: 0.8418615701241752
variance: 0.017714831265150673

AL interation 451/4801.

mae: 0.16692570928808603
max_error: 0.8419698116773331
variance: 0.017718047369549374

AL interation 452/4801.

mae: 0.1668938455705597
max_error: 0.8423792959118344
variance: 0.017714528346639478

AL interation 453/4801.

mae: 0.16728801370433422
max_error: 0.8416957615360041
variance: 0.017871623222628336

AL interation 454/4801.

mae: 0.16728231565103885
max_error: 0.8380063298019111
variance: 0.017868838196147208

AL interation 455/4801.

mae: 0.16706087836246333
max_error: 0.840847603469012
variance: 0.01783712235957656

AL interation 456/4801.

mae: 0.1669615328119964
max_error: 0.8370686790286328
variance: 0.017805626778057453

AL interation 457/4801.

mae: 0.16699492453793766
max_error: 0.83759743443627
variance: 0.017816717954361263

AL interation 458/4801.

mae: 0.1669910090306168
max_error: 0.838180050123311
variance: 0.01781844651921159

AL interation 459/4801.

mae: 0.166982897992852
max_error: 0.8378250401214966
variance: 0.017818261974507015

AL interation 460/4801.

mae: 0.1667384359466812
max_error: 0.8435814673703437
variance: 0.017831632370223123

AL interation 461/4801.

mae: 0.1666956831930689
max_error: 0.8492463247697355
variance: 0.017833006890784826

AL interation 462/4801.

mae: 0.16669815830331527
max_error: 0.8492419530040503
variance: 0.017832924454133443

AL interation 463/4801.

mae: 0.1662529454354678
max_error: 0.8532709357542667
variance: 0.017741099013500548

AL interation 464/4801.

mae: 0.16621752599795622
max_error: 0.8550268064998179
variance: 0.01776989244728608

AL interation 465/4801.

mae: 0.16620881932878928
max_error: 0.8532191266802065
variance: 0.01774929802431948

AL interation 466/4801.

mae: 0.16606054270197
max_error: 0.8560689449857262
variance: 0.01770330095357237

AL interation 467/4801.

mae: 0.1660268449500792
max_error: 0.8564574615526666
variance: 0.01769555877481345

AL interation 468/4801.

mae: 0.16617040694105803
max_error: 0.8375949003268701
variance: 0.017669957463830387

AL interation 469/4801.

mae: 0.16622395923802638
max_error: 0.8321750463315214
variance: 0.01771641505146319

AL interation 470/4801.

mae: 0.16609575709730148
max_error: 0.8319070378967857
variance: 0.017696501239600867

AL interation 471/4801.

mae: 0.16615367757084806
max_error: 0.8314119755107436
variance: 0.01770794495429669

AL interation 472/4801.

mae: 0.16620470876366442
max_error: 0.8281202613337997
variance: 0.017731992181791133

AL interation 473/4801.

mae: 0.1662084591643251
max_error: 0.8280789619331843
variance: 0.01773052564975382

AL interation 474/4801.

mae: 0.16628061541435826
max_error: 0.8245396312226609
variance: 0.017842660526235617

AL interation 475/4801.

mae: 0.16636422996183897
max_error: 0.8246710155366945
variance: 0.01785772740737631

AL interation 476/4801.

mae: 0.16623213460568922
max_error: 0.8192120435886104
variance: 0.017779039254679076

AL interation 477/4801.

mae: 0.16620177745855655
max_error: 0.8196984261185718
variance: 0.017766376726679228

AL interation 478/4801.

mae: 0.1660004749877213
max_error: 0.8208972217852741
variance: 0.017720229578819018

AL interation 479/4801.

mae: 0.16586442141123856
max_error: 0.8250631391529633
variance: 0.01771012143294097

AL interation 480/4801.

mae: 0.16591102420567286
max_error: 0.8259859155589864
variance: 0.017716740513511083

AL interation 481/4801.

mae: 0.16588626306412618
max_error: 0.8263463173041008
variance: 0.017730437495320158

AL interation 482/4801.

mae: 0.1658865817467722
max_error: 0.8265481494409224
variance: 0.017734204781390508

AL interation 483/4801.

mae: 0.16588051203122178
max_error: 0.8260995296708831
variance: 0.017725488223748212

AL interation 484/4801.

mae: 0.16578718738322953
max_error: 0.8210439052789702
variance: 0.01764895746420529

AL interation 485/4801.

mae: 0.1657467552499841
max_error: 0.8275016440478224
variance: 0.01765169800114721

AL interation 486/4801.

mae: 0.16559031328951657
max_error: 0.824279460839251
variance: 0.01762614759697429

AL interation 487/4801.

mae: 0.16556558022433582
max_error: 0.8357499568787377
variance: 0.01764459712546159

AL interation 488/4801.

mae: 0.1653418152038603
max_error: 0.831579506001082
variance: 0.017605953382531597

AL interation 489/4801.

mae: 0.16505515715395655
max_error: 0.8303616945255405
variance: 0.01755502938997272

AL interation 490/4801.

mae: 0.16506295528739975
max_error: 0.8303662263399869
variance: 0.017556030293617342

AL interation 491/4801.

mae: 0.16492727616142797
max_error: 0.827861330308818
variance: 0.017529151275060308

AL interation 492/4801.

mae: 0.16474948510954987
max_error: 0.8259884137275586
variance: 0.017490620340467233

AL interation 493/4801.

mae: 0.1647397511126941
max_error: 0.828447234226136
variance: 0.01747535499945288

AL interation 494/4801.

mae: 0.1645711798322787
max_error: 0.822316638339589
variance: 0.01749278013667528

AL interation 495/4801.

mae: 0.16457103223373098
max_error: 0.8240172146437796
variance: 0.01747071799068714

AL interation 496/4801.

mae: 0.16466955577641773
max_error: 0.8288275994925676
variance: 0.01749430864036235

AL interation 497/4801.

mae: 0.16478356982312722
max_error: 0.8296909049694898
variance: 0.017462842640481084

AL interation 498/4801.

mae: 0.16481046198605276
max_error: 0.8298935555716458
variance: 0.017472341205730137

AL interation 499/4801.

mae: 0.16467555113861604
max_error: 0.8307123200163904
variance: 0.017444307182168467

AL interation 500/4801.

mae: 0.16458695078261276
max_error: 0.8273486642758323
variance: 0.017442404473941887

AL interation 501/4801.

mae: 0.16470204456596113
max_error: 0.8249976750877055
variance: 0.017425915763291996

AL interation 502/4801.

mae: 0.1647540069660124
max_error: 0.8220491112762112
variance: 0.017393864171870332

AL interation 503/4801.

mae: 0.16485833099786965
max_error: 0.822866258649523
variance: 0.017411670653328867

AL interation 504/4801.

mae: 0.16482973575721907
max_error: 0.8190684648518927
variance: 0.017356133338905986

AL interation 505/4801.

mae: 0.1648229658610502
max_error: 0.8203520465458403
variance: 0.017358847373910878

AL interation 506/4801.

mae: 0.16472887251895718
max_error: 0.8211329255035698
variance: 0.01733009247986502

AL interation 507/4801.

mae: 0.16468719486555866
max_error: 0.8289989471667525
variance: 0.017343672760970905

AL interation 508/4801.

mae: 0.16452290808940617
max_error: 0.8338658252584707
variance: 0.01739327405003007

AL interation 509/4801.

mae: 0.16452625620393543
max_error: 0.8338199607962422
variance: 0.017394886723211576

AL interation 510/4801.

mae: 0.1643664781781839
max_error: 0.8302502339218312
variance: 0.017405986009474857

AL interation 511/4801.

mae: 0.1644891932942537
max_error: 0.8329092700365313
variance: 0.01746063150338467

AL interation 512/4801.

mae: 0.16461259888422416
max_error: 0.8355473193353844
variance: 0.01745862235422741

AL interation 513/4801.

mae: 0.16467146879654768
max_error: 0.8352198796703552
variance: 0.017445286887411163

AL interation 514/4801.

mae: 0.16457636357338346
max_error: 0.8360730886598193
variance: 0.017440137779805527

AL interation 515/4801.

mae: 0.16454544570078888
max_error: 0.8368622002481128
variance: 0.017431054089124487

AL interation 516/4801.

mae: 0.16426640167137166
max_error: 0.8305751416341196
variance: 0.017352972100446246

AL interation 517/4801.

mae: 0.1641389568812175
max_error: 0.8344780651914405
variance: 0.017325778280218338

AL interation 518/4801.

mae: 0.16405377479920294
max_error: 0.8304984430434259
variance: 0.017313401467895482

AL interation 519/4801.

mae: 0.1642843875498012
max_error: 0.8503532469225723
variance: 0.017315666082253788

AL interation 520/4801.

mae: 0.16435298446107238
max_error: 0.8487860539459113
variance: 0.017337364625508972

AL interation 521/4801.

mae: 0.16434920450889695
max_error: 0.8508011597633867
variance: 0.017327744905407796

AL interation 522/4801.

mae: 0.16441276352475057
max_error: 0.8509969186473914
variance: 0.017305823009273455

AL interation 523/4801.

mae: 0.1644144316847154
max_error: 0.8500370213388324
variance: 0.01731575082950935

AL interation 524/4801.

mae: 0.16425040526491874
max_error: 0.8323090309643124
variance: 0.01733833882672811

AL interation 525/4801.

mae: 0.16407971552355796
max_error: 0.8312966616987945
variance: 0.017337638322636732

AL interation 526/4801.

mae: 0.16413651380618308
max_error: 0.8348956267830401
variance: 0.017357465728062266

AL interation 527/4801.

mae: 0.16415441388708396
max_error: 0.8351098993139301
variance: 0.017360459993191024

AL interation 528/4801.

mae: 0.16387073424026016
max_error: 0.8374560372004729
variance: 0.017295164257786353

AL interation 529/4801.

mae: 0.16388211734417912
max_error: 0.8392330110438766
variance: 0.01727990592739059

AL interation 530/4801.

mae: 0.163887841575356
max_error: 0.8389883395785804
variance: 0.01725491539370567

AL interation 531/4801.

mae: 0.16385459196315588
max_error: 0.8334504949092838
variance: 0.017232302690330457

AL interation 532/4801.

mae: 0.1637926712290693
max_error: 0.8408105299820865
variance: 0.017200046024372653

AL interation 533/4801.

mae: 0.16379479568635316
max_error: 0.8406857535629411
variance: 0.01720425430109335

AL interation 534/4801.

mae: 0.1637916915401169
max_error: 0.8405778060199953
variance: 0.017204493419850694

AL interation 535/4801.

mae: 0.16383600187476757
max_error: 0.837863120710113
variance: 0.01723228142381585

AL interation 536/4801.

mae: 0.16374848993931682
max_error: 0.8352987360364481
variance: 0.01720059292097072

AL interation 537/4801.

mae: 0.16390909361610134
max_error: 0.8307531917928248
variance: 0.017217597056002325

AL interation 538/4801.

mae: 0.16409190728460493
max_error: 0.8370570389905749
variance: 0.017186980757634394

AL interation 539/4801.

mae: 0.16417586367645268
max_error: 0.8363312591568692
variance: 0.01724803038027499

AL interation 540/4801.

mae: 0.16402163453499566
max_error: 0.8364435353400368
variance: 0.017247722008503923

AL interation 541/4801.

mae: 0.16376576551026317
max_error: 0.8390382872604469
variance: 0.01721966190445109

AL interation 542/4801.

mae: 0.1637957400536818
max_error: 0.8389355087565273
variance: 0.017200671623850097

AL interation 543/4801.

mae: 0.16392403373383077
max_error: 0.8403351635216987
variance: 0.01723476405271218

AL interation 544/4801.

mae: 0.1638891327163861
max_error: 0.8395042289581371
variance: 0.017230173778098563

AL interation 545/4801.

mae: 0.16380297817226105
max_error: 0.8396140796504534
variance: 0.01723407807679549

AL interation 546/4801.

mae: 0.16385174551209983
max_error: 0.8400399413511725
variance: 0.017241640248739407

AL interation 547/4801.

mae: 0.16390466840876544
max_error: 0.8408072574355683
variance: 0.017236264492966308

AL interation 548/4801.

mae: 0.16393747209595944
max_error: 0.8390284183652141
variance: 0.017188702359102487

AL interation 549/4801.

mae: 0.16375034787072304
max_error: 0.8376078795051298
variance: 0.0170148185526583

AL interation 550/4801.

mae: 0.16377394151063185
max_error: 0.8246144377649258
variance: 0.017011917277871342

AL interation 551/4801.

mae: 0.16378024428882218
max_error: 0.8234149025602922
variance: 0.01699368964582152

AL interation 552/4801.

mae: 0.16377042922268426
max_error: 0.8263986619020478
variance: 0.017038564574293393

AL interation 553/4801.

mae: 0.16380086769519256
max_error: 0.8265090667231618
variance: 0.017040599387266375

AL interation 554/4801.

mae: 0.16375859085596517
max_error: 0.8271263608250929
variance: 0.01703672600763631

AL interation 555/4801.

mae: 0.16375388934525528
max_error: 0.8271867308831184
variance: 0.017038098254039367

AL interation 556/4801.

mae: 0.16351303966626693
max_error: 0.8276902967620874
variance: 0.01701320557838951

AL interation 557/4801.

mae: 0.16349815289874245
max_error: 0.8278821446916818
variance: 0.017012656920329376

AL interation 558/4801.

mae: 0.1632687282997536
max_error: 0.8256499401448272
variance: 0.017003386089517677

AL interation 559/4801.

mae: 0.1632296387238711
max_error: 0.8273292368778409
variance: 0.017194937547364394

AL interation 560/4801.

mae: 0.16301836133479367
max_error: 0.828318036024255
variance: 0.017189345295687438

AL interation 561/4801.

mae: 0.16294189964059405
max_error: 0.826448642355006
variance: 0.017161588744118154

AL interation 562/4801.

mae: 0.16312318540558818
max_error: 0.831172870503448
variance: 0.017235067084896367

AL interation 563/4801.

mae: 0.16322629494497046
max_error: 0.828720622229898
variance: 0.0172564561928139

AL interation 564/4801.

mae: 0.16332426335657976
max_error: 0.830750589061648
variance: 0.01712422846542972

AL interation 565/4801.

mae: 0.16332629225628642
max_error: 0.8293853117549551
variance: 0.017114718917578788

AL interation 566/4801.

mae: 0.1633013569675264
max_error: 0.8299740774764043
variance: 0.017138869456161526

AL interation 567/4801.

mae: 0.1632893892790937
max_error: 0.8308738897871045
variance: 0.01713872663908168

AL interation 568/4801.

mae: 0.16332068380376563
max_error: 0.832356654980494
variance: 0.017098171183714088

AL interation 569/4801.

mae: 0.16332218904374526
max_error: 0.8324880487213081
variance: 0.01709946045387324

AL interation 570/4801.

mae: 0.16326801493687637
max_error: 0.8313002408786181
variance: 0.017091095642886047

AL interation 571/4801.

mae: 0.1632680564219785
max_error: 0.8330549250217617
variance: 0.017080087301297144

AL interation 572/4801.

mae: 0.16325067058764944
max_error: 0.8332731892603599
variance: 0.017077824288739333

AL interation 573/4801.

mae: 0.16332067446101378
max_error: 0.8348822354514023
variance: 0.017104266180775193

AL interation 574/4801.

mae: 0.1632890131737173
max_error: 0.8338503989032842
variance: 0.01709565076055253

AL interation 575/4801.

mae: 0.1632935939724656
max_error: 0.8337773672867059
variance: 0.017097119873557023

AL interation 576/4801.

mae: 0.16324166829620304
max_error: 0.8337439460628864
variance: 0.017064598208395235

AL interation 577/4801.

mae: 0.16300614547357692
max_error: 0.8349617751092384
variance: 0.017036266767202858

AL interation 578/4801.

mae: 0.16369843516339516
max_error: 0.8266809537951798
variance: 0.01699713125487196

AL interation 579/4801.

mae: 0.16363027787849707
max_error: 0.8233125434135182
variance: 0.017012716836707256

AL interation 580/4801.

mae: 0.1635256309828342
max_error: 0.8321234661025074
variance: 0.016978988614873593

AL interation 581/4801.

mae: 0.1635226418435313
max_error: 0.8321555771646807
variance: 0.016980236463777262

AL interation 582/4801.

mae: 0.16350754619338148
max_error: 0.8322231145856391
variance: 0.016979838839756865

AL interation 583/4801.

mae: 0.16330808974249625
max_error: 0.834092900540091
variance: 0.016885355798479423

AL interation 584/4801.

mae: 0.16320215862448814
max_error: 0.8266774412845765
variance: 0.01693948941682843

AL interation 585/4801.

mae: 0.16327819288826617
max_error: 0.8262776736804915
variance: 0.016946324021330627

AL interation 586/4801.

mae: 0.1633054447998265
max_error: 0.8266073804578742
variance: 0.01700698319598819

AL interation 587/4801.

mae: 0.16332291883001268
max_error: 0.8261711468749722
variance: 0.016987512232594804

AL interation 588/4801.

mae: 0.16328882551278978
max_error: 0.8254676899901305
variance: 0.016989135329036384

AL interation 589/4801.

mae: 0.1633112334461195
max_error: 0.8252072331721507
variance: 0.016995751620495686

AL interation 590/4801.

mae: 0.16330191969976068
max_error: 0.8249839563105881
variance: 0.016982917078530856

AL interation 591/4801.

mae: 0.16331744498219944
max_error: 0.8239782753822924
variance: 0.017001039205010945

AL interation 592/4801.

mae: 0.1633323103645056
max_error: 0.8242847804551712
variance: 0.016993489615263098

AL interation 593/4801.

mae: 0.1633897969412852
max_error: 0.8275741672203156
variance: 0.017019317761738505

AL interation 594/4801.

mae: 0.16338271466688747
max_error: 0.8272094687855338
variance: 0.017003929159008287

AL interation 595/4801.

mae: 0.1632392993768723
max_error: 0.824070790948626
variance: 0.017035759081601643

AL interation 596/4801.

mae: 0.16352278526196126
max_error: 0.8193779694894237
variance: 0.017130488135649203

AL interation 597/4801.

mae: 0.16344718821389756
max_error: 0.8206705526847005
variance: 0.017077468027394575

AL interation 598/4801.

mae: 0.16348571236602025
max_error: 0.8211447108723999
variance: 0.017083469439989465

AL interation 599/4801.

mae: 0.1636699503156216
max_error: 0.8194866384432515
variance: 0.017046072670040692

AL interation 600/4801.

mae: 0.16364277645294856
max_error: 0.8314105690986251
variance: 0.017035578437041888

AL interation 601/4801.

mae: 0.16333451207778057
max_error: 0.8333788663020283
variance: 0.016983135916179545

AL interation 602/4801.

mae: 0.1633298135770998
max_error: 0.836839923768834
variance: 0.016991271419499673

AL interation 603/4801.

mae: 0.16332842983846968
max_error: 0.8359709974836791
variance: 0.016987422140289806

AL interation 604/4801.

mae: 0.16330240193098566
max_error: 0.840507660746683
variance: 0.016954733413117918

AL interation 605/4801.

mae: 0.16332815852838042
max_error: 0.8392483430403108
variance: 0.016960778605014815

AL interation 606/4801.

mae: 0.16339857308635425
max_error: 0.8394493366377409
variance: 0.01698428527346635

AL interation 607/4801.

mae: 0.16332615570325806
max_error: 0.836573598166888
variance: 0.01694970430434141

AL interation 608/4801.

mae: 0.1634788574487215
max_error: 0.838325401431733
variance: 0.016983774687483508

AL interation 609/4801.

mae: 0.16339054892339316
max_error: 0.835047347265006
variance: 0.016975683934181134

AL interation 610/4801.

mae: 0.16345574192964313
max_error: 0.8354422735438636
variance: 0.016989787512208598

AL interation 611/4801.

mae: 0.16331681010639182
max_error: 0.8342148957192217
variance: 0.016982085568571486

AL interation 612/4801.

mae: 0.16332780411304482
max_error: 0.8338033585371116
variance: 0.01698573081517965

AL interation 613/4801.

mae: 0.16331149474700637
max_error: 0.8286233754667442
variance: 0.016966989844119814

AL interation 614/4801.

mae: 0.16362088327413846
max_error: 0.8330413753582606
variance: 0.017010626045366635

AL interation 615/4801.

mae: 0.16344171491919426
max_error: 0.8298364831361726
variance: 0.016995966647735204

AL interation 616/4801.

mae: 0.1634850841447941
max_error: 0.8316239941652994
variance: 0.01700557316056402

AL interation 617/4801.

mae: 0.16345289057632154
max_error: 0.8321837334037494
variance: 0.01700448858694902

AL interation 618/4801.

mae: 0.16335638295859836
max_error: 0.8297942787373573
variance: 0.016973264339672323

AL interation 619/4801.

mae: 0.16373485965810486
max_error: 0.8340725815815957
variance: 0.016950177213549213

AL interation 620/4801.

mae: 0.16362599281926107
max_error: 0.8346051892026018
variance: 0.01697915451927549

AL interation 621/4801.

mae: 0.1633067768880172
max_error: 0.8379664484416423
variance: 0.016962715311361683

AL interation 622/4801.

mae: 0.16326869376915518
max_error: 0.838335994131544
variance: 0.01695552897301845

AL interation 623/4801.

mae: 0.16333893982924053
max_error: 0.8372675534919698
variance: 0.016993463309814324

AL interation 624/4801.

mae: 0.16335706877975578
max_error: 0.8375843857877867
variance: 0.017003031572887857

AL interation 625/4801.

mae: 0.1633481659262606
max_error: 0.8374631824836682
variance: 0.017001508077535737

AL interation 626/4801.

mae: 0.16336552897799161
max_error: 0.840378875762966
variance: 0.017014753381871875

AL interation 627/4801.

mae: 0.16325570826304228
max_error: 0.832165400999564
variance: 0.01700817055822625

AL interation 628/4801.

mae: 0.1632679913283289
max_error: 0.8317991839151011
variance: 0.016999361589508665

AL interation 629/4801.

mae: 0.16314739588520474
max_error: 0.8328994691232654
variance: 0.016988163992929035

AL interation 630/4801.

mae: 0.1628754258482681
max_error: 0.8233759500979287
variance: 0.016958796568886523

AL interation 631/4801.

mae: 0.16288328791908685
max_error: 0.8240460449602711
variance: 0.01696278229593031

AL interation 632/4801.

mae: 0.16248294269995453
max_error: 0.8228271006808727
variance: 0.016912888562647905

AL interation 633/4801.

mae: 0.16241761867727303
max_error: 0.8228384101325976
variance: 0.016920114310908764

AL interation 634/4801.

mae: 0.16233703050711806
max_error: 0.8171755097406233
variance: 0.016898734733967885

AL interation 635/4801.

mae: 0.1623655077107987
max_error: 0.8188612333113108
variance: 0.016881200622952536

AL interation 636/4801.

mae: 0.1623565241847702
max_error: 0.8159402317401607
variance: 0.016888608341259628

AL interation 637/4801.

mae: 0.1622667713101353
max_error: 0.8140481536741464
variance: 0.016825149112348257

AL interation 638/4801.

mae: 0.16206515705965416
max_error: 0.8087816076482932
variance: 0.016744561078455143

AL interation 639/4801.

mae: 0.16211352928210618
max_error: 0.8095322412962025
variance: 0.01671497985261809

AL interation 640/4801.

mae: 0.16197211315409496
max_error: 0.8091817541142872
variance: 0.0166987399858331

AL interation 641/4801.

mae: 0.1619382025619116
max_error: 0.8111008545174343
variance: 0.01668368106142571

AL interation 642/4801.

mae: 0.16195338114744645
max_error: 0.818609198703971
variance: 0.016664057746442574

AL interation 643/4801.

mae: 0.1620041437283206
max_error: 0.8186147906568788
variance: 0.016664410462948153

AL interation 644/4801.

mae: 0.1620218904254793
max_error: 0.8169858938975336
variance: 0.0166736771929412

AL interation 645/4801.

mae: 0.1620723336810455
max_error: 0.8172727095172982
variance: 0.01669229614522591

AL interation 646/4801.

mae: 0.16199347779912524
max_error: 0.8151652674050327
variance: 0.016674634898063437

AL interation 647/4801.

mae: 0.16193592312676164
max_error: 0.8170728082211962
variance: 0.016659690895581045

AL interation 648/4801.

mae: 0.16194974193932474
max_error: 0.8184369773635405
variance: 0.016648318571188356

AL interation 649/4801.

mae: 0.16187610551725437
max_error: 0.8180631313312832
variance: 0.016654015094229226

AL interation 650/4801.

mae: 0.16183007796152554
max_error: 0.8167959626896728
variance: 0.016652632585072137

AL interation 651/4801.

mae: 0.16156726536583105
max_error: 0.8232970885400244
variance: 0.016627029609235643

AL interation 652/4801.

mae: 0.16152132852473913
max_error: 0.8223323112155816
variance: 0.01661313879769868

AL interation 653/4801.

mae: 0.16155018016643347
max_error: 0.8229446945371435
variance: 0.016613787377042555

AL interation 654/4801.

mae: 0.16149483233646783
max_error: 0.8233282282432572
variance: 0.01658570080414413

AL interation 655/4801.

mae: 0.16139498471843478
max_error: 0.8223670686373428
variance: 0.016577931343444274

AL interation 656/4801.

mae: 0.16143809252196445
max_error: 0.8244277909876914
variance: 0.016575778177263634

AL interation 657/4801.

mae: 0.16084652810365127
max_error: 0.8259652692953621
variance: 0.016506863657233257

AL interation 658/4801.

mae: 0.16083373360450182
max_error: 0.8255656136921408
variance: 0.01649397695600175

AL interation 659/4801.

mae: 0.16074820553553315
max_error: 0.8195596485179282
variance: 0.016492656319875055

AL interation 660/4801.

mae: 0.1607828878533628
max_error: 0.8183811523611313
variance: 0.016492304565614662

AL interation 661/4801.

mae: 0.16077694662721156
max_error: 0.8179537982885963
variance: 0.0164932391926223

AL interation 662/4801.

mae: 0.16036347358578684
max_error: 0.8225250336932373
variance: 0.01645693704161943

AL interation 663/4801.

mae: 0.1603266575386008
max_error: 0.8377063963783513
variance: 0.016438710437887215

AL interation 664/4801.

mae: 0.1604207567969532
max_error: 0.839331860494041
variance: 0.016444276852217804

AL interation 665/4801.

mae: 0.1605634652204438
max_error: 0.8394916472348086
variance: 0.01646761872668106

AL interation 666/4801.

mae: 0.1605441974753457
max_error: 0.8384436630832255
variance: 0.01646922596108746

AL interation 667/4801.

mae: 0.1605359405662054
max_error: 0.8381896124743804
variance: 0.016469286372204513

AL interation 668/4801.

mae: 0.16039656843904096
max_error: 0.8368285232274362
variance: 0.01641931448529843

AL interation 669/4801.

mae: 0.16048526472331334
max_error: 0.8333943905972294
variance: 0.016416447073368097

AL interation 670/4801.

mae: 0.160215986547657
max_error: 0.8332683191268089
variance: 0.016422611672704368

AL interation 671/4801.

mae: 0.16015458948532404
max_error: 0.8313116894860375
variance: 0.01640418807628549

AL interation 672/4801.

mae: 0.16013838136309802
max_error: 0.827394136581459
variance: 0.01639653174373984

AL interation 673/4801.

mae: 0.16011945250148268
max_error: 0.8286636471399831
variance: 0.016397721920950483

AL interation 674/4801.

mae: 0.15983346346971022
max_error: 0.8306765699604108
variance: 0.016442586432165538

AL interation 675/4801.

mae: 0.15980907108847003
max_error: 0.8321063823506814
variance: 0.016462151428783867

AL interation 676/4801.

mae: 0.15974405481008083
max_error: 0.8337512901131419
variance: 0.016457121757264135

AL interation 677/4801.

mae: 0.15966446527762398
max_error: 0.8336952197478684
variance: 0.016416305513266

AL interation 678/4801.

mae: 0.1595598446552154
max_error: 0.8354965801672884
variance: 0.01639043621771501

AL interation 679/4801.

mae: 0.15957986415809972
max_error: 0.8356744588739504
variance: 0.01638104094032866

AL interation 680/4801.

mae: 0.1595391274851202
max_error: 0.8367568494256439
variance: 0.016381075499236213

AL interation 681/4801.

mae: 0.1595503848006522
max_error: 0.8357153253061753
variance: 0.01638588813836968

AL interation 682/4801.

mae: 0.15955736039922477
max_error: 0.8355995168113735
variance: 0.016388660770983186

AL interation 683/4801.

mae: 0.15942752323178733
max_error: 0.8363066684595033
variance: 0.01634063391594335

AL interation 684/4801.

mae: 0.1593637377437464
max_error: 0.8427449168659482
variance: 0.016321394793011607

AL interation 685/4801.

mae: 0.15899479695519744
max_error: 0.8386027214264784
variance: 0.016263805514896555

AL interation 686/4801.

mae: 0.1590133427057047
max_error: 0.8384792104099175
variance: 0.01627247324111936

AL interation 687/4801.

mae: 0.1590713039261313
max_error: 0.8375427385363023
variance: 0.01626938413621086

AL interation 688/4801.

mae: 0.15916207106317054
max_error: 0.835044612078951
variance: 0.016320963725251207

AL interation 689/4801.

mae: 0.15916320000433348
max_error: 0.8344978571210371
variance: 0.016302182420016242

AL interation 690/4801.

mae: 0.15904342853873915
max_error: 0.8355756810982307
variance: 0.01630954123831713

AL interation 691/4801.

mae: 0.15903004638729643
max_error: 0.8356119643715152
variance: 0.0163219144406911

AL interation 692/4801.

mae: 0.15884126089578576
max_error: 0.8350234142021753
variance: 0.016283161747361788

AL interation 693/4801.

mae: 0.15883998435280086
max_error: 0.8352329947208004
variance: 0.01628639766992454

AL interation 694/4801.

mae: 0.15885258837562483
max_error: 0.8352999727583308
variance: 0.01628415173887582

AL interation 695/4801.

mae: 0.15882689451387394
max_error: 0.8338221105846317
variance: 0.016322846994189153

AL interation 696/4801.

mae: 0.1588911327151374
max_error: 0.832071317963587
variance: 0.016317774036699442

AL interation 697/4801.

mae: 0.15886193274698854
max_error: 0.8379251572648059
variance: 0.016339654565811955

AL interation 698/4801.

mae: 0.15889172710499644
max_error: 0.8383705106589519
variance: 0.016320910758921222

AL interation 699/4801.

mae: 0.15894334718165773
max_error: 0.8431859090163583
variance: 0.016316365030127757

AL interation 700/4801.

mae: 0.1589449124775967
max_error: 0.8431508102322631
variance: 0.01631753711951099

AL interation 701/4801.

mae: 0.1589943433856193
max_error: 0.844025748121811
variance: 0.016349358216555317

AL interation 702/4801.

mae: 0.15904331067638686
max_error: 0.8442306885616464
variance: 0.016348555219168972

AL interation 703/4801.

mae: 0.15904456353539412
max_error: 0.8444252185903585
variance: 0.016344634134369703

AL interation 704/4801.

mae: 0.15904887184894068
max_error: 0.8451403989816706
variance: 0.016351253403642938

AL interation 705/4801.

mae: 0.15904174589564174
max_error: 0.8450565530190861
variance: 0.01635043763246254

AL interation 706/4801.

mae: 0.15889061671688723
max_error: 0.8408742869085177
variance: 0.01630411671436011

AL interation 707/4801.

mae: 0.1588078225761385
max_error: 0.8425188954123204
variance: 0.016288071528799353

AL interation 708/4801.

mae: 0.15872877203955016
max_error: 0.8427692098116415
variance: 0.01627485536975579

AL interation 709/4801.

mae: 0.1586521783822343
max_error: 0.8419350563906116
variance: 0.016246035425586364

AL interation 710/4801.

mae: 0.15842603156991508
max_error: 0.8388211294262877
variance: 0.016188831585839804

AL interation 711/4801.

mae: 0.15834960644598844
max_error: 0.8385752500575565
variance: 0.016151485450508214

AL interation 712/4801.

mae: 0.15838531269968792
max_error: 0.8390614314284646
variance: 0.01614607919747849

AL interation 713/4801.

mae: 0.15801832436183907
max_error: 0.8385506827944127
variance: 0.016099586478014273

AL interation 714/4801.

mae: 0.15799311250317719
max_error: 0.8516054603475043
variance: 0.016085251957251367

AL interation 715/4801.

mae: 0.15793268427958781
max_error: 0.852110203705704
variance: 0.01611175639584669

AL interation 716/4801.

mae: 0.15742960091194175
max_error: 0.8516956640737017
variance: 0.01608507417761133

AL interation 717/4801.

mae: 0.15741667168168294
max_error: 0.8508197831911928
variance: 0.016059545413400544

AL interation 718/4801.

mae: 0.1572630499197977
max_error: 0.8549567959740587
variance: 0.01605598338789096

AL interation 719/4801.

mae: 0.1572658538135267
max_error: 0.8549515728801
variance: 0.01600061549233677

AL interation 720/4801.

mae: 0.15727479414950188
max_error: 0.8550232344386317
variance: 0.015999713745878

AL interation 721/4801.

mae: 0.1571405716541059
max_error: 0.8586451748390376
variance: 0.01604816505740896

AL interation 722/4801.

mae: 0.15709974964042342
max_error: 0.8458325036001519
variance: 0.016007922891626218

AL interation 723/4801.

mae: 0.1570888822663628
max_error: 0.8456476958852246
variance: 0.01600699642484677

AL interation 724/4801.

mae: 0.15705961099905533
max_error: 0.845036472126222
variance: 0.015994690172044138

AL interation 725/4801.

mae: 0.15709490881835375
max_error: 0.8459763591602809
variance: 0.015979532534490963

AL interation 726/4801.

mae: 0.15707178579255351
max_error: 0.8459586840625439
variance: 0.01596123762833406

AL interation 727/4801.

mae: 0.1570444841300654
max_error: 0.8461088270554256
variance: 0.015948602766973442

AL interation 728/4801.

mae: 0.1570396004493861
max_error: 0.8407768519789105
variance: 0.015945257058651647

AL interation 729/4801.

mae: 0.1569382332352154
max_error: 0.8322023457082954
variance: 0.015925290094642122

AL interation 730/4801.

mae: 0.15699895767287855
max_error: 0.8315317384220666
variance: 0.015927749617768806

AL interation 731/4801.

mae: 0.1569640075143571
max_error: 0.8319997752234172
variance: 0.015915052095013222

AL interation 732/4801.

mae: 0.15700306431113623
max_error: 0.8326687913662418
variance: 0.0159229014833431

AL interation 733/4801.

mae: 0.1570207516111418
max_error: 0.8332298328568375
variance: 0.01592770889043291

AL interation 734/4801.

mae: 0.15716577788543173
max_error: 0.8270368150443348
variance: 0.015909952496277663

AL interation 735/4801.

mae: 0.15706406544029639
max_error: 0.8228362549396215
variance: 0.015880393431640015

AL interation 736/4801.

mae: 0.15704414946742337
max_error: 0.8220596157430706
variance: 0.01588520836176283

AL interation 737/4801.

mae: 0.1570288592822473
max_error: 0.82217572376398
variance: 0.015884822860628398

AL interation 738/4801.

mae: 0.15704174782551883
max_error: 0.8223182787887966
variance: 0.015891358112441037

AL interation 739/4801.

mae: 0.1571435782147103
max_error: 0.8242559419161064
variance: 0.015900556744751944

AL interation 740/4801.

mae: 0.15711727106287351
max_error: 0.823778798747473
variance: 0.015896514045635995

AL interation 741/4801.

mae: 0.15715123253347196
max_error: 0.823719369697407
variance: 0.01590218993139225

AL interation 742/4801.

mae: 0.1571326995503124
max_error: 0.824079445469009
variance: 0.01591271684362965

AL interation 743/4801.

mae: 0.15717660128527888
max_error: 0.8240128614135354
variance: 0.015918225515445066

AL interation 744/4801.

mae: 0.1571766889709739
max_error: 0.8240354235719383
variance: 0.015918868151807552

AL interation 745/4801.

mae: 0.15719494230326408
max_error: 0.8227716673096293
variance: 0.015941042683336806

AL interation 746/4801.

mae: 0.1571912270926453
max_error: 0.8232614803055123
variance: 0.01591433414880036

AL interation 747/4801.

mae: 0.1571885280018403
max_error: 0.823214321801141
variance: 0.015913723327320734

AL interation 748/4801.

mae: 0.1572153623184287
max_error: 0.8237670878642476
variance: 0.015921576090149877

AL interation 749/4801.

mae: 0.15724188948472226
max_error: 0.8245229808783479
variance: 0.015917161265875175

AL interation 750/4801.

mae: 0.15724033442956772
max_error: 0.8241587596981166
variance: 0.01591361254553666

AL interation 751/4801.

mae: 0.1572125195081267
max_error: 0.8237278652419762
variance: 0.015902832829697438

AL interation 752/4801.

mae: 0.1569488542466687
max_error: 0.8218829049305816
variance: 0.015850740309105365

AL interation 753/4801.

mae: 0.156851039400917
max_error: 0.8245724193515631
variance: 0.015803210935205328

AL interation 754/4801.

mae: 0.1568934224860508
max_error: 0.8234740729924792
variance: 0.015807386881283893

AL interation 755/4801.

mae: 0.1568447146303295
max_error: 0.8237932384597286
variance: 0.01579475423653234

AL interation 756/4801.

mae: 0.15692414111016706
max_error: 0.8244357141065741
variance: 0.015799347631417698

AL interation 757/4801.

mae: 0.15687783311238188
max_error: 0.8272744858491445
variance: 0.01583031479020611

AL interation 758/4801.

mae: 0.15687707788935476
max_error: 0.8271965191290738
variance: 0.015829743710392363

AL interation 759/4801.

mae: 0.15694073158146188
max_error: 0.8266404430401515
variance: 0.015806425228700422

AL interation 760/4801.

mae: 0.15694919216903577
max_error: 0.8267843819744352
variance: 0.01580772038436571

AL interation 761/4801.

mae: 0.15685045299653871
max_error: 0.8231183773690436
variance: 0.015864593222047637

AL interation 762/4801.

mae: 0.15677980103548184
max_error: 0.8215365520634359
variance: 0.015875999538072554

AL interation 763/4801.

mae: 0.156763345131679
max_error: 0.8222996034707877
variance: 0.015886387177762855

AL interation 764/4801.

mae: 0.15678917854841956
max_error: 0.8223303307769578
variance: 0.01585999529004064

AL interation 765/4801.

mae: 0.15681440520164439
max_error: 0.8223701872232727
variance: 0.015869062459058995

AL interation 766/4801.

mae: 0.15681628500070816
max_error: 0.8225282919234544
variance: 0.015869535061298835

AL interation 767/4801.

mae: 0.15651894267284688
max_error: 0.8199555197357804
variance: 0.015757599989358193

AL interation 768/4801.

mae: 0.1565281144517133
max_error: 0.820309160216218
variance: 0.01575163250941967

AL interation 769/4801.

mae: 0.15621056885814905
max_error: 0.822988361435872
variance: 0.015718032860900767

AL interation 770/4801.

mae: 0.15622360924283435
max_error: 0.8468566118866971
variance: 0.0157118458642837

AL interation 771/4801.

mae: 0.15621534921656038
max_error: 0.8467829918706931
variance: 0.015716034501759384

AL interation 772/4801.

mae: 0.15611249587641288
max_error: 0.8474807018157406
variance: 0.015694851598931442

AL interation 773/4801.

mae: 0.15607145740491882
max_error: 0.859299039149269
variance: 0.015678226019272358

AL interation 774/4801.

mae: 0.15618163320313874
max_error: 0.858020974595727
variance: 0.01568950752220538

AL interation 775/4801.

mae: 0.15618713420369526
max_error: 0.8580063296384146
variance: 0.015690211465747388

AL interation 776/4801.

mae: 0.15614945377344078
max_error: 0.8580255445108891
variance: 0.015675321325541877

AL interation 777/4801.

mae: 0.15609863666140514
max_error: 0.8586173074931238
variance: 0.01566670896094908

AL interation 778/4801.

mae: 0.15609865810821605
max_error: 0.8586171747857549
variance: 0.015666584598836967

AL interation 779/4801.

mae: 0.1555385021434689
max_error: 0.8503729244357632
variance: 0.01554349290634874

AL interation 780/4801.

mae: 0.15547789429590636
max_error: 0.8478591458049867
variance: 0.015523979798076175

AL interation 781/4801.

mae: 0.15538677158002998
max_error: 0.8446969843421417
variance: 0.01555711499590716

AL interation 782/4801.

mae: 0.15534664890989974
max_error: 0.847933631296691
variance: 0.015551562685406731

AL interation 783/4801.

mae: 0.15534990597560824
max_error: 0.8475756924939286
variance: 0.01554880296625886

AL interation 784/4801.

mae: 0.1558712629907669
max_error: 0.8486552798904641
variance: 0.015732012733074587

AL interation 785/4801.

mae: 0.15586477805358442
max_error: 0.8491434421822495
variance: 0.015733166524126953

AL interation 786/4801.

mae: 0.1559045322825629
max_error: 0.8485895393823657
variance: 0.015733579670466

AL interation 787/4801.

mae: 0.1558750812126589
max_error: 0.846843471015787
variance: 0.015719761027831982

AL interation 788/4801.

mae: 0.15586890049768512
max_error: 0.8467042633862525
variance: 0.015718462378815638

AL interation 789/4801.

mae: 0.1556895428839381
max_error: 0.8370655958167583
variance: 0.015630927396638624

AL interation 790/4801.

mae: 0.15561423777899788
max_error: 0.8350140937488246
variance: 0.01560595588383076

AL interation 791/4801.

mae: 0.15547650855852702
max_error: 0.8306982408337269
variance: 0.015591727584761439

AL interation 792/4801.

mae: 0.155379013544246
max_error: 0.8279718240846801
variance: 0.015580049031596568

AL interation 793/4801.

mae: 0.1551865390049236
max_error: 0.823309202189487
variance: 0.015585202209010848

AL interation 794/4801.

mae: 0.15519556701862025
max_error: 0.8232533917027731
variance: 0.015585565608915723

AL interation 795/4801.

mae: 0.15524500962537907
max_error: 0.8231989054018876
variance: 0.01558913304671117

AL interation 796/4801.

mae: 0.15525611395992758
max_error: 0.823389926782033
variance: 0.015589808544928802

AL interation 797/4801.

mae: 0.1551411851673101
max_error: 0.825846053459824
variance: 0.0155769139691112

AL interation 798/4801.

mae: 0.15513266624231398
max_error: 0.8259194131364713
variance: 0.015581813627285236

AL interation 799/4801.

mae: 0.15511697799633373
max_error: 0.8257303492114085
variance: 0.01557159711446528

AL interation 800/4801.

mae: 0.15511047174080433
max_error: 0.8267745790161638
variance: 0.015567725391877597

AL interation 801/4801.

mae: 0.15527849857909415
max_error: 0.8355801841377215
variance: 0.015609618186547871

AL interation 802/4801.

mae: 0.1551475209109397
max_error: 0.8340843463578897
variance: 0.01561702757694369

AL interation 803/4801.

mae: 0.15514283228771966
max_error: 0.8340276774251774
variance: 0.015621031113928804

AL interation 804/4801.

mae: 0.15522179409106776
max_error: 0.8333399110927593
variance: 0.015604250320174175

AL interation 805/4801.

mae: 0.1552017134724656
max_error: 0.8309109455595826
variance: 0.01559640386851172

AL interation 806/4801.

mae: 0.15514717232207256
max_error: 0.828822585440703
variance: 0.015610517713223152

AL interation 807/4801.

mae: 0.1549451163811436
max_error: 0.813310474972359
variance: 0.015543985208302349

AL interation 808/4801.

mae: 0.1546465737496
max_error: 0.8071932467193854
variance: 0.015469917320980776

AL interation 809/4801.

mae: 0.1546269036834979
max_error: 0.8082914444751179
variance: 0.015467253491895101

AL interation 810/4801.

mae: 0.15461563630492564
max_error: 0.8088671633780672
variance: 0.015455000454620673

AL interation 811/4801.

mae: 0.15461456892909156
max_error: 0.8085009240949687
variance: 0.015454279259201615

AL interation 812/4801.

mae: 0.15462928789593625
max_error: 0.8087295091851603
variance: 0.015455065811981252

AL interation 813/4801.

mae: 0.15457193735555916
max_error: 0.8091332961106277
variance: 0.015436256579875787

AL interation 814/4801.

mae: 0.15456723891883217
max_error: 0.8076312444924068
variance: 0.01540473308978508

AL interation 815/4801.

mae: 0.1545617208148793
max_error: 0.8072705601528971
variance: 0.015403137236217989

AL interation 816/4801.

mae: 0.15387775032138826
max_error: 0.8081718046448031
variance: 0.015280872422816484

AL interation 817/4801.

mae: 0.1538506709255434
max_error: 0.8073545788536712
variance: 0.015263054816704055

AL interation 818/4801.

mae: 0.15387790673593088
max_error: 0.8080517882863295
variance: 0.015265004987829392

AL interation 819/4801.

mae: 0.15387728025333974
max_error: 0.809791407010347
variance: 0.015269771957871435

AL interation 820/4801.

mae: 0.15383622778794684
max_error: 0.8093857967057367
variance: 0.015286022979224006

AL interation 821/4801.

mae: 0.15373506263907924
max_error: 0.8130343536033445
variance: 0.015284519286767459

AL interation 822/4801.

mae: 0.15360146130055935
max_error: 0.8143629000825102
variance: 0.01526678469328362

AL interation 823/4801.

mae: 0.1535909803415465
max_error: 0.8106072104699861
variance: 0.015221294245931782

AL interation 824/4801.

mae: 0.15357809833399375
max_error: 0.8104274917483498
variance: 0.015227643753396034

AL interation 825/4801.

mae: 0.15353196081248985
max_error: 0.8082280018499102
variance: 0.015230550971083855

AL interation 826/4801.

mae: 0.1535570980742666
max_error: 0.807749472492067
variance: 0.015232235320294964

AL interation 827/4801.

mae: 0.15352709277420298
max_error: 0.807703036216161
variance: 0.015229880693303405

AL interation 828/4801.

mae: 0.1531627870622033
max_error: 0.8077573618183952
variance: 0.015227621863767565

AL interation 829/4801.

mae: 0.1531191579394598
max_error: 0.8078110887932876
variance: 0.01521796024776068

AL interation 830/4801.

mae: 0.1529521346197305
max_error: 0.7986183594198277
variance: 0.015256077008373756

AL interation 831/4801.

mae: 0.15294184804930483
max_error: 0.7997638751632494
variance: 0.015239959281414518

AL interation 832/4801.

mae: 0.15294097595210723
max_error: 0.7996864602165
variance: 0.015239773710130446

AL interation 833/4801.

mae: 0.1529125114638281
max_error: 0.8161714385504771
variance: 0.015281994137394922

AL interation 834/4801.

mae: 0.15284271482283346
max_error: 0.8166782151032328
variance: 0.015285130332699145

AL interation 835/4801.

mae: 0.15269597072195326
max_error: 0.8199373037551602
variance: 0.015274616535285265

AL interation 836/4801.

mae: 0.15269707643652333
max_error: 0.8188153499588242
variance: 0.01527010166657555

AL interation 837/4801.

mae: 0.15262635913019199
max_error: 0.8186690433172978
variance: 0.015278304451899932

AL interation 838/4801.

mae: 0.15268757994237223
max_error: 0.81845401682983
variance: 0.01529029408416112

AL interation 839/4801.

mae: 0.15272539802755813
max_error: 0.8183876152032238
variance: 0.015296212538316969

AL interation 840/4801.

mae: 0.15278305506218354
max_error: 0.8184467134568553
variance: 0.015303916521635309

AL interation 841/4801.

mae: 0.1527811819027949
max_error: 0.820400927717014
variance: 0.015321123907602095

AL interation 842/4801.

mae: 0.15272109221191754
max_error: 0.8249538251594227
variance: 0.015268554524911986

AL interation 843/4801.

mae: 0.1524598262023302
max_error: 0.8217442506816796
variance: 0.015223395389215848

AL interation 844/4801.

mae: 0.15258509210351553
max_error: 0.8213840647651469
variance: 0.015258270924019766

AL interation 845/4801.

mae: 0.15232831546457903
max_error: 0.8199921514114203
variance: 0.01524378348944217

AL interation 846/4801.

mae: 0.15232950505165557
max_error: 0.8216381815799082
variance: 0.015246243530859677

AL interation 847/4801.

mae: 0.1523111170590057
max_error: 0.8248915244147714
variance: 0.015231625782719211

AL interation 848/4801.

mae: 0.1523084398509047
max_error: 0.8242005295059607
variance: 0.015226606103338742

AL interation 849/4801.

mae: 0.15220048653252888
max_error: 0.8249481988607792
variance: 0.015219284454863428

AL interation 850/4801.

mae: 0.15224217719607636
max_error: 0.8224339439982173
variance: 0.015231343175365815

AL interation 851/4801.

mae: 0.15212575970039988
max_error: 0.8222937589145188
variance: 0.015227122388532847

AL interation 852/4801.

mae: 0.1521035384377991
max_error: 0.8214777821702278
variance: 0.015202818511627261

AL interation 853/4801.

mae: 0.15212365655654908
max_error: 0.8217614204451822
variance: 0.015202356920006583

AL interation 854/4801.

mae: 0.15210455919223972
max_error: 0.8211361772637163
variance: 0.015186725452043526

AL interation 855/4801.

mae: 0.15210469953762004
max_error: 0.815295591637436
variance: 0.015169925209375608

AL interation 856/4801.

mae: 0.15198163332730427
max_error: 0.8166883269649527
variance: 0.015169565845668288

AL interation 857/4801.

mae: 0.15189618156856272
max_error: 0.8147602432964156
variance: 0.015162777329837075

AL interation 858/4801.

mae: 0.1517853024518327
max_error: 0.8140871576553064
variance: 0.01516298316059603

AL interation 859/4801.

mae: 0.1516148630857018
max_error: 0.8122774743354864
variance: 0.015193167397000655

AL interation 860/4801.

mae: 0.15156934543646783
max_error: 0.8050123918063821
variance: 0.015207320112418803

AL interation 861/4801.

mae: 0.15154009782132874
max_error: 0.8113695454993448
variance: 0.015225294421273069

AL interation 862/4801.

mae: 0.15127355621698904
max_error: 0.8020806459860612
variance: 0.01515348311813723

AL interation 863/4801.

mae: 0.15124093326866558
max_error: 0.801110470096039
variance: 0.01517064093121288

AL interation 864/4801.

mae: 0.15124315799992724
max_error: 0.8025190062087126
variance: 0.015171469647223613

AL interation 865/4801.

mae: 0.1512088559232547
max_error: 0.8021620245415131
variance: 0.015163443971947832

AL interation 866/4801.

mae: 0.15116979086997998
max_error: 0.8017914232513317
variance: 0.015152495532808306

AL interation 867/4801.

mae: 0.15117545062933976
max_error: 0.8011721714377875
variance: 0.01515425204529271

AL interation 868/4801.

mae: 0.15124652886659176
max_error: 0.7970431216064892
variance: 0.01516762816996123

AL interation 869/4801.

mae: 0.15124393468189215
max_error: 0.797045348206138
variance: 0.015165945419628716

AL interation 870/4801.

mae: 0.1509179893603272
max_error: 0.7994824270565548
variance: 0.015088124434560394

AL interation 871/4801.

mae: 0.15097879517091498
max_error: 0.8006291234105158
variance: 0.015086606336690567

AL interation 872/4801.

mae: 0.15097379466057778
max_error: 0.8007760774757589
variance: 0.015081269819232572

AL interation 873/4801.

mae: 0.15096609705334432
max_error: 0.8011499807236429
variance: 0.015080004439739825

AL interation 874/4801.

mae: 0.15096232313536845
max_error: 0.8009611704161281
variance: 0.015076260592116787

AL interation 875/4801.

mae: 0.15096179196694992
max_error: 0.8010348822282636
variance: 0.015081476826998983

AL interation 876/4801.

mae: 0.15080708737323817
max_error: 0.8032546651575933
variance: 0.01510666385183891

AL interation 877/4801.

mae: 0.15072398316551125
max_error: 0.8019480117176832
variance: 0.015092034611947342

AL interation 878/4801.

mae: 0.15074201863938141
max_error: 0.802905636718608
variance: 0.015090599861146354

AL interation 879/4801.

mae: 0.15076835020667023
max_error: 0.8033883553046777
variance: 0.015106859542834363

AL interation 880/4801.

mae: 0.15069402039481047
max_error: 0.8031723933397198
variance: 0.014987236689208792

AL interation 881/4801.

mae: 0.15061018219713118
max_error: 0.8024900239156999
variance: 0.01498419084742679

AL interation 882/4801.

mae: 0.15061701541919462
max_error: 0.8024804851117816
variance: 0.014959563885780344

AL interation 883/4801.

mae: 0.15065281138450656
max_error: 0.8013867195411213
variance: 0.014970581206570832

AL interation 884/4801.

mae: 0.15065469638066895
max_error: 0.801978563415594
variance: 0.014968963064904509

AL interation 885/4801.

mae: 0.15079123266361485
max_error: 0.7955638192211729
variance: 0.01498124323697627

AL interation 886/4801.

mae: 0.15074332545663027
max_error: 0.7979440714989734
variance: 0.014958156808383765

AL interation 887/4801.

mae: 0.15076151765629156
max_error: 0.7990992047804487
variance: 0.014970754743901745

AL interation 888/4801.

mae: 0.15077955942661864
max_error: 0.7991185449395869
variance: 0.014975458416222097

AL interation 889/4801.

mae: 0.1508771875529534
max_error: 0.8000769502039162
variance: 0.01499321826862955

AL interation 890/4801.

mae: 0.15089666151588219
max_error: 0.7967413385159661
variance: 0.015006145649965979

AL interation 891/4801.

mae: 0.15080808718287836
max_error: 0.7975800178273408
variance: 0.015006730312464056

AL interation 892/4801.

mae: 0.15079286387561214
max_error: 0.7975266300731616
variance: 0.015003394006222257

AL interation 893/4801.

mae: 0.1505938384329425
max_error: 0.8006210316111069
variance: 0.015030723349955585

AL interation 894/4801.

mae: 0.1505716037559035
max_error: 0.799518688370897
variance: 0.015042994893766813

AL interation 895/4801.

mae: 0.1505556602412391
max_error: 0.8001555978731771
variance: 0.015051969998336464

AL interation 896/4801.

mae: 0.15055484684117343
max_error: 0.8001585942217431
variance: 0.015052144321145886

AL interation 897/4801.

mae: 0.15057225111394434
max_error: 0.803332870425427
variance: 0.01504497319109759

AL interation 898/4801.

mae: 0.15050924646563882
max_error: 0.8045867548687533
variance: 0.015005872679802393

AL interation 899/4801.

mae: 0.15050087348348876
max_error: 0.8047057331086904
variance: 0.015004622934743542

AL interation 900/4801.

mae: 0.1505594082701352
max_error: 0.8013554230549194
variance: 0.01500153649901146

AL interation 901/4801.

mae: 0.1504777561229281
max_error: 0.8015575989433165
variance: 0.015048274338404607

AL interation 902/4801.

mae: 0.15049892520475874
max_error: 0.8010393156212663
variance: 0.015024822731170888

AL interation 903/4801.

mae: 0.1505164345964557
max_error: 0.8011820182972496
variance: 0.015025204270318344

AL interation 904/4801.

mae: 0.15048711104010576
max_error: 0.802615852796978
variance: 0.015006020435426485

AL interation 905/4801.

mae: 0.15045451710345212
max_error: 0.8024056166033091
variance: 0.015006232357556376

AL interation 906/4801.

mae: 0.1500730554756742
max_error: 0.7865223687559109
variance: 0.01494148455189302

AL interation 907/4801.

mae: 0.14995808053475163
max_error: 0.7885541819206378
variance: 0.014918404261174656

AL interation 908/4801.

mae: 0.14988437498733567
max_error: 0.7878699861418682
variance: 0.014898151318067657

AL interation 909/4801.

mae: 0.14983046894195895
max_error: 0.7855751930511683
variance: 0.014930123929770897

AL interation 910/4801.

mae: 0.1498825867646545
max_error: 0.78427314741167
variance: 0.014910743531023282

AL interation 911/4801.

mae: 0.1499207040790766
max_error: 0.7831978858168973
variance: 0.01490572468287585

AL interation 912/4801.

mae: 0.14990675781219628
max_error: 0.7832700258755364
variance: 0.014904194514360125

AL interation 913/4801.

mae: 0.1498061338300559
max_error: 0.7823603365026504
variance: 0.014858866166778442

AL interation 914/4801.

mae: 0.1498614798003976
max_error: 0.7826710645875979
variance: 0.01486684337156464

AL interation 915/4801.

mae: 0.14988452032261887
max_error: 0.7831267594828503
variance: 0.014856547686233602

AL interation 916/4801.

mae: 0.15000754669737848
max_error: 0.7856240123136361
variance: 0.014885653298827179

AL interation 917/4801.

mae: 0.15005125842432235
max_error: 0.7835494706737598
variance: 0.014859386958683338

AL interation 918/4801.

mae: 0.15003957966604134
max_error: 0.7835416440816081
variance: 0.014860066009196336

AL interation 919/4801.

mae: 0.1499977057852012
max_error: 0.7818121895969505
variance: 0.014914236510650712

AL interation 920/4801.

mae: 0.1499590371592006
max_error: 0.780719585827079
variance: 0.014942886762644094

AL interation 921/4801.

mae: 0.14998049100978678
max_error: 0.7771007610042753
variance: 0.01497642277739422

AL interation 922/4801.

mae: 0.14989878475640978
max_error: 0.7764747796856951
variance: 0.014943467386781354

AL interation 923/4801.

mae: 0.14970658846209808
max_error: 0.7777652495541991
variance: 0.014882712775372859

AL interation 924/4801.

mae: 0.149686128721989
max_error: 0.7810857663649967
variance: 0.014868966943640963

AL interation 925/4801.

mae: 0.14967498268900414
max_error: 0.7813118824859361
variance: 0.014865522087002163

AL interation 926/4801.

mae: 0.14945577564410772
max_error: 0.7800107214524451
variance: 0.014836162080387325

AL interation 927/4801.

mae: 0.1494691465538914
max_error: 0.779842836877803
variance: 0.014835006641878264

AL interation 928/4801.

mae: 0.1495112945225404
max_error: 0.7804670956386092
variance: 0.014832214548172561

AL interation 929/4801.

mae: 0.1495472601733633
max_error: 0.7809227078277123
variance: 0.014827778238792817

AL interation 930/4801.

mae: 0.14947925334936368
max_error: 0.7812162337549758
variance: 0.014835476700999767

AL interation 931/4801.

mae: 0.14931554392299926
max_error: 0.7813458708414359
variance: 0.014837169148019415

AL interation 932/4801.

mae: 0.14915296188659743
max_error: 0.7783333847633003
variance: 0.014820615427538493

AL interation 933/4801.

mae: 0.14916053410329805
max_error: 0.7744416319359524
variance: 0.014827877169983088

AL interation 934/4801.

mae: 0.14893559984721674
max_error: 0.772603564920636
variance: 0.014799798434336797

AL interation 935/4801.

mae: 0.1488870998587625
max_error: 0.7759215849048571
variance: 0.014825257589069187

AL interation 936/4801.

mae: 0.14888316305164523
max_error: 0.7746524527719907
variance: 0.014821722380388026

AL interation 937/4801.

mae: 0.1489675067322733
max_error: 0.7769806658020526
variance: 0.014826265137460938

AL interation 938/4801.

mae: 0.14897984982571508
max_error: 0.7767427809632446
variance: 0.014825688901104314

AL interation 939/4801.

mae: 0.14884047565330163
max_error: 0.7763034298087574
variance: 0.014779458194121029

AL interation 940/4801.

mae: 0.14881012479617953
max_error: 0.7751986648626578
variance: 0.014757220520616676

AL interation 941/4801.

mae: 0.14885490608038707
max_error: 0.7752500560066047
variance: 0.014684695320823421

AL interation 942/4801.

mae: 0.14884186335911864
max_error: 0.7728239293644616
variance: 0.014679440946296977

AL interation 943/4801.

mae: 0.14872962683934868
max_error: 0.7617686375111581
variance: 0.014594506992216096

AL interation 944/4801.

mae: 0.148636356089841
max_error: 0.7742056400302249
variance: 0.014627369186433129

AL interation 945/4801.

mae: 0.14833418884088742
max_error: 0.7673482322997056
variance: 0.01454892319586716

AL interation 946/4801.

mae: 0.1483335549535366
max_error: 0.7663103843734265
variance: 0.014531262088710735

AL interation 947/4801.

mae: 0.14829815418424058
max_error: 0.7697121857544467
variance: 0.01455286629251559

AL interation 948/4801.

mae: 0.14821211327993059
max_error: 0.7704548899640602
variance: 0.014597013782923112

AL interation 949/4801.

mae: 0.14826321104580467
max_error: 0.7594468128688971
variance: 0.01458568157638325

AL interation 950/4801.

mae: 0.14822730567948436
max_error: 0.759264522825456
variance: 0.01458586250921505

AL interation 951/4801.

mae: 0.14815615230093537
max_error: 0.7628960891539585
variance: 0.014586755947877636

AL interation 952/4801.

mae: 0.1482900050367877
max_error: 0.7601495470972467
variance: 0.01461896035363086

AL interation 953/4801.

mae: 0.1483663078657302
max_error: 0.7589101612682541
variance: 0.014634245235047333

AL interation 954/4801.

mae: 0.14846664392100678
max_error: 0.7601480802238285
variance: 0.014634037849969554

AL interation 955/4801.

mae: 0.14853052210020656
max_error: 0.7583932536642908
variance: 0.014639321636939777

AL interation 956/4801.

mae: 0.1485399863354532
max_error: 0.7586300835138298
variance: 0.014641789169167307

AL interation 957/4801.

mae: 0.14833302396087109
max_error: 0.756436958381216
variance: 0.014621010844754874

AL interation 958/4801.

mae: 0.1483849026035815
max_error: 0.7565236310776342
variance: 0.014608878828253652

AL interation 959/4801.

mae: 0.1483557128464754
max_error: 0.7578664341591435
variance: 0.014609344713551494

AL interation 960/4801.

mae: 0.14835595778348637
max_error: 0.7578589666390422
variance: 0.01460940816925539

AL interation 961/4801.

mae: 0.14836014700916023
max_error: 0.7559271680163587
variance: 0.014598252106267796

AL interation 962/4801.

mae: 0.14833136033732655
max_error: 0.7503664368456867
variance: 0.014560953716647305

AL interation 963/4801.

mae: 0.14823150991099698
max_error: 0.7500202081513597
variance: 0.014553509509253292

AL interation 964/4801.

mae: 0.14802924382037203
max_error: 0.7497102035325393
variance: 0.014537339693272195

AL interation 965/4801.

mae: 0.1480315859150899
max_error: 0.7495260059445283
variance: 0.014526516687468552

AL interation 966/4801.

mae: 0.1481747709511304
max_error: 0.7465540996696147
variance: 0.014501064127146295

AL interation 967/4801.

mae: 0.14805538115786018
max_error: 0.741982544831126
variance: 0.014472751584358741

AL interation 968/4801.

mae: 0.14809506699458286
max_error: 0.7443365241864169
variance: 0.014467044670983224

AL interation 969/4801.

mae: 0.14806992011359638
max_error: 0.7445890627263378
variance: 0.01447196883119653

AL interation 970/4801.

mae: 0.14823178848582513
max_error: 0.746490309817029
variance: 0.014544336344334762

AL interation 971/4801.

mae: 0.14831049535948765
max_error: 0.7418215231170858
variance: 0.014567177608041618

AL interation 972/4801.

mae: 0.148261223770794
max_error: 0.7427180827421339
variance: 0.014572210683030773

AL interation 973/4801.

mae: 0.14825587049095162
max_error: 0.742889608223569
variance: 0.014572279879541251

AL interation 974/4801.

mae: 0.1482521509067277
max_error: 0.7439694096078739
variance: 0.014573639306063957

AL interation 975/4801.

mae: 0.1478640205076243
max_error: 0.7774648714279271
variance: 0.014526956213149424

AL interation 976/4801.

mae: 0.14784818901438387
max_error: 0.775011669181342
variance: 0.014526394997176516

AL interation 977/4801.

mae: 0.14786569608442643
max_error: 0.7743516951131628
variance: 0.014513651295139653

AL interation 978/4801.

mae: 0.1476838722150086
max_error: 0.7698364851384376
variance: 0.014490153812369174

AL interation 979/4801.

mae: 0.14763765801377338
max_error: 0.7706389873585433
variance: 0.014478170742478296

AL interation 980/4801.

mae: 0.14759277425612272
max_error: 0.7696875095156934
variance: 0.014471099260392513

AL interation 981/4801.

mae: 0.1477858332251418
max_error: 0.7619766088703759
variance: 0.014416642243065287

AL interation 982/4801.

mae: 0.14778068183460305
max_error: 0.7624942836584323
variance: 0.01441615185100847

AL interation 983/4801.

mae: 0.14774616337711222
max_error: 0.7610855768962284
variance: 0.014401813183836787

AL interation 984/4801.

mae: 0.14774512426624534
max_error: 0.7610587187751898
variance: 0.014401424502081707

AL interation 985/4801.

mae: 0.14781770414460976
max_error: 0.761041594277376
variance: 0.014411389735680036

AL interation 986/4801.

mae: 0.14770889057507913
max_error: 0.7614060860019642
variance: 0.014451354816972259

AL interation 987/4801.

mae: 0.14773616469845421
max_error: 0.7635078950266113
variance: 0.014449350787631186

AL interation 988/4801.

mae: 0.14772008422283772
max_error: 0.76318067289351
variance: 0.014434627771207686

AL interation 989/4801.

mae: 0.14769708453709143
max_error: 0.7650564031207119
variance: 0.014418114909412885

AL interation 990/4801.

mae: 0.14766749429547849
max_error: 0.7651478693188842
variance: 0.014417602650860587

AL interation 991/4801.

mae: 0.14757400403680446
max_error: 0.7653312085163132
variance: 0.014414597862248382

AL interation 992/4801.

mae: 0.14761050828649117
max_error: 0.7639767557293621
variance: 0.014414938951763812

AL interation 993/4801.

mae: 0.14763408215743826
max_error: 0.764089409605413
variance: 0.014415547461790128

AL interation 994/4801.

mae: 0.14760328510698975
max_error: 0.7593840730881997
variance: 0.014412979139611273

AL interation 995/4801.

mae: 0.1475529864044679
max_error: 0.7598595018533444
variance: 0.014395044792390815

AL interation 996/4801.

mae: 0.14755249166238885
max_error: 0.7594054962255578
variance: 0.014391307350162818

AL interation 997/4801.

mae: 0.1474823245182749
max_error: 0.7586736412107395
variance: 0.014415480477291945

AL interation 998/4801.

mae: 0.14757019847308186
max_error: 0.760448076724724
variance: 0.014442948355020904

AL interation 999/4801.

mae: 0.14762672158386272
max_error: 0.7629287547201006
variance: 0.014465385080894984

AL interation 1000/4801.

mae: 0.1475823031488169
max_error: 0.7599689594371366
variance: 0.01441106092221674

AL interation 1001/4801.

mae: 0.14756763602738213
max_error: 0.7604439534929277
variance: 0.014401726294361409

AL interation 1002/4801.

mae: 0.14738827243946565
max_error: 0.7589154442574979
variance: 0.014414911201504003

AL interation 1003/4801.

mae: 0.14724942828285348
max_error: 0.7565066491130843
variance: 0.01441515006956592

AL interation 1004/4801.

mae: 0.1474439795508863
max_error: 0.7617324517885631
variance: 0.014453065919238743

AL interation 1005/4801.

mae: 0.14746954214348507
max_error: 0.7620359206389078
variance: 0.014453278245009672

AL interation 1006/4801.

mae: 0.14746216636216358
max_error: 0.7599195511848875
variance: 0.014346831425750524

AL interation 1007/4801.

mae: 0.14739062020982216
max_error: 0.7594547282034629
variance: 0.014349434893801326

AL interation 1008/4801.

mae: 0.14738408555013247
max_error: 0.7595207288925085
variance: 0.014348025131373964

AL interation 1009/4801.

mae: 0.1473848430064209
max_error: 0.759102708378909
variance: 0.014352351127077672

AL interation 1010/4801.

mae: 0.14729826197424933
max_error: 0.7558864993326093
variance: 0.014355157456863327

AL interation 1011/4801.

mae: 0.14728002017165756
max_error: 0.7560920726205476
variance: 0.014354573924787598

AL interation 1012/4801.

mae: 0.147276177581668
max_error: 0.7562928620500247
variance: 0.014356477429165081

AL interation 1013/4801.

mae: 0.14718545360483495
max_error: 0.7565164403938403
variance: 0.014357830041796924

AL interation 1014/4801.

mae: 0.14720484397893058
max_error: 0.7556377506988519
variance: 0.01434407536358834

AL interation 1015/4801.

mae: 0.14726144606108715
max_error: 0.7566418949830571
variance: 0.014335462640815403

AL interation 1016/4801.

mae: 0.14697834504760213
max_error: 0.7530124664077622
variance: 0.014286596538966722

AL interation 1017/4801.

mae: 0.1470499671422791
max_error: 0.7539842094771678
variance: 0.01429483206391782

AL interation 1018/4801.

mae: 0.14686727744563782
max_error: 0.7545310661718836
variance: 0.014273122404131562

AL interation 1019/4801.

mae: 0.14686732612991762
max_error: 0.754693953761532
variance: 0.014273401636993477

AL interation 1020/4801.

mae: 0.14666269172517446
max_error: 0.752087778083161
variance: 0.014206498509498303

AL interation 1021/4801.

mae: 0.14659576769545518
max_error: 0.7486754816352663
variance: 0.01419576000096889

AL interation 1022/4801.

mae: 0.146427138822538
max_error: 0.7476712977859137
variance: 0.014157614339754489

AL interation 1023/4801.

mae: 0.14616859827674641
max_error: 0.7528295138194505
variance: 0.01414111355395463

AL interation 1024/4801.

mae: 0.14606610796328337
max_error: 0.7543295318059772
variance: 0.014148219861112442

AL interation 1025/4801.

mae: 0.1459549882784963
max_error: 0.7548889577496563
variance: 0.014145515771255071

AL interation 1026/4801.

mae: 0.14594113801100833
max_error: 0.7555605881607868
variance: 0.014132667503764752

AL interation 1027/4801.

mae: 0.14598397816182276
max_error: 0.7557455024593922
variance: 0.014136675482521361

AL interation 1028/4801.

mae: 0.1460150604846956
max_error: 0.7550566726631125
variance: 0.014119338386781779

AL interation 1029/4801.

mae: 0.14610629752871285
max_error: 0.754329936281134
variance: 0.014136389031818037

AL interation 1030/4801.

mae: 0.1461059992026928
max_error: 0.7543298037738717
variance: 0.014136465890920283

AL interation 1031/4801.

mae: 0.14612463788889077
max_error: 0.7540556435791168
variance: 0.014130798841524253

AL interation 1032/4801.

mae: 0.1460962832836928
max_error: 0.7538286467389823
variance: 0.01413249655269299

AL interation 1033/4801.

mae: 0.14608113067495268
max_error: 0.7509328674810818
variance: 0.014130654575115722

AL interation 1034/4801.

mae: 0.14609040512646884
max_error: 0.7509534137051831
variance: 0.01414704945090933

AL interation 1035/4801.

mae: 0.14609329948811128
max_error: 0.7508141338578623
variance: 0.014146699298161463

AL interation 1036/4801.

mae: 0.14606354586157164
max_error: 0.7462220575440026
variance: 0.014132476626427573

AL interation 1037/4801.

mae: 0.14602076112232665
max_error: 0.7452956210641881
variance: 0.014074814456960962

AL interation 1038/4801.

mae: 0.1459586358926149
max_error: 0.7491347950523934
variance: 0.014064583376288409

AL interation 1039/4801.

mae: 0.14597327029669013
max_error: 0.748361115112522
variance: 0.014064311552968254

AL interation 1040/4801.

mae: 0.14582874186646577
max_error: 0.7493893178542073
variance: 0.01404548418695327

AL interation 1041/4801.

mae: 0.1458479929588122
max_error: 0.7492662383753281
variance: 0.01404796267647914

AL interation 1042/4801.

mae: 0.14595432301062886
max_error: 0.7512689036626394
variance: 0.014041683903027074

AL interation 1043/4801.

mae: 0.1459687307274249
max_error: 0.7514218189552224
variance: 0.014043543210935724

AL interation 1044/4801.

mae: 0.14599405603832638
max_error: 0.7496489357815037
variance: 0.014046630266385373

AL interation 1045/4801.

mae: 0.14598054147587267
max_error: 0.7504252463045202
variance: 0.014041314550386985

AL interation 1046/4801.

mae: 0.1459589446411109
max_error: 0.752141270209775
variance: 0.0140362637753535

AL interation 1047/4801.

mae: 0.14596993420246365
max_error: 0.7519198296293887
variance: 0.01403658273883443

AL interation 1048/4801.

mae: 0.1459440190927699
max_error: 0.7498065673502934
variance: 0.01401832451662005

AL interation 1049/4801.

mae: 0.14583747949525003
max_error: 0.7528956587104461
variance: 0.013956141863736985

AL interation 1050/4801.

mae: 0.14578223502400364
max_error: 0.7536810283509214
variance: 0.013929849024767288

AL interation 1051/4801.

mae: 0.14578419030025055
max_error: 0.7538351900152447
variance: 0.013933242801298285

AL interation 1052/4801.

mae: 0.14572955800943868
max_error: 0.7542232677402649
variance: 0.013955936704529439

AL interation 1053/4801.

mae: 0.1460881159205231
max_error: 0.7684242016767058
variance: 0.013952457509632525

AL interation 1054/4801.

mae: 0.14608710841856112
max_error: 0.7683955245266025
variance: 0.013951941818943655

AL interation 1055/4801.

mae: 0.14608835777361523
max_error: 0.7685439160671945
variance: 0.013951581020004199

AL interation 1056/4801.

mae: 0.1459847171518553
max_error: 0.7715141829888246
variance: 0.01394265519690352

AL interation 1057/4801.

mae: 0.1459479150393264
max_error: 0.7749067032519323
variance: 0.013943299522292847

AL interation 1058/4801.

mae: 0.1461140291250227
max_error: 0.7911811343310875
variance: 0.014009152913236123

AL interation 1059/4801.

mae: 0.14612844297318686
max_error: 0.7924351123169311
variance: 0.014004411767489663

AL interation 1060/4801.

mae: 0.14604396067062997
max_error: 0.7918046190508286
variance: 0.013986788394876222

AL interation 1061/4801.

mae: 0.14603748728811464
max_error: 0.790942981818731
variance: 0.013977498674230105

AL interation 1062/4801.

mae: 0.14600572687382543
max_error: 0.7912341152794196
variance: 0.013973592958444378

AL interation 1063/4801.

mae: 0.14595101342387903
max_error: 0.7836779681621566
variance: 0.013998906785695991

AL interation 1064/4801.

mae: 0.14585813638946354
max_error: 0.7857283196420111
variance: 0.013990519093868472

AL interation 1065/4801.

mae: 0.14567315069304299
max_error: 0.787974201007176
variance: 0.013991084940462152

AL interation 1066/4801.

mae: 0.14562525435535367
max_error: 0.7884178225680061
variance: 0.013987687390098544

AL interation 1067/4801.

mae: 0.14560712141176058
max_error: 0.7890807412172962
variance: 0.013986738263613215

AL interation 1068/4801.

mae: 0.14553464077542383
max_error: 0.7863302213248959
variance: 0.01394443185251485

AL interation 1069/4801.

mae: 0.14541265704257472
max_error: 0.7871864731143821
variance: 0.013934238955965895

AL interation 1070/4801.

mae: 0.14548672952898192
max_error: 0.7962006034625806
variance: 0.013953993862053605

AL interation 1071/4801.

mae: 0.14547472601768988
max_error: 0.7901369587541875
variance: 0.01394329956836294

AL interation 1072/4801.

mae: 0.14533454982293678
max_error: 0.7890171805693469
variance: 0.013912756019332374

AL interation 1073/4801.

mae: 0.1455782752879301
max_error: 0.787567775476512
variance: 0.013867982839107444

AL interation 1074/4801.

mae: 0.14554622074073514
max_error: 0.7871937598279402
variance: 0.01387113218402317

AL interation 1075/4801.

mae: 0.14554598887363834
max_error: 0.7873295559317361
variance: 0.013871118248914576

AL interation 1076/4801.

mae: 0.14552845883363671
max_error: 0.7858232850529152
variance: 0.013868822368503602

AL interation 1077/4801.

mae: 0.14547231245134942
max_error: 0.7878794963132563
variance: 0.013836373103897334

AL interation 1078/4801.

mae: 0.1454295370595725
max_error: 0.7946461113186312
variance: 0.013857184871108884

AL interation 1079/4801.

mae: 0.14535327577320736
max_error: 0.7946189435857756
variance: 0.013833429039759235

AL interation 1080/4801.

mae: 0.14536646013530846
max_error: 0.7948619888544259
variance: 0.013832306738943265

AL interation 1081/4801.

mae: 0.14516668218811776
max_error: 0.79209775866917
variance: 0.013755306896784059

AL interation 1082/4801.

mae: 0.1452461854552152
max_error: 0.7901436107063995
variance: 0.013746876694850998

AL interation 1083/4801.

mae: 0.14546179434483056
max_error: 0.7895786205536499
variance: 0.01375299591481489

AL interation 1084/4801.

mae: 0.1454605178183165
max_error: 0.7896321565957629
variance: 0.013752814878502235

AL interation 1085/4801.

mae: 0.1453189302281206
max_error: 0.7918277377787064
variance: 0.01379330221958821

AL interation 1086/4801.

mae: 0.14514357940567651
max_error: 0.7916428232834485
variance: 0.013791751247908839

AL interation 1087/4801.

mae: 0.1451475596742244
max_error: 0.7916528034551757
variance: 0.013791337848147501

AL interation 1088/4801.

mae: 0.14471586187274277
max_error: 0.7882592427453483
variance: 0.013732561932218897

AL interation 1089/4801.

mae: 0.14472663191635682
max_error: 0.7883339791292627
variance: 0.01373283794845307

AL interation 1090/4801.

mae: 0.14467984521445226
max_error: 0.7916024046965053
variance: 0.013730436104399456

AL interation 1091/4801.

mae: 0.1446442925941169
max_error: 0.796584124386128
variance: 0.013747005221592268

AL interation 1092/4801.

mae: 0.14465641909781432
max_error: 0.7964994273946346
variance: 0.01374817045494038

AL interation 1093/4801.

mae: 0.14470594805679748
max_error: 0.7957238772566846
variance: 0.01373930237966878

AL interation 1094/4801.

mae: 0.1447061118321401
max_error: 0.7957065408199437
variance: 0.013739419275986257

AL interation 1095/4801.

mae: 0.14461571145795432
max_error: 0.8033042190116939
variance: 0.01375765136518346

AL interation 1096/4801.

mae: 0.14469594442031192
max_error: 0.8031764434494837
variance: 0.013764069539858271

AL interation 1097/4801.

mae: 0.14461621107610512
max_error: 0.8058123498390515
variance: 0.013771445659564781

AL interation 1098/4801.

mae: 0.14449292470653932
max_error: 0.8005300689173587
variance: 0.013778077307682317

AL interation 1099/4801.

mae: 0.1444303354816704
max_error: 0.8071976823840021
variance: 0.013766929813422653

AL interation 1100/4801.

mae: 0.14426742278162885
max_error: 0.8094010936482985
variance: 0.013711856608255637

AL interation 1101/4801.

mae: 0.14422336933249713
max_error: 0.8081402131123214
variance: 0.013706958038302791

AL interation 1102/4801.

mae: 0.1442300266501165
max_error: 0.8084155270249473
variance: 0.013701581352837238

AL interation 1103/4801.

mae: 0.144119018644172
max_error: 0.8127463363752405
variance: 0.01365437763717351

AL interation 1104/4801.

mae: 0.14373639860471754
max_error: 0.8050127318841864
variance: 0.013587809157778451

AL interation 1105/4801.

mae: 0.14361005835053423
max_error: 0.8057279983306207
variance: 0.013521441822153833

AL interation 1106/4801.

mae: 0.14357179457411684
max_error: 0.8061892380870348
variance: 0.013511085731583043

AL interation 1107/4801.

mae: 0.14353414924715874
max_error: 0.8069876628833268
variance: 0.013502205164175576

AL interation 1108/4801.

mae: 0.1435558350815218
max_error: 0.8086869176267988
variance: 0.013513225178340322

AL interation 1109/4801.

mae: 0.14352493994451704
max_error: 0.8107487510416533
variance: 0.013491921252680898

AL interation 1110/4801.

mae: 0.14336221872194768
max_error: 0.8102086017083168
variance: 0.013486840527475947

AL interation 1111/4801.

mae: 0.14335498507266095
max_error: 0.811660460158252
variance: 0.013476953238560045

AL interation 1112/4801.

mae: 0.14359446388652544
max_error: 0.8136900046540332
variance: 0.013522825925321513

AL interation 1113/4801.

mae: 0.143649685006335
max_error: 0.8084021437422562
variance: 0.01352269817567317

AL interation 1114/4801.

mae: 0.14356790049002682
max_error: 0.8062536784189129
variance: 0.013527488582839727

AL interation 1115/4801.

mae: 0.14355464297083725
max_error: 0.8068031893688623
variance: 0.013535274237729229

AL interation 1116/4801.

mae: 0.14352155037181047
max_error: 0.8069219239732683
variance: 0.013531259813781778

AL interation 1117/4801.

mae: 0.1434780116238451
max_error: 0.8056115860525295
variance: 0.013535526418563556

AL interation 1118/4801.

mae: 0.1435314990568861
max_error: 0.805118621740359
variance: 0.013557613553199031

AL interation 1119/4801.

mae: 0.14372849412235178
max_error: 0.8053239702991086
variance: 0.01355578165773027

AL interation 1120/4801.

mae: 0.14371072877779698
max_error: 0.8050857565920437
variance: 0.013554293935799752

AL interation 1121/4801.

mae: 0.14386519883737828
max_error: 0.8051770216743122
variance: 0.013568625644985982

AL interation 1122/4801.

mae: 0.14387627345206222
max_error: 0.8049884927771318
variance: 0.013571651858755278

AL interation 1123/4801.

mae: 0.14408255217274146
max_error: 0.8037931247553389
variance: 0.01357375534808362

AL interation 1124/4801.

mae: 0.14404348556227348
max_error: 0.804849678719219
variance: 0.01357990401942347

AL interation 1125/4801.

mae: 0.14401661536611948
max_error: 0.8044906064218393
variance: 0.01357834426669567

AL interation 1126/4801.

mae: 0.14385934780038642
max_error: 0.8058581464171799
variance: 0.013546100144283367

AL interation 1127/4801.

mae: 0.14396985342824184
max_error: 0.803350747560206
variance: 0.013557995138390948

AL interation 1128/4801.

mae: 0.1439305642090011
max_error: 0.8029554467973963
variance: 0.013552514446114508

AL interation 1129/4801.

mae: 0.14399137488308714
max_error: 0.8046969228173282
variance: 0.013556587026924177

AL interation 1130/4801.

mae: 0.1439695523537098
max_error: 0.8047073064774775
variance: 0.013554833104132163

AL interation 1131/4801.

mae: 0.14424989837280283
max_error: 0.8013190016772669
variance: 0.013586291621186039

AL interation 1132/4801.

mae: 0.1442135600025215
max_error: 0.8006695388145266
variance: 0.013597204481090077

AL interation 1133/4801.

mae: 0.14423612212460726
max_error: 0.8036514647640436
variance: 0.013602735914910123

AL interation 1134/4801.

mae: 0.1441754824895603
max_error: 0.8033651533965491
variance: 0.013585479527889738

AL interation 1135/4801.

mae: 0.14415162771869125
max_error: 0.8028447610617573
variance: 0.01357054971776124

AL interation 1136/4801.

mae: 0.14416883277264805
max_error: 0.8023326202168817
variance: 0.013572200440793172

AL interation 1137/4801.

mae: 0.14422595949817116
max_error: 0.7995879619104613
variance: 0.013581984280778269

AL interation 1138/4801.

mae: 0.14421476256838942
max_error: 0.800557780639549
variance: 0.013593780177071082

AL interation 1139/4801.

mae: 0.14423036901565942
max_error: 0.8019503117740885
variance: 0.013582701644548691

AL interation 1140/4801.

mae: 0.14422897735803303
max_error: 0.8020786698694355
variance: 0.013587045418425432

AL interation 1141/4801.

mae: 0.14421417341238651
max_error: 0.8016325163622438
variance: 0.013587254920196624

AL interation 1142/4801.

mae: 0.1442596744499213
max_error: 0.8036782724537239
variance: 0.013570595382408405

AL interation 1143/4801.

mae: 0.1442910588919408
max_error: 0.8038762519632239
variance: 0.01355749371698206

AL interation 1144/4801.

mae: 0.14422249587678618
max_error: 0.8041982778247583
variance: 0.013557140397070297

AL interation 1145/4801.

mae: 0.14465495445431711
max_error: 0.8135730928776099
variance: 0.013607821237690136

AL interation 1146/4801.

mae: 0.14461553192271348
max_error: 0.8135427630211489
variance: 0.013595894172050578

AL interation 1147/4801.

mae: 0.14459172667055972
max_error: 0.8135248206787824
variance: 0.013592000947211863

AL interation 1148/4801.

mae: 0.1445933772774195
max_error: 0.8139209623653976
variance: 0.013590381047954837

AL interation 1149/4801.

mae: 0.1446030966349881
max_error: 0.8143783590812088
variance: 0.013589906663007295

AL interation 1150/4801.

mae: 0.14463996686744543
max_error: 0.8139482706564038
variance: 0.01360280878141625

AL interation 1151/4801.

mae: 0.14451422933713265
max_error: 0.8094066481873248
variance: 0.013572477908560364

AL interation 1152/4801.

mae: 0.14454005774357323
max_error: 0.8112166152278788
variance: 0.013569586617034517

AL interation 1153/4801.

mae: 0.1446010886060376
max_error: 0.8126515142104265
variance: 0.013572307818366222

AL interation 1154/4801.

mae: 0.1445647736338352
max_error: 0.8137738010483275
variance: 0.013559498564856208

AL interation 1155/4801.

mae: 0.1444808113442183
max_error: 0.8133613543423301
variance: 0.01354803993731424

AL interation 1156/4801.

mae: 0.14447583464113634
max_error: 0.8136300207920923
variance: 0.013548448014310446

AL interation 1157/4801.

mae: 0.1444886569731169
max_error: 0.8136828754128347
variance: 0.01354865441353123

AL interation 1158/4801.

mae: 0.14448331527831335
max_error: 0.8145060806105429
variance: 0.013533919408197138

AL interation 1159/4801.

mae: 0.14473196006534042
max_error: 0.8138446965051678
variance: 0.013554651385609327

AL interation 1160/4801.

mae: 0.1448249342954478
max_error: 0.8169057068567964
variance: 0.013541972713943423

AL interation 1161/4801.

mae: 0.14481108976010748
max_error: 0.8185789119972373
variance: 0.013548182458585405

AL interation 1162/4801.

mae: 0.1447673153774363
max_error: 0.8194738777900463
variance: 0.01354292107579956

AL interation 1163/4801.

mae: 0.1447286453391224
max_error: 0.8194602553729999
variance: 0.013529171066901234

AL interation 1164/4801.

mae: 0.144731486832779
max_error: 0.8193934076396276
variance: 0.013541818141237023

AL interation 1165/4801.

mae: 0.14457992187400742
max_error: 0.8181944221481237
variance: 0.013510511543579212

AL interation 1166/4801.

mae: 0.14458230059913443
max_error: 0.818056669376444
variance: 0.0135024689056314

AL interation 1167/4801.

mae: 0.1443993716844272
max_error: 0.8178392214217509
variance: 0.013457317710459602

AL interation 1168/4801.

mae: 0.14430675018477016
max_error: 0.8162645076978516
variance: 0.013470178691211374

AL interation 1169/4801.

mae: 0.14433678198055572
max_error: 0.8155956365903205
variance: 0.013462019685950991

AL interation 1170/4801.

mae: 0.1444347168770366
max_error: 0.8167865901517084
variance: 0.013464348215162491

AL interation 1171/4801.

mae: 0.1444070364013162
max_error: 0.8176842263468624
variance: 0.013415892191906215

AL interation 1172/4801.

mae: 0.14442679852122467
max_error: 0.8186326020528463
variance: 0.01343102962500567

AL interation 1173/4801.

mae: 0.14442833487619755
max_error: 0.8183397456403494
variance: 0.013433618608855079

AL interation 1174/4801.

mae: 0.1446672045779962
max_error: 0.8175362606327878
variance: 0.013432468057279648

AL interation 1175/4801.

mae: 0.14456487343414892
max_error: 0.8191937833504275
variance: 0.013437429993927

AL interation 1176/4801.

mae: 0.14453096779834795
max_error: 0.818559060004405
variance: 0.013435933723669934

AL interation 1177/4801.

mae: 0.14448762777217272
max_error: 0.8186197152586341
variance: 0.013433421333861863

AL interation 1178/4801.

mae: 0.1444530862729464
max_error: 0.8139537803263623
variance: 0.013419121357611408

AL interation 1179/4801.

mae: 0.14438124200050664
max_error: 0.8135141901401659
variance: 0.013411830979482061

AL interation 1180/4801.

mae: 0.14439204172604542
max_error: 0.8136551157289373
variance: 0.013415593912809647

AL interation 1181/4801.

mae: 0.14439153022847395
max_error: 0.8136513112673338
variance: 0.013414782098401048

AL interation 1182/4801.

mae: 0.144393554227901
max_error: 0.8134311820729336
variance: 0.013420448725644482

AL interation 1183/4801.

mae: 0.14444347258897516
max_error: 0.8126386393280578
variance: 0.013427708998454631

AL interation 1184/4801.

mae: 0.14442825853485522
max_error: 0.81296143830175
variance: 0.013428274172809203

AL interation 1185/4801.

mae: 0.14443210628709505
max_error: 0.812993895790024
variance: 0.01343054073071002

AL interation 1186/4801.

mae: 0.14430657859343207
max_error: 0.8092326988176035
variance: 0.01340863840419624

AL interation 1187/4801.

mae: 0.14431559358778606
max_error: 0.8086325509174372
variance: 0.013389823077875677

AL interation 1188/4801.

mae: 0.14432940341165965
max_error: 0.8075536245484765
variance: 0.013394575687801554

AL interation 1189/4801.

mae: 0.14418204721352904
max_error: 0.8135412586586845
variance: 0.013343751221099251

AL interation 1190/4801.

mae: 0.14418941646235145
max_error: 0.8143365821749473
variance: 0.013364388999613966

AL interation 1191/4801.

mae: 0.14415610475892812
max_error: 0.8139571356748525
variance: 0.013363813983743335

AL interation 1192/4801.

mae: 0.14426534224537602
max_error: 0.8077258117787842
variance: 0.013368852552969029

AL interation 1193/4801.

mae: 0.14426151385517078
max_error: 0.8027041435150539
variance: 0.013366327344529721

AL interation 1194/4801.

mae: 0.1442770743588719
max_error: 0.8032501226862734
variance: 0.013370430817079166

AL interation 1195/4801.

mae: 0.14427707672677978
max_error: 0.8033350145837228
variance: 0.01337123706427435

AL interation 1196/4801.

mae: 0.14430908304033374
max_error: 0.803579719272602
variance: 0.013388793785833278

AL interation 1197/4801.

mae: 0.14422282475365175
max_error: 0.8037441718201888
variance: 0.013397189435777982

AL interation 1198/4801.

mae: 0.1442212739224475
max_error: 0.8023894681908423
variance: 0.013410753396391122

AL interation 1199/4801.

mae: 0.14422621766782862
max_error: 0.797743919322424
variance: 0.013385781383235455

AL interation 1200/4801.

mae: 0.1442102931606328
max_error: 0.7977637425838848
variance: 0.013385210296313971

AL interation 1201/4801.

mae: 0.1442164164416095
max_error: 0.7977080376229804
variance: 0.013383493332269163

AL interation 1202/4801.

mae: 0.14421834442225243
max_error: 0.7964872569118415
variance: 0.013373412284947483

AL interation 1203/4801.

mae: 0.14418768829884276
max_error: 0.7967821024623296
variance: 0.013350784731861895

AL interation 1204/4801.

mae: 0.1442231087608127
max_error: 0.7999290194276267
variance: 0.013348002253573117

AL interation 1205/4801.

mae: 0.14428192628814987
max_error: 0.8016422672850045
variance: 0.0133564806801154

AL interation 1206/4801.

mae: 0.14427567824847876
max_error: 0.8017800457820257
variance: 0.013370875413310173

AL interation 1207/4801.

mae: 0.14443124056069961
max_error: 0.8035326672196348
variance: 0.013387495492216711

AL interation 1208/4801.

mae: 0.14441916218420203
max_error: 0.8022375444710637
variance: 0.013390800018878398

AL interation 1209/4801.

mae: 0.14445717405003342
max_error: 0.7985085209386016
variance: 0.013395952280168015

AL interation 1210/4801.

mae: 0.14456510432242198
max_error: 0.796834404644867
variance: 0.013396140942384732

AL interation 1211/4801.

mae: 0.14457476232582295
max_error: 0.7969878579654823
variance: 0.013379423972661817

AL interation 1212/4801.

mae: 0.14462807517111584
max_error: 0.7753933716627066
variance: 0.013341428823610032

AL interation 1213/4801.

mae: 0.14465391271150213
max_error: 0.774432414290922
variance: 0.013318285882195236

AL interation 1214/4801.

mae: 0.14466378080885214
max_error: 0.7706991671474863
variance: 0.013363677780922383

AL interation 1215/4801.

mae: 0.1446528927923418
max_error: 0.7704192716220002
variance: 0.013362200007623578

AL interation 1216/4801.

mae: 0.1446185057119244
max_error: 0.7709358116753089
variance: 0.013363266791354814

AL interation 1217/4801.

mae: 0.14461592796969103
max_error: 0.7710192220465901
variance: 0.013373549971846506

AL interation 1218/4801.

mae: 0.144562948053972
max_error: 0.7668373404417876
variance: 0.013373868985239705

AL interation 1219/4801.

mae: 0.14459959841571682
max_error: 0.766990456924153
variance: 0.013376421353320886

AL interation 1220/4801.

mae: 0.14457056388074696
max_error: 0.765960522703518
variance: 0.013389096127774665

AL interation 1221/4801.

mae: 0.1446522191415956
max_error: 0.7676998599143317
variance: 0.013404031093714115

AL interation 1222/4801.

mae: 0.1446748421220296
max_error: 0.7675433029524714
variance: 0.01341223752197991

AL interation 1223/4801.

mae: 0.1446526084071859
max_error: 0.7673551530433009
variance: 0.013404435621099811

AL interation 1224/4801.

mae: 0.14469747616335799
max_error: 0.7672834843247218
variance: 0.013409076868606644

AL interation 1225/4801.

mae: 0.14448334698624515
max_error: 0.7709035478498549
variance: 0.01337320465288607

AL interation 1226/4801.

mae: 0.14448511585406354
max_error: 0.7707574711992655
variance: 0.013362359953017317

AL interation 1227/4801.

mae: 0.1443930128120875
max_error: 0.771821638310652
variance: 0.013364080479404006

AL interation 1228/4801.

mae: 0.14437157859678984
max_error: 0.7701992534699094
variance: 0.01336793233724727

AL interation 1229/4801.

mae: 0.14445842913927706
max_error: 0.769021513686011
variance: 0.01330858420132175

AL interation 1230/4801.

mae: 0.1444628115068923
max_error: 0.7689839140558643
variance: 0.01330640402063835

AL interation 1231/4801.

mae: 0.1444336415464566
max_error: 0.7737973902209387
variance: 0.013321757596963328

AL interation 1232/4801.

mae: 0.14437028708595762
max_error: 0.7803580892704387
variance: 0.013332130409421094

AL interation 1233/4801.

mae: 0.14433369557551304
max_error: 0.7784958151854666
variance: 0.013325592583204978

AL interation 1234/4801.

mae: 0.14432571155770046
max_error: 0.7779303324758922
variance: 0.013332483141923437

AL interation 1235/4801.

mae: 0.14431557450290092
max_error: 0.7762207765077873
variance: 0.013314958697028879

AL interation 1236/4801.

mae: 0.14424515179471797
max_error: 0.7786320869091008
variance: 0.013310850922596247

AL interation 1237/4801.

mae: 0.1441474085995427
max_error: 0.7796661826227416
variance: 0.013309966144374404

AL interation 1238/4801.

mae: 0.14445115605289166
max_error: 0.7768424713633708
variance: 0.013310486418953556

AL interation 1239/4801.

mae: 0.1444498808824493
max_error: 0.7759460709110497
variance: 0.01331347718540524

AL interation 1240/4801.

mae: 0.1444945333126212
max_error: 0.7714226034488183
variance: 0.01330988529572378

AL interation 1241/4801.

mae: 0.1443722384147491
max_error: 0.7704798500077494
variance: 0.013279253035022684

AL interation 1242/4801.

mae: 0.144385990434072
max_error: 0.7699835400331365
variance: 0.013287399715791891

AL interation 1243/4801.

mae: 0.14437506862617697
max_error: 0.7703177512529176
variance: 0.013286674720074557

AL interation 1244/4801.

mae: 0.14441813245382962
max_error: 0.7705293551856283
variance: 0.013288274850077799

AL interation 1245/4801.

mae: 0.14398656336237478
max_error: 0.7704341646746986
variance: 0.013210012744167964

AL interation 1246/4801.

mae: 0.1438974241387053
max_error: 0.7716925308815409
variance: 0.013206887293105247

AL interation 1247/4801.

mae: 0.14388799823013745
max_error: 0.7687791818162675
variance: 0.013208751373439787

AL interation 1248/4801.

mae: 0.14383648709834357
max_error: 0.7676301277354838
variance: 0.0131917903087487

AL interation 1249/4801.

mae: 0.1438289501030247
max_error: 0.7666697350913871
variance: 0.013184981011466368

AL interation 1250/4801.

mae: 0.1438332306413542
max_error: 0.7666402775942979
variance: 0.013185467218336421

AL interation 1251/4801.

mae: 0.14384057293789834
max_error: 0.7632575417333556
variance: 0.01318726835791613

AL interation 1252/4801.

mae: 0.14375415535744987
max_error: 0.7549145873729166
variance: 0.013125385147676728

AL interation 1253/4801.

mae: 0.143734804995264
max_error: 0.7536077268496149
variance: 0.013123371765157963

AL interation 1254/4801.

mae: 0.14375754704053698
max_error: 0.7546022822788372
variance: 0.013121585892081915

AL interation 1255/4801.

mae: 0.1437510578771536
max_error: 0.7534169511559738
variance: 0.013126557353596545

AL interation 1256/4801.

mae: 0.14368950872614597
max_error: 0.7498282321734521
variance: 0.01310613549628567

AL interation 1257/4801.

mae: 0.1436181687269084
max_error: 0.7489779431590097
variance: 0.013101132354442114

AL interation 1258/4801.

mae: 0.1435963300850522
max_error: 0.7476489663472077
variance: 0.013062266006006852

AL interation 1259/4801.

mae: 0.14335272507816665
max_error: 0.7442877444238444
variance: 0.013045446757268734

AL interation 1260/4801.

mae: 0.14316287690520502
max_error: 0.7406898293488076
variance: 0.013049786218325197

AL interation 1261/4801.

mae: 0.14313460536191308
max_error: 0.7383867392549618
variance: 0.013040426736488106

AL interation 1262/4801.

mae: 0.14343478423674683
max_error: 0.7426599964340411
variance: 0.01302913283529384

AL interation 1263/4801.

mae: 0.1433402364164905
max_error: 0.7423400199731236
variance: 0.012991009165982966

AL interation 1264/4801.

mae: 0.14334048091043633
max_error: 0.7420383301672029
variance: 0.0129960116619277

AL interation 1265/4801.

mae: 0.143403984484759
max_error: 0.7414457656929541
variance: 0.013012259426950357

AL interation 1266/4801.

mae: 0.14345483751829502
max_error: 0.7399095340819681
variance: 0.012991793920578143

AL interation 1267/4801.

mae: 0.1434120811546772
max_error: 0.7287104305757692
variance: 0.012986195121964002

AL interation 1268/4801.

mae: 0.14331021296811536
max_error: 0.7293606722766235
variance: 0.012989054434597955

AL interation 1269/4801.

mae: 0.14331743815626063
max_error: 0.7276847359247451
variance: 0.01297945991889104

AL interation 1270/4801.

mae: 0.14329676768510924
max_error: 0.723501170058426
variance: 0.012956063709001119

AL interation 1271/4801.

mae: 0.14331423111158617
max_error: 0.7342371943017327
variance: 0.012951488925440508

AL interation 1272/4801.

mae: 0.14307733726290434
max_error: 0.737869041460435
variance: 0.012943133195567027

AL interation 1273/4801.

mae: 0.1431044650335518
max_error: 0.7372687876799793
variance: 0.012954061304567293

AL interation 1274/4801.

mae: 0.14301573956421038
max_error: 0.7355392936712288
variance: 0.012916690086382377

AL interation 1275/4801.

mae: 0.14299283704848256
max_error: 0.7354469815004965
variance: 0.012918045800068669

AL interation 1276/4801.

mae: 0.14297973808100004
max_error: 0.7341597882376578
variance: 0.012904828677835179

AL interation 1277/4801.

mae: 0.14287588652106667
max_error: 0.7387865864904208
variance: 0.012907534083418768

AL interation 1278/4801.

mae: 0.14289199733215263
max_error: 0.7389444001165759
variance: 0.01291466419721669

AL interation 1279/4801.

mae: 0.142937965694927
max_error: 0.7423789675373875
variance: 0.01291464019988477

AL interation 1280/4801.

mae: 0.14306385353827733
max_error: 0.7415561636904697
variance: 0.012927625416868278

AL interation 1281/4801.

mae: 0.14306518842454277
max_error: 0.7417249529657521
variance: 0.012925984467585153

AL interation 1282/4801.

mae: 0.1430416099337533
max_error: 0.7376975994675425
variance: 0.012908110226358975

AL interation 1283/4801.

mae: 0.14310284550987554
max_error: 0.7370176602552947
variance: 0.012885455782825654

AL interation 1284/4801.

mae: 0.14313628306504222
max_error: 0.732135310711381
variance: 0.012876419321087943

AL interation 1285/4801.

mae: 0.1431629186589744
max_error: 0.7324643911098607
variance: 0.012891038852973647

AL interation 1286/4801.

mae: 0.1430302515418042
max_error: 0.7341967725875369
variance: 0.012896358896767234

AL interation 1287/4801.

mae: 0.14299402579159004
max_error: 0.7346261608834275
variance: 0.012902976137396204

AL interation 1288/4801.

mae: 0.1430980706946436
max_error: 0.7330074697574456
variance: 0.012913711827179427

AL interation 1289/4801.

mae: 0.14291902500280346
max_error: 0.7265096430144613
variance: 0.012913903172031532

AL interation 1290/4801.

mae: 0.1429442617664418
max_error: 0.7261552362692139
variance: 0.012907082904381119

AL interation 1291/4801.

mae: 0.14291287129071123
max_error: 0.7264633529585853
variance: 0.012892848281369483

AL interation 1292/4801.

mae: 0.14294192970124506
max_error: 0.7267462431781873
variance: 0.012900869993383626

AL interation 1293/4801.

mae: 0.14293445750396935
max_error: 0.7267573269327099
variance: 0.012897338642849305

AL interation 1294/4801.

mae: 0.14275782879504362
max_error: 0.7260700020346187
variance: 0.012869897675915506

AL interation 1295/4801.

mae: 0.14266242173707658
max_error: 0.7186678421586121
variance: 0.012862736073444387

AL interation 1296/4801.

mae: 0.1426697720329838
max_error: 0.7185544549631455
variance: 0.012861892623464597

AL interation 1297/4801.

mae: 0.14267537733594318
max_error: 0.7168285331156721
variance: 0.01285834347795243

AL interation 1298/4801.

mae: 0.14266473557142104
max_error: 0.7167409046985092
variance: 0.012858671649295909

AL interation 1299/4801.

mae: 0.1426371068461271
max_error: 0.7166295495436636
variance: 0.012856235497677672

AL interation 1300/4801.

mae: 0.14267571362006146
max_error: 0.7190364803421132
variance: 0.012858005647470881

AL interation 1301/4801.

mae: 0.14264275908424676
max_error: 0.7196333244613871
variance: 0.01285828577037407

AL interation 1302/4801.

mae: 0.142554426008113
max_error: 0.7204341708222746
variance: 0.01283480877990003

AL interation 1303/4801.

mae: 0.1426259254884404
max_error: 0.7202591355387025
variance: 0.012842520615723399

AL interation 1304/4801.

mae: 0.14265856865583637
max_error: 0.7203547324997008
variance: 0.01285115966502718

AL interation 1305/4801.

mae: 0.14273815392474143
max_error: 0.7255156325092487
variance: 0.012890188374188226

AL interation 1306/4801.

mae: 0.14272314925674265
max_error: 0.7254806179494615
variance: 0.012885701400983853

AL interation 1307/4801.

mae: 0.1427485853204138
max_error: 0.7365657955539731
variance: 0.012891082289981984

AL interation 1308/4801.

mae: 0.1427656912230227
max_error: 0.735893925521871
variance: 0.012895622421113317

AL interation 1309/4801.

mae: 0.14272047722819617
max_error: 0.7361011689307304
variance: 0.012883766615608111

AL interation 1310/4801.

mae: 0.14257906547102175
max_error: 0.7366788857868061
variance: 0.012836906973601422

AL interation 1311/4801.

mae: 0.14257258251887703
max_error: 0.7366565628001713
variance: 0.012836930460404303

AL interation 1312/4801.

mae: 0.14247488173318554
max_error: 0.73695759627019
variance: 0.012844566771881496

AL interation 1313/4801.

mae: 0.14245434525869796
max_error: 0.7368622274946026
variance: 0.012844153576822495

AL interation 1314/4801.

mae: 0.14245375419819056
max_error: 0.7369016837670528
variance: 0.012843965862081011

AL interation 1315/4801.

mae: 0.14259868594264857
max_error: 0.7371622519134551
variance: 0.01282640157026348

AL interation 1316/4801.

mae: 0.1424655804110634
max_error: 0.7336055512512392
variance: 0.012841173425412446

AL interation 1317/4801.

mae: 0.14239294398261212
max_error: 0.7331785927373531
variance: 0.01282802676402339

AL interation 1318/4801.

mae: 0.14247091147916524
max_error: 0.7326059649922003
variance: 0.012840841927594928

AL interation 1319/4801.

mae: 0.14254224870009474
max_error: 0.7296584737022584
variance: 0.01282516372739053

AL interation 1320/4801.

mae: 0.14213587870267722
max_error: 0.7293606879271053
variance: 0.012779959860305263

AL interation 1321/4801.

mae: 0.14208914016026472
max_error: 0.7299393764589297
variance: 0.012771777402956595

AL interation 1322/4801.

mae: 0.1421114881763793
max_error: 0.7303094886594748
variance: 0.012769381739871737

AL interation 1323/4801.

mae: 0.14211381157901684
max_error: 0.7297335515249443
variance: 0.012764520172806713

AL interation 1324/4801.

mae: 0.14203586348576627
max_error: 0.727441377013831
variance: 0.012735227802843637

AL interation 1325/4801.

mae: 0.14195458372659525
max_error: 0.7246731653326219
variance: 0.012726476963333812

AL interation 1326/4801.

mae: 0.14182335743431548
max_error: 0.7210753394627769
variance: 0.012699698789647346

AL interation 1327/4801.

mae: 0.14177400193055786
max_error: 0.719928734172675
variance: 0.012678256374511665

AL interation 1328/4801.

mae: 0.14180475047215532
max_error: 0.7197761243155263
variance: 0.012677446913140019

AL interation 1329/4801.

mae: 0.141741200460466
max_error: 0.7205221143650142
variance: 0.012672896741232488

AL interation 1330/4801.

mae: 0.1417434584508918
max_error: 0.7229282388174143
variance: 0.012679787163303343

AL interation 1331/4801.

mae: 0.14171597579358666
max_error: 0.7213039548616753
variance: 0.012659410702082718

AL interation 1332/4801.

mae: 0.14174121474840914
max_error: 0.7224400225306176
variance: 0.012634925208399091

AL interation 1333/4801.

mae: 0.1416550121452628
max_error: 0.7260619507005566
variance: 0.012634430414514706

AL interation 1334/4801.

mae: 0.14165251832361714
max_error: 0.7259209992571263
variance: 0.012634750555788192

AL interation 1335/4801.

mae: 0.14165465342721267
max_error: 0.7254641352578832
variance: 0.012634619846576742

AL interation 1336/4801.

mae: 0.14167058411800088
max_error: 0.725059164886777
variance: 0.012633692499531122

AL interation 1337/4801.

mae: 0.1416584904704624
max_error: 0.7254028276002304
variance: 0.01264150748381838

AL interation 1338/4801.

mae: 0.14164776799009968
max_error: 0.7253663698691795
variance: 0.012639960096679337

AL interation 1339/4801.

mae: 0.1416332043383614
max_error: 0.7249206249628339
variance: 0.012635585941846513

AL interation 1340/4801.

mae: 0.14165763582572413
max_error: 0.7231543227059842
variance: 0.01264437833511998

AL interation 1341/4801.

mae: 0.1415387954621877
max_error: 0.7213384960863127
variance: 0.012613936736311145

AL interation 1342/4801.

mae: 0.14135931641513594
max_error: 0.7216995791518062
variance: 0.012599748919274198

AL interation 1343/4801.

mae: 0.1413434710058456
max_error: 0.7217217437344736
variance: 0.012600012592635898

AL interation 1344/4801.

mae: 0.14138668411326286
max_error: 0.7240767723407422
variance: 0.012631576724003151

AL interation 1345/4801.

mae: 0.14128654211582084
max_error: 0.7188012440000189
variance: 0.012629368504352723

AL interation 1346/4801.

mae: 0.14122584270948282
max_error: 0.7214614379902891
variance: 0.012644258212535923

AL interation 1347/4801.

mae: 0.1411558094341147
max_error: 0.7213309077012067
variance: 0.01263530384588228

AL interation 1348/4801.

mae: 0.14118109188644132
max_error: 0.7215410285560866
variance: 0.012639609054851692

AL interation 1349/4801.

mae: 0.14117730523401545
max_error: 0.7225725173695068
variance: 0.012637714533018103

AL interation 1350/4801.

mae: 0.14118270293972232
max_error: 0.7223632153205775
variance: 0.012637235288471

AL interation 1351/4801.

mae: 0.14118478795767947
max_error: 0.7225131798967546
variance: 0.012636940392221283

AL interation 1352/4801.

mae: 0.1412259275414949
max_error: 0.7226921458113873
variance: 0.012641534455944235

AL interation 1353/4801.

mae: 0.14123018349558403
max_error: 0.7123698754175707
variance: 0.012591714912022076

AL interation 1354/4801.

mae: 0.14121672917230513
max_error: 0.7121635069618897
variance: 0.01258303487372082

AL interation 1355/4801.

mae: 0.14104131791727104
max_error: 0.7125830145439478
variance: 0.012543084064171322

AL interation 1356/4801.

mae: 0.1410499366726483
max_error: 0.7124525951365963
variance: 0.01254578040476186

AL interation 1357/4801.

mae: 0.1409638813038743
max_error: 0.7067342528480394
variance: 0.012540187407236818

AL interation 1358/4801.

mae: 0.14097016917499083
max_error: 0.7073430048458831
variance: 0.012527492188463493

AL interation 1359/4801.

mae: 0.14067970556339912
max_error: 0.7079207944577606
variance: 0.01251647845447297

AL interation 1360/4801.

mae: 0.14075660296648
max_error: 0.7101965107792387
variance: 0.01250178482887563

AL interation 1361/4801.

mae: 0.14073531047441423
max_error: 0.7092254532450442
variance: 0.012505099701977605

AL interation 1362/4801.

mae: 0.14068359788355883
max_error: 0.7060630413280298
variance: 0.012498619220925032

AL interation 1363/4801.

mae: 0.1407165662324365
max_error: 0.7073823838806517
variance: 0.012496872709610697

AL interation 1364/4801.

mae: 0.14072275218420324
max_error: 0.7076547847058046
variance: 0.012499181726460062

AL interation 1365/4801.

mae: 0.1407238941606293
max_error: 0.7077098042313956
variance: 0.012498501835963368

AL interation 1366/4801.

mae: 0.14073742670592607
max_error: 0.7074374441763585
variance: 0.012500857124452912

AL interation 1367/4801.

mae: 0.14065136689720892
max_error: 0.7084141477409274
variance: 0.0124931641880035

AL interation 1368/4801.

mae: 0.14066820262864377
max_error: 0.708583473391708
variance: 0.012497076593671925

AL interation 1369/4801.

mae: 0.1406758371047603
max_error: 0.7085797578830766
variance: 0.012500706079537294

AL interation 1370/4801.

mae: 0.14068703997389304
max_error: 0.7082885661104639
variance: 0.012490626927495835

AL interation 1371/4801.

mae: 0.14071529647723283
max_error: 0.7084123520082963
variance: 0.012496252897748411

AL interation 1372/4801.

mae: 0.14065655503627467
max_error: 0.7094516693141233
variance: 0.012495432815739555

AL interation 1373/4801.

mae: 0.140349805130584
max_error: 0.7010261995407232
variance: 0.01250096449924437

AL interation 1374/4801.

mae: 0.14022977043277368
max_error: 0.7020761572746723
variance: 0.012517971965570696

AL interation 1375/4801.

mae: 0.14013589223214212
max_error: 0.702363182145822
variance: 0.012526442073095992

AL interation 1376/4801.

mae: 0.1399533478225743
max_error: 0.6980778663921154
variance: 0.012555488383218665

AL interation 1377/4801.

mae: 0.13985499359036158
max_error: 0.6964542709447605
variance: 0.01255784304653229

AL interation 1378/4801.

mae: 0.13957846491969883
max_error: 0.6985628697087778
variance: 0.01257946283508016

AL interation 1379/4801.

mae: 0.13949618874289088
max_error: 0.7038376429804196
variance: 0.01257266366619592

AL interation 1380/4801.

mae: 0.1394746991643799
max_error: 0.7066268656011125
variance: 0.012572391376752064

AL interation 1381/4801.

mae: 0.13947629473793588
max_error: 0.706442044351764
variance: 0.012573596520235415

AL interation 1382/4801.

mae: 0.13950734018606845
max_error: 0.7037416988038308
variance: 0.01257153812452958

AL interation 1383/4801.

mae: 0.13950320703482028
max_error: 0.7034705758671063
variance: 0.012572516723399433

AL interation 1384/4801.

mae: 0.13945313535435552
max_error: 0.7095228435338212
variance: 0.012561812194224984

AL interation 1385/4801.

mae: 0.1394686796849082
max_error: 0.7093045548464327
variance: 0.012560744805683028

AL interation 1386/4801.

mae: 0.1394725860980052
max_error: 0.7060372295642416
variance: 0.012560391394869233

AL interation 1387/4801.

mae: 0.1394906745197746
max_error: 0.705541000839125
variance: 0.012563025505905762

AL interation 1388/4801.

mae: 0.13944747615525052
max_error: 0.7001288007756634
variance: 0.012554752370627847

AL interation 1389/4801.

mae: 0.13938864356475203
max_error: 0.6991227383648417
variance: 0.012536973334074568

AL interation 1390/4801.

mae: 0.13950179314050654
max_error: 0.6973508297094497
variance: 0.012523208354314455

AL interation 1391/4801.

mae: 0.1395828752383573
max_error: 0.695559632719756
variance: 0.012530867949552247

AL interation 1392/4801.

mae: 0.1395324808077304
max_error: 0.6947060266066885
variance: 0.012532912239263097

AL interation 1393/4801.

mae: 0.13952933884560317
max_error: 0.6934968743126015
variance: 0.01250347099553793

AL interation 1394/4801.

mae: 0.1392992126458737
max_error: 0.6947000329695809
variance: 0.012480318665988536

AL interation 1395/4801.

mae: 0.1393903123720241
max_error: 0.6940660511691057
variance: 0.012487878789885247

AL interation 1396/4801.

mae: 0.13940191106222455
max_error: 0.6943996762442302
variance: 0.01249466517534087

AL interation 1397/4801.

mae: 0.13935161162187226
max_error: 0.6971987872901284
variance: 0.012488101229910028

AL interation 1398/4801.

mae: 0.13883614441894418
max_error: 0.705401646988542
variance: 0.012462222893640365

AL interation 1399/4801.

mae: 0.13880341796046078
max_error: 0.6962998887313914
variance: 0.012434157131386521

AL interation 1400/4801.

mae: 0.13885763459194847
max_error: 0.6965155657604107
variance: 0.01243732776457737

AL interation 1401/4801.

mae: 0.13884706590130358
max_error: 0.6964249095692727
variance: 0.01243604049165972

AL interation 1402/4801.

mae: 0.13884427091079551
max_error: 0.6966051811885405
variance: 0.012434058338902796

AL interation 1403/4801.

mae: 0.13884596878742922
max_error: 0.6964071466423345
variance: 0.012434967042608294

AL interation 1404/4801.

mae: 0.1388037664117154
max_error: 0.6962848970911444
variance: 0.012433125767803484

AL interation 1405/4801.

mae: 0.1387347436866501
max_error: 0.6993868009292608
variance: 0.012441725548984938

AL interation 1406/4801.

mae: 0.13852115580470764
max_error: 0.6923809244995693
variance: 0.01244336372293299

AL interation 1407/4801.

mae: 0.1385523641128868
max_error: 0.6922975284077211
variance: 0.012438131415362775

AL interation 1408/4801.

mae: 0.1384347833309348
max_error: 0.6946702088487662
variance: 0.012442525941650106

AL interation 1409/4801.

mae: 0.13839388019645504
max_error: 0.6944195808122524
variance: 0.012429238472449904

AL interation 1410/4801.

mae: 0.13826599976830914
max_error: 0.692116942724879
variance: 0.012405001979443477

AL interation 1411/4801.

mae: 0.13829511709662437
max_error: 0.6922321171357715
variance: 0.012398127440395678

AL interation 1412/4801.

mae: 0.1383092873013415
max_error: 0.692129970478184
variance: 0.012393435045350058

AL interation 1413/4801.

mae: 0.1383102799690398
max_error: 0.6921205202518843
variance: 0.012390766815455711

AL interation 1414/4801.

mae: 0.13821094879915605
max_error: 0.6912961271293874
variance: 0.012335062588772872

AL interation 1415/4801.

mae: 0.13809673247095197
max_error: 0.6907547596004076
variance: 0.012334829663722164

AL interation 1416/4801.

mae: 0.13809164102153942
max_error: 0.6906023916369417
variance: 0.012331290396982466

AL interation 1417/4801.

mae: 0.13809311171716263
max_error: 0.690500200885686
variance: 0.012331106342045536

AL interation 1418/4801.

mae: 0.13809091707622967
max_error: 0.689140232881198
variance: 0.012328516715355639

AL interation 1419/4801.

mae: 0.1380517315373495
max_error: 0.6895892446971459
variance: 0.012331515621396094

AL interation 1420/4801.

mae: 0.1380476193924323
max_error: 0.6898081500274684
variance: 0.0123371667769601

AL interation 1421/4801.

mae: 0.13798746114158728
max_error: 0.6894864344399201
variance: 0.012332726595943115

AL interation 1422/4801.

mae: 0.1380270144615238
max_error: 0.6898915479217833
variance: 0.012330730790145978

AL interation 1423/4801.

mae: 0.13802719339863323
max_error: 0.6892116425824257
variance: 0.012311051990952034

AL interation 1424/4801.

mae: 0.13802803828964103
max_error: 0.6891476613775167
variance: 0.01231127916583413

AL interation 1425/4801.

mae: 0.13803249050211405
max_error: 0.6893496089981164
variance: 0.012310452919124717

AL interation 1426/4801.

mae: 0.13800249336996162
max_error: 0.6927281059068722
variance: 0.01232618175467442

AL interation 1427/4801.

mae: 0.13799264819070228
max_error: 0.6942536003853168
variance: 0.012330742437065216

AL interation 1428/4801.

mae: 0.1380368704500544
max_error: 0.6936750774326836
variance: 0.01233287075761844

AL interation 1429/4801.

mae: 0.13814117484416916
max_error: 0.695326367367557
variance: 0.012350209802836543

AL interation 1430/4801.

mae: 0.13813879833861345
max_error: 0.6954199152415259
variance: 0.012350400061659394

AL interation 1431/4801.

mae: 0.13814062460290752
max_error: 0.6924332855073747
variance: 0.012342072072757934

AL interation 1432/4801.

mae: 0.13817727149625836
max_error: 0.6930409628586691
variance: 0.012356356882857949

AL interation 1433/4801.

mae: 0.1381579032690008
max_error: 0.6943176821873349
variance: 0.012351062218965557

AL interation 1434/4801.

mae: 0.1381543161298179
max_error: 0.6939301363463112
variance: 0.012337662104070689

AL interation 1435/4801.

mae: 0.1381608881298064
max_error: 0.6941025053492444
variance: 0.012340020541111323

AL interation 1436/4801.

mae: 0.13819222851760762
max_error: 0.6951972029168332
variance: 0.012335577272414808

AL interation 1437/4801.

mae: 0.1382143165698787
max_error: 0.694517017791087
variance: 0.012326565062705155

AL interation 1438/4801.

mae: 0.13814618051664349
max_error: 0.6948049016116271
variance: 0.012318691138343415

AL interation 1439/4801.

mae: 0.13832136376762394
max_error: 0.6911699292750024
variance: 0.01230003305872698

AL interation 1440/4801.

mae: 0.1383259172913879
max_error: 0.6917106754305815
variance: 0.012299900563975239

AL interation 1441/4801.

mae: 0.1383396450775359
max_error: 0.6925364360808144
variance: 0.012303987981548426

AL interation 1442/4801.

mae: 0.138280658413038
max_error: 0.6925749051396806
variance: 0.012283201911529328

AL interation 1443/4801.

mae: 0.13826279516442
max_error: 0.6936203327301187
variance: 0.012290179528338427

AL interation 1444/4801.

mae: 0.13830765540132417
max_error: 0.6941744055198462
variance: 0.012299438721259959

AL interation 1445/4801.

mae: 0.13793664013384882
max_error: 0.7241003417033014
variance: 0.012305644476144944

AL interation 1446/4801.

mae: 0.13785924978394423
max_error: 0.7312236482831105
variance: 0.012297720221474167

AL interation 1447/4801.

mae: 0.13785577947537228
max_error: 0.7312236977095048
variance: 0.0122976624458842

AL interation 1448/4801.

mae: 0.1378268884178414
max_error: 0.7304234725039789
variance: 0.012286588764401559

AL interation 1449/4801.

mae: 0.1378320277501169
max_error: 0.7305942853116023
variance: 0.012289466011542599

AL interation 1450/4801.

mae: 0.13779761554549452
max_error: 0.7293861436193592
variance: 0.012289266872609138

AL interation 1451/4801.

mae: 0.13790112283599365
max_error: 0.7299926890220525
variance: 0.012279788325193398

AL interation 1452/4801.

mae: 0.1378230432887858
max_error: 0.7301246651000404
variance: 0.01226666223572493

AL interation 1453/4801.

mae: 0.13782108016778533
max_error: 0.7301396238207896
variance: 0.012266589520732198

AL interation 1454/4801.

mae: 0.13804564883901593
max_error: 0.7289096097329355
variance: 0.012271675935387827

AL interation 1455/4801.

mae: 0.13802953675209956
max_error: 0.7299398168018425
variance: 0.012255079958320423

AL interation 1456/4801.

mae: 0.13805136533139986
max_error: 0.7297444004872569
variance: 0.012255587800965513

AL interation 1457/4801.

mae: 0.13803747403447145
max_error: 0.727377086363888
variance: 0.012258347266032331

AL interation 1458/4801.

mae: 0.13808020067242507
max_error: 0.7296058934848044
variance: 0.012242137655878425

AL interation 1459/4801.

mae: 0.1380977067362125
max_error: 0.727404776259782
variance: 0.012230815406106672

AL interation 1460/4801.

mae: 0.13804825366677956
max_error: 0.7278293244050755
variance: 0.012232724633230448

AL interation 1461/4801.

mae: 0.1380495608409774
max_error: 0.7278546944017934
variance: 0.012232835099674044

AL interation 1462/4801.

mae: 0.1381391069506809
max_error: 0.7295548856292762
variance: 0.012255501784589687

AL interation 1463/4801.

mae: 0.13815679861322033
max_error: 0.729142857484754
variance: 0.012258741927089884

AL interation 1464/4801.

mae: 0.1381785714999176
max_error: 0.7283082099095912
variance: 0.012260527757999165

AL interation 1465/4801.

mae: 0.13819050296326366
max_error: 0.7305812949456962
variance: 0.012252556201885291

AL interation 1466/4801.

mae: 0.13825134799318256
max_error: 0.7339460683735475
variance: 0.01226805221106131

AL interation 1467/4801.

mae: 0.13817874417910503
max_error: 0.7323054857342972
variance: 0.012231612233076148

AL interation 1468/4801.

mae: 0.13814384097955199
max_error: 0.734453435320662
variance: 0.012244079685049298

AL interation 1469/4801.

mae: 0.13805487707090122
max_error: 0.734946232271855
variance: 0.012257925014326744

AL interation 1470/4801.

mae: 0.1380826426072133
max_error: 0.7359481753574402
variance: 0.012264720115402413

AL interation 1471/4801.

mae: 0.13809293801968867
max_error: 0.735563145876643
variance: 0.012269312151778844

AL interation 1472/4801.

mae: 0.13814378745784164
max_error: 0.7322548349634765
variance: 0.012273274191058507

AL interation 1473/4801.

mae: 0.13807890892214178
max_error: 0.7272799918454909
variance: 0.012261457398250027

AL interation 1474/4801.

mae: 0.13808738211955582
max_error: 0.72594340605848
variance: 0.012253974701935254

AL interation 1475/4801.

mae: 0.1379254844735599
max_error: 0.7256640538222854
variance: 0.01223197530930601

AL interation 1476/4801.

mae: 0.13786878857304208
max_error: 0.7277672718089585
variance: 0.012218363522674908

AL interation 1477/4801.

mae: 0.1379216501235821
max_error: 0.7063552905464974
variance: 0.012205021632754007

AL interation 1478/4801.

mae: 0.13787747825264354
max_error: 0.7042782575524738
variance: 0.012200918518935972

AL interation 1479/4801.

mae: 0.1381113928921883
max_error: 0.6955263567521632
variance: 0.012193726498658146

AL interation 1480/4801.

mae: 0.13807168795166438
max_error: 0.6955244602234001
variance: 0.012182143573541056

AL interation 1481/4801.

mae: 0.1378586867361554
max_error: 0.7013181441022516
variance: 0.012161115961776848

AL interation 1482/4801.

mae: 0.1378568952040001
max_error: 0.7013660293400252
variance: 0.012161078206087663

AL interation 1483/4801.

mae: 0.13788592743043734
max_error: 0.7034729477430899
variance: 0.012158254680920005

AL interation 1484/4801.

mae: 0.1379453660457358
max_error: 0.703761607748641
variance: 0.012179515307816404

AL interation 1485/4801.

mae: 0.13772332048683636
max_error: 0.7074991577641832
variance: 0.012174623407307168

AL interation 1486/4801.

mae: 0.13781463919656448
max_error: 0.7089478094663058
variance: 0.012163887114618119

AL interation 1487/4801.

mae: 0.1375909424135444
max_error: 0.7163782947541639
variance: 0.012172262738899509

AL interation 1488/4801.

mae: 0.13767522098558418
max_error: 0.716470056824664
variance: 0.012177993750662008

AL interation 1489/4801.

mae: 0.13774010214617982
max_error: 0.7166858920820731
variance: 0.012180954745899633

AL interation 1490/4801.

mae: 0.13782764906822909
max_error: 0.7161355017099011
variance: 0.012193045643697227

AL interation 1491/4801.

mae: 0.13787978146052768
max_error: 0.7179272032259489
variance: 0.012196238747706587

AL interation 1492/4801.

mae: 0.1378336534503689
max_error: 0.7138911151289256
variance: 0.012189196289720408

AL interation 1493/4801.

mae: 0.13784371922779964
max_error: 0.711322611830945
variance: 0.012178460588658614

AL interation 1494/4801.

mae: 0.13781548849961806
max_error: 0.7143505129571215
variance: 0.012199286384593134

AL interation 1495/4801.

mae: 0.13782154127907625
max_error: 0.7134105406920608
variance: 0.01220479302068137

AL interation 1496/4801.

mae: 0.13781420190047713
max_error: 0.7129231157565872
variance: 0.012208091346588268

AL interation 1497/4801.

mae: 0.13785890017012323
max_error: 0.7111662425573557
variance: 0.01222235690143563

AL interation 1498/4801.

mae: 0.13788744697951225
max_error: 0.7101313343676354
variance: 0.012221643666484356

AL interation 1499/4801.

mae: 0.13793499450196745
max_error: 0.7104556852544153
variance: 0.012225763911970404

AL interation 1500/4801.

mae: 0.1379266746488928
max_error: 0.7105284484677661
variance: 0.0122256459707416

AL interation 1501/4801.

mae: 0.13802699421011802
max_error: 0.7097661493247505
variance: 0.012221798455981344

AL interation 1502/4801.

mae: 0.13800814934185288
max_error: 0.7102324329538876
variance: 0.012225411468655079

AL interation 1503/4801.

mae: 0.13788638258841965
max_error: 0.7157796346463638
variance: 0.012226433930095166

AL interation 1504/4801.

mae: 0.1379235750063927
max_error: 0.7098982751372356
variance: 0.01219878665961183

AL interation 1505/4801.

mae: 0.13793050249728284
max_error: 0.7101059719058123
variance: 0.012199221806969831

AL interation 1506/4801.

mae: 0.13793023193364362
max_error: 0.710118521920736
variance: 0.012199281459419758

AL interation 1507/4801.

mae: 0.13794205564078005
max_error: 0.7106254955438909
variance: 0.012202488182860063

AL interation 1508/4801.

mae: 0.13792705335119806
max_error: 0.7106033353568244
variance: 0.012201607392870153

AL interation 1509/4801.

mae: 0.13784943030771765
max_error: 0.7097549168923081
variance: 0.01219932890261311

AL interation 1510/4801.

mae: 0.1378453109985091
max_error: 0.7091131453307424
variance: 0.012184054205478061

AL interation 1511/4801.

mae: 0.13781713279404198
max_error: 0.7099190508766005
variance: 0.012179533216139253

AL interation 1512/4801.

mae: 0.13782996274927006
max_error: 0.7104624944873557
variance: 0.01216698062318771

AL interation 1513/4801.

mae: 0.13783427198008505
max_error: 0.7105350818412322
variance: 0.01216671079940423

AL interation 1514/4801.

mae: 0.13784874250716758
max_error: 0.7104718126351037
variance: 0.012186786720509416

AL interation 1515/4801.

mae: 0.1376047238721038
max_error: 0.708941396262218
variance: 0.012118867666756293

AL interation 1516/4801.

mae: 0.1377491925486639
max_error: 0.7069722312060813
variance: 0.012123124303773722

AL interation 1517/4801.

mae: 0.1377465653587335
max_error: 0.7055202957943807
variance: 0.012112776518995378

AL interation 1518/4801.

mae: 0.13774661098555124
max_error: 0.7054082979079805
variance: 0.012113564256172927

AL interation 1519/4801.

mae: 0.13773323851592842
max_error: 0.7052324140206276
variance: 0.012107993369712768

AL interation 1520/4801.

mae: 0.13767393207175202
max_error: 0.6927687024690918
variance: 0.012094119371263999

AL interation 1521/4801.

mae: 0.13766829485898366
max_error: 0.6923528429235408
variance: 0.012093630628085598

AL interation 1522/4801.

mae: 0.13769952233056665
max_error: 0.6927187096156184
variance: 0.012097319410871759

AL interation 1523/4801.

mae: 0.13764779259842186
max_error: 0.6937193142614029
variance: 0.012097669319921739

AL interation 1524/4801.

mae: 0.13760748295933142
max_error: 0.698449552007949
variance: 0.012104953632695046

AL interation 1525/4801.

mae: 0.13760635675656854
max_error: 0.6984198268511908
variance: 0.01210555812893416

AL interation 1526/4801.

mae: 0.1376112216746467
max_error: 0.6980677624477987
variance: 0.012096421043353935

AL interation 1527/4801.

mae: 0.13760702667201877
max_error: 0.6986171002237302
variance: 0.01210051185021898

AL interation 1528/4801.

mae: 0.13763772675906674
max_error: 0.6946790118490234
variance: 0.012127109427086306

AL interation 1529/4801.

mae: 0.13759394338464945
max_error: 0.6972699947255014
variance: 0.012133174419094582

AL interation 1530/4801.

mae: 0.13759537131829336
max_error: 0.6977377000774312
variance: 0.012139480750242912

AL interation 1531/4801.

mae: 0.13749680119739863
max_error: 0.7001259842925962
variance: 0.012194771210373415

AL interation 1532/4801.

mae: 0.13742061276823778
max_error: 0.6979066080165726
variance: 0.012186267980606598

AL interation 1533/4801.

mae: 0.1374188969424917
max_error: 0.6978205997948037
variance: 0.012185872385530622

AL interation 1534/4801.

mae: 0.13741788251786208
max_error: 0.6961707572413918
variance: 0.012185337065674332

AL interation 1535/4801.

mae: 0.13745621665959118
max_error: 0.7001164211701849
variance: 0.012207136231840434

AL interation 1536/4801.

mae: 0.1375783365526025
max_error: 0.7040050077370381
variance: 0.012227568933595487

AL interation 1537/4801.

mae: 0.13758094252275896
max_error: 0.7039368309537188
variance: 0.012226746803623097

AL interation 1538/4801.

mae: 0.13754683764046272
max_error: 0.7032757987471974
variance: 0.01222468694529215

AL interation 1539/4801.

mae: 0.13745480934694296
max_error: 0.6876359030597374
variance: 0.0122672914348253

AL interation 1540/4801.

mae: 0.13745778490157476
max_error: 0.6876366127445892
variance: 0.012267073878714129

AL interation 1541/4801.

mae: 0.13750486040973
max_error: 0.6869015933219433
variance: 0.01227075639957512

AL interation 1542/4801.

mae: 0.13749454499886354
max_error: 0.6908344670253719
variance: 0.012212428481244658

AL interation 1543/4801.

mae: 0.1374437365317105
max_error: 0.6930292312140476
variance: 0.012210274971508039

AL interation 1544/4801.

mae: 0.13733971965952252
max_error: 0.6953863959126156
variance: 0.012220378719857665

AL interation 1545/4801.

mae: 0.13725881998169262
max_error: 0.6961176716249338
variance: 0.012198936955500122

AL interation 1546/4801.

mae: 0.13726168115350812
max_error: 0.6938543655723128
variance: 0.01223860497787308

AL interation 1547/4801.

mae: 0.13723798167193096
max_error: 0.688634835209605
variance: 0.01219719387414744

AL interation 1548/4801.

mae: 0.1372912176736311
max_error: 0.6893096184526684
variance: 0.01221494908412674

AL interation 1549/4801.

mae: 0.1373114097849311
max_error: 0.6892549370538421
variance: 0.012216965531195195

AL interation 1550/4801.

mae: 0.137345390356495
max_error: 0.6979592475102456
variance: 0.012258521416089086

AL interation 1551/4801.

mae: 0.1373510095920071
max_error: 0.6976042437286334
variance: 0.012259382646217763

AL interation 1552/4801.

mae: 0.13737701178322295
max_error: 0.6963967728831886
variance: 0.012261040641905425

AL interation 1553/4801.

mae: 0.13737814619576302
max_error: 0.6964025385933668
variance: 0.012261159952032709

AL interation 1554/4801.

mae: 0.13715727015853765
max_error: 0.6970577111192182
variance: 0.01224402849280105

AL interation 1555/4801.

mae: 0.13715715793114452
max_error: 0.6970514789024618
variance: 0.012243840950752354

AL interation 1556/4801.

mae: 0.13692213970635905
max_error: 0.6937553941334342
variance: 0.012218690839113498

AL interation 1557/4801.

mae: 0.13689964712896258
max_error: 0.6936307288672667
variance: 0.01221837358327286

AL interation 1558/4801.

mae: 0.13687761821977937
max_error: 0.6947616992818277
variance: 0.012210361296901048

AL interation 1559/4801.

mae: 0.1367579354453678
max_error: 0.6936317455687524
variance: 0.01221984752792791

AL interation 1560/4801.

mae: 0.1367499564266702
max_error: 0.6936587600250892
variance: 0.012217806687255226

AL interation 1561/4801.

mae: 0.13677193118520503
max_error: 0.6943448607543519
variance: 0.012221377073282007

AL interation 1562/4801.

mae: 0.13676753120513604
max_error: 0.6945897440341589
variance: 0.012227442807169548

AL interation 1563/4801.

mae: 0.13675484641384622
max_error: 0.6948042975177908
variance: 0.012240562015393542

AL interation 1564/4801.

mae: 0.1366057918272071
max_error: 0.695197749343869
variance: 0.012214263316661658

AL interation 1565/4801.

mae: 0.13659932150022933
max_error: 0.6950181387884093
variance: 0.01220885794456365

AL interation 1566/4801.

mae: 0.13652588998640566
max_error: 0.695650600826319
variance: 0.012203663283750789

AL interation 1567/4801.

mae: 0.13635789548666058
max_error: 0.6947634721645262
variance: 0.012204466674747585

AL interation 1568/4801.

mae: 0.13641234923352372
max_error: 0.6942775191222799
variance: 0.01221379377269439

AL interation 1569/4801.

mae: 0.1363625399492696
max_error: 0.7084848481962505
variance: 0.012215203304002203

AL interation 1570/4801.

mae: 0.13635216585468243
max_error: 0.7089282050662211
variance: 0.012214257034614503

AL interation 1571/4801.

mae: 0.13626646164770112
max_error: 0.7100538502132565
variance: 0.012205430050482509

AL interation 1572/4801.

mae: 0.13631609056211738
max_error: 0.7107181740443345
variance: 0.012216172677592164

AL interation 1573/4801.

mae: 0.13624271912451782
max_error: 0.7111997268861909
variance: 0.012193902203673319

AL interation 1574/4801.

mae: 0.13618721902307102
max_error: 0.7133256531973888
variance: 0.012186230002869202

AL interation 1575/4801.

mae: 0.1361673389109862
max_error: 0.7130440273113798
variance: 0.012180785039078356

AL interation 1576/4801.

mae: 0.13595097865627323
max_error: 0.7173206997155006
variance: 0.012175231325105063

AL interation 1577/4801.

mae: 0.1360189936765432
max_error: 0.7136364875166263
variance: 0.012168697278409288

AL interation 1578/4801.

mae: 0.13611954666685142
max_error: 0.7166629339907375
variance: 0.012196279536919616

AL interation 1579/4801.

mae: 0.13606787398367787
max_error: 0.716490204341584
variance: 0.012190427068059376

AL interation 1580/4801.

mae: 0.13606072040680214
max_error: 0.7173302343178944
variance: 0.01218349613578058

AL interation 1581/4801.

mae: 0.13602602249116974
max_error: 0.7133521168508254
variance: 0.012189641665879452

AL interation 1582/4801.

mae: 0.13588751932544932
max_error: 0.7146254455225973
variance: 0.01218179055520976

AL interation 1583/4801.

mae: 0.13579971126782878
max_error: 0.7125770248790557
variance: 0.0121927048558931

AL interation 1584/4801.

mae: 0.1358183747722057
max_error: 0.7128322847737527
variance: 0.012167936969165977

AL interation 1585/4801.

mae: 0.13568972303393403
max_error: 0.7055623485546638
variance: 0.012165368537428495

AL interation 1586/4801.

mae: 0.13571010785444937
max_error: 0.7033550218112321
variance: 0.012168215565953327

AL interation 1587/4801.

mae: 0.1357292036127575
max_error: 0.7010982755023996
variance: 0.012165003490086106

AL interation 1588/4801.

mae: 0.135588246417386
max_error: 0.7003494952326061
variance: 0.012162231551632416

AL interation 1589/4801.

mae: 0.1356283115358314
max_error: 0.6994113881247195
variance: 0.012165118418906728

AL interation 1590/4801.

mae: 0.13560266165303456
max_error: 0.6998380696326052
variance: 0.012158029831123717

AL interation 1591/4801.

mae: 0.13560206039567924
max_error: 0.6957554264678416
variance: 0.012173243381544208

AL interation 1592/4801.

mae: 0.13551846101442735
max_error: 0.6959344141754222
variance: 0.012147836762512023

AL interation 1593/4801.

mae: 0.13541374693022656
max_error: 0.696020704515012
variance: 0.012148962978757378

AL interation 1594/4801.

mae: 0.13541447685921518
max_error: 0.6943713968494767
variance: 0.01212805627218244

AL interation 1595/4801.

mae: 0.13558104193129655
max_error: 0.694436464298386
variance: 0.012095529735560986

AL interation 1596/4801.

mae: 0.1355776870914391
max_error: 0.6934132100868657
variance: 0.012097242477742817

AL interation 1597/4801.

mae: 0.1356921082379098
max_error: 0.6933417994994802
variance: 0.012122839485955758

AL interation 1598/4801.

mae: 0.13558474098593418
max_error: 0.6936402831476336
variance: 0.012101356145246505

AL interation 1599/4801.

mae: 0.1355305433651202
max_error: 0.6975065098352138
variance: 0.012102560326778072

AL interation 1600/4801.

mae: 0.13551522987012873
max_error: 0.6979760790310863
variance: 0.012116739083530063

AL interation 1601/4801.

mae: 0.1354622973316676
max_error: 0.6970539519928183
variance: 0.012136337865445766

AL interation 1602/4801.

mae: 0.13542066128115887
max_error: 0.6953302045839962
variance: 0.012135372485722589

AL interation 1603/4801.

mae: 0.1354732820000624
max_error: 0.695105964582523
variance: 0.012146401511459053

AL interation 1604/4801.

mae: 0.13546836978034588
max_error: 0.6931430824171683
variance: 0.012146492673292127

AL interation 1605/4801.

mae: 0.13547327963757363
max_error: 0.6930669344963993
variance: 0.012145321940020515

AL interation 1606/4801.

mae: 0.135509192691577
max_error: 0.6948092210883954
variance: 0.012174054091831414

AL interation 1607/4801.

mae: 0.13562816862527088
max_error: 0.6963084098434118
variance: 0.012158111005184557

AL interation 1608/4801.

mae: 0.13574447910615445
max_error: 0.6974893452071642
variance: 0.012155450492178312

AL interation 1609/4801.

mae: 0.13544093723830922
max_error: 0.6950393319507917
variance: 0.012121057196586689

AL interation 1610/4801.

mae: 0.13541906530526035
max_error: 0.6974290272857218
variance: 0.012108044076942258

AL interation 1611/4801.

mae: 0.1354642058545766
max_error: 0.69508479422697
variance: 0.012113683613639698

AL interation 1612/4801.

mae: 0.13550626441612224
max_error: 0.6914327169462187
variance: 0.012166848663895889

AL interation 1613/4801.

mae: 0.1355147940329021
max_error: 0.6904278311297753
variance: 0.01216555677763383

AL interation 1614/4801.

mae: 0.13566311798515346
max_error: 0.6902513826606969
variance: 0.012162041677624875

AL interation 1615/4801.

mae: 0.13560640163703824
max_error: 0.6857789346047873
variance: 0.012142419774975004

AL interation 1616/4801.

mae: 0.13565705670538733
max_error: 0.6856514171406811
variance: 0.012132948315495657

AL interation 1617/4801.

mae: 0.13568010705494532
max_error: 0.6837698230712759
variance: 0.01215652439696145

AL interation 1618/4801.

mae: 0.13566787641786893
max_error: 0.6835064596578695
variance: 0.012157558160887151

AL interation 1619/4801.

mae: 0.13568809060337408
max_error: 0.6852935485719298
variance: 0.012164849883203795

AL interation 1620/4801.

mae: 0.1356745266073832
max_error: 0.6868307282055532
variance: 0.012177774302397117

AL interation 1621/4801.

mae: 0.13556360782323262
max_error: 0.6826224430159042
variance: 0.012165786093208595

AL interation 1622/4801.

mae: 0.13544950528615077
max_error: 0.6831467879846382
variance: 0.012153143439818189

AL interation 1623/4801.

mae: 0.13542310517039247
max_error: 0.681125867928702
variance: 0.012129046672129551

AL interation 1624/4801.

mae: 0.13544000799186728
max_error: 0.6797824720584682
variance: 0.012117763874055627

AL interation 1625/4801.

mae: 0.1354452613032721
max_error: 0.6794991983252183
variance: 0.012118896042619235

AL interation 1626/4801.

mae: 0.1354191124942692
max_error: 0.6797940360165624
variance: 0.012111905378457933

AL interation 1627/4801.

mae: 0.1353881137173729
max_error: 0.6814047558822747
variance: 0.012109579861207047

AL interation 1628/4801.

mae: 0.13546653670549363
max_error: 0.6817585295133348
variance: 0.012106439227187333

AL interation 1629/4801.

mae: 0.13547198529965027
max_error: 0.6816905070817079
variance: 0.012105403927626003

AL interation 1630/4801.

mae: 0.13546283917348315
max_error: 0.6818884218980976
variance: 0.012101803261610982

AL interation 1631/4801.

mae: 0.1354659632944494
max_error: 0.681871014102712
variance: 0.01210157668554504

AL interation 1632/4801.

mae: 0.1354382596179646
max_error: 0.6809547033891317
variance: 0.012083224480914421

AL interation 1633/4801.

mae: 0.13542227295251683
max_error: 0.6822385284459607
variance: 0.01208487403877364

AL interation 1634/4801.

mae: 0.13525010313760374
max_error: 0.6834755203126859
variance: 0.012073539448557085

AL interation 1635/4801.

mae: 0.13523714258167496
max_error: 0.6843718305475273
variance: 0.012075159177982298

AL interation 1636/4801.

mae: 0.13523234661887387
max_error: 0.686489397095257
variance: 0.012069848872005462

AL interation 1637/4801.

mae: 0.13521725555366346
max_error: 0.6867021888589999
variance: 0.012083497687331924

AL interation 1638/4801.

mae: 0.13504050211132676
max_error: 0.6842323088850035
variance: 0.012024232952953746

AL interation 1639/4801.

mae: 0.13496872007989436
max_error: 0.6868210537533459
variance: 0.01200606469666819

AL interation 1640/4801.

mae: 0.13496386620734643
max_error: 0.686778424988927
variance: 0.012006081334849985

AL interation 1641/4801.

mae: 0.13497646386488676
max_error: 0.686132101901026
variance: 0.01200729387880723

AL interation 1642/4801.

mae: 0.13489152221906886
max_error: 0.686465393905519
variance: 0.012008605795255117

AL interation 1643/4801.

mae: 0.13493380944960984
max_error: 0.6861490827640306
variance: 0.012009325596387701

AL interation 1644/4801.

mae: 0.1349351509627037
max_error: 0.6863988364533631
variance: 0.012010988657623088

AL interation 1645/4801.

mae: 0.1349516456677296
max_error: 0.6864674943787792
variance: 0.012018797927460134

AL interation 1646/4801.

mae: 0.134899875249462
max_error: 0.6858512444831577
variance: 0.012011053816431192

AL interation 1647/4801.

mae: 0.13490355533431267
max_error: 0.6860648255153023
variance: 0.012010805584613468

AL interation 1648/4801.

mae: 0.13481545595278688
max_error: 0.6849191773172993
variance: 0.012010499278036614

AL interation 1649/4801.

mae: 0.13483042294011266
max_error: 0.6849881665075612
variance: 0.01200720992173749

AL interation 1650/4801.

mae: 0.13475374337722867
max_error: 0.6833846777950834
variance: 0.012009409289778837

AL interation 1651/4801.

mae: 0.1347153882062667
max_error: 0.6834815551803306
variance: 0.012012282606196533

AL interation 1652/4801.

mae: 0.13466498870594826
max_error: 0.6830476684659068
variance: 0.012003586296205074

AL interation 1653/4801.

mae: 0.13452143466366595
max_error: 0.6805824416351607
variance: 0.011989813523663817

AL interation 1654/4801.

mae: 0.13452048867144684
max_error: 0.6806522850210328
variance: 0.011989847396556489

AL interation 1655/4801.

mae: 0.13452705049672065
max_error: 0.6809232819179423
variance: 0.011993998076948821

AL interation 1656/4801.

mae: 0.1345295747531876
max_error: 0.6807092142738238
variance: 0.011991012040403997

AL interation 1657/4801.

mae: 0.13452276544291036
max_error: 0.6800640143647332
variance: 0.011973587363108149

AL interation 1658/4801.

mae: 0.13458917877294452
max_error: 0.6803289176990344
variance: 0.011956119365882206

AL interation 1659/4801.

mae: 0.13458747842869673
max_error: 0.6796575311027739
variance: 0.011956764274098293

AL interation 1660/4801.

mae: 0.1344750660746763
max_error: 0.6798998084717329
variance: 0.011961018215985612

AL interation 1661/4801.

mae: 0.13445576481687174
max_error: 0.6807462035062848
variance: 0.011953315384635507

AL interation 1662/4801.

mae: 0.1344569281185694
max_error: 0.6812698802585198
variance: 0.011945000454953957

AL interation 1663/4801.

mae: 0.1344080747309439
max_error: 0.6803585564456185
variance: 0.01194727291234704

AL interation 1664/4801.

mae: 0.1344103622429627
max_error: 0.6805916722324232
variance: 0.011948343147106718

AL interation 1665/4801.

mae: 0.13437617077202932
max_error: 0.6820511510816409
variance: 0.011926141918914087

AL interation 1666/4801.

mae: 0.1343685772570374
max_error: 0.6820886509132595
variance: 0.01192533859617429

AL interation 1667/4801.

mae: 0.13439074719178284
max_error: 0.6840940098854125
variance: 0.011931254478669445

AL interation 1668/4801.

mae: 0.13449939359682475
max_error: 0.6821937196881533
variance: 0.011925113209265986

AL interation 1669/4801.

mae: 0.1344771756840905
max_error: 0.6825336657261243
variance: 0.01192088843617135

AL interation 1670/4801.

mae: 0.13444503725379808
max_error: 0.6818914563422149
variance: 0.011927278006528824

AL interation 1671/4801.

mae: 0.13444956574088054
max_error: 0.6822540435566409
variance: 0.01192875508837463

AL interation 1672/4801.

mae: 0.13445979571686037
max_error: 0.6822404994054025
variance: 0.011930373711227384

AL interation 1673/4801.

mae: 0.13430075955084256
max_error: 0.6815859147292072
variance: 0.01193628447917228

AL interation 1674/4801.

mae: 0.1342869507833562
max_error: 0.6816933333080177
variance: 0.011935895318413459

AL interation 1675/4801.

mae: 0.13428849522967828
max_error: 0.6822399790773268
variance: 0.01193976699921118

AL interation 1676/4801.

mae: 0.13426455677965277
max_error: 0.6825183538728457
variance: 0.011938384673840167

AL interation 1677/4801.

mae: 0.13422109240936642
max_error: 0.6840155547940867
variance: 0.011931380025824317

AL interation 1678/4801.

mae: 0.13407917506341352
max_error: 0.683670959411323
variance: 0.011892755600429447

AL interation 1679/4801.

mae: 0.13397233060681732
max_error: 0.6903064890334027
variance: 0.011911518776797482

AL interation 1680/4801.

mae: 0.13398401515871558
max_error: 0.689706074531748
variance: 0.011913731636294715

AL interation 1681/4801.

mae: 0.13397630331851695
max_error: 0.6890118743371696
variance: 0.011903562200374685

AL interation 1682/4801.

mae: 0.13393950275953068
max_error: 0.6893943608546564
variance: 0.011883924505698933

AL interation 1683/4801.

mae: 0.13394218351305912
max_error: 0.6888291382417915
variance: 0.011876758821358675

AL interation 1684/4801.

mae: 0.13375478489498602
max_error: 0.6922903863603329
variance: 0.011847652749141598

AL interation 1685/4801.

mae: 0.13374747526868191
max_error: 0.6924207130133873
variance: 0.011850347701256033

AL interation 1686/4801.

mae: 0.133759309479328
max_error: 0.692706760870049
variance: 0.011863005048071253

AL interation 1687/4801.

mae: 0.13384581719831465
max_error: 0.6939756067665641
variance: 0.011863340465221068

AL interation 1688/4801.

mae: 0.13383332549311824
max_error: 0.6941177503397817
variance: 0.011861974413046738

AL interation 1689/4801.

mae: 0.1337658384186997
max_error: 0.6908431933659367
variance: 0.011856659057735667

AL interation 1690/4801.

mae: 0.13374608946965547
max_error: 0.6902099289582804
variance: 0.01185269268729965

AL interation 1691/4801.

mae: 0.13369600836337808
max_error: 0.6912364021059574
variance: 0.011847320247088792

AL interation 1692/4801.

mae: 0.13369702377847323
max_error: 0.6824210361542793
variance: 0.011862255917542102

AL interation 1693/4801.

mae: 0.13373016405851998
max_error: 0.6805232494086226
variance: 0.01186699205397897

AL interation 1694/4801.

mae: 0.1336759493470075
max_error: 0.6809717871329974
variance: 0.011855377806582001

AL interation 1695/4801.

mae: 0.13367254038731421
max_error: 0.6810712051612908
variance: 0.011852871861815023

AL interation 1696/4801.

mae: 0.1336624796835971
max_error: 0.681301454483612
variance: 0.011852173099942895

AL interation 1697/4801.

mae: 0.1336989859891904
max_error: 0.6724221073378329
variance: 0.011853769700568603

AL interation 1698/4801.

mae: 0.13370469461225273
max_error: 0.672584359884933
variance: 0.011852199677644355

AL interation 1699/4801.

mae: 0.13372106581325144
max_error: 0.6732411919773522
variance: 0.011853542812812704

AL interation 1700/4801.

mae: 0.1337536455298428
max_error: 0.6700062295638993
variance: 0.011870761087473305

AL interation 1701/4801.

mae: 0.13368100244121828
max_error: 0.6680136139806665
variance: 0.011848345265548494

AL interation 1702/4801.

mae: 0.13372162391207032
max_error: 0.6661094515021553
variance: 0.01183749685908247

AL interation 1703/4801.

mae: 0.1337940358554264
max_error: 0.6690128030030982
variance: 0.011836630308259873

AL interation 1704/4801.

mae: 0.13372212016440158
max_error: 0.6680458893750236
variance: 0.011862400022842773

AL interation 1705/4801.

mae: 0.13372705680757366
max_error: 0.6683475569368245
variance: 0.01186412112659221

AL interation 1706/4801.

mae: 0.1338145960056368
max_error: 0.6593598020099609
variance: 0.011859368915791388

AL interation 1707/4801.

mae: 0.13376310928310614
max_error: 0.6622735936199753
variance: 0.01187097167712273

AL interation 1708/4801.

mae: 0.1337536609691739
max_error: 0.6626255429003134
variance: 0.011869054188963913

AL interation 1709/4801.

mae: 0.13375159484815805
max_error: 0.6623259507655677
variance: 0.011862879117755139

AL interation 1710/4801.

mae: 0.13368085998627732
max_error: 0.6565694458738358
variance: 0.011845579091255252

AL interation 1711/4801.

mae: 0.13364637059766374
max_error: 0.6591071399372339
variance: 0.011842030773365023

AL interation 1712/4801.

mae: 0.1336182532480387
max_error: 0.6600062657103223
variance: 0.01184078356904424

AL interation 1713/4801.

mae: 0.13364890003026864
max_error: 0.6632623039773611
variance: 0.011819102252630238

AL interation 1714/4801.

mae: 0.1335575549386832
max_error: 0.6636139076187586
variance: 0.01180068034024897

AL interation 1715/4801.

mae: 0.13360756236752577
max_error: 0.6639542536534284
variance: 0.011796116490482796

AL interation 1716/4801.

mae: 0.1337063309062768
max_error: 0.6612140755483091
variance: 0.011793351122008284

AL interation 1717/4801.

mae: 0.13366961265072405
max_error: 0.6611608818615018
variance: 0.011805138388464738

AL interation 1718/4801.

mae: 0.13369387987275333
max_error: 0.6624334079615428
variance: 0.011805102406204809

AL interation 1719/4801.

mae: 0.13371628884080722
max_error: 0.6619781007881818
variance: 0.011800024563398114

AL interation 1720/4801.

mae: 0.13371706633169378
max_error: 0.6637235041474563
variance: 0.011796095003097275

AL interation 1721/4801.

mae: 0.13353697810283963
max_error: 0.6633823256662934
variance: 0.011799752565682501

AL interation 1722/4801.

mae: 0.13348454529143688
max_error: 0.6670608049686289
variance: 0.011799495916056587

AL interation 1723/4801.

mae: 0.13338695037550705
max_error: 0.6633218612491119
variance: 0.011786210464754825

AL interation 1724/4801.

mae: 0.13340333817867572
max_error: 0.6616129303000999
variance: 0.011784348390638532

AL interation 1725/4801.

mae: 0.1334088026159026
max_error: 0.6615556458647713
variance: 0.011785128402492177

AL interation 1726/4801.

mae: 0.1334319378195239
max_error: 0.6601196092592923
variance: 0.011792340603740412

AL interation 1727/4801.

mae: 0.13341312096241492
max_error: 0.6601034849091203
variance: 0.011789724375521567

AL interation 1728/4801.

mae: 0.1333461184970362
max_error: 0.658856135981005
variance: 0.011791171620498406

AL interation 1729/4801.

mae: 0.13330382756296288
max_error: 0.6588397657088017
variance: 0.011801121575042156

AL interation 1730/4801.

mae: 0.13332187946045637
max_error: 0.6586792591641588
variance: 0.011798661924025691

AL interation 1731/4801.

mae: 0.13332211405731675
max_error: 0.6588185802199753
variance: 0.011798933530317423

AL interation 1732/4801.

mae: 0.13314204811917124
max_error: 0.6579900898666491
variance: 0.011783110094622623

AL interation 1733/4801.

mae: 0.1331985122143874
max_error: 0.6567014677957568
variance: 0.01178183402197992

AL interation 1734/4801.

mae: 0.1331651843337721
max_error: 0.6573503107384164
variance: 0.011789504643510031

AL interation 1735/4801.

mae: 0.13319320732413248
max_error: 0.65684584231518
variance: 0.011777607172094463

AL interation 1736/4801.

mae: 0.13306695664240553
max_error: 0.6558955073295198
variance: 0.011782703393862792

AL interation 1737/4801.

mae: 0.13311548009001387
max_error: 0.6545494064982114
variance: 0.011754087755802056

AL interation 1738/4801.

mae: 0.13310591422609536
max_error: 0.6543555766475038
variance: 0.01176015843004217

AL interation 1739/4801.

mae: 0.13310455292452797
max_error: 0.6543713921134859
variance: 0.01174947037351648

AL interation 1740/4801.

mae: 0.13294042975461912
max_error: 0.6560543701828356
variance: 0.011617454050589553

AL interation 1741/4801.

mae: 0.1329891190341252
max_error: 0.6583118727893025
variance: 0.011623481706564442

AL interation 1742/4801.

mae: 0.13298127396107703
max_error: 0.6592388302904277
variance: 0.011610723625270505

AL interation 1743/4801.

mae: 0.1329682461126761
max_error: 0.6593470838521016
variance: 0.011602751003352434

AL interation 1744/4801.

mae: 0.1328845976167206
max_error: 0.6616013693334546
variance: 0.0115837673563269

AL interation 1745/4801.

mae: 0.13292824245580953
max_error: 0.6623958713938105
variance: 0.011589917865477571

AL interation 1746/4801.

mae: 0.13292586642229112
max_error: 0.6623249370960158
variance: 0.011590442944775832

AL interation 1747/4801.

mae: 0.13297452694575188
max_error: 0.6618164796898647
variance: 0.011580082359902606

AL interation 1748/4801.

mae: 0.1329757496632173
max_error: 0.6619035807685547
variance: 0.011579523963987488

AL interation 1749/4801.

mae: 0.1329901742728603
max_error: 0.6624584398010045
variance: 0.011580467546151978

AL interation 1750/4801.

mae: 0.13296577867853096
max_error: 0.6620668708115458
variance: 0.011607606101251201

AL interation 1751/4801.

mae: 0.13290744846436156
max_error: 0.6584382382089107
variance: 0.011599205662164923

AL interation 1752/4801.

mae: 0.13280347300593592
max_error: 0.6558866053518235
variance: 0.011586122674218075

AL interation 1753/4801.

mae: 0.13281243494081985
max_error: 0.6558101378898984
variance: 0.011580656913299365

AL interation 1754/4801.

mae: 0.13291002395221937
max_error: 0.653236106236772
variance: 0.011587966646643652

AL interation 1755/4801.

mae: 0.13288281275809308
max_error: 0.6541880852909188
variance: 0.011590853872804069

AL interation 1756/4801.

mae: 0.1328336555960633
max_error: 0.6544969605488289
variance: 0.01160385433939305

AL interation 1757/4801.

mae: 0.13282727273473535
max_error: 0.6534675887041539
variance: 0.011609308008928539

AL interation 1758/4801.

mae: 0.1326737121551267
max_error: 0.6532922843797371
variance: 0.011618642254817806

AL interation 1759/4801.

mae: 0.13273966831136141
max_error: 0.653561367006672
variance: 0.011610289067097868

AL interation 1760/4801.

mae: 0.13273401744629368
max_error: 0.653684496525349
variance: 0.011609083634273529

AL interation 1761/4801.

mae: 0.13269754462976174
max_error: 0.6526201568173828
variance: 0.011602134257878621

AL interation 1762/4801.

mae: 0.13268422642463004
max_error: 0.6524746323044219
variance: 0.011603966885832182

AL interation 1763/4801.

mae: 0.13266778420820935
max_error: 0.6528361563763463
variance: 0.011596465736015185

AL interation 1764/4801.

mae: 0.1327099010170126
max_error: 0.6535256522030544
variance: 0.011594936891209766

AL interation 1765/4801.

mae: 0.13242507773291554
max_error: 0.6539095434060886
variance: 0.01155651390463225

AL interation 1766/4801.

mae: 0.1324361101940721
max_error: 0.655119165921521
variance: 0.011558451715797474

AL interation 1767/4801.

mae: 0.13236152777757496
max_error: 0.6532567900306594
variance: 0.011564763049607926

AL interation 1768/4801.

mae: 0.1322800318048342
max_error: 0.6544989463294835
variance: 0.01155406022211579

AL interation 1769/4801.

mae: 0.13228252749307853
max_error: 0.6545496029170019
variance: 0.011554179451078894

AL interation 1770/4801.

mae: 0.1320186395065886
max_error: 0.6617839542875279
variance: 0.011535584053889207

AL interation 1771/4801.

mae: 0.13189523263990977
max_error: 0.6620867805125421
variance: 0.011519393233217943

AL interation 1772/4801.

mae: 0.1318469608546874
max_error: 0.6618511350367764
variance: 0.011515267467312103

AL interation 1773/4801.

mae: 0.1318715439630532
max_error: 0.6608626457890914
variance: 0.011516180319028312

AL interation 1774/4801.

mae: 0.13187173473225577
max_error: 0.660863343370016
variance: 0.011516082593812116

AL interation 1775/4801.

mae: 0.13187463995363566
max_error: 0.6593700899985615
variance: 0.011503157871700895

AL interation 1776/4801.

mae: 0.1318631471561004
max_error: 0.6598183492427943
variance: 0.011498002325919878

AL interation 1777/4801.

mae: 0.13197860440915127
max_error: 0.661382453717346
variance: 0.011501514113594851

AL interation 1778/4801.

mae: 0.13194892714019232
max_error: 0.657935699686945
variance: 0.011508381193369338

AL interation 1779/4801.

mae: 0.13194891805561512
max_error: 0.6579416820791382
variance: 0.011507980232907361

AL interation 1780/4801.

mae: 0.13194770864582694
max_error: 0.6589731938503567
variance: 0.01150107172292581

AL interation 1781/4801.

mae: 0.13197800567257367
max_error: 0.6595618492159048
variance: 0.011500008737804967

AL interation 1782/4801.

mae: 0.13197083785850042
max_error: 0.6594152284616621
variance: 0.011497807194277189

AL interation 1783/4801.

mae: 0.1320098806764137
max_error: 0.6587731934919283
variance: 0.011466978600843312

AL interation 1784/4801.

mae: 0.13196761215518926
max_error: 0.6578003561967098
variance: 0.01147362278793701

AL interation 1785/4801.

mae: 0.13196990179781942
max_error: 0.6574412625781507
variance: 0.01146843654087308

AL interation 1786/4801.

mae: 0.1319480767343287
max_error: 0.6585282732860644
variance: 0.011462215405910125

AL interation 1787/4801.

mae: 0.13193944792567142
max_error: 0.6581018546710844
variance: 0.011457999494620173

AL interation 1788/4801.

mae: 0.1318582843758246
max_error: 0.659302479995377
variance: 0.011444262693282185

AL interation 1789/4801.

mae: 0.13182433985428652
max_error: 0.6753712993806467
variance: 0.011421692721313959

AL interation 1790/4801.

mae: 0.13181647113734835
max_error: 0.6719580522205479
variance: 0.011431059413012397

AL interation 1791/4801.

mae: 0.1318010867748169
max_error: 0.6721844318468246
variance: 0.011425398318714124

AL interation 1792/4801.

mae: 0.13171441608356124
max_error: 0.6726828099909001
variance: 0.011434688250617206

AL interation 1793/4801.

mae: 0.13171705449074472
max_error: 0.672405434431389
variance: 0.011436637068308072

AL interation 1794/4801.

mae: 0.1318358445526597
max_error: 0.6729707773056672
variance: 0.011370201311118466

AL interation 1795/4801.

mae: 0.13189699558581028
max_error: 0.6753870739251493
variance: 0.011365773207197723

AL interation 1796/4801.

mae: 0.13185708068984303
max_error: 0.6759811061234853
variance: 0.01136068456406809

AL interation 1797/4801.

mae: 0.13191211317204665
max_error: 0.6759630044749505
variance: 0.011363588951783217

AL interation 1798/4801.

mae: 0.13195243958625852
max_error: 0.6713289998875718
variance: 0.011349216243695734

AL interation 1799/4801.

mae: 0.1319245560116268
max_error: 0.6709631461365673
variance: 0.011342253499596862

AL interation 1800/4801.

mae: 0.13194673833646178
max_error: 0.6703308003405928
variance: 0.011343998048832373

AL interation 1801/4801.

mae: 0.13200255627587149
max_error: 0.6726051523042704
variance: 0.011350739295128127

AL interation 1802/4801.

mae: 0.13199959747786374
max_error: 0.6654162591926793
variance: 0.011310311485028106

AL interation 1803/4801.

mae: 0.1320216326773794
max_error: 0.6652398443515537
variance: 0.011307113570289339

AL interation 1804/4801.

mae: 0.13193085928109877
max_error: 0.664457219777896
variance: 0.011290982848815821

AL interation 1805/4801.

mae: 0.13193156309212692
max_error: 0.6643769692587567
variance: 0.011290962048415643

AL interation 1806/4801.

mae: 0.1319294207992926
max_error: 0.6644754830659476
variance: 0.01131122570955644

AL interation 1807/4801.

mae: 0.13192949367690776
max_error: 0.6651318564869451
variance: 0.011315805608033762

AL interation 1808/4801.

mae: 0.1319532880980721
max_error: 0.6649676514931553
variance: 0.011307991464499786

AL interation 1809/4801.

mae: 0.13196309946755344
max_error: 0.664983804800249
variance: 0.011306129919433456

AL interation 1810/4801.

mae: 0.13177366632931928
max_error: 0.6684808235775428
variance: 0.011260793381593833

AL interation 1811/4801.

mae: 0.1317829269447833
max_error: 0.6685600594500611
variance: 0.011261042059658763

AL interation 1812/4801.

mae: 0.13144516666361677
max_error: 0.6707304518955262
variance: 0.011225364290940912

AL interation 1813/4801.

mae: 0.13147881766849667
max_error: 0.6709534943937445
variance: 0.011226130112339373

AL interation 1814/4801.

mae: 0.1315460285430365
max_error: 0.6701582440595715
variance: 0.011223729558943116

AL interation 1815/4801.

mae: 0.13155340363839216
max_error: 0.6697637363209505
variance: 0.011221848304290221

AL interation 1816/4801.

mae: 0.13151779252206905
max_error: 0.6727342792249011
variance: 0.011208481708586343

AL interation 1817/4801.

mae: 0.1316191133954332
max_error: 0.6725958406361352
variance: 0.011197933053086516

AL interation 1818/4801.

mae: 0.1315819913640975
max_error: 0.6761586264709569
variance: 0.011198247301460065

AL interation 1819/4801.

mae: 0.1315942409712203
max_error: 0.670264336092786
variance: 0.011196015172733128

AL interation 1820/4801.

mae: 0.1314802660022512
max_error: 0.6699447494616164
variance: 0.011171930625181235

AL interation 1821/4801.

mae: 0.1315251696758289
max_error: 0.6700652005150118
variance: 0.01121746506388427

AL interation 1822/4801.

mae: 0.1312216152677121
max_error: 0.6719746535193218
variance: 0.011204194101462206

AL interation 1823/4801.

mae: 0.13119233478989298
max_error: 0.6726846090614131
variance: 0.01120040956467888

AL interation 1824/4801.

mae: 0.1311736493973816
max_error: 0.6718931240306087
variance: 0.011200427788818112

AL interation 1825/4801.

mae: 0.13103865063541237
max_error: 0.6712469305702449
variance: 0.011186068520612661

AL interation 1826/4801.

mae: 0.13103608789285914
max_error: 0.6716110356359453
variance: 0.01118526803818944

AL interation 1827/4801.

mae: 0.13099380682288525
max_error: 0.6682572046807671
variance: 0.01118920135380608

AL interation 1828/4801.

mae: 0.13098820857381158
max_error: 0.6682303020701408
variance: 0.011187697680142944

AL interation 1829/4801.

mae: 0.13091036133708311
max_error: 0.6701196488817764
variance: 0.011168211413413098

AL interation 1830/4801.

mae: 0.13085591127295812
max_error: 0.6703332200012841
variance: 0.011157304349301117

AL interation 1831/4801.

mae: 0.13085602642039998
max_error: 0.6704686632790047
variance: 0.011158309775226362

AL interation 1832/4801.

mae: 0.1306432861327762
max_error: 0.6682881740535915
variance: 0.011128263207641447

AL interation 1833/4801.

mae: 0.1304494827427285
max_error: 0.6617105753096251
variance: 0.011079740338429764

AL interation 1834/4801.

mae: 0.13032610693707036
max_error: 0.6600757448621675
variance: 0.011070041632272834

AL interation 1835/4801.

mae: 0.13032666054677458
max_error: 0.6602079451399749
variance: 0.011069638631834841

AL interation 1836/4801.

mae: 0.13032560707064064
max_error: 0.6601385470499643
variance: 0.011069722183667486

AL interation 1837/4801.

mae: 0.1303363886300651
max_error: 0.6581917624308655
variance: 0.011069914651270846

AL interation 1838/4801.

mae: 0.13032631987253704
max_error: 0.6578879198622349
variance: 0.011069390191215276

AL interation 1839/4801.

mae: 0.13032543856781137
max_error: 0.6578391716103944
variance: 0.01106930892190557

AL interation 1840/4801.

mae: 0.1304240991892577
max_error: 0.6701203714623318
variance: 0.01108791273390973

AL interation 1841/4801.

mae: 0.1302820528071384
max_error: 0.6685223124008175
variance: 0.011081483553512668

AL interation 1842/4801.

mae: 0.1303635492375079
max_error: 0.6676301365091852
variance: 0.011080544069418583

AL interation 1843/4801.

mae: 0.13041486878709124
max_error: 0.6650910760373403
variance: 0.011070545204986328

AL interation 1844/4801.

mae: 0.13037092245071907
max_error: 0.664408664380316
variance: 0.011077441195770133

AL interation 1845/4801.

mae: 0.1303739446449713
max_error: 0.6647972353277911
variance: 0.011074170837667017

AL interation 1846/4801.

mae: 0.13044848837532202
max_error: 0.6641860866402212
variance: 0.011085987753269296

AL interation 1847/4801.

mae: 0.13043855243472652
max_error: 0.6636672071444529
variance: 0.011085951930288693

AL interation 1848/4801.

mae: 0.13045816985292494
max_error: 0.6629084015238504
variance: 0.011090725007008353

AL interation 1849/4801.

mae: 0.13044936274246294
max_error: 0.6619415922921714
variance: 0.011115934863086962

AL interation 1850/4801.

mae: 0.13036719447322906
max_error: 0.6571953176072061
variance: 0.011084472116721282

AL interation 1851/4801.

mae: 0.13037290636969529
max_error: 0.6572239318521476
variance: 0.011084046353152166

AL interation 1852/4801.

mae: 0.13036271423092036
max_error: 0.6566341651174916
variance: 0.01107993983271552

AL interation 1853/4801.

mae: 0.13033457460644726
max_error: 0.6566557549651968
variance: 0.011076988178952219

AL interation 1854/4801.

mae: 0.13033387850344585
max_error: 0.6560691996631824
variance: 0.011075697437170639

AL interation 1855/4801.

mae: 0.13035075487523398
max_error: 0.6562664286199524
variance: 0.0110813540018933

AL interation 1856/4801.

mae: 0.1303356476432109
max_error: 0.662594124827832
variance: 0.011067732116488108

AL interation 1857/4801.

mae: 0.13035881872451097
max_error: 0.6636672764786979
variance: 0.011065680755642146

AL interation 1858/4801.

mae: 0.13022032911860196
max_error: 0.6660606445016626
variance: 0.011064406968495444

AL interation 1859/4801.

mae: 0.13023634556808894
max_error: 0.6646698486160485
variance: 0.011066342904588572

AL interation 1860/4801.

mae: 0.13024626751710136
max_error: 0.6644258666400678
variance: 0.01106376220369599

AL interation 1861/4801.

mae: 0.1301152896052579
max_error: 0.6680695544181319
variance: 0.01105132898597974

AL interation 1862/4801.

mae: 0.13011103368441548
max_error: 0.6771066608779037
variance: 0.011058315168185165

AL interation 1863/4801.

mae: 0.13016721407909135
max_error: 0.6818490645421225
variance: 0.01107294975673676

AL interation 1864/4801.

mae: 0.13014156412954947
max_error: 0.6735359833656815
variance: 0.011064160148920817

AL interation 1865/4801.

mae: 0.13014851639195152
max_error: 0.6747662168091679
variance: 0.011048088392595204

AL interation 1866/4801.

mae: 0.13020852775689962
max_error: 0.6741692823877656
variance: 0.011045207711124414

AL interation 1867/4801.

mae: 0.1302152762009647
max_error: 0.6740465225595713
variance: 0.011038366059900847

AL interation 1868/4801.

mae: 0.1301699398344222
max_error: 0.6746298847339389
variance: 0.011031261925816402

AL interation 1869/4801.

mae: 0.13018782537835288
max_error: 0.6747199295650539
variance: 0.0110319294863191

AL interation 1870/4801.

mae: 0.13018998172350607
max_error: 0.6740846541980439
variance: 0.011030634108761574

AL interation 1871/4801.

mae: 0.13023913023577693
max_error: 0.6760128939124357
variance: 0.011026260930121497

AL interation 1872/4801.

mae: 0.13019090055896118
max_error: 0.6716768330887195
variance: 0.010987156256106636

AL interation 1873/4801.

mae: 0.1301805042609513
max_error: 0.6712786953715248
variance: 0.010987104103103251

AL interation 1874/4801.

mae: 0.13019929083198858
max_error: 0.6728765179590468
variance: 0.01098676094427131

AL interation 1875/4801.

mae: 0.13018191331456075
max_error: 0.6729969918267074
variance: 0.010987945701630794

AL interation 1876/4801.

mae: 0.13017171057988153
max_error: 0.6724103957650449
variance: 0.010981383727737628

AL interation 1877/4801.

mae: 0.1301313684302209
max_error: 0.6703407322619555
variance: 0.010981126765102885

AL interation 1878/4801.

mae: 0.13001094970815072
max_error: 0.6671648512726396
variance: 0.010973808718711297

AL interation 1879/4801.

mae: 0.12991686834860317
max_error: 0.6679865159274545
variance: 0.010965423642927644

AL interation 1880/4801.

mae: 0.12988414730578562
max_error: 0.6726762705252352
variance: 0.010975703898401417

AL interation 1881/4801.

mae: 0.12984903571533415
max_error: 0.6702900636072613
variance: 0.010977919521637064

AL interation 1882/4801.

mae: 0.1298102893935855
max_error: 0.6702371885309422
variance: 0.010975884879383528

AL interation 1883/4801.

mae: 0.12980540911108465
max_error: 0.6700782774440359
variance: 0.01097618181743312

AL interation 1884/4801.

mae: 0.12979997792589956
max_error: 0.6700188443625219
variance: 0.010975422582715636

AL interation 1885/4801.

mae: 0.12977051584194435
max_error: 0.6692620178795483
variance: 0.01097879717963385

AL interation 1886/4801.

mae: 0.12978501782533716
max_error: 0.667480599095235
variance: 0.01094673669137787

AL interation 1887/4801.

mae: 0.12971693141339524
max_error: 0.6657944774072426
variance: 0.010911658862504855

AL interation 1888/4801.

mae: 0.1297338212595843
max_error: 0.667867630334559
variance: 0.010921592566797552

AL interation 1889/4801.

mae: 0.12973692416436944
max_error: 0.6669861378438622
variance: 0.010922557226129389

AL interation 1890/4801.

mae: 0.1297379695787858
max_error: 0.6669692925012161
variance: 0.010922845822291171

AL interation 1891/4801.

mae: 0.12964521124954184
max_error: 0.6696899354355565
variance: 0.010896855420998162

AL interation 1892/4801.

mae: 0.12966710296289058
max_error: 0.6722925974597711
variance: 0.010904950249718779

AL interation 1893/4801.

mae: 0.12965379997508478
max_error: 0.672243835706956
variance: 0.01090009074956176

AL interation 1894/4801.

mae: 0.12966281750668546
max_error: 0.672693251219366
variance: 0.010892980532095517

AL interation 1895/4801.

mae: 0.12964160184420062
max_error: 0.6707762406487703
variance: 0.010902363502368582

AL interation 1896/4801.

mae: 0.12965423271026877
max_error: 0.6706215324867344
variance: 0.010904420701133767

AL interation 1897/4801.

mae: 0.12936541989931719
max_error: 0.6741558917437604
variance: 0.010905349594734

AL interation 1898/4801.

mae: 0.12941615482600813
max_error: 0.6745288455762513
variance: 0.010915521556661778

AL interation 1899/4801.

mae: 0.12943099578139555
max_error: 0.6749121212853577
variance: 0.010916827302376588

AL interation 1900/4801.

mae: 0.1293634496281844
max_error: 0.6754539683278455
variance: 0.01089753162010836

AL interation 1901/4801.

mae: 0.12930354217092185
max_error: 0.6742932474321606
variance: 0.010860853112208371

AL interation 1902/4801.

mae: 0.1293016533678262
max_error: 0.6743260188831073
variance: 0.010860642674793967

AL interation 1903/4801.

mae: 0.12929353268850866
max_error: 0.6745746811534872
variance: 0.010860681642791439

AL interation 1904/4801.

mae: 0.12930131348783316
max_error: 0.6752344162341686
variance: 0.010864390900496576

AL interation 1905/4801.

mae: 0.12923770192405543
max_error: 0.6751605080969991
variance: 0.010857453842611395

AL interation 1906/4801.

mae: 0.12924239893300718
max_error: 0.675178520693331
variance: 0.010858565834893285

AL interation 1907/4801.

mae: 0.12920339458733743
max_error: 0.6754104484465309
variance: 0.01086499539345984

AL interation 1908/4801.

mae: 0.12923076705503336
max_error: 0.6777351888548573
variance: 0.01085190569726001

AL interation 1909/4801.

mae: 0.12921879609079298
max_error: 0.6779220420920335
variance: 0.010855614883353869

AL interation 1910/4801.

mae: 0.12917213201419564
max_error: 0.6780009634484401
variance: 0.0108556286089193

AL interation 1911/4801.

mae: 0.1292129480471583
max_error: 0.6838321213441798
variance: 0.010859934055192927

AL interation 1912/4801.

mae: 0.12921235773898798
max_error: 0.6839738236876229
variance: 0.01085985819372232

AL interation 1913/4801.

mae: 0.1293011127994435
max_error: 0.6840960135079168
variance: 0.010839155856523381

AL interation 1914/4801.

mae: 0.12928962324412105
max_error: 0.684386475224473
variance: 0.010838734383883782

AL interation 1915/4801.

mae: 0.12928548611602977
max_error: 0.684038179401707
variance: 0.01083855841962073

AL interation 1916/4801.

mae: 0.12926221482660008
max_error: 0.6851487627324815
variance: 0.010835366315265788

AL interation 1917/4801.

mae: 0.1289049462806409
max_error: 0.6837315113335354
variance: 0.010823338302808615

AL interation 1918/4801.

mae: 0.12891217811581016
max_error: 0.6836841714725175
variance: 0.010820115237862226

AL interation 1919/4801.

mae: 0.12890401248555763
max_error: 0.6845412925762471
variance: 0.010820883715643213

AL interation 1920/4801.

mae: 0.1289127150985461
max_error: 0.6844016639297941
variance: 0.010820837488941531

AL interation 1921/4801.

mae: 0.1287777275385933
max_error: 0.6781868271343985
variance: 0.010811353824339953

AL interation 1922/4801.

mae: 0.12871991687389442
max_error: 0.6777926169598452
variance: 0.010813251897005452

AL interation 1923/4801.

mae: 0.12873804316933676
max_error: 0.6763130477461274
variance: 0.010818163026397534

AL interation 1924/4801.

mae: 0.1286314156570419
max_error: 0.6765360125120168
variance: 0.010823319176117872

AL interation 1925/4801.

mae: 0.12863640812223265
max_error: 0.6764938979762274
variance: 0.010824073567203149

AL interation 1926/4801.

mae: 0.12862262320269907
max_error: 0.6771693298440251
variance: 0.010824468993476416

AL interation 1927/4801.

mae: 0.12870062330428916
max_error: 0.6802833578200431
variance: 0.010834737950234973

AL interation 1928/4801.

mae: 0.12866020959211574
max_error: 0.680134406093412
variance: 0.010832897203410963

AL interation 1929/4801.

mae: 0.12863411071389955
max_error: 0.6801373685558136
variance: 0.010831244106209536

AL interation 1930/4801.

mae: 0.12863092731866954
max_error: 0.6795747176053073
variance: 0.010827421332358124

AL interation 1931/4801.

mae: 0.12861508455518866
max_error: 0.6774680298742393
variance: 0.01081004181661541

AL interation 1932/4801.

mae: 0.1286161318996104
max_error: 0.6775746032277308
variance: 0.01081027741108323

AL interation 1933/4801.

mae: 0.12863681874633806
max_error: 0.6776492145757373
variance: 0.010808896815782308

AL interation 1934/4801.

mae: 0.12868743041219394
max_error: 0.6786190814254969
variance: 0.010811570972017497

AL interation 1935/4801.

mae: 0.12869870800703612
max_error: 0.6787717368153423
variance: 0.010814448776671464

AL interation 1936/4801.

mae: 0.12872720835563217
max_error: 0.6801743207770148
variance: 0.010819317853006973

AL interation 1937/4801.

mae: 0.1285287762314481
max_error: 0.6697723103178284
variance: 0.01077410732945002

AL interation 1938/4801.

mae: 0.12854991713987507
max_error: 0.6616231273978528
variance: 0.01074740513747935

AL interation 1939/4801.

mae: 0.1285164654130851
max_error: 0.6617085645209109
variance: 0.01075563446154779

AL interation 1940/4801.

mae: 0.1284830598153704
max_error: 0.6594003541338527
variance: 0.01075892906331534

AL interation 1941/4801.

mae: 0.12848488089441326
max_error: 0.659772175542777
variance: 0.01076063623615327

AL interation 1942/4801.

mae: 0.12851753963632517
max_error: 0.6595043752122738
variance: 0.010764492547288458

AL interation 1943/4801.

mae: 0.1285081879233797
max_error: 0.6587000389484867
variance: 0.010776947438325845

AL interation 1944/4801.

mae: 0.12836881144418202
max_error: 0.658086031840238
variance: 0.010754514511624699

AL interation 1945/4801.

mae: 0.12837410394181856
max_error: 0.658487769109362
variance: 0.01075764262809682

AL interation 1946/4801.

mae: 0.12829898398437253
max_error: 0.6532611991954944
variance: 0.010740338900002

AL interation 1947/4801.

mae: 0.1281267258940083
max_error: 0.661542048160829
variance: 0.010744097041794097

AL interation 1948/4801.

mae: 0.12812127176409302
max_error: 0.66220154296313
variance: 0.010744646408039637

AL interation 1949/4801.

mae: 0.12812004926399181
max_error: 0.6621783355350299
variance: 0.010744189780811077

AL interation 1950/4801.

mae: 0.12811445727050444
max_error: 0.6593137688089179
variance: 0.01074352298535499

AL interation 1951/4801.

mae: 0.12797293293204726
max_error: 0.6525038157361429
variance: 0.010699038670485246

AL interation 1952/4801.

mae: 0.1279455928425863
max_error: 0.6527006784445941
variance: 0.010695880088400219

AL interation 1953/4801.

mae: 0.1279581073596819
max_error: 0.6520098828179339
variance: 0.010693112560307853

AL interation 1954/4801.

mae: 0.12768683957476112
max_error: 0.653222147660097
variance: 0.010673827140719587

AL interation 1955/4801.

mae: 0.12768725195032773
max_error: 0.6532108434635386
variance: 0.010674039324820314

AL interation 1956/4801.

mae: 0.12766801751175033
max_error: 0.6530417511504805
variance: 0.010674678942916072

AL interation 1957/4801.

mae: 0.12759915467296154
max_error: 0.6520720083141782
variance: 0.010661518820311152

AL interation 1958/4801.

mae: 0.1275990102010158
max_error: 0.6520245725171243
variance: 0.010663171860921623

AL interation 1959/4801.

mae: 0.12757525668871303
max_error: 0.6525672819630888
variance: 0.01066931875536715

AL interation 1960/4801.

mae: 0.1274954279547199
max_error: 0.6538351479073121
variance: 0.010664993010075736

AL interation 1961/4801.

mae: 0.12739278659134626
max_error: 0.6552343521732702
variance: 0.010639323964628192

AL interation 1962/4801.

mae: 0.1273979010746413
max_error: 0.6555412548357609
variance: 0.01064056414432988

AL interation 1963/4801.

mae: 0.12740768620334988
max_error: 0.6555088801871083
variance: 0.010638647230554263

AL interation 1964/4801.

mae: 0.12737204073525826
max_error: 0.6548709885406723
variance: 0.010642262974651706

AL interation 1965/4801.

mae: 0.12733019877919713
max_error: 0.6563022189001764
variance: 0.010632755749112724

AL interation 1966/4801.

mae: 0.12732865783721034
max_error: 0.6562532185599252
variance: 0.010634301052148663

AL interation 1967/4801.

mae: 0.12734133549867774
max_error: 0.6570982897112767
variance: 0.010632661450911665

AL interation 1968/4801.

mae: 0.12731335107515993
max_error: 0.6643492931375867
variance: 0.010657308461956089

AL interation 1969/4801.

mae: 0.12737891118114059
max_error: 0.6656333511992223
variance: 0.010659217231230875

AL interation 1970/4801.

mae: 0.12720724706817244
max_error: 0.6645217595060879
variance: 0.010636114615841363

AL interation 1971/4801.

mae: 0.12721128592942385
max_error: 0.6645923403055853
variance: 0.010637378199241786

AL interation 1972/4801.

mae: 0.12721263037472536
max_error: 0.6666876623765576
variance: 0.010630919874793804

AL interation 1973/4801.

mae: 0.12711897736952843
max_error: 0.6666950367930626
variance: 0.010617637984928333

AL interation 1974/4801.

mae: 0.12712044821093152
max_error: 0.6667737099307631
variance: 0.010617455477925782

AL interation 1975/4801.

mae: 0.12715167585284595
max_error: 0.666449084532049
variance: 0.010623307386255006

AL interation 1976/4801.

mae: 0.12716247923357693
max_error: 0.6663275203622465
variance: 0.010625812415629416

AL interation 1977/4801.

mae: 0.1271634428854934
max_error: 0.6690821417562969
variance: 0.010624969632833452

AL interation 1978/4801.

mae: 0.12698979095352805
max_error: 0.6691214696003245
variance: 0.010623781478966718

AL interation 1979/4801.

mae: 0.12696975497490554
max_error: 0.6699362783646317
variance: 0.010627254126110697

AL interation 1980/4801.

mae: 0.12698486494475794
max_error: 0.6708407908709972
variance: 0.01062866876120749

AL interation 1981/4801.

mae: 0.12697519402192273
max_error: 0.668599644972911
variance: 0.010606402624881895

AL interation 1982/4801.

mae: 0.12692313777309697
max_error: 0.6666189577899457
variance: 0.010603579374735559

AL interation 1983/4801.

mae: 0.12690811225277848
max_error: 0.6690480191195025
variance: 0.010603486098519356

AL interation 1984/4801.

mae: 0.12694276940715046
max_error: 0.6690980199935179
variance: 0.01060438865846704

AL interation 1985/4801.

mae: 0.12693326472737018
max_error: 0.6692674662965219
variance: 0.010605485249280396

AL interation 1986/4801.

mae: 0.1269267715177465
max_error: 0.669256313208276
variance: 0.010604586031967423

AL interation 1987/4801.

mae: 0.12693479619836803
max_error: 0.6694595218521835
variance: 0.01060381765938578

AL interation 1988/4801.

mae: 0.1269501166823874
max_error: 0.6698720835751661
variance: 0.010606290353080725

AL interation 1989/4801.

mae: 0.12688932609901338
max_error: 0.6697700516686558
variance: 0.010618230685431702

AL interation 1990/4801.

mae: 0.12692504779473954
max_error: 0.6697150751081722
variance: 0.010631849907215192

AL interation 1991/4801.

mae: 0.12691931535638112
max_error: 0.6699451130255998
variance: 0.010629566714768102

AL interation 1992/4801.

mae: 0.12691324805539766
max_error: 0.6686398536464795
variance: 0.010608522604432782

AL interation 1993/4801.

mae: 0.12696415090854996
max_error: 0.6688593841141657
variance: 0.010615074311110636

AL interation 1994/4801.

mae: 0.1269481651915832
max_error: 0.6713901888944545
variance: 0.010609554006815848

AL interation 1995/4801.

mae: 0.12699250756752595
max_error: 0.6764419457392954
variance: 0.010614829774074975

AL interation 1996/4801.

mae: 0.1269202782657257
max_error: 0.6745919281405834
variance: 0.01059078448701532

AL interation 1997/4801.

mae: 0.12680713835206078
max_error: 0.6714775590114677
variance: 0.01058495829596379

AL interation 1998/4801.

mae: 0.12669268934341854
max_error: 0.6710648341599512
variance: 0.010592634605994824

AL interation 1999/4801.

mae: 0.126687456806936
max_error: 0.6710896300337854
variance: 0.010590979811030982

AL interation 2000/4801.

mae: 0.12673137156591374
max_error: 0.6749214830423558
variance: 0.010594773436488023

AL interation 2001/4801.

mae: 0.12676463771273896
max_error: 0.6754980652908182
variance: 0.01059750851458089

AL interation 2002/4801.

mae: 0.12669751602895002
max_error: 0.673307755856114
variance: 0.010598751677363549

AL interation 2003/4801.

mae: 0.12673573236794952
max_error: 0.6737468534667794
variance: 0.0105983319527058

AL interation 2004/4801.

mae: 0.1267132135886387
max_error: 0.6755082375128705
variance: 0.010592093172102985

AL interation 2005/4801.

mae: 0.1266683729708355
max_error: 0.6740866606976725
variance: 0.010610349696960474

AL interation 2006/4801.

mae: 0.1265761319278457
max_error: 0.6767182796672175
variance: 0.010624099688100696

AL interation 2007/4801.

mae: 0.12655185162186267
max_error: 0.6768001351705859
variance: 0.010612043195639456

AL interation 2008/4801.

mae: 0.12652999927723044
max_error: 0.6755293687876964
variance: 0.010606644935160389

AL interation 2009/4801.

mae: 0.12652915615071714
max_error: 0.6756244312978854
variance: 0.010599923755313831

AL interation 2010/4801.

mae: 0.1265311662622441
max_error: 0.6756162298876589
variance: 0.010600410802293422

AL interation 2011/4801.

mae: 0.12652847129108116
max_error: 0.6755737847917711
variance: 0.010599724106416313

AL interation 2012/4801.

mae: 0.12638956472864926
max_error: 0.6789232949288415
variance: 0.010538449431659132

AL interation 2013/4801.

mae: 0.12645680998038777
max_error: 0.676960366487446
variance: 0.010506609355846554

AL interation 2014/4801.

mae: 0.12636607764626331
max_error: 0.681838954937497
variance: 0.010518506904069708

AL interation 2015/4801.

mae: 0.1263381527016312
max_error: 0.6814354868361061
variance: 0.010524030945085179

AL interation 2016/4801.

mae: 0.12634230102360505
max_error: 0.6816303386936742
variance: 0.010524614115032402

AL interation 2017/4801.

mae: 0.1263473192253826
max_error: 0.6795259110260066
variance: 0.010512217937922569

AL interation 2018/4801.

mae: 0.12647560966512672
max_error: 0.6809331458602781
variance: 0.010493441019725366

AL interation 2019/4801.

mae: 0.1264792709427766
max_error: 0.6807740816752155
variance: 0.010495707717381645

AL interation 2020/4801.

mae: 0.1264328927165212
max_error: 0.676438665583829
variance: 0.010476842058061013

AL interation 2021/4801.

mae: 0.12645654607148168
max_error: 0.6771554173919245
variance: 0.010480279882619452

AL interation 2022/4801.

mae: 0.1263998924240775
max_error: 0.6769665428009297
variance: 0.010477832237303293

AL interation 2023/4801.

mae: 0.12639805930194253
max_error: 0.6770989640644558
variance: 0.010481774913140623

AL interation 2024/4801.

mae: 0.1264010849604259
max_error: 0.6773629443595599
variance: 0.010482339713608273

AL interation 2025/4801.

mae: 0.1263977674287859
max_error: 0.6773940794952527
variance: 0.010484476694117721

AL interation 2026/4801.

mae: 0.12637186121720373
max_error: 0.6783343708267289
variance: 0.010491517099766328

AL interation 2027/4801.

mae: 0.1263713812941164
max_error: 0.6783911134043734
variance: 0.010491187395078911

AL interation 2028/4801.

mae: 0.1263602871277246
max_error: 0.6790711967036565
variance: 0.010491523253667992

AL interation 2029/4801.

mae: 0.12628976719306742
max_error: 0.6793014011143228
variance: 0.01049415854067307

AL interation 2030/4801.

mae: 0.12627859547530038
max_error: 0.6793573349668769
variance: 0.010486755282133093

AL interation 2031/4801.

mae: 0.12627157205104042
max_error: 0.6793709831419648
variance: 0.010484277746742095

AL interation 2032/4801.

mae: 0.126315434956324
max_error: 0.6791935291633546
variance: 0.010479939630505107

AL interation 2033/4801.

mae: 0.12619684257932867
max_error: 0.6791431333469564
variance: 0.010433036229747021

AL interation 2034/4801.

mae: 0.12623105840231647
max_error: 0.6792223879547308
variance: 0.010447009658783368

AL interation 2035/4801.

mae: 0.1262382798226289
max_error: 0.6777046417429169
variance: 0.010444826212921697

AL interation 2036/4801.

mae: 0.12628737196123854
max_error: 0.678172498464054
variance: 0.01044516607373447

AL interation 2037/4801.

mae: 0.1262982151589692
max_error: 0.6787230213624138
variance: 0.010439606017324536

AL interation 2038/4801.

mae: 0.1263115632146635
max_error: 0.6773358339504227
variance: 0.01044605550644738

AL interation 2039/4801.

mae: 0.12631155115705542
max_error: 0.6773363441259068
variance: 0.010446058246513469

AL interation 2040/4801.

mae: 0.12612785938600402
max_error: 0.6772087317681841
variance: 0.01042282682146617

AL interation 2041/4801.

mae: 0.12618014020140642
max_error: 0.6787481200555394
variance: 0.010410631733616095

AL interation 2042/4801.

mae: 0.12612688635616545
max_error: 0.6789669484700571
variance: 0.010405332186602568

AL interation 2043/4801.

mae: 0.12608219349146255
max_error: 0.6785616306339559
variance: 0.010406544307734482

AL interation 2044/4801.

mae: 0.1259232422048162
max_error: 0.680211170446027
variance: 0.010407028219944074

AL interation 2045/4801.

mae: 0.12592251340891492
max_error: 0.6802283994272376
variance: 0.010409460508845201

AL interation 2046/4801.

mae: 0.1261110995782858
max_error: 0.6775643351241118
variance: 0.010364690162559444

AL interation 2047/4801.

mae: 0.12611395809377368
max_error: 0.6777415409771539
variance: 0.010365734785773857

AL interation 2048/4801.

mae: 0.1260841150782993
max_error: 0.6762246398397842
variance: 0.010349293138666263

AL interation 2049/4801.

mae: 0.12598002219866777
max_error: 0.6766230605737409
variance: 0.010338410528043344

AL interation 2050/4801.

mae: 0.1258763467618224
max_error: 0.6765580971266107
variance: 0.010322624461719538

AL interation 2051/4801.

mae: 0.12587696772565232
max_error: 0.67655499390745
variance: 0.010326693365262492

AL interation 2052/4801.

mae: 0.12588871062962523
max_error: 0.677289419732217
variance: 0.0103267707337792

AL interation 2053/4801.

mae: 0.12585338613036107
max_error: 0.6698770636665028
variance: 0.010309702846762784

AL interation 2054/4801.

mae: 0.12586670299293212
max_error: 0.6706727316602503
variance: 0.010310471803806145

AL interation 2055/4801.

mae: 0.12579827858420387
max_error: 0.6684394368504503
variance: 0.010301986526677801

AL interation 2056/4801.

mae: 0.12579236127953228
max_error: 0.6684549600233627
variance: 0.010302199795208262

AL interation 2057/4801.

mae: 0.12578663793183384
max_error: 0.6628191911992296
variance: 0.01027924201441524

AL interation 2058/4801.

mae: 0.12589378590390968
max_error: 0.6630531121165077
variance: 0.010299144026510052

AL interation 2059/4801.

mae: 0.12581502411155676
max_error: 0.6638659104897418
variance: 0.010281688738094

AL interation 2060/4801.

mae: 0.1257311382604661
max_error: 0.6644775937356009
variance: 0.010285048606495947

AL interation 2061/4801.

mae: 0.12574694572536366
max_error: 0.6635931956885806
variance: 0.010281169694312675

AL interation 2062/4801.

mae: 0.12581890223398196
max_error: 0.6640101496470763
variance: 0.010262795375046698

AL interation 2063/4801.

mae: 0.12582738079445033
max_error: 0.6645833884004784
variance: 0.010263121206570852

AL interation 2064/4801.

mae: 0.12582512199202817
max_error: 0.66462990415849
variance: 0.010265483917235762

AL interation 2065/4801.

mae: 0.12583077725281908
max_error: 0.6644656913732554
variance: 0.010265512227727994

AL interation 2066/4801.

mae: 0.12583584275304585
max_error: 0.6660071204151947
variance: 0.010271068921823816

AL interation 2067/4801.

mae: 0.12571652578761283
max_error: 0.6672973696936122
variance: 0.010250462775678168

AL interation 2068/4801.

mae: 0.1256993227936919
max_error: 0.667345756527677
variance: 0.010251505156727443

AL interation 2069/4801.

mae: 0.12569962872070445
max_error: 0.6674476508927363
variance: 0.010250132785063776

AL interation 2070/4801.

mae: 0.12569544832047444
max_error: 0.6675793890848993
variance: 0.01024678009051906

AL interation 2071/4801.

mae: 0.12571682978237148
max_error: 0.6668233414541778
variance: 0.010246877575476463

AL interation 2072/4801.

mae: 0.12570616875791146
max_error: 0.6665252455033883
variance: 0.010245057980163149

AL interation 2073/4801.

mae: 0.12572672558624187
max_error: 0.666543891714726
variance: 0.010242061090848086

AL interation 2074/4801.

mae: 0.12572518582496284
max_error: 0.6660883208179254
variance: 0.010243519959255399

AL interation 2075/4801.

mae: 0.12572800827928082
max_error: 0.6658754974885213
variance: 0.010242393225544568

AL interation 2076/4801.

mae: 0.12590489030546032
max_error: 0.6643508657687445
variance: 0.010288366040137538

AL interation 2077/4801.

mae: 0.12588717489116813
max_error: 0.6647263260685179
variance: 0.010286450744758925

AL interation 2078/4801.

mae: 0.12588623866040544
max_error: 0.6643859390059141
variance: 0.01028022710288195

AL interation 2079/4801.

mae: 0.12588609545210147
max_error: 0.6643589745035925
variance: 0.010274022078802392

AL interation 2080/4801.

mae: 0.12594334698860218
max_error: 0.6683006874153694
variance: 0.01028647190822455

AL interation 2081/4801.

mae: 0.12594492336578894
max_error: 0.6684153916252669
variance: 0.010286996771237837

AL interation 2082/4801.

mae: 0.1258646498922688
max_error: 0.6661842443061374
variance: 0.010301026588143454

AL interation 2083/4801.

mae: 0.125835265014957
max_error: 0.6639978422927495
variance: 0.01030300653251848

AL interation 2084/4801.

mae: 0.12582107032238593
max_error: 0.6640454869513643
variance: 0.010301414702698448

AL interation 2085/4801.

mae: 0.12575873813742877
max_error: 0.664359782531287
variance: 0.010291232675075354

AL interation 2086/4801.

mae: 0.1257568784719824
max_error: 0.664339424063705
variance: 0.010286682013212015

AL interation 2087/4801.

mae: 0.1257252156921146
max_error: 0.6643333990679121
variance: 0.010290056047989282

AL interation 2088/4801.

mae: 0.12579573909393418
max_error: 0.6645980507034039
variance: 0.010296931589631478

AL interation 2089/4801.

mae: 0.12581327622615204
max_error: 0.6660035233219972
variance: 0.010295480118082345

AL interation 2090/4801.

mae: 0.12581170910176684
max_error: 0.6662408750285547
variance: 0.01029959661818169

AL interation 2091/4801.

mae: 0.12582449633369117
max_error: 0.675229945798506
variance: 0.010308019264097827

AL interation 2092/4801.

mae: 0.12581405841875953
max_error: 0.6758326499292853
variance: 0.010307555029122905

AL interation 2093/4801.

mae: 0.1258458858938752
max_error: 0.6744102630412705
variance: 0.010323571908140417

AL interation 2094/4801.

mae: 0.12575766341852404
max_error: 0.6738461160757261
variance: 0.010315293656961846

AL interation 2095/4801.

mae: 0.1257573379525269
max_error: 0.6738969000660671
variance: 0.010315107151478063

AL interation 2096/4801.

mae: 0.12577175890785014
max_error: 0.6740572090136521
variance: 0.01030433388536468

AL interation 2097/4801.

mae: 0.12583073969410632
max_error: 0.6733055746863883
variance: 0.010309671492182813

AL interation 2098/4801.

mae: 0.12579855369319567
max_error: 0.672729171796318
variance: 0.010321888566320681

AL interation 2099/4801.

mae: 0.12579616008549702
max_error: 0.6733592106789423
variance: 0.010328903804072453

AL interation 2100/4801.

mae: 0.1257573304140189
max_error: 0.6744622344785132
variance: 0.010330138850709684

AL interation 2101/4801.

mae: 0.12574125177005377
max_error: 0.6740375379648764
variance: 0.010328999310154723

AL interation 2102/4801.

mae: 0.1257523871279112
max_error: 0.6745296133099519
variance: 0.010330349291868983

AL interation 2103/4801.

mae: 0.12577427376929287
max_error: 0.6745859093585374
variance: 0.010334058132598509

AL interation 2104/4801.

mae: 0.12576579641387223
max_error: 0.6747667863991573
variance: 0.010338163464041502

AL interation 2105/4801.

mae: 0.12586216138680087
max_error: 0.6748243283291178
variance: 0.01032714148225127

AL interation 2106/4801.

mae: 0.12578349476454545
max_error: 0.6745974238642738
variance: 0.01032952265287468

AL interation 2107/4801.

mae: 0.12578256253413078
max_error: 0.6746564038659919
variance: 0.010327570817028882

AL interation 2108/4801.

mae: 0.12575769534434494
max_error: 0.674211264014966
variance: 0.010345607743369999

AL interation 2109/4801.

mae: 0.12576967209903953
max_error: 0.6740628394593724
variance: 0.01034272173219255

AL interation 2110/4801.

mae: 0.12579339995945996
max_error: 0.672874297738133
variance: 0.010336378063447067

AL interation 2111/4801.

mae: 0.12576661249296223
max_error: 0.6728346896873045
variance: 0.010334592670114532

AL interation 2112/4801.

mae: 0.12576335069371572
max_error: 0.6727016041776395
variance: 0.010334328575055299

AL interation 2113/4801.

mae: 0.12577474519672882
max_error: 0.6726187564696087
variance: 0.010334719976624293

AL interation 2114/4801.

mae: 0.12574900282393345
max_error: 0.6726445521555444
variance: 0.010336484491097747

AL interation 2115/4801.

mae: 0.1256389269573554
max_error: 0.672474449572416
variance: 0.010325262286046459

AL interation 2116/4801.

mae: 0.1255149644786001
max_error: 0.673191267606768
variance: 0.010323840687504474

AL interation 2117/4801.

mae: 0.12551845545602835
max_error: 0.6732960378986057
variance: 0.0103230836819081

AL interation 2118/4801.

mae: 0.12555496192701004
max_error: 0.6736315197856939
variance: 0.010309429894423896

AL interation 2119/4801.

mae: 0.12551601540512444
max_error: 0.6738434724123437
variance: 0.010315469458237213

AL interation 2120/4801.

mae: 0.12557445460940975
max_error: 0.6748173699950701
variance: 0.010333913012136308

AL interation 2121/4801.

mae: 0.1256756792243801
max_error: 0.6655885665228318
variance: 0.010343571748764695

AL interation 2122/4801.

mae: 0.12567066274969596
max_error: 0.6657805256836582
variance: 0.0103432822337378

AL interation 2123/4801.

mae: 0.12567676264963998
max_error: 0.6659240611757085
variance: 0.010343999876703428

AL interation 2124/4801.

mae: 0.12568411000147559
max_error: 0.6509210829362146
variance: 0.010332585909476711

AL interation 2125/4801.

mae: 0.12567039291928148
max_error: 0.6518828580614109
variance: 0.01032811888171881

AL interation 2126/4801.

mae: 0.1257273491750695
max_error: 0.6506645321732716
variance: 0.010319979065750126

AL interation 2127/4801.

mae: 0.12578300972556464
max_error: 0.6509397798059702
variance: 0.010312065149307083

AL interation 2128/4801.

mae: 0.12577701551744935
max_error: 0.6481247631677647
variance: 0.010305193933869743

AL interation 2129/4801.

mae: 0.1257760546663721
max_error: 0.6474646318928698
variance: 0.010303931795287677

AL interation 2130/4801.

mae: 0.12575760111534637
max_error: 0.6468872082290442
variance: 0.01029144259842708

AL interation 2131/4801.

mae: 0.12575837578067595
max_error: 0.646872298526949
variance: 0.010291261587940867

AL interation 2132/4801.

mae: 0.12576113873256228
max_error: 0.6470757494068806
variance: 0.010291547236232265

AL interation 2133/4801.

mae: 0.12577800440982145
max_error: 0.6470684489335721
variance: 0.010292375985668062

AL interation 2134/4801.

mae: 0.12579281549719132
max_error: 0.6481639712612886
variance: 0.010291897589382175

AL interation 2135/4801.

mae: 0.12574652368994202
max_error: 0.648036924662696
variance: 0.010288926672211327

AL interation 2136/4801.

mae: 0.12566839230213445
max_error: 0.6481952831841813
variance: 0.010275705642054992

AL interation 2137/4801.

mae: 0.12561043232941724
max_error: 0.647831298982851
variance: 0.010263747185494006

AL interation 2138/4801.

mae: 0.12566069867303503
max_error: 0.6472571246258845
variance: 0.01026892698342985

AL interation 2139/4801.

mae: 0.1256547622568529
max_error: 0.648165303347259
variance: 0.01026145046213959

AL interation 2140/4801.

mae: 0.12564166123828444
max_error: 0.6482019332204487
variance: 0.010258254335559143

AL interation 2141/4801.

mae: 0.1255886155679148
max_error: 0.6479179120563128
variance: 0.010244001491861438

AL interation 2142/4801.

mae: 0.1256138008043377
max_error: 0.6480325879194133
variance: 0.010243661741079994

AL interation 2143/4801.

mae: 0.12564124047886932
max_error: 0.6495935827739796
variance: 0.010234508269003477

AL interation 2144/4801.

mae: 0.1255569864008936
max_error: 0.6493784009999395
variance: 0.010199969514176024

AL interation 2145/4801.

mae: 0.12556411645354504
max_error: 0.6500304426359165
variance: 0.010218769062037576

AL interation 2146/4801.

mae: 0.12547912117851537
max_error: 0.6503299663175106
variance: 0.010180058591452138

AL interation 2147/4801.

mae: 0.12547132382970638
max_error: 0.6503453285070577
variance: 0.01017963454342654

AL interation 2148/4801.

mae: 0.1253926919763328
max_error: 0.6518855928523575
variance: 0.010143719480253102

AL interation 2149/4801.

mae: 0.125350001004833
max_error: 0.6518176725343032
variance: 0.010140306067956257

AL interation 2150/4801.

mae: 0.12511207665857257
max_error: 0.6506182517107781
variance: 0.010089269246533597

AL interation 2151/4801.

mae: 0.1250985286152408
max_error: 0.6516280737817386
variance: 0.010086718600776163

AL interation 2152/4801.

mae: 0.1250330416434377
max_error: 0.6497876138826335
variance: 0.010071264643645751

AL interation 2153/4801.

mae: 0.12502305504931055
max_error: 0.649101283090765
variance: 0.010068080300728937

AL interation 2154/4801.

mae: 0.12493441062304732
max_error: 0.6500845867028122
variance: 0.010066421802277795

AL interation 2155/4801.

mae: 0.12489910317070445
max_error: 0.650778020164914
variance: 0.010069013583429199

AL interation 2156/4801.

mae: 0.12492437679657012
max_error: 0.6509019110719461
variance: 0.01006781641253863

AL interation 2157/4801.

mae: 0.12492153875734496
max_error: 0.6508092383343662
variance: 0.010066668350502978

AL interation 2158/4801.

mae: 0.1246615120510496
max_error: 0.6608651514633266
variance: 0.010045424492904959

AL interation 2159/4801.

mae: 0.12459237404641349
max_error: 0.6594402070295811
variance: 0.01004508213440517

AL interation 2160/4801.

mae: 0.12458281877401088
max_error: 0.6593432319434136
variance: 0.010046297634601268

AL interation 2161/4801.

mae: 0.12451921214746481
max_error: 0.6575343813263093
variance: 0.010054182588790778

AL interation 2162/4801.

mae: 0.12449605268177454
max_error: 0.6554763638361898
variance: 0.010054682976767277

AL interation 2163/4801.

mae: 0.1244950442306538
max_error: 0.6555300896995284
variance: 0.01005469334079257

AL interation 2164/4801.

mae: 0.12449761388323617
max_error: 0.6554474823281229
variance: 0.010055283179410134

AL interation 2165/4801.

mae: 0.12448454917679988
max_error: 0.6550004540416676
variance: 0.01004502192577638

AL interation 2166/4801.

mae: 0.1244863570517642
max_error: 0.6546654792589504
variance: 0.01005086657164059

AL interation 2167/4801.

mae: 0.1244274904056081
max_error: 0.6582585595092194
variance: 0.010048449472495362

AL interation 2168/4801.

mae: 0.12442233797152465
max_error: 0.6582658337994207
variance: 0.010049091647487272

AL interation 2169/4801.

mae: 0.12440087269097228
max_error: 0.6583403221446869
variance: 0.010048128008187692

AL interation 2170/4801.

mae: 0.12447472895301212
max_error: 0.6584257681775032
variance: 0.010057911011729441

AL interation 2171/4801.

mae: 0.12437875445865543
max_error: 0.6591188168942281
variance: 0.01006151737975016

AL interation 2172/4801.

mae: 0.12440483541308464
max_error: 0.6606163370226241
variance: 0.010071593285583245

AL interation 2173/4801.

mae: 0.12445669271389882
max_error: 0.6607779572854113
variance: 0.010077480411483007

AL interation 2174/4801.

mae: 0.12445152566835338
max_error: 0.6606903217775741
variance: 0.010076633666076126

AL interation 2175/4801.

mae: 0.12445513913266833
max_error: 0.6611499940727601
variance: 0.010076638143035957

AL interation 2176/4801.

mae: 0.12443011569703584
max_error: 0.66082476722673
variance: 0.010077239377397296

AL interation 2177/4801.

mae: 0.1244322387574258
max_error: 0.6608838201292127
variance: 0.010077242375327918

AL interation 2178/4801.

mae: 0.1243583543187446
max_error: 0.663929036968014
variance: 0.010084177250786574

AL interation 2179/4801.

mae: 0.12442730495119877
max_error: 0.6647813562895895
variance: 0.01008111381602345

AL interation 2180/4801.

mae: 0.12442580874845502
max_error: 0.6648855092272292
variance: 0.010080726561048893

AL interation 2181/4801.

mae: 0.12440960804518994
max_error: 0.6654233906396811
variance: 0.010081229602695276

AL interation 2182/4801.

mae: 0.12437562436522004
max_error: 0.6667543484970189
variance: 0.010081086927280556

AL interation 2183/4801.

mae: 0.12433290162919275
max_error: 0.6668803427224628
variance: 0.01006486492447011

AL interation 2184/4801.

mae: 0.12433529112323284
max_error: 0.6675626252697331
variance: 0.010064580029478373

AL interation 2185/4801.

mae: 0.12434326534963779
max_error: 0.6673701654770579
variance: 0.010066777016760734

AL interation 2186/4801.

mae: 0.12429276795307218
max_error: 0.6679557780536776
variance: 0.0100657617906682

AL interation 2187/4801.

mae: 0.12429510735135675
max_error: 0.6679084476592152
variance: 0.010062883313711678

AL interation 2188/4801.

mae: 0.12422060080555793
max_error: 0.6740311686517533
variance: 0.01006376375293997

AL interation 2189/4801.

mae: 0.12440317281577234
max_error: 0.6751933540992248
variance: 0.01008465995917574

AL interation 2190/4801.

mae: 0.12438554696952843
max_error: 0.6723503404022235
variance: 0.010081015185429159

AL interation 2191/4801.

mae: 0.12438315122525478
max_error: 0.6731455993674036
variance: 0.010090175588059516

AL interation 2192/4801.

mae: 0.12438293963453761
max_error: 0.6734307428242818
variance: 0.010097074391089242

AL interation 2193/4801.

mae: 0.12439279500612199
max_error: 0.6722057443959528
variance: 0.010097870826249206

AL interation 2194/4801.

mae: 0.1243234008991712
max_error: 0.6657516036490598
variance: 0.010085619202554226

AL interation 2195/4801.

mae: 0.12433782787551198
max_error: 0.6649873686163073
variance: 0.010095279912161912

AL interation 2196/4801.

mae: 0.12436504676957574
max_error: 0.6654224129816448
variance: 0.010099294288282537

AL interation 2197/4801.

mae: 0.12434436242916695
max_error: 0.6646169141135552
variance: 0.01010579727274236

AL interation 2198/4801.

mae: 0.12417999602824226
max_error: 0.6631889094880972
variance: 0.010102440367294487

AL interation 2199/4801.

mae: 0.12418028060854805
max_error: 0.6636197551593117
variance: 0.01010549305805538

AL interation 2200/4801.

mae: 0.12416007094466557
max_error: 0.6637654214649622
variance: 0.01010099986038248

AL interation 2201/4801.

mae: 0.12415006566867955
max_error: 0.6636578212597044
variance: 0.010100934345348426

AL interation 2202/4801.

mae: 0.1241509046027009
max_error: 0.663545603672544
variance: 0.01010141741790626

AL interation 2203/4801.

mae: 0.12413793297631734
max_error: 0.6622363853415081
variance: 0.010092329138963583

AL interation 2204/4801.

mae: 0.12412329730932846
max_error: 0.6621931222120825
variance: 0.010096128950329292

AL interation 2205/4801.

mae: 0.12404925223386373
max_error: 0.6610185288617494
variance: 0.010110197335656337

AL interation 2206/4801.

mae: 0.12402788615418985
max_error: 0.6627335352281225
variance: 0.010113839111891183

AL interation 2207/4801.

mae: 0.12402477419199044
max_error: 0.662694646904459
variance: 0.010114706067268569

AL interation 2208/4801.

mae: 0.12399874042830401
max_error: 0.6625837226490372
variance: 0.010122168752399095

AL interation 2209/4801.

mae: 0.12394022092795749
max_error: 0.6614071408995095
variance: 0.010117548431029633

AL interation 2210/4801.

mae: 0.12393801021354739
max_error: 0.6613930284263532
variance: 0.010114663296980499

AL interation 2211/4801.

mae: 0.1237435454192091
max_error: 0.6626510838880044
variance: 0.01011639393588296

AL interation 2212/4801.

mae: 0.12375282896322354
max_error: 0.6625503274311626
variance: 0.010116551160981337

AL interation 2213/4801.

mae: 0.12372438271286208
max_error: 0.6571701133325192
variance: 0.010112594809180576

AL interation 2214/4801.

mae: 0.12371952474773318
max_error: 0.6569289964251368
variance: 0.010112750088802882

AL interation 2215/4801.

mae: 0.12371641346024544
max_error: 0.6576035257450599
variance: 0.010112546429513005

AL interation 2216/4801.

mae: 0.12362643996649138
max_error: 0.6575739304141699
variance: 0.010111402549761053

AL interation 2217/4801.

mae: 0.12354934920327795
max_error: 0.6701066951103947
variance: 0.010123879008176613

AL interation 2218/4801.

mae: 0.12354487552818105
max_error: 0.6712000703603351
variance: 0.010125122144602056

AL interation 2219/4801.

mae: 0.12354651454600865
max_error: 0.671184365639915
variance: 0.010124887250300042

AL interation 2220/4801.

mae: 0.12344930102711396
max_error: 0.6721205340124481
variance: 0.010124630671130909

AL interation 2221/4801.

mae: 0.12333196880309044
max_error: 0.6714419632010333
variance: 0.0101099212654772

AL interation 2222/4801.

mae: 0.12336033928623366
max_error: 0.6743918996522513
variance: 0.010114082906020113

AL interation 2223/4801.

mae: 0.12340159432970785
max_error: 0.6762543273945507
variance: 0.010118060645367377

AL interation 2224/4801.

mae: 0.12336722726230732
max_error: 0.6749280068562253
variance: 0.010119230499930338

AL interation 2225/4801.

mae: 0.12335974439191078
max_error: 0.676010584328818
variance: 0.010113003072695378

AL interation 2226/4801.

mae: 0.12337481358300349
max_error: 0.671930487632185
variance: 0.010099928705277428

AL interation 2227/4801.

mae: 0.12337082411458324
max_error: 0.6711886589805793
variance: 0.010098082310610455

AL interation 2228/4801.

mae: 0.12337452057168033
max_error: 0.6719235735825606
variance: 0.010095893665264623

AL interation 2229/4801.

mae: 0.12340132037170586
max_error: 0.6715545061164292
variance: 0.010096247632202045

AL interation 2230/4801.

mae: 0.12332542129767253
max_error: 0.6715027816784183
variance: 0.010085795206362215

AL interation 2231/4801.

mae: 0.1233213251502124
max_error: 0.6711355801843393
variance: 0.01008142106074093

AL interation 2232/4801.

mae: 0.12331242897428145
max_error: 0.6710909961364688
variance: 0.010082456041918944

AL interation 2233/4801.

mae: 0.12330797312806287
max_error: 0.6703934391086399
variance: 0.010077105748651716

AL interation 2234/4801.

mae: 0.12330761000990843
max_error: 0.6703877730380263
variance: 0.01007716464835297

AL interation 2235/4801.

mae: 0.12330150210532878
max_error: 0.6712473115108999
variance: 0.010070742295527114

AL interation 2236/4801.

mae: 0.12328049072710644
max_error: 0.6714358856083624
variance: 0.010056688932065454

AL interation 2237/4801.

mae: 0.1233100924669667
max_error: 0.6673683930106318
variance: 0.010067153385815097

AL interation 2238/4801.

mae: 0.12302063199417713
max_error: 0.6688681092506155
variance: 0.009991844722932595

AL interation 2239/4801.

mae: 0.12300275612030848
max_error: 0.6692322424856005
variance: 0.009989814703463084

AL interation 2240/4801.

mae: 0.12299146016408691
max_error: 0.6690259604937818
variance: 0.009988811250381101

AL interation 2241/4801.

mae: 0.12299284666569407
max_error: 0.6693624116487538
variance: 0.009990891396797067

AL interation 2242/4801.

mae: 0.1230342375152645
max_error: 0.6691909527900979
variance: 0.009995988667970076

AL interation 2243/4801.

mae: 0.12303670206072533
max_error: 0.6692108471917617
variance: 0.010002124920754476

AL interation 2244/4801.

mae: 0.12292923705807245
max_error: 0.671237645141975
variance: 0.009979193110636164

AL interation 2245/4801.

mae: 0.12294031193637642
max_error: 0.6722738340633096
variance: 0.009963485471112995

AL interation 2246/4801.

mae: 0.12291861519867846
max_error: 0.6729943311787032
variance: 0.009961302297257333

AL interation 2247/4801.

mae: 0.12292250551539491
max_error: 0.6730175000960799
variance: 0.00996270169228384

AL interation 2248/4801.

mae: 0.12288739786880905
max_error: 0.6749043198671156
variance: 0.009964561641051339

AL interation 2249/4801.

mae: 0.12291016818901716
max_error: 0.6728819582243517
variance: 0.009958425212358107

AL interation 2250/4801.

mae: 0.1229226087485824
max_error: 0.6728329562015674
variance: 0.00995780981132279

AL interation 2251/4801.

mae: 0.12290606432452995
max_error: 0.6729424402839275
variance: 0.009964812919048957

AL interation 2252/4801.

mae: 0.12298755115254235
max_error: 0.6673489711595995
variance: 0.009970556449352767

AL interation 2253/4801.

mae: 0.1230102680119382
max_error: 0.6668287845998808
variance: 0.009952692200216202

AL interation 2254/4801.

mae: 0.12281061094069262
max_error: 0.6636199649485519
variance: 0.009947982038163359

AL interation 2255/4801.

mae: 0.12281789613487197
max_error: 0.6642541003671134
variance: 0.009947801434208965

AL interation 2256/4801.

mae: 0.12283683723280871
max_error: 0.66228678028682
variance: 0.009948315749278108

AL interation 2257/4801.

mae: 0.12282361002525416
max_error: 0.6621015139072135
variance: 0.009948537301240875

AL interation 2258/4801.

mae: 0.1228373824552811
max_error: 0.6645517464495025
variance: 0.009932958247273898

AL interation 2259/4801.

mae: 0.12274894680665945
max_error: 0.6650872585228402
variance: 0.009926636120904777

AL interation 2260/4801.

mae: 0.12275565599788256
max_error: 0.6647211323698645
variance: 0.009933188323561973

AL interation 2261/4801.

mae: 0.12277354300626428
max_error: 0.664800933077089
variance: 0.009929717362403086

AL interation 2262/4801.

mae: 0.12266656568612103
max_error: 0.6671825516186551
variance: 0.00991767523758427

AL interation 2263/4801.

mae: 0.12267035637485543
max_error: 0.667231070797019
variance: 0.009915931309115611

AL interation 2264/4801.

mae: 0.12266628369449877
max_error: 0.6672400927419595
variance: 0.009915822722199407

AL interation 2265/4801.

mae: 0.1226721819521445
max_error: 0.6672642230354278
variance: 0.00991625770396172

AL interation 2266/4801.

mae: 0.12265599899225382
max_error: 0.6674576640906746
variance: 0.009914682796798472

AL interation 2267/4801.

mae: 0.12270595613139419
max_error: 0.6729241489535642
variance: 0.00992288643951952

AL interation 2268/4801.

mae: 0.12262604886617079
max_error: 0.674335836307435
variance: 0.009926054462805643

AL interation 2269/4801.

mae: 0.12258355431496118
max_error: 0.6752413914868196
variance: 0.009924733840646767

AL interation 2270/4801.

mae: 0.12249541526722373
max_error: 0.6706974839814954
variance: 0.009926461539158589

AL interation 2271/4801.

mae: 0.12239279455372175
max_error: 0.6678269555809866
variance: 0.00990962015318737

AL interation 2272/4801.

mae: 0.12236999714850108
max_error: 0.6676038418564456
variance: 0.009908258757980702

AL interation 2273/4801.

mae: 0.12243731257175133
max_error: 0.6697279240773124
variance: 0.009893822047162406

AL interation 2274/4801.

mae: 0.12243634608815462
max_error: 0.6763904638584872
variance: 0.009865868708423084

AL interation 2275/4801.

mae: 0.12251215548253272
max_error: 0.6709374457474802
variance: 0.00985542019712578

AL interation 2276/4801.

mae: 0.12247274439716604
max_error: 0.671137199757986
variance: 0.009858735683188

AL interation 2277/4801.

mae: 0.12246315459743887
max_error: 0.6693027370008213
variance: 0.00986312020056289

AL interation 2278/4801.

mae: 0.12246011191658113
max_error: 0.6665904491861063
variance: 0.009856072643281017

AL interation 2279/4801.

mae: 0.12240068155934171
max_error: 0.6704811896089264
variance: 0.009868080257252911

AL interation 2280/4801.

mae: 0.12240194814802328
max_error: 0.6703089274798053
variance: 0.009867690202309383

AL interation 2281/4801.

mae: 0.1222666428562965
max_error: 0.6689837234874982
variance: 0.00987079818537083

AL interation 2282/4801.

mae: 0.12228872779471274
max_error: 0.6698048925655087
variance: 0.009870182226915299

AL interation 2283/4801.

mae: 0.12228006503723668
max_error: 0.6698777744955855
variance: 0.009867818364527174

AL interation 2284/4801.

mae: 0.12229461703916825
max_error: 0.6671814695288152
variance: 0.009881785367769713

AL interation 2285/4801.

mae: 0.12223574830896777
max_error: 0.6664957080437581
variance: 0.00986794557193424

AL interation 2286/4801.

mae: 0.12227735153418123
max_error: 0.663639614097093
variance: 0.009865204869562431

AL interation 2287/4801.

mae: 0.122084821588072
max_error: 0.6604206251433435
variance: 0.009841986676115836

AL interation 2288/4801.

mae: 0.12209989272165105
max_error: 0.6607432108758022
variance: 0.009845695278150535

AL interation 2289/4801.

mae: 0.12209988082872641
max_error: 0.6607443950474003
variance: 0.009845696599910405

AL interation 2290/4801.

mae: 0.12209801852038603
max_error: 0.6607398732748049
variance: 0.009845664845706358

AL interation 2291/4801.

mae: 0.12211487297630004
max_error: 0.6603527541875867
variance: 0.009849691302650588

AL interation 2292/4801.

mae: 0.12210049911983524
max_error: 0.6615765259659838
variance: 0.009851110777432816

AL interation 2293/4801.

mae: 0.12203505102611617
max_error: 0.661881913340606
variance: 0.009854481550002701

AL interation 2294/4801.

mae: 0.1220980804467543
max_error: 0.6563037894372155
variance: 0.009878166306072857

AL interation 2295/4801.

mae: 0.12210226562840726
max_error: 0.6568283477075632
variance: 0.009844510471908714

AL interation 2296/4801.

mae: 0.1220397530576114
max_error: 0.6579202736851251
variance: 0.009843878469811652

AL interation 2297/4801.

mae: 0.12204455147907672
max_error: 0.6590575600716448
variance: 0.009838382724863018

AL interation 2298/4801.

mae: 0.12204844030849347
max_error: 0.6591026311433179
variance: 0.00983764763859324

AL interation 2299/4801.

mae: 0.12206061876899499
max_error: 0.6591817962634217
variance: 0.009839815709363004

AL interation 2300/4801.

mae: 0.12206061791975972
max_error: 0.6591900673752118
variance: 0.009839717122345774

AL interation 2301/4801.

mae: 0.12205900083400235
max_error: 0.6589667851064149
variance: 0.009836243803615722

AL interation 2302/4801.

mae: 0.1220582738017759
max_error: 0.6589627079878273
variance: 0.009836203840378388

AL interation 2303/4801.

mae: 0.12204678130161137
max_error: 0.6550331427895468
variance: 0.00982931379129328

AL interation 2304/4801.

mae: 0.12206405862255969
max_error: 0.6558430362041108
variance: 0.009831236984168847

AL interation 2305/4801.

mae: 0.12205197736510391
max_error: 0.65533000512694
variance: 0.00982867841612171

AL interation 2306/4801.

mae: 0.12215992619128906
max_error: 0.6563125132756795
variance: 0.009851413323267277

AL interation 2307/4801.

mae: 0.12208026855014921
max_error: 0.6567534241256379
variance: 0.009867103402142493

AL interation 2308/4801.

mae: 0.12207963423457818
max_error: 0.6565627539382515
variance: 0.0098592258338211

AL interation 2309/4801.

mae: 0.12207724266084626
max_error: 0.6574750134867635
variance: 0.00985777013255909

AL interation 2310/4801.

mae: 0.1220604415609796
max_error: 0.6584079933831948
variance: 0.009856437110995216

AL interation 2311/4801.

mae: 0.12207355796999095
max_error: 0.6583027714761922
variance: 0.009851534587875788

AL interation 2312/4801.

mae: 0.12207913007478255
max_error: 0.6585751028913993
variance: 0.009847779681107413

AL interation 2313/4801.

mae: 0.12208472503212736
max_error: 0.6593961106491921
variance: 0.009849024291665788

AL interation 2314/4801.

mae: 0.1220843931226727
max_error: 0.6593968957110512
variance: 0.009849088165283463

AL interation 2315/4801.

mae: 0.122124849242448
max_error: 0.6589279542453461
variance: 0.009840741264536759

AL interation 2316/4801.

mae: 0.12208624475649771
max_error: 0.6585678801709136
variance: 0.009848504812648503

AL interation 2317/4801.

mae: 0.12200254034403306
max_error: 0.6554798796655934
variance: 0.009842915860917852

AL interation 2318/4801.

mae: 0.12192941561755481
max_error: 0.6527328095532603
variance: 0.0098131092170046

AL interation 2319/4801.

mae: 0.12190500396507821
max_error: 0.6537968670746501
variance: 0.009808299868387603

AL interation 2320/4801.

mae: 0.12188912286394352
max_error: 0.6541431515928107
variance: 0.009808924255684526

AL interation 2321/4801.

mae: 0.12189335128445992
max_error: 0.6541628920500635
variance: 0.009809159079936876

AL interation 2322/4801.

mae: 0.12188189443343762
max_error: 0.6542707202466644
variance: 0.009808163020404525

AL interation 2323/4801.

mae: 0.12187271266837924
max_error: 0.6547062290213486
variance: 0.009808191214394189

AL interation 2324/4801.

mae: 0.12186365341559284
max_error: 0.6543035990777764
variance: 0.009800536061539224

AL interation 2325/4801.

mae: 0.1218362921976537
max_error: 0.6493880907147886
variance: 0.009794226171187557

AL interation 2326/4801.

mae: 0.1218130436956968
max_error: 0.6510675959941832
variance: 0.009783013105749248

AL interation 2327/4801.

mae: 0.12172755521955095
max_error: 0.6475742282985806
variance: 0.009758154855226284

AL interation 2328/4801.

mae: 0.1217107011927765
max_error: 0.6473910431148511
variance: 0.009756476089812272

AL interation 2329/4801.

mae: 0.12171670337328286
max_error: 0.6473290808583432
variance: 0.009756189297984646

AL interation 2330/4801.

mae: 0.12174297833186853
max_error: 0.6469949186478114
variance: 0.009766678245211128

AL interation 2331/4801.

mae: 0.12168595774101536
max_error: 0.6463268446836761
variance: 0.00974794706710443

AL interation 2332/4801.

mae: 0.12165928094989303
max_error: 0.646315664716262
variance: 0.009739726005093916

AL interation 2333/4801.

mae: 0.1216554216111853
max_error: 0.6466204285748933
variance: 0.009744249052596195

AL interation 2334/4801.

mae: 0.12170162843194576
max_error: 0.6445678385082729
variance: 0.009750311954684503

AL interation 2335/4801.

mae: 0.12169492486918412
max_error: 0.6447601395643332
variance: 0.009752630788619918

AL interation 2336/4801.

mae: 0.12168291458642563
max_error: 0.6445822305544908
variance: 0.009752417254084593

AL interation 2337/4801.

mae: 0.12166655400497893
max_error: 0.6441835660180253
variance: 0.00974934937374861

AL interation 2338/4801.

mae: 0.12165498998447793
max_error: 0.641982428408717
variance: 0.009746366578728998

AL interation 2339/4801.

mae: 0.12157983048245256
max_error: 0.6398905128081349
variance: 0.009731723093844845

AL interation 2340/4801.

mae: 0.12141846298617176
max_error: 0.6354720866338894
variance: 0.009713006393975957

AL interation 2341/4801.

mae: 0.12140704034637922
max_error: 0.6349157371290346
variance: 0.009706571592816973

AL interation 2342/4801.

mae: 0.12136685123532659
max_error: 0.6358138739389023
variance: 0.009685477140893978

AL interation 2343/4801.

mae: 0.12137950190081159
max_error: 0.634668990205002
variance: 0.009688248090130237

AL interation 2344/4801.

mae: 0.12142221882472641
max_error: 0.6333529607748218
variance: 0.009688266041387608

AL interation 2345/4801.

mae: 0.12143540062590927
max_error: 0.6334216111840512
variance: 0.009687907391119894

AL interation 2346/4801.

mae: 0.12140818524626198
max_error: 0.6331382425097587
variance: 0.009685159282280326

AL interation 2347/4801.

mae: 0.12137161719975101
max_error: 0.6309588420947723
variance: 0.009690564611763361

AL interation 2348/4801.

mae: 0.12134594427233325
max_error: 0.6309648846436726
variance: 0.009686827155751646

AL interation 2349/4801.

mae: 0.1213511853502926
max_error: 0.630480399002268
variance: 0.0096808347666095

AL interation 2350/4801.

mae: 0.12137760828237872
max_error: 0.6231459341348966
variance: 0.009675270651240991

AL interation 2351/4801.

mae: 0.12129251359295111
max_error: 0.6249547928292571
variance: 0.009670238119007987

AL interation 2352/4801.

mae: 0.12127410397643255
max_error: 0.6254506107080395
variance: 0.009668235633045207

AL interation 2353/4801.

mae: 0.121265025034774
max_error: 0.6257432941914676
variance: 0.009675018116395564

AL interation 2354/4801.

mae: 0.1213430282207305
max_error: 0.6268657269707685
variance: 0.009709141317921392

AL interation 2355/4801.

mae: 0.12134663333421492
max_error: 0.6269170040408092
variance: 0.009708395695883623

AL interation 2356/4801.

mae: 0.12134875465628474
max_error: 0.6280963701678175
variance: 0.009715464618855496

AL interation 2357/4801.

mae: 0.12134447595344008
max_error: 0.6278295391584603
variance: 0.00971495172717554

AL interation 2358/4801.

mae: 0.12123785542552609
max_error: 0.6267940300810046
variance: 0.009703499415023402

AL interation 2359/4801.

mae: 0.121231822177334
max_error: 0.6262368246475312
variance: 0.009695394068516673

AL interation 2360/4801.

mae: 0.12122684545216358
max_error: 0.6259477737334134
variance: 0.00969267051767313

AL interation 2361/4801.

mae: 0.121283959247946
max_error: 0.6261909790038676
variance: 0.009681779416714621

AL interation 2362/4801.

mae: 0.12120780972802458
max_error: 0.6242415490601676
variance: 0.00968298507229596

AL interation 2363/4801.

mae: 0.12120978807057321
max_error: 0.6240297502479848
variance: 0.009684421724362643

AL interation 2364/4801.

mae: 0.12116197565942373
max_error: 0.6215485851674885
variance: 0.009688038492056048

AL interation 2365/4801.

mae: 0.12104455291297439
max_error: 0.6237491157726804
variance: 0.009695186384548648

AL interation 2366/4801.

mae: 0.12115335614787848
max_error: 0.6274688646541966
variance: 0.009694076902826303

AL interation 2367/4801.

mae: 0.12113811772992798
max_error: 0.6270003786470522
variance: 0.009692758246480148

AL interation 2368/4801.

mae: 0.12107859836253901
max_error: 0.6276096431925708
variance: 0.009699720178309721

AL interation 2369/4801.

mae: 0.12100985886642468
max_error: 0.6288007492834566
variance: 0.00968543051117725

AL interation 2370/4801.

mae: 0.1210186242898605
max_error: 0.6285411031981001
variance: 0.009688096324360566

AL interation 2371/4801.

mae: 0.12099260059339768
max_error: 0.6280016742171624
variance: 0.009672867150308594

AL interation 2372/4801.

mae: 0.12110251958470339
max_error: 0.626985855542471
variance: 0.009672143177672477

AL interation 2373/4801.

mae: 0.1210901920863645
max_error: 0.6269008360168993
variance: 0.009671824978141359

AL interation 2374/4801.

mae: 0.12107736351262036
max_error: 0.6263877712409229
variance: 0.009670100597726532

AL interation 2375/4801.

mae: 0.1210675527775926
max_error: 0.6250223457791337
variance: 0.009646610883627242

AL interation 2376/4801.

mae: 0.12112021607202109
max_error: 0.6255333908111975
variance: 0.009660268458772499

AL interation 2377/4801.

mae: 0.1211544973486397
max_error: 0.6254531772011429
variance: 0.009686695909902936

AL interation 2378/4801.

mae: 0.12126587139134064
max_error: 0.6257778692669653
variance: 0.009672226911111172

AL interation 2379/4801.

mae: 0.12127766297907934
max_error: 0.6258042011987275
variance: 0.009671188152871383

AL interation 2380/4801.

mae: 0.12128474766705737
max_error: 0.6258397160746867
variance: 0.009671382042469305

AL interation 2381/4801.

mae: 0.12129132350115591
max_error: 0.6270807210594285
variance: 0.009668061648321322

AL interation 2382/4801.

mae: 0.12121162818554664
max_error: 0.6271891260537235
variance: 0.009667878467607258

AL interation 2383/4801.

mae: 0.12119503110981801
max_error: 0.6274234981513018
variance: 0.009665722943383555

AL interation 2384/4801.

mae: 0.12117614941096884
max_error: 0.6275143712526319
variance: 0.009660491517984544

AL interation 2385/4801.

mae: 0.12120576431765105
max_error: 0.626892955957052
variance: 0.009654157736217046

AL interation 2386/4801.

mae: 0.12121329460392603
max_error: 0.6270010142459856
variance: 0.009651538466550801

AL interation 2387/4801.

mae: 0.12121748212432053
max_error: 0.6271196139047213
variance: 0.009655186776366747

AL interation 2388/4801.

mae: 0.12119917937801634
max_error: 0.6273460458012998
variance: 0.00964990182360465

AL interation 2389/4801.

mae: 0.12124383264408602
max_error: 0.6331995876105427
variance: 0.009669005027983825

AL interation 2390/4801.

mae: 0.12127033290196926
max_error: 0.6317145832506625
variance: 0.009673703173249011

AL interation 2391/4801.

mae: 0.12128119514979026
max_error: 0.6318272603374133
variance: 0.00968318355764945

AL interation 2392/4801.

mae: 0.12116331537393603
max_error: 0.6323679796077926
variance: 0.009663581285462842

AL interation 2393/4801.

mae: 0.12117603254671871
max_error: 0.6313725787758493
variance: 0.009664409429212293

AL interation 2394/4801.

mae: 0.12127455645789159
max_error: 0.6379881890244992
variance: 0.009652125687068117

AL interation 2395/4801.

mae: 0.12116823471711545
max_error: 0.6418004987021604
variance: 0.009674524314818992

AL interation 2396/4801.

mae: 0.12110203493169001
max_error: 0.6517210098142172
variance: 0.00969571598626592

AL interation 2397/4801.

mae: 0.12107148462534
max_error: 0.6533595440799385
variance: 0.009682701454163872

AL interation 2398/4801.

mae: 0.1210739146938317
max_error: 0.6532753917344252
variance: 0.009682362428877798

AL interation 2399/4801.

mae: 0.12113591211805823
max_error: 0.6526836720324338
variance: 0.009664774128808288

AL interation 2400/4801.

mae: 0.12113780809509672
max_error: 0.6525054410764417
variance: 0.009663157912084577

AL interation 2401/4801.

mae: 0.12113039163512292
max_error: 0.6519650037703517
variance: 0.009660041599522072

AL interation 2402/4801.

mae: 0.12100762238159085
max_error: 0.6520175245745676
variance: 0.009646498870661584

AL interation 2403/4801.

mae: 0.12074373151794995
max_error: 0.6529877878303498
variance: 0.009609130081150002

AL interation 2404/4801.

mae: 0.12074177151784908
max_error: 0.6530910485565622
variance: 0.009614339779142599

AL interation 2405/4801.

mae: 0.12074003276669695
max_error: 0.6528599707518108
variance: 0.009614005491576752

AL interation 2406/4801.

mae: 0.12076878944207128
max_error: 0.6523216652468147
variance: 0.009621093063664564

AL interation 2407/4801.

mae: 0.12080623456990444
max_error: 0.6519529090408325
variance: 0.00962904011675307

AL interation 2408/4801.

mae: 0.1205721853601805
max_error: 0.6502340397785895
variance: 0.00964683879113428

AL interation 2409/4801.

mae: 0.12056966495721955
max_error: 0.6503879337929916
variance: 0.009646945004974105

AL interation 2410/4801.

mae: 0.12061992531849923
max_error: 0.6511279622559778
variance: 0.009655824036881783

AL interation 2411/4801.

mae: 0.12063371086629489
max_error: 0.6518022901442979
variance: 0.009670007214634619

AL interation 2412/4801.

mae: 0.12065313514392438
max_error: 0.6518217679488876
variance: 0.009670415283776941

AL interation 2413/4801.

mae: 0.120671782879895
max_error: 0.6511955206164872
variance: 0.009661130837445294

AL interation 2414/4801.

mae: 0.12072368538428642
max_error: 0.6515861825252713
variance: 0.009668771929284045

AL interation 2415/4801.

mae: 0.12071781153342565
max_error: 0.6515091933603578
variance: 0.009669001638453977

AL interation 2416/4801.

mae: 0.1207156958907187
max_error: 0.6512680063462124
variance: 0.00966814295556234

AL interation 2417/4801.

mae: 0.12071781970138645
max_error: 0.6515789738347761
variance: 0.009662571733153503

AL interation 2418/4801.

mae: 0.12073266773734714
max_error: 0.650401137284268
variance: 0.009678189207908982

AL interation 2419/4801.

mae: 0.12079011383312274
max_error: 0.6465082275490603
variance: 0.009663748057227587

AL interation 2420/4801.

mae: 0.12080593711323168
max_error: 0.6471799926630553
variance: 0.009657523218416179

AL interation 2421/4801.

mae: 0.12071784397564961
max_error: 0.6468609249439616
variance: 0.009650163125848956

AL interation 2422/4801.

mae: 0.12066919096691299
max_error: 0.6476989616689162
variance: 0.009644237893109696

AL interation 2423/4801.

mae: 0.12065178393793648
max_error: 0.6483262010282438
variance: 0.009646277533976916

AL interation 2424/4801.

mae: 0.12070531178637652
max_error: 0.6475949036998383
variance: 0.009654948083996844

AL interation 2425/4801.

mae: 0.12072875932342751
max_error: 0.6470635217656309
variance: 0.009655123757220784

AL interation 2426/4801.

mae: 0.12071720648892875
max_error: 0.6446584541616538
variance: 0.00963293545076693

AL interation 2427/4801.

mae: 0.12071278865432995
max_error: 0.6443019726336248
variance: 0.009633495313231858

AL interation 2428/4801.

mae: 0.12070761001577757
max_error: 0.644298369985659
variance: 0.009632249248632437

AL interation 2429/4801.

mae: 0.1206752070631388
max_error: 0.6437230586841212
variance: 0.009613880404979623

AL interation 2430/4801.

mae: 0.12072807100595583
max_error: 0.6432752882269623
variance: 0.00962005970030347

AL interation 2431/4801.

mae: 0.12087283619058999
max_error: 0.6429607995851416
variance: 0.009606708742234505

AL interation 2432/4801.

mae: 0.12086155215259542
max_error: 0.6442745955819058
variance: 0.009609474779690812

AL interation 2433/4801.

mae: 0.1208682588666899
max_error: 0.6440259143756446
variance: 0.009615285003780748

AL interation 2434/4801.

mae: 0.12086446380957626
max_error: 0.6448810316555349
variance: 0.009615211267696992

AL interation 2435/4801.

mae: 0.1208929651372505
max_error: 0.6442936750787336
variance: 0.009616328242664222

AL interation 2436/4801.

mae: 0.12089092399002155
max_error: 0.6444058561449415
variance: 0.009616728139966826

AL interation 2437/4801.

mae: 0.12088063363506144
max_error: 0.6443257617635503
variance: 0.009610563423466634

AL interation 2438/4801.

mae: 0.12088150391820991
max_error: 0.6443229708494496
variance: 0.009611057910130866

AL interation 2439/4801.

mae: 0.12088337460818234
max_error: 0.6443995525807722
variance: 0.009612935108405782

AL interation 2440/4801.

mae: 0.1208913002852673
max_error: 0.6428179458329133
variance: 0.009627230928588288

AL interation 2441/4801.

mae: 0.12091623822564206
max_error: 0.6426274583003302
variance: 0.009629213259919717

AL interation 2442/4801.

mae: 0.12093693642913601
max_error: 0.6421841193826046
variance: 0.009625601101089216

AL interation 2443/4801.

mae: 0.12086095260322433
max_error: 0.643347322818701
variance: 0.009636003616342757

AL interation 2444/4801.

mae: 0.1208207133513533
max_error: 0.6455376020529293
variance: 0.009633997548573713

AL interation 2445/4801.

mae: 0.12080203481182601
max_error: 0.6445042317191794
variance: 0.009633047989989452

AL interation 2446/4801.

mae: 0.12083322152321872
max_error: 0.6515260226616517
variance: 0.009659953367504453

AL interation 2447/4801.

mae: 0.12082805560816992
max_error: 0.6516675174647242
variance: 0.009659883735860375

AL interation 2448/4801.

mae: 0.12082639523110171
max_error: 0.6439798223082791
variance: 0.009664367051134838

AL interation 2449/4801.

mae: 0.12083463387541987
max_error: 0.6432103291698184
variance: 0.00966648739204214

AL interation 2450/4801.

mae: 0.12084055372802774
max_error: 0.6431056206944525
variance: 0.009667849823604887

AL interation 2451/4801.

mae: 0.12086364460917894
max_error: 0.6438803526925021
variance: 0.00966926212818687

AL interation 2452/4801.

mae: 0.12085205655970037
max_error: 0.643899064575078
variance: 0.009672130453814497

AL interation 2453/4801.

mae: 0.12088514864574856
max_error: 0.6409941170350173
variance: 0.00967077558261492

AL interation 2454/4801.

mae: 0.12090070538850985
max_error: 0.6406555579951982
variance: 0.009669430051069112

AL interation 2455/4801.

mae: 0.12092788896396726
max_error: 0.6394764554273085
variance: 0.009672271610213739

AL interation 2456/4801.

mae: 0.12092694783127919
max_error: 0.6368835218638935
variance: 0.009667891370863615

AL interation 2457/4801.

mae: 0.12097913768581876
max_error: 0.6385684197409232
variance: 0.009675021859829082

AL interation 2458/4801.

mae: 0.1210523523148238
max_error: 0.6383063635049862
variance: 0.009666442320318634

AL interation 2459/4801.

mae: 0.12104040930872352
max_error: 0.6366058408193034
variance: 0.009661047938050104

AL interation 2460/4801.

mae: 0.12109753487546371
max_error: 0.6353034595495108
variance: 0.009653257595288345

AL interation 2461/4801.

mae: 0.12117337612644863
max_error: 0.6361818695593895
variance: 0.009659141837745593

AL interation 2462/4801.

mae: 0.1211357087232642
max_error: 0.6364420168191982
variance: 0.009658003756596818

AL interation 2463/4801.

mae: 0.12099835769434515
max_error: 0.6453182348441491
variance: 0.009671736771752839

AL interation 2464/4801.

mae: 0.1210195515582546
max_error: 0.6471150730739366
variance: 0.00966543070605274

AL interation 2465/4801.

mae: 0.12094382521489781
max_error: 0.6492648236947538
variance: 0.00965063043234418

AL interation 2466/4801.

mae: 0.12096795922964865
max_error: 0.6473545979103372
variance: 0.009660852069144339

AL interation 2467/4801.

mae: 0.1209728515297559
max_error: 0.6473022514746001
variance: 0.009659187999636762

AL interation 2468/4801.

mae: 0.12093468378039168
max_error: 0.6463998036249539
variance: 0.009648992757371327

AL interation 2469/4801.

mae: 0.12091994354435576
max_error: 0.6461341631381377
variance: 0.009634288583910584

AL interation 2470/4801.

mae: 0.12099577098457025
max_error: 0.6473435576776803
variance: 0.009640480389704083

AL interation 2471/4801.

mae: 0.12101463892773132
max_error: 0.6483105923323818
variance: 0.009632069075391273

AL interation 2472/4801.

mae: 0.12093936619179675
max_error: 0.6468851718336923
variance: 0.009635051265275696

AL interation 2473/4801.

mae: 0.12093544430592786
max_error: 0.6508485565988487
variance: 0.009635647603170797

AL interation 2474/4801.

mae: 0.12091681053491368
max_error: 0.6517260887108538
variance: 0.009630609216419754

AL interation 2475/4801.

mae: 0.12092063151601229
max_error: 0.6523636749072086
variance: 0.009631261683056428

AL interation 2476/4801.

mae: 0.12091770946060106
max_error: 0.6524178969055683
variance: 0.009629127545059075

AL interation 2477/4801.

mae: 0.12091202455247009
max_error: 0.6524239274750361
variance: 0.009634091042437435

AL interation 2478/4801.

mae: 0.12087587472085645
max_error: 0.6480162512609482
variance: 0.009631253355633298

AL interation 2479/4801.

mae: 0.12085707588488649
max_error: 0.6474302821841444
variance: 0.009632268987481285

AL interation 2480/4801.

mae: 0.12085768316824043
max_error: 0.6466087351677476
variance: 0.009638341271829455

AL interation 2481/4801.

mae: 0.12078900028001585
max_error: 0.6457855081333133
variance: 0.009630877021608473

AL interation 2482/4801.

mae: 0.12071789394164786
max_error: 0.6457066205596877
variance: 0.009630120199340212

AL interation 2483/4801.

mae: 0.12080639535994307
max_error: 0.6459739528283777
variance: 0.009630833869363866

AL interation 2484/4801.

mae: 0.12076179817208134
max_error: 0.6438804851336677
variance: 0.009625287013186387

AL interation 2485/4801.

mae: 0.12076458585602382
max_error: 0.6427394919583946
variance: 0.009617344980692973

AL interation 2486/4801.

mae: 0.12073085237432742
max_error: 0.6432570904560073
variance: 0.00960179462237658

AL interation 2487/4801.

mae: 0.12071538005888881
max_error: 0.6430600692902537
variance: 0.009603357147324774

AL interation 2488/4801.

mae: 0.12049606199592781
max_error: 0.6468799948742348
variance: 0.009579181943307334

AL interation 2489/4801.

mae: 0.12047625128918361
max_error: 0.6454971404319849
variance: 0.00956620714840448

AL interation 2490/4801.

mae: 0.12049985911972863
max_error: 0.6369390293371691
variance: 0.009564295478367289

AL interation 2491/4801.

mae: 0.12045006091519579
max_error: 0.6368150372995665
variance: 0.00957184326462858

AL interation 2492/4801.

mae: 0.12050865997508449
max_error: 0.6357611873477111
variance: 0.009567990972436448

AL interation 2493/4801.

mae: 0.12037379658171131
max_error: 0.6360786821811288
variance: 0.009564976555500225

AL interation 2494/4801.

mae: 0.12037412585729584
max_error: 0.6360930645008676
variance: 0.009564980400474902

AL interation 2495/4801.

mae: 0.12036553899386965
max_error: 0.6365198009170303
variance: 0.009563512081196544

AL interation 2496/4801.

mae: 0.12030455273853449
max_error: 0.6370435137499371
variance: 0.009553191103292537

AL interation 2497/4801.

mae: 0.12013883501965462
max_error: 0.6392484660094055
variance: 0.009523809504023794

AL interation 2498/4801.

mae: 0.12017332615027235
max_error: 0.6392436834322304
variance: 0.009522354631994873

AL interation 2499/4801.

mae: 0.12013525736817286
max_error: 0.6334248031627698
variance: 0.009523033168658643

AL interation 2500/4801.

mae: 0.12012416089147294
max_error: 0.6338533971713041
variance: 0.009520197762941973

AL interation 2501/4801.

mae: 0.12016057428638309
max_error: 0.6340357453781778
variance: 0.009522448530842463

AL interation 2502/4801.

mae: 0.12012042108821563
max_error: 0.6342767431437917
variance: 0.0095236876672602

AL interation 2503/4801.

mae: 0.12011792503000539
max_error: 0.6342754728787927
variance: 0.009523493950209986

AL interation 2504/4801.

mae: 0.12010633830988798
max_error: 0.6339988447019778
variance: 0.0095202388328161

AL interation 2505/4801.

mae: 0.12010658441904475
max_error: 0.6339936168340312
variance: 0.009520239902629714

AL interation 2506/4801.

mae: 0.12011900123767963
max_error: 0.6341356728072842
variance: 0.00951599650839715

AL interation 2507/4801.

mae: 0.12006890356034788
max_error: 0.6341896714822006
variance: 0.009509310738855295

AL interation 2508/4801.

mae: 0.12013634731704101
max_error: 0.6343363375001427
variance: 0.009510423280293617

AL interation 2509/4801.

mae: 0.12013226566876363
max_error: 0.6358743103215208
variance: 0.009513721349815787

AL interation 2510/4801.

mae: 0.1201327704157823
max_error: 0.6358719965062019
variance: 0.009513748868248703

AL interation 2511/4801.

mae: 0.12015926976281717
max_error: 0.6360805331038506
variance: 0.009518937941401238

AL interation 2512/4801.

mae: 0.12007603563758794
max_error: 0.634709064370206
variance: 0.009512571552388972

AL interation 2513/4801.

mae: 0.12004210439224802
max_error: 0.6350300800527826
variance: 0.009518740195936617

AL interation 2514/4801.

mae: 0.11997921366440954
max_error: 0.6347185043436578
variance: 0.009530045482406602

AL interation 2515/4801.

mae: 0.1199879890073299
max_error: 0.6355081012389885
variance: 0.009526009740032277

AL interation 2516/4801.

mae: 0.11988557716745282
max_error: 0.6356501536573997
variance: 0.009516820848839836

AL interation 2517/4801.

mae: 0.11988339694135476
max_error: 0.6356628087644793
variance: 0.009510273195726143

AL interation 2518/4801.

mae: 0.11987359492461337
max_error: 0.635594006331397
variance: 0.00951220467621135

AL interation 2519/4801.

mae: 0.11986967056500215
max_error: 0.6352887474764497
variance: 0.009511198409695418

AL interation 2520/4801.

mae: 0.119850915116015
max_error: 0.6344301873644973
variance: 0.009518194939124484

AL interation 2521/4801.

mae: 0.11986078891553359
max_error: 0.6344548202816362
variance: 0.009519043882688854

AL interation 2522/4801.

mae: 0.11984304311251723
max_error: 0.6336446155604687
variance: 0.00951189383535856

AL interation 2523/4801.

mae: 0.11984372306555767
max_error: 0.631306549752205
variance: 0.00950710604069587

AL interation 2524/4801.

mae: 0.11977483029327954
max_error: 0.6310539566193469
variance: 0.009495099059013232

AL interation 2525/4801.

mae: 0.11976020766005534
max_error: 0.6303187709788745
variance: 0.009485455854949846

AL interation 2526/4801.

mae: 0.11977245830615217
max_error: 0.6214076960355097
variance: 0.009524160670960569

AL interation 2527/4801.

mae: 0.11977131284574827
max_error: 0.6215382035230128
variance: 0.009523766809910367

AL interation 2528/4801.

mae: 0.11976999046370805
max_error: 0.6220425698720202
variance: 0.009520540358277702

AL interation 2529/4801.

mae: 0.11982157583003386
max_error: 0.6229176494539708
variance: 0.009514271319361329

AL interation 2530/4801.

mae: 0.11980868844318056
max_error: 0.6206877290270523
variance: 0.009506285090467794

AL interation 2531/4801.

mae: 0.11980944497809388
max_error: 0.6206430984135274
variance: 0.00950245873583454

AL interation 2532/4801.

mae: 0.11990180654366163
max_error: 0.6228342956099127
variance: 0.009511173965344939

AL interation 2533/4801.

mae: 0.11994634992671115
max_error: 0.6217743791332921
variance: 0.009518343623733619

AL interation 2534/4801.

mae: 0.11994637909990359
max_error: 0.6217687587357261
variance: 0.009518337684757619

AL interation 2535/4801.

mae: 0.11994446434984218
max_error: 0.6223757561448586
variance: 0.009523764232256942

AL interation 2536/4801.

mae: 0.11997277284162135
max_error: 0.6227831234460268
variance: 0.009516654642129332

AL interation 2537/4801.

mae: 0.11981755320073235
max_error: 0.619372339466433
variance: 0.009501363121739274

AL interation 2538/4801.

mae: 0.1197960362252662
max_error: 0.6191515827824032
variance: 0.009493351916696445

AL interation 2539/4801.

mae: 0.11976084995392722
max_error: 0.6186380111873238
variance: 0.00951678564370892

AL interation 2540/4801.

mae: 0.11978893378251153
max_error: 0.6200635428400236
variance: 0.009508737001393002

AL interation 2541/4801.

mae: 0.11982307043552956
max_error: 0.6196250979954367
variance: 0.009501444545161499

AL interation 2542/4801.

mae: 0.11982340305684677
max_error: 0.6200675512065708
variance: 0.009509863398340025

AL interation 2543/4801.

mae: 0.11982383597945315
max_error: 0.6200388926515643
variance: 0.00951018113152129

AL interation 2544/4801.

mae: 0.11979547442511833
max_error: 0.6208541013430757
variance: 0.009514103879389425

AL interation 2545/4801.

mae: 0.11978923146825547
max_error: 0.6209105953996588
variance: 0.009513079045942896

AL interation 2546/4801.

mae: 0.1198345456070098
max_error: 0.6211879297009171
variance: 0.009521556791351376

AL interation 2547/4801.

mae: 0.11983752240831388
max_error: 0.6212218456848158
variance: 0.009521495312760038

AL interation 2548/4801.

mae: 0.1197760729899255
max_error: 0.6209986347617242
variance: 0.00951387863989013

AL interation 2549/4801.

mae: 0.11971755390801528
max_error: 0.621095745385948
variance: 0.009512533680323414

AL interation 2550/4801.

mae: 0.11969132656100066
max_error: 0.6209708420384485
variance: 0.009507206832637326

AL interation 2551/4801.

mae: 0.11972116804996838
max_error: 0.6202863228619666
variance: 0.009512516560588482

AL interation 2552/4801.

mae: 0.1197358828873291
max_error: 0.6195264883179021
variance: 0.009510068119342093

AL interation 2553/4801.

mae: 0.11966621345554265
max_error: 0.6187775815010692
variance: 0.009512918317894971

AL interation 2554/4801.

mae: 0.11960787643408684
max_error: 0.6181067655635593
variance: 0.009498055163794752

AL interation 2555/4801.

mae: 0.1196477808494143
max_error: 0.6181092932988808
variance: 0.009502361662439654

AL interation 2556/4801.

mae: 0.11966775285476763
max_error: 0.6207686114696003
variance: 0.009511013616541594

AL interation 2557/4801.

mae: 0.11965488644728511
max_error: 0.6231892763936404
variance: 0.009519966151717596

AL interation 2558/4801.

mae: 0.11966098935185909
max_error: 0.6238676550289348
variance: 0.009520052124304517

AL interation 2559/4801.

mae: 0.11977371262618036
max_error: 0.6268689928484878
variance: 0.009569972302024773

AL interation 2560/4801.

mae: 0.11977355707031506
max_error: 0.6274103223786156
variance: 0.0095543667230224

AL interation 2561/4801.

mae: 0.11978393675248225
max_error: 0.6275262964253328
variance: 0.009555857681911924

AL interation 2562/4801.

mae: 0.11971418260221492
max_error: 0.626745365318965
variance: 0.009541413907563794

AL interation 2563/4801.

mae: 0.11972100829922183
max_error: 0.6265960272551849
variance: 0.00953733783804777

AL interation 2564/4801.

mae: 0.11972901169393538
max_error: 0.6267570650534848
variance: 0.009539435095784593

AL interation 2565/4801.

mae: 0.11972434843445011
max_error: 0.6267187691061986
variance: 0.009540227989241912

AL interation 2566/4801.

mae: 0.1197486687481402
max_error: 0.6263920501555384
variance: 0.009512953175506487

AL interation 2567/4801.

mae: 0.11973693117035898
max_error: 0.626041856073698
variance: 0.009509368626110248

AL interation 2568/4801.

mae: 0.11975376353699946
max_error: 0.6255534134818426
variance: 0.009514286208928859

AL interation 2569/4801.

mae: 0.11974554229505355
max_error: 0.6259936866222562
variance: 0.00951886241310695

AL interation 2570/4801.

mae: 0.1195716454071569
max_error: 0.6247779913553044
variance: 0.009506732137568804

AL interation 2571/4801.

mae: 0.11957890198689435
max_error: 0.6248984584982678
variance: 0.00950573585131773

AL interation 2572/4801.

mae: 0.11953894502702522
max_error: 0.6245347647753752
variance: 0.009484498345976682

AL interation 2573/4801.

mae: 0.11945443282682863
max_error: 0.6246683940063997
variance: 0.009500905031847995

AL interation 2574/4801.

mae: 0.11940082812340147
max_error: 0.6240568295080093
variance: 0.009476376193366295

AL interation 2575/4801.

mae: 0.11937510293043176
max_error: 0.625934704427662
variance: 0.009480221422699614

AL interation 2576/4801.

mae: 0.11938205762313682
max_error: 0.6270406673603892
variance: 0.009493486411666835

AL interation 2577/4801.

mae: 0.11940484035758286
max_error: 0.6269965608589079
variance: 0.00949045490323375

AL interation 2578/4801.

mae: 0.11939124314353486
max_error: 0.625730880470643
variance: 0.009485810760505515

AL interation 2579/4801.

mae: 0.11937317428940708
max_error: 0.6236641549807214
variance: 0.009477714229043796

AL interation 2580/4801.

mae: 0.11936750828837948
max_error: 0.6235377685239323
variance: 0.009481043930314084

AL interation 2581/4801.

mae: 0.119251299908337
max_error: 0.6248820271239461
variance: 0.009465289613407233

AL interation 2582/4801.

mae: 0.119244754166233
max_error: 0.6269874218612461
variance: 0.009432955962997081

AL interation 2583/4801.

mae: 0.11922425980280225
max_error: 0.6273901255649399
variance: 0.0094362102049682

AL interation 2584/4801.

mae: 0.11922337337673947
max_error: 0.627271887780724
variance: 0.009435889933408608

AL interation 2585/4801.

mae: 0.11902855084329744
max_error: 0.6208673113452781
variance: 0.00942536909695617

AL interation 2586/4801.

mae: 0.11901959713998846
max_error: 0.6211129389875012
variance: 0.00942785701976852

AL interation 2587/4801.

mae: 0.11903257789402989
max_error: 0.6207554525699805
variance: 0.009411071523314902

AL interation 2588/4801.

mae: 0.1188896326862922
max_error: 0.6181963113655806
variance: 0.009380554821764866

AL interation 2589/4801.

mae: 0.11876715140563776
max_error: 0.6217778009935238
variance: 0.009355391768394264

AL interation 2590/4801.

mae: 0.11867945189006653
max_error: 0.6173888770745224
variance: 0.009350531930509358

AL interation 2591/4801.

mae: 0.11866779145523597
max_error: 0.6174472701787534
variance: 0.009351565407749302

AL interation 2592/4801.

mae: 0.11868031459455569
max_error: 0.6172531683062044
variance: 0.00935189356621097

AL interation 2593/4801.

mae: 0.11867512077206407
max_error: 0.616399625642309
variance: 0.009353647692467448

AL interation 2594/4801.

mae: 0.11868782567172298
max_error: 0.6173164775465372
variance: 0.009348997771334761

AL interation 2595/4801.

mae: 0.11871895437302016
max_error: 0.6180078268163429
variance: 0.009351046865425818

AL interation 2596/4801.

mae: 0.11870063481869574
max_error: 0.6182842042244276
variance: 0.009346529955116211

AL interation 2597/4801.

mae: 0.11860965807718052
max_error: 0.6188367379288939
variance: 0.009324320810235246

AL interation 2598/4801.

mae: 0.11862211877547069
max_error: 0.6196932782637097
variance: 0.009331855637875357

AL interation 2599/4801.

mae: 0.11857756174476822
max_error: 0.6198727118047929
variance: 0.009333598405167084

AL interation 2600/4801.

mae: 0.1185828028075289
max_error: 0.6198604941442714
variance: 0.009331436829032412

AL interation 2601/4801.

mae: 0.11858446556491184
max_error: 0.6197698849513014
variance: 0.009329681628316698

AL interation 2602/4801.

mae: 0.1186122298551225
max_error: 0.617481494836257
variance: 0.009344064271391258

AL interation 2603/4801.

mae: 0.11863634478159757
max_error: 0.6182896301944494
variance: 0.009338476139684157

AL interation 2604/4801.

mae: 0.11851177535440548
max_error: 0.6167989707554051
variance: 0.009337414137922422

AL interation 2605/4801.

mae: 0.11845603739916226
max_error: 0.6160243049888976
variance: 0.009328972660893142

AL interation 2606/4801.

mae: 0.11848372012620206
max_error: 0.6154221734684633
variance: 0.009329145467516774

AL interation 2607/4801.

mae: 0.11848106613338387
max_error: 0.6154114153075785
variance: 0.00932569663637736

AL interation 2608/4801.

mae: 0.11847811160225712
max_error: 0.6153146324238552
variance: 0.009325147106312168

AL interation 2609/4801.

mae: 0.11847918470828135
max_error: 0.6153832770993786
variance: 0.009325717156316965

AL interation 2610/4801.

mae: 0.1184845657478442
max_error: 0.6154631128714154
variance: 0.009328185008637739

AL interation 2611/4801.

mae: 0.11840001705525387
max_error: 0.6191094847757261
variance: 0.009338205809417915

AL interation 2612/4801.

mae: 0.11842778385402394
max_error: 0.619182569281902
variance: 0.009339552717652454

AL interation 2613/4801.

mae: 0.11838127119868565
max_error: 0.621629994789088
variance: 0.009342917291936205

AL interation 2614/4801.

mae: 0.11841236892273532
max_error: 0.6212767390680032
variance: 0.009343598735334508

AL interation 2615/4801.

mae: 0.11838101619136493
max_error: 0.620955505960266
variance: 0.009342588401904744

AL interation 2616/4801.

mae: 0.11838308668126449
max_error: 0.6203457758838127
variance: 0.009341702237443347

AL interation 2617/4801.

mae: 0.11838078679453388
max_error: 0.6028398875734524
variance: 0.009327160222303201

AL interation 2618/4801.

mae: 0.11839848620999728
max_error: 0.6026186847803467
variance: 0.009326715172265387

AL interation 2619/4801.

mae: 0.11840299297627208
max_error: 0.6028457063277246
variance: 0.00932834938943593

AL interation 2620/4801.

mae: 0.11841990820824515
max_error: 0.6020081303369054
variance: 0.009327437798184625

AL interation 2621/4801.

mae: 0.11840993263013763
max_error: 0.600552433478855
variance: 0.009327190249904468

AL interation 2622/4801.

mae: 0.11839307081000443
max_error: 0.602544262408399
variance: 0.009325463819563295

AL interation 2623/4801.

mae: 0.11839854794592723
max_error: 0.6023969170435075
variance: 0.009324369124690503

AL interation 2624/4801.

mae: 0.11839819296386042
max_error: 0.6031419002806118
variance: 0.009330990654417462

AL interation 2625/4801.

mae: 0.11840422185358301
max_error: 0.603720468051975
variance: 0.00933001963045877

AL interation 2626/4801.

mae: 0.11837280004393091
max_error: 0.6042400795642999
variance: 0.009325091318963223

AL interation 2627/4801.

mae: 0.11838892893797794
max_error: 0.6035649278075752
variance: 0.009328656646273028

AL interation 2628/4801.

mae: 0.11839453840557712
max_error: 0.6038329775380564
variance: 0.009328422931011656

AL interation 2629/4801.

mae: 0.11836666133060177
max_error: 0.6046551833024285
variance: 0.00932298242945901

AL interation 2630/4801.

mae: 0.11822904785987484
max_error: 0.6020859591448744
variance: 0.00929331194484111

AL interation 2631/4801.

mae: 0.11826667590975917
max_error: 0.602162773903685
variance: 0.00930647579164156

AL interation 2632/4801.

mae: 0.11818632413260742
max_error: 0.59825831152554
variance: 0.009289709438056213

AL interation 2633/4801.

mae: 0.11823930408809241
max_error: 0.5995725103901322
variance: 0.009277856717804064

AL interation 2634/4801.

mae: 0.1182459754601494
max_error: 0.6075144742335219
variance: 0.009285393684204855

AL interation 2635/4801.

mae: 0.11821183228288118
max_error: 0.6089925150059958
variance: 0.00928352840460701

AL interation 2636/4801.

mae: 0.11821095599348781
max_error: 0.6089992428281192
variance: 0.009283521987342263

AL interation 2637/4801.

mae: 0.11816676702325386
max_error: 0.6100145161238553
variance: 0.009280794772009536

AL interation 2638/4801.

mae: 0.11816591797091462
max_error: 0.6098618788466856
variance: 0.009275871824593353

AL interation 2639/4801.

mae: 0.1181316729428726
max_error: 0.6104219976279337
variance: 0.009270028372271588

AL interation 2640/4801.

mae: 0.1181679112348181
max_error: 0.6103336226025604
variance: 0.009274569473000106

AL interation 2641/4801.

mae: 0.11811413969417271
max_error: 0.6084756673828018
variance: 0.009271818001804906

AL interation 2642/4801.

mae: 0.11808498833939642
max_error: 0.6081215246529394
variance: 0.009271963266887609

AL interation 2643/4801.

mae: 0.11803469358531707
max_error: 0.6068328419113103
variance: 0.009280144387603472

AL interation 2644/4801.

mae: 0.11801559217664233
max_error: 0.6058223864443173
variance: 0.009285515039047183

AL interation 2645/4801.

mae: 0.11805445451364224
max_error: 0.6069165721444678
variance: 0.009290259355371797

AL interation 2646/4801.

mae: 0.11804649934455473
max_error: 0.6069331258201895
variance: 0.00929031784466647

AL interation 2647/4801.

mae: 0.11800812269680654
max_error: 0.6062693753018049
variance: 0.009298645206231328

AL interation 2648/4801.

mae: 0.11803470103193187
max_error: 0.6073475943928921
variance: 0.00928948983453042

AL interation 2649/4801.

mae: 0.11802770819523835
max_error: 0.6074676602912765
variance: 0.009290109524110118

AL interation 2650/4801.

mae: 0.11801142551368088
max_error: 0.6075474626469806
variance: 0.009288194158434996

AL interation 2651/4801.

mae: 0.11804890812032355
max_error: 0.6085171856059155
variance: 0.009285292398963389

AL interation 2652/4801.

mae: 0.11804582097374378
max_error: 0.60883666535124
variance: 0.009281491910137121

AL interation 2653/4801.

mae: 0.11787745141696292
max_error: 0.6073588057309207
variance: 0.009276868014460794

AL interation 2654/4801.

mae: 0.11788564586157409
max_error: 0.6085159661674799
variance: 0.009278830090435385

AL interation 2655/4801.

mae: 0.11788247609447204
max_error: 0.6085194569381249
variance: 0.009277989046986162

AL interation 2656/4801.

mae: 0.11788384308616509
max_error: 0.6060641493845083
variance: 0.009279889854397172

AL interation 2657/4801.

mae: 0.11782363566658248
max_error: 0.608141518182987
variance: 0.009235375734194915

AL interation 2658/4801.

mae: 0.11780289759564141
max_error: 0.6080567318923151
variance: 0.009236243759345083

AL interation 2659/4801.

mae: 0.11771997398684106
max_error: 0.6081899752297559
variance: 0.009227077090622678

AL interation 2660/4801.

mae: 0.11782262305580855
max_error: 0.6077848941215382
variance: 0.00923523685157131

AL interation 2661/4801.

mae: 0.11759133510521064
max_error: 0.5975723179828814
variance: 0.009206119461133432

AL interation 2662/4801.

mae: 0.11758159224797753
max_error: 0.5932095533820121
variance: 0.009221967127776141

AL interation 2663/4801.

mae: 0.11758202666653504
max_error: 0.5932192707348971
variance: 0.009222037958561764

AL interation 2664/4801.

mae: 0.11754697446432939
max_error: 0.5930059158131904
variance: 0.00921795963992763

AL interation 2665/4801.

mae: 0.11750265139743894
max_error: 0.5930274606270887
variance: 0.009218805349581865

AL interation 2666/4801.

mae: 0.11749089187352449
max_error: 0.5987527680058111
variance: 0.009226664616775586

AL interation 2667/4801.

mae: 0.11756575728875344
max_error: 0.5969492944480841
variance: 0.009207342508359383

AL interation 2668/4801.

mae: 0.11753105020034402
max_error: 0.5983762545295424
variance: 0.009205455347634058

AL interation 2669/4801.

mae: 0.11751027979419565
max_error: 0.5983450393320613
variance: 0.009203415447995763

AL interation 2670/4801.

mae: 0.11750967556973499
max_error: 0.5983399804175988
variance: 0.009203296883492192

AL interation 2671/4801.

mae: 0.1175918797813726
max_error: 0.5989153745242017
variance: 0.009224520804422735

AL interation 2672/4801.

mae: 0.11761941059992514
max_error: 0.5988977319358932
variance: 0.009216589846328324

AL interation 2673/4801.

mae: 0.11757802971346876
max_error: 0.5996802653916262
variance: 0.009217154644085098

AL interation 2674/4801.

mae: 0.11754035839690334
max_error: 0.6003993797065004
variance: 0.00922646771693743

AL interation 2675/4801.

mae: 0.1175233578072376
max_error: 0.5986809312375074
variance: 0.009220210599180632

AL interation 2676/4801.

mae: 0.11746249302722112
max_error: 0.596034514708732
variance: 0.009202419039506048

AL interation 2677/4801.

mae: 0.11745840824561546
max_error: 0.5964399309602584
variance: 0.009204891027581543

AL interation 2678/4801.

mae: 0.11744607392882014
max_error: 0.5972343448986956
variance: 0.009208866542239446

AL interation 2679/4801.

mae: 0.11745993303036938
max_error: 0.5971735225563233
variance: 0.009209841658830879

AL interation 2680/4801.

mae: 0.11738307812895189
max_error: 0.5972681954414458
variance: 0.009204759241579824

AL interation 2681/4801.

mae: 0.11729646332734707
max_error: 0.593136011468693
variance: 0.009197994441601751

AL interation 2682/4801.

mae: 0.11718048399417355
max_error: 0.5938318835586287
variance: 0.009165190568396443

AL interation 2683/4801.

mae: 0.11718201802619621
max_error: 0.5938108162787197
variance: 0.009165156763302564

AL interation 2684/4801.

mae: 0.11724743123353852
max_error: 0.5938162140162753
variance: 0.00915671456088254

AL interation 2685/4801.

mae: 0.11725809565468319
max_error: 0.5939977923181576
variance: 0.009159070412505682

AL interation 2686/4801.

mae: 0.11727588075748278
max_error: 0.5938229389969862
variance: 0.009169870360240976

AL interation 2687/4801.

mae: 0.11722083534378047
max_error: 0.5916279055296201
variance: 0.009166452591890216

AL interation 2688/4801.

mae: 0.11722672266829318
max_error: 0.5909264889620749
variance: 0.009167230245608293

AL interation 2689/4801.

mae: 0.11720925651555636
max_error: 0.5913068258584993
variance: 0.009143776275780214

AL interation 2690/4801.

mae: 0.11718907292240036
max_error: 0.5856474192457197
variance: 0.009131566819755361

AL interation 2691/4801.

mae: 0.117062262615767
max_error: 0.5846645546172322
variance: 0.009125897320632398

AL interation 2692/4801.

mae: 0.11705342172216943
max_error: 0.5847806968712286
variance: 0.009126561665009575

AL interation 2693/4801.

mae: 0.1170737767915791
max_error: 0.5852566114289539
variance: 0.009127253333540256

AL interation 2694/4801.

mae: 0.11705954079395314
max_error: 0.5865870700216425
variance: 0.00912410289912942

AL interation 2695/4801.

mae: 0.11704463426741356
max_error: 0.5863622353709275
variance: 0.009119549784206623

AL interation 2696/4801.

mae: 0.11693266887903271
max_error: 0.5873105630231441
variance: 0.009097406115243673

AL interation 2697/4801.

mae: 0.11694306587376052
max_error: 0.5880700700714119
variance: 0.009103202352751909

AL interation 2698/4801.

mae: 0.11693439448154384
max_error: 0.5793004089832419
variance: 0.00910389814749224

AL interation 2699/4801.

mae: 0.1169081652740762
max_error: 0.5790797758481023
variance: 0.009112089858759585

AL interation 2700/4801.

mae: 0.11684211144704229
max_error: 0.5777884614625215
variance: 0.009113113276743216

AL interation 2701/4801.

mae: 0.1169117598245274
max_error: 0.5773642685395179
variance: 0.009119306469427792

AL interation 2702/4801.

mae: 0.11692223501303772
max_error: 0.576875404500373
variance: 0.009123336343966828

AL interation 2703/4801.

mae: 0.11693204311128087
max_error: 0.5779156964724201
variance: 0.009124956327971985

AL interation 2704/4801.

mae: 0.11692613799505834
max_error: 0.5779755209593116
variance: 0.009127848788686688

AL interation 2705/4801.

mae: 0.11690550042129681
max_error: 0.5781701545988396
variance: 0.00912305298887907

AL interation 2706/4801.

mae: 0.11689707176001804
max_error: 0.5782480934653984
variance: 0.009121457479791846

AL interation 2707/4801.

mae: 0.11688947892477987
max_error: 0.5802088735206485
variance: 0.009123565080047096

AL interation 2708/4801.

mae: 0.11689322101468387
max_error: 0.580210467934168
variance: 0.009124267335746294

AL interation 2709/4801.

mae: 0.11690267684067433
max_error: 0.5737529289432501
variance: 0.009114669867254116

AL interation 2710/4801.

mae: 0.11690175689816232
max_error: 0.5740884894165039
variance: 0.009113241182488586

AL interation 2711/4801.

mae: 0.11691613799384243
max_error: 0.5752530612591329
variance: 0.009113363618370444

AL interation 2712/4801.

mae: 0.11691326739561837
max_error: 0.5753430326209887
variance: 0.00911305846346447

AL interation 2713/4801.

mae: 0.11694426883273559
max_error: 0.5738533112129938
variance: 0.00911064180673092

AL interation 2714/4801.

mae: 0.1168422516151092
max_error: 0.5739418764835165
variance: 0.00910560541754353

AL interation 2715/4801.

mae: 0.116861846855676
max_error: 0.5762695894290446
variance: 0.009088022381048357

AL interation 2716/4801.

mae: 0.11686807471312192
max_error: 0.5756779510471208
variance: 0.009081645546712865

AL interation 2717/4801.

mae: 0.11689034092232001
max_error: 0.5752365639106527
variance: 0.009081831423252284

AL interation 2718/4801.

mae: 0.11678405044050191
max_error: 0.5735242730302121
variance: 0.009084612489098306

AL interation 2719/4801.

mae: 0.11679889224251254
max_error: 0.5735054725423567
variance: 0.00908423526801219

AL interation 2720/4801.

mae: 0.11673172198557125
max_error: 0.5736433527140141
variance: 0.00906902231667805

AL interation 2721/4801.

mae: 0.11671497814764079
max_error: 0.5741043171705988
variance: 0.009082739683553966

AL interation 2722/4801.

mae: 0.11671553867501579
max_error: 0.573877797338457
variance: 0.009082551104494107

AL interation 2723/4801.

mae: 0.11676793103468484
max_error: 0.5742928806038465
variance: 0.009081313154423079

AL interation 2724/4801.

mae: 0.11678399346518538
max_error: 0.5764303522545511
variance: 0.009081611865126257

AL interation 2725/4801.

mae: 0.1167956920071992
max_error: 0.5698584555543196
variance: 0.009091297838490069

AL interation 2726/4801.

mae: 0.11680803874073521
max_error: 0.5699695906040159
variance: 0.009091728357574137

AL interation 2727/4801.

mae: 0.11680482241344188
max_error: 0.5708919557205361
variance: 0.009100401577039976

AL interation 2728/4801.

mae: 0.11676291144484252
max_error: 0.572616172154941
variance: 0.009110134268165069

AL interation 2729/4801.

mae: 0.11683624396048528
max_error: 0.5746625761621313
variance: 0.009128039129375078

AL interation 2730/4801.

mae: 0.11679725833947091
max_error: 0.5737604149804794
variance: 0.009128102080923246

AL interation 2731/4801.

mae: 0.11679739034821893
max_error: 0.573615819396581
variance: 0.009127589336596657

AL interation 2732/4801.

mae: 0.11676095673648203
max_error: 0.5726607150852168
variance: 0.009135708188223552

AL interation 2733/4801.

mae: 0.11676098380339292
max_error: 0.572503414419467
variance: 0.009135605407131792

AL interation 2734/4801.

mae: 0.11675907725905384
max_error: 0.5727572011024611
variance: 0.009137427350898453

AL interation 2735/4801.

mae: 0.11672923411055067
max_error: 0.5762635619163476
variance: 0.009131888094140717

AL interation 2736/4801.

mae: 0.11674263509017065
max_error: 0.5760311354528094
variance: 0.009131329321125786

AL interation 2737/4801.

mae: 0.1167450526139107
max_error: 0.5766288816602376
variance: 0.009128321019715896

AL interation 2738/4801.

mae: 0.11678225410713686
max_error: 0.5734450430417057
variance: 0.00910756385843777

AL interation 2739/4801.

mae: 0.11678558414066302
max_error: 0.5737667082947606
variance: 0.00910762246597227

AL interation 2740/4801.

mae: 0.1168587685393747
max_error: 0.5737112872987455
variance: 0.009111206662428883

AL interation 2741/4801.

mae: 0.11686454030480174
max_error: 0.573835826128064
variance: 0.00911161053768451

AL interation 2742/4801.

mae: 0.11691554103619725
max_error: 0.5780719676993846
variance: 0.009116208219831255

AL interation 2743/4801.

mae: 0.11692035799177593
max_error: 0.5782450435004822
variance: 0.009115885864361548

AL interation 2744/4801.

mae: 0.11690217546894976
max_error: 0.5787048412883711
variance: 0.009112883403894479

AL interation 2745/4801.

mae: 0.11690608049341825
max_error: 0.5786797832852209
variance: 0.009115659385009668

AL interation 2746/4801.

mae: 0.11686491912434453
max_error: 0.5783865875624485
variance: 0.009112417806840458

AL interation 2747/4801.

mae: 0.11688727385293793
max_error: 0.5786664107373722
variance: 0.009113377862246653

AL interation 2748/4801.

mae: 0.11688922534133807
max_error: 0.5791238690896812
variance: 0.009113205346463722

AL interation 2749/4801.

mae: 0.1168892718273099
max_error: 0.5697508934802578
variance: 0.009087663079108726

AL interation 2750/4801.

mae: 0.11689078356523248
max_error: 0.5697546264534825
variance: 0.00908766604026255

AL interation 2751/4801.

mae: 0.1168868799226935
max_error: 0.5684509730964802
variance: 0.00908714511002553

AL interation 2752/4801.

mae: 0.11689197850619484
max_error: 0.5687157972678758
variance: 0.009091694726334112

AL interation 2753/4801.

mae: 0.11686948561212591
max_error: 0.5684321016086944
variance: 0.009091005034094662

AL interation 2754/4801.

mae: 0.11689536250333797
max_error: 0.567874777591447
variance: 0.009099322920021682

AL interation 2755/4801.

mae: 0.1168809444656655
max_error: 0.5681755683797132
variance: 0.009099413320731905

AL interation 2756/4801.

mae: 0.11684774795095965
max_error: 0.5673189007603412
variance: 0.009099033835942525

AL interation 2757/4801.

mae: 0.11694723864069041
max_error: 0.567992913982474
variance: 0.009107318725816235

AL interation 2758/4801.

mae: 0.1169670311453454
max_error: 0.5668127749859959
variance: 0.009109608295882032

AL interation 2759/4801.

mae: 0.11696544082370296
max_error: 0.5667124327403901
variance: 0.009110906235950525

AL interation 2760/4801.

mae: 0.116966674240067
max_error: 0.5664021521058622
variance: 0.009110093073499479

AL interation 2761/4801.

mae: 0.11693856275936507
max_error: 0.565913820785978
variance: 0.009104369588728298

AL interation 2762/4801.

mae: 0.11711700592043067
max_error: 0.5649919015641043
variance: 0.009097505642464797

AL interation 2763/4801.

mae: 0.11705812774175033
max_error: 0.5642878073964273
variance: 0.009108647074218735

AL interation 2764/4801.

mae: 0.11704964711931955
max_error: 0.5635576570517031
variance: 0.009109310159692153

AL interation 2765/4801.

mae: 0.11705241179261888
max_error: 0.5635766419968427
variance: 0.009109193522136702

AL interation 2766/4801.

mae: 0.1170254947789355
max_error: 0.5640608197236716
variance: 0.009108168236050661

AL interation 2767/4801.

mae: 0.11700592206577545
max_error: 0.5656243964496586
variance: 0.009114345551287673

AL interation 2768/4801.

mae: 0.11701647371844082
max_error: 0.564675703785797
variance: 0.009114455511118447

AL interation 2769/4801.

mae: 0.11701558642180594
max_error: 0.564064502923296
variance: 0.009120320439041823

AL interation 2770/4801.

mae: 0.1170364499912662
max_error: 0.5651406150787164
variance: 0.009119384969580622

AL interation 2771/4801.

mae: 0.11703378597294026
max_error: 0.5648925386294597
variance: 0.009119282912366702

AL interation 2772/4801.

mae: 0.11703299520605756
max_error: 0.5643397069948435
variance: 0.009117095312311693

AL interation 2773/4801.

mae: 0.11710087316661992
max_error: 0.5640315647906213
variance: 0.00911942044632865

AL interation 2774/4801.

mae: 0.11712875143245975
max_error: 0.5639837080995207
variance: 0.009122401555275932

AL interation 2775/4801.

mae: 0.11706150872134859
max_error: 0.5653885041115085
variance: 0.00914170776193994

AL interation 2776/4801.

mae: 0.1170585108754236
max_error: 0.5646353299557081
variance: 0.00914343677125161

AL interation 2777/4801.

mae: 0.11706085977289954
max_error: 0.5645693773685778
variance: 0.009142662773739514

AL interation 2778/4801.

mae: 0.11709830932955374
max_error: 0.5643726516001681
variance: 0.009142035999536313

AL interation 2779/4801.

mae: 0.11698791758912058
max_error: 0.5626623670963369
variance: 0.009144115200255697

AL interation 2780/4801.

mae: 0.11699381183410436
max_error: 0.5674239784571746
variance: 0.009139799045886835

AL interation 2781/4801.

mae: 0.11693380808686694
max_error: 0.571155781367457
variance: 0.009138862033531958

AL interation 2782/4801.

mae: 0.11693418452854462
max_error: 0.5711436072996694
variance: 0.009138468934986224

AL interation 2783/4801.

mae: 0.11687142948010966
max_error: 0.5505839249108035
variance: 0.009117571090692833

AL interation 2784/4801.

mae: 0.1168158483847316
max_error: 0.5525635063875516
variance: 0.009101208251233969

AL interation 2785/4801.

mae: 0.11678085084515206
max_error: 0.5485745280725389
variance: 0.00909522508793778

AL interation 2786/4801.

mae: 0.1167544492260715
max_error: 0.5497133041189679
variance: 0.00909596305727489

AL interation 2787/4801.

mae: 0.11664898785996015
max_error: 0.547978521795148
variance: 0.009085816178116669

AL interation 2788/4801.

mae: 0.11677435775088234
max_error: 0.5460836154127986
variance: 0.009063356111968068

AL interation 2789/4801.

mae: 0.11672470727319104
max_error: 0.5452370046297763
variance: 0.00907067287283949

AL interation 2790/4801.

mae: 0.11671522682809583
max_error: 0.5452355723070519
variance: 0.009072612703252544

AL interation 2791/4801.

mae: 0.11670878730719313
max_error: 0.5450964708792165
variance: 0.009073233418362468

AL interation 2792/4801.

mae: 0.11660170623332314
max_error: 0.5448628089017324
variance: 0.00906091077700717

AL interation 2793/4801.

mae: 0.11659855956420456
max_error: 0.5457225521491766
variance: 0.009064507177676841

AL interation 2794/4801.

mae: 0.1165028856493767
max_error: 0.5518677524856068
variance: 0.009046521193577689

AL interation 2795/4801.

mae: 0.11657928277171935
max_error: 0.5540091919152577
variance: 0.009068840413738307

AL interation 2796/4801.

mae: 0.11654560309420091
max_error: 0.5549030092492284
variance: 0.009074947641698635

AL interation 2797/4801.

mae: 0.11651737031947645
max_error: 0.5542378595817032
variance: 0.009063788513365426

AL interation 2798/4801.

mae: 0.11650300111139804
max_error: 0.5538667057312976
variance: 0.00906117427681203

AL interation 2799/4801.

mae: 0.11648772830182129
max_error: 0.5537207904256878
variance: 0.009058074572899111

AL interation 2800/4801.

mae: 0.11651334423691169
max_error: 0.5471596460602779
variance: 0.00912158331309279

AL interation 2801/4801.

mae: 0.11650529256744324
max_error: 0.5467629101103046
variance: 0.009120384183834655

AL interation 2802/4801.

mae: 0.1165242123405525
max_error: 0.5477673709539204
variance: 0.00911267839990642

AL interation 2803/4801.

mae: 0.11652279450759952
max_error: 0.5477537930872778
variance: 0.009112322708996277

AL interation 2804/4801.

mae: 0.11653009832467816
max_error: 0.5481357599328307
variance: 0.00910612735637584

AL interation 2805/4801.

mae: 0.11653226180778958
max_error: 0.547750248591119
variance: 0.009105705258576357

AL interation 2806/4801.

mae: 0.11645470788119765
max_error: 0.5468379209728065
variance: 0.009095811990763212

AL interation 2807/4801.

mae: 0.11649195740956594
max_error: 0.5445104091622026
variance: 0.009094158151100176

AL interation 2808/4801.

mae: 0.11652588030944296
max_error: 0.5453529050435
variance: 0.00909898995184361

AL interation 2809/4801.

mae: 0.11651555573020682
max_error: 0.545329636420413
variance: 0.009095210617785274

AL interation 2810/4801.

mae: 0.11649162384079889
max_error: 0.5449832121435056
variance: 0.00910022789873801

AL interation 2811/4801.

mae: 0.11648102436700104
max_error: 0.5453415974773699
variance: 0.009097755910521964

AL interation 2812/4801.

mae: 0.11647737365732984
max_error: 0.5450133390205556
variance: 0.009097458955370492

AL interation 2813/4801.

mae: 0.11642618767490684
max_error: 0.5509536126712522
variance: 0.009095258868746412

AL interation 2814/4801.

mae: 0.11641769586421645
max_error: 0.5507457020364535
variance: 0.009093238949665843

AL interation 2815/4801.

mae: 0.11642078638885238
max_error: 0.5508832679188562
variance: 0.009094152393501463

AL interation 2816/4801.

mae: 0.1163638486623627
max_error: 0.5531733438228521
variance: 0.009089628982614461

AL interation 2817/4801.

mae: 0.11635187042468678
max_error: 0.5549212432591002
variance: 0.009085985157560449

AL interation 2818/4801.

mae: 0.1163196020917814
max_error: 0.5567861160048957
variance: 0.009053237190847224

AL interation 2819/4801.

mae: 0.11631916574746254
max_error: 0.5565014727928408
variance: 0.009049515101325206

AL interation 2820/4801.

mae: 0.11633203021974056
max_error: 0.5564219622290798
variance: 0.009050839838977594

AL interation 2821/4801.

mae: 0.11627101593887824
max_error: 0.5554788954119947
variance: 0.009043866786954517

AL interation 2822/4801.

mae: 0.11624654248267931
max_error: 0.5532899271259613
variance: 0.009044253819067398

AL interation 2823/4801.

mae: 0.11624682886576589
max_error: 0.5532767549867739
variance: 0.009045168693782718

AL interation 2824/4801.

mae: 0.11613309471710534
max_error: 0.5496562658820956
variance: 0.00904684781247175

AL interation 2825/4801.

mae: 0.11613521119302456
max_error: 0.5478779021321518
variance: 0.009046194866055757

AL interation 2826/4801.

mae: 0.11614430974327583
max_error: 0.5479554567913967
variance: 0.009040214404030428

AL interation 2827/4801.

mae: 0.11612442035760072
max_error: 0.5473831588633051
variance: 0.0090390799248108

AL interation 2828/4801.

mae: 0.11602506255843294
max_error: 0.5465559304292089
variance: 0.009002256601724743

AL interation 2829/4801.

mae: 0.11598419657739475
max_error: 0.5482982568082164
variance: 0.008999681970757912

AL interation 2830/4801.

mae: 0.11599485926144087
max_error: 0.5502076838278507
variance: 0.009006673371950033

AL interation 2831/4801.

mae: 0.11596568386767916
max_error: 0.549976692777232
variance: 0.009008149814504178

AL interation 2832/4801.

mae: 0.11594663027922163
max_error: 0.5489661214183239
variance: 0.009011489160774308

AL interation 2833/4801.

mae: 0.11595628206732991
max_error: 0.5478557763159544
variance: 0.009007119426615601

AL interation 2834/4801.

mae: 0.11591187888273763
max_error: 0.5494667888761535
variance: 0.009006214341800576

AL interation 2835/4801.

mae: 0.11593008823707038
max_error: 0.5492310575637962
variance: 0.009005238322625939

AL interation 2836/4801.

mae: 0.11592412001500041
max_error: 0.5488713035343067
variance: 0.009007319913632775

AL interation 2837/4801.

mae: 0.1159386699866735
max_error: 0.5523127463790711
variance: 0.00901365809737362

AL interation 2838/4801.

mae: 0.11584239651010776
max_error: 0.552078218374386
variance: 0.009018417701965827

AL interation 2839/4801.

mae: 0.11583731860446053
max_error: 0.5487613179674016
variance: 0.009028542432910269

AL interation 2840/4801.

mae: 0.11574574078472799
max_error: 0.5487680491168692
variance: 0.009024165044303695

AL interation 2841/4801.

mae: 0.11574341053873692
max_error: 0.5487280773999323
variance: 0.009025904959504012

AL interation 2842/4801.

mae: 0.11560705563864888
max_error: 0.5495706857407221
variance: 0.009020535537724675

AL interation 2843/4801.

mae: 0.11562660526115388
max_error: 0.5496894486233419
variance: 0.009020589456581872

AL interation 2844/4801.

mae: 0.11562664941194851
max_error: 0.5496559146210398
variance: 0.009020707880281843

AL interation 2845/4801.

mae: 0.11549657778106001
max_error: 0.5495606021636985
variance: 0.009012615114985068

AL interation 2846/4801.

mae: 0.11549323167320823
max_error: 0.5495087856851528
variance: 0.009011606713832526

AL interation 2847/4801.

mae: 0.11548263965479555
max_error: 0.5497999770568249
variance: 0.009012937109304193

AL interation 2848/4801.

mae: 0.11543644471237292
max_error: 0.5503648471139848
variance: 0.009005478492122977

AL interation 2849/4801.

mae: 0.11545012818484277
max_error: 0.5504519879992156
variance: 0.009004285201948039

AL interation 2850/4801.

mae: 0.1154829949647803
max_error: 0.5503868228057831
variance: 0.009001834032500737

AL interation 2851/4801.

mae: 0.1154939740373678
max_error: 0.5499874007026242
variance: 0.00900034910589364

AL interation 2852/4801.

mae: 0.115598703115506
max_error: 0.5494564229597736
variance: 0.00901470776135823

AL interation 2853/4801.

mae: 0.11558453363740276
max_error: 0.5494162784363636
variance: 0.009017085867022639

AL interation 2854/4801.

mae: 0.11559534134406083
max_error: 0.5464035080870531
variance: 0.009011180741119684

AL interation 2855/4801.

mae: 0.11560057213906964
max_error: 0.5464806542881844
variance: 0.009011138530682491

AL interation 2856/4801.

mae: 0.11559691178183125
max_error: 0.5452903288332802
variance: 0.009009077771099055

AL interation 2857/4801.

mae: 0.11559244886759783
max_error: 0.5451565704255934
variance: 0.009008724280212696

AL interation 2858/4801.

mae: 0.1155940235655667
max_error: 0.5452216951302646
variance: 0.00900969049579535

AL interation 2859/4801.

mae: 0.11560452588443927
max_error: 0.5461820900554368
variance: 0.009011945956322088

AL interation 2860/4801.

mae: 0.11558877697799591
max_error: 0.5458694229693117
variance: 0.009011619796135194

AL interation 2861/4801.

mae: 0.11558791764666976
max_error: 0.5458356251100573
variance: 0.009011410438816326

AL interation 2862/4801.

mae: 0.11558687712454017
max_error: 0.54596617336375
variance: 0.009011270016954105

AL interation 2863/4801.

mae: 0.11557731831060711
max_error: 0.5456100807623585
variance: 0.00900978865883567

AL interation 2864/4801.

mae: 0.115515178048188
max_error: 0.5440520263665958
variance: 0.008990108070525417

AL interation 2865/4801.

mae: 0.11553345653315407
max_error: 0.545796868364083
variance: 0.008993973698481124

AL interation 2866/4801.

mae: 0.11551623198995131
max_error: 0.5458698890033373
variance: 0.008991973640840476

AL interation 2867/4801.

mae: 0.11549336035331405
max_error: 0.5449776291951869
variance: 0.008996452978022915

AL interation 2868/4801.

mae: 0.11548329459242684
max_error: 0.5450644596281569
variance: 0.008998073988941452

AL interation 2869/4801.

mae: 0.11541258358775888
max_error: 0.5460904272042
variance: 0.009007144344722032

AL interation 2870/4801.

mae: 0.11541106960695541
max_error: 0.5461334899980104
variance: 0.009006227122777544

AL interation 2871/4801.

mae: 0.1154633126949978
max_error: 0.5447979142511823
variance: 0.008979155954301349

AL interation 2872/4801.

mae: 0.11540493680888886
max_error: 0.5449349786716038
variance: 0.008989274903406567

AL interation 2873/4801.

mae: 0.1154538276078666
max_error: 0.5444723334642543
variance: 0.00898732953199917

AL interation 2874/4801.

mae: 0.11546433707956982
max_error: 0.5447309415992532
variance: 0.00899203645250462

AL interation 2875/4801.

mae: 0.11544939481932166
max_error: 0.5455392904795415
variance: 0.008991388272170624

AL interation 2876/4801.

mae: 0.11542617621609212
max_error: 0.546022200948526
variance: 0.008989698724539875

AL interation 2877/4801.

mae: 0.11548007539654108
max_error: 0.5493440023254195
variance: 0.008962497812159085

AL interation 2878/4801.

mae: 0.11548769700192786
max_error: 0.5498972577648242
variance: 0.008971846584322618

AL interation 2879/4801.

mae: 0.11553294994089192
max_error: 0.551607920037414
variance: 0.008976556356560085

AL interation 2880/4801.

mae: 0.1154760989466433
max_error: 0.5531304384252937
variance: 0.008982299349117151

AL interation 2881/4801.

mae: 0.11536088510847517
max_error: 0.5508160089884848
variance: 0.00899688717244354

AL interation 2882/4801.

mae: 0.11542895687192196
max_error: 0.5522288637868922
variance: 0.009000704952807581

AL interation 2883/4801.

mae: 0.11544399399127778
max_error: 0.5539976581021868
variance: 0.009008246134968834

AL interation 2884/4801.

mae: 0.11542245927332144
max_error: 0.5536031457400963
variance: 0.009006155414448783

AL interation 2885/4801.

mae: 0.11541668380710295
max_error: 0.5537205814824393
variance: 0.00900601045678397

AL interation 2886/4801.

mae: 0.11541906245801706
max_error: 0.5536866879146434
variance: 0.009006371338995997

AL interation 2887/4801.

mae: 0.1154094214250124
max_error: 0.555361798587894
variance: 0.009006332399672202

AL interation 2888/4801.

mae: 0.11535585174940863
max_error: 0.5590071304990847
variance: 0.00900551326259358

AL interation 2889/4801.

mae: 0.11538236500100675
max_error: 0.5572985607681895
variance: 0.00901026300780565

AL interation 2890/4801.

mae: 0.11536030928171911
max_error: 0.5617797109076665
variance: 0.00901063601454629

AL interation 2891/4801.

mae: 0.11535969280654768
max_error: 0.5617173557512629
variance: 0.009012182465893177

AL interation 2892/4801.

mae: 0.11534889613496023
max_error: 0.5615346085679942
variance: 0.009011263489589744

AL interation 2893/4801.

mae: 0.1153451967658031
max_error: 0.5615429861602248
variance: 0.009009796249063617

AL interation 2894/4801.

mae: 0.11534438533587138
max_error: 0.5605537546845358
variance: 0.00901494187425934

AL interation 2895/4801.

mae: 0.11533050200984853
max_error: 0.5622482604053856
variance: 0.00901482341245616

AL interation 2896/4801.

mae: 0.11532881851686295
max_error: 0.5647249965172438
variance: 0.009013610943227387

AL interation 2897/4801.

mae: 0.11525743285072082
max_error: 0.5653334161530115
variance: 0.009015212584855074

AL interation 2898/4801.

mae: 0.11517331574149782
max_error: 0.5639184752353259
variance: 0.009026029110486578

AL interation 2899/4801.

mae: 0.11517665687013448
max_error: 0.564251109813009
variance: 0.009026327275452056

AL interation 2900/4801.

mae: 0.11517887087058432
max_error: 0.5637964159534814
variance: 0.009027726755466784

AL interation 2901/4801.

mae: 0.11513728087148922
max_error: 0.564461858821268
variance: 0.009025149009588215

AL interation 2902/4801.

mae: 0.11515172684155849
max_error: 0.5653752838236166
variance: 0.009030846483231748

AL interation 2903/4801.

mae: 0.11507913552163247
max_error: 0.5663599744838237
variance: 0.00904860701482361

AL interation 2904/4801.

mae: 0.11507935888288517
max_error: 0.5663650007104142
variance: 0.00904863593953592

AL interation 2905/4801.

mae: 0.11507928290897963
max_error: 0.5664137588237379
variance: 0.009048538538084008

AL interation 2906/4801.

mae: 0.11511639231427151
max_error: 0.567977332960405
variance: 0.009068021977506885

AL interation 2907/4801.

mae: 0.1151165084546509
max_error: 0.5679850553963135
variance: 0.009067911228218409

AL interation 2908/4801.

mae: 0.11511131699771449
max_error: 0.5682010182517327
variance: 0.009066979537511536

AL interation 2909/4801.

mae: 0.11510611268714768
max_error: 0.5683111531459257
variance: 0.009066639789376984

AL interation 2910/4801.

mae: 0.1150924884375356
max_error: 0.5678279992933559
variance: 0.00906673904702048

AL interation 2911/4801.

mae: 0.11509286643764609
max_error: 0.567805189071974
variance: 0.009066765039531197

AL interation 2912/4801.

mae: 0.11511709315651403
max_error: 0.5690855757726645
variance: 0.009069051548254263

AL interation 2913/4801.

mae: 0.11511708814386334
max_error: 0.5690856556051394
variance: 0.00906905077616695

AL interation 2914/4801.

mae: 0.11512289288165344
max_error: 0.5682423085972861
variance: 0.009071400641117645

AL interation 2915/4801.

mae: 0.11510205634253397
max_error: 0.5685109292244102
variance: 0.009072366177251195

AL interation 2916/4801.

mae: 0.11510610171694799
max_error: 0.5679766670279918
variance: 0.009068436147534902

AL interation 2917/4801.

mae: 0.1150849359197673
max_error: 0.5675756103255329
variance: 0.009067351487072002

AL interation 2918/4801.

mae: 0.11508910665700796
max_error: 0.5677048948962149
variance: 0.009063423536496808

AL interation 2919/4801.

mae: 0.11491483432505017
max_error: 0.5587251693677455
variance: 0.009038539439684929

AL interation 2920/4801.

mae: 0.11486116170688254
max_error: 0.5586759774562733
variance: 0.009041570054235013

AL interation 2921/4801.

mae: 0.11485541823021342
max_error: 0.5589026644245223
variance: 0.009038896124400649

AL interation 2922/4801.

mae: 0.11482683148421924
max_error: 0.5588655511317295
variance: 0.009044773513189292

AL interation 2923/4801.

mae: 0.11482803076463595
max_error: 0.5586486245389217
variance: 0.009043160013673284

AL interation 2924/4801.

mae: 0.11486882707723803
max_error: 0.5604199112728558
variance: 0.009061608792914365

AL interation 2925/4801.

mae: 0.11489391124379722
max_error: 0.5582404339358771
variance: 0.009055804230424768

AL interation 2926/4801.

mae: 0.11497744265178358
max_error: 0.5613138928379504
variance: 0.009067098121753377

AL interation 2927/4801.

mae: 0.11488436965798235
max_error: 0.5591430035340048
variance: 0.009078566987307952

AL interation 2928/4801.

mae: 0.11489565901756843
max_error: 0.5589478027195138
variance: 0.009081314865913695

AL interation 2929/4801.

mae: 0.11488622399018698
max_error: 0.558747115854378
variance: 0.00907864163585553

AL interation 2930/4801.

mae: 0.11488170013102537
max_error: 0.5587097191806008
variance: 0.009075781450949155

AL interation 2931/4801.

mae: 0.11494911108091245
max_error: 0.5594832418053501
variance: 0.00907545923415554

AL interation 2932/4801.

mae: 0.11491879492863934
max_error: 0.5563737671339783
variance: 0.009084650640428167

AL interation 2933/4801.

mae: 0.11491821202371796
max_error: 0.5579302461997822
variance: 0.009081654636855193

AL interation 2934/4801.

mae: 0.11492746094117451
max_error: 0.5577565220119327
variance: 0.009081741689299948

AL interation 2935/4801.

mae: 0.11489596390372063
max_error: 0.5577190856786398
variance: 0.009081758809641767

AL interation 2936/4801.

mae: 0.1149064188024788
max_error: 0.5588754049427997
variance: 0.00908611760992429

AL interation 2937/4801.

mae: 0.11480376293778763
max_error: 0.5605297015113404
variance: 0.00909587622611787

AL interation 2938/4801.

mae: 0.11480411481155886
max_error: 0.5605876832907244
variance: 0.009095779692887667

AL interation 2939/4801.

mae: 0.11480351233084392
max_error: 0.5605626089069871
variance: 0.009095879841136939

AL interation 2940/4801.

mae: 0.11500276638222579
max_error: 0.56051697879498
variance: 0.00908955306610324

AL interation 2941/4801.

mae: 0.11500300729807267
max_error: 0.5606295435117996
variance: 0.009092430709484251

AL interation 2942/4801.

mae: 0.11502103357509601
max_error: 0.5596898321909523
variance: 0.00909314504462143

AL interation 2943/4801.

mae: 0.11503457325291996
max_error: 0.55956896333175
variance: 0.00907724326838622

AL interation 2944/4801.

mae: 0.11502644815001485
max_error: 0.5581524030728211
variance: 0.009075049467226268

AL interation 2945/4801.

mae: 0.1151309671513514
max_error: 0.5572875323778934
variance: 0.009084541037876363

AL interation 2946/4801.

mae: 0.1151127268474711
max_error: 0.5592422544147677
variance: 0.009077921872414983

AL interation 2947/4801.

mae: 0.11512859379299825
max_error: 0.5589656043181597
variance: 0.009075089011884521

AL interation 2948/4801.

mae: 0.11512214715513787
max_error: 0.5594248568996498
variance: 0.009072117605217062

AL interation 2949/4801.

mae: 0.11517518064933932
max_error: 0.5623001199014981
variance: 0.00906925946374371

AL interation 2950/4801.

mae: 0.11521921025018261
max_error: 0.5637386149417711
variance: 0.009074127227719768

AL interation 2951/4801.

mae: 0.11513709362122071
max_error: 0.5644960532019372
variance: 0.0090737447255953

AL interation 2952/4801.

mae: 0.11513622613804622
max_error: 0.5644973934691802
variance: 0.00907771798872021

AL interation 2953/4801.

mae: 0.11500465126641679
max_error: 0.5661642175805031
variance: 0.009058511767837745

AL interation 2954/4801.

mae: 0.1149558978980074
max_error: 0.5655581299816443
variance: 0.00904293555212061

AL interation 2955/4801.

mae: 0.1149576356062947
max_error: 0.565537417561119
variance: 0.009039615936314194

AL interation 2956/4801.

mae: 0.11493830925703402
max_error: 0.5656240901632814
variance: 0.00902339847433467

AL interation 2957/4801.

mae: 0.11494683611755209
max_error: 0.5659817869454562
variance: 0.00902200328010047

AL interation 2958/4801.

mae: 0.11494837285703678
max_error: 0.5537663196652427
variance: 0.009007298855727904

AL interation 2959/4801.

mae: 0.11493362439765599
max_error: 0.553539111683055
variance: 0.00901004963810884

AL interation 2960/4801.

mae: 0.11494941607579401
max_error: 0.5536130696026382
variance: 0.009009683101666792

AL interation 2961/4801.

mae: 0.11493717871064746
max_error: 0.5534578133193402
variance: 0.009011580413179907

AL interation 2962/4801.

mae: 0.11490537035773485
max_error: 0.551843040107332
variance: 0.009014662330533208

AL interation 2963/4801.

mae: 0.11488452743055526
max_error: 0.552194678475038
variance: 0.00901436451602793

AL interation 2964/4801.

mae: 0.1148872588587142
max_error: 0.5526955997679623
variance: 0.00901509273679645

AL interation 2965/4801.

mae: 0.11493852010282778
max_error: 0.5504874609861048
variance: 0.00903179507268127

AL interation 2966/4801.

mae: 0.11494467622913362
max_error: 0.5506221695928821
variance: 0.009030538371975518

AL interation 2967/4801.

mae: 0.11494711336938847
max_error: 0.5509225059037965
variance: 0.009031599800675888

AL interation 2968/4801.

mae: 0.11493744102998699
max_error: 0.5510047317344986
variance: 0.009031043641081371

AL interation 2969/4801.

mae: 0.11491328910296514
max_error: 0.5530057868997869
variance: 0.009033734181920652

AL interation 2970/4801.

mae: 0.11504323536327118
max_error: 0.5543029155663715
variance: 0.009027902088625616

AL interation 2971/4801.

mae: 0.1149456185787323
max_error: 0.5530804680712866
variance: 0.009031524099578867

AL interation 2972/4801.

mae: 0.11491338978545926
max_error: 0.5542627891815666
variance: 0.009004092404932443

AL interation 2973/4801.

mae: 0.11488330455224854
max_error: 0.554189284261315
variance: 0.008991094821353096

AL interation 2974/4801.

mae: 0.11486556660177942
max_error: 0.5541627920699137
variance: 0.00898617245083539

AL interation 2975/4801.

mae: 0.11460049986700487
max_error: 0.5530146057810867
variance: 0.008976362757101862

AL interation 2976/4801.

mae: 0.11459381713051446
max_error: 0.5532312999476661
variance: 0.00897589066696825

AL interation 2977/4801.

mae: 0.11458621097010857
max_error: 0.5536878041438982
variance: 0.008971063999511924

AL interation 2978/4801.

mae: 0.1145865076087899
max_error: 0.5536303799125086
variance: 0.008972566016285884

AL interation 2979/4801.

mae: 0.11458554804620792
max_error: 0.5536489748579252
variance: 0.008972811886686452

AL interation 2980/4801.

mae: 0.11459930570032749
max_error: 0.5532603401633924
variance: 0.008970403016191297

AL interation 2981/4801.

mae: 0.11455688193933754
max_error: 0.5564220228087469
variance: 0.008973400096498763

AL interation 2982/4801.

mae: 0.11456200504555272
max_error: 0.5564023766350485
variance: 0.0089750693564058

AL interation 2983/4801.

mae: 0.11456243477765284
max_error: 0.5564049358767422
variance: 0.008975126765736051

AL interation 2984/4801.

mae: 0.11460775507448309
max_error: 0.5562693323387162
variance: 0.008980580978187056

AL interation 2985/4801.

mae: 0.11452273344171328
max_error: 0.5547179966072107
variance: 0.008957172293908812

AL interation 2986/4801.

mae: 0.11437262034440378
max_error: 0.5560498580457272
variance: 0.0088829540917462

AL interation 2987/4801.

mae: 0.11435617191997605
max_error: 0.5548495319148854
variance: 0.008889157490376455

AL interation 2988/4801.

mae: 0.11422893131366607
max_error: 0.5547482038006901
variance: 0.008877376667287664

AL interation 2989/4801.

mae: 0.11402166168331573
max_error: 0.5553182295611916
variance: 0.008869749555426602

AL interation 2990/4801.

mae: 0.11395313941224582
max_error: 0.5548149228077173
variance: 0.00887577093286846

AL interation 2991/4801.

mae: 0.11395261632808223
max_error: 0.5547130132898115
variance: 0.008876396795183997

AL interation 2992/4801.

mae: 0.11394900938345688
max_error: 0.5547934357411815
variance: 0.008871727209045777

AL interation 2993/4801.

mae: 0.11394575172480223
max_error: 0.5548583507119154
variance: 0.008871642719383515

AL interation 2994/4801.

mae: 0.11398888166538577
max_error: 0.5547958935037898
variance: 0.008874655307024772

AL interation 2995/4801.

mae: 0.11396527933641329
max_error: 0.5548775336185747
variance: 0.008873184100595467

AL interation 2996/4801.

mae: 0.11396529104693852
max_error: 0.5549177496605542
variance: 0.0088731670411876

AL interation 2997/4801.

mae: 0.11388554788969657
max_error: 0.5544155204112615
variance: 0.008854401960529197

AL interation 2998/4801.

mae: 0.11390208357165238
max_error: 0.5553997080979496
variance: 0.008859218466691098

AL interation 2999/4801.

mae: 0.11394005465218075
max_error: 0.5564791465981456
variance: 0.0088656852604309

AL interation 3000/4801.

mae: 0.11406358982944605
max_error: 0.5567767737465454
variance: 0.008872791986959207

AL interation 3001/4801.

mae: 0.1140756057065904
max_error: 0.5583377477276519
variance: 0.008874790995185101

AL interation 3002/4801.

mae: 0.11407477684347143
max_error: 0.5583274003668268
variance: 0.008874030318131077

AL interation 3003/4801.

mae: 0.11407598443038924
max_error: 0.5584431996468717
variance: 0.008874397952919855

AL interation 3004/4801.

mae: 0.11408213952578865
max_error: 0.5584235029221789
variance: 0.00887529869583014

AL interation 3005/4801.

mae: 0.11413052747649413
max_error: 0.5587267613381881
variance: 0.008875389445455514

AL interation 3006/4801.

mae: 0.11417808177093328
max_error: 0.5609527174350455
variance: 0.008870990447433523

AL interation 3007/4801.

mae: 0.11423645394942261
max_error: 0.5609190062138556
variance: 0.008872739232221922

AL interation 3008/4801.

mae: 0.1142399462629702
max_error: 0.5609014851439516
variance: 0.008874068021616215

AL interation 3009/4801.

mae: 0.11422933713480266
max_error: 0.5621962152836875
variance: 0.008869831132593322

AL interation 3010/4801.

mae: 0.1142353854769142
max_error: 0.5620420622625313
variance: 0.008869990702719415

AL interation 3011/4801.

mae: 0.1142580888607601
max_error: 0.5617570131979253
variance: 0.00887814033119633

AL interation 3012/4801.

mae: 0.11419000632608299
max_error: 0.5667238185602006
variance: 0.008879951015808421

AL interation 3013/4801.

mae: 0.11416977623683258
max_error: 0.5668494377445426
variance: 0.008879896598945572

AL interation 3014/4801.

mae: 0.11416818173341674
max_error: 0.5668184687681528
variance: 0.008879792576179704

AL interation 3015/4801.

mae: 0.11413713005032673
max_error: 0.566808137940874
variance: 0.008870437749478566

AL interation 3016/4801.

mae: 0.11394416246158011
max_error: 0.5664765356014105
variance: 0.008860279058802753

AL interation 3017/4801.

mae: 0.11383792820385216
max_error: 0.5675294265473303
variance: 0.00886323648580995

AL interation 3018/4801.

mae: 0.11381320356462027
max_error: 0.5668995125806371
variance: 0.008858098240888911

AL interation 3019/4801.

mae: 0.11376348305667713
max_error: 0.5672110581646792
variance: 0.008833380314517195

AL interation 3020/4801.

mae: 0.11377248051315354
max_error: 0.566619710698943
variance: 0.008834798033958032

AL interation 3021/4801.

mae: 0.11376837436925664
max_error: 0.563583662636967
variance: 0.008838145912936518

AL interation 3022/4801.

mae: 0.11377662488955502
max_error: 0.563576890029811
variance: 0.00883532755383338

AL interation 3023/4801.

mae: 0.1137872391179983
max_error: 0.5638692929875266
variance: 0.008833748406505249

AL interation 3024/4801.

mae: 0.11378880002584492
max_error: 0.5643515657907145
variance: 0.008834091183414819

AL interation 3025/4801.

mae: 0.11377766835578763
max_error: 0.5644114917840648
variance: 0.008840104163787194

AL interation 3026/4801.

mae: 0.11361870923033032
max_error: 0.5643178665850868
variance: 0.008829151946810799

AL interation 3027/4801.

mae: 0.11360547968572081
max_error: 0.5635747207439366
variance: 0.008830798251516985

AL interation 3028/4801.

mae: 0.11355529454194423
max_error: 0.5639523011783933
variance: 0.008801864192545738

AL interation 3029/4801.

mae: 0.11349377900389153
max_error: 0.5635017639354936
variance: 0.008808913136208836

AL interation 3030/4801.

mae: 0.11348530734223107
max_error: 0.5640487279512505
variance: 0.008800654571447816

AL interation 3031/4801.

mae: 0.11347918996080589
max_error: 0.5640964700705515
variance: 0.008800001795931807

AL interation 3032/4801.

mae: 0.11347752470502641
max_error: 0.5637214546697322
variance: 0.008796994320552785

AL interation 3033/4801.

mae: 0.11348060225565429
max_error: 0.5636739356050326
variance: 0.008796797401601594

AL interation 3034/4801.

mae: 0.11346263594538286
max_error: 0.5619286624304238
variance: 0.008793585342242824

AL interation 3035/4801.

mae: 0.11347345323806303
max_error: 0.5618761833397476
variance: 0.008795074922470229

AL interation 3036/4801.

mae: 0.11348862607219808
max_error: 0.5618349764543686
variance: 0.008795469283093677

AL interation 3037/4801.

mae: 0.11348851803036784
max_error: 0.5618331957425156
variance: 0.00879524131984928

AL interation 3038/4801.

mae: 0.11342369058096674
max_error: 0.5618081994532691
variance: 0.00878393129322846

AL interation 3039/4801.

mae: 0.11344033925203573
max_error: 0.5618464411760318
variance: 0.008785049793143783

AL interation 3040/4801.

mae: 0.11344543844899219
max_error: 0.5620735949884952
variance: 0.008783930428252762

AL interation 3041/4801.

mae: 0.11345258116762272
max_error: 0.5621143663468908
variance: 0.008786160409123276

AL interation 3042/4801.

mae: 0.11339085448449004
max_error: 0.5599427267173436
variance: 0.0087870393882041

AL interation 3043/4801.

mae: 0.11336021175666766
max_error: 0.561619747267208
variance: 0.008784293479763877

AL interation 3044/4801.

mae: 0.11335291420632175
max_error: 0.5622365391774689
variance: 0.008784154859923638

AL interation 3045/4801.

mae: 0.11328789376653882
max_error: 0.5622132286111317
variance: 0.008779172549666073

AL interation 3046/4801.

mae: 0.1132782109032782
max_error: 0.563843469462153
variance: 0.008778705191337065

AL interation 3047/4801.

mae: 0.1132339431973524
max_error: 0.5631589120464615
variance: 0.008769233025685982

AL interation 3048/4801.

mae: 0.11325441684802767
max_error: 0.5628384233162436
variance: 0.008766790398532471

AL interation 3049/4801.

mae: 0.11325419184571195
max_error: 0.5628390358162854
variance: 0.008766818977491929

AL interation 3050/4801.

mae: 0.11326178170287589
max_error: 0.5630086124782245
variance: 0.008772287148109167

AL interation 3051/4801.

mae: 0.11327692004154816
max_error: 0.5648611509653487
variance: 0.008779751291072961

AL interation 3052/4801.

mae: 0.1133109692384712
max_error: 0.5649049745392687
variance: 0.00876180372944933

AL interation 3053/4801.

mae: 0.11332190980981824
max_error: 0.5656158461640204
variance: 0.008767471855565322

AL interation 3054/4801.

mae: 0.11331637185381425
max_error: 0.5629055734847062
variance: 0.008777222964734495

AL interation 3055/4801.

mae: 0.113320847839589
max_error: 0.5630671240727256
variance: 0.008776232999553919

AL interation 3056/4801.

mae: 0.11329424352410021
max_error: 0.562448670695737
variance: 0.008787022286273968

AL interation 3057/4801.

mae: 0.11326257497847596
max_error: 0.5625988091945113
variance: 0.008786340068579972

AL interation 3058/4801.

mae: 0.11329717368990316
max_error: 0.5629156578484333
variance: 0.0087876589159898

AL interation 3059/4801.

mae: 0.11325760114362521
max_error: 0.5628895380598675
variance: 0.008792144150027081

AL interation 3060/4801.

mae: 0.11314573423548006
max_error: 0.5604663624963435
variance: 0.008799415555100413

AL interation 3061/4801.

mae: 0.1131001458500243
max_error: 0.560751432711148
variance: 0.008796707894429786

AL interation 3062/4801.

mae: 0.11310850206047568
max_error: 0.5605792975702713
variance: 0.00879592397068227

AL interation 3063/4801.

mae: 0.11311389303202285
max_error: 0.5608400110874556
variance: 0.008814642082383731

AL interation 3064/4801.

mae: 0.11311458569333556
max_error: 0.559508648146255
variance: 0.008813996620812723

AL interation 3065/4801.

mae: 0.11306981977748612
max_error: 0.5591035785015621
variance: 0.008820778754218285

AL interation 3066/4801.

mae: 0.11305450780842868
max_error: 0.5600611488686655
variance: 0.008821367335859002

AL interation 3067/4801.

mae: 0.1129615818531411
max_error: 0.5600746932353005
variance: 0.008813314084063634

AL interation 3068/4801.

mae: 0.11286564930369518
max_error: 0.5604113690699406
variance: 0.008810683921304917

AL interation 3069/4801.

mae: 0.112878570699818
max_error: 0.5579642131620393
variance: 0.008805573270707147

AL interation 3070/4801.

mae: 0.1128252009412608
max_error: 0.5593789231924307
variance: 0.008779955823648905

AL interation 3071/4801.

mae: 0.11284321043437714
max_error: 0.5582272196993405
variance: 0.008791607579135406

AL interation 3072/4801.

mae: 0.11281907727399737
max_error: 0.5580631458199159
variance: 0.008787614104479235

AL interation 3073/4801.

mae: 0.11282183530525267
max_error: 0.5579958415872279
variance: 0.008787254286581683

AL interation 3074/4801.

mae: 0.11282187206036508
max_error: 0.557994462531981
variance: 0.008787260454482873

AL interation 3075/4801.

mae: 0.11278721531280168
max_error: 0.5577476260146472
variance: 0.008785637410024026

AL interation 3076/4801.

mae: 0.11279952824636155
max_error: 0.5578579373363897
variance: 0.008783374388654577

AL interation 3077/4801.

mae: 0.11277393470017393
max_error: 0.5583009679404571
variance: 0.008778485058721594

AL interation 3078/4801.

mae: 0.11275982219753114
max_error: 0.5560626829986743
variance: 0.008774058899926183

AL interation 3079/4801.

mae: 0.11276014702041316
max_error: 0.555753310888798
variance: 0.008773387782897442

AL interation 3080/4801.

mae: 0.11275035598751998
max_error: 0.5555949311165809
variance: 0.008775022860787447

AL interation 3081/4801.

mae: 0.11274140643337825
max_error: 0.5562190621089171
variance: 0.00877194360100256

AL interation 3082/4801.

mae: 0.11271826333653046
max_error: 0.5567821457302551
variance: 0.008766867047112986

AL interation 3083/4801.

mae: 0.11279784257220195
max_error: 0.5573805457635745
variance: 0.008774570746442853

AL interation 3084/4801.

mae: 0.11278828186682646
max_error: 0.5573743608276764
variance: 0.008770241124991302

AL interation 3085/4801.

mae: 0.11279900760650484
max_error: 0.5559188385075422
variance: 0.008766982590406352

AL interation 3086/4801.

mae: 0.11282916973822853
max_error: 0.5557143237861197
variance: 0.008762756796450034

AL interation 3087/4801.

mae: 0.11283229643763878
max_error: 0.555784584095492
variance: 0.008763150798453908

AL interation 3088/4801.

mae: 0.11282864117663019
max_error: 0.5559098871025503
variance: 0.008763975017942446

AL interation 3089/4801.

mae: 0.11289742556700182
max_error: 0.5552519878375892
variance: 0.008759583846208677

AL interation 3090/4801.

mae: 0.11291360253717997
max_error: 0.5571050304924756
variance: 0.008740732042473977

AL interation 3091/4801.

mae: 0.11291698070019544
max_error: 0.5570198636575734
variance: 0.008739889048029718

AL interation 3092/4801.

mae: 0.11291925657777649
max_error: 0.5570754129526341
variance: 0.00873972797842002

AL interation 3093/4801.

mae: 0.11293935683173627
max_error: 0.5573312813207081
variance: 0.00874349360656805

AL interation 3094/4801.

mae: 0.11295554863928255
max_error: 0.5616184431902216
variance: 0.008746569294280157

AL interation 3095/4801.

mae: 0.11296235424494469
max_error: 0.5622907345271417
variance: 0.008743676744673865

AL interation 3096/4801.

mae: 0.1127738201532825
max_error: 0.5550288030785628
variance: 0.008710809444098496

AL interation 3097/4801.

mae: 0.11278395307350195
max_error: 0.5551334633444713
variance: 0.008712491233434204

AL interation 3098/4801.

mae: 0.11277544024032851
max_error: 0.5548944479481546
variance: 0.008719937542759007

AL interation 3099/4801.

mae: 0.11276309877152106
max_error: 0.5551835278526096
variance: 0.008721748695617582

AL interation 3100/4801.

mae: 0.11275129794091539
max_error: 0.5549162685040647
variance: 0.008720541622113331

AL interation 3101/4801.

mae: 0.1127279071017577
max_error: 0.5506729760452487
variance: 0.008710242954895862

AL interation 3102/4801.

mae: 0.11276647629295994
max_error: 0.5506440108666117
variance: 0.008709486917161996

AL interation 3103/4801.

mae: 0.11272704739802103
max_error: 0.551718138891899
variance: 0.008716449679826195

AL interation 3104/4801.

mae: 0.11271373986766292
max_error: 0.5516422614768275
variance: 0.00870712187708724

AL interation 3105/4801.

mae: 0.11270374697097049
max_error: 0.5515970976514017
variance: 0.008708637556240316

AL interation 3106/4801.

mae: 0.11267756364483081
max_error: 0.5520998946375619
variance: 0.008713488860480286

AL interation 3107/4801.

mae: 0.11260103565911246
max_error: 0.5508023433397953
variance: 0.008706223685430295

AL interation 3108/4801.

mae: 0.11260138328225304
max_error: 0.5507898555816655
variance: 0.0087066468325817

AL interation 3109/4801.

mae: 0.11259645657867513
max_error: 0.5503750750281848
variance: 0.008700392400238892

AL interation 3110/4801.

mae: 0.11266421632087757
max_error: 0.5499297641104373
variance: 0.008692051642947951

AL interation 3111/4801.

mae: 0.11271357297919471
max_error: 0.5497609862420352
variance: 0.008698835783265852

AL interation 3112/4801.

mae: 0.11284889419631676
max_error: 0.5524087986500574
variance: 0.008677974208969656

AL interation 3113/4801.

mae: 0.11284429548407868
max_error: 0.5521745649294045
variance: 0.008681838244832095

AL interation 3114/4801.

mae: 0.11277186476047348
max_error: 0.5528402728433015
variance: 0.008645216865834965

AL interation 3115/4801.

mae: 0.11274475990026563
max_error: 0.5531430348936883
variance: 0.008637900850185926

AL interation 3116/4801.

mae: 0.11275072180508977
max_error: 0.5527694502172622
variance: 0.008638592526858798

AL interation 3117/4801.

mae: 0.11280647871066496
max_error: 0.5523161774229361
variance: 0.008652234286906254

AL interation 3118/4801.

mae: 0.1128107367739232
max_error: 0.5528759524481499
variance: 0.008652359426320052

AL interation 3119/4801.

mae: 0.11279693688899776
max_error: 0.5529599442192783
variance: 0.00865111621154347

AL interation 3120/4801.

mae: 0.1127860928274494
max_error: 0.5528024889992329
variance: 0.008650130647719443

AL interation 3121/4801.

mae: 0.11267605082832431
max_error: 0.5529678845451782
variance: 0.00865363627567772

AL interation 3122/4801.

mae: 0.11262599537002382
max_error: 0.5528599014048083
variance: 0.008646193588749613

AL interation 3123/4801.

mae: 0.11263095544371647
max_error: 0.5496051367329731
variance: 0.008646188264916388

AL interation 3124/4801.

mae: 0.1126301879829498
max_error: 0.5495827309359953
variance: 0.008645549275165441

AL interation 3125/4801.

mae: 0.11263034605220018
max_error: 0.5496061067036688
variance: 0.008645898513117548

AL interation 3126/4801.

mae: 0.11261818050208115
max_error: 0.5495749385521123
variance: 0.008643929617593344

AL interation 3127/4801.

mae: 0.11256590234045055
max_error: 0.5494325887098963
variance: 0.00864980326535143

AL interation 3128/4801.

mae: 0.11254306531903419
max_error: 0.5494527142176722
variance: 0.008653194694359653

AL interation 3129/4801.

mae: 0.11254309258362216
max_error: 0.5493582435943098
variance: 0.008653018491717724

AL interation 3130/4801.

mae: 0.11256426026790504
max_error: 0.5483012156978488
variance: 0.008645796829478655

AL interation 3131/4801.

mae: 0.11248509539919349
max_error: 0.546056806686817
variance: 0.008642625606249914

AL interation 3132/4801.

mae: 0.11241223702709632
max_error: 0.5469360809859833
variance: 0.008635484623321943

AL interation 3133/4801.

mae: 0.1124106041316044
max_error: 0.5483233094744842
variance: 0.008631078888427445

AL interation 3134/4801.

mae: 0.11230113705294258
max_error: 0.5509023841122693
variance: 0.008626063207642328

AL interation 3135/4801.

mae: 0.11228748840776903
max_error: 0.5515687182706355
variance: 0.008609530672388217

AL interation 3136/4801.

mae: 0.11198378753173799
max_error: 0.5466143945002235
variance: 0.008547927885752041

AL interation 3137/4801.

mae: 0.11194891540544608
max_error: 0.5464738440754715
variance: 0.008554097163173532

AL interation 3138/4801.

mae: 0.1120114312843963
max_error: 0.5455964826787625
variance: 0.008571688651330006

AL interation 3139/4801.

mae: 0.11202071051417967
max_error: 0.5457326245571794
variance: 0.008576895553342673

AL interation 3140/4801.

mae: 0.11199446154480054
max_error: 0.5446192474030687
variance: 0.008577352012808404

AL interation 3141/4801.

mae: 0.11198641942715366
max_error: 0.5444413504466183
variance: 0.008575992627354777

AL interation 3142/4801.

mae: 0.11199326008876702
max_error: 0.5442469649639312
variance: 0.008572050542523418

AL interation 3143/4801.

mae: 0.11200615625544318
max_error: 0.5439609279231394
variance: 0.008570059144474798

AL interation 3144/4801.

mae: 0.11200745103132106
max_error: 0.5438912522627981
variance: 0.008572676682195683

AL interation 3145/4801.

mae: 0.11201014398525469
max_error: 0.5442351988523706
variance: 0.008567501900601352

AL interation 3146/4801.

mae: 0.11198554343786733
max_error: 0.5428042840780867
variance: 0.008568576220648359

AL interation 3147/4801.

mae: 0.11200741040452544
max_error: 0.5431997945544316
variance: 0.008570660579737788

AL interation 3148/4801.

mae: 0.11200108192882072
max_error: 0.5445220058487417
variance: 0.008578897786819258

AL interation 3149/4801.

mae: 0.11201495888843192
max_error: 0.5438241285173735
variance: 0.008583789947397348

AL interation 3150/4801.

mae: 0.11199302112240435
max_error: 0.5428976192713355
variance: 0.008585774915251112

AL interation 3151/4801.

mae: 0.11206801345868585
max_error: 0.5433787728614172
variance: 0.008573503801498879

AL interation 3152/4801.

mae: 0.11208805687876686
max_error: 0.543486629086829
variance: 0.008575005923334164

AL interation 3153/4801.

mae: 0.11209096527186337
max_error: 0.5434242820416371
variance: 0.00857646364870707

AL interation 3154/4801.

mae: 0.11215195099187682
max_error: 0.5437239552008712
variance: 0.008594390134021268

AL interation 3155/4801.

mae: 0.11214051314755652
max_error: 0.5438664165480702
variance: 0.008577609657638399

AL interation 3156/4801.

mae: 0.11216260434910709
max_error: 0.5447357436598974
variance: 0.00858503880082084

AL interation 3157/4801.

mae: 0.11223467249632504
max_error: 0.5437700301508652
variance: 0.008595966368371321

AL interation 3158/4801.

mae: 0.1121350727340403
max_error: 0.5437370264070274
variance: 0.008589269368738113

AL interation 3159/4801.

mae: 0.11211372808289043
max_error: 0.5435588269978249
variance: 0.008578328186034274

AL interation 3160/4801.

mae: 0.11210767706432603
max_error: 0.5438603845761927
variance: 0.008582661409107484

AL interation 3161/4801.

mae: 0.11207243177497395
max_error: 0.5440089184014583
variance: 0.008585102605262063

AL interation 3162/4801.

mae: 0.1120007367534488
max_error: 0.5433562259727722
variance: 0.008583650491531768

AL interation 3163/4801.

mae: 0.11203003502404056
max_error: 0.5436132496665453
variance: 0.00858383526566514

AL interation 3164/4801.

mae: 0.11203009597769557
max_error: 0.5436142217790341
variance: 0.008583887338310201

AL interation 3165/4801.

mae: 0.1120224267627678
max_error: 0.5423746513256629
variance: 0.008590009562455755

AL interation 3166/4801.

mae: 0.11199126427379329
max_error: 0.545132592586886
variance: 0.008586801267933814

AL interation 3167/4801.

mae: 0.11199138680213613
max_error: 0.5455666406095654
variance: 0.008587604584443931

AL interation 3168/4801.

mae: 0.11196434447111481
max_error: 0.5455410778584411
variance: 0.008579546183628736

AL interation 3169/4801.

mae: 0.111962647532642
max_error: 0.5455844014527043
variance: 0.008578464160938309

AL interation 3170/4801.

mae: 0.11195821116927666
max_error: 0.5462514025067136
variance: 0.008583297449993607

AL interation 3171/4801.

mae: 0.11198803715587184
max_error: 0.5480531486554012
variance: 0.00858263572570791

AL interation 3172/4801.

mae: 0.111997779453183
max_error: 0.5486919284737768
variance: 0.008583291150418134

AL interation 3173/4801.

mae: 0.11198138402074015
max_error: 0.5486535394242802
variance: 0.008583385370750115

AL interation 3174/4801.

mae: 0.11198536796513578
max_error: 0.5486574193629656
variance: 0.008583096901897267

AL interation 3175/4801.

mae: 0.11198652061928542
max_error: 0.54886475627438
variance: 0.008583856712391548

AL interation 3176/4801.

mae: 0.11196325048076976
max_error: 0.5494454988777595
variance: 0.008582753959052716

AL interation 3177/4801.

mae: 0.11197631020902636
max_error: 0.5498258055375693
variance: 0.008582846831813143

AL interation 3178/4801.

mae: 0.11197542608251916
max_error: 0.5496579330602374
variance: 0.008582151157641037

AL interation 3179/4801.

mae: 0.11191205620634229
max_error: 0.5487769226131327
variance: 0.008557534798470776

AL interation 3180/4801.

mae: 0.11191561974029769
max_error: 0.5488829936104356
variance: 0.008560528973186847

AL interation 3181/4801.

mae: 0.11191038118404656
max_error: 0.5489730462823901
variance: 0.008563450540113635

AL interation 3182/4801.

mae: 0.11181690564532154
max_error: 0.548949334661267
variance: 0.00854469153085784

AL interation 3183/4801.

mae: 0.11181700469018482
max_error: 0.5489287302818084
variance: 0.008544335364095669

AL interation 3184/4801.

mae: 0.11182410138192692
max_error: 0.54646533942489
variance: 0.008550087902420745

AL interation 3185/4801.

mae: 0.11177635879012268
max_error: 0.5454875261804846
variance: 0.00854523123371753

AL interation 3186/4801.

mae: 0.11176008500252578
max_error: 0.5456077620925153
variance: 0.008544900603969601

AL interation 3187/4801.

mae: 0.11179642306095987
max_error: 0.5456089263081454
variance: 0.00854515813649673

AL interation 3188/4801.

mae: 0.1116380251749109
max_error: 0.5475196135901756
variance: 0.008554012754467393

AL interation 3189/4801.

mae: 0.11166289013774336
max_error: 0.5473771067521054
variance: 0.008555404280418996

AL interation 3190/4801.

mae: 0.11165755954331692
max_error: 0.5473402673136611
variance: 0.008555903297124546

AL interation 3191/4801.

mae: 0.11164500640332946
max_error: 0.5461130497784752
variance: 0.0085574629014044

AL interation 3192/4801.

mae: 0.11160960935999263
max_error: 0.545907944446667
variance: 0.008551131871464697

AL interation 3193/4801.

mae: 0.11163588109300289
max_error: 0.5478188984115218
variance: 0.008535043428802985

AL interation 3194/4801.

mae: 0.11163951865917085
max_error: 0.5478989633490838
variance: 0.008536262294757058

AL interation 3195/4801.

mae: 0.11160491195948373
max_error: 0.5457590895188904
variance: 0.00853324819893488

AL interation 3196/4801.

mae: 0.11160992281549793
max_error: 0.5458376706031458
variance: 0.008532759073746078

AL interation 3197/4801.

mae: 0.11161769021443192
max_error: 0.5455997684200993
variance: 0.008530422476161781

AL interation 3198/4801.

mae: 0.11156208534298867
max_error: 0.5456319076474827
variance: 0.008533323173300238

AL interation 3199/4801.

mae: 0.11156771801140035
max_error: 0.5453554129989913
variance: 0.008533135225641498

AL interation 3200/4801.

mae: 0.11158448701019302
max_error: 0.5454076936275927
variance: 0.008533689240033825

AL interation 3201/4801.

mae: 0.11162929883034314
max_error: 0.5449122428943511
variance: 0.00854226122991176

AL interation 3202/4801.

mae: 0.11165125849019987
max_error: 0.5449476357529981
variance: 0.008529825234806117

AL interation 3203/4801.

mae: 0.11164330299611741
max_error: 0.5450680364066791
variance: 0.008532974855793065

AL interation 3204/4801.

mae: 0.11165279345959732
max_error: 0.5444026680691876
variance: 0.008540073889421235

AL interation 3205/4801.

mae: 0.11160454815289936
max_error: 0.5444943875970614
variance: 0.008542667390450422

AL interation 3206/4801.

mae: 0.11161280501401703
max_error: 0.5441459356546012
variance: 0.008544890053883451

AL interation 3207/4801.

mae: 0.11163298206435604
max_error: 0.5441580643078141
variance: 0.00852770488658112

AL interation 3208/4801.

mae: 0.11165649300303349
max_error: 0.5445072547348955
variance: 0.008528607605249058

AL interation 3209/4801.

mae: 0.11169390673909364
max_error: 0.5445137325449481
variance: 0.008520814345313201

AL interation 3210/4801.

mae: 0.1116926576439551
max_error: 0.544547981290753
variance: 0.00851943311589351

AL interation 3211/4801.

mae: 0.11167109107852535
max_error: 0.5427843265762446
variance: 0.008514146177179797

AL interation 3212/4801.

mae: 0.11166590215535249
max_error: 0.5427690685559245
variance: 0.008514361909655016

AL interation 3213/4801.

mae: 0.11163340572679753
max_error: 0.5427734534323503
variance: 0.008526532942977354

AL interation 3214/4801.

mae: 0.1116591508059559
max_error: 0.5403582624781846
variance: 0.008531034073296308

AL interation 3215/4801.

mae: 0.11160969887643178
max_error: 0.5328249934032687
variance: 0.008535487057529913

AL interation 3216/4801.

mae: 0.11169046146037279
max_error: 0.5304758955696078
variance: 0.008523491811042621

AL interation 3217/4801.

mae: 0.11163076446963519
max_error: 0.5311101849867992
variance: 0.008522606808435758

AL interation 3218/4801.

mae: 0.11161308687768474
max_error: 0.5310721590857235
variance: 0.008521376960571644

AL interation 3219/4801.

mae: 0.11177635024822424
max_error: 0.5312183873477061
variance: 0.00851053739457295

AL interation 3220/4801.

mae: 0.11179930236471737
max_error: 0.5324763886949428
variance: 0.008535170994267774

AL interation 3221/4801.

mae: 0.11186279034985674
max_error: 0.5326530555577613
variance: 0.008533300580641973

AL interation 3222/4801.

mae: 0.11183717002324108
max_error: 0.5332678516337201
variance: 0.008533455853071019

AL interation 3223/4801.

mae: 0.11184075722047623
max_error: 0.5335273508648002
variance: 0.008530807070307851

AL interation 3224/4801.

mae: 0.1118316484094616
max_error: 0.5339593658743471
variance: 0.0085363996100853

AL interation 3225/4801.

mae: 0.11188206582294213
max_error: 0.5337224208972087
variance: 0.008528261892839409

AL interation 3226/4801.

mae: 0.11165029448375774
max_error: 0.5348150411299906
variance: 0.008533102495729932

AL interation 3227/4801.

mae: 0.1115304370592841
max_error: 0.5361437775070419
variance: 0.008523178116057777

AL interation 3228/4801.

mae: 0.11159814555949453
max_error: 0.5408932091628684
variance: 0.008533378763515957

AL interation 3229/4801.

mae: 0.11153023986269744
max_error: 0.5407567667427058
variance: 0.008530509337491565

AL interation 3230/4801.

mae: 0.11154256102939415
max_error: 0.5410916992981019
variance: 0.00853265283395455

AL interation 3231/4801.

mae: 0.11153004419475676
max_error: 0.5419755897920129
variance: 0.008542185386097707

AL interation 3232/4801.

mae: 0.11154635091107173
max_error: 0.543360153395503
variance: 0.008543702639075923

AL interation 3233/4801.

mae: 0.11155549418174994
max_error: 0.5452030090485414
variance: 0.008539656075667607

AL interation 3234/4801.

mae: 0.11155711468595933
max_error: 0.5452551109225519
variance: 0.008539154309978475

AL interation 3235/4801.

mae: 0.11151339454852505
max_error: 0.5459760312795865
variance: 0.008552242360189354

AL interation 3236/4801.

mae: 0.11149694600224022
max_error: 0.545923500909959
variance: 0.008549405429400017

AL interation 3237/4801.

mae: 0.11150488001717468
max_error: 0.5460256375082817
variance: 0.008531745272509673

AL interation 3238/4801.

mae: 0.11149920369853836
max_error: 0.5451327498093579
variance: 0.008529814722783859

AL interation 3239/4801.

mae: 0.11148315207146799
max_error: 0.5451301499411292
variance: 0.008527972625023032

AL interation 3240/4801.

mae: 0.1114841867736324
max_error: 0.5456149947699449
variance: 0.008521003462496178

AL interation 3241/4801.

mae: 0.11148145339976875
max_error: 0.5457155112072405
variance: 0.008515520485416227

AL interation 3242/4801.

mae: 0.1113142316096264
max_error: 0.546254551488881
variance: 0.008497299454862496

AL interation 3243/4801.

mae: 0.11133788341770225
max_error: 0.5477335827328613
variance: 0.008500321027757739

AL interation 3244/4801.

mae: 0.11133192151963818
max_error: 0.5478449984574612
variance: 0.008499662761198987

AL interation 3245/4801.

mae: 0.1113512263823555
max_error: 0.547771673260457
variance: 0.008504015720753882

AL interation 3246/4801.

mae: 0.11132139846265508
max_error: 0.5472606018884312
variance: 0.0084986892105449

AL interation 3247/4801.

mae: 0.11132165867576256
max_error: 0.5471988146112745
variance: 0.008498841843922496

AL interation 3248/4801.

mae: 0.11132283999068242
max_error: 0.5473254983504585
variance: 0.008494760625582205

AL interation 3249/4801.

mae: 0.11130916032134164
max_error: 0.5478526137167479
variance: 0.00849535390194042

AL interation 3250/4801.

mae: 0.11130156080566732
max_error: 0.5478869207964603
variance: 0.008495417176090314

AL interation 3251/4801.

mae: 0.11132717683446365
max_error: 0.5480427593172523
variance: 0.00849556373323786

AL interation 3252/4801.

mae: 0.11142219346213927
max_error: 0.5483398880905639
variance: 0.008502968650561053

AL interation 3253/4801.

mae: 0.1114014206859563
max_error: 0.5487847944873614
variance: 0.008507314885084345

AL interation 3254/4801.

mae: 0.11139374299366962
max_error: 0.5484436870662093
variance: 0.008508159610258052

AL interation 3255/4801.

mae: 0.11137879956526153
max_error: 0.548358436651784
variance: 0.008508988280061275

AL interation 3256/4801.

mae: 0.11137697193929455
max_error: 0.5483430988889215
variance: 0.008509191178159813

AL interation 3257/4801.

mae: 0.11135079832697685
max_error: 0.5478676536891656
variance: 0.0085031392610361

AL interation 3258/4801.

mae: 0.11134997675351024
max_error: 0.5478271543922184
variance: 0.008502751330695378

AL interation 3259/4801.

mae: 0.11133673715884797
max_error: 0.5476968673917606
variance: 0.008500358630579009

AL interation 3260/4801.

mae: 0.11122018708285929
max_error: 0.5466386636141265
variance: 0.008496469428739722

AL interation 3261/4801.

mae: 0.11120270584759374
max_error: 0.547076072959491
variance: 0.008498048245012374

AL interation 3262/4801.

mae: 0.11119916227330694
max_error: 0.5464850132031138
variance: 0.00849017301649706

AL interation 3263/4801.

mae: 0.11132393856759097
max_error: 0.5473450091220484
variance: 0.008505723422242392

AL interation 3264/4801.

mae: 0.11132389356743976
max_error: 0.5473365397006491
variance: 0.00850609084715649

AL interation 3265/4801.

mae: 0.11132870316420827
max_error: 0.5474517487339852
variance: 0.008504220713953112

AL interation 3266/4801.

mae: 0.11133207040549244
max_error: 0.547248561609746
variance: 0.008503627481097618

AL interation 3267/4801.

mae: 0.11125699214438456
max_error: 0.5470516771375162
variance: 0.008494711231923609

AL interation 3268/4801.

mae: 0.11125759817838639
max_error: 0.5470556666927995
variance: 0.00849462310129768

AL interation 3269/4801.

mae: 0.11125682107954353
max_error: 0.5474513000009082
variance: 0.008497101335960936

AL interation 3270/4801.

mae: 0.11121022003820938
max_error: 0.5468856927228389
variance: 0.008495449939213648

AL interation 3271/4801.

mae: 0.11122479253923791
max_error: 0.5468492744273006
variance: 0.008495540160585938

AL interation 3272/4801.

mae: 0.11121345909466623
max_error: 0.5476807108275874
variance: 0.00849050884810659

AL interation 3273/4801.

mae: 0.11120884860020955
max_error: 0.5477259649232582
variance: 0.008488841460501231

AL interation 3274/4801.

mae: 0.11119884278671091
max_error: 0.5479400029805581
variance: 0.008488432411732166

AL interation 3275/4801.

mae: 0.11116407672129867
max_error: 0.5481221253928144
variance: 0.008487731886556816

AL interation 3276/4801.

mae: 0.11110265410386119
max_error: 0.5483022226903351
variance: 0.008481643034400339

AL interation 3277/4801.

mae: 0.11109831347792735
max_error: 0.548364822237851
variance: 0.008481403809976949

AL interation 3278/4801.

mae: 0.11107494504176259
max_error: 0.5471671093650998
variance: 0.008484877260973207

AL interation 3279/4801.

mae: 0.1109461351492133
max_error: 0.5483847289336823
variance: 0.008457161752025186

AL interation 3280/4801.

mae: 0.11094603148464112
max_error: 0.5483877766705767
variance: 0.00845713504374987

AL interation 3281/4801.

mae: 0.11092013653107162
max_error: 0.5496036078928004
variance: 0.008451642333041296

AL interation 3282/4801.

mae: 0.11094378030701359
max_error: 0.5478249933763264
variance: 0.008434256647176454

AL interation 3283/4801.

mae: 0.11103756370188597
max_error: 0.5467892283053475
variance: 0.008428655815235863

AL interation 3284/4801.

mae: 0.11106774478315794
max_error: 0.5471055910790321
variance: 0.008437672748441882

AL interation 3285/4801.

mae: 0.11106655541770194
max_error: 0.5461925946503774
variance: 0.008434278325320047

AL interation 3286/4801.

mae: 0.11107354199272898
max_error: 0.5462283751813
variance: 0.008433486889060336

AL interation 3287/4801.

mae: 0.11106955271513422
max_error: 0.5461929637237488
variance: 0.008432083513959741

AL interation 3288/4801.

mae: 0.11105526556919554
max_error: 0.5457660312787636
variance: 0.008430130530626564

AL interation 3289/4801.

mae: 0.11102321892007297
max_error: 0.5456806164260022
variance: 0.008431142579470035

AL interation 3290/4801.

mae: 0.11101255382389583
max_error: 0.5485700501345643
variance: 0.008438007858412437

AL interation 3291/4801.

mae: 0.11104232382684552
max_error: 0.548496385904917
variance: 0.008451856331125272

AL interation 3292/4801.

mae: 0.11101812498251357
max_error: 0.5485521701693545
variance: 0.008449760398942527

AL interation 3293/4801.

mae: 0.11108327775204138
max_error: 0.5503138848295888
variance: 0.008466252223521943

AL interation 3294/4801.

mae: 0.11106757994220816
max_error: 0.5513484304781313
variance: 0.008464919957396818

AL interation 3295/4801.

mae: 0.11112150449148775
max_error: 0.5499922792710845
variance: 0.008466572584347284

AL interation 3296/4801.

mae: 0.11110302457370184
max_error: 0.5527043210154248
variance: 0.008462854084407376

AL interation 3297/4801.

mae: 0.11111764626412196
max_error: 0.5517869906535768
variance: 0.008465119486415481

AL interation 3298/4801.

mae: 0.11111840386269897
max_error: 0.5517873651733947
variance: 0.008465040052317444

AL interation 3299/4801.

mae: 0.11110524239906255
max_error: 0.5520116642729738
variance: 0.008466649970665013

AL interation 3300/4801.

mae: 0.11111155522467824
max_error: 0.5520672172032883
variance: 0.008449464451097594

AL interation 3301/4801.

mae: 0.11110089941589898
max_error: 0.5519105805414481
variance: 0.00844316426316978

AL interation 3302/4801.

mae: 0.11109308347586783
max_error: 0.5521785675825006
variance: 0.008439179057948517

AL interation 3303/4801.

mae: 0.11098483095246746
max_error: 0.5518716045655125
variance: 0.008430489733515503

AL interation 3304/4801.

mae: 0.11098898240396833
max_error: 0.5521082146056706
variance: 0.008431255463263315

AL interation 3305/4801.

mae: 0.11108403266419414
max_error: 0.552521144750342
variance: 0.008444228405721003

AL interation 3306/4801.

mae: 0.11108430755456228
max_error: 0.5532715945354978
variance: 0.00844725512329174

AL interation 3307/4801.

mae: 0.1110746862128275
max_error: 0.5530905095615104
variance: 0.00844652157511467

AL interation 3308/4801.

mae: 0.11110321151745754
max_error: 0.556546057877604
variance: 0.008444243883989897

AL interation 3309/4801.

mae: 0.11109940295638754
max_error: 0.5568075827157699
variance: 0.008447573522838045

AL interation 3310/4801.

mae: 0.11109986491965515
max_error: 0.5567854496823088
variance: 0.008447619115325664

AL interation 3311/4801.

mae: 0.11109862877910172
max_error: 0.5567186575956038
variance: 0.00844958992460106

AL interation 3312/4801.

mae: 0.11110057207850853
max_error: 0.5553624828347701
variance: 0.008449222529575497

AL interation 3313/4801.

mae: 0.11100655912525081
max_error: 0.5510338616403274
variance: 0.008426604586335443

AL interation 3314/4801.

mae: 0.11099769891149586
max_error: 0.5512390074149165
variance: 0.008428518234397922

AL interation 3315/4801.

mae: 0.1110314141992997
max_error: 0.5515887167316578
variance: 0.008426575115716938

AL interation 3316/4801.

mae: 0.11105274161945695
max_error: 0.5518785838286764
variance: 0.00843230821815539

AL interation 3317/4801.

mae: 0.11105552784001467
max_error: 0.5519793910342878
variance: 0.008431874157816701

AL interation 3318/4801.

mae: 0.11103404639371271
max_error: 0.5522437810312466
variance: 0.008432182013955404

AL interation 3319/4801.

mae: 0.11104967979371638
max_error: 0.5525275802689436
variance: 0.00843329105967802

AL interation 3320/4801.

mae: 0.11104133420998354
max_error: 0.5528457750327709
variance: 0.008432182060535367

AL interation 3321/4801.

mae: 0.11105183827637682
max_error: 0.552860838019642
variance: 0.008430616157621584

AL interation 3322/4801.

mae: 0.11106510241633231
max_error: 0.5523637965913579
variance: 0.008422219943746015

AL interation 3323/4801.

mae: 0.11105737868410352
max_error: 0.5523729961959996
variance: 0.008421960067957195

AL interation 3324/4801.

mae: 0.11107749268881832
max_error: 0.5523137721122717
variance: 0.008421916292448607

AL interation 3325/4801.

mae: 0.11107906898613516
max_error: 0.5524435837985031
variance: 0.008425128976752077

AL interation 3326/4801.

mae: 0.11109828063502054
max_error: 0.5527167574780982
variance: 0.00842961110024788

AL interation 3327/4801.

mae: 0.11109575949045482
max_error: 0.5522224312432407
variance: 0.00842950239109492

AL interation 3328/4801.

mae: 0.11109589386505976
max_error: 0.5522232724933263
variance: 0.008429530936568381

AL interation 3329/4801.

mae: 0.11107457547099446
max_error: 0.5520247178151498
variance: 0.008427698296912785

AL interation 3330/4801.

mae: 0.11104452709142348
max_error: 0.5523183174057005
variance: 0.008424153911722255

AL interation 3331/4801.

mae: 0.11102304451217435
max_error: 0.5514945863373812
variance: 0.008427883924197277

AL interation 3332/4801.

mae: 0.11100724827903043
max_error: 0.5512657837239301
variance: 0.008432699998142298

AL interation 3333/4801.

mae: 0.11099385597470715
max_error: 0.5512854429858587
variance: 0.00843039880403829

AL interation 3334/4801.

mae: 0.11097000714782121
max_error: 0.5514574679611073
variance: 0.008426739227772347

AL interation 3335/4801.

mae: 0.11095940332114577
max_error: 0.5513964834847389
variance: 0.008428526280115624

AL interation 3336/4801.

mae: 0.11096290543062998
max_error: 0.5516365786659243
variance: 0.008432265470682161

AL interation 3337/4801.

mae: 0.11095722907631253
max_error: 0.5512331220211966
variance: 0.008431554848338015

AL interation 3338/4801.

mae: 0.11095261679082932
max_error: 0.5522782538488125
variance: 0.008444339984620793

AL interation 3339/4801.

mae: 0.11089071431584782
max_error: 0.5525058422782614
variance: 0.0084369926309767

AL interation 3340/4801.

mae: 0.11086460514895055
max_error: 0.5520669340961124
variance: 0.00843472901051573

AL interation 3341/4801.

mae: 0.1108423044960491
max_error: 0.5525678364977971
variance: 0.008426884243253567

AL interation 3342/4801.

mae: 0.1108408330337798
max_error: 0.5516494802029559
variance: 0.008422742522945953

AL interation 3343/4801.

mae: 0.11086029265847737
max_error: 0.5528937880467186
variance: 0.008425200661498834

AL interation 3344/4801.

mae: 0.11083332227860701
max_error: 0.5531079700726744
variance: 0.008419863645613696

AL interation 3345/4801.

mae: 0.11085438107105117
max_error: 0.5586625295038568
variance: 0.008415609745543047

AL interation 3346/4801.

mae: 0.11085799877480262
max_error: 0.5572673178154046
variance: 0.008415768382748426

AL interation 3347/4801.

mae: 0.11086422100724125
max_error: 0.5601796749904882
variance: 0.008392292891664923

AL interation 3348/4801.

mae: 0.11085320209534152
max_error: 0.5625043474409859
variance: 0.008394033176560541

AL interation 3349/4801.

mae: 0.11086297904950328
max_error: 0.5625419568984364
variance: 0.008393973525678432

AL interation 3350/4801.

mae: 0.11087832698354387
max_error: 0.5627516136438624
variance: 0.008395721032230285

AL interation 3351/4801.

mae: 0.11086967772161324
max_error: 0.5613621205493446
variance: 0.008406555654827182

AL interation 3352/4801.

mae: 0.11089398846121797
max_error: 0.5625710522652998
variance: 0.008410209518943616

AL interation 3353/4801.

mae: 0.11092258209268346
max_error: 0.5667881287870866
variance: 0.008413544445515588

AL interation 3354/4801.

mae: 0.11089220775631012
max_error: 0.5664252773299783
variance: 0.008418458080456265

AL interation 3355/4801.

mae: 0.1108927299969498
max_error: 0.5664575990417458
variance: 0.008418463619661662

AL interation 3356/4801.

mae: 0.11087920349521892
max_error: 0.5671772203967986
variance: 0.008415242929215515

AL interation 3357/4801.

mae: 0.110880242876347
max_error: 0.5671389474833717
variance: 0.008416712863095819

AL interation 3358/4801.

mae: 0.11084164372407741
max_error: 0.5677432684410944
variance: 0.008405991422199563

AL interation 3359/4801.

mae: 0.11088910147604358
max_error: 0.5683628188609537
variance: 0.008415940749792685

AL interation 3360/4801.

mae: 0.11089721161354724
max_error: 0.5680446064728173
variance: 0.008419146007045651

AL interation 3361/4801.

mae: 0.11089131083887001
max_error: 0.5687196561664667
variance: 0.008418976316666757

AL interation 3362/4801.

mae: 0.11090153376618112
max_error: 0.5691157504304405
variance: 0.00841804749615433

AL interation 3363/4801.

mae: 0.1108990744761622
max_error: 0.5690252675816367
variance: 0.0084179770717305

AL interation 3364/4801.

mae: 0.11086084771252053
max_error: 0.5690670113022653
variance: 0.008408345551570861

AL interation 3365/4801.

mae: 0.11081069358549821
max_error: 0.5649555579958596
variance: 0.008400100225951822

AL interation 3366/4801.

mae: 0.11081016920405265
max_error: 0.5649792702725094
variance: 0.008399681797021346

AL interation 3367/4801.

mae: 0.11081377057439012
max_error: 0.5648842147492958
variance: 0.008399869317772011

AL interation 3368/4801.

mae: 0.1107209674146795
max_error: 0.5669088624774776
variance: 0.00840624698364988

AL interation 3369/4801.

mae: 0.11069087071047082
max_error: 0.5620333578837649
variance: 0.008401035960893168

AL interation 3370/4801.

mae: 0.11069448522091567
max_error: 0.5620701839725655
variance: 0.008400429899982709

AL interation 3371/4801.

mae: 0.11073485942357013
max_error: 0.5626920780073954
variance: 0.008399990817366466

AL interation 3372/4801.

mae: 0.11072634555078563
max_error: 0.5625441466744157
variance: 0.008398850791437594

AL interation 3373/4801.

mae: 0.11071383980453257
max_error: 0.5678389247455531
variance: 0.008385131299267063

AL interation 3374/4801.

mae: 0.11055691098335912
max_error: 0.5683437731253962
variance: 0.008384682715092327

AL interation 3375/4801.

mae: 0.11057133099850232
max_error: 0.5655668502623059
variance: 0.00838715550621289

AL interation 3376/4801.

mae: 0.11059473662934284
max_error: 0.5654026373199637
variance: 0.008380395382977248

AL interation 3377/4801.

mae: 0.11061200775624919
max_error: 0.5655508136781013
variance: 0.008380032122979872

AL interation 3378/4801.

mae: 0.11061799685899416
max_error: 0.5654365353630375
variance: 0.008381192431145814

AL interation 3379/4801.

mae: 0.110572726413248
max_error: 0.5650221746671247
variance: 0.008376250100961203

AL interation 3380/4801.

mae: 0.1105511915139129
max_error: 0.5650525899343495
variance: 0.008374620885090719

AL interation 3381/4801.

mae: 0.11055262311459116
max_error: 0.5649775153149688
variance: 0.008373787186890304

AL interation 3382/4801.

mae: 0.11055716038377728
max_error: 0.5648671069354809
variance: 0.008373173371265091

AL interation 3383/4801.

mae: 0.11057956507579468
max_error: 0.5641075108067315
variance: 0.008367217230447527

AL interation 3384/4801.

mae: 0.11059214725331129
max_error: 0.5645031160356542
variance: 0.008361602892432745

AL interation 3385/4801.

mae: 0.11056444241205447
max_error: 0.5645327200117305
variance: 0.008364132014377067

AL interation 3386/4801.

mae: 0.11054383448959626
max_error: 0.5637211556172512
variance: 0.008368055746749647

AL interation 3387/4801.

mae: 0.11054485290944484
max_error: 0.5642314862191564
variance: 0.008368437473928726

AL interation 3388/4801.

mae: 0.11052256574564873
max_error: 0.5648031944621019
variance: 0.008364349294873352

AL interation 3389/4801.

mae: 0.11054038947762887
max_error: 0.564983337595486
variance: 0.00836771242382956

AL interation 3390/4801.

mae: 0.11052175752371975
max_error: 0.5649474536749959
variance: 0.008365704457374867

AL interation 3391/4801.

mae: 0.11052273171817809
max_error: 0.5643296184189595
variance: 0.008356980586529242

AL interation 3392/4801.

mae: 0.11052996823687848
max_error: 0.5631449471689747
variance: 0.008348890626580742

AL interation 3393/4801.

mae: 0.11060416310135386
max_error: 0.562826019066347
variance: 0.00835685365224552

AL interation 3394/4801.

mae: 0.11057160816244202
max_error: 0.5628942001224688
variance: 0.008347087347526268

AL interation 3395/4801.

mae: 0.1105679716327266
max_error: 0.5632375565993719
variance: 0.008365630142731093

AL interation 3396/4801.

mae: 0.11055324885790542
max_error: 0.5631712048362432
variance: 0.008366987753414837

AL interation 3397/4801.

mae: 0.11055483944114941
max_error: 0.563121082799297
variance: 0.00836634865044488

AL interation 3398/4801.

mae: 0.11054423949208007
max_error: 0.5633909625097115
variance: 0.00836535563801848

AL interation 3399/4801.

mae: 0.11052459545556198
max_error: 0.5632324519199621
variance: 0.008360162853512132

AL interation 3400/4801.

mae: 0.11053080485039286
max_error: 0.5654212628246871
variance: 0.008368709442957341

AL interation 3401/4801.

mae: 0.11050659319362265
max_error: 0.5651842318235105
variance: 0.008362815225775158

AL interation 3402/4801.

mae: 0.11050618772289883
max_error: 0.5651790306273003
variance: 0.008362738689516848

AL interation 3403/4801.

mae: 0.11049419911170558
max_error: 0.565781444248731
variance: 0.008363416461422583

AL interation 3404/4801.

mae: 0.11053560582840476
max_error: 0.5653117252020476
variance: 0.00836778194331234

AL interation 3405/4801.

mae: 0.1105365845160076
max_error: 0.5634322958165239
variance: 0.008371577523113356

AL interation 3406/4801.

mae: 0.11051419031232498
max_error: 0.5613923491146422
variance: 0.008374493141086216

AL interation 3407/4801.

mae: 0.11055567195895688
max_error: 0.5612109870810889
variance: 0.00837896001375525

AL interation 3408/4801.

mae: 0.1105867933581457
max_error: 0.5601598751837171
variance: 0.008375139780277308

AL interation 3409/4801.

mae: 0.11058763319161742
max_error: 0.5604585499439088
variance: 0.008369771456544538

AL interation 3410/4801.

mae: 0.11056068396746656
max_error: 0.5616651030718525
variance: 0.00837119377296058

AL interation 3411/4801.

mae: 0.11057265433317537
max_error: 0.5616282237629071
variance: 0.00837254650516358

AL interation 3412/4801.

mae: 0.11058519018871191
max_error: 0.560987936608075
variance: 0.008374734668686896

AL interation 3413/4801.

mae: 0.1105769998167078
max_error: 0.5607484174914568
variance: 0.008379362373254321

AL interation 3414/4801.

mae: 0.11058859672489535
max_error: 0.5612079465135618
variance: 0.008382256907637954

AL interation 3415/4801.

mae: 0.11061298198821129
max_error: 0.5608858165036659
variance: 0.00838423084475042

AL interation 3416/4801.

mae: 0.11054747332510749
max_error: 0.5610138770597666
variance: 0.008381234456847499

AL interation 3417/4801.

mae: 0.11052504023930863
max_error: 0.5601709727073412
variance: 0.00837359751254541

AL interation 3418/4801.

mae: 0.11052502393846493
max_error: 0.5606435630003483
variance: 0.008370718640681864

AL interation 3419/4801.

mae: 0.11058304998217036
max_error: 0.5593058877536965
variance: 0.008376526117465128

AL interation 3420/4801.

mae: 0.11058884424677509
max_error: 0.5593936896243936
variance: 0.008375299106000603

AL interation 3421/4801.

mae: 0.11055414677172697
max_error: 0.5589857426629132
variance: 0.008373742643972329

AL interation 3422/4801.

mae: 0.11056343053781806
max_error: 0.558883083613948
variance: 0.008372581290606682

AL interation 3423/4801.

mae: 0.110548260287572
max_error: 0.5592648365882029
variance: 0.008370342149647048

AL interation 3424/4801.

mae: 0.11055235787461856
max_error: 0.5592185673515693
variance: 0.008370401408274273

AL interation 3425/4801.

mae: 0.11048132668153676
max_error: 0.5594448091474469
variance: 0.008362676186325241

AL interation 3426/4801.

mae: 0.1105178928805443
max_error: 0.560086087042821
variance: 0.008360489482312832

AL interation 3427/4801.

mae: 0.11052830146103569
max_error: 0.5600063262600243
variance: 0.008359498321190248

AL interation 3428/4801.

mae: 0.11052442042469814
max_error: 0.559892264514684
variance: 0.00835980156611015

AL interation 3429/4801.

mae: 0.11051518744072183
max_error: 0.5600315227166428
variance: 0.008356993934341857

AL interation 3430/4801.

mae: 0.11053112569711415
max_error: 0.5627643230304304
variance: 0.008345284741451568

AL interation 3431/4801.

mae: 0.11052851531602358
max_error: 0.5629649215916142
variance: 0.008352740352159185

AL interation 3432/4801.

mae: 0.11052927357292669
max_error: 0.5627089940691747
variance: 0.008353948883616387

AL interation 3433/4801.

mae: 0.11053146444366434
max_error: 0.5628890813491663
variance: 0.008347513575495664

AL interation 3434/4801.

mae: 0.11054605808213698
max_error: 0.5639934112610026
variance: 0.008346696203791486

AL interation 3435/4801.

mae: 0.11054287226740406
max_error: 0.5639671093209766
variance: 0.008345638891705622

AL interation 3436/4801.

mae: 0.11055900229312406
max_error: 0.5640079365006394
variance: 0.00834625336693378

AL interation 3437/4801.

mae: 0.11050577851747304
max_error: 0.5630492423005049
variance: 0.008349876118807269

AL interation 3438/4801.

mae: 0.11053888788562574
max_error: 0.5640026883165752
variance: 0.008349110720581254

AL interation 3439/4801.

mae: 0.11057169983310705
max_error: 0.5632922514372236
variance: 0.00834759518931125

AL interation 3440/4801.

mae: 0.11057348663717345
max_error: 0.5631712846311014
variance: 0.008347565339762905

AL interation 3441/4801.

mae: 0.11062487670484629
max_error: 0.560128424098131
variance: 0.008338751615976909

AL interation 3442/4801.

mae: 0.11061289067761526
max_error: 0.560226874448229
variance: 0.00833953316169359

AL interation 3443/4801.

mae: 0.11057561903324407
max_error: 0.5598687177349952
variance: 0.00833994872855328

AL interation 3444/4801.

mae: 0.11057839773450769
max_error: 0.5571916185401058
variance: 0.008341912176329585

AL interation 3445/4801.

mae: 0.11045049979228859
max_error: 0.5582764726957592
variance: 0.00833526998541035

AL interation 3446/4801.

mae: 0.11043727030403114
max_error: 0.5583028708374291
variance: 0.008332922030610531

AL interation 3447/4801.

mae: 0.11044071534164106
max_error: 0.5583859626324901
variance: 0.008331560647576368

AL interation 3448/4801.

mae: 0.11044417471594607
max_error: 0.5572539313412879
variance: 0.008334540788624898

AL interation 3449/4801.

mae: 0.11044058975111276
max_error: 0.5575097235924371
variance: 0.008333237122193402

AL interation 3450/4801.

mae: 0.1104519786945764
max_error: 0.5571640216950282
variance: 0.008335680902254667

AL interation 3451/4801.

mae: 0.11045252802887805
max_error: 0.5570723218047591
variance: 0.008341520555852279

AL interation 3452/4801.

mae: 0.11045985238257316
max_error: 0.5583693998757622
variance: 0.008340157246209434

AL interation 3453/4801.

mae: 0.11039065838753728
max_error: 0.5544335898738688
variance: 0.00831171653802797

AL interation 3454/4801.

mae: 0.11032239999924513
max_error: 0.5552342800751822
variance: 0.008313320858017162

AL interation 3455/4801.

mae: 0.11024531631466547
max_error: 0.5549953478082958
variance: 0.008308430851999392

AL interation 3456/4801.

mae: 0.11020393748532811
max_error: 0.555410790586985
variance: 0.008306403407434272

AL interation 3457/4801.

mae: 0.11019859504878655
max_error: 0.5525826498875244
variance: 0.008308719747427602

AL interation 3458/4801.

mae: 0.11019500624478724
max_error: 0.5525850259622342
variance: 0.008309032073125997

AL interation 3459/4801.

mae: 0.11014651828092975
max_error: 0.5531700394174384
variance: 0.008318083340874376

AL interation 3460/4801.

mae: 0.11014242050988242
max_error: 0.5530257437802106
variance: 0.008314684170695419

AL interation 3461/4801.

mae: 0.11014567401555574
max_error: 0.5501700589675469
variance: 0.008314813550352018

AL interation 3462/4801.

mae: 0.11010348821464444
max_error: 0.5524617964438763
variance: 0.008304501201434054

AL interation 3463/4801.

mae: 0.11010175284013911
max_error: 0.5523822657274047
variance: 0.008304298507635706

AL interation 3464/4801.

mae: 0.11003027337010261
max_error: 0.5527231562109871
variance: 0.008295875683474632

AL interation 3465/4801.

mae: 0.11000721697459265
max_error: 0.5513199420942652
variance: 0.008258584440755341

AL interation 3466/4801.

mae: 0.10997450831295978
max_error: 0.5516049186341938
variance: 0.008254431483668142

AL interation 3467/4801.

mae: 0.1099704534196452
max_error: 0.5517146271336433
variance: 0.008254299137250449

AL interation 3468/4801.

mae: 0.1099705990060375
max_error: 0.5517878911536904
variance: 0.008254141028500804

AL interation 3469/4801.

mae: 0.10997795222645197
max_error: 0.5516490047128464
variance: 0.008254806305320796

AL interation 3470/4801.

mae: 0.10996912250274796
max_error: 0.551633742960508
variance: 0.008257875929382352

AL interation 3471/4801.

mae: 0.10991543886417418
max_error: 0.5513406659378628
variance: 0.008256116653571732

AL interation 3472/4801.

mae: 0.10991387075070971
max_error: 0.5484652204441218
variance: 0.008252282471557414

AL interation 3473/4801.

mae: 0.10991745294879732
max_error: 0.5485671733717474
variance: 0.008250115366548945

AL interation 3474/4801.

mae: 0.10991891575558957
max_error: 0.5485570020859161
variance: 0.008248966912522132

AL interation 3475/4801.

mae: 0.10988846139989264
max_error: 0.5482872277005093
variance: 0.008234269167410465

AL interation 3476/4801.

mae: 0.109888484757134
max_error: 0.5482872935400689
variance: 0.008234265330088975

AL interation 3477/4801.

mae: 0.10981570715505674
max_error: 0.5464673239448139
variance: 0.008228312935318094

AL interation 3478/4801.

mae: 0.10980103228338195
max_error: 0.54189293028244
variance: 0.008220014867452918

AL interation 3479/4801.

mae: 0.10977147557801605
max_error: 0.541827679414931
variance: 0.008213141762709136

AL interation 3480/4801.

mae: 0.10974057155142751
max_error: 0.5412657188343515
variance: 0.00820134785500401

AL interation 3481/4801.

mae: 0.10973648651438203
max_error: 0.5417896296266314
variance: 0.008201546639022065

AL interation 3482/4801.

mae: 0.10975223927629219
max_error: 0.5414478529774052
variance: 0.008206973603487057

AL interation 3483/4801.

mae: 0.10974048046311367
max_error: 0.5417281692115627
variance: 0.008204905477809337

AL interation 3484/4801.

mae: 0.10972469232676313
max_error: 0.5420341103528945
variance: 0.00821083746072111

AL interation 3485/4801.

mae: 0.10973744487611325
max_error: 0.5422030277532366
variance: 0.008211506702959516

AL interation 3486/4801.

mae: 0.1097356271855443
max_error: 0.5410595032747914
variance: 0.008218497885506354

AL interation 3487/4801.

mae: 0.10976315243436202
max_error: 0.5408242899182536
variance: 0.008218430084010044

AL interation 3488/4801.

mae: 0.10978133842677602
max_error: 0.5401075463001259
variance: 0.00821913174986513

AL interation 3489/4801.

mae: 0.10966233700306957
max_error: 0.5400510069751085
variance: 0.008213846251077277

AL interation 3490/4801.

mae: 0.10966139019960656
max_error: 0.5400598329496482
variance: 0.00821398976782594

AL interation 3491/4801.

mae: 0.1096640944689915
max_error: 0.5400480341738056
variance: 0.00821425299031892

AL interation 3492/4801.

mae: 0.10963908359071775
max_error: 0.5396077116413451
variance: 0.00820492190139647

AL interation 3493/4801.

mae: 0.10965570383714013
max_error: 0.539529004661869
variance: 0.008206812693585265

AL interation 3494/4801.

mae: 0.10964521776483595
max_error: 0.5400472242277754
variance: 0.008206816470494253

AL interation 3495/4801.

mae: 0.1096605897325024
max_error: 0.540037040323373
variance: 0.008203248450077668

AL interation 3496/4801.

mae: 0.10965664895021482
max_error: 0.5400656053184925
variance: 0.008202405380696075

AL interation 3497/4801.

mae: 0.10962233966423744
max_error: 0.5399677884188829
variance: 0.008203179418692603

AL interation 3498/4801.

mae: 0.10960805898393197
max_error: 0.5391658573507137
variance: 0.008210960234108663

AL interation 3499/4801.

mae: 0.10960869162465628
max_error: 0.5398706391627943
variance: 0.008196168208374389

AL interation 3500/4801.

mae: 0.10955337316655962
max_error: 0.5415721121203845
variance: 0.008178100820145378

AL interation 3501/4801.

mae: 0.10953835197916781
max_error: 0.5412658833497037
variance: 0.008178731801781454

AL interation 3502/4801.

mae: 0.10955757043813909
max_error: 0.5404768328888938
variance: 0.008174868697502108

AL interation 3503/4801.

mae: 0.10954511871031407
max_error: 0.5402570393372894
variance: 0.008174353277830428

AL interation 3504/4801.

mae: 0.10956762308640808
max_error: 0.5400340170178133
variance: 0.008174911090306823

AL interation 3505/4801.

mae: 0.10927059842669903
max_error: 0.5396408649312772
variance: 0.008128315197284073

AL interation 3506/4801.

mae: 0.10924079227285675
max_error: 0.5360227346873945
variance: 0.008109031282299858

AL interation 3507/4801.

mae: 0.10922061128632612
max_error: 0.5341408489608561
variance: 0.008103117688162433

AL interation 3508/4801.

mae: 0.10916707347125498
max_error: 0.5278511136200699
variance: 0.008090973575493387

AL interation 3509/4801.

mae: 0.10915671691929692
max_error: 0.5251992934129603
variance: 0.008092060243309114

AL interation 3510/4801.

mae: 0.1091513798503498
max_error: 0.5263939657758767
variance: 0.00809812541649678

AL interation 3511/4801.

mae: 0.10918048256237171
max_error: 0.5252284300176129
variance: 0.00810506727766016

AL interation 3512/4801.

mae: 0.1092174113846289
max_error: 0.5227871062230554
variance: 0.008106162213437977

AL interation 3513/4801.

mae: 0.10922165046648573
max_error: 0.5222636352529051
variance: 0.008106454954666035

AL interation 3514/4801.

mae: 0.10916959551747168
max_error: 0.5218884510949859
variance: 0.008100691025274007

AL interation 3515/4801.

mae: 0.10909366878413576
max_error: 0.5222281069943859
variance: 0.008090982761581633

AL interation 3516/4801.

mae: 0.10901406409759401
max_error: 0.5226841296821032
variance: 0.008087564570896665

AL interation 3517/4801.

mae: 0.10901639493222558
max_error: 0.5196447706895391
variance: 0.008076158000182295

AL interation 3518/4801.

mae: 0.10900392203818544
max_error: 0.5198054998524941
variance: 0.00807981516063017

AL interation 3519/4801.

mae: 0.10902174851673432
max_error: 0.5202792385749775
variance: 0.008083310259954672

AL interation 3520/4801.

mae: 0.10903472202070369
max_error: 0.5225687393507821
variance: 0.008082718953147492

AL interation 3521/4801.

mae: 0.10903554088641451
max_error: 0.5225704743262254
variance: 0.008083038555729916

AL interation 3522/4801.

mae: 0.10913062418166064
max_error: 0.5222517252893515
variance: 0.00810633038067546

AL interation 3523/4801.

mae: 0.10910358488835419
max_error: 0.5213047496103336
variance: 0.00809835001515682

AL interation 3524/4801.

mae: 0.1091127630333014
max_error: 0.5214147845271411
variance: 0.008095242446279325

AL interation 3525/4801.

mae: 0.1090623813361972
max_error: 0.5199453098037896
variance: 0.008095444244255746

AL interation 3526/4801.

mae: 0.10906333163016473
max_error: 0.5188332634548267
variance: 0.008094029845549373

AL interation 3527/4801.

mae: 0.10907831650123742
max_error: 0.5183748785968245
variance: 0.008091732940758036

AL interation 3528/4801.

mae: 0.10914728898142388
max_error: 0.5257552535619023
variance: 0.008104122668764466

AL interation 3529/4801.

mae: 0.10914203294427778
max_error: 0.5261138567418331
variance: 0.00810160034148674

AL interation 3530/4801.

mae: 0.10915625585257908
max_error: 0.5281767097134376
variance: 0.008099977357704726

AL interation 3531/4801.

mae: 0.10912199971041193
max_error: 0.5285070084321797
variance: 0.008092818903824227

AL interation 3532/4801.

mae: 0.10912537249267001
max_error: 0.5281143067312111
variance: 0.008095882996226574

AL interation 3533/4801.

mae: 0.10908456862988072
max_error: 0.5276395945540955
variance: 0.00809290622549498

AL interation 3534/4801.

mae: 0.10908334716392395
max_error: 0.5276173091470833
variance: 0.008092457392076377

AL interation 3535/4801.

mae: 0.1090760455764193
max_error: 0.5276423890923292
variance: 0.008093725659499375

AL interation 3536/4801.

mae: 0.10902893211538944
max_error: 0.5283187874393014
variance: 0.008082614581447349

AL interation 3537/4801.

mae: 0.1090275575774983
max_error: 0.5283158162625696
variance: 0.008082329428611633

AL interation 3538/4801.

mae: 0.1089927941446082
max_error: 0.5292556419168579
variance: 0.008081372479458039

AL interation 3539/4801.

mae: 0.10898393926374265
max_error: 0.5290628210948292
variance: 0.008084893575615714

AL interation 3540/4801.

mae: 0.1089801465839484
max_error: 0.529154337506744
variance: 0.008085410193502264

AL interation 3541/4801.

mae: 0.1089618208896735
max_error: 0.5305710134123611
variance: 0.008094477616164041

AL interation 3542/4801.

mae: 0.10896059920843186
max_error: 0.5297813700215581
variance: 0.008098482394145635

AL interation 3543/4801.

mae: 0.10889725848791607
max_error: 0.5303896425631986
variance: 0.008099819427603976

AL interation 3544/4801.

mae: 0.10888313304325457
max_error: 0.5309464364672412
variance: 0.008103836072582048

AL interation 3545/4801.

mae: 0.10889109142249521
max_error: 0.5300383739389902
variance: 0.008105208629468121

AL interation 3546/4801.

mae: 0.10888504231925819
max_error: 0.5286560869892316
variance: 0.008105971218467628

AL interation 3547/4801.

mae: 0.10892195587262628
max_error: 0.5272796343627117
variance: 0.00810832185728723

AL interation 3548/4801.

mae: 0.10892814800376394
max_error: 0.527307996648827
variance: 0.008111855624849064

AL interation 3549/4801.

mae: 0.10892014463670305
max_error: 0.5273629699519273
variance: 0.008113468029691389

AL interation 3550/4801.

mae: 0.10895287729237212
max_error: 0.5292704965393278
variance: 0.008115553900922522

AL interation 3551/4801.

mae: 0.10895445274094069
max_error: 0.5292207263934574
variance: 0.008114113527655897

AL interation 3552/4801.

mae: 0.10894436763908372
max_error: 0.5293970623177215
variance: 0.008113652159576245

AL interation 3553/4801.

mae: 0.10900966859757455
max_error: 0.5310490628313014
variance: 0.008113622883807011

AL interation 3554/4801.

mae: 0.10892010535577233
max_error: 0.5310384044402476
variance: 0.008113121605844877

AL interation 3555/4801.

mae: 0.1089555905378997
max_error: 0.5310860549979823
variance: 0.008125634613863767

AL interation 3556/4801.

mae: 0.10895856019005593
max_error: 0.5318209164239311
variance: 0.00812331866952383

AL interation 3557/4801.

mae: 0.10896309778692109
max_error: 0.5313361103760808
variance: 0.008120194768970792

AL interation 3558/4801.

mae: 0.10894193760193062
max_error: 0.5314995232321946
variance: 0.008121410096461919

AL interation 3559/4801.

mae: 0.10893136182777595
max_error: 0.5312487979738432
variance: 0.008123178906064952

AL interation 3560/4801.

mae: 0.10892157834100345
max_error: 0.5312755322268847
variance: 0.008118766083742865

AL interation 3561/4801.

mae: 0.10891602293892304
max_error: 0.5313897830657477
variance: 0.008117402183220525

AL interation 3562/4801.

mae: 0.10885791576695351
max_error: 0.5317909126924354
variance: 0.008112789576333998

AL interation 3563/4801.

mae: 0.10889473650516113
max_error: 0.5296509688712883
variance: 0.008096804071304399

AL interation 3564/4801.

mae: 0.10890757429761566
max_error: 0.5281348691819052
variance: 0.008093937192885096

AL interation 3565/4801.

mae: 0.10892530960220245
max_error: 0.523457797625074
variance: 0.008087330368936694

AL interation 3566/4801.

mae: 0.10891130690105644
max_error: 0.5233575646087187
variance: 0.008073101014369756

AL interation 3567/4801.

mae: 0.1089122910877639
max_error: 0.5226921518328913
variance: 0.008074348010326604

AL interation 3568/4801.

mae: 0.10879026450361932
max_error: 0.522901149191795
variance: 0.008085792653713262

AL interation 3569/4801.

mae: 0.10874181770722538
max_error: 0.5229862010225217
variance: 0.008083835795404073

AL interation 3570/4801.

mae: 0.10865760624054108
max_error: 0.5241481784919246
variance: 0.008088420464978771

AL interation 3571/4801.

mae: 0.10866282249648536
max_error: 0.5254619439177519
variance: 0.008086494123431633

AL interation 3572/4801.

mae: 0.10867288495159382
max_error: 0.5234257560568558
variance: 0.008078358802232661

AL interation 3573/4801.

mae: 0.10870537223364413
max_error: 0.5215921970305537
variance: 0.008085679759823348

AL interation 3574/4801.

mae: 0.10873943258078615
max_error: 0.5192463181356155
variance: 0.008103599075955297

AL interation 3575/4801.

mae: 0.10866789234740418
max_error: 0.5190322741241582
variance: 0.008102701415930726

AL interation 3576/4801.

mae: 0.10866788332302087
max_error: 0.5190345962092637
variance: 0.008102698742140452

AL interation 3577/4801.

mae: 0.10864714245252921
max_error: 0.5209369606634064
variance: 0.008106202868190637

AL interation 3578/4801.

mae: 0.10862016741097791
max_error: 0.5200974491383166
variance: 0.008102156216580047

AL interation 3579/4801.

mae: 0.10862047591925324
max_error: 0.520167883711661
variance: 0.008101810272523139

AL interation 3580/4801.

mae: 0.10861352745200611
max_error: 0.5201654131947571
variance: 0.00810177004414937

AL interation 3581/4801.

mae: 0.10862330183528744
max_error: 0.5211495720051555
variance: 0.008112110542057956

AL interation 3582/4801.

mae: 0.1086072303052583
max_error: 0.5229644734738352
variance: 0.008118990080083474

AL interation 3583/4801.

mae: 0.10855792324903563
max_error: 0.5226777928752027
variance: 0.008121069122851333

AL interation 3584/4801.

mae: 0.10855220571728899
max_error: 0.5223561423739875
variance: 0.008136627259243613

AL interation 3585/4801.

mae: 0.10851261721185532
max_error: 0.5228849606832466
variance: 0.008136539076656934

AL interation 3586/4801.

mae: 0.10850814120872411
max_error: 0.5231267507062034
variance: 0.008136556632561891

AL interation 3587/4801.

mae: 0.10841084023866507
max_error: 0.5250952884352227
variance: 0.008137028729011639

AL interation 3588/4801.

mae: 0.10843033697682247
max_error: 0.5291396689466934
variance: 0.008147500710991183

AL interation 3589/4801.

mae: 0.10843031232445668
max_error: 0.5291401714848725
variance: 0.008147498226191329

AL interation 3590/4801.

mae: 0.10840476900033415
max_error: 0.5292704162597719
variance: 0.008148463815233153

AL interation 3591/4801.

mae: 0.10839792406464142
max_error: 0.5284952230533975
variance: 0.008147527883175992

AL interation 3592/4801.

mae: 0.10839806683512457
max_error: 0.5285108032509562
variance: 0.008147487357527301

AL interation 3593/4801.

mae: 0.10838445935932967
max_error: 0.527933573284515
variance: 0.008148195371236067

AL interation 3594/4801.

mae: 0.10837364951005035
max_error: 0.5274182954669095
variance: 0.008142354629929105

AL interation 3595/4801.

mae: 0.10833909047215215
max_error: 0.5280547743719621
variance: 0.008135216537302878

AL interation 3596/4801.

mae: 0.10835193889352081
max_error: 0.5284871383860352
variance: 0.008134448073284378

AL interation 3597/4801.

mae: 0.10842712918564398
max_error: 0.5298707158681166
variance: 0.008137222608433454

AL interation 3598/4801.

mae: 0.10840561368988659
max_error: 0.5293827791502768
variance: 0.00814413729537371

AL interation 3599/4801.

mae: 0.10840506050428815
max_error: 0.5293805531379059
variance: 0.008144077087286825

AL interation 3600/4801.

mae: 0.10837271001171178
max_error: 0.5298560832508858
variance: 0.008142783384675707

AL interation 3601/4801.

mae: 0.10837236134939383
max_error: 0.5298618990278605
variance: 0.008142792018867988

AL interation 3602/4801.

mae: 0.10841145569434207
max_error: 0.5310921762348855
variance: 0.008146792813810406

AL interation 3603/4801.

mae: 0.10840070244816795
max_error: 0.5311647835526578
variance: 0.008146969547073281

AL interation 3604/4801.

mae: 0.10837777376649767
max_error: 0.5308214435115186
variance: 0.008145277940958208

AL interation 3605/4801.

mae: 0.10838596884496328
max_error: 0.5308484994837244
variance: 0.008146856678669816

AL interation 3606/4801.

mae: 0.10837591158763916
max_error: 0.5309522562732463
variance: 0.008146361734523988

AL interation 3607/4801.

mae: 0.10837362130850553
max_error: 0.5305332755374499
variance: 0.008145336125323348

AL interation 3608/4801.

mae: 0.10836875144203063
max_error: 0.5315362272674857
variance: 0.008148028512611375

AL interation 3609/4801.

mae: 0.10838209162471484
max_error: 0.5342087172342493
variance: 0.008146642443952481

AL interation 3610/4801.

mae: 0.10836822241775582
max_error: 0.5338019415326833
variance: 0.008149545663489872

AL interation 3611/4801.

mae: 0.10837936661008923
max_error: 0.5343101773781207
variance: 0.008153600688151337

AL interation 3612/4801.

mae: 0.10837836478550807
max_error: 0.5340631799455053
variance: 0.008153139622286228

AL interation 3613/4801.

mae: 0.10837238595423776
max_error: 0.5328968747472898
variance: 0.008145270586106113

AL interation 3614/4801.

mae: 0.10837271822073886
max_error: 0.532875175998301
variance: 0.00814553444110525

AL interation 3615/4801.

mae: 0.10833996955769484
max_error: 0.5326862348123527
variance: 0.008140709978918796

AL interation 3616/4801.

mae: 0.10837555976713545
max_error: 0.532306482307007
variance: 0.008143708145550549

AL interation 3617/4801.

mae: 0.10833817037472808
max_error: 0.5344751926808549
variance: 0.008141897063812163

AL interation 3618/4801.

mae: 0.10833723232603679
max_error: 0.5345913760834451
variance: 0.008140956012484483

AL interation 3619/4801.

mae: 0.10833766567867693
max_error: 0.5345951472154455
variance: 0.008141010869547527

AL interation 3620/4801.

mae: 0.10836099248499932
max_error: 0.5391741721567112
variance: 0.008149581154546294

AL interation 3621/4801.

mae: 0.1083542692635846
max_error: 0.5392946265278251
variance: 0.008148781309609374

AL interation 3622/4801.

mae: 0.10839055387721874
max_error: 0.538523196518522
variance: 0.008152670200762439

AL interation 3623/4801.

mae: 0.1082852948644279
max_error: 0.5409131366852336
variance: 0.008153484680014414

AL interation 3624/4801.

mae: 0.10833511043893844
max_error: 0.5405735673867724
variance: 0.008167630098152669

AL interation 3625/4801.

mae: 0.10829032456852966
max_error: 0.5391672625272186
variance: 0.008161769257013814

AL interation 3626/4801.

mae: 0.10827149388584657
max_error: 0.5390517460102373
variance: 0.008162284466194498

AL interation 3627/4801.

mae: 0.10827935179346933
max_error: 0.5390894247122091
variance: 0.008160332732121182

AL interation 3628/4801.

mae: 0.1082265023049584
max_error: 0.5378474808791402
variance: 0.008165053128031754

AL interation 3629/4801.

mae: 0.10823643325214401
max_error: 0.5378001148988716
variance: 0.008163099008305206

AL interation 3630/4801.

mae: 0.10826759070997619
max_error: 0.5383820236242229
variance: 0.00817953064032271

AL interation 3631/4801.

mae: 0.10826339531994293
max_error: 0.5384455267633879
variance: 0.008179674278805326

AL interation 3632/4801.

mae: 0.10817495707404695
max_error: 0.5391630923943538
variance: 0.008189690369339914

AL interation 3633/4801.

mae: 0.10815882244987331
max_error: 0.5396825260973515
variance: 0.008198920746421062

AL interation 3634/4801.

mae: 0.1081570150419743
max_error: 0.5403078580850114
variance: 0.008199757311165904

AL interation 3635/4801.

mae: 0.10815175971830919
max_error: 0.538355839533958
variance: 0.008211566387434201

AL interation 3636/4801.

mae: 0.10814659602399788
max_error: 0.5384471033888367
variance: 0.008211300048872707

AL interation 3637/4801.

mae: 0.1082672963026096
max_error: 0.5416162372111515
variance: 0.00821719487533864

AL interation 3638/4801.

mae: 0.1083037514626056
max_error: 0.5418617147311204
variance: 0.00822407994365938

AL interation 3639/4801.

mae: 0.10823201068605258
max_error: 0.5411930965628589
variance: 0.008228336770281236

AL interation 3640/4801.

mae: 0.10816952346088203
max_error: 0.5427136483888164
variance: 0.008217827308413413

AL interation 3641/4801.

mae: 0.10817724018171467
max_error: 0.5429756702106081
variance: 0.00821950548175503

AL interation 3642/4801.

mae: 0.10810594500065888
max_error: 0.5436053263867944
variance: 0.008220521270776346

AL interation 3643/4801.

mae: 0.10809160679258467
max_error: 0.5432915070103723
variance: 0.008223921749530972

AL interation 3644/4801.

mae: 0.10811742074070292
max_error: 0.5422011111250482
variance: 0.008223762088370102

AL interation 3645/4801.

mae: 0.1081358747156884
max_error: 0.542738405375303
variance: 0.008222731716949646

AL interation 3646/4801.

mae: 0.10809581390035777
max_error: 0.5424703757943137
variance: 0.00822217440084873

AL interation 3647/4801.

mae: 0.10809335193039284
max_error: 0.542487767288125
variance: 0.008221876169842377

AL interation 3648/4801.

mae: 0.10807935638787805
max_error: 0.5438332009550138
variance: 0.008218826757986951

AL interation 3649/4801.

mae: 0.10806124090380359
max_error: 0.5434884790041945
variance: 0.008220406922657296

AL interation 3650/4801.

mae: 0.10810282994305033
max_error: 0.5438405593371698
variance: 0.008220825340872569

AL interation 3651/4801.

mae: 0.10812251744282626
max_error: 0.5433652386468548
variance: 0.008229407466710904

AL interation 3652/4801.

mae: 0.10812081388483956
max_error: 0.5435418772955423
variance: 0.008228961960475298

AL interation 3653/4801.

mae: 0.10811388587251895
max_error: 0.5435296151999616
variance: 0.008229109156402552

AL interation 3654/4801.

mae: 0.10809258530920761
max_error: 0.5442523941419095
variance: 0.008221511754660746

AL interation 3655/4801.

mae: 0.10806597862872812
max_error: 0.5442305092622011
variance: 0.008223794878776395

AL interation 3656/4801.

mae: 0.10805187552162569
max_error: 0.5445237433659047
variance: 0.008220758669196878

AL interation 3657/4801.

mae: 0.1080218529122934
max_error: 0.5435448187170966
variance: 0.008218969433939932

AL interation 3658/4801.

mae: 0.10807917699878064
max_error: 0.5432488010032674
variance: 0.008231513376451446

AL interation 3659/4801.

mae: 0.10806513842617912
max_error: 0.54538878133837
variance: 0.00822079647519652

AL interation 3660/4801.

mae: 0.10802298642138908
max_error: 0.5468662385585317
variance: 0.00822531758017061

AL interation 3661/4801.

mae: 0.1080114629118983
max_error: 0.5474125872809417
variance: 0.008221700342329434

AL interation 3662/4801.

mae: 0.10795264792944985
max_error: 0.5469738963721378
variance: 0.008222885884028445

AL interation 3663/4801.

mae: 0.10790789320663341
max_error: 0.550794735920463
variance: 0.008214859583095408

AL interation 3664/4801.

mae: 0.10796946056261544
max_error: 0.547340323209565
variance: 0.00819549903819094

AL interation 3665/4801.

mae: 0.10798551647468999
max_error: 0.5447646532354966
variance: 0.008193394981248105

AL interation 3666/4801.

mae: 0.10800456515537485
max_error: 0.5465627963097885
variance: 0.008199407570749615

AL interation 3667/4801.

mae: 0.10800005558798369
max_error: 0.5468547869913012
variance: 0.008197480418502684

AL interation 3668/4801.

mae: 0.10798283054323736
max_error: 0.5470980093195283
variance: 0.008195714018329034

AL interation 3669/4801.

mae: 0.107975216876443
max_error: 0.5478270699438097
variance: 0.0081998550027472

AL interation 3670/4801.

mae: 0.10788169340857721
max_error: 0.5482030911871112
variance: 0.008200340375746431

AL interation 3671/4801.

mae: 0.10785523712481354
max_error: 0.5453115958891726
variance: 0.008204477341288745

AL interation 3672/4801.

mae: 0.10785738854953189
max_error: 0.5452919943758685
variance: 0.008205398836749566

AL interation 3673/4801.

mae: 0.10786536192858547
max_error: 0.5446859313422898
variance: 0.008200157664921092

AL interation 3674/4801.

mae: 0.10789164864803014
max_error: 0.5449631936950317
variance: 0.008213489194321274

AL interation 3675/4801.

mae: 0.10789573322033245
max_error: 0.5449137737748924
variance: 0.008206352490942806

AL interation 3676/4801.

mae: 0.10791618217908852
max_error: 0.545229246120428
variance: 0.00820657614181902

AL interation 3677/4801.

mae: 0.10796203398013234
max_error: 0.5485595416729501
variance: 0.008209351690408885

AL interation 3678/4801.

mae: 0.10791164897013365
max_error: 0.5494137185947459
variance: 0.008197230779570092

AL interation 3679/4801.

mae: 0.10791231307565241
max_error: 0.5493994042411776
variance: 0.00819677076605

AL interation 3680/4801.

mae: 0.10793482795055011
max_error: 0.5481276412278353
variance: 0.00819273090948714

AL interation 3681/4801.

mae: 0.10791949652417478
max_error: 0.5483627884112723
variance: 0.008192952355397276

AL interation 3682/4801.

mae: 0.10793562499094714
max_error: 0.5482662304444741
variance: 0.00819120343962525

AL interation 3683/4801.

mae: 0.10788755878217256
max_error: 0.5443969485995508
variance: 0.008181480149908403

AL interation 3684/4801.

mae: 0.1078735596324557
max_error: 0.5442908836305396
variance: 0.008184234484058469

AL interation 3685/4801.

mae: 0.1078469389911815
max_error: 0.5443958147454602
variance: 0.008183907412410221

AL interation 3686/4801.

mae: 0.10784310660982185
max_error: 0.5443887799673535
variance: 0.008183690127501716

AL interation 3687/4801.

mae: 0.10784534086486851
max_error: 0.5444058581192452
variance: 0.008181772623428842

AL interation 3688/4801.

mae: 0.10784476392772939
max_error: 0.5443599825696488
variance: 0.008179871902769056

AL interation 3689/4801.

mae: 0.10781821966812354
max_error: 0.5456088869213609
variance: 0.008189434826137678

AL interation 3690/4801.

mae: 0.10783064538825747
max_error: 0.5451536029059962
variance: 0.008194284909446478

AL interation 3691/4801.

mae: 0.10772364501832948
max_error: 0.5466131721627656
variance: 0.008188141335861784

AL interation 3692/4801.

mae: 0.10773744612834392
max_error: 0.5472532694621206
variance: 0.008188136443842019

AL interation 3693/4801.

mae: 0.10774968156694743
max_error: 0.5471458596069771
variance: 0.008187681368350007

AL interation 3694/4801.

mae: 0.10774970803276697
max_error: 0.5471329148360642
variance: 0.008187683609862804

AL interation 3695/4801.

mae: 0.10760563886802288
max_error: 0.5441951421262496
variance: 0.00818197140056417

AL interation 3696/4801.

mae: 0.10757518157852437
max_error: 0.5457707840160939
variance: 0.008184359498259271

AL interation 3697/4801.

mae: 0.10759341675278726
max_error: 0.5455694307580057
variance: 0.008187902600887162

AL interation 3698/4801.

mae: 0.10753797110965142
max_error: 0.54454900092641
variance: 0.00818795421663397

AL interation 3699/4801.

mae: 0.10753631016945918
max_error: 0.5441632861666905
variance: 0.008199127928187966

AL interation 3700/4801.

mae: 0.10749691163227112
max_error: 0.5425506745548647
variance: 0.008197716025866946

AL interation 3701/4801.

mae: 0.10748096077886846
max_error: 0.544504292279127
variance: 0.008203572431131938

AL interation 3702/4801.

mae: 0.10757542399536381
max_error: 0.5456079301073968
variance: 0.00820805726092066

AL interation 3703/4801.

mae: 0.10755976500517939
max_error: 0.5438085749513561
variance: 0.008199076730025031

AL interation 3704/4801.

mae: 0.107587668599025
max_error: 0.5368838270157736
variance: 0.008195051556889972

AL interation 3705/4801.

mae: 0.10758944458612872
max_error: 0.5368821751461494
variance: 0.00819491799962089

AL interation 3706/4801.

mae: 0.10744429920206272
max_error: 0.5363327491405734
variance: 0.008183799560666777

AL interation 3707/4801.

mae: 0.1074422521498442
max_error: 0.5341633188259056
variance: 0.008205155780673292

AL interation 3708/4801.

mae: 0.10744911802040219
max_error: 0.534356358630502
variance: 0.008206562669401722

AL interation 3709/4801.

mae: 0.10746351505958134
max_error: 0.5342384809039373
variance: 0.008202590448000893

AL interation 3710/4801.

mae: 0.1074848867276142
max_error: 0.5365424598481816
variance: 0.008208489536793189

AL interation 3711/4801.

mae: 0.10742963820977068
max_error: 0.5368060879378369
variance: 0.008198600870194923

AL interation 3712/4801.

mae: 0.10743670709665873
max_error: 0.536773556630628
variance: 0.008198109789414352

AL interation 3713/4801.

mae: 0.1074322749011285
max_error: 0.5364481012770863
variance: 0.00819555981242353

AL interation 3714/4801.

mae: 0.10744894100289736
max_error: 0.5359544162955334
variance: 0.008189432000987113

AL interation 3715/4801.

mae: 0.10743410430024837
max_error: 0.5364505126419896
variance: 0.008193330950525974

AL interation 3716/4801.

mae: 0.10740203190358273
max_error: 0.5402406195304401
variance: 0.008217673532724073

AL interation 3717/4801.

mae: 0.1074224170090085
max_error: 0.5401634201170751
variance: 0.008224119249719285

AL interation 3718/4801.

mae: 0.1074182840941467
max_error: 0.539704792309486
variance: 0.008227583130673463

AL interation 3719/4801.

mae: 0.10735137289629444
max_error: 0.5395720737709855
variance: 0.008226886950931357

AL interation 3720/4801.

mae: 0.10736375685664497
max_error: 0.5379707128049631
variance: 0.008233988869349625

AL interation 3721/4801.

mae: 0.10735845669984383
max_error: 0.5380826987038461
variance: 0.008233827200494218

AL interation 3722/4801.

mae: 0.10737442416793094
max_error: 0.5360035839892383
variance: 0.008221301180148289

AL interation 3723/4801.

mae: 0.10735997857218027
max_error: 0.5358612909607103
variance: 0.008224822610168669

AL interation 3724/4801.

mae: 0.1073549333924245
max_error: 0.5359036978823841
variance: 0.008226324148315976

AL interation 3725/4801.

mae: 0.1073624686906357
max_error: 0.5359489074434176
variance: 0.008224564882532589

AL interation 3726/4801.

mae: 0.10736210394733323
max_error: 0.5359325701732303
variance: 0.008224800226372314

AL interation 3727/4801.

mae: 0.1073637217495061
max_error: 0.5359224392311059
variance: 0.008225781057054536

AL interation 3728/4801.

mae: 0.10736239660995966
max_error: 0.5359253980948555
variance: 0.008225736374050923

AL interation 3729/4801.

mae: 0.1073534653801296
max_error: 0.5359718110145462
variance: 0.00821980653770584

AL interation 3730/4801.

mae: 0.10737945335139262
max_error: 0.5357264560638875
variance: 0.008226086169690188

AL interation 3731/4801.

mae: 0.10736117634734296
max_error: 0.5357369324186401
variance: 0.008219227184111496

AL interation 3732/4801.

mae: 0.10738295482067575
max_error: 0.535129675824292
variance: 0.008226092659195817

AL interation 3733/4801.

mae: 0.10737254984163662
max_error: 0.5348389442764514
variance: 0.00822612275963197

AL interation 3734/4801.

mae: 0.10737411140458676
max_error: 0.5385643143367869
variance: 0.008238243346069787

AL interation 3735/4801.

mae: 0.10736446544161117
max_error: 0.5389053121840472
variance: 0.008235672136664617

AL interation 3736/4801.

mae: 0.10735601262803042
max_error: 0.5388146024244804
variance: 0.008236237803574218

AL interation 3737/4801.

mae: 0.10735145656213652
max_error: 0.5386468227720194
variance: 0.008238888720871794

AL interation 3738/4801.

mae: 0.10735355112380836
max_error: 0.5386456307270944
variance: 0.00823931318221439

AL interation 3739/4801.

mae: 0.10732427151958666
max_error: 0.5393050038344764
variance: 0.008231171869609408

AL interation 3740/4801.

mae: 0.10731276768191035
max_error: 0.5395529987156689
variance: 0.008228687030669401

AL interation 3741/4801.

mae: 0.10732162449111067
max_error: 0.539718074970283
variance: 0.008229677599352631

AL interation 3742/4801.

mae: 0.10727428028891285
max_error: 0.5385063679574742
variance: 0.008224365917834377

AL interation 3743/4801.

mae: 0.10719914802394129
max_error: 0.5341052398689019
variance: 0.008225894446257547

AL interation 3744/4801.

mae: 0.10722522597901853
max_error: 0.5348285209347452
variance: 0.00822548874188567

AL interation 3745/4801.

mae: 0.10715627065545423
max_error: 0.5330441522311649
variance: 0.008209271156251143

AL interation 3746/4801.

mae: 0.1071255794862262
max_error: 0.5322950242599855
variance: 0.008188212167345936

AL interation 3747/4801.

mae: 0.10715169041856924
max_error: 0.530855573107063
variance: 0.008189051255336538

AL interation 3748/4801.

mae: 0.10713560097965276
max_error: 0.5330275253353154
variance: 0.008191556291494168

AL interation 3749/4801.

mae: 0.10715091039705471
max_error: 0.5351956853285085
variance: 0.008190718198092783

AL interation 3750/4801.

mae: 0.10713714283220668
max_error: 0.5341684497110748
variance: 0.008190782542722807

AL interation 3751/4801.

mae: 0.10713699539128263
max_error: 0.5341383695814326
variance: 0.00819087612933643

AL interation 3752/4801.

mae: 0.10709816807590906
max_error: 0.5345074464712418
variance: 0.008194548521455404

AL interation 3753/4801.

mae: 0.107093054121633
max_error: 0.5341513276153034
variance: 0.008193663761431727

AL interation 3754/4801.

mae: 0.1070982198958823
max_error: 0.534190739524405
variance: 0.008193275850929873

AL interation 3755/4801.

mae: 0.10711024311846915
max_error: 0.5340677104808176
variance: 0.0081943787745744

AL interation 3756/4801.

mae: 0.10710866305343911
max_error: 0.5340811969945172
variance: 0.008194365076486559

AL interation 3757/4801.

mae: 0.10712249829212296
max_error: 0.530635502002629
variance: 0.008194891032141353

AL interation 3758/4801.

mae: 0.10710228357407284
max_error: 0.5313405356430847
variance: 0.008192699194643991

AL interation 3759/4801.

mae: 0.10710098972385082
max_error: 0.5300783268285834
variance: 0.008193150334309741

AL interation 3760/4801.

mae: 0.10708341586274801
max_error: 0.5301922749272459
variance: 0.008194052874416113

AL interation 3761/4801.

mae: 0.10708339412273801
max_error: 0.5309262793671339
variance: 0.00819261829690731

AL interation 3762/4801.

mae: 0.10707584102538721
max_error: 0.5311809491389061
variance: 0.008192832063396695

AL interation 3763/4801.

mae: 0.10684709706422504
max_error: 0.5322661533989264
variance: 0.008137067859060524

AL interation 3764/4801.

mae: 0.10686303917474455
max_error: 0.5313762601697727
variance: 0.008133756582559307

AL interation 3765/4801.

mae: 0.10686643608301555
max_error: 0.5289394288378269
variance: 0.00812898229871157

AL interation 3766/4801.

mae: 0.10683857501721196
max_error: 0.5288776437689258
variance: 0.00812131675794735

AL interation 3767/4801.

mae: 0.10683804403152644
max_error: 0.5290117617205157
variance: 0.008122686410321935

AL interation 3768/4801.

mae: 0.1068325367647748
max_error: 0.5290224644239832
variance: 0.008121924308672066

AL interation 3769/4801.

mae: 0.1068279980648699
max_error: 0.5293926464981977
variance: 0.008118448063655602

AL interation 3770/4801.

mae: 0.10687409559029018
max_error: 0.5296824852006612
variance: 0.008117704135870676

AL interation 3771/4801.

mae: 0.10688149909087108
max_error: 0.5291361329693363
variance: 0.008100636406694537

AL interation 3772/4801.

mae: 0.10688939087409877
max_error: 0.5291555244849384
variance: 0.00810160159184637

AL interation 3773/4801.

mae: 0.10688953334216593
max_error: 0.5291554992159657
variance: 0.008101575507953217

AL interation 3774/4801.

mae: 0.10680283538636955
max_error: 0.5244174164167177
variance: 0.00809181200666303

AL interation 3775/4801.

mae: 0.10673696088590544
max_error: 0.5321073780560193
variance: 0.008098708928932474

AL interation 3776/4801.

mae: 0.10667115467519872
max_error: 0.5303476782068657
variance: 0.008120875544293764

AL interation 3777/4801.

mae: 0.10664522756349447
max_error: 0.531987693806343
variance: 0.008117003526527987

AL interation 3778/4801.

mae: 0.10661362410780424
max_error: 0.5300436368527164
variance: 0.008121367244782001

AL interation 3779/4801.

mae: 0.10660197320870438
max_error: 0.5298526802082266
variance: 0.008121807507463025

AL interation 3780/4801.

mae: 0.10652794870694132
max_error: 0.530257360792648
variance: 0.008100317554161433

AL interation 3781/4801.

mae: 0.10652667104860979
max_error: 0.5302545928855551
variance: 0.008101599783368317

AL interation 3782/4801.

mae: 0.10645311251925207
max_error: 0.531109547249903
variance: 0.00809611462934647

AL interation 3783/4801.

mae: 0.10650823297237261
max_error: 0.5302404150364923
variance: 0.008099342637542794

AL interation 3784/4801.

mae: 0.10650651530617301
max_error: 0.5301812507350023
variance: 0.008099391298161358

AL interation 3785/4801.

mae: 0.10650825460579574
max_error: 0.5300343403684797
variance: 0.00809963171740764

AL interation 3786/4801.

mae: 0.10647725410464154
max_error: 0.5303041553157755
variance: 0.008105417670440727

AL interation 3787/4801.

mae: 0.10647997285180148
max_error: 0.5303097909780243
variance: 0.008106532042879451

AL interation 3788/4801.

mae: 0.10647731384846643
max_error: 0.530475150699071
variance: 0.008107367681854525

AL interation 3789/4801.

mae: 0.10647979428773803
max_error: 0.5277050522832507
variance: 0.00808939238936908

AL interation 3790/4801.

mae: 0.10643683335846782
max_error: 0.5312822151779013
variance: 0.00808814318968031

AL interation 3791/4801.

mae: 0.10643370927275825
max_error: 0.5314485429114431
variance: 0.008089372982689226

AL interation 3792/4801.

mae: 0.10643705027341238
max_error: 0.5319593995236405
variance: 0.00809445589808905

AL interation 3793/4801.

mae: 0.10636685096377915
max_error: 0.5319285851714266
variance: 0.008087623143661897

AL interation 3794/4801.

mae: 0.10635072013840303
max_error: 0.5322000531110076
variance: 0.008086047016331727

AL interation 3795/4801.

mae: 0.10637390050447204
max_error: 0.5326314672355306
variance: 0.008086337785108462

AL interation 3796/4801.

mae: 0.10638122174757536
max_error: 0.5351507958993036
variance: 0.00808983697987899

AL interation 3797/4801.

mae: 0.10639824504266056
max_error: 0.5362734879423803
variance: 0.008094644066755967

AL interation 3798/4801.

mae: 0.10639673917914898
max_error: 0.5366159589893522
variance: 0.008095149737593411

AL interation 3799/4801.

mae: 0.10639504158827028
max_error: 0.536805051825314
variance: 0.008097699348398407

AL interation 3800/4801.

mae: 0.1064049752091454
max_error: 0.537297165853512
variance: 0.00809861603431584

AL interation 3801/4801.

mae: 0.1063696110667548
max_error: 0.5351833852351522
variance: 0.008113999379828362

AL interation 3802/4801.

mae: 0.10641664372347723
max_error: 0.5328362837533716
variance: 0.00811510132183452

AL interation 3803/4801.

mae: 0.10638851748128252
max_error: 0.5331468286900423
variance: 0.00811390671553973

AL interation 3804/4801.

mae: 0.10641944397814554
max_error: 0.5337372539861756
variance: 0.008107626609036292

AL interation 3805/4801.

mae: 0.10644319716816213
max_error: 0.5296066275686329
variance: 0.00808320299433204

AL interation 3806/4801.

mae: 0.10643193106127831
max_error: 0.5294454943202842
variance: 0.008083059525504557

AL interation 3807/4801.

mae: 0.10638088628881277
max_error: 0.5317261686517583
variance: 0.008071986987352418

AL interation 3808/4801.

mae: 0.10633133968907148
max_error: 0.5328536323185151
variance: 0.008054153216738885

AL interation 3809/4801.

mae: 0.10631993999595686
max_error: 0.5325443399008387
variance: 0.008053512378827057

AL interation 3810/4801.

mae: 0.10631715575443838
max_error: 0.5325692285331396
variance: 0.00805400158067178

AL interation 3811/4801.

mae: 0.10631995012333446
max_error: 0.5327909349896576
variance: 0.00805355942860112

AL interation 3812/4801.

mae: 0.10628183049683243
max_error: 0.5318335484395345
variance: 0.008036134780485009

AL interation 3813/4801.

mae: 0.10632140303675806
max_error: 0.5316066710057852
variance: 0.008035366535058479

AL interation 3814/4801.

mae: 0.10631847273501194
max_error: 0.5316258995286436
variance: 0.008034275823767895

AL interation 3815/4801.

mae: 0.10628567338980137
max_error: 0.5291581533314176
variance: 0.0080299510063727

AL interation 3816/4801.

mae: 0.10627409176146346
max_error: 0.5278795273400885
variance: 0.00802315183574356

AL interation 3817/4801.

mae: 0.10627460154460681
max_error: 0.5285784766633039
variance: 0.008022462598786702

AL interation 3818/4801.

mae: 0.10631721003242982
max_error: 0.5289006568841597
variance: 0.00803119867121247

AL interation 3819/4801.

mae: 0.10628095784853064
max_error: 0.5283822835916405
variance: 0.008036962928001035

AL interation 3820/4801.

mae: 0.10625895032448608
max_error: 0.5296753559811442
variance: 0.0080429936585168

AL interation 3821/4801.

mae: 0.10627522292009838
max_error: 0.5305684023043815
variance: 0.008045094628665024

AL interation 3822/4801.

mae: 0.10627235779693678
max_error: 0.5305607495534392
variance: 0.008051290768070842

AL interation 3823/4801.

mae: 0.1062602186065845
max_error: 0.5307277437314921
variance: 0.008048065990414188

AL interation 3824/4801.

mae: 0.10629955687977273
max_error: 0.5344511645564873
variance: 0.00805196967932085

AL interation 3825/4801.

mae: 0.10633236303935144
max_error: 0.5343876105139085
variance: 0.008050826736480804

AL interation 3826/4801.

mae: 0.10631483127235439
max_error: 0.5334780769578442
variance: 0.008047221300300271

AL interation 3827/4801.

mae: 0.10629714233400092
max_error: 0.5362199801576493
variance: 0.008053233721836717

AL interation 3828/4801.

mae: 0.10633008411336556
max_error: 0.534932653236817
variance: 0.008054167175238922

AL interation 3829/4801.

mae: 0.10633504468658111
max_error: 0.5344957617623578
variance: 0.00805227981090894

AL interation 3830/4801.

mae: 0.10633287682347174
max_error: 0.534569706668993
variance: 0.008049749602043074

AL interation 3831/4801.

mae: 0.10632056546448695
max_error: 0.533168836278084
variance: 0.008057947265076512

AL interation 3832/4801.

mae: 0.10626408263922515
max_error: 0.532432997383399
variance: 0.008052445447257714

AL interation 3833/4801.

mae: 0.10624258706928144
max_error: 0.533207969942926
variance: 0.008048692147748521

AL interation 3834/4801.

mae: 0.10619940869449107
max_error: 0.5335201615873038
variance: 0.008049972700626044

AL interation 3835/4801.

mae: 0.10623410326994415
max_error: 0.5345498137056017
variance: 0.008056238038778826

AL interation 3836/4801.

mae: 0.10624013979962973
max_error: 0.5346315917559892
variance: 0.008055828820188949

AL interation 3837/4801.

mae: 0.10622106743226445
max_error: 0.5352887621590341
variance: 0.008058473407625008

AL interation 3838/4801.

mae: 0.10621212817443579
max_error: 0.5356256196522544
variance: 0.008052344121283467

AL interation 3839/4801.

mae: 0.10620046881190409
max_error: 0.5386810967814268
variance: 0.008073798391947997

AL interation 3840/4801.

mae: 0.10619994515251743
max_error: 0.5385912879437518
variance: 0.00807189322209409

AL interation 3841/4801.

mae: 0.10621608502285014
max_error: 0.5407659808254595
variance: 0.008075594712551811

AL interation 3842/4801.

mae: 0.10623443472306142
max_error: 0.5409938679755468
variance: 0.008061611753969503

AL interation 3843/4801.

mae: 0.10624129260161204
max_error: 0.5413787599480573
variance: 0.008060022530639055

AL interation 3844/4801.

mae: 0.1062433699667522
max_error: 0.5413224349208239
variance: 0.008059345344446312

AL interation 3845/4801.

mae: 0.10620305205847512
max_error: 0.5420428648209219
variance: 0.008060386149448099

AL interation 3846/4801.

mae: 0.10615967125833278
max_error: 0.5417468742245015
variance: 0.008042627152076674

AL interation 3847/4801.

mae: 0.1061545277759233
max_error: 0.5433558565663885
variance: 0.0080394769305371

AL interation 3848/4801.

mae: 0.10614778984954822
max_error: 0.5433705439499725
variance: 0.008039520068060232

AL interation 3849/4801.

mae: 0.10615276894969164
max_error: 0.5435235139879095
variance: 0.00803958796255168

AL interation 3850/4801.

mae: 0.10615764512638091
max_error: 0.546157664036639
variance: 0.008027212978419665

AL interation 3851/4801.

mae: 0.10613415607223217
max_error: 0.5455743038411649
variance: 0.008026552260836723

AL interation 3852/4801.

mae: 0.10610071668482823
max_error: 0.5460223503263002
variance: 0.008023701392159967

AL interation 3853/4801.

mae: 0.10618520198131484
max_error: 0.5463443778459371
variance: 0.00801666172487922

AL interation 3854/4801.

mae: 0.1061871396236496
max_error: 0.5463415233226154
variance: 0.008017491467272958

AL interation 3855/4801.

mae: 0.10620203341957418
max_error: 0.5467022153055865
variance: 0.008012734076741256

AL interation 3856/4801.

mae: 0.10613107177990108
max_error: 0.5468415626358798
variance: 0.008015855221770394

AL interation 3857/4801.

mae: 0.1061270607262045
max_error: 0.5471689029757005
variance: 0.008014677041170308

AL interation 3858/4801.

mae: 0.10612559852333925
max_error: 0.5471680656108582
variance: 0.008014762236136747

AL interation 3859/4801.

mae: 0.10601274110946264
max_error: 0.5470564976662313
variance: 0.007993479087124994

AL interation 3860/4801.

mae: 0.10595689101363433
max_error: 0.546726989028695
variance: 0.0080008558058239

AL interation 3861/4801.

mae: 0.10592149229783208
max_error: 0.5459997271342907
variance: 0.007998485205457146

AL interation 3862/4801.

mae: 0.10591882829345134
max_error: 0.5461503428886232
variance: 0.007999308647579067

AL interation 3863/4801.

mae: 0.10585078964361344
max_error: 0.5489218037407433
variance: 0.00801062730465063

AL interation 3864/4801.

mae: 0.10592654766293184
max_error: 0.5488961921084883
variance: 0.008008579557623791

AL interation 3865/4801.

mae: 0.10592757850597832
max_error: 0.5485667951553701
variance: 0.008010388942159788

AL interation 3866/4801.

mae: 0.10592696164519948
max_error: 0.5485960531988727
variance: 0.00801023478941931

AL interation 3867/4801.

mae: 0.10591754362506171
max_error: 0.5490218961669271
variance: 0.008009982771796702

AL interation 3868/4801.

mae: 0.10590981349601154
max_error: 0.5488537132486577
variance: 0.008009852939190659

AL interation 3869/4801.

mae: 0.10594833103752972
max_error: 0.5487271357652972
variance: 0.00800777743852771

AL interation 3870/4801.

mae: 0.10585852863710858
max_error: 0.545034663910716
variance: 0.008018335724974754

AL interation 3871/4801.

mae: 0.10584862524969856
max_error: 0.5444715789898407
variance: 0.008018779074341408

AL interation 3872/4801.

mae: 0.10584782765350888
max_error: 0.5444138418175157
variance: 0.00801913386420003

AL interation 3873/4801.

mae: 0.10576102187176414
max_error: 0.5415178345267098
variance: 0.008024499692409847

AL interation 3874/4801.

mae: 0.10575453893739956
max_error: 0.5411298960948088
variance: 0.00802318369136268

AL interation 3875/4801.

mae: 0.10575760717219151
max_error: 0.5413735976778877
variance: 0.008022363033482067

AL interation 3876/4801.

mae: 0.10572555280867979
max_error: 0.5395091697770873
variance: 0.008004087428647898

AL interation 3877/4801.

mae: 0.10575551102659006
max_error: 0.5417726881774669
variance: 0.008007314971977415

AL interation 3878/4801.

mae: 0.10577330096267931
max_error: 0.5421896946306219
variance: 0.008018947177120391

AL interation 3879/4801.

mae: 0.1057284476043441
max_error: 0.5425419426056575
variance: 0.008024850100762032

AL interation 3880/4801.

mae: 0.10571147131666452
max_error: 0.5435245057251521
variance: 0.008023135048761763

AL interation 3881/4801.

mae: 0.10571252297078193
max_error: 0.5435938616362392
variance: 0.008023036561197993

AL interation 3882/4801.

mae: 0.10570927943394914
max_error: 0.5433556162815734
variance: 0.008025601055498646

AL interation 3883/4801.

mae: 0.1057228437501419
max_error: 0.5434277049735456
variance: 0.008030819070060757

AL interation 3884/4801.

mae: 0.10574584671941419
max_error: 0.5433913209104091
variance: 0.00803497509930967

AL interation 3885/4801.

mae: 0.10577478579904502
max_error: 0.5448475901859506
variance: 0.00804557974057008

AL interation 3886/4801.

mae: 0.10577203008043118
max_error: 0.5448234627049953
variance: 0.008046664181679347

AL interation 3887/4801.

mae: 0.10573176356789296
max_error: 0.5448436368727201
variance: 0.008025163972742827

AL interation 3888/4801.

mae: 0.10564798899957052
max_error: 0.544733962507916
variance: 0.008024349470453074

AL interation 3889/4801.

mae: 0.10564945911501852
max_error: 0.5447837816931234
variance: 0.008023340768798145

AL interation 3890/4801.

mae: 0.10562231004014754
max_error: 0.545161078359774
variance: 0.008032467263128961

AL interation 3891/4801.

mae: 0.10560226631829656
max_error: 0.5497198003142625
variance: 0.008033158137998627

AL interation 3892/4801.

mae: 0.10553656362576891
max_error: 0.5580387260050301
variance: 0.008020042653701319

AL interation 3893/4801.

mae: 0.10560823589243103
max_error: 0.5597419621486424
variance: 0.008015575787788613

AL interation 3894/4801.

mae: 0.1056064716255486
max_error: 0.559778503625731
variance: 0.008015302584377403

AL interation 3895/4801.

mae: 0.10560543715503408
max_error: 0.5597328844747125
variance: 0.008017890205293607

AL interation 3896/4801.

mae: 0.10560500622226883
max_error: 0.5597313990323052
variance: 0.008017769647517107

AL interation 3897/4801.

mae: 0.10560161784538616
max_error: 0.5619048562521947
variance: 0.008018584479925607

AL interation 3898/4801.

mae: 0.10558822064473002
max_error: 0.5624167692928506
variance: 0.00801986596083419

AL interation 3899/4801.

mae: 0.1056096963809005
max_error: 0.5612303564694905
variance: 0.008025134234912835

AL interation 3900/4801.

mae: 0.10562082394485532
max_error: 0.5613366872620027
variance: 0.008028957858288624

AL interation 3901/4801.

mae: 0.10564396490750663
max_error: 0.5611943527159298
variance: 0.008032749582329258

AL interation 3902/4801.

mae: 0.10562439197917337
max_error: 0.5615478290073863
variance: 0.00803390390407178

AL interation 3903/4801.

mae: 0.10564954057484491
max_error: 0.5610184238219134
variance: 0.008018016117244581

AL interation 3904/4801.

mae: 0.10564474637594705
max_error: 0.5605524579508181
variance: 0.008017177378609047

AL interation 3905/4801.

mae: 0.1056568672658079
max_error: 0.5601775975926628
variance: 0.008017445533291949

AL interation 3906/4801.

mae: 0.10562840072210239
max_error: 0.5581920618062775
variance: 0.008019478313000783

AL interation 3907/4801.

mae: 0.10562003943918444
max_error: 0.5578874163360528
variance: 0.008017184332228687

AL interation 3908/4801.

mae: 0.10569031777654965
max_error: 0.5550012549706302
variance: 0.008024667424415636

AL interation 3909/4801.

mae: 0.10564412270704003
max_error: 0.5553687317608009
variance: 0.008023656597280425

AL interation 3910/4801.

mae: 0.10565971922904413
max_error: 0.5544133443543657
variance: 0.008015384770640517

AL interation 3911/4801.

mae: 0.10564085845201614
max_error: 0.5550991883565644
variance: 0.00801578744756448

AL interation 3912/4801.

mae: 0.10564332266295412
max_error: 0.5551242404035737
variance: 0.00801625556084032

AL interation 3913/4801.

mae: 0.1056378109998893
max_error: 0.5551461653922072
variance: 0.008014634453927002

AL interation 3914/4801.

mae: 0.10557212183423739
max_error: 0.5546191129753879
variance: 0.008014677548619568

AL interation 3915/4801.

mae: 0.10550855594602328
max_error: 0.5550121795328042
variance: 0.008012225077973209

AL interation 3916/4801.

mae: 0.10549156819284859
max_error: 0.5562046622184003
variance: 0.008007590470374533

AL interation 3917/4801.

mae: 0.10546531357577678
max_error: 0.5554647745953005
variance: 0.008010342264254417

AL interation 3918/4801.

mae: 0.10545631318198741
max_error: 0.5549122423482924
variance: 0.008007554514158778

AL interation 3919/4801.

mae: 0.10544851003512712
max_error: 0.555295192430485
variance: 0.008010664560638817

AL interation 3920/4801.

mae: 0.10543653445963537
max_error: 0.5545087272472582
variance: 0.008008543411463932

AL interation 3921/4801.

mae: 0.10542056273769407
max_error: 0.5546282202822415
variance: 0.0080003987165921

AL interation 3922/4801.

mae: 0.10541956877446328
max_error: 0.5548110283279719
variance: 0.008005184489245181

AL interation 3923/4801.

mae: 0.10541960902171636
max_error: 0.555602417892791
variance: 0.00800290366970634

AL interation 3924/4801.

mae: 0.10545705736530107
max_error: 0.5542925505527148
variance: 0.008006158270786684

AL interation 3925/4801.

mae: 0.10547316396052113
max_error: 0.5545394941221566
variance: 0.008007743418052653

AL interation 3926/4801.

mae: 0.1054507885881183
max_error: 0.5545295708003906
variance: 0.008006696607300641

AL interation 3927/4801.

mae: 0.10548931688502035
max_error: 0.5532687363849824
variance: 0.008002540231623884

AL interation 3928/4801.

mae: 0.10540642189230554
max_error: 0.5523341180500285
variance: 0.007987197731778027

AL interation 3929/4801.

mae: 0.10544857817340107
max_error: 0.5524794331755469
variance: 0.00797923407589501

AL interation 3930/4801.

mae: 0.10546666536096991
max_error: 0.5525333050367323
variance: 0.007976937365673356

AL interation 3931/4801.

mae: 0.10546513950203076
max_error: 0.5525264091271644
variance: 0.007977131574409598

AL interation 3932/4801.

mae: 0.10552318020026104
max_error: 0.5532173385999126
variance: 0.007982035829400458

AL interation 3933/4801.

mae: 0.1055158516084846
max_error: 0.5532778319684191
variance: 0.007983505680342713

AL interation 3934/4801.

mae: 0.1055105664678613
max_error: 0.5531855457847588
variance: 0.007987441172321225

AL interation 3935/4801.

mae: 0.10551005438465814
max_error: 0.5545209363634918
variance: 0.00798528838488976

AL interation 3936/4801.

mae: 0.10551073708683296
max_error: 0.5547674217697764
variance: 0.007984749243414918

AL interation 3937/4801.

mae: 0.10551066902049788
max_error: 0.5547914208615499
variance: 0.007972944303286829

AL interation 3938/4801.

mae: 0.10551671198061482
max_error: 0.5556078171767975
variance: 0.007973912935639007

AL interation 3939/4801.

mae: 0.10551600260608014
max_error: 0.555661905386593
variance: 0.007973606466350189

AL interation 3940/4801.

mae: 0.10545859691948985
max_error: 0.5557443216721651
variance: 0.007979317158918942

AL interation 3941/4801.

mae: 0.10547241066743544
max_error: 0.555742560613151
variance: 0.007976333426740853

AL interation 3942/4801.

mae: 0.10547401969891125
max_error: 0.5557318554529846
variance: 0.007976065934369825

AL interation 3943/4801.

mae: 0.10547223749167996
max_error: 0.5556550669039932
variance: 0.007980529397543082

AL interation 3944/4801.

mae: 0.10547504654052144
max_error: 0.5556311715015028
variance: 0.007987345300762895

AL interation 3945/4801.

mae: 0.10545310075324116
max_error: 0.5551143674707575
variance: 0.00799566031747097

AL interation 3946/4801.

mae: 0.10545323877194102
max_error: 0.5550484169604157
variance: 0.007996776872664715

AL interation 3947/4801.

mae: 0.10543486827514412
max_error: 0.5568137794784018
variance: 0.007992296980476057

AL interation 3948/4801.

mae: 0.10543764536744504
max_error: 0.5566927064230907
variance: 0.007992615074010634

AL interation 3949/4801.

mae: 0.10543754168124758
max_error: 0.556695738072202
variance: 0.007993227767907417

AL interation 3950/4801.

mae: 0.10537783913442982
max_error: 0.5561373938995366
variance: 0.007991648873690131

AL interation 3951/4801.

mae: 0.10532309614272575
max_error: 0.5558970671210588
variance: 0.00799935371650241

AL interation 3952/4801.

mae: 0.10532916110971156
max_error: 0.5554870478910026
variance: 0.007998626860787478

AL interation 3953/4801.

mae: 0.10530531766235861
max_error: 0.5558363469569141
variance: 0.007998414480550277

AL interation 3954/4801.

mae: 0.10523323836522804
max_error: 0.5585206945205581
variance: 0.007995874515595799

AL interation 3955/4801.

mae: 0.1051970931225493
max_error: 0.5590946727883424
variance: 0.007993592498416757

AL interation 3956/4801.

mae: 0.10517951876851836
max_error: 0.5607883092327377
variance: 0.007991489595335455

AL interation 3957/4801.

mae: 0.10520119817747527
max_error: 0.5601239852944815
variance: 0.007988414790200654

AL interation 3958/4801.

mae: 0.10510265765504076
max_error: 0.5600420002386688
variance: 0.007963699811910578

AL interation 3959/4801.

mae: 0.10511159634375258
max_error: 0.5587692701329683
variance: 0.007950115048064681

AL interation 3960/4801.

mae: 0.10511118999298161
max_error: 0.5589605483746727
variance: 0.00795117856153617

AL interation 3961/4801.

mae: 0.1051290898710876
max_error: 0.5589059380544086
variance: 0.00795509460484537

AL interation 3962/4801.

mae: 0.10511060144575246
max_error: 0.5571779531164225
variance: 0.007957370251198881

AL interation 3963/4801.

mae: 0.10511718844211092
max_error: 0.5569865405677454
variance: 0.007957047168703336

AL interation 3964/4801.

mae: 0.10506996375336332
max_error: 0.5542009492007676
variance: 0.007947872535955438

AL interation 3965/4801.

mae: 0.10506983937413471
max_error: 0.5541748905956041
variance: 0.007949583146208286

AL interation 3966/4801.

mae: 0.10507035471838932
max_error: 0.554157197528637
variance: 0.007949335410963586

AL interation 3967/4801.

mae: 0.10505276627247892
max_error: 0.5541757719814964
variance: 0.007944681069208486

AL interation 3968/4801.

mae: 0.10505647022894635
max_error: 0.5541747078499419
variance: 0.007945577142152542

AL interation 3969/4801.

mae: 0.10510807026890549
max_error: 0.5525704815225705
variance: 0.00795088395722832

AL interation 3970/4801.

mae: 0.10510184273843748
max_error: 0.5523411635548179
variance: 0.007951187440376073

AL interation 3971/4801.

mae: 0.10510295981322015
max_error: 0.5528960720936453
variance: 0.007951049734937004

AL interation 3972/4801.

mae: 0.10508897016867341
max_error: 0.5524500615874377
variance: 0.007950591895469148

AL interation 3973/4801.

mae: 0.10507108591655669
max_error: 0.5520858280893925
variance: 0.00794697708867398

AL interation 3974/4801.

mae: 0.10504188687883474
max_error: 0.5522124350536455
variance: 0.007938226926931243

AL interation 3975/4801.

mae: 0.10497957630221033
max_error: 0.5520950494443504
variance: 0.00794147685020706

AL interation 3976/4801.

mae: 0.10499832140667388
max_error: 0.551701044958822
variance: 0.007940087661148504

AL interation 3977/4801.

mae: 0.10499745386911562
max_error: 0.5517615870393513
variance: 0.007939985869518018

AL interation 3978/4801.

mae: 0.10501292756980024
max_error: 0.551684790577097
variance: 0.007943085952045787

AL interation 3979/4801.

mae: 0.10500994784926468
max_error: 0.5517263297242074
variance: 0.007942429919708888

AL interation 3980/4801.

mae: 0.10505359585078508
max_error: 0.5542942295079598
variance: 0.007951476137123707

AL interation 3981/4801.

mae: 0.10504827560471887
max_error: 0.5535754697784849
variance: 0.007951204242106819

AL interation 3982/4801.

mae: 0.10503670025182218
max_error: 0.553579353110786
variance: 0.007948920869490164

AL interation 3983/4801.

mae: 0.10508446406581869
max_error: 0.5536490760723005
variance: 0.007951360625357421

AL interation 3984/4801.

mae: 0.10510518769726312
max_error: 0.5536416568749551
variance: 0.007968657797011528

AL interation 3985/4801.

mae: 0.10506813769202564
max_error: 0.5515333340144313
variance: 0.007964187427452918

AL interation 3986/4801.

mae: 0.10506416681641552
max_error: 0.5514573096038191
variance: 0.007963746262435923

AL interation 3987/4801.

mae: 0.10501031505478593
max_error: 0.5532379678288457
variance: 0.007967815202862476

AL interation 3988/4801.

mae: 0.10497113711460822
max_error: 0.5523694022985026
variance: 0.007964277160306581

AL interation 3989/4801.

mae: 0.10498863288055023
max_error: 0.5523715523470187
variance: 0.007963945893025645

AL interation 3990/4801.

mae: 0.10499079248290119
max_error: 0.5524072604356718
variance: 0.007965330869635003

AL interation 3991/4801.

mae: 0.10498014033716897
max_error: 0.5522944564575383
variance: 0.007961907427963297

AL interation 3992/4801.

mae: 0.10498279149526821
max_error: 0.5530735074772544
variance: 0.007961950332437366

AL interation 3993/4801.

mae: 0.10496042329086541
max_error: 0.5531844281484837
variance: 0.007968069714911073

AL interation 3994/4801.

mae: 0.10496433226889307
max_error: 0.5530923913974277
variance: 0.007967741667570112

AL interation 3995/4801.

mae: 0.10500155267955848
max_error: 0.5534872128206167
variance: 0.007967856973276186

AL interation 3996/4801.

mae: 0.1050263988094512
max_error: 0.5542080671276572
variance: 0.007961537610645072

AL interation 3997/4801.

mae: 0.10500225320908618
max_error: 0.554152834720826
variance: 0.007954599073231998

AL interation 3998/4801.

mae: 0.1049867594790052
max_error: 0.5524395935758264
variance: 0.007936917853181385

AL interation 3999/4801.

mae: 0.10498560254918007
max_error: 0.5532216486593757
variance: 0.007939044859674239

AL interation 4000/4801.

mae: 0.1050095067449773
max_error: 0.5532465039396843
variance: 0.007941709537593994

AL interation 4001/4801.

mae: 0.10506986608789826
max_error: 0.5534121598175599
variance: 0.007940335025519992

AL interation 4002/4801.

mae: 0.10505170943362935
max_error: 0.5534343369564283
variance: 0.007929797145569871

AL interation 4003/4801.

mae: 0.10505955457850834
max_error: 0.5531997013870384
variance: 0.007932574903157744

AL interation 4004/4801.

mae: 0.10512930111712528
max_error: 0.5531140558889991
variance: 0.007927464780135745

AL interation 4005/4801.

mae: 0.10515693971274288
max_error: 0.5534486434712349
variance: 0.00793173968391029

AL interation 4006/4801.

mae: 0.10517498827978024
max_error: 0.5513119349663018
variance: 0.007934288264444058

AL interation 4007/4801.

mae: 0.1051733174068747
max_error: 0.549796239821351
variance: 0.007943190065787253

AL interation 4008/4801.

mae: 0.10518566937257487
max_error: 0.5492592786040724
variance: 0.007935839321461045

AL interation 4009/4801.

mae: 0.10523251877179582
max_error: 0.5489625373088494
variance: 0.007934059101824075

AL interation 4010/4801.

mae: 0.10524309150502947
max_error: 0.5491167450637953
variance: 0.007927721432950806

AL interation 4011/4801.

mae: 0.10524788231753436
max_error: 0.5491484953433972
variance: 0.007931516731050378

AL interation 4012/4801.

mae: 0.10528130318569534
max_error: 0.548779642938694
variance: 0.007936135679484

AL interation 4013/4801.

mae: 0.10525085700179969
max_error: 0.5488641949106352
variance: 0.007935216259746926

AL interation 4014/4801.

mae: 0.105260281041885
max_error: 0.5492872539821381
variance: 0.00793021921781796

AL interation 4015/4801.

mae: 0.1052735165132352
max_error: 0.5492017581581194
variance: 0.007932078321436714

AL interation 4016/4801.

mae: 0.10514181094629027
max_error: 0.5493366122679042
variance: 0.007940705095269777

AL interation 4017/4801.

mae: 0.10514247623309983
max_error: 0.54938858139686
variance: 0.007940735449216928

AL interation 4018/4801.

mae: 0.10520718094372301
max_error: 0.5490296842354816
variance: 0.007952130206422573

AL interation 4019/4801.

mae: 0.10521763461843683
max_error: 0.5490988534426151
variance: 0.007952032545110966

AL interation 4020/4801.

mae: 0.10535351089742091
max_error: 0.5539823988195245
variance: 0.007986458855331554

AL interation 4021/4801.

mae: 0.10543288756300774
max_error: 0.5551855592118482
variance: 0.007990639360158576

AL interation 4022/4801.

mae: 0.10545153691545846
max_error: 0.5549509146380203
variance: 0.007987484180435352

AL interation 4023/4801.

mae: 0.10543209337481739
max_error: 0.5528563525287691
variance: 0.007983412964720427

AL interation 4024/4801.

mae: 0.10541975841818974
max_error: 0.553076627944229
variance: 0.007990376041526758

AL interation 4025/4801.

mae: 0.10542810781069084
max_error: 0.5541702365844152
variance: 0.007993249076600525

AL interation 4026/4801.

mae: 0.1054115149099377
max_error: 0.5539467641273994
variance: 0.007983902327001224

AL interation 4027/4801.

mae: 0.1054096227705041
max_error: 0.5541837904174205
variance: 0.00798189327231987

AL interation 4028/4801.

mae: 0.1054003800339909
max_error: 0.5541781969033561
variance: 0.007980304489900966

AL interation 4029/4801.

mae: 0.10536522082872374
max_error: 0.5540792506112417
variance: 0.007977228541939083

AL interation 4030/4801.

mae: 0.10533753362655389
max_error: 0.5535736849101642
variance: 0.007979362748118682

AL interation 4031/4801.

mae: 0.10531570618121884
max_error: 0.5535491229758769
variance: 0.007979136971742684

AL interation 4032/4801.

mae: 0.10533403619297727
max_error: 0.553436622009043
variance: 0.00797902750203291

AL interation 4033/4801.

mae: 0.1053345730422322
max_error: 0.553489844749846
variance: 0.007979176951808204

AL interation 4034/4801.

mae: 0.10526809658292459
max_error: 0.5537019969514763
variance: 0.00797618987449634

AL interation 4035/4801.

mae: 0.105097811773828
max_error: 0.5538012042572955
variance: 0.007941433147856166

AL interation 4036/4801.

mae: 0.1050064148553817
max_error: 0.5518453364954681
variance: 0.007938488560545909

AL interation 4037/4801.

mae: 0.10502080773749418
max_error: 0.5519909235984297
variance: 0.007936128803550376

AL interation 4038/4801.

mae: 0.1050219334222275
max_error: 0.5520024859117019
variance: 0.007935159720466151

AL interation 4039/4801.

mae: 0.10502176015795592
max_error: 0.551655613127565
variance: 0.007933953689557188

AL interation 4040/4801.

mae: 0.1049426777227052
max_error: 0.5506570917514928
variance: 0.007924789611122368

AL interation 4041/4801.

mae: 0.10490329449146432
max_error: 0.5493925637484285
variance: 0.007913844435220377

AL interation 4042/4801.

mae: 0.1048660546404071
max_error: 0.5480258897584918
variance: 0.00791502738962515

AL interation 4043/4801.

mae: 0.10482021955492857
max_error: 0.5456101252467906
variance: 0.007905062381531528

AL interation 4044/4801.

mae: 0.10482086607195586
max_error: 0.5456447819172876
variance: 0.00790504324583008

AL interation 4045/4801.

mae: 0.10482022150049514
max_error: 0.5456603711341881
variance: 0.00790524709400065

AL interation 4046/4801.

mae: 0.10482017876204348
max_error: 0.550072327445223
variance: 0.007916531731434553

AL interation 4047/4801.

mae: 0.10482796265793706
max_error: 0.550172164608739
variance: 0.007917484539969695

AL interation 4048/4801.

mae: 0.10488101810802626
max_error: 0.5515103538480268
variance: 0.007927463066671539

AL interation 4049/4801.

mae: 0.10489033955514743
max_error: 0.5512871702607836
variance: 0.007927844785313283

AL interation 4050/4801.

mae: 0.10489004936456116
max_error: 0.5512758123316459
variance: 0.007927813070350596

AL interation 4051/4801.

mae: 0.10487160537038137
max_error: 0.551543711990222
variance: 0.007927375693659432

AL interation 4052/4801.

mae: 0.10486734667274178
max_error: 0.5501901079261735
variance: 0.007928184403009795

AL interation 4053/4801.

mae: 0.10493923596627114
max_error: 0.5515722072240035
variance: 0.007930974289686374

AL interation 4054/4801.

mae: 0.1049204207702025
max_error: 0.5519675143709897
variance: 0.007935952654595319

AL interation 4055/4801.

mae: 0.10492324473490959
max_error: 0.5511980112651891
variance: 0.007933117438715677

AL interation 4056/4801.

mae: 0.1049211663202124
max_error: 0.5509374277133272
variance: 0.007933237125680686

AL interation 4057/4801.

mae: 0.10492768904843067
max_error: 0.5506863756120914
variance: 0.0079328725598218

AL interation 4058/4801.

mae: 0.10493445919736916
max_error: 0.5520863690875402
variance: 0.007931802145237919

AL interation 4059/4801.

mae: 0.10489255778112686
max_error: 0.5515762131278947
variance: 0.007929769645642893

AL interation 4060/4801.

mae: 0.10485874605176239
max_error: 0.5522197856721398
variance: 0.007934568421154786

AL interation 4061/4801.

mae: 0.10484484762318155
max_error: 0.5516057669355288
variance: 0.007934978476240574

AL interation 4062/4801.

mae: 0.10483493829530456
max_error: 0.5519211557902803
variance: 0.007934708983222953

AL interation 4063/4801.

mae: 0.10482220486509809
max_error: 0.5507130218101555
variance: 0.007939494500715585

AL interation 4064/4801.

mae: 0.10481229840669418
max_error: 0.5506223965474959
variance: 0.007934274929687898

AL interation 4065/4801.

mae: 0.10480981055792125
max_error: 0.5507646218554232
variance: 0.007931176509944703

AL interation 4066/4801.

mae: 0.10484681565590256
max_error: 0.5507726025478181
variance: 0.007934983560136263

AL interation 4067/4801.

mae: 0.10486122276688524
max_error: 0.5508346892018832
variance: 0.00793753287871449

AL interation 4068/4801.

mae: 0.10485852540490018
max_error: 0.5507261637745486
variance: 0.007941740967885923

AL interation 4069/4801.

mae: 0.10483614703365604
max_error: 0.5501610587804109
variance: 0.007935978796398586

AL interation 4070/4801.

mae: 0.10482401843963893
max_error: 0.5495881137426295
variance: 0.007935259879207604

AL interation 4071/4801.

mae: 0.10482108373442596
max_error: 0.5493741660790779
variance: 0.007937975427615027

AL interation 4072/4801.

mae: 0.10483148123247082
max_error: 0.5489004187939344
variance: 0.00794059725046378

AL interation 4073/4801.

mae: 0.10484092309125308
max_error: 0.5489997049616981
variance: 0.007941119150737442

AL interation 4074/4801.

mae: 0.10485083473426673
max_error: 0.5498489041706733
variance: 0.007938618588676291

AL interation 4075/4801.

mae: 0.10484758864341515
max_error: 0.549802553375148
variance: 0.007938066318935436

AL interation 4076/4801.

mae: 0.10492097233147249
max_error: 0.5498412549609295
variance: 0.007940677384008162

AL interation 4077/4801.

mae: 0.10492530692473395
max_error: 0.5498098941677156
variance: 0.007941038197310306

AL interation 4078/4801.

mae: 0.10492050695116342
max_error: 0.5497810629371802
variance: 0.00794362562756243

AL interation 4079/4801.

mae: 0.10492180067589667
max_error: 0.5496415692487062
variance: 0.007943623362297689

AL interation 4080/4801.

mae: 0.10485653764118072
max_error: 0.5498360828977571
variance: 0.00794286572522791

AL interation 4081/4801.

mae: 0.10486948153029159
max_error: 0.5492922075277811
variance: 0.007942378285459387

AL interation 4082/4801.

mae: 0.10489498888652447
max_error: 0.5390138096842598
variance: 0.007956295943048515

AL interation 4083/4801.

mae: 0.10493484682418713
max_error: 0.5371502597227504
variance: 0.007965636694384043

AL interation 4084/4801.

mae: 0.10490016435960478
max_error: 0.5367381159870614
variance: 0.007966227673951583

AL interation 4085/4801.

mae: 0.10494861654647988
max_error: 0.5377094677613723
variance: 0.007966107077166943

AL interation 4086/4801.

mae: 0.10499702163371015
max_error: 0.5388198593592062
variance: 0.007965133561170788

AL interation 4087/4801.

mae: 0.10499404946508523
max_error: 0.539218472180039
variance: 0.007967272906271418

AL interation 4088/4801.

mae: 0.10501336470033425
max_error: 0.5412357939729588
variance: 0.007973263051443854

AL interation 4089/4801.

mae: 0.10502508486702355
max_error: 0.5420219766503536
variance: 0.007968955719342119

AL interation 4090/4801.

mae: 0.10500173986964416
max_error: 0.5418993916068366
variance: 0.007964747908413183

AL interation 4091/4801.

mae: 0.10500092493344386
max_error: 0.5418591218378737
variance: 0.00796484591785293

AL interation 4092/4801.

mae: 0.10497723860763446
max_error: 0.542004456627204
variance: 0.007965886463402115

AL interation 4093/4801.

mae: 0.10497553570137541
max_error: 0.5420458726920252
variance: 0.007965873364123563

AL interation 4094/4801.

mae: 0.10496740883402667
max_error: 0.5420681163750238
variance: 0.007966273894303568

AL interation 4095/4801.

mae: 0.1049712992484414
max_error: 0.5419334380873231
variance: 0.0079661604849066

AL interation 4096/4801.

mae: 0.1049758664901034
max_error: 0.541898692979565
variance: 0.007965993873746474

AL interation 4097/4801.

mae: 0.10499533807896438
max_error: 0.5415495267248431
variance: 0.007968212867189592

AL interation 4098/4801.

mae: 0.10499024625742179
max_error: 0.541191094641805
variance: 0.007967782143565617

AL interation 4099/4801.

mae: 0.10493002662867874
max_error: 0.5469838760024324
variance: 0.007983151426231044

AL interation 4100/4801.

mae: 0.10492171336586294
max_error: 0.5466795620930025
variance: 0.007980239699162658

AL interation 4101/4801.

mae: 0.1049084366850205
max_error: 0.5455970091694553
variance: 0.007979099693434575

AL interation 4102/4801.

mae: 0.10489282540827986
max_error: 0.5441693292173255
variance: 0.007983025256913927

AL interation 4103/4801.

mae: 0.10489697513854446
max_error: 0.5440839990351822
variance: 0.007983158229670495

AL interation 4104/4801.

mae: 0.10490180664352046
max_error: 0.5440273712332981
variance: 0.007983402969914396

AL interation 4105/4801.

mae: 0.10488699766874268
max_error: 0.5442090854849084
variance: 0.00798197968766458

AL interation 4106/4801.

mae: 0.10488540983080283
max_error: 0.5441897048721334
variance: 0.007982024588053633

AL interation 4107/4801.

mae: 0.10487291521261377
max_error: 0.5440511157832368
variance: 0.007981179063416036

AL interation 4108/4801.

mae: 0.10486231441428501
max_error: 0.5424276474049137
variance: 0.007981083257447275

AL interation 4109/4801.

mae: 0.10486238755455234
max_error: 0.5425727188391605
variance: 0.007980902848808188

AL interation 4110/4801.

mae: 0.10492291050745525
max_error: 0.5429184868379302
variance: 0.007987000762376012

AL interation 4111/4801.

mae: 0.10494279255717068
max_error: 0.5433255323999688
variance: 0.007984227162415394

AL interation 4112/4801.

mae: 0.10492006159551415
max_error: 0.5431989168509563
variance: 0.007982494371666028

AL interation 4113/4801.

mae: 0.10489667925226648
max_error: 0.5430719758799505
variance: 0.007976371221898109

AL interation 4114/4801.

mae: 0.10490251910163846
max_error: 0.5428291315199854
variance: 0.007977232226671785

AL interation 4115/4801.

mae: 0.10489993570204573
max_error: 0.5423677001462224
variance: 0.007978276840181271

AL interation 4116/4801.

mae: 0.10492831014103667
max_error: 0.5378765698367705
variance: 0.007983373172344524

AL interation 4117/4801.

mae: 0.10486998326728791
max_error: 0.5398480348007606
variance: 0.007982268005041272

AL interation 4118/4801.

mae: 0.10474833286149197
max_error: 0.5408884394212592
variance: 0.007984087375449275

AL interation 4119/4801.

mae: 0.10474363824811571
max_error: 0.541574242488565
variance: 0.00797893695041072

AL interation 4120/4801.

mae: 0.10475489854614059
max_error: 0.5417883622316353
variance: 0.00797785513993585

AL interation 4121/4801.

mae: 0.10476002545875329
max_error: 0.5418306942783673
variance: 0.007979067235097621

AL interation 4122/4801.

mae: 0.10471594491373515
max_error: 0.5413059126095625
variance: 0.007966278186986371

AL interation 4123/4801.

mae: 0.10471614386254768
max_error: 0.5412471747232654
variance: 0.007967210897760197

AL interation 4124/4801.

mae: 0.10468471578667908
max_error: 0.5409616838007363
variance: 0.007973766156906148

AL interation 4125/4801.

mae: 0.10468513663338931
max_error: 0.5409148907774259
variance: 0.007972380764447918

AL interation 4126/4801.

mae: 0.10468514100112765
max_error: 0.5409123978810655
variance: 0.007972077595929323

AL interation 4127/4801.

mae: 0.1046455128386442
max_error: 0.5404661558168478
variance: 0.00797242277456868

AL interation 4128/4801.

mae: 0.1046475612793499
max_error: 0.5406310300531292
variance: 0.007972532578623013

AL interation 4129/4801.

mae: 0.10463985706886485
max_error: 0.5406527837190556
variance: 0.00797276719044216

AL interation 4130/4801.

mae: 0.10462876901547324
max_error: 0.5405075908251185
variance: 0.007966568555005384

AL interation 4131/4801.

mae: 0.10458603654118216
max_error: 0.5410247447714571
variance: 0.007951413142137475

AL interation 4132/4801.

mae: 0.10469272497612983
max_error: 0.5407315868505247
variance: 0.007944287713944585

AL interation 4133/4801.

mae: 0.10472725697219218
max_error: 0.5412859629222027
variance: 0.007942912547482835

AL interation 4134/4801.

mae: 0.10469686659343551
max_error: 0.5427744527492138
variance: 0.007949072228366263

AL interation 4135/4801.

mae: 0.10465146430087302
max_error: 0.5429390736757274
variance: 0.007913823000054004

AL interation 4136/4801.

mae: 0.1046704311644577
max_error: 0.5432586487838797
variance: 0.007913750489621934

AL interation 4137/4801.

mae: 0.10469718008468616
max_error: 0.5417927221281396
variance: 0.007911788438530928

AL interation 4138/4801.

mae: 0.10469748955371314
max_error: 0.5411759976252188
variance: 0.007911346086229837

AL interation 4139/4801.

mae: 0.10465364310034905
max_error: 0.5410555160176607
variance: 0.00789965278076926

AL interation 4140/4801.

mae: 0.10462135935647382
max_error: 0.541401744649832
variance: 0.007904159296530572

AL interation 4141/4801.

mae: 0.10460763148345638
max_error: 0.5408206507761246
variance: 0.007903935806696958

AL interation 4142/4801.

mae: 0.10464169689484414
max_error: 0.5404138134834344
variance: 0.007904930551739058

AL interation 4143/4801.

mae: 0.10464222677643897
max_error: 0.5403541937357925
variance: 0.007903775246606059

AL interation 4144/4801.

mae: 0.10461996127596655
max_error: 0.5363593509680236
variance: 0.007898328813048795

AL interation 4145/4801.

mae: 0.10462798033324801
max_error: 0.5364375015865797
variance: 0.007898573428072115

AL interation 4146/4801.

mae: 0.10459774726729634
max_error: 0.5367276794374938
variance: 0.0078962878803323

AL interation 4147/4801.

mae: 0.10458605960722145
max_error: 0.5370816210818674
variance: 0.007895114462481234

AL interation 4148/4801.

mae: 0.10452773852424888
max_error: 0.5369468852726555
variance: 0.007881707770064264

AL interation 4149/4801.

mae: 0.10461198921963234
max_error: 0.5366103567217646
variance: 0.007881759751359503

AL interation 4150/4801.

mae: 0.10459989612676998
max_error: 0.5362646784448479
variance: 0.007880753423300245

AL interation 4151/4801.

mae: 0.10457843058940862
max_error: 0.5362867310360055
variance: 0.007885327650411035

AL interation 4152/4801.

mae: 0.10457753631542727
max_error: 0.5342557303949587
variance: 0.00788355102678064

AL interation 4153/4801.

mae: 0.10455432031950182
max_error: 0.5339692582230207
variance: 0.007884772424304373

AL interation 4154/4801.

mae: 0.10452671902465151
max_error: 0.5327734659941328
variance: 0.007879872844592482

AL interation 4155/4801.

mae: 0.10455675500399308
max_error: 0.5336800449950516
variance: 0.007888680394990539

AL interation 4156/4801.

mae: 0.10456942353122235
max_error: 0.5337406686407835
variance: 0.00788830043995405

AL interation 4157/4801.

mae: 0.10456950936116949
max_error: 0.5337537349954413
variance: 0.007888212745261802

AL interation 4158/4801.

mae: 0.10456721002992231
max_error: 0.533808389784383
variance: 0.00788729134182248

AL interation 4159/4801.

mae: 0.1045073055555811
max_error: 0.534632135766369
variance: 0.007883480055638608

AL interation 4160/4801.

mae: 0.10450962369884542
max_error: 0.5345996384944325
variance: 0.007883370941863505

AL interation 4161/4801.

mae: 0.10449044579542971
max_error: 0.535263996265769
variance: 0.007882622388675636

AL interation 4162/4801.

mae: 0.10450190055737266
max_error: 0.5332083205211902
variance: 0.007883101409343514

AL interation 4163/4801.

mae: 0.10427154774373412
max_error: 0.5201815597269892
variance: 0.007872263101076032

AL interation 4164/4801.

mae: 0.10428330645091266
max_error: 0.5206036261274196
variance: 0.007874600791743375

AL interation 4165/4801.

mae: 0.10429150772239691
max_error: 0.5204664391761415
variance: 0.007873976393242802

AL interation 4166/4801.

mae: 0.10431141709585026
max_error: 0.5210360177435476
variance: 0.00787282063651112

AL interation 4167/4801.

mae: 0.10430260247672801
max_error: 0.5204690199307809
variance: 0.007870340681712842

AL interation 4168/4801.

mae: 0.10425801322212344
max_error: 0.5208515316680966
variance: 0.00787443713897843

AL interation 4169/4801.

mae: 0.10417293538468635
max_error: 0.522844852376096
variance: 0.007878441503801957

AL interation 4170/4801.

mae: 0.10417531659847767
max_error: 0.522786582265832
variance: 0.00787836698175402

AL interation 4171/4801.

mae: 0.10412189384076695
max_error: 0.5236114144288528
variance: 0.007870897743884329

AL interation 4172/4801.

mae: 0.10415382131648863
max_error: 0.5242261339597682
variance: 0.007874691590958322

AL interation 4173/4801.

mae: 0.10414394626428208
max_error: 0.5241840006092069
variance: 0.007876208410846866

AL interation 4174/4801.

mae: 0.10417573153644191
max_error: 0.5260378410240705
variance: 0.007875942523705567

AL interation 4175/4801.

mae: 0.10420547101425594
max_error: 0.526402084430261
variance: 0.007882562220566991

AL interation 4176/4801.

mae: 0.1041522515122775
max_error: 0.5259143831084252
variance: 0.007877084971947583

AL interation 4177/4801.

mae: 0.10414936321363388
max_error: 0.5263360536750579
variance: 0.007880621558602358

AL interation 4178/4801.

mae: 0.10414964544530099
max_error: 0.5262228042897377
variance: 0.007881402917146832

AL interation 4179/4801.

mae: 0.10414307559922355
max_error: 0.5283392181793474
variance: 0.007884168969642205

AL interation 4180/4801.

mae: 0.1041587626905847
max_error: 0.5278221241979875
variance: 0.007884511906531472

AL interation 4181/4801.

mae: 0.10413147003374601
max_error: 0.5286900462832449
variance: 0.007886479948953416

AL interation 4182/4801.

mae: 0.10420217676577437
max_error: 0.5292442932369088
variance: 0.00787971095535328

AL interation 4183/4801.

mae: 0.10416680012590786
max_error: 0.5302250529578352
variance: 0.00788324780128795

AL interation 4184/4801.

mae: 0.10417919666726229
max_error: 0.5288939047243737
variance: 0.007896303996494596

AL interation 4185/4801.

mae: 0.10417953801239577
max_error: 0.5276934989723827
variance: 0.007899492993350316

AL interation 4186/4801.

mae: 0.10417910773273294
max_error: 0.5282442934149447
variance: 0.007903609962973592

AL interation 4187/4801.

mae: 0.1041745451419263
max_error: 0.5284711985621993
variance: 0.007903953387009407

AL interation 4188/4801.

mae: 0.10417209175614342
max_error: 0.5284065860279199
variance: 0.007903468393432157

AL interation 4189/4801.

mae: 0.10417144512225718
max_error: 0.5285883974422649
variance: 0.00790305739816912

AL interation 4190/4801.

mae: 0.10421523919062077
max_error: 0.5287473829754887
variance: 0.007908309215614466

AL interation 4191/4801.

mae: 0.10416505966956621
max_error: 0.5293065626524829
variance: 0.007903300919551928

AL interation 4192/4801.

mae: 0.10416589345363446
max_error: 0.529352478575408
variance: 0.007903258789291646

AL interation 4193/4801.

mae: 0.10412323491662778
max_error: 0.5297793081912499
variance: 0.007905341200917567

AL interation 4194/4801.

mae: 0.1041248354149456
max_error: 0.5297913558577498
variance: 0.00790525656810924

AL interation 4195/4801.

mae: 0.10413989917114921
max_error: 0.5289884750565008
variance: 0.007905127826073959

AL interation 4196/4801.

mae: 0.10413254926828326
max_error: 0.5293802124076183
variance: 0.007904250044390231

AL interation 4197/4801.

mae: 0.10413683522901783
max_error: 0.5299319042929547
variance: 0.007901932274158502

AL interation 4198/4801.

mae: 0.1041406718972812
max_error: 0.5299684990603879
variance: 0.007902175429759588

AL interation 4199/4801.

mae: 0.10399689980158937
max_error: 0.5269281220195321
variance: 0.00791053028436137

AL interation 4200/4801.

mae: 0.10399999897889316
max_error: 0.5267580938044798
variance: 0.007909619202802433

AL interation 4201/4801.

mae: 0.10399435996599278
max_error: 0.525292955930464
variance: 0.007905158057660067

AL interation 4202/4801.

mae: 0.10396816868765063
max_error: 0.5256431030862743
variance: 0.007902655996333921

AL interation 4203/4801.

mae: 0.10395811147189939
max_error: 0.5263261616367334
variance: 0.007906722155046914

AL interation 4204/4801.

mae: 0.10395652692178081
max_error: 0.5271690029255822
variance: 0.007906384643564074

AL interation 4205/4801.

mae: 0.10401926233236466
max_error: 0.5274022634994537
variance: 0.007914928202435901

AL interation 4206/4801.

mae: 0.10402022775857105
max_error: 0.5274208137114638
variance: 0.007915384104257631

AL interation 4207/4801.

mae: 0.10398548206089657
max_error: 0.5261974986974902
variance: 0.007912982605659672

AL interation 4208/4801.

mae: 0.10398473823045466
max_error: 0.5262721439962768
variance: 0.007904170681075106

AL interation 4209/4801.

mae: 0.1040372710444298
max_error: 0.5293634192224577
variance: 0.00790768422657314

AL interation 4210/4801.

mae: 0.10402817945968308
max_error: 0.5303296409872331
variance: 0.007906388176618722

AL interation 4211/4801.

mae: 0.10401031529832697
max_error: 0.5302987403542083
variance: 0.007908784844846646

AL interation 4212/4801.

mae: 0.10400710910713291
max_error: 0.5301237313052702
variance: 0.007909845410281913

AL interation 4213/4801.

mae: 0.10401859435999206
max_error: 0.5306219313535934
variance: 0.007911865202214286

AL interation 4214/4801.

mae: 0.10402990629277924
max_error: 0.53084381872781
variance: 0.007913281000892869

AL interation 4215/4801.

mae: 0.10402332880902944
max_error: 0.5307651282473707
variance: 0.007912820881431049

AL interation 4216/4801.

mae: 0.10402588918590587
max_error: 0.52822300449637
variance: 0.007909547082661903

AL interation 4217/4801.

mae: 0.10395701110343102
max_error: 0.5291438118659517
variance: 0.007910550040113618

AL interation 4218/4801.

mae: 0.10395472717076623
max_error: 0.529215779199987
variance: 0.007910537051138894

AL interation 4219/4801.

mae: 0.10398083551072822
max_error: 0.5299951165288821
variance: 0.007912865735277491

AL interation 4220/4801.

mae: 0.10391136010236152
max_error: 0.5290115109525484
variance: 0.007927207215768665

AL interation 4221/4801.

mae: 0.10394576896345989
max_error: 0.5268884721403992
variance: 0.007941900840730487

AL interation 4222/4801.

mae: 0.10399172755617332
max_error: 0.5269422295362762
variance: 0.007950913532997648

AL interation 4223/4801.

mae: 0.10399915415951128
max_error: 0.5267930603076394
variance: 0.007949507496681642

AL interation 4224/4801.

mae: 0.10399972860408617
max_error: 0.5265340458754864
variance: 0.00794840329487676

AL interation 4225/4801.

mae: 0.1040003015846647
max_error: 0.5268096381747398
variance: 0.007948721522802312

AL interation 4226/4801.

mae: 0.10398600147907522
max_error: 0.528115609593069
variance: 0.007943257012195762

AL interation 4227/4801.

mae: 0.10396092549542062
max_error: 0.528362623658527
variance: 0.007940688513765155

AL interation 4228/4801.

mae: 0.103957447856416
max_error: 0.5281985940400169
variance: 0.007941778023440435

AL interation 4229/4801.

mae: 0.1039288749277595
max_error: 0.5287523875178195
variance: 0.00794026495667028

AL interation 4230/4801.

mae: 0.10394125760767725
max_error: 0.5286281075547379
variance: 0.007943454408831856

AL interation 4231/4801.

mae: 0.10391777998171314
max_error: 0.5291967499048109
variance: 0.007939382168177411

AL interation 4232/4801.

mae: 0.10393409349889128
max_error: 0.5283382155327239
variance: 0.007932586486009793

AL interation 4233/4801.

mae: 0.1039363908376468
max_error: 0.5299343002155457
variance: 0.007938107642586192

AL interation 4234/4801.

mae: 0.10393720842969256
max_error: 0.528422769039036
variance: 0.007923164328548447

AL interation 4235/4801.

mae: 0.10393665942234398
max_error: 0.5284015851538602
variance: 0.00792397966381292

AL interation 4236/4801.

mae: 0.10391818909326829
max_error: 0.5277581312046884
variance: 0.007928776092714687

AL interation 4237/4801.

mae: 0.10391827019717803
max_error: 0.5289173718407554
variance: 0.007925353099558594

AL interation 4238/4801.

mae: 0.10380925422234233
max_error: 0.5305202219858742
variance: 0.007915087650256628

AL interation 4239/4801.

mae: 0.10381835571109406
max_error: 0.5299498240603473
variance: 0.007890821931865482

AL interation 4240/4801.

mae: 0.10381486176432562
max_error: 0.5308850894725623
variance: 0.007893321686497158

AL interation 4241/4801.

mae: 0.10381394414565338
max_error: 0.5309029050451812
variance: 0.00789242208288146

AL interation 4242/4801.

mae: 0.10379106994596111
max_error: 0.53125091364406
variance: 0.007887046135195508

AL interation 4243/4801.

mae: 0.10378733467145997
max_error: 0.5312554912569798
variance: 0.007886705078335528

AL interation 4244/4801.

mae: 0.10376889087942191
max_error: 0.5312791097566603
variance: 0.00788618969656644

AL interation 4245/4801.

mae: 0.1037838904259811
max_error: 0.5314670715940419
variance: 0.00788594064359643

AL interation 4246/4801.

mae: 0.10378353053109747
max_error: 0.5315045428472818
variance: 0.007886028808129069

AL interation 4247/4801.

mae: 0.10378780983341315
max_error: 0.5316159889977286
variance: 0.007886942642517141

AL interation 4248/4801.

mae: 0.10374359236005672
max_error: 0.5309751892056944
variance: 0.007885298780204011

AL interation 4249/4801.

mae: 0.10375566077696749
max_error: 0.5312192886648486
variance: 0.007885571547655073

AL interation 4250/4801.

mae: 0.10376686818899993
max_error: 0.5316541300965998
variance: 0.007884839554923697

AL interation 4251/4801.

mae: 0.10377455128919508
max_error: 0.5315836698879401
variance: 0.00788588944633162

AL interation 4252/4801.

mae: 0.10380913837278745
max_error: 0.5339726225887773
variance: 0.007868872906779742

AL interation 4253/4801.

mae: 0.10375649398988111
max_error: 0.5345138133554794
variance: 0.007864244804710034

AL interation 4254/4801.

mae: 0.10372956260703714
max_error: 0.5342560153179718
variance: 0.00786272425358847

AL interation 4255/4801.

mae: 0.10370070297553938
max_error: 0.5358848184277711
variance: 0.00785966679639019

AL interation 4256/4801.

mae: 0.10368056540592455
max_error: 0.535777661306085
variance: 0.007855392231835021

AL interation 4257/4801.

mae: 0.10360312680955269
max_error: 0.535874560197632
variance: 0.007840912661987645

AL interation 4258/4801.

mae: 0.1036042254923764
max_error: 0.5361676245145617
variance: 0.007836400727885042

AL interation 4259/4801.

mae: 0.10358256714479758
max_error: 0.5349110373597252
variance: 0.007834422602889666

AL interation 4260/4801.

mae: 0.1035912317172861
max_error: 0.5349073107847229
variance: 0.00783509110693211

AL interation 4261/4801.

mae: 0.10364296064271443
max_error: 0.5352826679522167
variance: 0.007837443425752615

AL interation 4262/4801.

mae: 0.10365469538081006
max_error: 0.5341646143833714
variance: 0.007837549289701274

AL interation 4263/4801.

mae: 0.10365426897486395
max_error: 0.5342863160150486
variance: 0.00783752740696134

AL interation 4264/4801.

mae: 0.10367019655412926
max_error: 0.5351866930936211
variance: 0.00784313384142424

AL interation 4265/4801.

mae: 0.10366329553894198
max_error: 0.5352464299314885
variance: 0.007846335663324606

AL interation 4266/4801.

mae: 0.10365785094240847
max_error: 0.5346066868233343
variance: 0.007843683432774919

AL interation 4267/4801.

mae: 0.1036560088510149
max_error: 0.5346132412662481
variance: 0.007844284478481843

AL interation 4268/4801.

mae: 0.10366123009910096
max_error: 0.5345511894536195
variance: 0.007843531572087468

AL interation 4269/4801.

mae: 0.1036563097050724
max_error: 0.5342412740605855
variance: 0.007844613993847106

AL interation 4270/4801.

mae: 0.10369243301377312
max_error: 0.533732682418183
variance: 0.00783978249083915

AL interation 4271/4801.

mae: 0.10366318236306023
max_error: 0.5377382522381069
variance: 0.007836888707657651

AL interation 4272/4801.

mae: 0.1036748287934568
max_error: 0.5377080960478278
variance: 0.007837585380380046

AL interation 4273/4801.

mae: 0.10364405971344964
max_error: 0.5372977030981456
variance: 0.00784261211740909

AL interation 4274/4801.

mae: 0.10366669955447284
max_error: 0.5402802021003783
variance: 0.00783718306529366

AL interation 4275/4801.

mae: 0.10360491356446283
max_error: 0.5407193320700436
variance: 0.007833251578189013

AL interation 4276/4801.

mae: 0.10348615035262597
max_error: 0.5390917954168213
variance: 0.0078174039618495

AL interation 4277/4801.

mae: 0.10343005437642941
max_error: 0.5383791310334978
variance: 0.007805116727674575

AL interation 4278/4801.

mae: 0.10333660544843207
max_error: 0.5374136848793398
variance: 0.007790365007469326

AL interation 4279/4801.

mae: 0.10338181547177783
max_error: 0.537824671074814
variance: 0.0077846203978986445

AL interation 4280/4801.

mae: 0.10335758614200578
max_error: 0.5379551698379128
variance: 0.007786795567665424

AL interation 4281/4801.

mae: 0.10335248063709035
max_error: 0.5379679914164779
variance: 0.007786308406870086

AL interation 4282/4801.

mae: 0.1033482993340092
max_error: 0.5376140333016384
variance: 0.007784854702292822

AL interation 4283/4801.

mae: 0.10334998718459319
max_error: 0.5379915628906193
variance: 0.007784862122378654

AL interation 4284/4801.

mae: 0.10334525706982307
max_error: 0.5380230174951954
variance: 0.00778831858026525

AL interation 4285/4801.

mae: 0.1033315966386335
max_error: 0.5359017813728322
variance: 0.0077998027920202235

AL interation 4286/4801.

mae: 0.10334119543328403
max_error: 0.5350253088051513
variance: 0.007796476663573817

AL interation 4287/4801.

mae: 0.10332782234891758
max_error: 0.533184023006994
variance: 0.007803076476284606

AL interation 4288/4801.

mae: 0.10332023767988219
max_error: 0.5333588030122982
variance: 0.00780343921175881

AL interation 4289/4801.

mae: 0.10333282618850005
max_error: 0.5315473285114294
variance: 0.007808497462705363

AL interation 4290/4801.

mae: 0.10333747480149866
max_error: 0.5316011327750125
variance: 0.007809239477305821

AL interation 4291/4801.

mae: 0.10338360618501201
max_error: 0.5311059937121261
variance: 0.007809767509751154

AL interation 4292/4801.

mae: 0.1033976322560851
max_error: 0.5306586105529902
variance: 0.0078097108367919405

AL interation 4293/4801.

mae: 0.10339059717192982
max_error: 0.5303405002007278
variance: 0.007809842714505391

AL interation 4294/4801.

mae: 0.10342526097122651
max_error: 0.5297601492306363
variance: 0.007812044555115621

AL interation 4295/4801.

mae: 0.10335388313608837
max_error: 0.5293430325624477
variance: 0.007801360156698915

AL interation 4296/4801.

mae: 0.10334043921948627
max_error: 0.5296417715613142
variance: 0.007799869579819199

AL interation 4297/4801.

mae: 0.10336841074814981
max_error: 0.5280685066423629
variance: 0.007804217204246652

AL interation 4298/4801.

mae: 0.10338440527309505
max_error: 0.528577347224239
variance: 0.007805268453368236

AL interation 4299/4801.

mae: 0.10343140902372688
max_error: 0.5286594589635332
variance: 0.007814190708604035

AL interation 4300/4801.

mae: 0.10341057623353264
max_error: 0.5281493298373245
variance: 0.00780827793961496

AL interation 4301/4801.

mae: 0.10337052549393379
max_error: 0.5281466847543221
variance: 0.0078103379525700746

AL interation 4302/4801.

mae: 0.10337647071088107
max_error: 0.5288506975255967
variance: 0.007809086381336836

AL interation 4303/4801.

mae: 0.10336367323655198
max_error: 0.528644457945866
variance: 0.007809083964412954

AL interation 4304/4801.

mae: 0.10337372181906923
max_error: 0.5492023455455595
variance: 0.007806243321646289

AL interation 4305/4801.

mae: 0.10336501956865107
max_error: 0.5503601624246013
variance: 0.007808123314376921

AL interation 4306/4801.

mae: 0.10336671786050948
max_error: 0.5503538517112787
variance: 0.007809227055373325

AL interation 4307/4801.

mae: 0.10337817514577144
max_error: 0.550345573906295
variance: 0.00780942091091112

AL interation 4308/4801.

mae: 0.10338240627781399
max_error: 0.5503371682734102
variance: 0.00781015131612894

AL interation 4309/4801.

mae: 0.10343915695137995
max_error: 0.5511117666655565
variance: 0.007804464378912568

AL interation 4310/4801.

mae: 0.10341037785871508
max_error: 0.5492088528901373
variance: 0.007802911145718449

AL interation 4311/4801.

mae: 0.1034251032261407
max_error: 0.5494907881138467
variance: 0.007801442668599037

AL interation 4312/4801.

mae: 0.10340999004793983
max_error: 0.549767031759103
variance: 0.0077843018704619295

AL interation 4313/4801.

mae: 0.10337416437042879
max_error: 0.5493072740914329
variance: 0.0077823369532200775

AL interation 4314/4801.

mae: 0.10336184442342036
max_error: 0.5489870403497683
variance: 0.007780733133166851

AL interation 4315/4801.

mae: 0.10336048296739825
max_error: 0.5490400856223676
variance: 0.007783892611673388

AL interation 4316/4801.

mae: 0.10335907023047188
max_error: 0.5489103079923581
variance: 0.007784807205798043

AL interation 4317/4801.

mae: 0.10335774316325895
max_error: 0.5489829103751465
variance: 0.007784699569497063

AL interation 4318/4801.

mae: 0.10336052547366587
max_error: 0.5490136986223995
variance: 0.007784154406987717

AL interation 4319/4801.

mae: 0.10336470289037063
max_error: 0.5481296194836176
variance: 0.007789095964820101

AL interation 4320/4801.

mae: 0.10327191908413062
max_error: 0.5492675477277942
variance: 0.007789886408622363

AL interation 4321/4801.

mae: 0.1032788453458609
max_error: 0.5480564639064003
variance: 0.007789196790352886

AL interation 4322/4801.

mae: 0.10329508196180648
max_error: 0.5501586124036475
variance: 0.00778346752504561

AL interation 4323/4801.

mae: 0.10330136135683418
max_error: 0.5502538536873249
variance: 0.007784348910637629

AL interation 4324/4801.

mae: 0.10321678466180208
max_error: 0.5511325036228776
variance: 0.00778679593183784

AL interation 4325/4801.

mae: 0.10322019940281106
max_error: 0.55257832492617
variance: 0.007781218489810488

AL interation 4326/4801.

mae: 0.10317108470392235
max_error: 0.5449685151204982
variance: 0.007777931428239634

AL interation 4327/4801.

mae: 0.10318613837552541
max_error: 0.5453150295838647
variance: 0.007785799861727338

AL interation 4328/4801.

mae: 0.1032165641620185
max_error: 0.5442286466348367
variance: 0.00777582257180429

AL interation 4329/4801.

mae: 0.10301912979228467
max_error: 0.5452980658240243
variance: 0.007770068122878392

AL interation 4330/4801.

mae: 0.10300162862358948
max_error: 0.5451701677113672
variance: 0.007767433737187354

AL interation 4331/4801.

mae: 0.10299931164760635
max_error: 0.5454613132269603
variance: 0.007765903391536529

AL interation 4332/4801.

mae: 0.1030014843585804
max_error: 0.545497045064792
variance: 0.007765461415951893

AL interation 4333/4801.

mae: 0.10291171929812411
max_error: 0.5479215947308269
variance: 0.007756286741394631

AL interation 4334/4801.

mae: 0.10291195517372347
max_error: 0.5478285849261617
variance: 0.007755173805339984

AL interation 4335/4801.

mae: 0.10291596352462372
max_error: 0.5474785881004838
variance: 0.007758057118843984

AL interation 4336/4801.

mae: 0.10292017801409307
max_error: 0.5475753130757894
variance: 0.007757501383347634

AL interation 4337/4801.

mae: 0.10289060680986777
max_error: 0.5502143469890122
variance: 0.007748753457693931

AL interation 4338/4801.

mae: 0.10281114387148804
max_error: 0.5519100976107278
variance: 0.007745704075921987

AL interation 4339/4801.

mae: 0.10281855917975731
max_error: 0.5518542019516417
variance: 0.007748728622765617

AL interation 4340/4801.

mae: 0.10285858240405127
max_error: 0.5524648688058988
variance: 0.007752164103214086

AL interation 4341/4801.

mae: 0.10283019463797453
max_error: 0.5524310820819647
variance: 0.007744951402579765

AL interation 4342/4801.

mae: 0.10277328279901482
max_error: 0.5520621081265276
variance: 0.007729446681215873

AL interation 4343/4801.

mae: 0.10276384387761388
max_error: 0.5524043469452113
variance: 0.0077292797970568705

AL interation 4344/4801.

mae: 0.1027421641336211
max_error: 0.551461771168201
variance: 0.007723298794442472

AL interation 4345/4801.

mae: 0.10267701503450215
max_error: 0.5506138085443215
variance: 0.007716151740078305

AL interation 4346/4801.

mae: 0.1027044273771999
max_error: 0.5510393253341377
variance: 0.007727774833780381

AL interation 4347/4801.

mae: 0.10270332153087157
max_error: 0.5522167557016822
variance: 0.007729868634781761

AL interation 4348/4801.

mae: 0.10276568241337376
max_error: 0.5533370164310973
variance: 0.007717049841122798

AL interation 4349/4801.

mae: 0.10278979110287574
max_error: 0.5521319637467936
variance: 0.007719358431294179

AL interation 4350/4801.

mae: 0.1027954081784593
max_error: 0.5520966006816455
variance: 0.007718658149625365

AL interation 4351/4801.

mae: 0.10278829821859112
max_error: 0.5527957796382825
variance: 0.007718071358231471

AL interation 4352/4801.

mae: 0.10271217497947038
max_error: 0.5521657562620454
variance: 0.0076957246218448405

AL interation 4353/4801.

mae: 0.10273931183773612
max_error: 0.5509480832841049
variance: 0.007697662771663302

AL interation 4354/4801.

mae: 0.10268140455444522
max_error: 0.5509465808303649
variance: 0.007696961726543419

AL interation 4355/4801.

mae: 0.10267089732820071
max_error: 0.5505790506601915
variance: 0.007696524378251993

AL interation 4356/4801.

mae: 0.10265679269738412
max_error: 0.5505312888851428
variance: 0.00769539320128418

AL interation 4357/4801.

mae: 0.10265301317462544
max_error: 0.5503522949994011
variance: 0.007694900313119998

AL interation 4358/4801.

mae: 0.10264038251264128
max_error: 0.5504036576169717
variance: 0.00769453304446955

AL interation 4359/4801.

mae: 0.10267278482032964
max_error: 0.5521091226403083
variance: 0.00770525833707368

AL interation 4360/4801.

mae: 0.10268230113674855
max_error: 0.5519342314237612
variance: 0.0077060093633198505

AL interation 4361/4801.

mae: 0.10273296945977152
max_error: 0.5510704707959349
variance: 0.0077060293779371465

AL interation 4362/4801.

mae: 0.10272807144384435
max_error: 0.5505628021127968
variance: 0.007707779745023049

AL interation 4363/4801.

mae: 0.10264463377061399
max_error: 0.5481193405658829
variance: 0.007692768800564446

AL interation 4364/4801.

mae: 0.10257829925249427
max_error: 0.5485258239572328
variance: 0.007672524888578112

AL interation 4365/4801.

mae: 0.10257838671512695
max_error: 0.548518160943761
variance: 0.007672431662073652

AL interation 4366/4801.

mae: 0.1025846079537014
max_error: 0.5491469292931903
variance: 0.007668320888111405

AL interation 4367/4801.

mae: 0.10261799544514043
max_error: 0.5481347628162627
variance: 0.007673120692110579

AL interation 4368/4801.

mae: 0.10260135493755132
max_error: 0.5460202214550733
variance: 0.007664892088815895

AL interation 4369/4801.

mae: 0.10258455169814402
max_error: 0.5458564695300829
variance: 0.007663779497065319

AL interation 4370/4801.

mae: 0.10258479710603663
max_error: 0.5458564390651048
variance: 0.007663804322023312

AL interation 4371/4801.

mae: 0.10256485658081704
max_error: 0.5464584966680661
variance: 0.007664178088733212

AL interation 4372/4801.

mae: 0.10254665383114508
max_error: 0.5450771073023688
variance: 0.0076695467217034324

AL interation 4373/4801.

mae: 0.10253977181453293
max_error: 0.5450422440246854
variance: 0.0076690453069765034

AL interation 4374/4801.

mae: 0.1024349728271843
max_error: 0.5497979725792934
variance: 0.007644353114324979

AL interation 4375/4801.

mae: 0.10244533876530913
max_error: 0.559751895214232
variance: 0.007649972859483329

AL interation 4376/4801.

mae: 0.10244931948323666
max_error: 0.5595770018138904
variance: 0.0076533101258359935

AL interation 4377/4801.

mae: 0.10244589364061585
max_error: 0.5596057314451901
variance: 0.007653832447346145

AL interation 4378/4801.

mae: 0.10244866461766058
max_error: 0.5599156010143531
variance: 0.0076542234485253826

AL interation 4379/4801.

mae: 0.10242799185562401
max_error: 0.5591855978532081
variance: 0.007651782272411412

AL interation 4380/4801.

mae: 0.1024385595232832
max_error: 0.5590654766638927
variance: 0.007659066599867134

AL interation 4381/4801.

mae: 0.10243902583205898
max_error: 0.5592228451698702
variance: 0.007658701244404779

AL interation 4382/4801.

mae: 0.10244612195510533
max_error: 0.5596863050101053
variance: 0.007657980705184894

AL interation 4383/4801.

mae: 0.1024478362083382
max_error: 0.5596577855355829
variance: 0.007659228823114241

AL interation 4384/4801.

mae: 0.10244899576389617
max_error: 0.5597510058870014
variance: 0.007658319344957395

AL interation 4385/4801.

mae: 0.1024639631312847
max_error: 0.5472870484554058
variance: 0.007648508690808288

AL interation 4386/4801.

mae: 0.1024667717003567
max_error: 0.5477789924862577
variance: 0.007650565600651992

AL interation 4387/4801.

mae: 0.10246337272766025
max_error: 0.5477626029248839
variance: 0.007651118803761685

AL interation 4388/4801.

mae: 0.1024729338801227
max_error: 0.5477246604939907
variance: 0.007652390668457367

AL interation 4389/4801.

mae: 0.10247821776280953
max_error: 0.5480972478976298
variance: 0.00764517670307887

AL interation 4390/4801.

mae: 0.10247845673995461
max_error: 0.548041137423315
variance: 0.0076440705889828054

AL interation 4391/4801.

mae: 0.10249100546727208
max_error: 0.5475555380784449
variance: 0.007632917687898234

AL interation 4392/4801.

mae: 0.10251028712799058
max_error: 0.547308365779509
variance: 0.0076317442937723365

AL interation 4393/4801.

mae: 0.10250851357561858
max_error: 0.5478059747477886
variance: 0.007632640717559659

AL interation 4394/4801.

mae: 0.10240546663682236
max_error: 0.5455184382296174
variance: 0.007632019905464364

AL interation 4395/4801.

mae: 0.10238384526438327
max_error: 0.5449339685528436
variance: 0.007639647476361159

AL interation 4396/4801.

mae: 0.10238080132819562
max_error: 0.5449455846666318
variance: 0.007640182455451488

AL interation 4397/4801.

mae: 0.1023844687279264
max_error: 0.5446432085272903
variance: 0.0076451050854832205

AL interation 4398/4801.

mae: 0.10232281490106229
max_error: 0.5446705500150877
variance: 0.007626611039815598

AL interation 4399/4801.

mae: 0.10232832053929489
max_error: 0.5448516423256748
variance: 0.007627715537992969

AL interation 4400/4801.

mae: 0.10232733322093725
max_error: 0.5449070430888145
variance: 0.00762783734625794

AL interation 4401/4801.

mae: 0.10231620562362821
max_error: 0.5449855713033376
variance: 0.007629643246788226

AL interation 4402/4801.

mae: 0.10229335811830917
max_error: 0.5467804949047679
variance: 0.007618943079859421

AL interation 4403/4801.

mae: 0.10229392406040683
max_error: 0.5474296354886921
variance: 0.007619122422576544

AL interation 4404/4801.

mae: 0.10227236732465332
max_error: 0.5471272199879138
variance: 0.007615875716009989

AL interation 4405/4801.

mae: 0.10225604891022153
max_error: 0.5472492148586241
variance: 0.007612876782137013

AL interation 4406/4801.

mae: 0.10223571283683629
max_error: 0.5473111901610075
variance: 0.0076127135357357024

AL interation 4407/4801.

mae: 0.10223691807955203
max_error: 0.547387259027639
variance: 0.007612205507658365

AL interation 4408/4801.

mae: 0.10223664579473626
max_error: 0.547354791447912
variance: 0.007612159408120151

AL interation 4409/4801.

mae: 0.10223734741083246
max_error: 0.5472772753471542
variance: 0.007612107839620017

AL interation 4410/4801.

mae: 0.10223193971715745
max_error: 0.5472110070561964
variance: 0.007610516036081501

AL interation 4411/4801.

mae: 0.10224738884912887
max_error: 0.5472277885751442
variance: 0.007608455995349424

AL interation 4412/4801.

mae: 0.10225412172351776
max_error: 0.5476832998241647
variance: 0.007605910440500832

AL interation 4413/4801.

mae: 0.10228111300760404
max_error: 0.5475129432622481
variance: 0.007606733703720721

AL interation 4414/4801.

mae: 0.10226284908058123
max_error: 0.5466139311391309
variance: 0.007604842706479273

AL interation 4415/4801.

mae: 0.10226718949601833
max_error: 0.5466714528227765
variance: 0.0076043254687226365

AL interation 4416/4801.

mae: 0.10225147407719659
max_error: 0.5458552140669592
variance: 0.00760326348732424

AL interation 4417/4801.

mae: 0.10226291157556386
max_error: 0.5457180114033626
variance: 0.007602120357470071

AL interation 4418/4801.

mae: 0.10226644351164293
max_error: 0.5459832011070063
variance: 0.007601713052201199

AL interation 4419/4801.

mae: 0.1023183259444554
max_error: 0.5450809149227531
variance: 0.007607385433116455

AL interation 4420/4801.

mae: 0.10225617442304182
max_error: 0.5393343077085522
variance: 0.007595671233075353

AL interation 4421/4801.

mae: 0.10226342648121821
max_error: 0.5391555013702476
variance: 0.007596648847933278

AL interation 4422/4801.

mae: 0.10226374619282667
max_error: 0.5391913792388436
variance: 0.007595679932787301

AL interation 4423/4801.

mae: 0.10225992775298455
max_error: 0.5393685212051604
variance: 0.007594964767167362

AL interation 4424/4801.

mae: 0.10226817053440015
max_error: 0.5391410339296492
variance: 0.007586072544541241

AL interation 4425/4801.

mae: 0.10226780822885106
max_error: 0.5390060313458687
variance: 0.007582623250974694

AL interation 4426/4801.

mae: 0.10229996290418789
max_error: 0.5380363163271262
variance: 0.007616162620306292

AL interation 4427/4801.

mae: 0.10229409385410683
max_error: 0.5376540747355811
variance: 0.007615827331901619

AL interation 4428/4801.

mae: 0.10228998835918546
max_error: 0.5355501601803905
variance: 0.007620040374101927

AL interation 4429/4801.

mae: 0.10227731475289772
max_error: 0.535585173452148
variance: 0.007619421436879032

AL interation 4430/4801.

mae: 0.10228027916130861
max_error: 0.5347213901526171
variance: 0.007614340479816221

AL interation 4431/4801.

mae: 0.10228090622815166
max_error: 0.5347104517862302
variance: 0.007614432994503284

AL interation 4432/4801.

mae: 0.10225632348156011
max_error: 0.5348290840641283
variance: 0.007616087285253894

AL interation 4433/4801.

mae: 0.1022202312858882
max_error: 0.5346931718941885
variance: 0.007612097956361955

AL interation 4434/4801.

mae: 0.10220416660171575
max_error: 0.535753958993336
variance: 0.0076193267065879245

AL interation 4435/4801.

mae: 0.10217077130845163
max_error: 0.53530230172972
variance: 0.007616161281904525

AL interation 4436/4801.

mae: 0.10209307733403421
max_error: 0.5327698674232604
variance: 0.007602116167166927

AL interation 4437/4801.

mae: 0.10207377585719221
max_error: 0.5331087625516524
variance: 0.0076118291783206634

AL interation 4438/4801.

mae: 0.10208423201038047
max_error: 0.5325591966504764
variance: 0.007611347634816997

AL interation 4439/4801.

mae: 0.10211068520532379
max_error: 0.531047068603506
variance: 0.007604050395923903

AL interation 4440/4801.

mae: 0.10211423311493491
max_error: 0.5313195349879614
variance: 0.007603935824712782

AL interation 4441/4801.

mae: 0.10208966824774521
max_error: 0.5308516572651314
variance: 0.007607974901308506

AL interation 4442/4801.

mae: 0.10207610080571129
max_error: 0.5309350565381941
variance: 0.007607084458840594

AL interation 4443/4801.

mae: 0.10209254418305246
max_error: 0.5308734983623324
variance: 0.007603720343322485

AL interation 4444/4801.

mae: 0.10205267097335892
max_error: 0.531328279331035
variance: 0.007608708721401634

AL interation 4445/4801.

mae: 0.101842518798006
max_error: 0.5352263712524881
variance: 0.007595759508791569

AL interation 4446/4801.

mae: 0.10184036316120651
max_error: 0.5349672872947444
variance: 0.007597913554257577

AL interation 4447/4801.

mae: 0.10184267793221218
max_error: 0.5348971209072353
variance: 0.007597649411214603

AL interation 4448/4801.

mae: 0.10184558882294385
max_error: 0.5351217915706883
variance: 0.007597622923613583

AL interation 4449/4801.

mae: 0.10183931029738015
max_error: 0.5331169244803284
variance: 0.00759801047578317

AL interation 4450/4801.

mae: 0.10184941375729321
max_error: 0.5335731618925479
variance: 0.007597980605263537

AL interation 4451/4801.

mae: 0.10183277451482338
max_error: 0.5349682330993506
variance: 0.007595971367708018

AL interation 4452/4801.

mae: 0.10182962084167221
max_error: 0.5350106908269314
variance: 0.007596424505547688

AL interation 4453/4801.

mae: 0.10170775176024788
max_error: 0.5331275129942785
variance: 0.007610229712300591

AL interation 4454/4801.

mae: 0.1017085722002203
max_error: 0.5333558630958404
variance: 0.007614216793103632

AL interation 4455/4801.

mae: 0.1017073046592887
max_error: 0.533432810543836
variance: 0.007612649121119215

AL interation 4456/4801.

mae: 0.1016748561410706
max_error: 0.5343576759025979
variance: 0.007618028327004122

AL interation 4457/4801.

mae: 0.1016735980188568
max_error: 0.5342631167646328
variance: 0.0076171626139664205

AL interation 4458/4801.

mae: 0.10167991630727477
max_error: 0.534517221188441
variance: 0.00761047969879186

AL interation 4459/4801.

mae: 0.10165505357117907
max_error: 0.5340544467322896
variance: 0.007609676629853216

AL interation 4460/4801.

mae: 0.10164837708696314
max_error: 0.5339599350992721
variance: 0.0076107642374803235

AL interation 4461/4801.

mae: 0.10171371564058353
max_error: 0.5328824115171376
variance: 0.007618631914829179

AL interation 4462/4801.

mae: 0.10171189876668851
max_error: 0.5327369648723455
variance: 0.007619256827984125

AL interation 4463/4801.

mae: 0.1016544800734267
max_error: 0.5319969303060059
variance: 0.007613964876751026

AL interation 4464/4801.

mae: 0.10163098349709038
max_error: 0.5317824072557045
variance: 0.0075934277073255105

AL interation 4465/4801.

mae: 0.10163233287398546
max_error: 0.5314073869156957
variance: 0.007590345593923871

AL interation 4466/4801.

mae: 0.10162969905101495
max_error: 0.5314082340029067
variance: 0.0075901543817993794

AL interation 4467/4801.

mae: 0.10160417628246071
max_error: 0.5306971055401863
variance: 0.007597125789651462

AL interation 4468/4801.

mae: 0.10158837707816674
max_error: 0.5304299455152304
variance: 0.007595350767511844

AL interation 4469/4801.

mae: 0.1015363039865903
max_error: 0.533807986733871
variance: 0.0075916432760871665

AL interation 4470/4801.

mae: 0.1015206235026214
max_error: 0.5338137871526847
variance: 0.007594105304952665

AL interation 4471/4801.

mae: 0.10152614579236818
max_error: 0.5337463588388331
variance: 0.0075931498036878875

AL interation 4472/4801.

mae: 0.1014934570540347
max_error: 0.5334508963836591
variance: 0.007594024067498807

AL interation 4473/4801.

mae: 0.10147204791857842
max_error: 0.5334118654072206
variance: 0.007594907227767384

AL interation 4474/4801.

mae: 0.10146674010575005
max_error: 0.5355313878804644
variance: 0.007596609401790044

AL interation 4475/4801.

mae: 0.10142120181731644
max_error: 0.533957073882176
variance: 0.007596508020474169

AL interation 4476/4801.

mae: 0.10137930398789873
max_error: 0.5336167503758507
variance: 0.007593826641935058

AL interation 4477/4801.

mae: 0.10134468862342032
max_error: 0.533832461060662
variance: 0.0075939310390821906

AL interation 4478/4801.

mae: 0.10126261302050575
max_error: 0.5325870648732973
variance: 0.0075908857512418885

AL interation 4479/4801.

mae: 0.10126883088009841
max_error: 0.532433938548726
variance: 0.007591703562506755

AL interation 4480/4801.

mae: 0.10126152192994393
max_error: 0.5323729534343329
variance: 0.00759164159448239

AL interation 4481/4801.

mae: 0.10128339671241655
max_error: 0.5326222610584495
variance: 0.007587823647008518

AL interation 4482/4801.

mae: 0.10128218375186805
max_error: 0.5326468676333889
variance: 0.007588591961415067

AL interation 4483/4801.

mae: 0.10131405546056456
max_error: 0.5460474227875682
variance: 0.007595467342276392

AL interation 4484/4801.

mae: 0.10132358217699229
max_error: 0.5461393169881053
variance: 0.007596192902428355

AL interation 4485/4801.

mae: 0.10124695265535816
max_error: 0.5443760585610864
variance: 0.007573647485587946

AL interation 4486/4801.

mae: 0.10123192802250527
max_error: 0.5442321272817559
variance: 0.0075720629881835776

AL interation 4487/4801.

mae: 0.10122385915206308
max_error: 0.5442352988380055
variance: 0.007570303656125033

AL interation 4488/4801.

mae: 0.1011957903929961
max_error: 0.5446365007185321
variance: 0.007566451236633385

AL interation 4489/4801.

mae: 0.10124300241394216
max_error: 0.5456109443456398
variance: 0.007562490482376156

AL interation 4490/4801.

mae: 0.10124514128206542
max_error: 0.5455790877247182
variance: 0.007562481335299875

AL interation 4491/4801.

mae: 0.10125150677755633
max_error: 0.5456753399459195
variance: 0.0075635488712006895

AL interation 4492/4801.

mae: 0.10125305330509819
max_error: 0.5461868533089564
variance: 0.0075591845257976225

AL interation 4493/4801.

mae: 0.1012476890060632
max_error: 0.5458772000832806
variance: 0.0075584202544262385

AL interation 4494/4801.

mae: 0.1012619709569781
max_error: 0.5466047507193927
variance: 0.007557234271086916

AL interation 4495/4801.

mae: 0.1012186006520256
max_error: 0.5465799900179515
variance: 0.007564241489094173

AL interation 4496/4801.

mae: 0.10120526127682584
max_error: 0.5462799449308484
variance: 0.007561580591860042

AL interation 4497/4801.

mae: 0.10122128313534913
max_error: 0.5478146660439052
variance: 0.007563993093512486

AL interation 4498/4801.

mae: 0.10119652931860242
max_error: 0.5477925283682907
variance: 0.007562195695086894

AL interation 4499/4801.

mae: 0.10120445696116442
max_error: 0.5478032554747543
variance: 0.007560698308367583

AL interation 4500/4801.

mae: 0.10113379914877643
max_error: 0.5473062884697484
variance: 0.007542324433272218

AL interation 4501/4801.

mae: 0.10115869770435704
max_error: 0.5365522154552735
variance: 0.007540116763425877

AL interation 4502/4801.

mae: 0.10116747197487254
max_error: 0.5364549628915505
variance: 0.0075405010706855215

AL interation 4503/4801.

mae: 0.10118102970678365
max_error: 0.536124108546101
variance: 0.007533720808200225

AL interation 4504/4801.

mae: 0.10119748335389894
max_error: 0.5358689542904855
variance: 0.007533314487178953

AL interation 4505/4801.

mae: 0.10120313283233648
max_error: 0.5353375330047463
variance: 0.00753389192499106

AL interation 4506/4801.

mae: 0.10115290404025859
max_error: 0.5325135980335283
variance: 0.007521655441332122

AL interation 4507/4801.

mae: 0.10112891849677069
max_error: 0.5327823485914642
variance: 0.007519738324945835

AL interation 4508/4801.

mae: 0.10112887624240602
max_error: 0.5325250933163588
variance: 0.007519566547169623

AL interation 4509/4801.

mae: 0.10112806558770154
max_error: 0.5324841371585141
variance: 0.007516898607024578

AL interation 4510/4801.

mae: 0.10113167457427406
max_error: 0.5326861491299724
variance: 0.00751562774027623

AL interation 4511/4801.

mae: 0.10113200640368288
max_error: 0.5325917262665136
variance: 0.007514660604155503

AL interation 4512/4801.

mae: 0.10109018105571008
max_error: 0.5314382787201843
variance: 0.007487676538189249

AL interation 4513/4801.

mae: 0.10106898515780387
max_error: 0.5316569447149497
variance: 0.007483598360314762

AL interation 4514/4801.

mae: 0.10106524824807693
max_error: 0.5316365420023779
variance: 0.007482877071369693

AL interation 4515/4801.

mae: 0.1010482497048761
max_error: 0.5318708261035283
variance: 0.007483961262800687

AL interation 4516/4801.

mae: 0.1010788683038356
max_error: 0.5306751677758825
variance: 0.007490989592460779

AL interation 4517/4801.

mae: 0.10108445350681804
max_error: 0.5316580568159885
variance: 0.007491183001725693

AL interation 4518/4801.

mae: 0.10106624435629377
max_error: 0.5318716471079163
variance: 0.007489291084414182

AL interation 4519/4801.

mae: 0.1010723622900183
max_error: 0.5317855310461397
variance: 0.007489954003665781

AL interation 4520/4801.

mae: 0.10106565079365103
max_error: 0.5312124200904869
variance: 0.007489111742607403

AL interation 4521/4801.

mae: 0.10109235031326165
max_error: 0.531750106002157
variance: 0.007496304353049267

AL interation 4522/4801.

mae: 0.10108862624398196
max_error: 0.5326043569232581
variance: 0.007500290255593632

AL interation 4523/4801.

mae: 0.10107871493982806
max_error: 0.5329754881132232
variance: 0.007502367851688188

AL interation 4524/4801.

mae: 0.10108721623944479
max_error: 0.5332212989524017
variance: 0.0075066148008121605

AL interation 4525/4801.

mae: 0.10108678450676746
max_error: 0.533066009830403
variance: 0.0075061501395319

AL interation 4526/4801.

mae: 0.10109719580188144
max_error: 0.5337854104513369
variance: 0.007503906566503821

AL interation 4527/4801.

mae: 0.10109347096523381
max_error: 0.5320706976255494
variance: 0.007503064841121154

AL interation 4528/4801.

mae: 0.10106142251167725
max_error: 0.5326322787697713
variance: 0.007485055249696893

AL interation 4529/4801.

mae: 0.10106539784513394
max_error: 0.5321413486855882
variance: 0.007483804113951825

AL interation 4530/4801.

mae: 0.10106132287781966
max_error: 0.5319572588723496
variance: 0.007484417212124201

AL interation 4531/4801.

mae: 0.10100220418415956
max_error: 0.5326080358388658
variance: 0.007476698180633385

AL interation 4532/4801.

mae: 0.10099642980394717
max_error: 0.5328028149568631
variance: 0.007475307766982544

AL interation 4533/4801.

mae: 0.10098754458793062
max_error: 0.532785998192324
variance: 0.007470985326856392

AL interation 4534/4801.

mae: 0.10098600388965681
max_error: 0.5309389469661703
variance: 0.007470590721264777

AL interation 4535/4801.

mae: 0.10097553212516147
max_error: 0.530582472299912
variance: 0.0074688474300226996

AL interation 4536/4801.

mae: 0.10097113957843877
max_error: 0.5314233729414575
variance: 0.007466959923651051

AL interation 4537/4801.

mae: 0.10100198277373076
max_error: 0.5322572558273073
variance: 0.0074625104715745705

AL interation 4538/4801.

mae: 0.10094477329841713
max_error: 0.5314705082457465
variance: 0.007452653002840925

AL interation 4539/4801.

mae: 0.10094885724175373
max_error: 0.5300514394434863
variance: 0.007449813763426104

AL interation 4540/4801.

mae: 0.10091991072821353
max_error: 0.5305681837178646
variance: 0.007453504457341511

AL interation 4541/4801.

mae: 0.10091961732051548
max_error: 0.5305880890531824
variance: 0.0074537462203218136

AL interation 4542/4801.

mae: 0.10092319743056055
max_error: 0.5305041048872496
variance: 0.007453486455179795

AL interation 4543/4801.

mae: 0.10091300690113071
max_error: 0.5313304485237822
variance: 0.007455156851131204

AL interation 4544/4801.

mae: 0.1008994246628358
max_error: 0.5309021789065831
variance: 0.007457555162304473

AL interation 4545/4801.

mae: 0.10090327151315742
max_error: 0.5307622993963079
variance: 0.007456663351275871

AL interation 4546/4801.

mae: 0.10084681505372263
max_error: 0.5306948837113126
variance: 0.007458263663189306

AL interation 4547/4801.

mae: 0.10085550601974841
max_error: 0.5329622709357427
variance: 0.007445889805986019

AL interation 4548/4801.

mae: 0.10084530082669786
max_error: 0.5329839992062446
variance: 0.007442590957175166

AL interation 4549/4801.

mae: 0.10088859637843518
max_error: 0.5329272533836935
variance: 0.007451107391793777

AL interation 4550/4801.

mae: 0.10090981574849216
max_error: 0.5312435356451743
variance: 0.007444813605003576

AL interation 4551/4801.

mae: 0.1008760166933134
max_error: 0.5304480247399788
variance: 0.007441270344146622

AL interation 4552/4801.

mae: 0.10086742062514603
max_error: 0.5313571178264418
variance: 0.007434579787779998

AL interation 4553/4801.

mae: 0.10085292474233222
max_error: 0.5303938567144577
variance: 0.007434277063442657

AL interation 4554/4801.

mae: 0.10084953604210228
max_error: 0.5309733273222683
variance: 0.007433012196823092

AL interation 4555/4801.

mae: 0.10083111335284929
max_error: 0.529867396770964
variance: 0.0074286160851382305

AL interation 4556/4801.

mae: 0.10083192777432062
max_error: 0.5298662559985381
variance: 0.0074286929332157805

AL interation 4557/4801.

mae: 0.10070654211958563
max_error: 0.5321591870142832
variance: 0.007397707446944317

AL interation 4558/4801.

mae: 0.10082254548351934
max_error: 0.5312771791054907
variance: 0.007398704665417341

AL interation 4559/4801.

mae: 0.10078085810321989
max_error: 0.529448045609783
variance: 0.0073890980951963805

AL interation 4560/4801.

mae: 0.10079434168281287
max_error: 0.5300989174028672
variance: 0.00738364607413926

AL interation 4561/4801.

mae: 0.1007996407236244
max_error: 0.5302835208163827
variance: 0.007381664385826345

AL interation 4562/4801.

mae: 0.1007887181602004
max_error: 0.5300569264110102
variance: 0.00737977541130677

AL interation 4563/4801.

mae: 0.10075792949416681
max_error: 0.5299040884206896
variance: 0.00737861446003935

AL interation 4564/4801.

mae: 0.10075737820317432
max_error: 0.5294329683320065
variance: 0.0073766418260894735

AL interation 4565/4801.

mae: 0.10075975440602641
max_error: 0.5300130661192881
variance: 0.007377624713110349

AL interation 4566/4801.

mae: 0.10076166913432377
max_error: 0.5300787341194955
variance: 0.007378003157614025

AL interation 4567/4801.

mae: 0.10076083753147791
max_error: 0.5300377518876331
variance: 0.007378293447689223

AL interation 4568/4801.

mae: 0.10071218745175335
max_error: 0.529684488787872
variance: 0.0073832087750542235

AL interation 4569/4801.

mae: 0.10071343508883583
max_error: 0.5294911100649209
variance: 0.007384070023541747

AL interation 4570/4801.

mae: 0.10071013766664229
max_error: 0.5296576624274536
variance: 0.0073844922406674915

AL interation 4571/4801.

mae: 0.100691619128252
max_error: 0.5298050695620127
variance: 0.007380782769380467

AL interation 4572/4801.

mae: 0.10068824747809166
max_error: 0.5286360517455364
variance: 0.00737517734187616

AL interation 4573/4801.

mae: 0.10068478084699065
max_error: 0.5288112418744646
variance: 0.007376134839127568

AL interation 4574/4801.

mae: 0.10068858365794507
max_error: 0.528800776381587
variance: 0.007375199847849669

AL interation 4575/4801.

mae: 0.10068376279164934
max_error: 0.5276801687859809
variance: 0.007378662839640714

AL interation 4576/4801.

mae: 0.10067851820572069
max_error: 0.5297417682822889
variance: 0.007388335497660094

AL interation 4577/4801.

mae: 0.10068648979742448
max_error: 0.5298178754399316
variance: 0.007387675386296477

AL interation 4578/4801.

mae: 0.10066870155944332
max_error: 0.5291181206635649
variance: 0.007381987479063131

AL interation 4579/4801.

mae: 0.10071647915071484
max_error: 0.5282215005152011
variance: 0.007394922801017279

AL interation 4580/4801.

mae: 0.10071790464612301
max_error: 0.5282498094374013
variance: 0.007394721568235055

AL interation 4581/4801.

mae: 0.10068256950230245
max_error: 0.5277121956391753
variance: 0.007386421743597719

AL interation 4582/4801.

mae: 0.10069949971358906
max_error: 0.5278104052806754
variance: 0.007386292637147283

AL interation 4583/4801.

mae: 0.10070155745016346
max_error: 0.5276183939431505
variance: 0.0073860189630977156

AL interation 4584/4801.

mae: 0.10070485466561835
max_error: 0.5286512186477736
variance: 0.007395121186882944

AL interation 4585/4801.

mae: 0.10071075944539709
max_error: 0.5289666450790627
variance: 0.007397895082262723

AL interation 4586/4801.

mae: 0.10071245981215765
max_error: 0.5290889288247236
variance: 0.007398201137993413

AL interation 4587/4801.

mae: 0.1007229710286928
max_error: 0.5289028438471064
variance: 0.00739407639988824

AL interation 4588/4801.

mae: 0.10072430487298879
max_error: 0.5283135191135422
variance: 0.007392859066468459

AL interation 4589/4801.

mae: 0.10074807675462644
max_error: 0.5300586762324073
variance: 0.0073959662797500585

AL interation 4590/4801.

mae: 0.10074288117780725
max_error: 0.5297883419376106
variance: 0.00739352281631901

AL interation 4591/4801.

mae: 0.10074276717162002
max_error: 0.5297739522193865
variance: 0.007393568232564906

AL interation 4592/4801.

mae: 0.1007437741108646
max_error: 0.5297964702462536
variance: 0.007393548876744946

AL interation 4593/4801.

mae: 0.10076376640143364
max_error: 0.5302060875654959
variance: 0.007394802202689355

AL interation 4594/4801.

mae: 0.10075618512836086
max_error: 0.5301875088477033
variance: 0.0073952756274404405

AL interation 4595/4801.

mae: 0.10072016791662142
max_error: 0.530567791190343
variance: 0.007404149156112589

AL interation 4596/4801.

mae: 0.10070131178317394
max_error: 0.529736995389829
variance: 0.00738398646201244

AL interation 4597/4801.

mae: 0.10073211110933258
max_error: 0.5293170340398454
variance: 0.007387331386241837

AL interation 4598/4801.

mae: 0.10070539361610409
max_error: 0.5294134442645664
variance: 0.007385579460532558

AL interation 4599/4801.

mae: 0.10071164603607696
max_error: 0.5272204176147426
variance: 0.007393299152753481

AL interation 4600/4801.

mae: 0.10056800367009182
max_error: 0.5275176128612351
variance: 0.007399489216264373

AL interation 4601/4801.

mae: 0.10057953336279762
max_error: 0.5269788790768644
variance: 0.00740307061513172

AL interation 4602/4801.

mae: 0.10055880958254278
max_error: 0.5269941542200556
variance: 0.007399327316825372

AL interation 4603/4801.

mae: 0.1004260162976417
max_error: 0.5296946222594947
variance: 0.007361359850964

AL interation 4604/4801.

mae: 0.10044735102748674
max_error: 0.5287077489104313
variance: 0.007361084659286889

AL interation 4605/4801.

mae: 0.10045883986397709
max_error: 0.528574139900293
variance: 0.007369283539245321

AL interation 4606/4801.

mae: 0.10042769409373604
max_error: 0.526727638980443
variance: 0.007364892338995624

AL interation 4607/4801.

mae: 0.10043221296262406
max_error: 0.5279455874035044
variance: 0.007372038821361261

AL interation 4608/4801.

mae: 0.10043758160947183
max_error: 0.5283560346426697
variance: 0.007374425049027177

AL interation 4609/4801.

mae: 0.10045389524399664
max_error: 0.5281531317120596
variance: 0.0073753706261946335

AL interation 4610/4801.

mae: 0.10043225582408186
max_error: 0.5281451582849392
variance: 0.007377010824957563

AL interation 4611/4801.

mae: 0.10045804155598677
max_error: 0.5287068940615534
variance: 0.00737600420163202

AL interation 4612/4801.

mae: 0.10043751634743
max_error: 0.5292594067139582
variance: 0.0073861376021895336

AL interation 4613/4801.

mae: 0.10046180244989494
max_error: 0.5299444288919908
variance: 0.007379076287413283

AL interation 4614/4801.

mae: 0.1004595697822617
max_error: 0.5299307126344246
variance: 0.007379352088484004

AL interation 4615/4801.

mae: 0.10046004799927574
max_error: 0.5299664225196921
variance: 0.007379143018539014

AL interation 4616/4801.

mae: 0.10041315890883357
max_error: 0.5287027468608869
variance: 0.007377526561057901

AL interation 4617/4801.

mae: 0.1004124530048362
max_error: 0.5286057862635438
variance: 0.007376803070634886

AL interation 4618/4801.

mae: 0.1004617979744528
max_error: 0.5294363357927345
variance: 0.007372553619300037

AL interation 4619/4801.

mae: 0.10046356730950594
max_error: 0.5312293463036859
variance: 0.00737343245189337

AL interation 4620/4801.

mae: 0.10045293602707041
max_error: 0.5310125879495615
variance: 0.007370881292120222

AL interation 4621/4801.

mae: 0.10045664227430752
max_error: 0.5307625324518987
variance: 0.007367406987240799

AL interation 4622/4801.

mae: 0.10046070560351297
max_error: 0.5305769198646253
variance: 0.007367002870929427

AL interation 4623/4801.

mae: 0.10046212378117643
max_error: 0.5300796937758889
variance: 0.007356434001554511

AL interation 4624/4801.

mae: 0.10044994021596315
max_error: 0.5296031080194794
variance: 0.007359023756868601

AL interation 4625/4801.

mae: 0.10047760758768977
max_error: 0.5308965926712084
variance: 0.0073563245301675115

AL interation 4626/4801.

mae: 0.10056274079018226
max_error: 0.5331707151723357
variance: 0.007360067120068825

AL interation 4627/4801.

mae: 0.10052879009005157
max_error: 0.5325587024063942
variance: 0.007338816724838086

AL interation 4628/4801.

mae: 0.10049951838268763
max_error: 0.5326261164405466
variance: 0.007333356973590384

AL interation 4629/4801.

mae: 0.1005014137136085
max_error: 0.5326747701424601
variance: 0.007333020499504784

AL interation 4630/4801.

mae: 0.10053345706694322
max_error: 0.5327553942102519
variance: 0.007330340230599828

AL interation 4631/4801.

mae: 0.10053789534032058
max_error: 0.5321048935118142
variance: 0.007324019880006601

AL interation 4632/4801.

mae: 0.10055359230940343
max_error: 0.5323715812810832
variance: 0.007323912012443561

AL interation 4633/4801.

mae: 0.1005687321680365
max_error: 0.5330357252545497
variance: 0.007322151689131443

AL interation 4634/4801.

mae: 0.10053067970926842
max_error: 0.5325928422497164
variance: 0.007320446074216121

AL interation 4635/4801.

mae: 0.10060574822212441
max_error: 0.5322023566631842
variance: 0.007333502468131004

AL interation 4636/4801.

mae: 0.10060243444991583
max_error: 0.5322599462704964
variance: 0.00734074990868389

AL interation 4637/4801.

mae: 0.10049667114554377
max_error: 0.5324881001729551
variance: 0.007340605931312635

AL interation 4638/4801.

mae: 0.1004952790017932
max_error: 0.531817125870468
variance: 0.007340340341057273

AL interation 4639/4801.

mae: 0.1004686466577105
max_error: 0.5321731717191902
variance: 0.007330402243267012

AL interation 4640/4801.

mae: 0.10041374157607272
max_error: 0.5324584605227898
variance: 0.00732389947351948

AL interation 4641/4801.

mae: 0.10041978635686215
max_error: 0.5323672160247597
variance: 0.007323846387690779

AL interation 4642/4801.

mae: 0.1004253827701453
max_error: 0.5320412806862826
variance: 0.007314059168894843

AL interation 4643/4801.

mae: 0.10039641797350525
max_error: 0.5320074921090878
variance: 0.007309967263309512

AL interation 4644/4801.

mae: 0.10040364361142437
max_error: 0.531347470911534
variance: 0.007308631836704317

AL interation 4645/4801.

mae: 0.10040445384469274
max_error: 0.5313093184739159
variance: 0.007308339640278273

AL interation 4646/4801.

mae: 0.10041311795187079
max_error: 0.5319256225705153
variance: 0.007305159079208648

AL interation 4647/4801.

mae: 0.10041383052853467
max_error: 0.53205702660523
variance: 0.007304671471237771

AL interation 4648/4801.

mae: 0.10042048700719769
max_error: 0.5327065877480983
variance: 0.007301534027168192

AL interation 4649/4801.

mae: 0.10042074831746213
max_error: 0.5327089871139528
variance: 0.007301616800472355

AL interation 4650/4801.

mae: 0.1004289052926975
max_error: 0.5326164976579335
variance: 0.007302287891320523

AL interation 4651/4801.

mae: 0.1003016651027863
max_error: 0.532155057998775
variance: 0.00731224460187249

AL interation 4652/4801.

mae: 0.10027742555535928
max_error: 0.5320274208015618
variance: 0.007307420534412213

AL interation 4653/4801.

mae: 0.10027871024887876
max_error: 0.532003929388285
variance: 0.007307624882429137

AL interation 4654/4801.

mae: 0.10026733248702188
max_error: 0.5303886546057761
variance: 0.007307488622840938

AL interation 4655/4801.

mae: 0.10028564260904889
max_error: 0.5312482500705062
variance: 0.007315033654135214

AL interation 4656/4801.

mae: 0.10025836330175548
max_error: 0.5312206452199746
variance: 0.007313366438344782

AL interation 4657/4801.

mae: 0.1002637953299001
max_error: 0.5363152788849064
variance: 0.007316432960952869

AL interation 4658/4801.

mae: 0.10027102729484663
max_error: 0.5365358569115823
variance: 0.007317908301032579

AL interation 4659/4801.

mae: 0.10022785010133722
max_error: 0.5363241913939589
variance: 0.007314888153069639

AL interation 4660/4801.

mae: 0.10023518299344605
max_error: 0.5365971352698526
variance: 0.0073136560352612115

AL interation 4661/4801.

mae: 0.10024348009518266
max_error: 0.5365586661009054
variance: 0.007316847564638132

AL interation 4662/4801.

mae: 0.1002200779809427
max_error: 0.5359866956731878
variance: 0.0073134493651950796

AL interation 4663/4801.

mae: 0.10020760611189558
max_error: 0.5364283227090443
variance: 0.007311272192461352

AL interation 4664/4801.

mae: 0.10019707900696266
max_error: 0.5387161193818386
variance: 0.007311846559028318

AL interation 4665/4801.

mae: 0.10020200201500054
max_error: 0.5362863905698241
variance: 0.007303709861418032

AL interation 4666/4801.

mae: 0.10021004979222818
max_error: 0.536244384027615
variance: 0.007304297335847657

AL interation 4667/4801.

mae: 0.10025599745448159
max_error: 0.5365269731997486
variance: 0.007315687111545895

AL interation 4668/4801.

mae: 0.10025481590541123
max_error: 0.5366001237235505
variance: 0.007315952650983385

AL interation 4669/4801.

mae: 0.10030763056404093
max_error: 0.5355211333107537
variance: 0.007323120603824626

AL interation 4670/4801.

mae: 0.10028323525630575
max_error: 0.5341020670071632
variance: 0.007323169704134616

AL interation 4671/4801.

mae: 0.10029882382467617
max_error: 0.5338557583911303
variance: 0.007320207382634359

AL interation 4672/4801.

mae: 0.10027053540815345
max_error: 0.5331515460991483
variance: 0.007321884896362034

AL interation 4673/4801.

mae: 0.1002568348357562
max_error: 0.5303378807990384
variance: 0.007316934982526962

AL interation 4674/4801.

mae: 0.10027593975118955
max_error: 0.5390226680606371
variance: 0.007324630185822724

AL interation 4675/4801.

mae: 0.10014563084531515
max_error: 0.5403916615509505
variance: 0.007309813944746545

AL interation 4676/4801.

mae: 0.10012437046255314
max_error: 0.5403589943613909
variance: 0.007315147478214272

AL interation 4677/4801.

mae: 0.10011518794555727
max_error: 0.5406926325573842
variance: 0.007315439363650086

AL interation 4678/4801.

mae: 0.10014160197475812
max_error: 0.5440348783466415
variance: 0.007304111975405255

AL interation 4679/4801.

mae: 0.10013688089076019
max_error: 0.5440538525593386
variance: 0.007302770792582066

AL interation 4680/4801.

mae: 0.10012275634704912
max_error: 0.5441356339526813
variance: 0.007304795505639002

AL interation 4681/4801.

mae: 0.100133098416999
max_error: 0.5441533217613479
variance: 0.0073049180871030996

AL interation 4682/4801.

mae: 0.10005997250945668
max_error: 0.5434036461756655
variance: 0.007312689562777225

AL interation 4683/4801.

mae: 0.10005455519935841
max_error: 0.5433618406496397
variance: 0.0073129175982614425

AL interation 4684/4801.

mae: 0.10005431896710502
max_error: 0.543362132802164
variance: 0.007312755330956168

AL interation 4685/4801.

mae: 0.1000233685511755
max_error: 0.5441442202080307
variance: 0.007310904536109274

AL interation 4686/4801.

mae: 0.10003514510884456
max_error: 0.5430622496086919
variance: 0.007292655438195996

AL interation 4687/4801.

mae: 0.10011023041662866
max_error: 0.5444526547320319
variance: 0.00730044741850803

AL interation 4688/4801.

mae: 0.10011405434700713
max_error: 0.5443576998066764
variance: 0.00729651680386046

AL interation 4689/4801.

mae: 0.10007037584831736
max_error: 0.5422582853297868
variance: 0.007278419265989343

AL interation 4690/4801.

mae: 0.10008510422307872
max_error: 0.5436126311751739
variance: 0.007278149529435867

AL interation 4691/4801.

mae: 0.10012820971158362
max_error: 0.5425132148659735
variance: 0.007268614735742192

AL interation 4692/4801.

mae: 0.10007622826387592
max_error: 0.5422377719719389
variance: 0.007270038637121433

AL interation 4693/4801.

mae: 0.1000859711000411
max_error: 0.5422520651240923
variance: 0.0072729081627190455

AL interation 4694/4801.

mae: 0.10008538614564626
max_error: 0.542283392038911
variance: 0.007272746026013091

AL interation 4695/4801.

mae: 0.10009505855775182
max_error: 0.5419834322596984
variance: 0.00727245656510533

AL interation 4696/4801.

mae: 0.10009897415299686
max_error: 0.5405897930083547
variance: 0.007270707344142455

AL interation 4697/4801.

mae: 0.10002901710444857
max_error: 0.5401169500789997
variance: 0.007266298781858082

AL interation 4698/4801.

mae: 0.10002021870996108
max_error: 0.5399196584058714
variance: 0.007266208748802847

AL interation 4699/4801.

mae: 0.100061050715579
max_error: 0.5388938514303625
variance: 0.007265730354751308

AL interation 4700/4801.

mae: 0.10005728954314573
max_error: 0.5393708881775794
variance: 0.007266203714378983

AL interation 4701/4801.

mae: 0.10005965314871428
max_error: 0.5392677912634731
variance: 0.007266263621233903

AL interation 4702/4801.

mae: 0.09999508736846525
max_error: 0.5403002531954435
variance: 0.007263710065748535

AL interation 4703/4801.

mae: 0.10000370094406207
max_error: 0.5408303754206667
variance: 0.007256140376727191

AL interation 4704/4801.

mae: 0.10000522328879792
max_error: 0.5407387116076787
variance: 0.007256838363442906

AL interation 4705/4801.

mae: 0.10004836956472986
max_error: 0.5427217666141164
variance: 0.007249976818059208

AL interation 4706/4801.

mae: 0.10004858435312637
max_error: 0.5428246860327146
variance: 0.0072503927210245175

AL interation 4707/4801.

mae: 0.10002986950545677
max_error: 0.5450335814103813
variance: 0.007250309374032585

AL interation 4708/4801.

mae: 0.0998595911648271
max_error: 0.5441746592933043
variance: 0.007240870930891859

AL interation 4709/4801.

mae: 0.09978042546597082
max_error: 0.5433931903774241
variance: 0.007236680474165105

AL interation 4710/4801.

mae: 0.09969390976966656
max_error: 0.5413374872522212
variance: 0.007195801908283098

AL interation 4711/4801.

mae: 0.09968984364477919
max_error: 0.5414028003018334
variance: 0.007195521898734987

AL interation 4712/4801.

mae: 0.09968926376397551
max_error: 0.5412676255559123
variance: 0.007194386824617179

AL interation 4713/4801.

mae: 0.09964698913011426
max_error: 0.5435920842828299
variance: 0.007181378771669393

AL interation 4714/4801.

mae: 0.09964851349111689
max_error: 0.5422416682965068
variance: 0.007182435402916067

AL interation 4715/4801.

mae: 0.09965456112129113
max_error: 0.5420085016336653
variance: 0.007182893491757969

AL interation 4716/4801.

mae: 0.09965775810055981
max_error: 0.5593118795569652
variance: 0.007188498098133931

AL interation 4717/4801.

mae: 0.09961792032744372
max_error: 0.5582335467267168
variance: 0.007181417119751829

AL interation 4718/4801.

mae: 0.09960580417694233
max_error: 0.5581217216600223
variance: 0.007183199474793195

AL interation 4719/4801.

mae: 0.09961422397899415
max_error: 0.5582877558619757
variance: 0.00718039280972086

AL interation 4720/4801.

mae: 0.09959936357921749
max_error: 0.5576778235693958
variance: 0.007183553129692648

AL interation 4721/4801.

mae: 0.09960715262212402
max_error: 0.5576844295652883
variance: 0.007185255675825256

AL interation 4722/4801.

mae: 0.09957509008216968
max_error: 0.5572467653802047
variance: 0.00718382125402402

AL interation 4723/4801.

mae: 0.09956858617767345
max_error: 0.5573524690053642
variance: 0.007181024832972444

AL interation 4724/4801.

mae: 0.09957535226932998
max_error: 0.5575909363975153
variance: 0.007179068389510682

AL interation 4725/4801.

mae: 0.09956810090906942
max_error: 0.5575610721226436
variance: 0.007178922828419081

AL interation 4726/4801.

mae: 0.09956323291509657
max_error: 0.5577044241405726
variance: 0.007178051918306533

AL interation 4727/4801.

mae: 0.09956356327205951
max_error: 0.5577090698772942
variance: 0.007178013141422647

AL interation 4728/4801.

mae: 0.09954620758467238
max_error: 0.5596448905747131
variance: 0.00717844615575517

AL interation 4729/4801.

mae: 0.09953772000641237
max_error: 0.5596453524744387
variance: 0.007176356207479924

AL interation 4730/4801.

mae: 0.09952762151386818
max_error: 0.5603365757096732
variance: 0.00718467738583667

AL interation 4731/4801.

mae: 0.09954809549557357
max_error: 0.5602976620672031
variance: 0.007185325596374602

AL interation 4732/4801.

mae: 0.09957349936704091
max_error: 0.5594481292540046
variance: 0.007179003533601168

AL interation 4733/4801.

mae: 0.09952598739112968
max_error: 0.5553075385495134
variance: 0.007164716047340037

AL interation 4734/4801.

mae: 0.09952225621737883
max_error: 0.5562900369158559
variance: 0.007172932010048983

AL interation 4735/4801.

mae: 0.09952760681956781
max_error: 0.5566846199580855
variance: 0.0071761348856776075

AL interation 4736/4801.

mae: 0.09953106249527618
max_error: 0.5568191305806085
variance: 0.0071757989665498165

AL interation 4737/4801.

mae: 0.09950774116171626
max_error: 0.5555505691492648
variance: 0.00716601800796391

AL interation 4738/4801.

mae: 0.09950301778297228
max_error: 0.5555037764548132
variance: 0.007164099881632059

AL interation 4739/4801.

mae: 0.09951222641530684
max_error: 0.5579146599621669
variance: 0.007171717930686977

AL interation 4740/4801.

mae: 0.09950914945315413
max_error: 0.5579914984821919
variance: 0.007172292727240744

AL interation 4741/4801.

mae: 0.09952910748146424
max_error: 0.5585530170658632
variance: 0.007177585707302614

AL interation 4742/4801.

mae: 0.09947362121088887
max_error: 0.5592904694439405
variance: 0.00718013172217246

AL interation 4743/4801.

mae: 0.09950680906714789
max_error: 0.5580910650011717
variance: 0.007171658703787241

AL interation 4744/4801.

mae: 0.09950965135432135
max_error: 0.556426988574442
variance: 0.007170957434416101

AL interation 4745/4801.

mae: 0.09951572556877776
max_error: 0.5565956981795139
variance: 0.007168949203240669

AL interation 4746/4801.

mae: 0.09952970846363406
max_error: 0.5559168220982027
variance: 0.00716456814093377

AL interation 4747/4801.

mae: 0.0995260930220993
max_error: 0.5556483224919067
variance: 0.007167681502173039

AL interation 4748/4801.

mae: 0.09950494173081646
max_error: 0.5543915268542836
variance: 0.007169597931287439

AL interation 4749/4801.

mae: 0.09950063822387017
max_error: 0.5541932218812526
variance: 0.007169253358298824

AL interation 4750/4801.

mae: 0.09950395413739196
max_error: 0.5538490714110136
variance: 0.007167638486450191

AL interation 4751/4801.

mae: 0.09951055685734408
max_error: 0.5537978742979792
variance: 0.007167230665250245

AL interation 4752/4801.

mae: 0.09946976686575311
max_error: 0.5541063421252659
variance: 0.0071575261490197835

AL interation 4753/4801.

mae: 0.09945917882775687
max_error: 0.5544570174344461
variance: 0.007154074729395639

AL interation 4754/4801.

mae: 0.09945903461520468
max_error: 0.554457986315656
variance: 0.007154082167606239

AL interation 4755/4801.

mae: 0.09944923686150264
max_error: 0.5546600602930791
variance: 0.007152850695068458

AL interation 4756/4801.

mae: 0.0994566285852658
max_error: 0.5549604044683072
variance: 0.0071544327639941905

AL interation 4757/4801.

mae: 0.0995118294199433
max_error: 0.5551250242558261
variance: 0.007169256279987413

AL interation 4758/4801.

mae: 0.09951371022958745
max_error: 0.5560186691508751
variance: 0.007169964613936052

AL interation 4759/4801.

mae: 0.09953023946289179
max_error: 0.5561953489048346
variance: 0.007169871064712034

AL interation 4760/4801.

mae: 0.09954009698793584
max_error: 0.55603347081599
variance: 0.0071689662329747226

AL interation 4761/4801.

mae: 0.09953678929603535
max_error: 0.5560396576425468
variance: 0.007167611857214492

AL interation 4762/4801.

mae: 0.09954478255962458
max_error: 0.5564830645784209
variance: 0.0071698257091689106

AL interation 4763/4801.

mae: 0.09951153072105852
max_error: 0.556060675400845
variance: 0.007170813183542937

AL interation 4764/4801.

mae: 0.09949584639206331
max_error: 0.5561786022463249
variance: 0.007169794731502185

AL interation 4765/4801.

mae: 0.0994308471407048
max_error: 0.5551956528100774
variance: 0.007159972789241954

AL interation 4766/4801.

mae: 0.09944465568022015
max_error: 0.5552774763536821
variance: 0.007160825536178117

AL interation 4767/4801.

mae: 0.09947690991146214
max_error: 0.5549823214309804
variance: 0.0071633860031607485

AL interation 4768/4801.

mae: 0.09950032829676314
max_error: 0.555231061410467
variance: 0.00717329720953248

AL interation 4769/4801.

mae: 0.09953358238189662
max_error: 0.5658127123690573
variance: 0.007178914090327456

AL interation 4770/4801.

mae: 0.09953327109948244
max_error: 0.563032782387662
variance: 0.007174715273444232

AL interation 4771/4801.

mae: 0.09954819429480029
max_error: 0.5635173908076787
variance: 0.007170152431766645

AL interation 4772/4801.

mae: 0.09957076136211344
max_error: 0.5644269510102191
variance: 0.0071759379230907855

AL interation 4773/4801.

mae: 0.09958162041991742
max_error: 0.5648455588091625
variance: 0.007190249466427788

AL interation 4774/4801.

mae: 0.09954937188018886
max_error: 0.5665065673078313
variance: 0.007188779939217973

AL interation 4775/4801.

mae: 0.09952463920534739
max_error: 0.5682859547888057
variance: 0.007187011494662392

AL interation 4776/4801.

mae: 0.09951391914037959
max_error: 0.5687650579154173
variance: 0.007188820686561736

AL interation 4777/4801.

mae: 0.09951355568456348
max_error: 0.5687863689371238
variance: 0.007188775330820553

AL interation 4778/4801.

mae: 0.09953713093707471
max_error: 0.5685929195433594
variance: 0.007189903778461909

AL interation 4779/4801.

mae: 0.09953619099343647
max_error: 0.5685979040924529
variance: 0.007189930712038262

AL interation 4780/4801.

mae: 0.0995138590191655
max_error: 0.5682921559175833
variance: 0.007188090347397775

AL interation 4781/4801.

mae: 0.09954228616897227
max_error: 0.5673921677498637
variance: 0.007180946463224761

AL interation 4782/4801.

mae: 0.09954574909381012
max_error: 0.5676378543831744
variance: 0.007178007274428893

AL interation 4783/4801.

mae: 0.0995460327137588
max_error: 0.5677456902073317
variance: 0.007176925050038182

AL interation 4784/4801.

mae: 0.09951011656447045
max_error: 0.5673549174020627
variance: 0.007177959617367627

AL interation 4785/4801.

mae: 0.09951359690076667
max_error: 0.5679392080200145
variance: 0.007174445163980267

AL interation 4786/4801.

mae: 0.09949975851732464
max_error: 0.5672034018423986
variance: 0.007168244756970163

AL interation 4787/4801.

mae: 0.09951530899902093
max_error: 0.5672064080806862
variance: 0.00716772495757047

AL interation 4788/4801.

mae: 0.09952906263134471
max_error: 0.5658804888861475
variance: 0.0071773133563620365

AL interation 4789/4801.

mae: 0.09953630648730698
max_error: 0.5645000173367336
variance: 0.007178497443261487

AL interation 4790/4801.

mae: 0.09941537684533963
max_error: 0.5644911117133393
variance: 0.00716603366288698

AL interation 4791/4801.

mae: 0.09936658558850553
max_error: 0.563003588977681
variance: 0.0071565781454247706

AL interation 4792/4801.

mae: 0.09937855892462409
max_error: 0.5633166076699379
variance: 0.007155458087911465

AL interation 4793/4801.

mae: 0.0993706235384599
max_error: 0.5631721331860264
variance: 0.007156551527731003

AL interation 4794/4801.

mae: 0.09936711980509634
max_error: 0.5644135914467281
variance: 0.007155411796939577

AL interation 4795/4801.

mae: 0.09936530649719912
max_error: 0.5646332565817449
variance: 0.007155389072000423

AL interation 4796/4801.

mae: 0.09938297618201286
max_error: 0.5652142857171469
variance: 0.007149225558817103

AL interation 4797/4801.

mae: 0.09932161380554297
max_error: 0.5614562452057212
variance: 0.007148350410865186

AL interation 4798/4801.

mae: 0.0992944834231815
max_error: 0.5618212125597157
variance: 0.00714621065161205

AL interation 4799/4801.

mae: 0.09929747462840087
max_error: 0.5636398661515534
variance: 0.007156363492506886

AL interation 4800/4801.

mae: 0.09929587823477427
max_error: 0.5637694109748379
variance: 0.007156387929582017
[2024-09-04 22:50:37,031][__main__][INFO] - Experiment run time: 2184.9779539108276
submitit INFO (2024-09-04 22:50:37,033) - Job completed successfully
[2024-09-04 22:50:37,033][submitit][INFO] - Job completed successfully
submitit INFO (2024-09-04 22:50:37,042) - Exiting after successful completion
[2024-09-04 22:50:37,042][submitit][INFO] - Exiting after successful completion
