submitit INFO (2024-06-22 14:56:27,220) - Starting with JobEnvironment(job_id=308889_2, hostname=gpu21005.pleiades.uni-wuppertal.de, local_rank=0(1), node=0(1), global_rank=0(1))
submitit INFO (2024-06-22 14:56:27,220) - Loading pickle: /beegfs/holzenkamp/dev/active_learning/active/../../experiments/benzene/candidate_based_al/rmd17_full_rmd17_energy/GPR_coulomb_rbf/combinations3_1000/.submitit/308889_2/308889_2_submitted.pkl
[2024-06-22 14:56:30,666][__main__][INFO] - Running on host: gpu21005.pleiades.uni-wuppertal.de
[2024-06-22 14:56:30,666][__main__][INFO] - Init trajectory.
[2024-06-22 14:56:37,005][__main__][INFO] - Run experiment
state_dict_path: ../../experiments/benzene/cross_validation/rmd17_full_rmd17_energy/GPR_coulomb_rbf/combinations3_1000/best_model.pt

AL interation 0/5000.

mae: 0.0333572143042411
max_error: 0.22242219475856473
variance: 0.000832136440121863

AL interation 1/5000.

mae: 0.03324802824596509
max_error: 0.22371484406494346
variance: 0.0008280137946671897

AL interation 2/5000.

mae: 0.033236503921296505
max_error: 0.2226762073678401
variance: 0.0008270961161946744

AL interation 3/5000.

mae: 0.032998548464788086
max_error: 0.21341394255773594
variance: 0.0008119527309050778

AL interation 4/5000.

mae: 0.032760674848914505
max_error: 0.21125151831097355
variance: 0.0008000659837927713

AL interation 5/5000.

mae: 0.03189099839835706
max_error: 0.21005644084470987
variance: 0.0007515333303703469

AL interation 6/5000.

mae: 0.03192243782655441
max_error: 0.20866569648478617
variance: 0.0007531777781784436

AL interation 7/5000.

mae: 0.0319387186047868
max_error: 0.21218325852214548
variance: 0.0007553556750975324

AL interation 8/5000.

mae: 0.031944809103849704
max_error: 0.21117702686706252
variance: 0.0007550185221430723

AL interation 9/5000.

mae: 0.0311467598626445
max_error: 0.20902101378931093
variance: 0.0007390828855992043

AL interation 10/5000.

mae: 0.03100899057579494
max_error: 0.21187883788411455
variance: 0.0007441399038628687

AL interation 11/5000.

mae: 0.03101236024759146
max_error: 0.21159746419732528
variance: 0.0007441992149792376

AL interation 12/5000.

mae: 0.03101547338459909
max_error: 0.21164139975167018
variance: 0.0007444043316722217

AL interation 13/5000.

mae: 0.031123869835415006
max_error: 0.2120574765499441
variance: 0.0007455361954154584

AL interation 14/5000.

mae: 0.031094496345732695
max_error: 0.21260075104373755
variance: 0.0007458639374384071

AL interation 15/5000.

mae: 0.031017727114193292
max_error: 0.21196581230117317
variance: 0.0007415777176754756

AL interation 16/5000.

mae: 0.031038960688594158
max_error: 0.2120503343743394
variance: 0.0007425937452511644

AL interation 17/5000.

mae: 0.03081312704247921
max_error: 0.21127229382682344
variance: 0.0007316790722822418

AL interation 18/5000.

mae: 0.029964228832719982
max_error: 0.21006444023623771
variance: 0.0006810361988964669

AL interation 19/5000.

mae: 0.02892277843083389
max_error: 0.17912977709602274
variance: 0.0006262523020287241

AL interation 20/5000.

mae: 0.02879604860097561
max_error: 0.17914755335095833
variance: 0.0006208320207375959

AL interation 21/5000.

mae: 0.028545866801248168
max_error: 0.17316335232135316
variance: 0.0006077273128216197

AL interation 22/5000.

mae: 0.02854801180920413
max_error: 0.18018910384034825
variance: 0.000606701686106115

AL interation 23/5000.

mae: 0.028493781384997648
max_error: 0.18137630980390895
variance: 0.0006077347836041295

AL interation 24/5000.

mae: 0.026977430481124203
max_error: 0.16963276669142147
variance: 0.0005244242306186723

AL interation 25/5000.

mae: 0.02631554150652292
max_error: 0.15846240888492957
variance: 0.0004923431963725527

AL interation 26/5000.

mae: 0.02635602964663199
max_error: 0.1576951588013138
variance: 0.0004920878613427397

AL interation 27/5000.

mae: 0.026376523641366695
max_error: 0.15966991045119983
variance: 0.0004921895745857432

AL interation 28/5000.

mae: 0.025937333122807275
max_error: 0.15274512839710042
variance: 0.00046927082705821964

AL interation 29/5000.

mae: 0.025600080945804585
max_error: 0.15065350281334133
variance: 0.00044987021818631727

AL interation 30/5000.

mae: 0.02564775231850542
max_error: 0.15010721333587185
variance: 0.00045192354310467686

AL interation 31/5000.

mae: 0.025373598236873334
max_error: 0.14516017658604596
variance: 0.00043486724113066705

AL interation 32/5000.

mae: 0.02531814095732557
max_error: 0.1497105538935557
variance: 0.00043420273129649007

AL interation 33/5000.

mae: 0.025316978043114093
max_error: 0.14972384883662926
variance: 0.00043414229515102324

AL interation 34/5000.

mae: 0.02544145555392413
max_error: 0.15586707093871155
variance: 0.00044774269962286127

AL interation 35/5000.

mae: 0.02498431125428374
max_error: 0.14492678215378874
variance: 0.00044058482661407585

AL interation 36/5000.

mae: 0.024708733071774874
max_error: 0.1493667865702264
variance: 0.0004326674163745931

AL interation 37/5000.

mae: 0.02480607637145863
max_error: 0.14524307735632647
variance: 0.0004387828718613723

AL interation 38/5000.

mae: 0.024534436637565195
max_error: 0.14255266649774967
variance: 0.0004314022953104675

AL interation 39/5000.

mae: 0.024534707321470416
max_error: 0.14678542730388244
variance: 0.0004309577627400155

AL interation 40/5000.

mae: 0.024542722538345173
max_error: 0.14643271808085956
variance: 0.0004325062920800314

AL interation 41/5000.

mae: 0.024332790632462322
max_error: 0.15659455471040928
variance: 0.00042540430755270373

AL interation 42/5000.

mae: 0.02453842999567519
max_error: 0.1545022719114968
variance: 0.00043366354935289606

AL interation 43/5000.

mae: 0.02433749488610647
max_error: 0.15226803252880927
variance: 0.00042180902315478087

AL interation 44/5000.

mae: 0.024365136813568142
max_error: 0.1550427394727194
variance: 0.00042284431536712935

AL interation 45/5000.

mae: 0.024406747889097233
max_error: 0.1538587608920352
variance: 0.0004256932596305193

AL interation 46/5000.

mae: 0.02339192887313152
max_error: 0.14998302797130236
variance: 0.00039095162497991066

AL interation 47/5000.

mae: 0.02328791463575999
max_error: 0.14416169469768647
variance: 0.00038775249035951953

AL interation 48/5000.

mae: 0.0224809069442299
max_error: 0.1412040993109258
variance: 0.0003666243941551183

AL interation 49/5000.

mae: 0.022482787770945836
max_error: 0.14120468848159362
variance: 0.00036677570895812556

AL interation 50/5000.

mae: 0.02246232773205338
max_error: 0.14437801597341604
variance: 0.0003641126413464772

AL interation 51/5000.

mae: 0.022328845868240025
max_error: 0.141538242376555
variance: 0.0003581059525260905

AL interation 52/5000.

mae: 0.022374154427737266
max_error: 0.14272326774153044
variance: 0.0003588841660361701

AL interation 53/5000.

mae: 0.022030659235468195
max_error: 0.13320053422648925
variance: 0.00034365535037011926

AL interation 54/5000.

mae: 0.0221327222928046
max_error: 0.13421737831413338
variance: 0.0003484652256522413

AL interation 55/5000.

mae: 0.022023218545831356
max_error: 0.1372217310342876
variance: 0.0003560115676530944

AL interation 56/5000.

mae: 0.022015960910969738
max_error: 0.13610902506070488
variance: 0.00035544870949935387

AL interation 57/5000.

mae: 0.021970333535525754
max_error: 0.13091035536388063
variance: 0.0003509439932400717

AL interation 58/5000.

mae: 0.021612177427434633
max_error: 0.12733397976012384
variance: 0.00034052101006903717

AL interation 59/5000.

mae: 0.021480946545922194
max_error: 0.12117323297559324
variance: 0.00032314317869019845

AL interation 60/5000.

mae: 0.021471274968098992
max_error: 0.12370136231460549
variance: 0.0003201640551662118

AL interation 61/5000.

mae: 0.021572541900942953
max_error: 0.1278311539194874
variance: 0.0003229817590426969

AL interation 62/5000.

mae: 0.02158782868998583
max_error: 0.1274536475630157
variance: 0.000323434461195804

AL interation 63/5000.

mae: 0.02156083598782175
max_error: 0.12841147502740569
variance: 0.0003223488846764807

AL interation 64/5000.

mae: 0.021171455695963688
max_error: 0.12410623434834633
variance: 0.0003034219663876476

AL interation 65/5000.

mae: 0.021169020567442885
max_error: 0.12581404686807218
variance: 0.00030328688155259036

AL interation 66/5000.

mae: 0.021174217214203508
max_error: 0.1261100326628366
variance: 0.0003040527433513466

AL interation 67/5000.

mae: 0.02117253336883482
max_error: 0.12691333296970697
variance: 0.0003036210275569212

AL interation 68/5000.

mae: 0.0206457474423828
max_error: 0.12807011258882994
variance: 0.00028522161946760124

AL interation 69/5000.

mae: 0.02063382225996338
max_error: 0.1279461561480275
variance: 0.00028474738269512306

AL interation 70/5000.

mae: 0.020662515363010697
max_error: 0.1279137456076569
variance: 0.0002849918553519888

AL interation 71/5000.

mae: 0.020252131620795807
max_error: 0.1269720308664546
variance: 0.0002811216449704632

AL interation 72/5000.

mae: 0.020296492294364272
max_error: 0.12898945901270054
variance: 0.0002861405466403714

AL interation 73/5000.

mae: 0.02028219578896642
max_error: 0.1284531365517978
variance: 0.00028569860548090736

AL interation 74/5000.

mae: 0.02029019276404779
max_error: 0.1296545561062885
variance: 0.0002870051538889249

AL interation 75/5000.

mae: 0.019919054475303257
max_error: 0.13345256706179498
variance: 0.00027666096138724826

AL interation 76/5000.

mae: 0.01978988350041482
max_error: 0.1392587943291801
variance: 0.0002746757598478427

AL interation 77/5000.

mae: 0.019319036602940286
max_error: 0.13788046227728046
variance: 0.00026077025761120956

AL interation 78/5000.

mae: 0.019226301504984805
max_error: 0.13438261137252994
variance: 0.0002551391734167616

AL interation 79/5000.

mae: 0.01924523842445615
max_error: 0.13244784482685645
variance: 0.0002560073998856671

AL interation 80/5000.

mae: 0.01924414294577218
max_error: 0.13251556492377858
variance: 0.0002559972148833557

AL interation 81/5000.

mae: 0.018933094165568036
max_error: 0.12634448573680856
variance: 0.00024846069178982013

AL interation 82/5000.

mae: 0.018581210301997546
max_error: 0.13189347632578574
variance: 0.00024210871154694213

AL interation 83/5000.

mae: 0.01851933268779612
max_error: 0.13299196358184417
variance: 0.00024134574851565044

AL interation 84/5000.

mae: 0.01766457607467646
max_error: 0.1195033435287769
variance: 0.0002118420933205506

AL interation 85/5000.

mae: 0.017708830305291485
max_error: 0.11310385576416593
variance: 0.00021544390738293054

AL interation 86/5000.

mae: 0.017605323822698665
max_error: 0.10973932873730519
variance: 0.00021224588845451613

AL interation 87/5000.

mae: 0.017556922735971967
max_error: 0.10978310095651977
variance: 0.00021183898336692012

AL interation 88/5000.

mae: 0.016829897426389833
max_error: 0.10906308798894315
variance: 0.00019595574436271002

AL interation 89/5000.

mae: 0.016820877577567898
max_error: 0.10900754901649634
variance: 0.00019555209561567655

AL interation 90/5000.

mae: 0.016916579645107503
max_error: 0.10907641841822624
variance: 0.0001972206661536808

AL interation 91/5000.

mae: 0.01685025405661554
max_error: 0.11033901168866578
variance: 0.00019437635401851417

AL interation 92/5000.

mae: 0.01635450205353118
max_error: 0.11062646961272549
variance: 0.00018823505579958945

AL interation 93/5000.

mae: 0.015776496854056403
max_error: 0.10849781480646925
variance: 0.00017148697021228385

AL interation 94/5000.

mae: 0.01583656351751051
max_error: 0.10595931100760936
variance: 0.00017112245184912846

AL interation 95/5000.

mae: 0.015584997393772029
max_error: 0.10651520835926931
variance: 0.00016678203619474596

AL interation 96/5000.

mae: 0.015555817012789248
max_error: 0.10550306459572312
variance: 0.00016504619855955778

AL interation 97/5000.

mae: 0.015083018975243704
max_error: 0.1060341126185449
variance: 0.000155995833921913

AL interation 98/5000.

mae: 0.015081225377884038
max_error: 0.10253419644686801
variance: 0.0001555251852678338

AL interation 99/5000.

mae: 0.015063531266224346
max_error: 0.10449201673509378
variance: 0.000155747706927941

AL interation 100/5000.

mae: 0.014987852862447198
max_error: 0.10446331215189275
variance: 0.00015396948898868993

AL interation 101/5000.

mae: 0.014655355971161044
max_error: 0.10574132158308203
variance: 0.00014860886338083747

AL interation 102/5000.

mae: 0.014707216390884697
max_error: 0.10581702887793654
variance: 0.00014949363959252366

AL interation 103/5000.

mae: 0.014476856506447804
max_error: 0.10803088029751962
variance: 0.0001468621754686467

AL interation 104/5000.

mae: 0.014215459867769823
max_error: 0.10724794026009477
variance: 0.00014397978287877927

AL interation 105/5000.

mae: 0.01420973032145821
max_error: 0.1066311896629486
variance: 0.0001443956218116567

AL interation 106/5000.

mae: 0.0131049281524015
max_error: 0.10533855829271488
variance: 0.0001261647048870887

AL interation 107/5000.

mae: 0.013094403081769996
max_error: 0.1052288022965513
variance: 0.00012591783447182884

AL interation 108/5000.

mae: 0.012950264028268066
max_error: 0.100027869342739
variance: 0.00012423818621979662

AL interation 109/5000.

mae: 0.012559134747780263
max_error: 0.10021097174831084
variance: 0.0001175520692225498

AL interation 110/5000.

mae: 0.012590845300316688
max_error: 0.09978505295839568
variance: 0.00011771993772159676

AL interation 111/5000.

mae: 0.01254570150276777
max_error: 0.10050886229691969
variance: 0.00011762431905061757

AL interation 112/5000.

mae: 0.012267896829052006
max_error: 0.09303169445229287
variance: 0.00011169014290377761

AL interation 113/5000.

mae: 0.012162022017173512
max_error: 0.09140409036263009
variance: 0.00010822499794146728

AL interation 114/5000.

mae: 0.012203272276227835
max_error: 0.08797444378069486
variance: 0.00011150656039867077

AL interation 115/5000.

mae: 0.012178182828703029
max_error: 0.08100264565746329
variance: 0.00011069080744053334

AL interation 116/5000.

mae: 0.012176218833239546
max_error: 0.08088774640145857
variance: 0.00011066599317070475

AL interation 117/5000.

mae: 0.012122145286862179
max_error: 0.08174258800409007
variance: 0.00010957965056376954

AL interation 118/5000.

mae: 0.01187222885600113
max_error: 0.08364849658300955
variance: 0.00010451388380196108

AL interation 119/5000.

mae: 0.011862284759771684
max_error: 0.08329518059053953
variance: 0.00010437591297726316

AL interation 120/5000.

mae: 0.011840577041616599
max_error: 0.08278329933182249
variance: 0.00010392354851401875

AL interation 121/5000.

mae: 0.011854239702904125
max_error: 0.08225955586658529
variance: 0.00010436210608027402

AL interation 122/5000.

mae: 0.011841622114492566
max_error: 0.08179068699882919
variance: 0.00010425353709508007

AL interation 123/5000.

mae: 0.011989487944996654
max_error: 0.0811959376287632
variance: 0.00010641098301984641

AL interation 124/5000.

mae: 0.01181172635011717
max_error: 0.08175934594601131
variance: 9.993099029854785e-05

AL interation 125/5000.

mae: 0.011277696705167728
max_error: 0.08002139513610018
variance: 9.316159399693718e-05

AL interation 126/5000.

mae: 0.01105338412931087
max_error: 0.0721435875266252
variance: 8.84740349523391e-05

AL interation 127/5000.

mae: 0.01013061124883825
max_error: 0.062087850221359986
variance: 7.525384401109248e-05

AL interation 128/5000.

mae: 0.01012831731692495
max_error: 0.062068903469480574
variance: 7.522603496376393e-05

AL interation 129/5000.

mae: 0.010082207548888618
max_error: 0.0617562916559109
variance: 7.466586828923742e-05

AL interation 130/5000.

mae: 0.009821741883023606
max_error: 0.06067074738712108
variance: 7.066059532030108e-05

AL interation 131/5000.

mae: 0.009756541122271301
max_error: 0.05958002842089627
variance: 6.88781574926606e-05

AL interation 132/5000.

mae: 0.00940922881660117
max_error: 0.05631295953753579
variance: 6.490619617061779e-05

AL interation 133/5000.

mae: 0.009413691178548107
max_error: 0.05632916213835415
variance: 6.509210159314857e-05

AL interation 134/5000.

mae: 0.0094296069663651
max_error: 0.056433060992276296
variance: 6.535876108802934e-05

AL interation 135/5000.

mae: 0.009005928392369243
max_error: 0.05701643774318654
variance: 5.855916699954936e-05

AL interation 136/5000.

mae: 0.008951540692845811
max_error: 0.059724543509219075
variance: 5.898846206335856e-05

AL interation 137/5000.

mae: 0.008882929942358715
max_error: 0.06248421472264454
variance: 5.7965041248657306e-05

AL interation 138/5000.

mae: 0.008880284559078973
max_error: 0.06286858589737676
variance: 5.785166816406588e-05

AL interation 139/5000.

mae: 0.008905668998907459
max_error: 0.06413087112196081
variance: 5.825984155231483e-05

AL interation 140/5000.

mae: 0.008874715785573244
max_error: 0.06295110181781638
variance: 5.86379008394924e-05

AL interation 141/5000.

mae: 0.008703632862962878
max_error: 0.06418981256501866
variance: 5.7109929182478835e-05

AL interation 142/5000.

mae: 0.00870397712965314
max_error: 0.06419085657944379
variance: 5.7130246960122494e-05

AL interation 143/5000.

mae: 0.008597712390512243
max_error: 0.06186300565241254
variance: 5.585886690923572e-05

AL interation 144/5000.

mae: 0.008785419271882347
max_error: 0.06281791730725672
variance: 5.929073400425411e-05

AL interation 145/5000.

mae: 0.008740686131524853
max_error: 0.0625852842367749
variance: 5.8462966423565635e-05

AL interation 146/5000.

mae: 0.00861175543392983
max_error: 0.06386123840093205
variance: 5.6697694678242775e-05

AL interation 147/5000.

mae: 0.008543951952162388
max_error: 0.06413163253091625
variance: 5.660734533608967e-05

AL interation 148/5000.

mae: 0.008532934955997008
max_error: 0.06431939769936434
variance: 5.642986538113841e-05

AL interation 149/5000.

mae: 0.008376591013929102
max_error: 0.06017938671720913
variance: 5.431173705258915e-05

AL interation 150/5000.

mae: 0.008379565005994663
max_error: 0.06056792001800204
variance: 5.4385441331538773e-05

AL interation 151/5000.

mae: 0.008340636787064796
max_error: 0.06172763688664418
variance: 5.403264947156576e-05

AL interation 152/5000.

mae: 0.008212942497400035
max_error: 0.06163518029097759
variance: 5.23678674879591e-05

AL interation 153/5000.

mae: 0.00820100240202919
max_error: 0.06094082599702233
variance: 5.21152708263123e-05

AL interation 154/5000.

mae: 0.008058918325167724
max_error: 0.060620020234637195
variance: 5.155895265735319e-05

AL interation 155/5000.

mae: 0.008053324471560699
max_error: 0.06033281405507296
variance: 5.117900948927938e-05

AL interation 156/5000.

mae: 0.00802206524824942
max_error: 0.06011693117579853
variance: 5.071228395672018e-05

AL interation 157/5000.

mae: 0.007945010622311201
max_error: 0.05753605246718507
variance: 4.911863121277443e-05

AL interation 158/5000.

mae: 0.007936029861195494
max_error: 0.05647151502671477
variance: 4.9188746426441974e-05

AL interation 159/5000.

mae: 0.007892622736191698
max_error: 0.05614754458292737
variance: 4.8536208427459087e-05

AL interation 160/5000.

mae: 0.007896477754226907
max_error: 0.053873069567998755
variance: 4.767078161412665e-05

AL interation 161/5000.

mae: 0.007817376949180471
max_error: 0.054114009775730665
variance: 4.696727182959389e-05

AL interation 162/5000.

mae: 0.007768123385313629
max_error: 0.05412854863425309
variance: 4.635870422688314e-05

AL interation 163/5000.

mae: 0.007756262748710469
max_error: 0.05381433577713324
variance: 4.620172245676244e-05

AL interation 164/5000.

mae: 0.007693098957449365
max_error: 0.05298348200631153
variance: 4.5728736283733953e-05

AL interation 165/5000.

mae: 0.007529581838060039
max_error: 0.05307360466576938
variance: 4.399857555616542e-05

AL interation 166/5000.

mae: 0.0075014690706912005
max_error: 0.053766210743560805
variance: 4.376960238834117e-05

AL interation 167/5000.

mae: 0.0075150943125781855
max_error: 0.05365239492493856
variance: 4.406550018388764e-05

AL interation 168/5000.

mae: 0.007499074740431752
max_error: 0.05244302991013683
variance: 4.374026384000555e-05

AL interation 169/5000.

mae: 0.007448344995976186
max_error: 0.05191923209167726
variance: 4.297296194361015e-05

AL interation 170/5000.

mae: 0.007285613381859548
max_error: 0.05366522938675189
variance: 4.13765283599099e-05

AL interation 171/5000.

mae: 0.007303554209016511
max_error: 0.05325586251819914
variance: 4.148917449929892e-05

AL interation 172/5000.

mae: 0.007318105566262602
max_error: 0.053427607295816415
variance: 4.1486071450435767e-05

AL interation 173/5000.

mae: 0.0073179908526117285
max_error: 0.0529763173271931
variance: 4.144678916051553e-05

AL interation 174/5000.

mae: 0.0072900060583242525
max_error: 0.052321144999950775
variance: 4.086272380167826e-05

AL interation 175/5000.

mae: 0.007159212244816445
max_error: 0.05220114961593936
variance: 4.015219639845531e-05

AL interation 176/5000.

mae: 0.007160543796420825
max_error: 0.052180773664076696
variance: 4.0146986095871264e-05

AL interation 177/5000.

mae: 0.006980278310172253
max_error: 0.055634413913139724
variance: 3.740753807954112e-05

AL interation 178/5000.

mae: 0.007097917174393843
max_error: 0.05541089808502875
variance: 3.806477863742322e-05

AL interation 179/5000.

mae: 0.00709266874833429
max_error: 0.05545101305870048
variance: 3.795469315043586e-05

AL interation 180/5000.

mae: 0.007075425917962093
max_error: 0.05550568276703416
variance: 3.779188131657685e-05

AL interation 181/5000.

mae: 0.007072146196385802
max_error: 0.05556111069927283
variance: 3.775170109690484e-05

AL interation 182/5000.

mae: 0.00706542824902408
max_error: 0.05556460610932845
variance: 3.75887774467914e-05

AL interation 183/5000.

mae: 0.007033990578111116
max_error: 0.05569416980324604
variance: 3.698804255708913e-05

AL interation 184/5000.

mae: 0.006933143769432718
max_error: 0.054327436244420824
variance: 3.572063286107127e-05

AL interation 185/5000.

mae: 0.006959966691802037
max_error: 0.0542063100674568
variance: 3.6028181414512286e-05

AL interation 186/5000.

mae: 0.006801478589487488
max_error: 0.05443103211109701
variance: 3.386732498776149e-05

AL interation 187/5000.

mae: 0.006806336201804698
max_error: 0.054173863672986045
variance: 3.3915823521579885e-05

AL interation 188/5000.

mae: 0.00677697768712369
max_error: 0.05504028699397168
variance: 3.350810560507442e-05

AL interation 189/5000.

mae: 0.006681756899405628
max_error: 0.0544923680008651
variance: 3.2629381921501256e-05

AL interation 190/5000.

mae: 0.006675815214800423
max_error: 0.05480959821397846
variance: 3.250838652546087e-05

AL interation 191/5000.

mae: 0.006436415082468557
max_error: 0.055271112911214004
variance: 2.9914816979597528e-05

AL interation 192/5000.

mae: 0.006421969505449852
max_error: 0.05524918261471612
variance: 2.996515435132511e-05

AL interation 193/5000.

mae: 0.006343207888598954
max_error: 0.05549036161573895
variance: 2.9056650998343744e-05

AL interation 194/5000.

mae: 0.0062001717905232
max_error: 0.0545801224780007
variance: 2.782589593851931e-05

AL interation 195/5000.

mae: 0.006212688612637976
max_error: 0.05473104098382464
variance: 2.7924326976549327e-05

AL interation 196/5000.

mae: 0.006156616024097275
max_error: 0.055112999105404015
variance: 2.7408634005213542e-05

AL interation 197/5000.

mae: 0.006128052339230635
max_error: 0.05527804370467493
variance: 2.71725582155047e-05

AL interation 198/5000.

mae: 0.006029723928006206
max_error: 0.054542557134482195
variance: 2.6246598208366525e-05

AL interation 199/5000.

mae: 0.0060343224261041545
max_error: 0.05467972370934149
variance: 2.6274564528575582e-05

AL interation 200/5000.

mae: 0.006078937127611425
max_error: 0.05644242352900619
variance: 2.6677524561582e-05

AL interation 201/5000.

mae: 0.005893562664000456
max_error: 0.05418779145293229
variance: 2.4581869926542678e-05

AL interation 202/5000.

mae: 0.005891269605449452
max_error: 0.05317538268172939
variance: 2.4498137845652487e-05

AL interation 203/5000.

mae: 0.005884110099716054
max_error: 0.05318101999910141
variance: 2.4470646431127917e-05

AL interation 204/5000.

mae: 0.0058777588165748965
max_error: 0.05288054358425143
variance: 2.4471961311359932e-05

AL interation 205/5000.

mae: 0.005836527008883422
max_error: 0.05273603565910889
variance: 2.4300743418380727e-05

AL interation 206/5000.

mae: 0.00583204913964255
max_error: 0.05285937556800491
variance: 2.425522437185881e-05

AL interation 207/5000.

mae: 0.0058179091456004245
max_error: 0.05104846069480118
variance: 2.4245258845692458e-05

AL interation 208/5000.

mae: 0.005764823259041805
max_error: 0.05115616413058888
variance: 2.3481601214593678e-05

AL interation 209/5000.

mae: 0.005761722444794941
max_error: 0.05152598134918662
variance: 2.3461191179684755e-05

AL interation 210/5000.

mae: 0.005749196388728706
max_error: 0.051900336673497804
variance: 2.3416232446398942e-05

AL interation 211/5000.

mae: 0.005745900162875841
max_error: 0.05181325596822717
variance: 2.3383261337783763e-05

AL interation 212/5000.

mae: 0.00574158645474381
max_error: 0.050494038538090535
variance: 2.3130585163602805e-05

AL interation 213/5000.

mae: 0.005741336710207179
max_error: 0.050473281617087196
variance: 2.3131287640784722e-05

AL interation 214/5000.

mae: 0.005749087904379849
max_error: 0.05093179079449328
variance: 2.305251845185933e-05

AL interation 215/5000.

mae: 0.005701002328289178
max_error: 0.050672193654463626
variance: 2.2390789437955864e-05

AL interation 216/5000.

mae: 0.0057167086045747054
max_error: 0.05036796241438424
variance: 2.2500402786645022e-05

AL interation 217/5000.

mae: 0.005728652530750878
max_error: 0.04951990361405478
variance: 2.245589711608477e-05

AL interation 218/5000.

mae: 0.005652506486475432
max_error: 0.049375575812518946
variance: 2.2068408452488316e-05

AL interation 219/5000.

mae: 0.005652447312718323
max_error: 0.049511119856106234
variance: 2.2049481127563122e-05

AL interation 220/5000.

mae: 0.005650020059279995
max_error: 0.0495530340285768
variance: 2.20373172643554e-05

AL interation 221/5000.

mae: 0.005598160090164128
max_error: 0.050484997447711066
variance: 2.2091626248301096e-05

AL interation 222/5000.

mae: 0.005616221079353636
max_error: 0.050809071317416965
variance: 2.2229312672690003e-05

AL interation 223/5000.

mae: 0.005628415288574615
max_error: 0.05070486120712303
variance: 2.2295887978820302e-05

AL interation 224/5000.

mae: 0.005599674414843321
max_error: 0.04980032214916719
variance: 2.1989164192873343e-05

AL interation 225/5000.

mae: 0.0056031073569010915
max_error: 0.049733621108316584
variance: 2.2026653124167144e-05

AL interation 226/5000.

mae: 0.005600322185568984
max_error: 0.04970513446096447
variance: 2.2001135749788226e-05

AL interation 227/5000.

mae: 0.0055940004796339055
max_error: 0.050035379666951485
variance: 2.1903755093057573e-05

AL interation 228/5000.

mae: 0.005586851644433409
max_error: 0.04953960734565044
variance: 2.1832028665600503e-05

AL interation 229/5000.

mae: 0.005587728718667677
max_error: 0.04958672367320105
variance: 2.183373519794156e-05

AL interation 230/5000.

mae: 0.005530678371072099
max_error: 0.04923411064919492
variance: 2.1232425618418547e-05

AL interation 231/5000.

mae: 0.005428354469292572
max_error: 0.05097073849537992
variance: 2.0695197827709476e-05

AL interation 232/5000.

mae: 0.005414508706126071
max_error: 0.05120791418994486
variance: 2.0593655464502222e-05

AL interation 233/5000.

mae: 0.005339369396089751
max_error: 0.04905653939204058
variance: 2.0191864373004156e-05

AL interation 234/5000.

mae: 0.0053396660186144805
max_error: 0.049050975983846
variance: 2.0192521763106776e-05

AL interation 235/5000.

mae: 0.005340608371585404
max_error: 0.04918451900994114
variance: 2.01701789863785e-05

AL interation 236/5000.

mae: 0.00535404750770158
max_error: 0.049333542739987024
variance: 1.9979692697096917e-05

AL interation 237/5000.

mae: 0.0053418894322358025
max_error: 0.04948434580182948
variance: 1.9818351652036933e-05

AL interation 238/5000.

mae: 0.0053449264314895115
max_error: 0.04947224200986966
variance: 1.983648490993615e-05

AL interation 239/5000.

mae: 0.005341941585230416
max_error: 0.04934776129266538
variance: 1.9817787230013216e-05

AL interation 240/5000.

mae: 0.005247053255707215
max_error: 0.049266329649981344
variance: 1.936223354785829e-05

AL interation 241/5000.

mae: 0.005237482476150945
max_error: 0.04966335558310675
variance: 1.9203990885923137e-05

AL interation 242/5000.

mae: 0.005235522795518591
max_error: 0.04963197650795337
variance: 1.9206312473077722e-05

AL interation 243/5000.

mae: 0.005223935656342292
max_error: 0.0497509833840013
variance: 1.9131616009818808e-05

AL interation 244/5000.

mae: 0.005221960365144696
max_error: 0.04978035148451454
variance: 1.9086190635704278e-05

AL interation 245/5000.

mae: 0.005062862111049071
max_error: 0.04647570616180019
variance: 1.815135106494042e-05

AL interation 246/5000.

mae: 0.005062934294454862
max_error: 0.04647224798827665
variance: 1.8151240551865024e-05

AL interation 247/5000.

mae: 0.0050823587759578
max_error: 0.04646825342751981
variance: 1.8213850689830725e-05

AL interation 248/5000.

mae: 0.005109751755536308
max_error: 0.04677347795222886
variance: 1.843042803264539e-05

AL interation 249/5000.

mae: 0.005082942964774702
max_error: 0.04632103104995622
variance: 1.8255841880244477e-05

AL interation 250/5000.

mae: 0.005089428057332953
max_error: 0.04611953671701485
variance: 1.8313157036306755e-05

AL interation 251/5000.

mae: 0.005067965504558743
max_error: 0.04577997573869652
variance: 1.8193993187290192e-05

AL interation 252/5000.

mae: 0.005067632314408001
max_error: 0.04574624098131608
variance: 1.819806967813939e-05

AL interation 253/5000.

mae: 0.00507936365414389
max_error: 0.045939385792735266
variance: 1.8217397002530587e-05

AL interation 254/5000.

mae: 0.0050554243218066406
max_error: 0.04620415021599911
variance: 1.7999892487621863e-05

AL interation 255/5000.

mae: 0.005020836619794864
max_error: 0.046125187443976756
variance: 1.7849170615631975e-05

AL interation 256/5000.

mae: 0.00502340246071617
max_error: 0.04616125101711077
variance: 1.783104068017247e-05

AL interation 257/5000.

mae: 0.005003807842312199
max_error: 0.04608173717133468
variance: 1.7903038844379012e-05

AL interation 258/5000.

mae: 0.004981504078956278
max_error: 0.04577329169296718
variance: 1.7851908136444488e-05

AL interation 259/5000.

mae: 0.0049652323931723
max_error: 0.0453239493235742
variance: 1.7814475555597965e-05

AL interation 260/5000.

mae: 0.004928106566750102
max_error: 0.045995993834367255
variance: 1.7724166059334637e-05

AL interation 261/5000.

mae: 0.004907749868012615
max_error: 0.04580455723589694
variance: 1.7568586394744094e-05

AL interation 262/5000.

mae: 0.004921008279290618
max_error: 0.045674535123907845
variance: 1.770533534887451e-05

AL interation 263/5000.

mae: 0.00490640778244142
max_error: 0.046168950453647994
variance: 1.7517575262749317e-05

AL interation 264/5000.

mae: 0.004910066983881734
max_error: 0.045093690841895295
variance: 1.743437807836172e-05

AL interation 265/5000.

mae: 0.0048828205603067545
max_error: 0.044153472896141466
variance: 1.7187775521307925e-05

AL interation 266/5000.

mae: 0.004890135447970351
max_error: 0.04191044980689185
variance: 1.703008838171578e-05

AL interation 267/5000.

mae: 0.0048802496602593235
max_error: 0.04230931291021989
variance: 1.670972655544563e-05

AL interation 268/5000.

mae: 0.004884947474079126
max_error: 0.04238063062621222
variance: 1.6725875117191955e-05

AL interation 269/5000.

mae: 0.0048897503358966785
max_error: 0.042266674849088304
variance: 1.6660269458750146e-05

AL interation 270/5000.

mae: 0.0048301524090147725
max_error: 0.044983268629948725
variance: 1.670975740399487e-05

AL interation 271/5000.

mae: 0.004831044459700934
max_error: 0.04491950532064948
variance: 1.6756775564421807e-05

AL interation 272/5000.

mae: 0.004767397491531483
max_error: 0.04528058911637345
variance: 1.628728214560697e-05

AL interation 273/5000.

mae: 0.0047710104661364315
max_error: 0.04557580203800171
variance: 1.63307716831797e-05

AL interation 274/5000.

mae: 0.004720103070279038
max_error: 0.04527049680109485
variance: 1.5943852263040078e-05

AL interation 275/5000.

mae: 0.004657835847873684
max_error: 0.0496120752322895
variance: 1.5619025875242084e-05

AL interation 276/5000.

mae: 0.004659807685522537
max_error: 0.04925136232668592
variance: 1.561793167578268e-05

AL interation 277/5000.

mae: 0.004654774747099509
max_error: 0.04899997221036756
variance: 1.5599784489198785e-05

AL interation 278/5000.

mae: 0.004652537039200979
max_error: 0.04884501318883849
variance: 1.560589791903825e-05

AL interation 279/5000.

mae: 0.0046236925432340285
max_error: 0.04853668107716658
variance: 1.5379582709038803e-05

AL interation 280/5000.

mae: 0.004624455180141922
max_error: 0.04861097094180877
variance: 1.5376759247521878e-05

AL interation 281/5000.

mae: 0.004624006869873483
max_error: 0.04840489562229777
variance: 1.5379027980467552e-05

AL interation 282/5000.

mae: 0.004621968417884091
max_error: 0.048562414613115834
variance: 1.5403043945609245e-05

AL interation 283/5000.

mae: 0.004615308791288044
max_error: 0.04898228838101204
variance: 1.5415468643321446e-05

AL interation 284/5000.

mae: 0.004594027361185908
max_error: 0.049206946161575615
variance: 1.530257706987534e-05

AL interation 285/5000.

mae: 0.004579821317444839
max_error: 0.04906755925003381
variance: 1.5192829473683354e-05

AL interation 286/5000.

mae: 0.004578933741914625
max_error: 0.04889375363927684
variance: 1.5182036849421358e-05

AL interation 287/5000.

mae: 0.004586256574826621
max_error: 0.04892995957379753
variance: 1.5204590989849464e-05

AL interation 288/5000.

mae: 0.0045671340995641005
max_error: 0.048966288930387236
variance: 1.5100289195157733e-05

AL interation 289/5000.

mae: 0.00456191574798595
max_error: 0.048726220262324205
variance: 1.514670043970474e-05

AL interation 290/5000.

mae: 0.004579138717252135
max_error: 0.04891779304489319
variance: 1.526131394971281e-05

AL interation 291/5000.

mae: 0.004589377227375735
max_error: 0.0490536190191051
variance: 1.525623167949695e-05

AL interation 292/5000.

mae: 0.004578611901410113
max_error: 0.048864905580558116
variance: 1.5191984585712537e-05

AL interation 293/5000.

mae: 0.004578058628725557
max_error: 0.048896853757469216
variance: 1.5190203328961665e-05

AL interation 294/5000.

mae: 0.004576513416614034
max_error: 0.04870257815491641
variance: 1.5145983382400334e-05

AL interation 295/5000.

mae: 0.0045727081885188455
max_error: 0.04849299967827392
variance: 1.5051992115088426e-05

AL interation 296/5000.

mae: 0.004571795254863901
max_error: 0.04852623573242454
variance: 1.5048422474492233e-05

AL interation 297/5000.

mae: 0.004573554141027671
max_error: 0.04838855058187619
variance: 1.5158272640851721e-05

AL interation 298/5000.

mae: 0.004582894704169121
max_error: 0.04837464471711428
variance: 1.5164339391509753e-05

AL interation 299/5000.

mae: 0.0045845092315339574
max_error: 0.04834135687997332
variance: 1.5173184878126768e-05

AL interation 300/5000.

mae: 0.004586825814016265
max_error: 0.048082570858241525
variance: 1.5175027704559439e-05

AL interation 301/5000.

mae: 0.004598262841818724
max_error: 0.04826700423473085
variance: 1.5154154833129901e-05

AL interation 302/5000.

mae: 0.004580158508871136
max_error: 0.04804695805978554
variance: 1.4988014332054228e-05

AL interation 303/5000.

mae: 0.004562342264201107
max_error: 0.046787639788817614
variance: 1.479749322190553e-05

AL interation 304/5000.

mae: 0.004544052456972167
max_error: 0.04652387773239752
variance: 1.4703945854342482e-05

AL interation 305/5000.

mae: 0.004547265055218304
max_error: 0.047003920532006305
variance: 1.4707247424987898e-05

AL interation 306/5000.

mae: 0.004439509371229178
max_error: 0.04593944137741346
variance: 1.433128981952595e-05

AL interation 307/5000.

mae: 0.004460791296128264
max_error: 0.04599313051039644
variance: 1.4474521196855782e-05

AL interation 308/5000.

mae: 0.004461290471918801
max_error: 0.046011865057153045
variance: 1.4476624065839548e-05

AL interation 309/5000.

mae: 0.004458263279822859
max_error: 0.0461566251469776
variance: 1.4479447846149616e-05

AL interation 310/5000.

mae: 0.004462382931583306
max_error: 0.046361126471310854
variance: 1.4513268241145958e-05

AL interation 311/5000.

mae: 0.004448396319043241
max_error: 0.046588308847276494
variance: 1.4529736163642768e-05

AL interation 312/5000.

mae: 0.004446031518167729
max_error: 0.04662429727613926
variance: 1.4529489729734824e-05

AL interation 313/5000.

mae: 0.004395585169402694
max_error: 0.04561461303001124
variance: 1.4340564216518226e-05

AL interation 314/5000.

mae: 0.004396587332023046
max_error: 0.04582492870304122
variance: 1.4364871427400017e-05

AL interation 315/5000.

mae: 0.004397848054174574
max_error: 0.045857550942855596
variance: 1.4355344764199847e-05

AL interation 316/5000.

mae: 0.004392603023029096
max_error: 0.04585618728378904
variance: 1.4319094676850703e-05

AL interation 317/5000.

mae: 0.0043781310478393605
max_error: 0.0461582186007945
variance: 1.4239553090748008e-05

AL interation 318/5000.

mae: 0.004373057943343156
max_error: 0.04594064569027978
variance: 1.4244131958180691e-05

AL interation 319/5000.

mae: 0.004343715756006987
max_error: 0.04607196004326397
variance: 1.4141706275632261e-05

AL interation 320/5000.

mae: 0.004342899718764329
max_error: 0.046064204467256786
variance: 1.4145241189621995e-05

AL interation 321/5000.

mae: 0.004234924419984964
max_error: 0.04411681410010715
variance: 1.3513350178260725e-05

AL interation 322/5000.

mae: 0.004228606806562994
max_error: 0.043572026928359264
variance: 1.344930076029997e-05

AL interation 323/5000.

mae: 0.004229589504489923
max_error: 0.04378298831124994
variance: 1.3425207718489007e-05

AL interation 324/5000.

mae: 0.004226439331195252
max_error: 0.043611533049443096
variance: 1.3375810799694731e-05

AL interation 325/5000.

mae: 0.004241848948018742
max_error: 0.044334780130157014
variance: 1.3461375247399279e-05

AL interation 326/5000.

mae: 0.00422897464648031
max_error: 0.04424815228685475
variance: 1.3380718547657898e-05

AL interation 327/5000.

mae: 0.004174531151073552
max_error: 0.043329316576091514
variance: 1.3257153151079489e-05

AL interation 328/5000.

mae: 0.004175991207464904
max_error: 0.043355153560696635
variance: 1.3268579003235418e-05

AL interation 329/5000.

mae: 0.004181183424380379
max_error: 0.04352407835995109
variance: 1.3313013399758152e-05

AL interation 330/5000.

mae: 0.004182751199665745
max_error: 0.04355872064115829
variance: 1.3332181776968076e-05

AL interation 331/5000.

mae: 0.004167022209097468
max_error: 0.04341808313438378
variance: 1.3223592829671104e-05

AL interation 332/5000.

mae: 0.004171950451594057
max_error: 0.04295735506548226
variance: 1.322544545604402e-05

AL interation 333/5000.

mae: 0.004162958666637678
max_error: 0.043210073553382244
variance: 1.3163089717283454e-05

AL interation 334/5000.

mae: 0.004165070705762901
max_error: 0.04330097328966076
variance: 1.3176524386600717e-05

AL interation 335/5000.

mae: 0.004166903277102847
max_error: 0.0431004659676546
variance: 1.3085955213247575e-05

AL interation 336/5000.

mae: 0.004162850519564472
max_error: 0.043309429225701024
variance: 1.3108048656167303e-05

AL interation 337/5000.

mae: 0.004164337713041278
max_error: 0.043295788318573614
variance: 1.3116919576777372e-05

AL interation 338/5000.

mae: 0.004204445223715993
max_error: 0.043835474401930696
variance: 1.3497909056452506e-05

AL interation 339/5000.

mae: 0.004208499005691919
max_error: 0.04387770945777447
variance: 1.350919725999749e-05

AL interation 340/5000.

mae: 0.004240252423885068
max_error: 0.04354724123913911
variance: 1.3754105505073366e-05

AL interation 341/5000.

mae: 0.00424141763503394
max_error: 0.043388497846535756
variance: 1.3584371340154272e-05

AL interation 342/5000.

mae: 0.004226318569105843
max_error: 0.0434307682353392
variance: 1.3631248640026271e-05

AL interation 343/5000.

mae: 0.004228560644352001
max_error: 0.04312770182332315
variance: 1.3614442894804292e-05

AL interation 344/5000.

mae: 0.0042312279455591125
max_error: 0.04324568234551407
variance: 1.3628407037528246e-05

AL interation 345/5000.

mae: 0.004226552925465512
max_error: 0.04282692209289962
variance: 1.353096481941725e-05

AL interation 346/5000.

mae: 0.004234231240631289
max_error: 0.042644987600397144
variance: 1.3541329910031043e-05

AL interation 347/5000.

mae: 0.004233254718110857
max_error: 0.04258199213472835
variance: 1.35310166363879e-05

AL interation 348/5000.

mae: 0.004256625627862832
max_error: 0.04182857274008711
variance: 1.3567274319878783e-05

AL interation 349/5000.

mae: 0.004256019909670158
max_error: 0.04180385094787198
variance: 1.3563421395077482e-05

AL interation 350/5000.

mae: 0.004275191632343649
max_error: 0.042102283826352505
variance: 1.3707285605051252e-05

AL interation 351/5000.

mae: 0.004278718733247388
max_error: 0.04224993319439818
variance: 1.3700627084861772e-05

AL interation 352/5000.

mae: 0.004275602838401028
max_error: 0.042337460015914985
variance: 1.3775665752320739e-05

AL interation 353/5000.

mae: 0.00426735472803739
max_error: 0.04224000210342638
variance: 1.3712754393637254e-05

AL interation 354/5000.

mae: 0.004229870409742034
max_error: 0.04263191045538406
variance: 1.3368444141919933e-05

AL interation 355/5000.

mae: 0.00423574142329062
max_error: 0.04270145509599388
variance: 1.3395445784129882e-05

AL interation 356/5000.

mae: 0.0042380364038926924
max_error: 0.04295458261276508
variance: 1.3380935625668593e-05

AL interation 357/5000.

mae: 0.0042384842275923805
max_error: 0.04398769201270625
variance: 1.341494886978608e-05

AL interation 358/5000.

mae: 0.004191823596753239
max_error: 0.04413500832288264
variance: 1.3149646445321493e-05

AL interation 359/5000.

mae: 0.004183379838078963
max_error: 0.04392493707837275
variance: 1.311601182135435e-05

AL interation 360/5000.

mae: 0.004199720969824739
max_error: 0.04356604542226705
variance: 1.3222184559611681e-05

AL interation 361/5000.

mae: 0.004158262598032707
max_error: 0.043231086721789325
variance: 1.3016219346222623e-05

AL interation 362/5000.

mae: 0.00415518823124512
max_error: 0.04292232142870489
variance: 1.2979402144302302e-05

AL interation 363/5000.

mae: 0.004159170789166638
max_error: 0.043019449805797194
variance: 1.2973398213547265e-05

AL interation 364/5000.

mae: 0.0041651149173339945
max_error: 0.04294157236654428
variance: 1.2938436721276462e-05

AL interation 365/5000.

mae: 0.004136894611836397
max_error: 0.04323753408243647
variance: 1.267528997817099e-05

AL interation 366/5000.

mae: 0.004138366960983149
max_error: 0.04322504015908635
variance: 1.2691399309554983e-05

AL interation 367/5000.

mae: 0.004138400234737673
max_error: 0.043226359761320055
variance: 1.2691447224348923e-05

AL interation 368/5000.

mae: 0.004136245802586018
max_error: 0.04317230522065074
variance: 1.268024788280453e-05

AL interation 369/5000.

mae: 0.0040788801237458755
max_error: 0.04269726974052901
variance: 1.2281653617190367e-05

AL interation 370/5000.

mae: 0.003996394781262097
max_error: 0.04290700369347178
variance: 1.1812853112741196e-05

AL interation 371/5000.

mae: 0.004003017983809514
max_error: 0.042332675411671516
variance: 1.1761041782083176e-05

AL interation 372/5000.

mae: 0.004002609115644191
max_error: 0.04213060613074049
variance: 1.1756616197106492e-05

AL interation 373/5000.

mae: 0.004000295874402582
max_error: 0.042124683435758925
variance: 1.1728364636792166e-05

AL interation 374/5000.

mae: 0.004002583094695183
max_error: 0.042207618678730796
variance: 1.1730909006749229e-05

AL interation 375/5000.

mae: 0.0039973951496376685
max_error: 0.042436062096385285
variance: 1.178170958659332e-05

AL interation 376/5000.

mae: 0.003972470925348717
max_error: 0.04243506353304838
variance: 1.1653257541964209e-05

AL interation 377/5000.

mae: 0.003968929516286153
max_error: 0.04225493343255948
variance: 1.1628997235960923e-05

AL interation 378/5000.

mae: 0.003916679105414915
max_error: 0.04122150707189576
variance: 1.1561185941379417e-05

AL interation 379/5000.

mae: 0.003911876314497022
max_error: 0.0412720278964116
variance: 1.154651075076684e-05

AL interation 380/5000.

mae: 0.00391296324830546
max_error: 0.04128596324153477
variance: 1.1554594806771357e-05

AL interation 381/5000.

mae: 0.003911504399227852
max_error: 0.0413062433617597
variance: 1.155110705211267e-05

AL interation 382/5000.

mae: 0.003911012078322528
max_error: 0.04121632834721822
variance: 1.1562288081778856e-05

AL interation 383/5000.

mae: 0.003909201933106487
max_error: 0.041187097940564854
variance: 1.1549674060025362e-05

AL interation 384/5000.

mae: 0.003859989559568021
max_error: 0.04048736280674348
variance: 1.1291663722938625e-05

AL interation 385/5000.

mae: 0.003831180880253669
max_error: 0.040943019979749806
variance: 1.123892825082573e-05

AL interation 386/5000.

mae: 0.003803240783737692
max_error: 0.04090865406578814
variance: 1.1122630350396567e-05

AL interation 387/5000.

mae: 0.003803993609607915
max_error: 0.040924915847426746
variance: 1.112319404545709e-05

AL interation 388/5000.

mae: 0.0038044535066583196
max_error: 0.0410278859499158
variance: 1.1108679298445115e-05

AL interation 389/5000.

mae: 0.0037980575445772046
max_error: 0.04141599323520495
variance: 1.1060441479650059e-05

AL interation 390/5000.

mae: 0.0037964799027877237
max_error: 0.041418026412429754
variance: 1.1078958785827653e-05

AL interation 391/5000.

mae: 0.0037961608827690725
max_error: 0.04139468350513198
variance: 1.1076294699678818e-05

AL interation 392/5000.

mae: 0.0038416892278974046
max_error: 0.03997062737471424
variance: 1.1240660317296809e-05

AL interation 393/5000.

mae: 0.0038228400351308666
max_error: 0.03956438701516163
variance: 1.1143843109034132e-05

AL interation 394/5000.

mae: 0.003823715766438909
max_error: 0.039760322750225896
variance: 1.1141150932235116e-05

AL interation 395/5000.

mae: 0.003814257384949997
max_error: 0.0392831069393651
variance: 1.0965667678601898e-05

AL interation 396/5000.

mae: 0.0038118162488308374
max_error: 0.03941167728044093
variance: 1.0976206614453726e-05

AL interation 397/5000.

mae: 0.003822878909733845
max_error: 0.03888878025554732
variance: 1.0994457274909265e-05

AL interation 398/5000.

mae: 0.0038212248110094152
max_error: 0.03876646210846957
variance: 1.101176811381171e-05

AL interation 399/5000.

mae: 0.0038479436230481954
max_error: 0.039149115254076605
variance: 1.1122616977001404e-05

AL interation 400/5000.

mae: 0.003820007133397667
max_error: 0.039314814674071386
variance: 1.0998492520047423e-05

AL interation 401/5000.

mae: 0.0038196662924910928
max_error: 0.03934152164401894
variance: 1.0965473475314095e-05

AL interation 402/5000.

mae: 0.0038196124197029347
max_error: 0.03933607736871636
variance: 1.0963585507283443e-05

AL interation 403/5000.

mae: 0.003808165289324734
max_error: 0.03949285993621743
variance: 1.0937878768855078e-05

AL interation 404/5000.

mae: 0.0038000401760905334
max_error: 0.03945071652015031
variance: 1.093924514420405e-05

AL interation 405/5000.

mae: 0.003792530733933745
max_error: 0.0390837811264646
variance: 1.085513216300214e-05

AL interation 406/5000.

mae: 0.00379035045252067
max_error: 0.03918887311101571
variance: 1.0854916162469975e-05

AL interation 407/5000.

mae: 0.003775015455428729
max_error: 0.03824664216335805
variance: 1.073757741925404e-05

AL interation 408/5000.

mae: 0.0037225062001880363
max_error: 0.03843684365074296
variance: 1.047769936270622e-05

AL interation 409/5000.

mae: 0.0036928928817230827
max_error: 0.0382959168277921
variance: 1.0368374305130125e-05

AL interation 410/5000.

mae: 0.0036915053213854208
max_error: 0.03775405720330127
variance: 1.0332221822397656e-05

AL interation 411/5000.

mae: 0.003684378416942309
max_error: 0.03745217458731531
variance: 1.0153612047266515e-05

AL interation 412/5000.

mae: 0.0036844885590149945
max_error: 0.037444256460730685
variance: 1.0160529801175119e-05

AL interation 413/5000.

mae: 0.0036373879954330808
max_error: 0.0372797774035476
variance: 9.960834044394844e-06

AL interation 414/5000.

mae: 0.003622489438065372
max_error: 0.03766766415628808
variance: 9.906843689562752e-06

AL interation 415/5000.

mae: 0.003601207612583494
max_error: 0.03705765753124979
variance: 9.784254887144604e-06

AL interation 416/5000.

mae: 0.003598818946396136
max_error: 0.03692418311629808
variance: 9.73985092228054e-06

AL interation 417/5000.

mae: 0.0036006778358137126
max_error: 0.036779643872932866
variance: 9.734448457437352e-06

AL interation 418/5000.

mae: 0.003566438589598647
max_error: 0.0355369199096458
variance: 9.54962239652175e-06

AL interation 419/5000.

mae: 0.003563981123223982
max_error: 0.03595680849457494
variance: 9.555043517045266e-06

AL interation 420/5000.

mae: 0.003562090137526525
max_error: 0.035927544254491295
variance: 9.543244786894688e-06

AL interation 421/5000.

mae: 0.003548388530523539
max_error: 0.035577560265210195
variance: 9.491718816507271e-06

AL interation 422/5000.

mae: 0.003543725147694147
max_error: 0.035291881917146384
variance: 9.449006764382297e-06

AL interation 423/5000.

mae: 0.0035049729549258475
max_error: 0.034623415995383766
variance: 9.216986978141728e-06

AL interation 424/5000.

mae: 0.003497025970606046
max_error: 0.0358285062975483
variance: 9.228942726093152e-06

AL interation 425/5000.

mae: 0.0034909801611706258
max_error: 0.035409521647807196
variance: 9.205077038541136e-06

AL interation 426/5000.

mae: 0.003471970239579889
max_error: 0.03498562096496016
variance: 9.129933024215102e-06

AL interation 427/5000.

mae: 0.0034711413544792537
max_error: 0.035037213609683704
variance: 9.141675044005038e-06

AL interation 428/5000.

mae: 0.0034519372667500647
max_error: 0.03511389370351026
variance: 9.098289657976946e-06

AL interation 429/5000.

mae: 0.0034496831264504237
max_error: 0.035168692027014004
variance: 9.091385921172882e-06

AL interation 430/5000.

mae: 0.0034464503558711166
max_error: 0.035071692876044835
variance: 9.060352476383238e-06

AL interation 431/5000.

mae: 0.003439187364599604
max_error: 0.03421851551502186
variance: 8.953565373166173e-06

AL interation 432/5000.

mae: 0.0034316111576773666
max_error: 0.03425959434741799
variance: 8.916367450192394e-06

AL interation 433/5000.

mae: 0.003428245238084969
max_error: 0.034165508841624614
variance: 8.894940413648123e-06

AL interation 434/5000.

mae: 0.003426265153169766
max_error: 0.034079070103871345
variance: 8.89292263230767e-06

AL interation 435/5000.

mae: 0.0034223816347189314
max_error: 0.034053059131110786
variance: 8.865449185710472e-06

AL interation 436/5000.

mae: 0.003423142367008836
max_error: 0.034076499924367454
variance: 8.874695311047286e-06

AL interation 437/5000.

mae: 0.0034275833240449173
max_error: 0.034085116358710366
variance: 8.895529439009835e-06

AL interation 438/5000.

mae: 0.003424910513745431
max_error: 0.034115180307026094
variance: 8.887760864505592e-06

AL interation 439/5000.

mae: 0.00342784088183771
max_error: 0.0341335388322932
variance: 8.89258987313514e-06

AL interation 440/5000.

mae: 0.003407887938521867
max_error: 0.033781653684400226
variance: 8.8300908865294e-06

AL interation 441/5000.

mae: 0.0034179194367803234
max_error: 0.033800047520799126
variance: 8.833045746826005e-06

AL interation 442/5000.

mae: 0.0034193058349905243
max_error: 0.03392828148071203
variance: 8.842286535236674e-06

AL interation 443/5000.

mae: 0.0034183693690011977
max_error: 0.03419392796149623
variance: 8.864868898863394e-06

AL interation 444/5000.

mae: 0.003413768474319795
max_error: 0.034139713768240654
variance: 8.840760094539127e-06

AL interation 445/5000.

mae: 0.0034225360504015045
max_error: 0.033562622829776956
variance: 8.883898385888544e-06

AL interation 446/5000.

mae: 0.003417796390759577
max_error: 0.033731487876593746
variance: 8.963112823181226e-06

AL interation 447/5000.

mae: 0.0034179945838616276
max_error: 0.03372164883512596
variance: 8.9643283171244e-06

AL interation 448/5000.

mae: 0.003417873634892203
max_error: 0.03372569652128732
variance: 8.964348292799718e-06

AL interation 449/5000.

mae: 0.0034144940745782153
max_error: 0.03319264152423784
variance: 8.845523939035098e-06

AL interation 450/5000.

mae: 0.0033966067975654823
max_error: 0.03299694161296429
variance: 8.747113960188658e-06

AL interation 451/5000.

mae: 0.003389239704753322
max_error: 0.03315312021527461
variance: 8.700140468584057e-06

AL interation 452/5000.

mae: 0.003391341254788017
max_error: 0.033191277510013606
variance: 8.71280909268788e-06

AL interation 453/5000.

mae: 0.003382234902585992
max_error: 0.03286911117766067
variance: 8.677951879633356e-06

AL interation 454/5000.

mae: 0.003367813071957016
max_error: 0.032514719200207765
variance: 8.56222860760614e-06

AL interation 455/5000.

mae: 0.0033676859643592253
max_error: 0.03247905695343434
variance: 8.55688689191505e-06

AL interation 456/5000.

mae: 0.0033541336577895893
max_error: 0.03239602762459981
variance: 8.481077760362455e-06

AL interation 457/5000.

mae: 0.0033513325898788934
max_error: 0.0323033261929595
variance: 8.469123015990372e-06

AL interation 458/5000.

mae: 0.0033515523134569777
max_error: 0.03229986657788686
variance: 8.469015604805164e-06

AL interation 459/5000.

mae: 0.003359403399001849
max_error: 0.032135791026121296
variance: 8.485848603342741e-06

AL interation 460/5000.

mae: 0.003386923943192187
max_error: 0.03224870605572505
variance: 8.611118734066537e-06

AL interation 461/5000.

mae: 0.0033865184417513775
max_error: 0.0323305301799337
variance: 8.61182989543378e-06

AL interation 462/5000.

mae: 0.003387909755362216
max_error: 0.032910144950619724
variance: 8.609518421409046e-06

AL interation 463/5000.

mae: 0.00338388057343127
max_error: 0.032838439662555174
variance: 8.591502200180302e-06

AL interation 464/5000.

mae: 0.0033856025354743907
max_error: 0.03296512880115188
variance: 8.595761755055598e-06

AL interation 465/5000.

mae: 0.0033822293493631153
max_error: 0.032960974412162614
variance: 8.57479477660605e-06

AL interation 466/5000.

mae: 0.0033656785362495612
max_error: 0.03340591575306462
variance: 8.558962737257782e-06

AL interation 467/5000.

mae: 0.0033665205475340372
max_error: 0.03346719229375594
variance: 8.552259271058794e-06

AL interation 468/5000.

mae: 0.0033643855218883803
max_error: 0.03379377255896543
variance: 8.545656376784671e-06

AL interation 469/5000.

mae: 0.0033637266253290364
max_error: 0.03374862199780182
variance: 8.544615328271104e-06

AL interation 470/5000.

mae: 0.003357373664665829
max_error: 0.03405091379681835
variance: 8.533860172708312e-06

AL interation 471/5000.

mae: 0.0033622602420327894
max_error: 0.034184540332717006
variance: 8.572250476466725e-06

AL interation 472/5000.

mae: 0.00336145601036651
max_error: 0.03424133279031594
variance: 8.570344703678232e-06

AL interation 473/5000.

mae: 0.0033616080821248034
max_error: 0.03412674522382986
variance: 8.556943533792603e-06

AL interation 474/5000.

mae: 0.0033291922403525407
max_error: 0.033606090466946625
variance: 8.409915908617958e-06

AL interation 475/5000.

mae: 0.0033101282005509347
max_error: 0.03303932193557557
variance: 8.316478205551548e-06

AL interation 476/5000.

mae: 0.003302687320630412
max_error: 0.03357695120212156
variance: 8.291319991453512e-06

AL interation 477/5000.

mae: 0.0033043904460741944
max_error: 0.03361140950346453
variance: 8.29823761064879e-06

AL interation 478/5000.

mae: 0.0033134820505565585
max_error: 0.03333967206435773
variance: 8.364381911065532e-06

AL interation 479/5000.

mae: 0.0033130912043575337
max_error: 0.033299079085736594
variance: 8.358763863957e-06

AL interation 480/5000.

mae: 0.0032605884290132963
max_error: 0.03217468414140967
variance: 8.227483838460622e-06

AL interation 481/5000.

mae: 0.0032610401207543876
max_error: 0.032103790003930044
variance: 8.236940231761982e-06

AL interation 482/5000.

mae: 0.003254793345912276
max_error: 0.03226630081371695
variance: 8.197780372922178e-06

AL interation 483/5000.

mae: 0.0032386311166940234
max_error: 0.03246700278168646
variance: 8.112894495947992e-06

AL interation 484/5000.

mae: 0.0032390682783648116
max_error: 0.03254141945990341
variance: 8.127089929152612e-06

AL interation 485/5000.

mae: 0.003232646484740002
max_error: 0.032614400211514294
variance: 8.069540752440428e-06

AL interation 486/5000.

mae: 0.003232711422457222
max_error: 0.03263295385336562
variance: 8.056762678359333e-06

AL interation 487/5000.

mae: 0.0032278048534517085
max_error: 0.03257916332182731
variance: 8.045161157924567e-06

AL interation 488/5000.

mae: 0.0032347461560006253
max_error: 0.032762821313554014
variance: 8.073536731366526e-06

AL interation 489/5000.

mae: 0.0032241797598157973
max_error: 0.031762882405587334
variance: 8.067957918323464e-06

AL interation 490/5000.

mae: 0.003226126991220298
max_error: 0.03183491504421454
variance: 8.083146931835612e-06

AL interation 491/5000.

mae: 0.0032207303482532693
max_error: 0.03220018006476266
variance: 8.083850331539823e-06

AL interation 492/5000.

mae: 0.0032199913490398727
max_error: 0.03250427545884804
variance: 8.097453357220348e-06

AL interation 493/5000.

mae: 0.0032159675558906713
max_error: 0.03219165323730522
variance: 8.067993258834121e-06

AL interation 494/5000.

mae: 0.003216237346550466
max_error: 0.03216680013352402
variance: 8.06501107940503e-06

AL interation 495/5000.

mae: 0.003221338289710673
max_error: 0.03221141662515947
variance: 8.065098893046523e-06

AL interation 496/5000.

mae: 0.003222846292212495
max_error: 0.03221788618941446
variance: 8.07409844606012e-06

AL interation 497/5000.

mae: 0.003176903206277757
max_error: 0.03201192382766749
variance: 7.829237723123495e-06

AL interation 498/5000.

mae: 0.003177274630742886
max_error: 0.03200547800270215
variance: 7.833772517963842e-06

AL interation 499/5000.

mae: 0.0031713904769626426
max_error: 0.031779217895746115
variance: 7.813967816714567e-06

AL interation 500/5000.

mae: 0.003173058243788546
max_error: 0.03180085572967073
variance: 7.820738842186111e-06

AL interation 501/5000.

mae: 0.0031670146914974566
max_error: 0.031626345115910226
variance: 7.797434806096877e-06

AL interation 502/5000.

mae: 0.0031694824633902953
max_error: 0.032021047270518466
variance: 7.827988532384974e-06

AL interation 503/5000.

mae: 0.003167134878531158
max_error: 0.032219558490396594
variance: 7.844366441355304e-06

AL interation 504/5000.

mae: 0.003166982566391937
max_error: 0.03222057111815957
variance: 7.844051718211622e-06

AL interation 505/5000.

mae: 0.003134207690613721
max_error: 0.03209658405330629
variance: 7.790352158198768e-06

AL interation 506/5000.

mae: 0.0031344186987078046
max_error: 0.03211057046200949
variance: 7.795384137580446e-06

AL interation 507/5000.

mae: 0.003132939467856204
max_error: 0.03185515546510942
variance: 7.798400239743273e-06

AL interation 508/5000.

mae: 0.0031296716010920135
max_error: 0.031788535176929145
variance: 7.797495462685709e-06

AL interation 509/5000.

mae: 0.0031364901121824005
max_error: 0.031891276903024846
variance: 7.827459141225165e-06

AL interation 510/5000.

mae: 0.00312987933873751
max_error: 0.03153596403171832
variance: 7.797451691477785e-06

AL interation 511/5000.

mae: 0.0031333217496703585
max_error: 0.03156646612978875
variance: 7.828874045380521e-06

AL interation 512/5000.

mae: 0.0031325304104882433
max_error: 0.031703324420050194
variance: 7.859118914245787e-06

AL interation 513/5000.

mae: 0.003132878919914674
max_error: 0.03179201121793085
variance: 7.841599524190446e-06

AL interation 514/5000.

mae: 0.003127905732039608
max_error: 0.032032125430305314
variance: 7.860047811418948e-06

AL interation 515/5000.

mae: 0.0031139592089455166
max_error: 0.03156657587533118
variance: 7.785255484817263e-06

AL interation 516/5000.

mae: 0.003110296183242781
max_error: 0.0316234047877515
variance: 7.803287390948904e-06

AL interation 517/5000.

mae: 0.003106100359399079
max_error: 0.031233535427418246
variance: 7.793152180877054e-06

AL interation 518/5000.

mae: 0.0031085668245009403
max_error: 0.03129870271914115
variance: 7.786870511630949e-06

AL interation 519/5000.

mae: 0.0031127785375454097
max_error: 0.03202136543040979
variance: 7.796053782046832e-06

AL interation 520/5000.

mae: 0.0030953269096671648
max_error: 0.0316815503701946
variance: 7.724217331123151e-06

AL interation 521/5000.

mae: 0.0030925783569730357
max_error: 0.031331036306255555
variance: 7.720985549649688e-06

AL interation 522/5000.

mae: 0.0030885729967676527
max_error: 0.031355657269159565
variance: 7.73073180558883e-06

AL interation 523/5000.

mae: 0.0030872597899217454
max_error: 0.03152793208118965
variance: 7.715390093487995e-06

AL interation 524/5000.

mae: 0.003095968649669203
max_error: 0.03175570064058775
variance: 7.737975361805305e-06

AL interation 525/5000.

mae: 0.0030971685338339514
max_error: 0.03179270598820949
variance: 7.728522505200983e-06

AL interation 526/5000.

mae: 0.0031137205472166443
max_error: 0.03246338714779995
variance: 7.833583331699223e-06

AL interation 527/5000.

mae: 0.0031037601715120217
max_error: 0.032656600311383954
variance: 7.859515461251498e-06

AL interation 528/5000.

mae: 0.0030980783467730363
max_error: 0.03193882681807736
variance: 7.826700804885234e-06

AL interation 529/5000.

mae: 0.0030964291897362275
max_error: 0.03189433484294568
variance: 7.830379360047597e-06

AL interation 530/5000.

mae: 0.003095369163891519
max_error: 0.03183274063485442
variance: 7.822231505385997e-06

AL interation 531/5000.

mae: 0.0030931454396250046
max_error: 0.03189916660448944
variance: 7.819202821849106e-06

AL interation 532/5000.

mae: 0.0030938235455814722
max_error: 0.03191176625659864
variance: 7.822600976557311e-06

AL interation 533/5000.

mae: 0.003100981327980662
max_error: 0.032142564183232025
variance: 7.823002304842524e-06

AL interation 534/5000.

mae: 0.0031041311463986857
max_error: 0.03199363060593896
variance: 7.822832018956484e-06

AL interation 535/5000.

mae: 0.0031035804200073474
max_error: 0.03202515951852547
variance: 7.824286690974493e-06

AL interation 536/5000.

mae: 0.003097993315594067
max_error: 0.03140318201985792
variance: 7.756493282901663e-06

AL interation 537/5000.

mae: 0.0030966132715748245
max_error: 0.03140346992586274
variance: 7.756011563525497e-06

AL interation 538/5000.

mae: 0.003075156186996537
max_error: 0.0295050300173898
variance: 7.65811279080719e-06

AL interation 539/5000.

mae: 0.003061044124351611
max_error: 0.030097566324911895
variance: 7.592381301902475e-06

AL interation 540/5000.

mae: 0.003063143800555736
max_error: 0.030140728886181023
variance: 7.600261543294343e-06

AL interation 541/5000.

mae: 0.0030666601007260396
max_error: 0.030237459704949288
variance: 7.621476023085097e-06

AL interation 542/5000.

mae: 0.003066606467694328
max_error: 0.030234394798753783
variance: 7.621164806741947e-06

AL interation 543/5000.

mae: 0.003067867270453462
max_error: 0.030376366325072013
variance: 7.634687712837549e-06

AL interation 544/5000.

mae: 0.0030776960874982252
max_error: 0.030122268299237476
variance: 7.643122639636925e-06

AL interation 545/5000.

mae: 0.0030762800153370335
max_error: 0.030148458907206077
variance: 7.637782190476797e-06

AL interation 546/5000.

mae: 0.003077173436858175
max_error: 0.030228226305553108
variance: 7.652572013553175e-06

AL interation 547/5000.

mae: 0.00307718033367928
max_error: 0.03026015144860139
variance: 7.647888651922293e-06

AL interation 548/5000.

mae: 0.0030861320665990207
max_error: 0.030170747264492093
variance: 7.684225732455737e-06

AL interation 549/5000.

mae: 0.00308665955993547
max_error: 0.030149270243782667
variance: 7.687837543933812e-06

AL interation 550/5000.

mae: 0.003074143724710666
max_error: 0.029217517134384252
variance: 7.597908009633956e-06

AL interation 551/5000.

mae: 0.003073402645765782
max_error: 0.029184276712840074
variance: 7.594501777369884e-06

AL interation 552/5000.

mae: 0.0030749707665281675
max_error: 0.029289683317983872
variance: 7.60516908765317e-06

AL interation 553/5000.

mae: 0.003056590628000777
max_error: 0.02881621555570746
variance: 7.492484272881964e-06

AL interation 554/5000.

mae: 0.003056332066667892
max_error: 0.02841194550637738
variance: 7.495999617830057e-06

AL interation 555/5000.

mae: 0.0030576301022665576
max_error: 0.028331703902949812
variance: 7.485314134249123e-06

AL interation 556/5000.

mae: 0.003058311580752161
max_error: 0.02837483627081383
variance: 7.486381462400889e-06

AL interation 557/5000.

mae: 0.003057798666596682
max_error: 0.02826970337810053
variance: 7.4861744394003016e-06

AL interation 558/5000.

mae: 0.0030635066894283227
max_error: 0.02827663039897743
variance: 7.5053522807877515e-06

AL interation 559/5000.

mae: 0.0030656142548295975
max_error: 0.028042512294632616
variance: 7.515208373609902e-06

AL interation 560/5000.

mae: 0.003042166113837993
max_error: 0.027943535837039235
variance: 7.490523814891026e-06

AL interation 561/5000.

mae: 0.0030174162942630573
max_error: 0.027777452478403575
variance: 7.4294307133655094e-06

AL interation 562/5000.

mae: 0.0030169145472782473
max_error: 0.027805650544905802
variance: 7.4266577630325445e-06

AL interation 563/5000.

mae: 0.0030149210521003625
max_error: 0.027635244532575598
variance: 7.439167623052984e-06

AL interation 564/5000.

mae: 0.003015180109345238
max_error: 0.02753870448214002
variance: 7.440592311370958e-06

AL interation 565/5000.

mae: 0.003012632552489322
max_error: 0.02755031252399931
variance: 7.413243417537088e-06

AL interation 566/5000.

mae: 0.003008662173454468
max_error: 0.027588570938860357
variance: 7.4015263164680335e-06

AL interation 567/5000.

mae: 0.003013214481238265
max_error: 0.027674981309246505
variance: 7.435769502135025e-06

AL interation 568/5000.

mae: 0.003000936012412694
max_error: 0.02803773576306412
variance: 7.4113095091867786e-06

AL interation 569/5000.

mae: 0.0030009076490782717
max_error: 0.028046305339557875
variance: 7.411241092199733e-06

AL interation 570/5000.

mae: 0.0030005640746003336
max_error: 0.02809109242116392
variance: 7.4103942044578585e-06

AL interation 571/5000.

mae: 0.0029885914146675534
max_error: 0.027761865481807035
variance: 7.299110580231467e-06

AL interation 572/5000.

mae: 0.0029892162836449646
max_error: 0.027549960182113864
variance: 7.288331274727721e-06

AL interation 573/5000.

mae: 0.002982135162168561
max_error: 0.02736947848370619
variance: 7.312077402753663e-06

AL interation 574/5000.

mae: 0.0029809665214984306
max_error: 0.027419692890362057
variance: 7.29881928503761e-06

AL interation 575/5000.

mae: 0.002982243936618488
max_error: 0.027459239970085036
variance: 7.3001935454461574e-06

AL interation 576/5000.

mae: 0.002983154683272005
max_error: 0.027710664993719547
variance: 7.3069037025587135e-06

AL interation 577/5000.

mae: 0.002983909805393523
max_error: 0.027728033567655075
variance: 7.305753475689481e-06

AL interation 578/5000.

mae: 0.0029450990475934306
max_error: 0.024044049796430045
variance: 7.155435068938037e-06

AL interation 579/5000.

mae: 0.002944769372130395
max_error: 0.024044214478635695
variance: 7.154463190710789e-06

AL interation 580/5000.

mae: 0.0029470127401882563
max_error: 0.02399641613374115
variance: 7.178909917952504e-06

AL interation 581/5000.

mae: 0.002931084649063905
max_error: 0.024154798935342114
variance: 7.1025436658838065e-06

AL interation 582/5000.

mae: 0.0029262028888415443
max_error: 0.02428229432371154
variance: 7.08718611184295e-06

AL interation 583/5000.

mae: 0.002919254111785449
max_error: 0.024026984750889824
variance: 7.039262865529426e-06

AL interation 584/5000.

mae: 0.002921518435181497
max_error: 0.02417676056120399
variance: 7.0612006554094835e-06

AL interation 585/5000.

mae: 0.0029213145773046563
max_error: 0.024173681595129892
variance: 7.060137007471223e-06

AL interation 586/5000.

mae: 0.0029327599414100407
max_error: 0.024468303430694505
variance: 7.114417738103749e-06

AL interation 587/5000.

mae: 0.0029328240976292364
max_error: 0.024483160050294828
variance: 7.128490985960983e-06

AL interation 588/5000.

mae: 0.0029309407667578854
max_error: 0.024643181075589382
variance: 7.13234555639471e-06

AL interation 589/5000.

mae: 0.002932329159553774
max_error: 0.024592202345957048
variance: 7.132282512584026e-06

AL interation 590/5000.

mae: 0.0029316793269190387
max_error: 0.02458544969704235
variance: 7.138863348497657e-06

AL interation 591/5000.

mae: 0.002938056427956326
max_error: 0.02475235942074505
variance: 7.145269604158156e-06

AL interation 592/5000.

mae: 0.0029356834765740135
max_error: 0.024815125561872264
variance: 7.166295220371888e-06

AL interation 593/5000.

mae: 0.002936728453537853
max_error: 0.024799905761938135
variance: 7.174002106735735e-06

AL interation 594/5000.

mae: 0.0029327195380160448
max_error: 0.02472175188086112
variance: 7.1750312509485265e-06

AL interation 595/5000.

mae: 0.002929890788291232
max_error: 0.024804407214105595
variance: 7.181061706242184e-06

AL interation 596/5000.

mae: 0.002923099514797286
max_error: 0.02496215485916764
variance: 7.162729893304521e-06

AL interation 597/5000.

mae: 0.002923980047935402
max_error: 0.02490840411701356
variance: 7.182521389045378e-06

AL interation 598/5000.

mae: 0.002924010103773071
max_error: 0.02486184346889786
variance: 7.197982608430717e-06

AL interation 599/5000.

mae: 0.002919540324580339
max_error: 0.0250158159979037
variance: 7.18938107943314e-06

AL interation 600/5000.

mae: 0.0029204384326531
max_error: 0.02498503999413515
variance: 7.187381809036517e-06

AL interation 601/5000.

mae: 0.002920069090774632
max_error: 0.024948113126811222
variance: 7.2037940617577615e-06

AL interation 602/5000.

mae: 0.0029190282278023006
max_error: 0.024799254431854934
variance: 7.184656588250314e-06

AL interation 603/5000.

mae: 0.0029220910010039915
max_error: 0.02436137021322793
variance: 7.185716667184371e-06

AL interation 604/5000.

mae: 0.0029123278557581216
max_error: 0.02433921089686919
variance: 7.118205870778094e-06

AL interation 605/5000.

mae: 0.0029131591283303353
max_error: 0.02450381113885669
variance: 7.156438292992579e-06

AL interation 606/5000.

mae: 0.0029053696471987678
max_error: 0.024461889330268605
variance: 7.0869962165683565e-06

AL interation 607/5000.

mae: 0.002905300453585369
max_error: 0.024759866484600934
variance: 7.0614300836423845e-06

AL interation 608/5000.

mae: 0.0029000343813718244
max_error: 0.02478473891642352
variance: 7.035411493870721e-06

AL interation 609/5000.

mae: 0.0028962121141162243
max_error: 0.025220168554369593
variance: 7.0276508456707476e-06

AL interation 610/5000.

mae: 0.0029006857290476092
max_error: 0.025030647403355033
variance: 7.064493141146585e-06

AL interation 611/5000.

mae: 0.0029004131328011907
max_error: 0.02502371198761466
variance: 7.057613616826321e-06

AL interation 612/5000.

mae: 0.002900783265072846
max_error: 0.025099035128278047
variance: 7.060691968361148e-06

AL interation 613/5000.

mae: 0.002893103614476331
max_error: 0.025632865632815083
variance: 7.0213655268459385e-06

AL interation 614/5000.

mae: 0.0028935114671776317
max_error: 0.02562547993420594
variance: 7.0255217396993825e-06

AL interation 615/5000.

mae: 0.002897600395286645
max_error: 0.025580359050763946
variance: 7.014415722006668e-06

AL interation 616/5000.

mae: 0.002901685168482345
max_error: 0.02565621893882053
variance: 7.039331331645615e-06

AL interation 617/5000.

mae: 0.002907618635636254
max_error: 0.02618066000422914
variance: 7.098288165833494e-06

AL interation 618/5000.

mae: 0.0029030323832977276
max_error: 0.026234705022716298
variance: 7.073250688078236e-06

AL interation 619/5000.

mae: 0.0028971578528626195
max_error: 0.026351070475811866
variance: 7.059819195785024e-06

AL interation 620/5000.

mae: 0.0028968880649691757
max_error: 0.026362095052263612
variance: 7.058330739460508e-06

AL interation 621/5000.

mae: 0.0028956294735273786
max_error: 0.026414515442411357
variance: 7.064339527431093e-06

AL interation 622/5000.

mae: 0.0028941969925061813
max_error: 0.02656807723701604
variance: 7.043614832465077e-06

AL interation 623/5000.

mae: 0.0029045202946098242
max_error: 0.026743651352262532
variance: 7.103142865295943e-06

AL interation 624/5000.

mae: 0.0029033308035410527
max_error: 0.026855281904317962
variance: 7.091393942203006e-06

AL interation 625/5000.

mae: 0.0029049017433324027
max_error: 0.026758904432313102
variance: 7.092057769494698e-06

AL interation 626/5000.

mae: 0.0028820664503748502
max_error: 0.02707202859573954
variance: 6.979540268608146e-06

AL interation 627/5000.

mae: 0.002878593108652353
max_error: 0.02716440535982656
variance: 6.973750989828092e-06

AL interation 628/5000.

mae: 0.002878187466503505
max_error: 0.027170198272187918
variance: 6.970624311487561e-06

AL interation 629/5000.

mae: 0.0028674132358155477
max_error: 0.027048537573591602
variance: 6.937250326042861e-06

AL interation 630/5000.

mae: 0.0028677471819789843
max_error: 0.02703118702311258
variance: 6.937947032148651e-06

AL interation 631/5000.

mae: 0.0028588632208476385
max_error: 0.02689706695150562
variance: 6.890468416048534e-06

AL interation 632/5000.

mae: 0.0028611528372874204
max_error: 0.026923229431304208
variance: 6.9053009759706324e-06

AL interation 633/5000.

mae: 0.002861634722690951
max_error: 0.027046957065067545
variance: 6.9163715542338915e-06

AL interation 634/5000.

mae: 0.0028626218523780554
max_error: 0.027012037844315273
variance: 6.918400430378069e-06

AL interation 635/5000.

mae: 0.00286484226605603
max_error: 0.027025549094105372
variance: 6.9191701558962185e-06

AL interation 636/5000.

mae: 0.002863875348532929
max_error: 0.026945247940147965
variance: 6.9212798983167664e-06

AL interation 637/5000.

mae: 0.0028475533580294725
max_error: 0.026463036287623254
variance: 6.8719101908605305e-06

AL interation 638/5000.

mae: 0.00284598635902023
max_error: 0.026488218446502287
variance: 6.86797238608326e-06

AL interation 639/5000.

mae: 0.002844481203645387
max_error: 0.026290193752174673
variance: 6.847374774296882e-06

AL interation 640/5000.

mae: 0.002844019684426371
max_error: 0.026292257076875103
variance: 6.846373134135154e-06

AL interation 641/5000.

mae: 0.0028470306275029103
max_error: 0.02630856462542397
variance: 6.855054959989455e-06

AL interation 642/5000.

mae: 0.0028471006938471464
max_error: 0.026331629545964574
variance: 6.852049525628936e-06

AL interation 643/5000.

mae: 0.0028507716118989918
max_error: 0.0263114922826162
variance: 6.858554786616793e-06

AL interation 644/5000.

mae: 0.00283750241787493
max_error: 0.026272529008338097
variance: 6.785231841510214e-06

AL interation 645/5000.

mae: 0.00283714640595872
max_error: 0.02623370960805005
variance: 6.78311984485308e-06

AL interation 646/5000.

mae: 0.0028447164397560416
max_error: 0.02630226605833741
variance: 6.889127071616486e-06

AL interation 647/5000.

mae: 0.002849484631102904
max_error: 0.026292933860062817
variance: 6.896951441485944e-06

AL interation 648/5000.

mae: 0.002849812232594502
max_error: 0.02647228730847928
variance: 6.8972268433871185e-06

AL interation 649/5000.

mae: 0.0028462239795432327
max_error: 0.026196237154294977
variance: 6.921582413660198e-06

AL interation 650/5000.

mae: 0.002848162083156865
max_error: 0.0261356298933606
variance: 6.927980458517406e-06

AL interation 651/5000.

mae: 0.0028476696151249234
max_error: 0.026652107061309493
variance: 6.912154898877431e-06

AL interation 652/5000.

mae: 0.002850363240880192
max_error: 0.026454074994546772
variance: 6.8969460196633625e-06

AL interation 653/5000.

mae: 0.0028504436285150614
max_error: 0.02644804902473652
variance: 6.892421152804087e-06

AL interation 654/5000.

mae: 0.0028658144031709866
max_error: 0.02653244149598777
variance: 6.934376751291697e-06

AL interation 655/5000.

mae: 0.0028638392001127857
max_error: 0.026314873248622916
variance: 6.894957507639999e-06

AL interation 656/5000.

mae: 0.002864086735062955
max_error: 0.02650973853621963
variance: 6.905582965809731e-06

AL interation 657/5000.

mae: 0.002864589054711778
max_error: 0.026501175705561764
variance: 6.90906138641945e-06

AL interation 658/5000.

mae: 0.0028645919349873194
max_error: 0.026504287003405125
variance: 6.908959202692335e-06

AL interation 659/5000.

mae: 0.002864740332598629
max_error: 0.02647612263871224
variance: 6.915011983372339e-06

AL interation 660/5000.

mae: 0.002843538538916391
max_error: 0.026044363306937157
variance: 6.826676504979003e-06

AL interation 661/5000.

mae: 0.0028441652704591434
max_error: 0.02604625533285798
variance: 6.829691722407992e-06

AL interation 662/5000.

mae: 0.002837319289351626
max_error: 0.026138916817671998
variance: 6.816509486407278e-06

AL interation 663/5000.

mae: 0.002833027054303557
max_error: 0.025868180326142465
variance: 6.786087594698753e-06

AL interation 664/5000.

mae: 0.002834574509019831
max_error: 0.025891176257573534
variance: 6.7900019407742254e-06

AL interation 665/5000.

mae: 0.0028300458349021936
max_error: 0.02579154858244692
variance: 6.765944123984795e-06

AL interation 666/5000.

mae: 0.0028313089894022596
max_error: 0.02585836301273048
variance: 6.778253593876416e-06

AL interation 667/5000.

mae: 0.002813636069265684
max_error: 0.02601279295853942
variance: 6.721260461670403e-06

AL interation 668/5000.

mae: 0.002813594866903925
max_error: 0.02601222136109982
variance: 6.721013292118619e-06

AL interation 669/5000.

mae: 0.002810198409780014
max_error: 0.026060345223413606
variance: 6.711545532921031e-06

AL interation 670/5000.

mae: 0.0027944853639023676
max_error: 0.02610033366272546
variance: 6.68836768834955e-06

AL interation 671/5000.

mae: 0.0027932739639611555
max_error: 0.025998209053796018
variance: 6.682946657921709e-06

AL interation 672/5000.

mae: 0.0028032175362768612
max_error: 0.02563748907664376
variance: 6.727369626854457e-06

AL interation 673/5000.

mae: 0.002800149974735405
max_error: 0.02569156399795247
variance: 6.722206445642253e-06

AL interation 674/5000.

mae: 0.0027996334670474425
max_error: 0.025676610428945423
variance: 6.720752664031199e-06

AL interation 675/5000.

mae: 0.0027960673919408237
max_error: 0.025812132776081853
variance: 6.723886671207265e-06

AL interation 676/5000.

mae: 0.0027930156190755042
max_error: 0.025773790382118023
variance: 6.708293342038035e-06

AL interation 677/5000.

mae: 0.0027890012930370175
max_error: 0.025730704008310568
variance: 6.6717292392459605e-06

AL interation 678/5000.

mae: 0.002789478674618749
max_error: 0.025667794757282536
variance: 6.660499516941243e-06

AL interation 679/5000.

mae: 0.0027732588007168034
max_error: 0.026297435446394957
variance: 6.592610385618357e-06

AL interation 680/5000.

mae: 0.002760801742447711
max_error: 0.026847151254514756
variance: 6.614266420252887e-06

AL interation 681/5000.

mae: 0.002762701495420288
max_error: 0.026692900686839494
variance: 6.61953592272333e-06

AL interation 682/5000.

mae: 0.0027630070836780762
max_error: 0.026871564092743938
variance: 6.6334169106381695e-06

AL interation 683/5000.

mae: 0.0027595601038126463
max_error: 0.026340233222526876
variance: 6.59134715184414e-06

AL interation 684/5000.

mae: 0.00276347692367176
max_error: 0.02618613800859748
variance: 6.617805038111619e-06

AL interation 685/5000.

mae: 0.0027669498793297864
max_error: 0.026156469868510612
variance: 6.641382225775584e-06

AL interation 686/5000.

mae: 0.0027643327977534683
max_error: 0.026173123480020877
variance: 6.634924401462665e-06

AL interation 687/5000.

mae: 0.0027646764562719
max_error: 0.026141124555124406
variance: 6.633825322342507e-06

AL interation 688/5000.

mae: 0.0027641939529310096
max_error: 0.026285251464287285
variance: 6.671183020802739e-06

AL interation 689/5000.

mae: 0.002759156669830645
max_error: 0.02638465801737766
variance: 6.648839393458278e-06

AL interation 690/5000.

mae: 0.002759009801231514
max_error: 0.026386805941001512
variance: 6.647995297383028e-06

AL interation 691/5000.

mae: 0.0027574796007297665
max_error: 0.026375948700660956
variance: 6.640913853439074e-06

AL interation 692/5000.

mae: 0.0027520769295729225
max_error: 0.026811817578163755
variance: 6.6195075356443894e-06

AL interation 693/5000.

mae: 0.0027485763886843416
max_error: 0.02683893361245282
variance: 6.603011082155847e-06

AL interation 694/5000.

mae: 0.002750360499395356
max_error: 0.027037918856876786
variance: 6.614306314595418e-06

AL interation 695/5000.

mae: 0.002751756642241162
max_error: 0.02696699466468999
variance: 6.608298741508384e-06

AL interation 696/5000.

mae: 0.002741163681087528
max_error: 0.02646614407240122
variance: 6.574685892581633e-06

AL interation 697/5000.

mae: 0.002745246101911107
max_error: 0.026737067046269658
variance: 6.562714809635592e-06

AL interation 698/5000.

mae: 0.00274445147933875
max_error: 0.026814298538738512
variance: 6.5627860332659655e-06

AL interation 699/5000.

mae: 0.002744260538072922
max_error: 0.026877271411649417
variance: 6.538492212314079e-06

AL interation 700/5000.

mae: 0.0027435032649382267
max_error: 0.026906632612735848
variance: 6.545613484754115e-06

AL interation 701/5000.

mae: 0.002746990910190107
max_error: 0.02675053884377121
variance: 6.503833036953734e-06

AL interation 702/5000.

mae: 0.002748221743395334
max_error: 0.027521950978552923
variance: 6.5592280656975175e-06

AL interation 703/5000.

mae: 0.0027485995230672414
max_error: 0.027514550785781466
variance: 6.5591680891342424e-06

AL interation 704/5000.

mae: 0.002746186148909146
max_error: 0.02723585907187953
variance: 6.554910805189309e-06

AL interation 705/5000.

mae: 0.002745203935372956
max_error: 0.02724700215367193
variance: 6.53750156866354e-06

AL interation 706/5000.

mae: 0.002744651373968736
max_error: 0.027237410980887944
variance: 6.536267522013675e-06

AL interation 707/5000.

mae: 0.00273399010590947
max_error: 0.027772191184340045
variance: 6.518376055582203e-06

AL interation 708/5000.

mae: 0.0027355382975720204
max_error: 0.02776666476893297
variance: 6.5229739234762235e-06

AL interation 709/5000.

mae: 0.002734970126313783
max_error: 0.02741077788050461
variance: 6.634397456228589e-06

AL interation 710/5000.

mae: 0.002730969598552292
max_error: 0.027280909489491023
variance: 6.6284944454128636e-06

AL interation 711/5000.

mae: 0.0027325689133886047
max_error: 0.027329279557307018
variance: 6.638256381154976e-06

AL interation 712/5000.

mae: 0.0027305067344022974
max_error: 0.02790164482394175
variance: 6.657072531020055e-06

AL interation 713/5000.

mae: 0.002733384737576671
max_error: 0.027979274689641898
variance: 6.660520292175094e-06

AL interation 714/5000.

mae: 0.0027336001640151154
max_error: 0.02785727936316107
variance: 6.661659905419419e-06

AL interation 715/5000.

mae: 0.0027393478001376936
max_error: 0.027845786558827967
variance: 6.68356308842893e-06

AL interation 716/5000.

mae: 0.0027393895597251686
max_error: 0.02784585410518048
variance: 6.683919032680562e-06

AL interation 717/5000.

mae: 0.0027386531638212545
max_error: 0.027748849639465334
variance: 6.687191487024043e-06

AL interation 718/5000.

mae: 0.0027366654640845808
max_error: 0.02779699344500841
variance: 6.684557963255728e-06

AL interation 719/5000.

mae: 0.0027414934908611033
max_error: 0.02775521047260554
variance: 6.699794783864106e-06

AL interation 720/5000.

mae: 0.002720614447979642
max_error: 0.02834553109460103
variance: 6.663543422413714e-06

AL interation 721/5000.

mae: 0.002720696245803538
max_error: 0.02834513508605596
variance: 6.664029931012655e-06

AL interation 722/5000.

mae: 0.002720485110901791
max_error: 0.028302750952207134
variance: 6.665697916678327e-06

AL interation 723/5000.

mae: 0.0027217161404464603
max_error: 0.02836574329467112
variance: 6.68291621503799e-06

AL interation 724/5000.

mae: 0.002717220813248332
max_error: 0.02820235659601167
variance: 6.667959870341936e-06

AL interation 725/5000.

mae: 0.0027129324790989813
max_error: 0.02783644184091827
variance: 6.628706719487827e-06

AL interation 726/5000.

mae: 0.0027108757677256107
max_error: 0.02796571344424592
variance: 6.624007753766135e-06

AL interation 727/5000.

mae: 0.002710736156445364
max_error: 0.028121058825490763
variance: 6.633624965824022e-06

AL interation 728/5000.

mae: 0.0027136219925132537
max_error: 0.02813808556220465
variance: 6.6384754480293056e-06

AL interation 729/5000.

mae: 0.002713405129205512
max_error: 0.028139243698205973
variance: 6.639397129953942e-06

AL interation 730/5000.

mae: 0.0027137071826236936
max_error: 0.02819866775371338
variance: 6.6368947899862974e-06

AL interation 731/5000.

mae: 0.0027113274620105586
max_error: 0.028318646650404844
variance: 6.627698382620756e-06

AL interation 732/5000.

mae: 0.002712674437272881
max_error: 0.028313825111581536
variance: 6.635807637195917e-06

AL interation 733/5000.

mae: 0.002712994192386532
max_error: 0.02838745746839777
variance: 6.640157662413761e-06

AL interation 734/5000.

mae: 0.002716583295164355
max_error: 0.028367395528903216
variance: 6.6609140541380736e-06

AL interation 735/5000.

mae: 0.002716368086920852
max_error: 0.02838175529404907
variance: 6.658238494310246e-06

AL interation 736/5000.

mae: 0.002720244734228686
max_error: 0.02794279992826887
variance: 6.648945505560465e-06

AL interation 737/5000.

mae: 0.0027226982666861657
max_error: 0.027465729963296326
variance: 6.660602806084694e-06

AL interation 738/5000.

mae: 0.002720326805877903
max_error: 0.027755188080845983
variance: 6.659702774342297e-06

AL interation 739/5000.

mae: 0.0027227267523498994
max_error: 0.027794331145742035
variance: 6.6767736794244525e-06

AL interation 740/5000.

mae: 0.0027229507199172075
max_error: 0.027741859970774385
variance: 6.675841865309332e-06

AL interation 741/5000.

mae: 0.00272350915485913
max_error: 0.027792412292001245
variance: 6.671716539933385e-06

AL interation 742/5000.

mae: 0.0027155275043592155
max_error: 0.027419349669798976
variance: 6.607289223499143e-06

AL interation 743/5000.

mae: 0.002722255328424126
max_error: 0.027342504053194716
variance: 6.641242594515728e-06

AL interation 744/5000.

mae: 0.0027226356869914526
max_error: 0.027573326473429915
variance: 6.655138230695286e-06

AL interation 745/5000.

mae: 0.002713078655658592
max_error: 0.027734802076338383
variance: 6.621685605365319e-06

AL interation 746/5000.

mae: 0.0027128834979971545
max_error: 0.027732154748264293
variance: 6.617879669287259e-06

AL interation 747/5000.

mae: 0.002710880666972116
max_error: 0.027743020546040498
variance: 6.60546776389112e-06

AL interation 748/5000.

mae: 0.002708350470697951
max_error: 0.027879547200427623
variance: 6.5925713207979986e-06

AL interation 749/5000.

mae: 0.0027082144166688522
max_error: 0.02786065406326088
variance: 6.591611090839294e-06

AL interation 750/5000.

mae: 0.002706562479114837
max_error: 0.028021722409903305
variance: 6.618770828484113e-06

AL interation 751/5000.

mae: 0.002704151109549912
max_error: 0.028021415726470877
variance: 6.6225487682232165e-06

AL interation 752/5000.

mae: 0.0027071778594827266
max_error: 0.028044797760230722
variance: 6.624879314238954e-06

AL interation 753/5000.

mae: 0.0027070430761614262
max_error: 0.027872639780980535
variance: 6.608654864702913e-06

AL interation 754/5000.

mae: 0.002707564094578629
max_error: 0.027896961197257042
variance: 6.610758104218298e-06

AL interation 755/5000.

mae: 0.002709532734833374
max_error: 0.02780803713358182
variance: 6.6102986631535425e-06

AL interation 756/5000.

mae: 0.002713375653881485
max_error: 0.02799669471642119
variance: 6.641753986306672e-06

AL interation 757/5000.

mae: 0.0027116899462980657
max_error: 0.02785429348477919
variance: 6.636189509957883e-06

AL interation 758/5000.

mae: 0.0027085515310982375
max_error: 0.027855470609210897
variance: 6.581002206110799e-06

AL interation 759/5000.

mae: 0.0027071004125891703
max_error: 0.027857550790940877
variance: 6.562563968327355e-06

AL interation 760/5000.

mae: 0.002716862954934186
max_error: 0.027802132924989564
variance: 6.573510823964231e-06

AL interation 761/5000.

mae: 0.0027164843873015345
max_error: 0.028044491868058685
variance: 6.583528299109708e-06

AL interation 762/5000.

mae: 0.0027173326843876566
max_error: 0.028128014339017682
variance: 6.585614059137567e-06

AL interation 763/5000.

mae: 0.0027174135141312945
max_error: 0.028127404189945082
variance: 6.585781525250214e-06

AL interation 764/5000.

mae: 0.0027097151995558308
max_error: 0.028191423289172235
variance: 6.55315097856485e-06

AL interation 765/5000.

mae: 0.002710246899069716
max_error: 0.028186701962113148
variance: 6.561610317250255e-06

AL interation 766/5000.

mae: 0.002709136136102643
max_error: 0.028176714815344894
variance: 6.556794374657173e-06

AL interation 767/5000.

mae: 0.0027086475087080546
max_error: 0.028060669672413496
variance: 6.562850183171402e-06

AL interation 768/5000.

mae: 0.0027118194937647785
max_error: 0.028182571639263188
variance: 6.6139408789733905e-06

AL interation 769/5000.

mae: 0.0027149501663880074
max_error: 0.02813511745262076
variance: 6.6300761893923645e-06

AL interation 770/5000.

mae: 0.0027140430928875503
max_error: 0.02769582580367569
variance: 6.6182807549391496e-06

AL interation 771/5000.

mae: 0.0027192177848546634
max_error: 0.02738355962719652
variance: 6.54775087609964e-06

AL interation 772/5000.

mae: 0.002715072650077673
max_error: 0.02733334217555239
variance: 6.531983336991514e-06

AL interation 773/5000.

mae: 0.002718235346283109
max_error: 0.027322344849380897
variance: 6.528461562890617e-06

AL interation 774/5000.

mae: 0.002718154509713713
max_error: 0.02740696341061266
variance: 6.518909696598818e-06

AL interation 775/5000.

mae: 0.0027197276579645404
max_error: 0.027417077781137777
variance: 6.5190914590967875e-06

AL interation 776/5000.

mae: 0.0027021640095535988
max_error: 0.026064212437631795
variance: 6.389613950529528e-06

AL interation 777/5000.

mae: 0.0026985304566323975
max_error: 0.025955098757549422
variance: 6.371930718098563e-06

AL interation 778/5000.

mae: 0.0026986877613971957
max_error: 0.026040991862828378
variance: 6.3555152252367966e-06

AL interation 779/5000.

mae: 0.0026987489464345344
max_error: 0.026055453930894146
variance: 6.363966388732009e-06

AL interation 780/5000.

mae: 0.002696913786696314
max_error: 0.02617195803031791
variance: 6.358411960849877e-06

AL interation 781/5000.

mae: 0.0026997333309636815
max_error: 0.02625216531669139
variance: 6.385869646666822e-06

AL interation 782/5000.

mae: 0.0026997590853416113
max_error: 0.02624969892713125
variance: 6.3829966098130724e-06

AL interation 783/5000.

mae: 0.002698726641625399
max_error: 0.026207845938188257
variance: 6.378697454081209e-06

AL interation 784/5000.

mae: 0.002694075648127182
max_error: 0.025816983557888307
variance: 6.389075308632884e-06

AL interation 785/5000.

mae: 0.0026661996040875237
max_error: 0.02696173606454977
variance: 6.393909858110738e-06

AL interation 786/5000.

mae: 0.0026694327217865067
max_error: 0.027506244096002774
variance: 6.342124420527142e-06

AL interation 787/5000.

mae: 0.002666484808830319
max_error: 0.02760489620777662
variance: 6.342801493905872e-06

AL interation 788/5000.

mae: 0.002666255842251303
max_error: 0.027638866024062736
variance: 6.343662281867805e-06

AL interation 789/5000.

mae: 0.0026690955647527517
max_error: 0.027463073034596164
variance: 6.347894756525669e-06

AL interation 790/5000.

mae: 0.0026679760783426903
max_error: 0.027574685736908577
variance: 6.349332857558534e-06

AL interation 791/5000.

mae: 0.0026777906694442207
max_error: 0.027289895515423268
variance: 6.38204253259179e-06

AL interation 792/5000.

mae: 0.002676856220067748
max_error: 0.027233177268499276
variance: 6.377557850816429e-06

AL interation 793/5000.

mae: 0.002676833705045283
max_error: 0.027232684562477516
variance: 6.377218906087639e-06

AL interation 794/5000.

mae: 0.0026761451111151475
max_error: 0.027350005322659854
variance: 6.377690287787215e-06

AL interation 795/5000.

mae: 0.0026751528001968837
max_error: 0.027293411490973085
variance: 6.3754014764189415e-06

AL interation 796/5000.

mae: 0.0026746471983015
max_error: 0.027305379258905305
variance: 6.38090891080711e-06

AL interation 797/5000.

mae: 0.0026746430151060848
max_error: 0.02730521562989452
variance: 6.3810588451720064e-06

AL interation 798/5000.

mae: 0.0026695348098619434
max_error: 0.027404870754253352
variance: 6.343322862934597e-06

AL interation 799/5000.

mae: 0.002665874229302972
max_error: 0.027424318323028274
variance: 6.324862922357326e-06

AL interation 800/5000.

mae: 0.0026661162385862554
max_error: 0.027416823391831713
variance: 6.327150183897152e-06

AL interation 801/5000.

mae: 0.002670704988149737
max_error: 0.027736025163903832
variance: 6.359853883481096e-06

AL interation 802/5000.

mae: 0.0026717896401660256
max_error: 0.027732617447327357
variance: 6.365759637284495e-06

AL interation 803/5000.

mae: 0.002672163811544124
max_error: 0.027811246254714206
variance: 6.363857086539738e-06

AL interation 804/5000.

mae: 0.0026717589182235317
max_error: 0.027420438589615515
variance: 6.381235541334436e-06

AL interation 805/5000.

mae: 0.002671094388657366
max_error: 0.02746740290604066
variance: 6.378703573662377e-06

AL interation 806/5000.

mae: 0.002672938366677954
max_error: 0.027587985372520052
variance: 6.365538876051664e-06

AL interation 807/5000.

mae: 0.0026715559852364093
max_error: 0.027768313986598514
variance: 6.335618705691007e-06

AL interation 808/5000.

mae: 0.002671101489726425
max_error: 0.027760339973610826
variance: 6.338307540723839e-06

AL interation 809/5000.

mae: 0.0026708418140915457
max_error: 0.027752872381825
variance: 6.33644900757032e-06

AL interation 810/5000.

mae: 0.002676795882384795
max_error: 0.028100610732508358
variance: 6.374063797068033e-06

AL interation 811/5000.

mae: 0.0026760456394595167
max_error: 0.027998496483633062
variance: 6.360855442155938e-06

AL interation 812/5000.

mae: 0.0026853997845400954
max_error: 0.027871632933965884
variance: 6.420001160038231e-06

AL interation 813/5000.

mae: 0.0026849999244950595
max_error: 0.02785272952314699
variance: 6.419678298464174e-06

AL interation 814/5000.

mae: 0.002678900319087916
max_error: 0.027934705023653805
variance: 6.415116496147229e-06

AL interation 815/5000.

mae: 0.0026713497592963905
max_error: 0.02819239627206116
variance: 6.373135624318376e-06

AL interation 816/5000.

mae: 0.002675002509942715
max_error: 0.028558987021824578
variance: 6.382480845204669e-06

AL interation 817/5000.

mae: 0.002662874288663261
max_error: 0.02928249814067385
variance: 6.331558548148504e-06

AL interation 818/5000.

mae: 0.002658772486744056
max_error: 0.029367265586188296
variance: 6.32048100171217e-06

AL interation 819/5000.

mae: 0.002657702539348975
max_error: 0.029300714333658107
variance: 6.319383304269188e-06

AL interation 820/5000.

mae: 0.0026616589972654767
max_error: 0.02915611522621475
variance: 6.35007950302937e-06

AL interation 821/5000.

mae: 0.002662252876120874
max_error: 0.029243495693663135
variance: 6.3604496762422865e-06

AL interation 822/5000.

mae: 0.002661048966643648
max_error: 0.028884307354019256
variance: 6.36196414477469e-06

AL interation 823/5000.

mae: 0.0026557761903295615
max_error: 0.028820867868489586
variance: 6.34220550054116e-06

AL interation 824/5000.

mae: 0.002651894842033471
max_error: 0.028875043270090828
variance: 6.320077263765794e-06

AL interation 825/5000.

mae: 0.0026519662189466546
max_error: 0.028870372148958268
variance: 6.321210763067405e-06

AL interation 826/5000.

mae: 0.0026519605346811657
max_error: 0.028869528738141526
variance: 6.321208380041416e-06

AL interation 827/5000.

mae: 0.0026530127813121
max_error: 0.028845569660916226
variance: 6.319145109448845e-06

AL interation 828/5000.

mae: 0.002654341048096285
max_error: 0.028845201639342122
variance: 6.3196472924403865e-06

AL interation 829/5000.

mae: 0.002654461389540302
max_error: 0.028959207869775128
variance: 6.3049869654277e-06

AL interation 830/5000.

mae: 0.0026573947193573987
max_error: 0.02901061261582072
variance: 6.347888403740482e-06

AL interation 831/5000.

mae: 0.00265650705619737
max_error: 0.029027173633949133
variance: 6.3451516982570226e-06

AL interation 832/5000.

mae: 0.0026554353198498574
max_error: 0.0288075798562204
variance: 6.3581822230479505e-06

AL interation 833/5000.

mae: 0.002656292342334382
max_error: 0.02882450196193531
variance: 6.365548039288983e-06

AL interation 834/5000.

mae: 0.0026520636694967836
max_error: 0.028595207706530346
variance: 6.32614829899852e-06

AL interation 835/5000.

mae: 0.0026525939696812203
max_error: 0.028589545025170082
variance: 6.333659448589056e-06

AL interation 836/5000.

mae: 0.0026547661762615464
max_error: 0.028520317129732575
variance: 6.345461785920874e-06

AL interation 837/5000.

mae: 0.002652550615252949
max_error: 0.028720937636535382
variance: 6.362946590493033e-06

AL interation 838/5000.

mae: 0.002645803301244996
max_error: 0.028961205680388957
variance: 6.398977542562132e-06

AL interation 839/5000.

mae: 0.002634081529278774
max_error: 0.029334424558328465
variance: 6.37138389179073e-06

AL interation 840/5000.

mae: 0.002632903666636594
max_error: 0.029309540750546148
variance: 6.370951982347539e-06

AL interation 841/5000.

mae: 0.0026359967434527788
max_error: 0.029466939180565532
variance: 6.384671195246262e-06

AL interation 842/5000.

mae: 0.0026272683948445775
max_error: 0.029626419160194928
variance: 6.383539438350491e-06

AL interation 843/5000.

mae: 0.002629793005174179
max_error: 0.02967895920301089
variance: 6.388153252994951e-06

AL interation 844/5000.

mae: 0.0026302268435383666
max_error: 0.02972322765708668
variance: 6.391930255557061e-06

AL interation 845/5000.

mae: 0.0026282291981897287
max_error: 0.029720054437348153
variance: 6.391450782547091e-06

AL interation 846/5000.

mae: 0.0026282122356788024
max_error: 0.029719930345891044
variance: 6.391400407792295e-06

AL interation 847/5000.

mae: 0.0026333865521346524
max_error: 0.0294896106570377
variance: 6.401360876704222e-06

AL interation 848/5000.

mae: 0.0026427670312050397
max_error: 0.029557083966210485
variance: 6.437844262366344e-06

AL interation 849/5000.

mae: 0.002642248674583243
max_error: 0.02954787815178861
variance: 6.4289306150314285e-06

AL interation 850/5000.

mae: 0.0026394585870602896
max_error: 0.029535445995861664
variance: 6.412950111630041e-06

AL interation 851/5000.

mae: 0.0026388787155447063
max_error: 0.029534375622461084
variance: 6.410382348818722e-06

AL interation 852/5000.

mae: 0.002638734012992245
max_error: 0.029532556727644987
variance: 6.410040501170611e-06

AL interation 853/5000.

mae: 0.002640645571983441
max_error: 0.029500937853299547
variance: 6.410728473986025e-06

AL interation 854/5000.

mae: 0.0026422056718474777
max_error: 0.029410570896288846
variance: 6.402827995177614e-06

AL interation 855/5000.

mae: 0.002625833778726701
max_error: 0.028567952489538584
variance: 6.379844007806218e-06

AL interation 856/5000.

mae: 0.0026261231418557144
max_error: 0.028499203486717306
variance: 6.3801591571954515e-06

AL interation 857/5000.

mae: 0.0026246282402662474
max_error: 0.028534294076962397
variance: 6.376798697240087e-06

AL interation 858/5000.

mae: 0.0026217803841391287
max_error: 0.02836332428341848
variance: 6.340655798454346e-06

AL interation 859/5000.

mae: 0.002622226088004027
max_error: 0.028361139940898283
variance: 6.337478827697969e-06

AL interation 860/5000.

mae: 0.0026218076007480705
max_error: 0.02838392761259456
variance: 6.3353583441310945e-06

AL interation 861/5000.

mae: 0.002631410038802642
max_error: 0.028292939630773617
variance: 6.339804947005619e-06

AL interation 862/5000.

mae: 0.0026327741553868692
max_error: 0.028378038570735953
variance: 6.3504308337157925e-06

AL interation 863/5000.

mae: 0.002631809798314862
max_error: 0.028411383402271895
variance: 6.345285385558342e-06

AL interation 864/5000.

mae: 0.0026311144853370934
max_error: 0.02835271255389671
variance: 6.34291213030499e-06

AL interation 865/5000.

mae: 0.0026365585699431905
max_error: 0.02804332782216079
variance: 6.306707064108577e-06

AL interation 866/5000.

mae: 0.0026374171158167884
max_error: 0.028046606577845523
variance: 6.3083305598280465e-06

AL interation 867/5000.

mae: 0.002635317945820134
max_error: 0.028015181314913207
variance: 6.289520238325798e-06

AL interation 868/5000.

mae: 0.0026368948089411787
max_error: 0.027653164601360913
variance: 6.2814904352901165e-06

AL interation 869/5000.

mae: 0.002635895627927312
max_error: 0.02765415008616401
variance: 6.278549704455938e-06

AL interation 870/5000.

mae: 0.002630016926200369
max_error: 0.027891065417861682
variance: 6.236677703120476e-06

AL interation 871/5000.

mae: 0.0026306508127809138
max_error: 0.027998897423458402
variance: 6.237331193013349e-06

AL interation 872/5000.

mae: 0.0026295604238011946
max_error: 0.027435165975475684
variance: 6.21355630408846e-06

AL interation 873/5000.

mae: 0.002629820668773391
max_error: 0.027606822575762635
variance: 6.243824586327241e-06

AL interation 874/5000.

mae: 0.0026337679011339786
max_error: 0.027618058295047376
variance: 6.254444391224885e-06

AL interation 875/5000.

mae: 0.0026321443427896156
max_error: 0.02770833436079556
variance: 6.2482675723765236e-06

AL interation 876/5000.

mae: 0.0026335155502001726
max_error: 0.027672919099131832
variance: 6.24647788810447e-06

AL interation 877/5000.

mae: 0.002631425722908716
max_error: 0.027598920478340006
variance: 6.249425712202342e-06

AL interation 878/5000.

mae: 0.002632821236408745
max_error: 0.027361984310118714
variance: 6.226935721649546e-06

AL interation 879/5000.

mae: 0.002621544646262919
max_error: 0.02712948847874941
variance: 6.250805439036426e-06

AL interation 880/5000.

mae: 0.0026169121988841655
max_error: 0.02723297423835902
variance: 6.2291812061296556e-06

AL interation 881/5000.

mae: 0.0026098715976813763
max_error: 0.027276303404505597
variance: 6.204371672423357e-06

AL interation 882/5000.

mae: 0.0026101262279071306
max_error: 0.02728236553593888
variance: 6.2048416375874915e-06

AL interation 883/5000.

mae: 0.002610300825792365
max_error: 0.027269539297776646
variance: 6.204455669425513e-06

AL interation 884/5000.

mae: 0.0026102099757154065
max_error: 0.027267783425486414
variance: 6.201194222146916e-06

AL interation 885/5000.

mae: 0.002610844872182497
max_error: 0.027235429297434166
variance: 6.216529011510655e-06

AL interation 886/5000.

mae: 0.0026106816040619377
max_error: 0.027090727717222762
variance: 6.190692164487562e-06

AL interation 887/5000.

mae: 0.0026101783025678743
max_error: 0.0270929637736117
variance: 6.194356456934822e-06

AL interation 888/5000.

mae: 0.0026102754449539136
max_error: 0.02714462186486344
variance: 6.197476270766328e-06

AL interation 889/5000.

mae: 0.0026032611510127027
max_error: 0.026981674589478644
variance: 6.162727225061904e-06

AL interation 890/5000.

mae: 0.0026029206535067716
max_error: 0.02698044841963565
variance: 6.1618395415888634e-06

AL interation 891/5000.

mae: 0.002596747368573233
max_error: 0.02634877266245894
variance: 6.098204300878979e-06

AL interation 892/5000.

mae: 0.0025953525013437686
max_error: 0.02634587626744178
variance: 6.066089954535708e-06

AL interation 893/5000.

mae: 0.0025919314309930997
max_error: 0.026376663910923526
variance: 6.052285177256286e-06

AL interation 894/5000.

mae: 0.002590289557019787
max_error: 0.026457120446139015
variance: 6.043958592377308e-06

AL interation 895/5000.

mae: 0.002587295986438221
max_error: 0.026385282249975717
variance: 6.0347754451849615e-06

AL interation 896/5000.

mae: 0.0025874530313903963
max_error: 0.026408783876831876
variance: 6.0360737505764605e-06

AL interation 897/5000.

mae: 0.002587995446127934
max_error: 0.026452792779309675
variance: 6.037612426903922e-06

AL interation 898/5000.

mae: 0.002588684036789346
max_error: 0.026445632860486512
variance: 6.037471771795347e-06

AL interation 899/5000.

mae: 0.00258785950395486
max_error: 0.026423606021126034
variance: 6.034708130058532e-06

AL interation 900/5000.

mae: 0.0025887056910041794
max_error: 0.026508989394642413
variance: 6.03938579442664e-06

AL interation 901/5000.

mae: 0.002589250418075608
max_error: 0.02629611977317836
variance: 6.038007911012609e-06

AL interation 902/5000.

mae: 0.002578807758065523
max_error: 0.02601135547593003
variance: 5.985132912922168e-06

AL interation 903/5000.

mae: 0.0025788691256757373
max_error: 0.026002141772551113
variance: 5.984059697327452e-06

AL interation 904/5000.

mae: 0.0025796566817489295
max_error: 0.02594990730722202
variance: 5.989301193369753e-06

AL interation 905/5000.

mae: 0.0025760237557879008
max_error: 0.025843857294603367
variance: 5.977742308335031e-06

AL interation 906/5000.

mae: 0.0025724856393426307
max_error: 0.02613311981804145
variance: 5.983185507165098e-06

AL interation 907/5000.

mae: 0.0025695317236650228
max_error: 0.026207129933027318
variance: 5.975092669027052e-06

AL interation 908/5000.

mae: 0.0025706791943721327
max_error: 0.026141469139474793
variance: 5.992751127832141e-06

AL interation 909/5000.

mae: 0.002571114527656391
max_error: 0.026023366141089355
variance: 5.991938857726616e-06

AL interation 910/5000.

mae: 0.0025718616309995924
max_error: 0.02573882720207621
variance: 5.996473490179081e-06

AL interation 911/5000.

mae: 0.002572027696274745
max_error: 0.025703953539050417
variance: 6.007055727086078e-06

AL interation 912/5000.

mae: 0.002570447619722472
max_error: 0.026125258693355136
variance: 6.027401679774396e-06

AL interation 913/5000.

mae: 0.0025707453050827097
max_error: 0.026122211729671108
variance: 6.029417818638275e-06

AL interation 914/5000.

mae: 0.002564518086219323
max_error: 0.026620453892974183
variance: 6.0219771509867345e-06

AL interation 915/5000.

mae: 0.0025613028261368526
max_error: 0.026622637025866425
variance: 6.041582598263432e-06

AL interation 916/5000.

mae: 0.002561233292093675
max_error: 0.026645794594514882
variance: 6.0429578098694846e-06

AL interation 917/5000.

mae: 0.002567016180954852
max_error: 0.026545383374468656
variance: 6.039652152192838e-06

AL interation 918/5000.

mae: 0.00256853958751617
max_error: 0.026559585548966425
variance: 6.06618199032996e-06

AL interation 919/5000.

mae: 0.0025699442059467404
max_error: 0.02656117533115321
variance: 6.065492132178495e-06

AL interation 920/5000.

mae: 0.002570741071561315
max_error: 0.026366931870143162
variance: 6.040258274614401e-06

AL interation 921/5000.

mae: 0.002569571042836287
max_error: 0.026403183706861455
variance: 6.041018031919494e-06

AL interation 922/5000.

mae: 0.00256635802987239
max_error: 0.026249436181387864
variance: 6.032467296725931e-06

AL interation 923/5000.

mae: 0.0025438039226010007
max_error: 0.026517332014918793
variance: 5.987031021505042e-06

AL interation 924/5000.

mae: 0.0025432841356387145
max_error: 0.026618480831530178
variance: 5.98933312827491e-06

AL interation 925/5000.

mae: 0.002548418805547044
max_error: 0.026255214794218773
variance: 5.970881174536477e-06

AL interation 926/5000.

mae: 0.002551291017874064
max_error: 0.026230811006826116
variance: 5.974173994243488e-06

AL interation 927/5000.

mae: 0.002551791769465126
max_error: 0.02624649881545338
variance: 5.977297901077768e-06

AL interation 928/5000.

mae: 0.0025474019082548692
max_error: 0.02628301262666355
variance: 5.968633099998902e-06

AL interation 929/5000.

mae: 0.0025469657148260013
max_error: 0.026298535984096816
variance: 5.964236148835202e-06

AL interation 930/5000.

mae: 0.0025453655677829374
max_error: 0.026226890164252836
variance: 5.967368870583073e-06

AL interation 931/5000.

mae: 0.0025461843219873118
max_error: 0.02619112765387399
variance: 5.954347494438674e-06

AL interation 932/5000.

mae: 0.0025468089717624025
max_error: 0.026280663052602904
variance: 5.962468481875934e-06

AL interation 933/5000.

mae: 0.0025467256702977467
max_error: 0.026261566101311473
variance: 5.960267402989057e-06

AL interation 934/5000.

mae: 0.0025450592845963913
max_error: 0.02621628757697181
variance: 5.957886526589235e-06

AL interation 935/5000.

mae: 0.0025445736939636848
max_error: 0.02622018465262954
variance: 5.947440859271217e-06

AL interation 936/5000.

mae: 0.00254698014443602
max_error: 0.02642904152526171
variance: 5.962128995842017e-06

AL interation 937/5000.

mae: 0.002545234911805892
max_error: 0.026358818202425027
variance: 5.922444745663043e-06

AL interation 938/5000.

mae: 0.0025456146877895665
max_error: 0.02636857125980896
variance: 5.92306150484663e-06

AL interation 939/5000.

mae: 0.0025419092374231694
max_error: 0.025980812908528605
variance: 5.900408919331908e-06

AL interation 940/5000.

mae: 0.002541099545434918
max_error: 0.025951275005354546
variance: 5.897169048678246e-06

AL interation 941/5000.

mae: 0.0025412732138102
max_error: 0.026049830452393508
variance: 5.894713893718858e-06

AL interation 942/5000.

mae: 0.002547252889646188
max_error: 0.02567012912913924
variance: 5.915395765224126e-06

AL interation 943/5000.

mae: 0.0025474135824588304
max_error: 0.02567962644752697
variance: 5.913604562236124e-06

AL interation 944/5000.

mae: 0.0025459010895056053
max_error: 0.025732637146575144
variance: 5.921017734486347e-06

AL interation 945/5000.

mae: 0.0025454830092339763
max_error: 0.02579831291222945
variance: 5.946805707963513e-06

AL interation 946/5000.

mae: 0.0025451935091496125
max_error: 0.025798304293857655
variance: 5.946144165360914e-06

AL interation 947/5000.

mae: 0.0025444001307050714
max_error: 0.02586289336977643
variance: 5.955934903201779e-06

AL interation 948/5000.

mae: 0.0025430079380639654
max_error: 0.025875034916680306
variance: 5.950923263257585e-06

AL interation 949/5000.

mae: 0.002542201586824376
max_error: 0.025830906270130072
variance: 5.9495005371336916e-06

AL interation 950/5000.

mae: 0.002546920765579671
max_error: 0.02596581679972587
variance: 5.973146374537551e-06

AL interation 951/5000.

mae: 0.002547222434473042
max_error: 0.025999121091444977
variance: 5.982013150617404e-06

AL interation 952/5000.

mae: 0.0025505821409351486
max_error: 0.02635902325710049
variance: 5.99106306623031e-06

AL interation 953/5000.

mae: 0.0025505429637287308
max_error: 0.026361277312389575
variance: 5.990170997088315e-06

AL interation 954/5000.

mae: 0.0025512681569998677
max_error: 0.026367135877080727
variance: 5.99322172685883e-06

AL interation 955/5000.

mae: 0.002550364665556117
max_error: 0.02629441333192517
variance: 5.9852200076082266e-06

AL interation 956/5000.

mae: 0.0025507428629516654
max_error: 0.026346214795921696
variance: 5.983622787136312e-06

AL interation 957/5000.

mae: 0.0025457933530815356
max_error: 0.025832435283518862
variance: 5.948930126597864e-06

AL interation 958/5000.

mae: 0.002551810397624649
max_error: 0.026373590579169104
variance: 5.9691399253657175e-06

AL interation 959/5000.

mae: 0.0025512535827992905
max_error: 0.02622357903237571
variance: 5.96725850615147e-06

AL interation 960/5000.

mae: 0.002551035451363532
max_error: 0.02617764145907131
variance: 5.98673313467273e-06

AL interation 961/5000.

mae: 0.0025526648221220966
max_error: 0.026075375844811788
variance: 6.00951278359859e-06

AL interation 962/5000.

mae: 0.0025475923060539573
max_error: 0.02609761188432458
variance: 6.05462168510249e-06

AL interation 963/5000.

mae: 0.002547622205313928
max_error: 0.02609773386939196
variance: 6.05495659379601e-06

AL interation 964/5000.

mae: 0.0025492216687389374
max_error: 0.02613182556888205
variance: 6.0603717754117895e-06

AL interation 965/5000.

mae: 0.0025562836924791555
max_error: 0.026201345179288182
variance: 6.0725894594588e-06

AL interation 966/5000.

mae: 0.0025484155438689413
max_error: 0.026196790215180954
variance: 6.065071820965922e-06

AL interation 967/5000.

mae: 0.0025485568695276014
max_error: 0.02616638246763614
variance: 6.059853061148546e-06

AL interation 968/5000.

mae: 0.002547059497012015
max_error: 0.02642772474064259
variance: 6.06691180412853e-06

AL interation 969/5000.

mae: 0.002548461666921867
max_error: 0.026380008002888644
variance: 6.083293972815243e-06

AL interation 970/5000.

mae: 0.0025486783159458354
max_error: 0.026378228176326957
variance: 6.084026926490962e-06

AL interation 971/5000.

mae: 0.002543448488136164
max_error: 0.026457965268491535
variance: 6.077025572837528e-06

AL interation 972/5000.

mae: 0.0025436128322207877
max_error: 0.02645454760931898
variance: 6.077500712730919e-06

AL interation 973/5000.

mae: 0.002543730337211855
max_error: 0.026350001338869333
variance: 6.072603642953978e-06

AL interation 974/5000.

mae: 0.002553603844382451
max_error: 0.026271834118233528
variance: 6.0849383877313685e-06

AL interation 975/5000.

mae: 0.0025551684503489014
max_error: 0.02632923692362965
variance: 6.0895145956018775e-06

AL interation 976/5000.

mae: 0.002553843590468205
max_error: 0.026274266805558
variance: 6.094759216101878e-06

AL interation 977/5000.

mae: 0.002553001591069915
max_error: 0.02628900260970113
variance: 6.086383559605552e-06

AL interation 978/5000.

mae: 0.002553239925935486
max_error: 0.026285441512300167
variance: 6.087623273352371e-06

AL interation 979/5000.

mae: 0.0025545905334229246
max_error: 0.026146034251723904
variance: 6.082563302537803e-06

AL interation 980/5000.

mae: 0.0025548741107395473
max_error: 0.026130116068088682
variance: 6.083736138136552e-06

AL interation 981/5000.

mae: 0.002555126385058429
max_error: 0.026127654538868228
variance: 6.080044335951617e-06

AL interation 982/5000.

mae: 0.002558961673046724
max_error: 0.026168405722273747
variance: 6.06688565347406e-06

AL interation 983/5000.

mae: 0.0025602491061590626
max_error: 0.02630358503665775
variance: 6.063000833900659e-06

AL interation 984/5000.

mae: 0.0025649446688948956
max_error: 0.026345268674049294
variance: 6.068739770849763e-06

AL interation 985/5000.

mae: 0.0025620278213109486
max_error: 0.026384691373095848
variance: 6.0741465353810606e-06

AL interation 986/5000.

mae: 0.002558912035839967
max_error: 0.026316296291042818
variance: 6.068249161612664e-06

AL interation 987/5000.

mae: 0.0025571558975998414
max_error: 0.026365797199105145
variance: 6.0632346613191155e-06

AL interation 988/5000.

mae: 0.0025557773459140665
max_error: 0.026138364013604587
variance: 6.044966756448113e-06

AL interation 989/5000.

mae: 0.002555712752287036
max_error: 0.02614493254441186
variance: 6.04527447633372e-06

AL interation 990/5000.

mae: 0.002557423613834544
max_error: 0.026344230587710626
variance: 6.044529580650131e-06

AL interation 991/5000.

mae: 0.0025583124316990507
max_error: 0.026702914794441313
variance: 6.081997848705331e-06

AL interation 992/5000.

mae: 0.0025613193831150057
max_error: 0.026697157318267273
variance: 6.079862892975748e-06

AL interation 993/5000.

mae: 0.002561571808538247
max_error: 0.026694160187616944
variance: 6.0808036924974435e-06

AL interation 994/5000.

mae: 0.002562682068792128
max_error: 0.02642122545876191
variance: 6.0911865260368195e-06

AL interation 995/5000.

mae: 0.002561300974263759
max_error: 0.026355352347309235
variance: 6.079037417939136e-06

AL interation 996/5000.

mae: 0.002562588040164883
max_error: 0.02627773745552986
variance: 6.072823684251721e-06

AL interation 997/5000.

mae: 0.002564413055942168
max_error: 0.026417055079946294
variance: 6.0896228356229555e-06

AL interation 998/5000.

mae: 0.0025636703221553034
max_error: 0.02612862192108878
variance: 6.074660050400935e-06

AL interation 999/5000.

mae: 0.0025592262115414995
max_error: 0.025846964865195332
variance: 6.0509770943579895e-06

AL interation 1000/5000.

mae: 0.00255719485303689
max_error: 0.02539418256856152
variance: 6.005380662773184e-06

AL interation 1001/5000.

mae: 0.0025582484828219096
max_error: 0.025344532998133218
variance: 6.005137820978338e-06

AL interation 1002/5000.

mae: 0.0025582471225534392
max_error: 0.02532254149991786
variance: 6.002943786389225e-06

AL interation 1003/5000.

mae: 0.0025587624389045234
max_error: 0.025249841830373043
variance: 6.001926307241434e-06

AL interation 1004/5000.

mae: 0.002555740811812939
max_error: 0.025421420748898527
variance: 5.996660164710109e-06

AL interation 1005/5000.

mae: 0.0025583485102879423
max_error: 0.025537560428347206
variance: 6.008007615973664e-06

AL interation 1006/5000.

mae: 0.0025582413857391656
max_error: 0.025533059608278563
variance: 6.003177606807586e-06

AL interation 1007/5000.

mae: 0.0025578040276295726
max_error: 0.02559532293889788
variance: 6.005364965186934e-06

AL interation 1008/5000.

mae: 0.0025584750382977293
max_error: 0.025310692133643897
variance: 5.9905024943603986e-06

AL interation 1009/5000.

mae: 0.0025577619881223656
max_error: 0.024859147877577925
variance: 5.997152060469852e-06

AL interation 1010/5000.

mae: 0.0025556384762767267
max_error: 0.025026240466104355
variance: 5.979854860473222e-06

AL interation 1011/5000.

mae: 0.0025556719166188488
max_error: 0.025053671890418627
variance: 5.980913858094186e-06

AL interation 1012/5000.

mae: 0.002557475203992908
max_error: 0.02518073832106893
variance: 5.963929142783348e-06

AL interation 1013/5000.

mae: 0.002549463999677755
max_error: 0.02525879045788315
variance: 5.9568135849298495e-06

AL interation 1014/5000.

mae: 0.0025477974805471603
max_error: 0.025534227348543936
variance: 5.966387460868506e-06

AL interation 1015/5000.

mae: 0.0025436473747386117
max_error: 0.024691693193744868
variance: 5.941490682099223e-06

AL interation 1016/5000.

mae: 0.0025420574861809656
max_error: 0.024977671031592763
variance: 5.93189331221163e-06

AL interation 1017/5000.

mae: 0.002541972791645094
max_error: 0.024966502300230786
variance: 5.929842571306976e-06

AL interation 1018/5000.

mae: 0.002540013550990807
max_error: 0.02500523058552062
variance: 5.925038169295704e-06

AL interation 1019/5000.

mae: 0.0025442771063890176
max_error: 0.02515896927434369
variance: 5.934543155265809e-06

AL interation 1020/5000.

mae: 0.002543876775179342
max_error: 0.025134825193163124
variance: 5.934857648942694e-06

AL interation 1021/5000.

mae: 0.0025452300209108216
max_error: 0.02511170634898008
variance: 5.929363079625973e-06

AL interation 1022/5000.

mae: 0.0025465204706752046
max_error: 0.024867711026672623
variance: 5.9172637178366835e-06

AL interation 1023/5000.

mae: 0.0025472439891609613
max_error: 0.024961221341072815
variance: 5.930263549264907e-06

AL interation 1024/5000.

mae: 0.0025426187141820264
max_error: 0.024803535228784312
variance: 5.943340069443552e-06

AL interation 1025/5000.

mae: 0.002534200292649075
max_error: 0.024605102466011886
variance: 5.935361502230205e-06

AL interation 1026/5000.

mae: 0.002534389621601804
max_error: 0.02454193182165909
variance: 5.957179421207168e-06

AL interation 1027/5000.

mae: 0.0025343320942320135
max_error: 0.02438523981254548
variance: 5.928111559456149e-06

AL interation 1028/5000.

mae: 0.0025355100086972017
max_error: 0.02440617913271126
variance: 5.930625968688564e-06

AL interation 1029/5000.

mae: 0.002535543746073927
max_error: 0.02440766807376349
variance: 5.930495629623653e-06

AL interation 1030/5000.

mae: 0.0025349668049002502
max_error: 0.02440075434242317
variance: 5.927835862425805e-06

AL interation 1031/5000.

mae: 0.002532714502003728
max_error: 0.02428583800610795
variance: 5.930527753643514e-06

AL interation 1032/5000.

mae: 0.00253270911794516
max_error: 0.024547493430873146
variance: 5.942060934303292e-06

AL interation 1033/5000.

mae: 0.0025353387758432293
max_error: 0.024650046274473425
variance: 5.91999788310856e-06

AL interation 1034/5000.

mae: 0.00253812203461257
max_error: 0.02436534158186987
variance: 5.936976094203243e-06

AL interation 1035/5000.

mae: 0.0025382761514674713
max_error: 0.024369933889829554
variance: 5.93645005826273e-06

AL interation 1036/5000.

mae: 0.0025379397722745125
max_error: 0.024349655403057113
variance: 5.9307067581638e-06

AL interation 1037/5000.

mae: 0.0025353729945745726
max_error: 0.02474405569228111
variance: 5.929899544315078e-06

AL interation 1038/5000.

mae: 0.0025352055691791977
max_error: 0.02467988317584968
variance: 5.9341692584630585e-06

AL interation 1039/5000.

mae: 0.002534632784570931
max_error: 0.02474674095537921
variance: 5.930828457561003e-06

AL interation 1040/5000.

mae: 0.00253412072534411
max_error: 0.024767505270574475
variance: 5.924561374737082e-06

AL interation 1041/5000.

mae: 0.002533747010109437
max_error: 0.024988561652207864
variance: 5.9087764589116e-06

AL interation 1042/5000.

mae: 0.002533933970265025
max_error: 0.025029343409187277
variance: 5.9063957446439565e-06

AL interation 1043/5000.

mae: 0.0025343194230126754
max_error: 0.024966093777038623
variance: 5.86928649048256e-06

AL interation 1044/5000.

mae: 0.002534405340016747
max_error: 0.024856927921064198
variance: 5.860975425574867e-06

AL interation 1045/5000.

mae: 0.002533723590581758
max_error: 0.02487323746936454
variance: 5.858428148612355e-06

AL interation 1046/5000.

mae: 0.002536439936141505
max_error: 0.024885453614842845
variance: 5.869513696291376e-06

AL interation 1047/5000.

mae: 0.0025360442977071214
max_error: 0.02491801680844219
variance: 5.872805856588352e-06

AL interation 1048/5000.

mae: 0.002535723815694837
max_error: 0.024524973288862384
variance: 5.868780918783106e-06

AL interation 1049/5000.

mae: 0.0025349752164847816
max_error: 0.02455386912333779
variance: 5.8624067116699246e-06

AL interation 1050/5000.

mae: 0.002534328360876316
max_error: 0.024550946618546732
variance: 5.8658475052344076e-06

AL interation 1051/5000.

mae: 0.0025336257462504363
max_error: 0.024456843224470504
variance: 5.879122434148649e-06

AL interation 1052/5000.

mae: 0.0025172225782353055
max_error: 0.024590142969827866
variance: 5.770417552939612e-06

AL interation 1053/5000.

mae: 0.0025225650318598126
max_error: 0.02462947427557083
variance: 5.791711592663627e-06

AL interation 1054/5000.

mae: 0.00252281409938314
max_error: 0.024588866557678557
variance: 5.791474980879602e-06

AL interation 1055/5000.

mae: 0.0025192705285726332
max_error: 0.025970364984459593
variance: 5.664647648479584e-06

AL interation 1056/5000.

mae: 0.002519431470966083
max_error: 0.026011349145846907
variance: 5.6647205460538196e-06

AL interation 1057/5000.

mae: 0.0025214063631146927
max_error: 0.026055760790768545
variance: 5.658493452542096e-06

AL interation 1058/5000.

mae: 0.0025204190648346414
max_error: 0.02603562528202019
variance: 5.6526062475939406e-06

AL interation 1059/5000.

mae: 0.0025150882669258863
max_error: 0.02623642818252847
variance: 5.640612095518706e-06

AL interation 1060/5000.

mae: 0.0025032163837577174
max_error: 0.026210349202301586
variance: 5.592990943199234e-06

AL interation 1061/5000.

mae: 0.0025040109935625878
max_error: 0.026193473959210678
variance: 5.596570899756934e-06

AL interation 1062/5000.

mae: 0.0025039534004436064
max_error: 0.02614095814351458
variance: 5.592438238074065e-06

AL interation 1063/5000.

mae: 0.002504957180998645
max_error: 0.026105580236617243
variance: 5.599928158722884e-06

AL interation 1064/5000.

mae: 0.002505222616227002
max_error: 0.026099395554410876
variance: 5.598830727056758e-06

AL interation 1065/5000.

mae: 0.0024902056720820837
max_error: 0.025600838718673913
variance: 5.559654771955105e-06

AL interation 1066/5000.

mae: 0.0024880673871712135
max_error: 0.025607602086893166
variance: 5.533654693305132e-06

AL interation 1067/5000.

mae: 0.002487274010270994
max_error: 0.025531439614496776
variance: 5.5375350593362316e-06

AL interation 1068/5000.

mae: 0.0024855672220073757
max_error: 0.025302499956524116
variance: 5.5293494082770495e-06

AL interation 1069/5000.

mae: 0.002482923791561916
max_error: 0.02521132790207048
variance: 5.529621840773309e-06

AL interation 1070/5000.

mae: 0.002482012988173665
max_error: 0.02513015033218835
variance: 5.525351016502866e-06

AL interation 1071/5000.

mae: 0.0024822279821173653
max_error: 0.02514579255694116
variance: 5.5249481081193874e-06

AL interation 1072/5000.

mae: 0.002482090365579097
max_error: 0.025198300454576383
variance: 5.523853306310189e-06

AL interation 1073/5000.

mae: 0.002480217187998278
max_error: 0.02509138132336375
variance: 5.5130486965088246e-06

AL interation 1074/5000.

mae: 0.002479616941084714
max_error: 0.025167585898088873
variance: 5.502308588995283e-06

AL interation 1075/5000.

mae: 0.002479725562562635
max_error: 0.02516744986678532
variance: 5.504176050601604e-06

AL interation 1076/5000.

mae: 0.0024804820826730065
max_error: 0.025240775234124158
variance: 5.507741839900654e-06

AL interation 1077/5000.

mae: 0.002479138957329269
max_error: 0.025290837182183168
variance: 5.5038473267979555e-06

AL interation 1078/5000.

mae: 0.0024790242690769446
max_error: 0.025257123228584533
variance: 5.501827326379437e-06

AL interation 1079/5000.

mae: 0.002478438833063592
max_error: 0.025320496171843843
variance: 5.4964207939545764e-06

AL interation 1080/5000.

mae: 0.0024866342189779973
max_error: 0.025586873411157285
variance: 5.469151372098075e-06

AL interation 1081/5000.

mae: 0.002487017708695021
max_error: 0.02570558300067205
variance: 5.498750630073756e-06

AL interation 1082/5000.

mae: 0.00248807660518105
max_error: 0.025823862373727025
variance: 5.485178062177438e-06

AL interation 1083/5000.

mae: 0.002484755033940928
max_error: 0.02595265784111689
variance: 5.491141905942302e-06

AL interation 1084/5000.

mae: 0.002485122926657823
max_error: 0.026144690842556884
variance: 5.499688261805295e-06

AL interation 1085/5000.

mae: 0.002483785227894259
max_error: 0.026121510010852944
variance: 5.490117210118421e-06

AL interation 1086/5000.

mae: 0.002481865999393449
max_error: 0.026082130027134554
variance: 5.4782121499128595e-06

AL interation 1087/5000.

mae: 0.002482206056526593
max_error: 0.02600464595707308
variance: 5.499498060698361e-06

AL interation 1088/5000.

mae: 0.0024828984235591633
max_error: 0.025983676061514416
variance: 5.503448004797996e-06

AL interation 1089/5000.

mae: 0.002484949265234718
max_error: 0.026235975497911568
variance: 5.56362630616816e-06

AL interation 1090/5000.

mae: 0.002484860800354909
max_error: 0.026234935778120416
variance: 5.5625663013868784e-06

AL interation 1091/5000.

mae: 0.0024846228015885574
max_error: 0.025954782284316025
variance: 5.571082258957597e-06

AL interation 1092/5000.

mae: 0.0024832293252038656
max_error: 0.026149111554332194
variance: 5.519823310537754e-06

AL interation 1093/5000.

mae: 0.0024820304835375282
max_error: 0.02626269445499929
variance: 5.519215418850054e-06

AL interation 1094/5000.

mae: 0.002482064459501089
max_error: 0.026394480131784803
variance: 5.5136835915961915e-06

AL interation 1095/5000.

mae: 0.0024819887970797937
max_error: 0.02639082804125792
variance: 5.513220792796149e-06

AL interation 1096/5000.

mae: 0.002481827424967378
max_error: 0.026382502021078835
variance: 5.513173199241198e-06

AL interation 1097/5000.

mae: 0.002482300122946981
max_error: 0.026392413847133867
variance: 5.5184434053953215e-06

AL interation 1098/5000.

mae: 0.002480496723889701
max_error: 0.026332936993640033
variance: 5.506142357006691e-06

AL interation 1099/5000.

mae: 0.0024735575574777614
max_error: 0.026292956468751072
variance: 5.492826068175679e-06

AL interation 1100/5000.

mae: 0.0024738849791237955
max_error: 0.026226407791909878
variance: 5.485043567068557e-06

AL interation 1101/5000.

mae: 0.0024714137602313713
max_error: 0.026303115560949664
variance: 5.478833096011696e-06

AL interation 1102/5000.

mae: 0.0024642081774572944
max_error: 0.026326155957576702
variance: 5.451741693193365e-06

AL interation 1103/5000.

mae: 0.0024667360118537547
max_error: 0.026263761226800852
variance: 5.455573581188051e-06

AL interation 1104/5000.

mae: 0.0024664987454989388
max_error: 0.026257534709657193
variance: 5.455895651900167e-06

AL interation 1105/5000.

mae: 0.002466231886703099
max_error: 0.026209093206489342
variance: 5.473929554032187e-06

AL interation 1106/5000.

mae: 0.002472066867929243
max_error: 0.02612387089357071
variance: 5.470827036553315e-06

AL interation 1107/5000.

mae: 0.002471375029586852
max_error: 0.02613110670245078
variance: 5.469357084199916e-06

AL interation 1108/5000.

mae: 0.002471443570260817
max_error: 0.026133470064451103
variance: 5.469796558172231e-06

AL interation 1109/5000.

mae: 0.0024683005747328933
max_error: 0.026280304553438327
variance: 5.44275224101094e-06

AL interation 1110/5000.

mae: 0.0024677957700050684
max_error: 0.026258134965246427
variance: 5.445363838472138e-06

AL interation 1111/5000.

mae: 0.002469708461505434
max_error: 0.026251156587022706
variance: 5.443246676444508e-06

AL interation 1112/5000.

mae: 0.0024708518707102487
max_error: 0.026213688417556114
variance: 5.442784483264532e-06

AL interation 1113/5000.

mae: 0.0024707336517531078
max_error: 0.026216011230644654
variance: 5.442708495068352e-06

AL interation 1114/5000.

mae: 0.0024744339771768866
max_error: 0.026091629353686585
variance: 5.448063060304832e-06

AL interation 1115/5000.

mae: 0.002472690090854485
max_error: 0.026070765319673228
variance: 5.447859564406263e-06

AL interation 1116/5000.

mae: 0.0024734646772703855
max_error: 0.025944692910343292
variance: 5.448114565066402e-06

AL interation 1117/5000.

mae: 0.0024723010038615032
max_error: 0.026112725618077093
variance: 5.449582439405729e-06

AL interation 1118/5000.

mae: 0.0024733793051473184
max_error: 0.026004798824942554
variance: 5.465017443314472e-06

AL interation 1119/5000.

mae: 0.0024732781003604033
max_error: 0.026034783752038493
variance: 5.461823370334446e-06

AL interation 1120/5000.

mae: 0.0024749355069261583
max_error: 0.02604976610200538
variance: 5.464800485320572e-06

AL interation 1121/5000.

mae: 0.002474546279468996
max_error: 0.02603255268513749
variance: 5.463456375434948e-06

AL interation 1122/5000.

mae: 0.002473779584440308
max_error: 0.026169710430622217
variance: 5.454244024957926e-06

AL interation 1123/5000.

mae: 0.002479276278518228
max_error: 0.026203234350759885
variance: 5.458092706710613e-06

AL interation 1124/5000.

mae: 0.002479221919103111
max_error: 0.026223478993415483
variance: 5.459027778501605e-06

AL interation 1125/5000.

mae: 0.0024785561687704102
max_error: 0.02625131155764393
variance: 5.458992070794612e-06

AL interation 1126/5000.

mae: 0.002473911483226402
max_error: 0.02619113604851009
variance: 5.449744570836039e-06

AL interation 1127/5000.

mae: 0.0024796175057235814
max_error: 0.026053941141071846
variance: 5.478440349014973e-06

AL interation 1128/5000.

mae: 0.0024799919755259907
max_error: 0.026045734595754766
variance: 5.481470122963807e-06

AL interation 1129/5000.

mae: 0.0024804049178537755
max_error: 0.02616947126261948
variance: 5.5095770096629e-06

AL interation 1130/5000.

mae: 0.002481047968642997
max_error: 0.026142339485886623
variance: 5.506624785226953e-06

AL interation 1131/5000.

mae: 0.002479808952395615
max_error: 0.026044710002679494
variance: 5.5012732414593536e-06

AL interation 1132/5000.

mae: 0.0024783451463681557
max_error: 0.025812321337070898
variance: 5.478687973136276e-06

AL interation 1133/5000.

mae: 0.002482885100512249
max_error: 0.025731735544468393
variance: 5.479859360057833e-06

AL interation 1134/5000.

mae: 0.002482463436042963
max_error: 0.025670304525192478
variance: 5.486497975644606e-06

AL interation 1135/5000.

mae: 0.0024835557643618812
max_error: 0.02562714083433093
variance: 5.469368625569937e-06

AL interation 1136/5000.

mae: 0.0024798583704396153
max_error: 0.02559692871182051
variance: 5.47505166375109e-06

AL interation 1137/5000.

mae: 0.0024782282481874062
max_error: 0.025538151008731802
variance: 5.491225372440002e-06

AL interation 1138/5000.

mae: 0.0024789469642664697
max_error: 0.025564830508301384
variance: 5.495612531741105e-06

AL interation 1139/5000.

mae: 0.0024789087120061595
max_error: 0.025566377475115587
variance: 5.496510844334768e-06

AL interation 1140/5000.

mae: 0.0024759522074609777
max_error: 0.025811482528297347
variance: 5.512671474135602e-06

AL interation 1141/5000.

mae: 0.002476308630233689
max_error: 0.02595479690171487
variance: 5.521465520808115e-06

AL interation 1142/5000.

mae: 0.0024774224088760094
max_error: 0.02565904512630368
variance: 5.5256703242031674e-06

AL interation 1143/5000.

mae: 0.002478976032170067
max_error: 0.02552649855533673
variance: 5.522175517700482e-06

AL interation 1144/5000.

mae: 0.0024801404262088907
max_error: 0.02550166077526228
variance: 5.533703132473517e-06

AL interation 1145/5000.

mae: 0.0024821435218818806
max_error: 0.02555024662251526
variance: 5.534354492173214e-06

AL interation 1146/5000.

mae: 0.0024816579188809557
max_error: 0.02562679256334377
variance: 5.539472019260524e-06

AL interation 1147/5000.

mae: 0.0024778359439997077
max_error: 0.02533717199730745
variance: 5.505057089494619e-06

AL interation 1148/5000.

mae: 0.0024787879629348027
max_error: 0.02555671097979939
variance: 5.5160768413793595e-06

AL interation 1149/5000.

mae: 0.002480681416626794
max_error: 0.025192307906763745
variance: 5.489560156801467e-06

AL interation 1150/5000.

mae: 0.002474136240974076
max_error: 0.02537337706053222
variance: 5.466293399764618e-06

AL interation 1151/5000.

mae: 0.002474268051587387
max_error: 0.0253672412418382
variance: 5.465847843062543e-06

AL interation 1152/5000.

mae: 0.002472090803336869
max_error: 0.025353002120027668
variance: 5.4590239995919355e-06

AL interation 1153/5000.

mae: 0.0024723329014623235
max_error: 0.02536045621491212
variance: 5.4616655474165626e-06

AL interation 1154/5000.

mae: 0.00247479733748969
max_error: 0.025309673756055417
variance: 5.469627062268587e-06

AL interation 1155/5000.

mae: 0.0024717564290394874
max_error: 0.024977108803796
variance: 5.477227051556992e-06

AL interation 1156/5000.

mae: 0.0024708287347084477
max_error: 0.025130330910542398
variance: 5.4706487160203575e-06

AL interation 1157/5000.

mae: 0.002470221914504691
max_error: 0.02504008489449916
variance: 5.495837509816033e-06

AL interation 1158/5000.

mae: 0.0024659241462068166
max_error: 0.025093623973589274
variance: 5.474480880389037e-06

AL interation 1159/5000.

mae: 0.002467120460924889
max_error: 0.024888207173717092
variance: 5.462684310314697e-06

AL interation 1160/5000.

mae: 0.0024707167936130646
max_error: 0.024669117456141976
variance: 5.4705140675659195e-06

AL interation 1161/5000.

mae: 0.0024707228382139877
max_error: 0.02465095326442679
variance: 5.472112773331777e-06

AL interation 1162/5000.

mae: 0.002468900595548803
max_error: 0.0244980704937916
variance: 5.471438263847183e-06

AL interation 1163/5000.

mae: 0.0024708461974196324
max_error: 0.024138726532328292
variance: 5.473991830729255e-06

AL interation 1164/5000.

mae: 0.002471063904043149
max_error: 0.024237615272795665
variance: 5.47321558012498e-06

AL interation 1165/5000.

mae: 0.002470160788641806
max_error: 0.024217168755058083
variance: 5.473733074165699e-06

AL interation 1166/5000.

mae: 0.0024738062079486555
max_error: 0.02413638103644189
variance: 5.468064598735236e-06

AL interation 1167/5000.

mae: 0.002473908998028492
max_error: 0.02412744433422631
variance: 5.468186921104782e-06

AL interation 1168/5000.

mae: 0.002473917534566681
max_error: 0.024133144090228598
variance: 5.469190869150832e-06

AL interation 1169/5000.

mae: 0.002468288436052717
max_error: 0.02365171788733278
variance: 5.457949853044143e-06

AL interation 1170/5000.

mae: 0.0024676597064244563
max_error: 0.02362294210070104
variance: 5.4451796201749675e-06

AL interation 1171/5000.

mae: 0.0024663977642594547
max_error: 0.02367631025663286
variance: 5.4360583355673745e-06

AL interation 1172/5000.

mae: 0.002467428999335425
max_error: 0.023587566933201742
variance: 5.432708708275043e-06

AL interation 1173/5000.

mae: 0.0024648198435706947
max_error: 0.02350130953163898
variance: 5.415958003250811e-06

AL interation 1174/5000.

mae: 0.002468138216213447
max_error: 0.023917527754747425
variance: 5.441080994745765e-06

AL interation 1175/5000.

mae: 0.0024683452108838536
max_error: 0.02383489260864735
variance: 5.445716005686031e-06

AL interation 1176/5000.

mae: 0.0024672664414101745
max_error: 0.023422847500114585
variance: 5.399668703778007e-06

AL interation 1177/5000.

mae: 0.0024646910684623436
max_error: 0.0234367613975337
variance: 5.386495104145362e-06

AL interation 1178/5000.

mae: 0.00246362070809937
max_error: 0.023161445240475587
variance: 5.383546870033237e-06

AL interation 1179/5000.

mae: 0.002454535768461028
max_error: 0.024646570645927568
variance: 5.403443315071496e-06

AL interation 1180/5000.

mae: 0.0024551381283681624
max_error: 0.02462603555068199
variance: 5.405695783497454e-06

AL interation 1181/5000.

mae: 0.002441896694506795
max_error: 0.024804357357425033
variance: 5.348798575448981e-06

AL interation 1182/5000.

mae: 0.002439643108448763
max_error: 0.024712048534638598
variance: 5.33477640048103e-06

AL interation 1183/5000.

mae: 0.0024406108836828935
max_error: 0.024662411922690808
variance: 5.3554733141985185e-06

AL interation 1184/5000.

mae: 0.0024388433155800157
max_error: 0.025326540335299796
variance: 5.355511356593977e-06

AL interation 1185/5000.

mae: 0.002436138434941313
max_error: 0.025349535453642602
variance: 5.351888097319843e-06

AL interation 1186/5000.

mae: 0.002435947754442168
max_error: 0.025343968338347622
variance: 5.351118002958828e-06

AL interation 1187/5000.

mae: 0.0024490908201487403
max_error: 0.02465109547301836
variance: 5.3855026380869555e-06

AL interation 1188/5000.

mae: 0.002449072169582905
max_error: 0.024655863637235598
variance: 5.385974071892657e-06

AL interation 1189/5000.

mae: 0.0024584356222812857
max_error: 0.024609036632682546
variance: 5.385883149441802e-06

AL interation 1190/5000.

mae: 0.002458322864126785
max_error: 0.024544145328036393
variance: 5.383658886454851e-06

AL interation 1191/5000.

mae: 0.0024543622121045703
max_error: 0.024473103161653853
variance: 5.362086609623075e-06

AL interation 1192/5000.

mae: 0.0024529157749439037
max_error: 0.02434337973500078
variance: 5.355747937004873e-06

AL interation 1193/5000.

mae: 0.0024518587461107018
max_error: 0.02435195742691576
variance: 5.350535852022323e-06

AL interation 1194/5000.

mae: 0.0024519144010901072
max_error: 0.024373896352699376
variance: 5.350806259303769e-06

AL interation 1195/5000.

mae: 0.0024497989390047225
max_error: 0.024910848913350492
variance: 5.298527894856165e-06

AL interation 1196/5000.

mae: 0.002444818617845158
max_error: 0.02456879638157261
variance: 5.24642622426324e-06

AL interation 1197/5000.

mae: 0.002442228801886813
max_error: 0.02476854247470328
variance: 5.2506639292047426e-06

AL interation 1198/5000.

mae: 0.0024425784430313797
max_error: 0.024783908853351022
variance: 5.252043292052106e-06

AL interation 1199/5000.

mae: 0.002438562564016138
max_error: 0.025052349525140016
variance: 5.22457047479559e-06

AL interation 1200/5000.

mae: 0.002441750216777109
max_error: 0.025166808247377048
variance: 5.223479122500362e-06

AL interation 1201/5000.

mae: 0.002439354383938735
max_error: 0.025327290100904065
variance: 5.21300315654014e-06

AL interation 1202/5000.

mae: 0.0024435634281990133
max_error: 0.02534179804752057
variance: 5.21633213755811e-06

AL interation 1203/5000.

mae: 0.0024415126898320524
max_error: 0.025448831447647535
variance: 5.205797677739815e-06

AL interation 1204/5000.

mae: 0.0024410736601366808
max_error: 0.02518684732604015
variance: 5.205110102646126e-06

AL interation 1205/5000.

mae: 0.0024385109466165886
max_error: 0.025176312245093868
variance: 5.1930502835491675e-06

AL interation 1206/5000.

mae: 0.00243384483135651
max_error: 0.025257985433199792
variance: 5.179387476222754e-06

AL interation 1207/5000.

mae: 0.0024344971214131875
max_error: 0.025159159826216637
variance: 5.189741551914108e-06

AL interation 1208/5000.

mae: 0.0024286126066708678
max_error: 0.024675923477843753
variance: 5.187302422893641e-06

AL interation 1209/5000.

mae: 0.0024279236612628667
max_error: 0.024675033333551255
variance: 5.1816424004679376e-06

AL interation 1210/5000.

mae: 0.0024295971450819707
max_error: 0.024717576003240538
variance: 5.187948704977609e-06

AL interation 1211/5000.

mae: 0.0024294461904055425
max_error: 0.025237488216589554
variance: 5.217954289185875e-06

AL interation 1212/5000.

mae: 0.00242833010024151
max_error: 0.025370095287144068
variance: 5.221383732577107e-06

AL interation 1213/5000.

mae: 0.0024283949862438023
max_error: 0.025392324323547655
variance: 5.218110549335452e-06

AL interation 1214/5000.

mae: 0.002428015764821794
max_error: 0.025305466459030868
variance: 5.206222945925878e-06

AL interation 1215/5000.

mae: 0.002428291094929591
max_error: 0.02528712459206872
variance: 5.208750896634189e-06

AL interation 1216/5000.

mae: 0.0024312305185903824
max_error: 0.025321440441985033
variance: 5.237069983172066e-06

AL interation 1217/5000.

mae: 0.002429607486619716
max_error: 0.024961514651295147
variance: 5.2352828152994275e-06

AL interation 1218/5000.

mae: 0.0024275952086891266
max_error: 0.025110545591815026
variance: 5.215186049386523e-06

AL interation 1219/5000.

mae: 0.0024272027988772606
max_error: 0.025160719002087717
variance: 5.209212288873704e-06

AL interation 1220/5000.

mae: 0.0024308867064546575
max_error: 0.025164955224681762
variance: 5.208777865633116e-06

AL interation 1221/5000.

mae: 0.0024325155625110713
max_error: 0.025168220387058682
variance: 5.216142613546079e-06

AL interation 1222/5000.

mae: 0.002425977324741325
max_error: 0.025475986009041662
variance: 5.186879201521459e-06

AL interation 1223/5000.

mae: 0.00242356557263156
max_error: 0.025404605434232508
variance: 5.175749962476423e-06

AL interation 1224/5000.

mae: 0.0024153993786630965
max_error: 0.02539069243175618
variance: 5.146941630018298e-06

AL interation 1225/5000.

mae: 0.00240971300964884
max_error: 0.024893687723306357
variance: 5.067067366108244e-06

AL interation 1226/5000.

mae: 0.0024086834971412826
max_error: 0.024945939107055892
variance: 5.051034024448926e-06

AL interation 1227/5000.

mae: 0.002408455525704994
max_error: 0.024897670029531582
variance: 5.037475947184573e-06

AL interation 1228/5000.

mae: 0.0024082631586707067
max_error: 0.024950379998699646
variance: 5.035765124801367e-06

AL interation 1229/5000.

mae: 0.0024078326169446884
max_error: 0.024886600624085986
variance: 5.034000912292164e-06

AL interation 1230/5000.

mae: 0.002412184246227298
max_error: 0.024966763505290146
variance: 5.038960163759972e-06

AL interation 1231/5000.

mae: 0.002412510163393563
max_error: 0.024892562470995472
variance: 5.0388955798732125e-06

AL interation 1232/5000.

mae: 0.002414235872781319
max_error: 0.025110100346864783
variance: 5.046052605652389e-06

AL interation 1233/5000.

mae: 0.0024103941494377067
max_error: 0.025259894127884763
variance: 5.043965092982006e-06

AL interation 1234/5000.

mae: 0.0024062020558212683
max_error: 0.0254607393671904
variance: 5.0471376349606585e-06

AL interation 1235/5000.

mae: 0.0024059907929849943
max_error: 0.025435223442400456
variance: 5.048345197945312e-06

AL interation 1236/5000.

mae: 0.002405955343781898
max_error: 0.025439220165935694
variance: 5.048273695483749e-06

AL interation 1237/5000.

mae: 0.002407300487570865
max_error: 0.02544067688177165
variance: 5.050314949118435e-06

AL interation 1238/5000.

mae: 0.002404415755372611
max_error: 0.02531969286246749
variance: 5.0349700506975414e-06

AL interation 1239/5000.

mae: 0.0024028606401516298
max_error: 0.025001402658745064
variance: 5.0432721215004055e-06

AL interation 1240/5000.

mae: 0.002403483558903645
max_error: 0.025094095757594914
variance: 5.047251734011105e-06

AL interation 1241/5000.

mae: 0.0023901840967282626
max_error: 0.02553884554254182
variance: 5.0516403650908e-06

AL interation 1242/5000.

mae: 0.002387637175404052
max_error: 0.025817595333137433
variance: 5.019900056097212e-06

AL interation 1243/5000.

mae: 0.0023874583428296317
max_error: 0.02605938912347483
variance: 5.000486341211401e-06

AL interation 1244/5000.

mae: 0.002389072907941227
max_error: 0.025949349454094772
variance: 5.005489533958456e-06

AL interation 1245/5000.

mae: 0.0023904070997677993
max_error: 0.02627523537557863
variance: 4.986740344176073e-06

AL interation 1246/5000.

mae: 0.0023900070352538025
max_error: 0.02614908615760214
variance: 4.981396122953516e-06

AL interation 1247/5000.

mae: 0.0023839746756011662
max_error: 0.026053590770970914
variance: 4.969944867438407e-06

AL interation 1248/5000.

mae: 0.0023840458407858025
max_error: 0.026281269967512344
variance: 4.986226842564743e-06

AL interation 1249/5000.

mae: 0.0023829263657189586
max_error: 0.025904065814756905
variance: 4.975026335614786e-06

AL interation 1250/5000.

mae: 0.0023843294791258815
max_error: 0.025936255535270902
variance: 4.982326081225026e-06

AL interation 1251/5000.

mae: 0.002386643744459434
max_error: 0.026129346531888586
variance: 5.014889165397149e-06

AL interation 1252/5000.

mae: 0.0023864133844863317
max_error: 0.026108716721864766
variance: 5.013869198865908e-06

AL interation 1253/5000.

mae: 0.0023891766932929385
max_error: 0.026317745223423117
variance: 5.020043801829847e-06

AL interation 1254/5000.

mae: 0.0023862767335067476
max_error: 0.02640272246026143
variance: 5.027010305949373e-06

AL interation 1255/5000.

mae: 0.002386361033179128
max_error: 0.026400138083772617
variance: 5.026096632358007e-06

AL interation 1256/5000.

mae: 0.0023797388576840602
max_error: 0.02608004113608331
variance: 4.991998973810543e-06

AL interation 1257/5000.

mae: 0.0023789143777730717
max_error: 0.026611078179485048
variance: 4.998132689859169e-06

AL interation 1258/5000.

mae: 0.002377870655325751
max_error: 0.02678163616837992
variance: 5.001176454289481e-06

AL interation 1259/5000.

mae: 0.0023791719311593625
max_error: 0.027196158773222123
variance: 5.003102377994994e-06

AL interation 1260/5000.

mae: 0.002378532423276738
max_error: 0.02721037126138981
variance: 5.002506771811084e-06

AL interation 1261/5000.

mae: 0.0023714783527157123
max_error: 0.027085175506726955
variance: 4.9731197391100715e-06

AL interation 1262/5000.

mae: 0.0023702077771431507
max_error: 0.02709252096428827
variance: 4.973668599014724e-06

AL interation 1263/5000.

mae: 0.002359240434811909
max_error: 0.027450141349618207
variance: 4.965092064483513e-06

AL interation 1264/5000.

mae: 0.002359759432167266
max_error: 0.027460317496661446
variance: 4.96444400443501e-06

AL interation 1265/5000.

mae: 0.0023574652795632575
max_error: 0.027554852846151334
variance: 4.950773559047589e-06

AL interation 1266/5000.

mae: 0.0023575354904287454
max_error: 0.02757460231623554
variance: 4.953565125133157e-06

AL interation 1267/5000.

mae: 0.002357643483611355
max_error: 0.0275895810318616
variance: 4.951211937812612e-06

AL interation 1268/5000.

mae: 0.002361903446989345
max_error: 0.02783572013322555
variance: 4.967193933963232e-06

AL interation 1269/5000.

mae: 0.0023601988600476034
max_error: 0.028362761810058146
variance: 4.992903423537005e-06

AL interation 1270/5000.

mae: 0.002360862763739533
max_error: 0.02842957373832178
variance: 4.9671218289567655e-06

AL interation 1271/5000.

mae: 0.0023617214848609363
max_error: 0.028576381448147004
variance: 4.963072174659791e-06

AL interation 1272/5000.

mae: 0.0023592812498818604
max_error: 0.02866526008619985
variance: 4.96242180048452e-06

AL interation 1273/5000.

mae: 0.002359352836597282
max_error: 0.028729922503771377
variance: 4.967834277930236e-06

AL interation 1274/5000.

mae: 0.0023627318634071343
max_error: 0.028799936457289732
variance: 4.985016418278174e-06

AL interation 1275/5000.

mae: 0.0023637707920870525
max_error: 0.028762449450368877
variance: 4.981356767036788e-06

AL interation 1276/5000.

mae: 0.002363842896720598
max_error: 0.02871307284112845
variance: 4.978118709522261e-06

AL interation 1277/5000.

mae: 0.00236177605179455
max_error: 0.028679636632659822
variance: 4.956033600494867e-06

AL interation 1278/5000.

mae: 0.002360480197305151
max_error: 0.028627772962863673
variance: 4.951567099228397e-06

AL interation 1279/5000.

mae: 0.0023609765467772375
max_error: 0.028865427409982658
variance: 4.967237008761611e-06

AL interation 1280/5000.

mae: 0.002361428194622931
max_error: 0.029099758527081576
variance: 4.967055431414906e-06

AL interation 1281/5000.

mae: 0.002362024204550835
max_error: 0.029090746074871277
variance: 4.967158884531815e-06

AL interation 1282/5000.

mae: 0.002359718591653291
max_error: 0.028999301086514606
variance: 4.961579622615696e-06

AL interation 1283/5000.

mae: 0.0023492495120081003
max_error: 0.029141279419491184
variance: 4.931599416845288e-06

AL interation 1284/5000.

mae: 0.0023506538313058625
max_error: 0.029951212536616367
variance: 4.960395131314249e-06

AL interation 1285/5000.

mae: 0.002346567283474542
max_error: 0.030224591560909175
variance: 4.970388468425093e-06

AL interation 1286/5000.

mae: 0.00234648520661267
max_error: 0.030142537763822475
variance: 4.9737620689215724e-06

AL interation 1287/5000.

mae: 0.0023465424731166423
max_error: 0.03009065236801689
variance: 4.985356901629883e-06

AL interation 1288/5000.

mae: 0.0023445831800408996
max_error: 0.030151805165587575
variance: 4.987827209571085e-06

AL interation 1289/5000.

mae: 0.0023469285801056687
max_error: 0.03001074370877177
variance: 4.986378207701535e-06

AL interation 1290/5000.

mae: 0.0023452449514288673
max_error: 0.03031607057164365
variance: 4.979430167007374e-06

AL interation 1291/5000.

mae: 0.0023435109825222754
max_error: 0.030263180467954953
variance: 4.971678071328659e-06

AL interation 1292/5000.

mae: 0.002345311762000165
max_error: 0.030288013962490368
variance: 4.974820908084104e-06

AL interation 1293/5000.

mae: 0.0023423987440164638
max_error: 0.03032488305871084
variance: 4.951222524107659e-06

AL interation 1294/5000.

mae: 0.002343312674248409
max_error: 0.030472805121462443
variance: 4.960889891271876e-06

AL interation 1295/5000.

mae: 0.0023431057316911394
max_error: 0.03053053251824167
variance: 4.955631889533908e-06

AL interation 1296/5000.

mae: 0.0023432175506550267
max_error: 0.03053006738809927
variance: 4.9565732045411184e-06

AL interation 1297/5000.

mae: 0.002349628389234567
max_error: 0.030369920199518674
variance: 4.997749760205911e-06

AL interation 1298/5000.

mae: 0.0023334376131588217
max_error: 0.030514015086737345
variance: 4.982674243445187e-06

AL interation 1299/5000.

mae: 0.002334115759839733
max_error: 0.030543434631908895
variance: 4.990813842636984e-06

AL interation 1300/5000.

mae: 0.0023374760008919113
max_error: 0.03071364409152011
variance: 4.997188760296517e-06

AL interation 1301/5000.

mae: 0.0023305238229859243
max_error: 0.030737680857782834
variance: 4.986748950167223e-06

AL interation 1302/5000.

mae: 0.002336058390787912
max_error: 0.03041540250160324
variance: 4.9499319810127204e-06

AL interation 1303/5000.

mae: 0.002336846487350158
max_error: 0.030604831712480518
variance: 4.964536707932603e-06

AL interation 1304/5000.

mae: 0.002333439530033502
max_error: 0.030411109668420977
variance: 4.954675712750314e-06

AL interation 1305/5000.

mae: 0.002332832691272415
max_error: 0.030597039438362117
variance: 4.976825735545033e-06

AL interation 1306/5000.

mae: 0.002332516920483613
max_error: 0.030602896405980573
variance: 4.975864617384137e-06

AL interation 1307/5000.

mae: 0.002331247038026959
max_error: 0.030657909885121626
variance: 4.978833471075532e-06

AL interation 1308/5000.

mae: 0.0023313414480071516
max_error: 0.03069057520951901
variance: 4.982176825944217e-06

AL interation 1309/5000.

mae: 0.0023297843293839833
max_error: 0.030705823885000427
variance: 4.982747294132763e-06

AL interation 1310/5000.

mae: 0.002327501942946583
max_error: 0.030663534480481758
variance: 4.980822498196425e-06

AL interation 1311/5000.

mae: 0.0023258356248015842
max_error: 0.030688840475704637
variance: 4.964014131328737e-06

AL interation 1312/5000.

mae: 0.002329137175318465
max_error: 0.030634103784905165
variance: 4.993099934869838e-06

AL interation 1313/5000.

mae: 0.002328857271872039
max_error: 0.030653905434519402
variance: 4.995359936795354e-06

AL interation 1314/5000.

mae: 0.0023289360542021313
max_error: 0.030645465771158342
variance: 4.995916256737844e-06

AL interation 1315/5000.

mae: 0.002320826002352078
max_error: 0.030483185963021242
variance: 4.980372456921479e-06

AL interation 1316/5000.

mae: 0.0023207918652051376
max_error: 0.030467797258097562
variance: 4.980939602566017e-06

AL interation 1317/5000.

mae: 0.002319404029569341
max_error: 0.030638482474387274
variance: 4.976517742668003e-06

AL interation 1318/5000.

mae: 0.0023178312838563215
max_error: 0.03038844029106258
variance: 4.9563402850291504e-06

AL interation 1319/5000.

mae: 0.0023176656360801642
max_error: 0.030464910576483817
variance: 4.956075083650441e-06

AL interation 1320/5000.

mae: 0.002325073470913594
max_error: 0.030620189341789228
variance: 4.9898737638017955e-06

AL interation 1321/5000.

mae: 0.0023250870124993527
max_error: 0.030622177369878045
variance: 4.9901980568644046e-06

AL interation 1322/5000.

mae: 0.0023253054057067856
max_error: 0.030586616272557876
variance: 4.999655757115837e-06

AL interation 1323/5000.

mae: 0.002320337157982067
max_error: 0.030437530936978874
variance: 4.9834909995325735e-06

AL interation 1324/5000.

mae: 0.0023208657461937037
max_error: 0.030384236082682037
variance: 4.9786014664552295e-06

AL interation 1325/5000.

mae: 0.0023192102622915625
max_error: 0.030474370230876957
variance: 4.962513480302298e-06

AL interation 1326/5000.

mae: 0.0023171102466385493
max_error: 0.030347782327226014
variance: 4.979165697827814e-06

AL interation 1327/5000.

mae: 0.0023150855118665276
max_error: 0.03036420158787223
variance: 4.974314011021114e-06

AL interation 1328/5000.

mae: 0.002310129324274385
max_error: 0.030494304266539984
variance: 4.952129988371227e-06

AL interation 1329/5000.

mae: 0.002308056417973603
max_error: 0.030587737770474632
variance: 4.962891503025805e-06

AL interation 1330/5000.

mae: 0.002313123942526545
max_error: 0.030758757262447034
variance: 4.9863945556787886e-06

AL interation 1331/5000.

mae: 0.0023129991413552487
max_error: 0.03076459163094114
variance: 4.982759116967459e-06

AL interation 1332/5000.

mae: 0.0023142321343930235
max_error: 0.030787643712756108
variance: 4.987748585557879e-06

AL interation 1333/5000.

mae: 0.002314423009314851
max_error: 0.030771450577958603
variance: 4.9862420378158966e-06

AL interation 1334/5000.

mae: 0.002313221586715372
max_error: 0.030681241887577926
variance: 4.9686391322109945e-06

AL interation 1335/5000.

mae: 0.002314691958482399
max_error: 0.030687881213452783
variance: 4.975028600203352e-06

AL interation 1336/5000.

mae: 0.002313307487122074
max_error: 0.030405369523577974
variance: 4.990557129815564e-06

AL interation 1337/5000.

mae: 0.002310290897070445
max_error: 0.030022344917597366
variance: 4.984538007428554e-06

AL interation 1338/5000.

mae: 0.002317095639904437
max_error: 0.02977596422897477
variance: 5.030304405435649e-06

AL interation 1339/5000.

mae: 0.002316073899051844
max_error: 0.02977946873397741
variance: 5.027742658487768e-06

AL interation 1340/5000.

mae: 0.0023155388526665773
max_error: 0.029779866910757846
variance: 5.027131244651253e-06

AL interation 1341/5000.

mae: 0.002328769944081614
max_error: 0.029219246707725688
variance: 5.061524773286907e-06

AL interation 1342/5000.

mae: 0.0023291004285983944
max_error: 0.02921615713967185
variance: 5.060969198836067e-06

AL interation 1343/5000.

mae: 0.0023290823334027664
max_error: 0.029216779004855198
variance: 5.060865090324163e-06

AL interation 1344/5000.

mae: 0.0023290498704882337
max_error: 0.029215401815235964
variance: 5.060929987739102e-06

AL interation 1345/5000.

mae: 0.0023297627081155952
max_error: 0.029260747318403446
variance: 5.066702271233609e-06

AL interation 1346/5000.

mae: 0.0023296740562218474
max_error: 0.02822862997527409
variance: 5.01041648776213e-06

AL interation 1347/5000.

mae: 0.0023315694664870533
max_error: 0.0285871426203812
variance: 5.026379868441034e-06

AL interation 1348/5000.

mae: 0.002332640274427831
max_error: 0.028462753927669837
variance: 5.032227165668937e-06

AL interation 1349/5000.

mae: 0.002332799696017901
max_error: 0.028420108794307453
variance: 5.0297109281926705e-06

AL interation 1350/5000.

mae: 0.002336543492427154
max_error: 0.028168205461042817
variance: 5.039087584239371e-06

AL interation 1351/5000.

mae: 0.002333343366425652
max_error: 0.028327203950539115
variance: 5.061323973828411e-06

AL interation 1352/5000.

mae: 0.0023333287640971323
max_error: 0.02839113789923431
variance: 5.063187799016736e-06

AL interation 1353/5000.

mae: 0.0023316972276716114
max_error: 0.02856880742001522
variance: 5.08744911852724e-06

AL interation 1354/5000.

mae: 0.0023310501094565552
max_error: 0.02859513648036227
variance: 5.0783538745191276e-06

AL interation 1355/5000.

mae: 0.0023305843438065493
max_error: 0.028647053981330828
variance: 5.075260713370349e-06

AL interation 1356/5000.

mae: 0.002331372133361583
max_error: 0.028711797769574332
variance: 5.081082092320789e-06

AL interation 1357/5000.

mae: 0.0023312346203738345
max_error: 0.028673717066340032
variance: 5.082977428899295e-06

AL interation 1358/5000.

mae: 0.0023326043224487876
max_error: 0.02881968653855438
variance: 5.096919871291119e-06

AL interation 1359/5000.

mae: 0.0023288765929073635
max_error: 0.028897254136609263
variance: 5.069154530251562e-06

AL interation 1360/5000.

mae: 0.0023234409258639063
max_error: 0.028360699232507613
variance: 5.034593527050021e-06

AL interation 1361/5000.

mae: 0.002324383690297509
max_error: 0.028400474033333012
variance: 5.035473212808987e-06

AL interation 1362/5000.

mae: 0.002324801535176448
max_error: 0.0282877738118259
variance: 5.052603048400102e-06

AL interation 1363/5000.

mae: 0.0023247862120169883
max_error: 0.028285486425374984
variance: 5.052583128690631e-06

AL interation 1364/5000.

mae: 0.0023225084108935336
max_error: 0.028115559018260683
variance: 5.077866223650662e-06

AL interation 1365/5000.

mae: 0.0023182095655283775
max_error: 0.0282574476350419
variance: 5.085673427833588e-06

AL interation 1366/5000.

mae: 0.002315974782174635
max_error: 0.028340347083940287
variance: 5.0734317159265655e-06

AL interation 1367/5000.

mae: 0.0023144186270455977
max_error: 0.02843279686749156
variance: 5.089999520407521e-06

AL interation 1368/5000.

mae: 0.0023151153918443013
max_error: 0.02858682947953639
variance: 5.104398137416817e-06

AL interation 1369/5000.

mae: 0.0023143541666140665
max_error: 0.028438002917027916
variance: 5.088175126866544e-06

AL interation 1370/5000.

mae: 0.002311025659758343
max_error: 0.028372019578455365
variance: 5.072351241683733e-06

AL interation 1371/5000.

mae: 0.002311107986631214
max_error: 0.028363808765789145
variance: 5.070599826043314e-06

AL interation 1372/5000.

mae: 0.0023102453892743144
max_error: 0.028561277578774025
variance: 5.073233246410532e-06

AL interation 1373/5000.

mae: 0.0023105368185406404
max_error: 0.028562315446833964
variance: 5.070584227163655e-06

AL interation 1374/5000.

mae: 0.002302280088204498
max_error: 0.02833634011221875
variance: 5.037479459743622e-06

AL interation 1375/5000.

mae: 0.0023024155937018806
max_error: 0.02786885710702336
variance: 5.023002602020985e-06

AL interation 1376/5000.

mae: 0.002302125320310552
max_error: 0.027794744359198376
variance: 5.013982753026044e-06

AL interation 1377/5000.

mae: 0.0023034652982978515
max_error: 0.027468747730381438
variance: 4.9996833308500866e-06

AL interation 1378/5000.

mae: 0.002302679890237414
max_error: 0.027413064390202635
variance: 4.995821325036588e-06

AL interation 1379/5000.

mae: 0.002293581046473264
max_error: 0.027462768679470173
variance: 4.97155476673881e-06

AL interation 1380/5000.

mae: 0.002291540721479578
max_error: 0.027708182571586804
variance: 4.994010648416656e-06

AL interation 1381/5000.

mae: 0.002287406814733004
max_error: 0.027705515907655354
variance: 4.979224178292809e-06

AL interation 1382/5000.

mae: 0.00228332522990695
max_error: 0.027527085321708
variance: 4.946653389472336e-06

AL interation 1383/5000.

mae: 0.0022817294056512766
max_error: 0.02731200639573217
variance: 4.94175832590266e-06

AL interation 1384/5000.

mae: 0.0022804799805935545
max_error: 0.027250695109614753
variance: 4.942846722225043e-06

AL interation 1385/5000.

mae: 0.0022804269325479255
max_error: 0.027244686732956325
variance: 4.94252235963744e-06

AL interation 1386/5000.

mae: 0.0022793017143048926
max_error: 0.027297723174342536
variance: 4.930242092947256e-06

AL interation 1387/5000.

mae: 0.0022790155635457267
max_error: 0.02734594161120185
variance: 4.930247153889932e-06

AL interation 1388/5000.

mae: 0.002277605944268544
max_error: 0.027195890337679884
variance: 4.9476421289607855e-06

AL interation 1389/5000.

mae: 0.002277637166400382
max_error: 0.027203696432479774
variance: 4.94838184365733e-06

AL interation 1390/5000.

mae: 0.002277742746612603
max_error: 0.027099090153569705
variance: 4.944629887278986e-06

AL interation 1391/5000.

mae: 0.0022836435141398398
max_error: 0.027233879251070903
variance: 4.960279134010897e-06

AL interation 1392/5000.

mae: 0.002280530806985553
max_error: 0.027381002431866364
variance: 4.935046005650054e-06

AL interation 1393/5000.

mae: 0.0022742831665318593
max_error: 0.027671098554492346
variance: 4.910354665989826e-06

AL interation 1394/5000.

mae: 0.002274036766249992
max_error: 0.02765969359279552
variance: 4.910260871727968e-06

AL interation 1395/5000.

mae: 0.0022741028145192104
max_error: 0.027726804650228587
variance: 4.904313771710589e-06

AL interation 1396/5000.

mae: 0.0022740216662914463
max_error: 0.027784867905211286
variance: 4.896706742840087e-06

AL interation 1397/5000.

mae: 0.0022803366599482614
max_error: 0.027237356533078128
variance: 4.911071165536793e-06

AL interation 1398/5000.

mae: 0.0022793920926087595
max_error: 0.027040342914915527
variance: 4.916500423989921e-06

AL interation 1399/5000.

mae: 0.0022799077312474765
max_error: 0.027005704117982532
variance: 4.915508641502589e-06

AL interation 1400/5000.

mae: 0.0022798616528998538
max_error: 0.027026654233850422
variance: 4.916113367871413e-06

AL interation 1401/5000.

mae: 0.0022826787646581578
max_error: 0.027135420737977256
variance: 4.893739005472234e-06

AL interation 1402/5000.

mae: 0.002282045070190179
max_error: 0.027106419673145865
variance: 4.895736979911594e-06

AL interation 1403/5000.

mae: 0.0022820995893798684
max_error: 0.02704144030030875
variance: 4.892200289194597e-06

AL interation 1404/5000.

mae: 0.002283156039624373
max_error: 0.027093860726381536
variance: 4.896439823568564e-06

AL interation 1405/5000.

mae: 0.002280455287787845
max_error: 0.026882061900323606
variance: 4.880821347710876e-06

AL interation 1406/5000.

mae: 0.0022768188111012932
max_error: 0.026888484460869222
variance: 4.873518562177823e-06

AL interation 1407/5000.

mae: 0.002273503234220698
max_error: 0.0266617315410258
variance: 4.841362863265945e-06

AL interation 1408/5000.

mae: 0.0022715874001087285
max_error: 0.02660957272928499
variance: 4.8307358568689845e-06

AL interation 1409/5000.

mae: 0.0022718454168589234
max_error: 0.02667258331894118
variance: 4.828385983695661e-06

AL interation 1410/5000.

mae: 0.002270770822638042
max_error: 0.02641543956087844
variance: 4.821678449555281e-06

AL interation 1411/5000.

mae: 0.002270412274837327
max_error: 0.026351861795774312
variance: 4.813667681488173e-06

AL interation 1412/5000.

mae: 0.0022718657161294687
max_error: 0.026572140837743063
variance: 4.808288820855168e-06

AL interation 1413/5000.

mae: 0.0022709267046775493
max_error: 0.026523863891270594
variance: 4.80413859290799e-06

AL interation 1414/5000.

mae: 0.0022702675556283795
max_error: 0.02646857066974917
variance: 4.796869992350653e-06

AL interation 1415/5000.

mae: 0.002268498366917811
max_error: 0.026313416650737054
variance: 4.795910642300858e-06

AL interation 1416/5000.

mae: 0.002266099249947729
max_error: 0.026319966053051758
variance: 4.781073733208299e-06

AL interation 1417/5000.

mae: 0.0022660405549522694
max_error: 0.02632529372749559
variance: 4.780961185867235e-06

AL interation 1418/5000.

mae: 0.002265920911241665
max_error: 0.02626318723014265
variance: 4.774778458512017e-06

AL interation 1419/5000.

mae: 0.0022646147081713934
max_error: 0.026305246430638363
variance: 4.762312768149598e-06

AL interation 1420/5000.

mae: 0.002268398195664304
max_error: 0.02683967531811504
variance: 4.766903955915615e-06

AL interation 1421/5000.

mae: 0.0022681187116295404
max_error: 0.02688966679670557
variance: 4.764762498524404e-06

AL interation 1422/5000.

mae: 0.002268443845501679
max_error: 0.026855307163714315
variance: 4.764350769147761e-06

AL interation 1423/5000.

mae: 0.0022679764577505923
max_error: 0.026914170162854134
variance: 4.776371888906559e-06

AL interation 1424/5000.

mae: 0.002261779694179495
max_error: 0.026498443554373807
variance: 4.755594140869256e-06

AL interation 1425/5000.

mae: 0.0022620482488146082
max_error: 0.026513481518122717
variance: 4.757151816588749e-06

AL interation 1426/5000.

mae: 0.0022616915570188214
max_error: 0.026520575431277393
variance: 4.75390769254306e-06

AL interation 1427/5000.

mae: 0.0022632102917477825
max_error: 0.026352136503192014
variance: 4.7582063821993095e-06

AL interation 1428/5000.

mae: 0.0022615453337766667
max_error: 0.026664784580134437
variance: 4.761343102388498e-06

AL interation 1429/5000.

mae: 0.0022609463415656137
max_error: 0.026640029785994557
variance: 4.7567311315017206e-06

AL interation 1430/5000.

mae: 0.002261792405856795
max_error: 0.02641996853890305
variance: 4.745225470677842e-06

AL interation 1431/5000.

mae: 0.0022611947724417406
max_error: 0.02639718915997946
variance: 4.738172972546545e-06

AL interation 1432/5000.

mae: 0.0022599841013970948
max_error: 0.02654953973433294
variance: 4.728014198192286e-06

AL interation 1433/5000.

mae: 0.0022655226679407863
max_error: 0.026587079255477875
variance: 4.71458403648353e-06

AL interation 1434/5000.

mae: 0.0022690465974937978
max_error: 0.026513212016652687
variance: 4.725100529535615e-06

AL interation 1435/5000.

mae: 0.002270225949619089
max_error: 0.0260383627628471
variance: 4.70814250693844e-06

AL interation 1436/5000.

mae: 0.0022707120795403173
max_error: 0.02627181669413403
variance: 4.715442859855552e-06

AL interation 1437/5000.

mae: 0.0022706175031198656
max_error: 0.02621036580785585
variance: 4.71032595947604e-06

AL interation 1438/5000.

mae: 0.0022674644282233204
max_error: 0.02634010867586767
variance: 4.7074559838446735e-06

AL interation 1439/5000.

mae: 0.002267455839590184
max_error: 0.026341850234530284
variance: 4.707449985080945e-06

AL interation 1440/5000.

mae: 0.0022688902146937836
max_error: 0.026239116325086798
variance: 4.704531743932465e-06

AL interation 1441/5000.

mae: 0.0022698160664840544
max_error: 0.02657966185688565
variance: 4.702512406202751e-06

AL interation 1442/5000.

mae: 0.00226342543437022
max_error: 0.026745633227619692
variance: 4.691207901074435e-06

AL interation 1443/5000.

mae: 0.0022630319353429515
max_error: 0.026890598610407324
variance: 4.698217656654361e-06

AL interation 1444/5000.

mae: 0.002267751069904989
max_error: 0.02694798850825464
variance: 4.705565478110286e-06

AL interation 1445/5000.

mae: 0.0022647234735104576
max_error: 0.02655224164300307
variance: 4.692792072463031e-06

AL interation 1446/5000.

mae: 0.0022586224662672974
max_error: 0.02644025422523555
variance: 4.6623708551130944e-06

AL interation 1447/5000.

mae: 0.002258756289325902
max_error: 0.026452899450305267
variance: 4.662243306997749e-06

AL interation 1448/5000.

mae: 0.002258635808139843
max_error: 0.026478113684788696
variance: 4.664137572100775e-06

AL interation 1449/5000.

mae: 0.002257843051854252
max_error: 0.026586773501549033
variance: 4.7003516956795454e-06

AL interation 1450/5000.

mae: 0.002256539589826389
max_error: 0.026504738276344142
variance: 4.693390656916886e-06

AL interation 1451/5000.

mae: 0.0022565971902613457
max_error: 0.02639973433360865
variance: 4.6976907409293855e-06

AL interation 1452/5000.

mae: 0.002258114143754938
max_error: 0.026515299558013794
variance: 4.699796474828738e-06

AL interation 1453/5000.

mae: 0.002258131417693221
max_error: 0.02651281210455636
variance: 4.700519973277626e-06

AL interation 1454/5000.

mae: 0.002258905973892979
max_error: 0.026570828444164363
variance: 4.701753796369535e-06

AL interation 1455/5000.

mae: 0.002255416684965894
max_error: 0.02628722574627318
variance: 4.679591472255135e-06

AL interation 1456/5000.

mae: 0.0022565052209947683
max_error: 0.02620377825041942
variance: 4.685974964481852e-06

AL interation 1457/5000.

mae: 0.0022551238568366896
max_error: 0.026202479008134105
variance: 4.677903178696086e-06

AL interation 1458/5000.

mae: 0.0022572247679036083
max_error: 0.026479526773982798
variance: 4.691202220858493e-06

AL interation 1459/5000.

mae: 0.0022586696116286475
max_error: 0.02645484452477831
variance: 4.681497929411584e-06

AL interation 1460/5000.

mae: 0.0022577550665746457
max_error: 0.02653244537032151
variance: 4.669252884441765e-06

AL interation 1461/5000.

mae: 0.0022573046603938567
max_error: 0.02621818809529941
variance: 4.682224896869676e-06

AL interation 1462/5000.

mae: 0.0022547604598621546
max_error: 0.025938033386410098
variance: 4.664498138129411e-06

AL interation 1463/5000.

mae: 0.0022546821803207423
max_error: 0.025957268195270444
variance: 4.663701313653449e-06

AL interation 1464/5000.

mae: 0.002250778526018621
max_error: 0.025961304001612007
variance: 4.6332407160782775e-06

AL interation 1465/5000.

mae: 0.0022455176657003905
max_error: 0.02584662016852235
variance: 4.592685138231907e-06

AL interation 1466/5000.

mae: 0.002246547000040664
max_error: 0.025808140215303865
variance: 4.591498942044453e-06

AL interation 1467/5000.

mae: 0.002247106989068925
max_error: 0.025863892786219367
variance: 4.595164468949993e-06

AL interation 1468/5000.

mae: 0.0022453705157413424
max_error: 0.02594130189572752
variance: 4.590256401449107e-06

AL interation 1469/5000.

mae: 0.002239668780230204
max_error: 0.02612343341570522
variance: 4.5565096132777094e-06

AL interation 1470/5000.

mae: 0.0022415482042797523
max_error: 0.025979463885960286
variance: 4.543474874338219e-06

AL interation 1471/5000.

mae: 0.002239853249890075
max_error: 0.025805827701333328
variance: 4.536179883939646e-06

AL interation 1472/5000.

mae: 0.002238490126607758
max_error: 0.025797928143219906
variance: 4.53671435467838e-06

AL interation 1473/5000.

mae: 0.0022395262204072423
max_error: 0.025775257925488404
variance: 4.543910868893913e-06

AL interation 1474/5000.

mae: 0.0022390506016809015
max_error: 0.02580823688003875
variance: 4.541946499709674e-06

AL interation 1475/5000.

mae: 0.002241440875582157
max_error: 0.025635658223109203
variance: 4.529378652313068e-06

AL interation 1476/5000.

mae: 0.0022403913595135235
max_error: 0.025391302251591696
variance: 4.521210782644409e-06

AL interation 1477/5000.

mae: 0.0022388702373036724
max_error: 0.025390807602889254
variance: 4.513187858676824e-06

AL interation 1478/5000.

mae: 0.002237615159510824
max_error: 0.025412736415091786
variance: 4.508931826056982e-06

AL interation 1479/5000.

mae: 0.0022376390273566357
max_error: 0.02541913927962014
variance: 4.5090984697285746e-06

AL interation 1480/5000.

mae: 0.0022366414634552713
max_error: 0.02541972530707426
variance: 4.502792547489314e-06

AL interation 1481/5000.

mae: 0.0022399913899525926
max_error: 0.02577241103972483
variance: 4.524598221270731e-06

AL interation 1482/5000.

mae: 0.0022433524669731924
max_error: 0.025779127170608263
variance: 4.5298059508764165e-06

AL interation 1483/5000.

mae: 0.0022438386000030734
max_error: 0.02554308446815412
variance: 4.534416701220545e-06

AL interation 1484/5000.

mae: 0.0022455815817811527
max_error: 0.026040847586045857
variance: 4.561696837127597e-06

AL interation 1485/5000.

mae: 0.002246730452027805
max_error: 0.02606041475337406
variance: 4.553128179006585e-06

AL interation 1486/5000.

mae: 0.002246604296818077
max_error: 0.02604045111911546
variance: 4.557828266327759e-06

AL interation 1487/5000.

mae: 0.002251264209487999
max_error: 0.025769130761545966
variance: 4.559692697663802e-06

AL interation 1488/5000.

mae: 0.002251386483445458
max_error: 0.025765529951968347
variance: 4.559945561742467e-06

AL interation 1489/5000.

mae: 0.002250790014275481
max_error: 0.025761765993593144
variance: 4.5572291983668775e-06

AL interation 1490/5000.

mae: 0.002251948999580236
max_error: 0.025790948571739136
variance: 4.575551848566255e-06

AL interation 1491/5000.

mae: 0.002257395845467727
max_error: 0.025847214286841336
variance: 4.589430399269859e-06

AL interation 1492/5000.

mae: 0.0022547574971622454
max_error: 0.02588419340645487
variance: 4.58086377215453e-06

AL interation 1493/5000.

mae: 0.0022519485796610754
max_error: 0.025968948795707547
variance: 4.589714880464164e-06

AL interation 1494/5000.

mae: 0.0022489586293922914
max_error: 0.02511052121371904
variance: 4.584300222966287e-06

AL interation 1495/5000.

mae: 0.0022433480098379734
max_error: 0.025077220858293003
variance: 4.572750262169086e-06

AL interation 1496/5000.

mae: 0.0022418050586929896
max_error: 0.02505354587447073
variance: 4.565294845445597e-06

AL interation 1497/5000.

mae: 0.0022430335158514936
max_error: 0.025050043268493027
variance: 4.572214654486357e-06

AL interation 1498/5000.

mae: 0.0022433065764616913
max_error: 0.025030683382283314
variance: 4.573335475279206e-06

AL interation 1499/5000.

mae: 0.0022443645317225674
max_error: 0.024924431096223998
variance: 4.556819178759835e-06

AL interation 1500/5000.

mae: 0.0022442979592606207
max_error: 0.02493283781768696
variance: 4.556221741176667e-06

AL interation 1501/5000.

mae: 0.0022437709988762434
max_error: 0.024807246250929893
variance: 4.550739265306711e-06

AL interation 1502/5000.

mae: 0.0022451300763477776
max_error: 0.024986198279293603
variance: 4.569252179769041e-06

AL interation 1503/5000.

mae: 0.002243317853323788
max_error: 0.02491418961835734
variance: 4.559229581656586e-06

AL interation 1504/5000.

mae: 0.0022375527903150216
max_error: 0.024622805840408546
variance: 4.559597537741115e-06

AL interation 1505/5000.

mae: 0.0022378444190353547
max_error: 0.024630522208099137
variance: 4.560316531914551e-06

AL interation 1506/5000.

mae: 0.0022377856653683923
max_error: 0.02458134806693124
variance: 4.5553608676533115e-06

AL interation 1507/5000.

mae: 0.002238675468719521
max_error: 0.02461307005251001
variance: 4.55051669730882e-06

AL interation 1508/5000.

mae: 0.0022398111134925786
max_error: 0.024598228721515625
variance: 4.563401230755891e-06

AL interation 1509/5000.

mae: 0.002239670485768329
max_error: 0.024598291272923234
variance: 4.5640318192247544e-06

AL interation 1510/5000.

mae: 0.00223951885677252
max_error: 0.02441897387507197
variance: 4.556678713887538e-06

AL interation 1511/5000.

mae: 0.002242156047424942
max_error: 0.024452684834614047
variance: 4.564221257206171e-06

AL interation 1512/5000.

mae: 0.0022447406432829667
max_error: 0.024578440958066494
variance: 4.580067384091499e-06

AL interation 1513/5000.

mae: 0.002246398288730234
max_error: 0.02471062716904271
variance: 4.5625509911105725e-06

AL interation 1514/5000.

mae: 0.002245036446600352
max_error: 0.024754670599577366
variance: 4.555869340632095e-06

AL interation 1515/5000.

mae: 0.0022479265623487664
max_error: 0.02452530668779218
variance: 4.568411659386497e-06

AL interation 1516/5000.

mae: 0.0022476668560211695
max_error: 0.024639800196382566
variance: 4.564530660433837e-06

AL interation 1517/5000.

mae: 0.00224757437160315
max_error: 0.024643639286296093
variance: 4.564195499331967e-06

AL interation 1518/5000.

mae: 0.002249580261288429
max_error: 0.02473164779621584
variance: 4.5714324043217135e-06

AL interation 1519/5000.

mae: 0.0022474301085949264
max_error: 0.02455466368155612
variance: 4.564501493711361e-06

AL interation 1520/5000.

mae: 0.00224787507912788
max_error: 0.024442467982225935
variance: 4.554392082602091e-06

AL interation 1521/5000.

mae: 0.0022480647829361262
max_error: 0.02408647511219897
variance: 4.549425446514753e-06

AL interation 1522/5000.

mae: 0.002246142641354709
max_error: 0.024018161921048886
variance: 4.551222717709141e-06

AL interation 1523/5000.

mae: 0.0022462692695808073
max_error: 0.02385965052053507
variance: 4.554455203830462e-06

AL interation 1524/5000.

mae: 0.0022422413409585716
max_error: 0.023833716646549874
variance: 4.537171203290158e-06

AL interation 1525/5000.

mae: 0.002241203860468886
max_error: 0.02393668279364647
variance: 4.535064744859295e-06

AL interation 1526/5000.

mae: 0.0022400913693145412
max_error: 0.02395502436593233
variance: 4.541432395568295e-06

AL interation 1527/5000.

mae: 0.0022400970500293625
max_error: 0.023955660084538977
variance: 4.541549904607158e-06

AL interation 1528/5000.

mae: 0.002239286315046229
max_error: 0.024129460818585358
variance: 4.542923860010336e-06

AL interation 1529/5000.

mae: 0.0022382137396061807
max_error: 0.023991456915609888
variance: 4.534090812845261e-06

AL interation 1530/5000.

mae: 0.0022381856116217022
max_error: 0.02398732484834909
variance: 4.532658711830514e-06

AL interation 1531/5000.

mae: 0.0022367110888071693
max_error: 0.02402586678545049
variance: 4.5259034605958246e-06

AL interation 1532/5000.

mae: 0.0022367403716680202
max_error: 0.02399922768563556
variance: 4.529186471486523e-06

AL interation 1533/5000.

mae: 0.0022349602539597983
max_error: 0.023760716949254856
variance: 4.510120146179253e-06

AL interation 1534/5000.

mae: 0.0022333347813128057
max_error: 0.02375182931245945
variance: 4.4973311009132225e-06

AL interation 1535/5000.

mae: 0.0022318108631498037
max_error: 0.02375658710116113
variance: 4.492840701523196e-06

AL interation 1536/5000.

mae: 0.0022324014339446877
max_error: 0.022360821798429242
variance: 4.446401581158879e-06

AL interation 1537/5000.

mae: 0.002231160294727488
max_error: 0.022349562559611513
variance: 4.435322899285522e-06

AL interation 1538/5000.

mae: 0.0022323670247797055
max_error: 0.022434749442254542
variance: 4.44348132215509e-06

AL interation 1539/5000.

mae: 0.0022327816511387936
max_error: 0.02250028854723496
variance: 4.436156334567658e-06

AL interation 1540/5000.

mae: 0.002232509199134256
max_error: 0.0225059301355941
variance: 4.447722104894395e-06

AL interation 1541/5000.

mae: 0.0022313741904554265
max_error: 0.02255439243708679
variance: 4.445290490205824e-06

AL interation 1542/5000.

mae: 0.002229538935725941
max_error: 0.022602977935093804
variance: 4.4439133876706674e-06

AL interation 1543/5000.

mae: 0.0022248312013516624
max_error: 0.022643986992989085
variance: 4.4373357687868114e-06

AL interation 1544/5000.

mae: 0.0022250059541020165
max_error: 0.022563845885088085
variance: 4.432651272141069e-06

AL interation 1545/5000.

mae: 0.002224927525699968
max_error: 0.022558056478374056
variance: 4.432111989280129e-06

AL interation 1546/5000.

mae: 0.0022232484794785707
max_error: 0.02262195736511785
variance: 4.433256436891786e-06

AL interation 1547/5000.

mae: 0.0022224665362537053
max_error: 0.022651053533991217
variance: 4.429053199067682e-06

AL interation 1548/5000.

mae: 0.002222057499483526
max_error: 0.022660775457552518
variance: 4.439335427974169e-06

AL interation 1549/5000.

mae: 0.002222019568527685
max_error: 0.022735490556442528
variance: 4.439015142783054e-06

AL interation 1550/5000.

mae: 0.0022220885430779165
max_error: 0.02270132020021265
variance: 4.435257881224908e-06

AL interation 1551/5000.

mae: 0.0022216002256436698
max_error: 0.02289682929222181
variance: 4.435872936764035e-06

AL interation 1552/5000.

mae: 0.00222208585284352
max_error: 0.02281545749247016
variance: 4.424236390949471e-06

AL interation 1553/5000.

mae: 0.0022176077607364278
max_error: 0.022523959252794157
variance: 4.375592745634206e-06

AL interation 1554/5000.

mae: 0.002218361023228681
max_error: 0.022576272420337773
variance: 4.381748884729007e-06

AL interation 1555/5000.

mae: 0.0022185952401096074
max_error: 0.022758276891181595
variance: 4.369113936226967e-06

AL interation 1556/5000.

mae: 0.0022244421338627946
max_error: 0.022928991877051885
variance: 4.398424657211217e-06

AL interation 1557/5000.

mae: 0.002223699464669153
max_error: 0.02291645228069683
variance: 4.397974093777874e-06

AL interation 1558/5000.

mae: 0.0022244858692383788
max_error: 0.02290202614494774
variance: 4.400857077321196e-06

AL interation 1559/5000.

mae: 0.0022297265186216465
max_error: 0.022823976540166768
variance: 4.424136918501333e-06

AL interation 1560/5000.

mae: 0.00223012998271588
max_error: 0.022837486021671793
variance: 4.427497210578307e-06

AL interation 1561/5000.

mae: 0.0022304595420073385
max_error: 0.022755588053769316
variance: 4.439000941615277e-06

AL interation 1562/5000.

mae: 0.002231230513578339
max_error: 0.02280175873420376
variance: 4.445750417102634e-06

AL interation 1563/5000.

mae: 0.0022310818317982923
max_error: 0.022809089334259625
variance: 4.445799156787057e-06

AL interation 1564/5000.

mae: 0.0022300260689899006
max_error: 0.02286482081944996
variance: 4.445559847736848e-06

AL interation 1565/5000.

mae: 0.002230856371235859
max_error: 0.022871059480166878
variance: 4.44591986616584e-06

AL interation 1566/5000.

mae: 0.002231411901289903
max_error: 0.023028964182230993
variance: 4.451783994499577e-06

AL interation 1567/5000.

mae: 0.0022315456957021523
max_error: 0.023020606493446394
variance: 4.4524029854047675e-06

AL interation 1568/5000.

mae: 0.0022314911600642517
max_error: 0.023025550288366503
variance: 4.452285631882494e-06

AL interation 1569/5000.

mae: 0.002231368574489352
max_error: 0.023016557648588787
variance: 4.450942453724249e-06

AL interation 1570/5000.

mae: 0.002233003936973546
max_error: 0.023069392087563756
variance: 4.451814931653943e-06

AL interation 1571/5000.

mae: 0.002231157272750352
max_error: 0.02304581081807555
variance: 4.442210752103138e-06

AL interation 1572/5000.

mae: 0.0022307191922391213
max_error: 0.02308234751217242
variance: 4.443274071540512e-06

AL interation 1573/5000.

mae: 0.0022307100735943094
max_error: 0.02308290184555517
variance: 4.443302950003877e-06

AL interation 1574/5000.

mae: 0.0022303996932732844
max_error: 0.023050289533784962
variance: 4.447254917364786e-06

AL interation 1575/5000.

mae: 0.0022317891127531767
max_error: 0.023081264340362395
variance: 4.449982942964544e-06

AL interation 1576/5000.

mae: 0.0022301200939555204
max_error: 0.022967547380176256
variance: 4.43342584334878e-06

AL interation 1577/5000.

mae: 0.002228694285045094
max_error: 0.02291474489720713
variance: 4.433692109454232e-06

AL interation 1578/5000.

mae: 0.0022283576284380614
max_error: 0.023081683588316082
variance: 4.440541478548661e-06

AL interation 1579/5000.

mae: 0.0022284318258489295
max_error: 0.023078808311765897
variance: 4.440892090774553e-06

AL interation 1580/5000.

mae: 0.0022285940074189057
max_error: 0.02302880926981743
variance: 4.443550523542745e-06

AL interation 1581/5000.

mae: 0.002231591101702179
max_error: 0.023158249960033572
variance: 4.464162369378681e-06

AL interation 1582/5000.

mae: 0.0022336791298093886
max_error: 0.02325844925326237
variance: 4.475483505222138e-06

AL interation 1583/5000.

mae: 0.0022382921116877695
max_error: 0.02415337758975511
variance: 4.500558495100977e-06

AL interation 1584/5000.

mae: 0.002235588443224515
max_error: 0.02410175774093659
variance: 4.506448765780548e-06

AL interation 1585/5000.

mae: 0.0022356885504996172
max_error: 0.02412936590371828
variance: 4.512517781081608e-06

AL interation 1586/5000.

mae: 0.0022351567131936464
max_error: 0.02417097270335944
variance: 4.5087648752658715e-06

AL interation 1587/5000.

mae: 0.002235207528360661
max_error: 0.024092646539429552
variance: 4.509758129806601e-06

AL interation 1588/5000.

mae: 0.002234248265970564
max_error: 0.023973939116331167
variance: 4.495993559097837e-06

AL interation 1589/5000.

mae: 0.002233609364167023
max_error: 0.024206574822528637
variance: 4.493671898194631e-06

AL interation 1590/5000.

mae: 0.0022304616249157333
max_error: 0.023639772398382775
variance: 4.49187545693815e-06

AL interation 1591/5000.

mae: 0.0022316725700966345
max_error: 0.023407405160469352
variance: 4.5082620896519305e-06

AL interation 1592/5000.

mae: 0.0022316375271320796
max_error: 0.02346896004564769
variance: 4.505218063944477e-06

AL interation 1593/5000.

mae: 0.0022292407132272272
max_error: 0.02356649245302833
variance: 4.500354316105825e-06

AL interation 1594/5000.

mae: 0.0022309988934857755
max_error: 0.02353414767094364
variance: 4.5119971124469326e-06

AL interation 1595/5000.

mae: 0.0022295491771628802
max_error: 0.023527287206889014
variance: 4.4975600896559875e-06

AL interation 1596/5000.

mae: 0.0022282088865140394
max_error: 0.023410966945448308
variance: 4.489812125471776e-06

AL interation 1597/5000.

mae: 0.002224834399642532
max_error: 0.023276750418517622
variance: 4.472821932153276e-06

AL interation 1598/5000.

mae: 0.002225028010496317
max_error: 0.02331163031158212
variance: 4.47003319172628e-06

AL interation 1599/5000.

mae: 0.0022242697542633324
max_error: 0.02330020539193356
variance: 4.46628174738803e-06

AL interation 1600/5000.

mae: 0.0022193164483815054
max_error: 0.02323957560111012
variance: 4.443183638923371e-06

AL interation 1601/5000.

mae: 0.00221667993772553
max_error: 0.02297398989139765
variance: 4.4319411888767754e-06

AL interation 1602/5000.

mae: 0.0022154095701071128
max_error: 0.022970522431933205
variance: 4.42921002950945e-06

AL interation 1603/5000.

mae: 0.0022185253694678975
max_error: 0.022897224631378776
variance: 4.447691186031834e-06

AL interation 1604/5000.

mae: 0.0022111904439425416
max_error: 0.022452194620200316
variance: 4.4252104209934135e-06

AL interation 1605/5000.

mae: 0.002211388465062555
max_error: 0.022119652157925884
variance: 4.437199105889361e-06

AL interation 1606/5000.

mae: 0.002210261956768591
max_error: 0.022042003305614344
variance: 4.423901200202752e-06

AL interation 1607/5000.

mae: 0.0022100866325790777
max_error: 0.022030588805137086
variance: 4.421790329281604e-06

AL interation 1608/5000.

mae: 0.0022092267382104185
max_error: 0.02204989683923486
variance: 4.41842465111567e-06

AL interation 1609/5000.

mae: 0.0022091075356629516
max_error: 0.022027824974429677
variance: 4.420708109460747e-06

AL interation 1610/5000.

mae: 0.002208345255342465
max_error: 0.02205773575224157
variance: 4.416214204464596e-06

AL interation 1611/5000.

mae: 0.002208138197835069
max_error: 0.022053375838368083
variance: 4.414896330044871e-06

AL interation 1612/5000.

mae: 0.002208077136331667
max_error: 0.02219638499627763
variance: 4.417166263435062e-06

AL interation 1613/5000.

mae: 0.002202107039270231
max_error: 0.02201418289587309
variance: 4.392885324598087e-06

AL interation 1614/5000.

mae: 0.002202489841136412
max_error: 0.02229082180383557
variance: 4.393942651242823e-06

AL interation 1615/5000.

mae: 0.0022023715795276076
max_error: 0.022287106990916072
variance: 4.394613034096889e-06

AL interation 1616/5000.

mae: 0.0022011351572582497
max_error: 0.022243664649067796
variance: 4.384138633738559e-06

AL interation 1617/5000.

mae: 0.0022034714979936327
max_error: 0.0222132710605365
variance: 4.377253644511947e-06

AL interation 1618/5000.

mae: 0.0022044233427741347
max_error: 0.022166296452269307
variance: 4.373168782447286e-06

AL interation 1619/5000.

mae: 0.002209118376267725
max_error: 0.021554171818934265
variance: 4.358007409456226e-06

AL interation 1620/5000.

mae: 0.002209171621164387
max_error: 0.021555884091867483
variance: 4.357659914121805e-06

AL interation 1621/5000.

mae: 0.0022078346369007705
max_error: 0.02139738042569661
variance: 4.34521543640671e-06

AL interation 1622/5000.

mae: 0.0021934199514716964
max_error: 0.02099651338176045
variance: 4.2976556317796075e-06

AL interation 1623/5000.

mae: 0.0021934921039492112
max_error: 0.02099556667053548
variance: 4.299204738711038e-06

AL interation 1624/5000.

mae: 0.002196548292899024
max_error: 0.020895923820717144
variance: 4.303397927616829e-06

AL interation 1625/5000.

mae: 0.002195107290085616
max_error: 0.020881233669570065
variance: 4.30079013513626e-06

AL interation 1626/5000.

mae: 0.0021950956767414027
max_error: 0.020879113324554055
variance: 4.300711990794638e-06

AL interation 1627/5000.

mae: 0.0021948294870007884
max_error: 0.0206437011493108
variance: 4.300384107232696e-06

AL interation 1628/5000.

mae: 0.0021961410304120366
max_error: 0.020837699235926266
variance: 4.312836781190995e-06

AL interation 1629/5000.

mae: 0.002196488990355647
max_error: 0.021039754841694958
variance: 4.3242014444377e-06

AL interation 1630/5000.

mae: 0.002194839797560235
max_error: 0.020301921051213867
variance: 4.298475240342131e-06

AL interation 1631/5000.

mae: 0.002194668627583269
max_error: 0.020316117666880018
variance: 4.299231889349806e-06

AL interation 1632/5000.

mae: 0.0021913185119865376
max_error: 0.020278013971619657
variance: 4.292794623344381e-06

AL interation 1633/5000.

mae: 0.002190342475793841
max_error: 0.02028363682438794
variance: 4.321759458055934e-06

AL interation 1634/5000.

mae: 0.0021866326360350284
max_error: 0.020195028786474722
variance: 4.260691380029572e-06

AL interation 1635/5000.

mae: 0.0021869042127900685
max_error: 0.02019740616196941
variance: 4.261051695579274e-06

AL interation 1636/5000.

mae: 0.0021830522276241027
max_error: 0.020318215303632314
variance: 4.255237685930798e-06

AL interation 1637/5000.

mae: 0.002180372655218889
max_error: 0.02052736758014362
variance: 4.258358894338073e-06

AL interation 1638/5000.

mae: 0.0021801579674811363
max_error: 0.020519951793176006
variance: 4.2587653723044854e-06

AL interation 1639/5000.

mae: 0.00217502595750193
max_error: 0.02042105692635232
variance: 4.251381858570815e-06

AL interation 1640/5000.

mae: 0.002168059357992206
max_error: 0.020123430373132578
variance: 4.21974323441165e-06

AL interation 1641/5000.

mae: 0.002166508642534609
max_error: 0.02007004018923908
variance: 4.219499447436568e-06

AL interation 1642/5000.

mae: 0.002167446893570741
max_error: 0.020064199836269836
variance: 4.218163846355736e-06

AL interation 1643/5000.

mae: 0.0021676230465727713
max_error: 0.020040434274051222
variance: 4.21826801948126e-06

AL interation 1644/5000.

mae: 0.002165889890604376
max_error: 0.019957839567723568
variance: 4.204474758510443e-06

AL interation 1645/5000.

mae: 0.0021635962993686916
max_error: 0.019940824515288114
variance: 4.207227496130314e-06

AL interation 1646/5000.

mae: 0.0021598741902580515
max_error: 0.019740621091841604
variance: 4.201198479663232e-06

AL interation 1647/5000.

mae: 0.0021602470562147574
max_error: 0.019744091432585265
variance: 4.202129230287398e-06

AL interation 1648/5000.

mae: 0.0021584416531277386
max_error: 0.019798911785983364
variance: 4.201816356192802e-06

AL interation 1649/5000.

mae: 0.002158595736534153
max_error: 0.019722870738405618
variance: 4.2000773777802895e-06

AL interation 1650/5000.

mae: 0.002158495924152703
max_error: 0.019706522636624868
variance: 4.2005624170212525e-06

AL interation 1651/5000.

mae: 0.0021587353394616005
max_error: 0.019726046730283997
variance: 4.199742612043598e-06

AL interation 1652/5000.

mae: 0.0021551947859807115
max_error: 0.019718503745025373
variance: 4.16774415224331e-06

AL interation 1653/5000.

mae: 0.0021551977848421303
max_error: 0.01971796820544114
variance: 4.168568431462585e-06

AL interation 1654/5000.

mae: 0.00215039144367438
max_error: 0.019468502416202682
variance: 4.1586481126514254e-06

AL interation 1655/5000.

mae: 0.0021478692600585417
max_error: 0.019523357279467746
variance: 4.156678797664257e-06

AL interation 1656/5000.

mae: 0.0021481951984033
max_error: 0.019628072301202337
variance: 4.160470069235441e-06

AL interation 1657/5000.

mae: 0.002145186896767882
max_error: 0.019701901115695364
variance: 4.145997207782118e-06

AL interation 1658/5000.

mae: 0.0021436568209337566
max_error: 0.019764120332183666
variance: 4.147665338981189e-06

AL interation 1659/5000.

mae: 0.0021438325191729746
max_error: 0.019800198349912534
variance: 4.149487172890476e-06

AL interation 1660/5000.

mae: 0.002142688156622171
max_error: 0.019859453777826275
variance: 4.153334797497009e-06

AL interation 1661/5000.

mae: 0.002141864572989107
max_error: 0.019874309246006305
variance: 4.152021934042856e-06

AL interation 1662/5000.

mae: 0.002142609951362829
max_error: 0.0200036287697003
variance: 4.155089758934976e-06

AL interation 1663/5000.

mae: 0.0021399763615254416
max_error: 0.01999727742622781
variance: 4.141974916047043e-06

AL interation 1664/5000.

mae: 0.002140860463880927
max_error: 0.019955254674641765
variance: 4.144207780037132e-06

AL interation 1665/5000.

mae: 0.0021375879654315214
max_error: 0.01971958333706425
variance: 4.138218156283549e-06

AL interation 1666/5000.

mae: 0.0021408997549769992
max_error: 0.01947974793984031
variance: 4.138293807696855e-06

AL interation 1667/5000.

mae: 0.002142346778964566
max_error: 0.01946195139134943
variance: 4.13454564045312e-06

AL interation 1668/5000.

mae: 0.0021433727193507367
max_error: 0.019441899543380714
variance: 4.13419312422371e-06

AL interation 1669/5000.

mae: 0.002137296026200602
max_error: 0.0191756096228346
variance: 4.091625854674912e-06

AL interation 1670/5000.

mae: 0.002136744012559575
max_error: 0.01919994893069088
variance: 4.092052568530579e-06

AL interation 1671/5000.

mae: 0.0021371241531487613
max_error: 0.019192994861441548
variance: 4.100576631173379e-06

AL interation 1672/5000.

mae: 0.0021372195692492824
max_error: 0.01918522916639631
variance: 4.102509421076431e-06

AL interation 1673/5000.

mae: 0.0021384955812172846
max_error: 0.01850770011333225
variance: 4.0799044340495865e-06

AL interation 1674/5000.

mae: 0.002136190409731171
max_error: 0.018651294833034626
variance: 4.0763286783410395e-06

AL interation 1675/5000.

mae: 0.00213613923970388
max_error: 0.018648952935109264
variance: 4.076270845754889e-06

AL interation 1676/5000.

mae: 0.002136969239082646
max_error: 0.01860087902423402
variance: 4.072874282226085e-06

AL interation 1677/5000.

mae: 0.002124214164756268
max_error: 0.01805635700111452
variance: 4.058024822457585e-06

AL interation 1678/5000.

mae: 0.002124364190425695
max_error: 0.01805941365273611
variance: 4.058429188321028e-06

AL interation 1679/5000.

mae: 0.002125975766575721
max_error: 0.018216470058177947
variance: 4.06504561052983e-06

AL interation 1680/5000.

mae: 0.0021262690221647063
max_error: 0.0183335878446087
variance: 4.064843652519941e-06

AL interation 1681/5000.

mae: 0.00212611894771635
max_error: 0.018346702336202725
variance: 4.06498083507728e-06

AL interation 1682/5000.

mae: 0.0021290674654683246
max_error: 0.018183419544584467
variance: 4.064758508534271e-06

AL interation 1683/5000.

mae: 0.002128527668100105
max_error: 0.018162066413424327
variance: 4.064372625264541e-06

AL interation 1684/5000.

mae: 0.002124073166140079
max_error: 0.018262808296640287
variance: 4.044233859745953e-06

AL interation 1685/5000.

mae: 0.0021213803158134396
max_error: 0.018309961988052237
variance: 4.044031667704347e-06

AL interation 1686/5000.

mae: 0.0021213924580333696
max_error: 0.018293524872206035
variance: 4.044177648495944e-06

AL interation 1687/5000.

mae: 0.002122215705993767
max_error: 0.018541379444286576
variance: 4.038716822736038e-06

AL interation 1688/5000.

mae: 0.0021233378443139372
max_error: 0.0184897900235228
variance: 4.034185885125418e-06

AL interation 1689/5000.

mae: 0.0021221354860690555
max_error: 0.01882852479138819
variance: 4.046414690649375e-06

AL interation 1690/5000.

mae: 0.0021207701624580294
max_error: 0.018762536461508716
variance: 4.035841097870023e-06

AL interation 1691/5000.

mae: 0.0021189654116751627
max_error: 0.01834916371262807
variance: 4.024647411685366e-06

AL interation 1692/5000.

mae: 0.002113901211782832
max_error: 0.018039102496913983
variance: 3.987334999851019e-06

AL interation 1693/5000.

mae: 0.002113773288407174
max_error: 0.018162204234613455
variance: 3.98935286908491e-06

AL interation 1694/5000.

mae: 0.002112894160701217
max_error: 0.01815343714952178
variance: 3.988001455597837e-06

AL interation 1695/5000.

mae: 0.0021121008792842986
max_error: 0.01833495855498768
variance: 3.993028667429487e-06

AL interation 1696/5000.

mae: 0.002107840581228629
max_error: 0.01834551417232433
variance: 3.983245596091983e-06

AL interation 1697/5000.

mae: 0.0021010907147374384
max_error: 0.017683172232864308
variance: 3.930675523723814e-06

AL interation 1698/5000.

mae: 0.0021010076684360684
max_error: 0.017676536421276978
variance: 3.930540654132626e-06

AL interation 1699/5000.

mae: 0.002101381329413016
max_error: 0.017679730137388106
variance: 3.931852488973141e-06

AL interation 1700/5000.

mae: 0.0021002770899995085
max_error: 0.017648728126005153
variance: 3.9374437068136985e-06

AL interation 1701/5000.

mae: 0.0020987694677896797
max_error: 0.0174524770827702
variance: 3.933440458801737e-06

AL interation 1702/5000.

mae: 0.0020990096235545936
max_error: 0.017495860322014778
variance: 3.936395970264846e-06

AL interation 1703/5000.

mae: 0.002099016295687761
max_error: 0.017494715610155254
variance: 3.9363823385678935e-06

AL interation 1704/5000.

mae: 0.0020942529663843744
max_error: 0.01648755368478305
variance: 3.919218834294232e-06

AL interation 1705/5000.

mae: 0.00209424028725698
max_error: 0.01648759708587022
variance: 3.91924234898182e-06

AL interation 1706/5000.

mae: 0.0020983846037797775
max_error: 0.016484548226799234
variance: 3.930555619825633e-06

AL interation 1707/5000.

mae: 0.0020988063320455694
max_error: 0.01648955872769875
variance: 3.931371951616144e-06

AL interation 1708/5000.

mae: 0.002098509293005009
max_error: 0.01654953403158288
variance: 3.932182521979074e-06

AL interation 1709/5000.

mae: 0.002096245467239896
max_error: 0.0165663562638656
variance: 3.927073378012093e-06

AL interation 1710/5000.

mae: 0.002097744000280727
max_error: 0.016661838611980784
variance: 3.915840102863617e-06

AL interation 1711/5000.

mae: 0.002097861589072636
max_error: 0.016651233278025757
variance: 3.916543772632062e-06

AL interation 1712/5000.

mae: 0.0020979130536989033
max_error: 0.016661949672197807
variance: 3.925830270527062e-06

AL interation 1713/5000.

mae: 0.0020889906775209965
max_error: 0.016397229386711842
variance: 3.903402426341777e-06

AL interation 1714/5000.

mae: 0.002088040302027366
max_error: 0.016526419580259244
variance: 3.868282109537923e-06

AL interation 1715/5000.

mae: 0.002087945923754887
max_error: 0.0165293824084074
variance: 3.867881296080397e-06

AL interation 1716/5000.

mae: 0.0020871201070112875
max_error: 0.016659090206303517
variance: 3.8597172191628425e-06

AL interation 1717/5000.

mae: 0.0020853122153021105
max_error: 0.01642354693285597
variance: 3.85976062570203e-06

AL interation 1718/5000.

mae: 0.0020873914315980074
max_error: 0.016027292540456983
variance: 3.8332521390664645e-06

AL interation 1719/5000.

mae: 0.002088053741630574
max_error: 0.01602183540489932
variance: 3.838076634781599e-06

AL interation 1720/5000.

mae: 0.0020865766151446224
max_error: 0.015913821194772027
variance: 3.830881966430158e-06

AL interation 1721/5000.

mae: 0.0020868718264391646
max_error: 0.015946941281072213
variance: 3.843423253483244e-06

AL interation 1722/5000.

mae: 0.0020874095639856023
max_error: 0.015934773566186777
variance: 3.849249700576751e-06

AL interation 1723/5000.

mae: 0.002089148561119146
max_error: 0.015975196305589634
variance: 3.854791591271646e-06

AL interation 1724/5000.

mae: 0.00209180978319273
max_error: 0.01607376210995426
variance: 3.860774086999065e-06

AL interation 1725/5000.

mae: 0.0020858904196547883
max_error: 0.016348128110621474
variance: 3.857371582915337e-06

AL interation 1726/5000.

mae: 0.0020858977197385684
max_error: 0.016734176175305038
variance: 3.895095721539581e-06

AL interation 1727/5000.

mae: 0.0020796747086897086
max_error: 0.016825340111608966
variance: 3.882469477336939e-06

AL interation 1728/5000.

mae: 0.00207718018734613
max_error: 0.016780644558821223
variance: 3.899009253951176e-06

AL interation 1729/5000.

mae: 0.002073320377056916
max_error: 0.014607985582188121
variance: 3.867177648554483e-06

AL interation 1730/5000.

mae: 0.0020733836875069757
max_error: 0.014677200500955223
variance: 3.865110936907318e-06

AL interation 1731/5000.

mae: 0.0020730810585018844
max_error: 0.014763953584406408
variance: 3.862632308366733e-06

AL interation 1732/5000.

mae: 0.002072112110706257
max_error: 0.015139941851884942
variance: 3.869401830530347e-06

AL interation 1733/5000.

mae: 0.0020669613563522944
max_error: 0.0152179848500964
variance: 3.866247831302461e-06

AL interation 1734/5000.

mae: 0.0020659332446484767
max_error: 0.015205461042569368
variance: 3.863973706128789e-06

AL interation 1735/5000.

mae: 0.0020665182483307946
max_error: 0.015256680728271022
variance: 3.8692656300285395e-06

AL interation 1736/5000.

mae: 0.0020663275149872787
max_error: 0.01528428566052753
variance: 3.871855686552857e-06

AL interation 1737/5000.

mae: 0.0020655677629138154
max_error: 0.01530617465141404
variance: 3.874812876135428e-06

AL interation 1738/5000.

mae: 0.0020670271054141266
max_error: 0.015240477498082328
variance: 3.875131589410562e-06

AL interation 1739/5000.

mae: 0.0020668067932974737
max_error: 0.015305589911804418
variance: 3.87464965852974e-06

AL interation 1740/5000.

mae: 0.0020663809071475043
max_error: 0.015548697379927034
variance: 3.869947961849558e-06

AL interation 1741/5000.

mae: 0.0020637465781701394
max_error: 0.015666654906453914
variance: 3.873539185361435e-06

AL interation 1742/5000.

mae: 0.0020629122560785616
max_error: 0.01549338830045599
variance: 3.874133908198526e-06

AL interation 1743/5000.

mae: 0.0020503133535094095
max_error: 0.015821928607692826
variance: 3.855423629604417e-06

AL interation 1744/5000.

mae: 0.0020503136125335003
max_error: 0.015821925988348085
variance: 3.855378865439295e-06

AL interation 1745/5000.

mae: 0.00204741606832431
max_error: 0.016003890521460562
variance: 3.854275117784174e-06

AL interation 1746/5000.

mae: 0.0020458172574544732
max_error: 0.01590235118601413
variance: 3.839982192483582e-06

AL interation 1747/5000.

mae: 0.0020454671459810927
max_error: 0.015871677363975323
variance: 3.8400387445243325e-06

AL interation 1748/5000.

mae: 0.002041234576617171
max_error: 0.01590336074696097
variance: 3.823565279591023e-06

AL interation 1749/5000.

mae: 0.0020411743517252034
max_error: 0.015905728590951185
variance: 3.827590925022926e-06

AL interation 1750/5000.

mae: 0.002041292899547443
max_error: 0.015950500519466004
variance: 3.829198283443412e-06

AL interation 1751/5000.

mae: 0.0020408671481254716
max_error: 0.016097304278446245
variance: 3.8300848999884065e-06

AL interation 1752/5000.

mae: 0.002041042360740903
max_error: 0.016237295034443378
variance: 3.836400536769811e-06

AL interation 1753/5000.

mae: 0.0020405691690084495
max_error: 0.01622027773373702
variance: 3.833480060550599e-06

AL interation 1754/5000.

mae: 0.002041671910959849
max_error: 0.016171879766261554
variance: 3.835350685986224e-06

AL interation 1755/5000.

mae: 0.0020383256760442238
max_error: 0.016021389337765868
variance: 3.825592265435327e-06

AL interation 1756/5000.

mae: 0.002037289347062142
max_error: 0.016130309746586136
variance: 3.812631082332248e-06

AL interation 1757/5000.

mae: 0.0020380468336325067
max_error: 0.01603209505083214
variance: 3.809937931462227e-06

AL interation 1758/5000.

mae: 0.0020342326196141586
max_error: 0.015254142175763263
variance: 3.8046870463673654e-06

AL interation 1759/5000.

mae: 0.002034711373123173
max_error: 0.015224008680888801
variance: 3.803625990336077e-06

AL interation 1760/5000.

mae: 0.0020360446634995243
max_error: 0.015069397593833855
variance: 3.808834620688973e-06

AL interation 1761/5000.

mae: 0.002035794219701529
max_error: 0.01497177166857
variance: 3.813926042257061e-06

AL interation 1762/5000.

mae: 0.0020355877334459365
max_error: 0.014747258099305327
variance: 3.82043584059008e-06

AL interation 1763/5000.

mae: 0.0020314962875072526
max_error: 0.01373298549970059
variance: 3.7811672329919273e-06

AL interation 1764/5000.

mae: 0.002031028062832775
max_error: 0.013721917196562572
variance: 3.7787427857565893e-06

AL interation 1765/5000.

mae: 0.00203212223272385
max_error: 0.013745635869781836
variance: 3.798642484083152e-06

AL interation 1766/5000.

mae: 0.0020321154222183394
max_error: 0.013746868489761255
variance: 3.798727643466149e-06

AL interation 1767/5000.

mae: 0.002032124871279848
max_error: 0.013741535831286456
variance: 3.797841636251296e-06

AL interation 1768/5000.

mae: 0.0020314456652449735
max_error: 0.013791894873065758
variance: 3.790182029853898e-06

AL interation 1769/5000.

mae: 0.0020311291692678424
max_error: 0.013789621951218578
variance: 3.789478227854037e-06

AL interation 1770/5000.

mae: 0.002030647933925138
max_error: 0.014126184038104839
variance: 3.802292733699596e-06

AL interation 1771/5000.

mae: 0.0020295221857040816
max_error: 0.014035651378435432
variance: 3.809556962758234e-06

AL interation 1772/5000.

mae: 0.0020292856639753153
max_error: 0.014008020878463867
variance: 3.8116996138576577e-06

AL interation 1773/5000.

mae: 0.00202835339297053
max_error: 0.013956467044408782
variance: 3.816311295194044e-06

AL interation 1774/5000.

mae: 0.0020283806322377133
max_error: 0.013973941056974581
variance: 3.816916902710513e-06

AL interation 1775/5000.

mae: 0.0020284858913801147
max_error: 0.013875006607122486
variance: 3.808914509866826e-06

AL interation 1776/5000.

mae: 0.0020285098384656523
max_error: 0.013878668662073324
variance: 3.8091118199406604e-06

AL interation 1777/5000.

mae: 0.0020293689835561963
max_error: 0.014002115347466315
variance: 3.8097153467441126e-06

AL interation 1778/5000.

mae: 0.0020292527369783785
max_error: 0.013975742300317506
variance: 3.8101072307603437e-06

AL interation 1779/5000.

mae: 0.002030317359998662
max_error: 0.013931874754234741
variance: 3.801793419844367e-06

AL interation 1780/5000.

mae: 0.0020333064896276482
max_error: 0.013988769524075906
variance: 3.8063095801834965e-06

AL interation 1781/5000.

mae: 0.002034556679565867
max_error: 0.013781740491140226
variance: 3.8001412795125025e-06

AL interation 1782/5000.

mae: 0.002034663199332499
max_error: 0.013762086878159607
variance: 3.8007597398293184e-06

AL interation 1783/5000.

mae: 0.0020347061084976304
max_error: 0.013766642755399516
variance: 3.801800644658974e-06

AL interation 1784/5000.

mae: 0.0020283417894543165
max_error: 0.01371142601055908
variance: 3.7727041073284604e-06

AL interation 1785/5000.

mae: 0.0020288444399284345
max_error: 0.013776650277577573
variance: 3.773274769416554e-06

AL interation 1786/5000.

mae: 0.002023702010722445
max_error: 0.013752170807492803
variance: 3.7589626738765134e-06

AL interation 1787/5000.

mae: 0.002020325838907411
max_error: 0.01380323251032678
variance: 3.7543893857756576e-06

AL interation 1788/5000.

mae: 0.002020670215341852
max_error: 0.013831893031237996
variance: 3.7523118370215236e-06

AL interation 1789/5000.

mae: 0.002020956120194569
max_error: 0.013829678578986204
variance: 3.75351565137999e-06

AL interation 1790/5000.

mae: 0.0020201647295225483
max_error: 0.013245833075416158
variance: 3.7363999907122587e-06

AL interation 1791/5000.

mae: 0.002020677496208009
max_error: 0.013294695678268909
variance: 3.7390220547404087e-06

AL interation 1792/5000.

mae: 0.0020206886400101214
max_error: 0.013290706721818424
variance: 3.738931056794861e-06

AL interation 1793/5000.

mae: 0.002021064092852612
max_error: 0.013245012238257914
variance: 3.7399084890035865e-06

AL interation 1794/5000.

mae: 0.0020217773080730694
max_error: 0.013263863669635612
variance: 3.7398719709612203e-06

AL interation 1795/5000.

mae: 0.0020200673745930544
max_error: 0.013503443855370278
variance: 3.7323971404530816e-06

AL interation 1796/5000.

mae: 0.002020431495947378
max_error: 0.013552469607020612
variance: 3.7267870786096854e-06

AL interation 1797/5000.

mae: 0.0020196584476243518
max_error: 0.013552310445447802
variance: 3.7232880477384937e-06

AL interation 1798/5000.

mae: 0.002016929789728238
max_error: 0.013577705567513476
variance: 3.7119754393879218e-06

AL interation 1799/5000.

mae: 0.002016706516188606
max_error: 0.01356722292075574
variance: 3.711257964747597e-06

AL interation 1800/5000.

mae: 0.0020139621104663095
max_error: 0.013808834459268837
variance: 3.6907949529949137e-06

AL interation 1801/5000.

mae: 0.002013632265660817
max_error: 0.013824132422087132
variance: 3.685398157584362e-06

AL interation 1802/5000.

mae: 0.0020130922891794397
max_error: 0.0140431487288879
variance: 3.6878470109949915e-06

AL interation 1803/5000.

mae: 0.0020137139432217736
max_error: 0.01417301619767386
variance: 3.689015115877503e-06

AL interation 1804/5000.

mae: 0.002009666093203123
max_error: 0.014112785587713006
variance: 3.681644757615206e-06

AL interation 1805/5000.

mae: 0.0020055634336076764
max_error: 0.014217330621249857
variance: 3.67205025007167e-06

AL interation 1806/5000.

mae: 0.002005753806901339
max_error: 0.014247646764488309
variance: 3.66826128034257e-06

AL interation 1807/5000.

mae: 0.002005287320967909
max_error: 0.014167836458000238
variance: 3.6451447853136565e-06

AL interation 1808/5000.

mae: 0.002006982515365962
max_error: 0.014163933008603635
variance: 3.639931726611632e-06

AL interation 1809/5000.

mae: 0.0020072686812009125
max_error: 0.014231663348255097
variance: 3.654404654729333e-06

AL interation 1810/5000.

mae: 0.002002280376762428
max_error: 0.014285547627878259
variance: 3.6632244811724027e-06

AL interation 1811/5000.

mae: 0.0020015521966934104
max_error: 0.014413368115128833
variance: 3.6652865987417473e-06

AL interation 1812/5000.

mae: 0.002000973601647274
max_error: 0.014402902799702133
variance: 3.663854030058348e-06

AL interation 1813/5000.

mae: 0.0020008602502311987
max_error: 0.014412643851756002
variance: 3.6646629571590224e-06

AL interation 1814/5000.

mae: 0.001999500781580537
max_error: 0.01419538633308548
variance: 3.6526245434300536e-06

AL interation 1815/5000.

mae: 0.0019984006738322934
max_error: 0.014141014025881304
variance: 3.6441212178765666e-06

AL interation 1816/5000.

mae: 0.0019983765929418953
max_error: 0.014159043994368403
variance: 3.6442682510351562e-06

AL interation 1817/5000.

mae: 0.0019977503462823734
max_error: 0.014143520324068959
variance: 3.6408680882804518e-06

AL interation 1818/5000.

mae: 0.001995465109851466
max_error: 0.014068900773054338
variance: 3.6378326981283826e-06

AL interation 1819/5000.

mae: 0.0019955189413303743
max_error: 0.013974021288959193
variance: 3.6386472959304156e-06

AL interation 1820/5000.

mae: 0.0019953674747475816
max_error: 0.013980924280986073
variance: 3.6359930954352128e-06

AL interation 1821/5000.

mae: 0.001995545897148077
max_error: 0.014025379537997651
variance: 3.637663704817439e-06

AL interation 1822/5000.

mae: 0.0019955057581319126
max_error: 0.014030444885065663
variance: 3.6363430917322803e-06

AL interation 1823/5000.

mae: 0.001995467579648903
max_error: 0.014107166940448224
variance: 3.636100467593372e-06

AL interation 1824/5000.

mae: 0.0019977613156743246
max_error: 0.014261899746998097
variance: 3.6323000079641883e-06

AL interation 1825/5000.

mae: 0.0019986175375634047
max_error: 0.014248089499233174
variance: 3.6300052957269485e-06

AL interation 1826/5000.

mae: 0.0019986134167083946
max_error: 0.014249668338379706
variance: 3.630193539434761e-06

AL interation 1827/5000.

mae: 0.001997713385959287
max_error: 0.01418220894811384
variance: 3.620621744518475e-06

AL interation 1828/5000.

mae: 0.001997674278753948
max_error: 0.01416640206844022
variance: 3.618786622729784e-06

AL interation 1829/5000.

mae: 0.0019989050563353887
max_error: 0.014218404792700312
variance: 3.6199811329705433e-06

AL interation 1830/5000.

mae: 0.002001484426852585
max_error: 0.014432555659368518
variance: 3.6371964785359493e-06

AL interation 1831/5000.

mae: 0.0020022229430514925
max_error: 0.014444275873756851
variance: 3.6350404518811754e-06

AL interation 1832/5000.

mae: 0.0020023455654963984
max_error: 0.014509582395476173
variance: 3.6364114822803895e-06

AL interation 1833/5000.

mae: 0.002003456140072558
max_error: 0.014618600054745912
variance: 3.6376048482719746e-06

AL interation 1834/5000.

mae: 0.0020065023200759244
max_error: 0.01455961663123162
variance: 3.637035283410189e-06

AL interation 1835/5000.

mae: 0.0020027304753721183
max_error: 0.014739095617187559
variance: 3.606528878930313e-06

AL interation 1836/5000.

mae: 0.00200514911002756
max_error: 0.014503421267363592
variance: 3.6206313281447374e-06

AL interation 1837/5000.

mae: 0.0020008428173996437
max_error: 0.014459625721428893
variance: 3.6222191893905413e-06

AL interation 1838/5000.

mae: 0.0020029131170686016
max_error: 0.01446108237541921
variance: 3.6247013716353833e-06

AL interation 1839/5000.

mae: 0.0020028333668888083
max_error: 0.014480555282716523
variance: 3.625639376593617e-06

AL interation 1840/5000.

mae: 0.0020017585170244274
max_error: 0.014417591335586621
variance: 3.627297753550294e-06

AL interation 1841/5000.

mae: 0.002000196052607862
max_error: 0.01431492309893656
variance: 3.6253188161664533e-06

AL interation 1842/5000.

mae: 0.0020007956264362294
max_error: 0.01409583385066071
variance: 3.6288029562460733e-06

AL interation 1843/5000.

mae: 0.0020010183878930547
max_error: 0.014123980681688408
variance: 3.6235515360962965e-06

AL interation 1844/5000.

mae: 0.00199701364161956
max_error: 0.013551524314607377
variance: 3.6126100109803683e-06

AL interation 1845/5000.

mae: 0.0019987272907337683
max_error: 0.013523345942303422
variance: 3.622103919700922e-06

AL interation 1846/5000.

mae: 0.0019993608143886376
max_error: 0.01353487749111082
variance: 3.621584529586202e-06

AL interation 1847/5000.

mae: 0.001999643226724402
max_error: 0.0135258213031193
variance: 3.6194138112817764e-06

AL interation 1848/5000.

mae: 0.002000937740360314
max_error: 0.013520067621357157
variance: 3.624527393116498e-06

AL interation 1849/5000.

mae: 0.002001462515840103
max_error: 0.013519373625968
variance: 3.6214413741356893e-06

AL interation 1850/5000.

mae: 0.0020009160090658042
max_error: 0.013411188358077197
variance: 3.620327738515119e-06

AL interation 1851/5000.

mae: 0.001999969042273733
max_error: 0.013525506450605462
variance: 3.6187788082618414e-06

AL interation 1852/5000.

mae: 0.0019999948265558487
max_error: 0.013611262487756903
variance: 3.6202541088947165e-06

AL interation 1853/5000.

mae: 0.002000827025376566
max_error: 0.013621942473037052
variance: 3.6229323047242207e-06

AL interation 1854/5000.

mae: 0.0019962385815642846
max_error: 0.013681772388736135
variance: 3.618667673446244e-06

AL interation 1855/5000.

mae: 0.0019958862536796004
max_error: 0.01367371480409929
variance: 3.613890776069021e-06

AL interation 1856/5000.

mae: 0.0019965962663818573
max_error: 0.013681312562766834
variance: 3.6237145419618303e-06

AL interation 1857/5000.

mae: 0.0019951458756577267
max_error: 0.013853384201865993
variance: 3.6066623621376066e-06

AL interation 1858/5000.

mae: 0.0019955514696703178
max_error: 0.013864495724192238
variance: 3.607266545109129e-06

AL interation 1859/5000.

mae: 0.001995013401556207
max_error: 0.013852495043465751
variance: 3.603714933097789e-06

AL interation 1860/5000.

mae: 0.001997692353557795
max_error: 0.01380194972261961
variance: 3.606694073273133e-06

AL interation 1861/5000.

mae: 0.001994382606783802
max_error: 0.014315879807327292
variance: 3.591166449468522e-06

AL interation 1862/5000.

mae: 0.001994758054957856
max_error: 0.014331954369481537
variance: 3.5898110447036825e-06

AL interation 1863/5000.

mae: 0.0019948868044039046
max_error: 0.014231801707865088
variance: 3.587925746463826e-06

AL interation 1864/5000.

mae: 0.0019953936237443485
max_error: 0.014203951721356134
variance: 3.5887121158234567e-06

AL interation 1865/5000.

mae: 0.001995928938274119
max_error: 0.014184906633090577
variance: 3.5904007928898724e-06

AL interation 1866/5000.

mae: 0.0019959820061594656
max_error: 0.014491239793642308
variance: 3.592210388239453e-06

AL interation 1867/5000.

mae: 0.001996433181408975
max_error: 0.01458509426265664
variance: 3.6081164478760814e-06

AL interation 1868/5000.

mae: 0.001995947881976463
max_error: 0.01463789984518371
variance: 3.6073768508588707e-06

AL interation 1869/5000.

mae: 0.0019963559628058646
max_error: 0.014567268603059347
variance: 3.610621154109593e-06

AL interation 1870/5000.

mae: 0.0019974430205038514
max_error: 0.014302515284725814
variance: 3.6315613357158772e-06

AL interation 1871/5000.

mae: 0.0019908515703336888
max_error: 0.014435167691772222
variance: 3.6051187160993063e-06

AL interation 1872/5000.

mae: 0.0019945198855957644
max_error: 0.014315750746391132
variance: 3.616310661928218e-06

AL interation 1873/5000.

mae: 0.0019950023723122284
max_error: 0.01429891845145903
variance: 3.614905748898307e-06

AL interation 1874/5000.

mae: 0.0019951168144789334
max_error: 0.014287347394201788
variance: 3.615572457794989e-06

AL interation 1875/5000.

mae: 0.0019951546935544685
max_error: 0.014270235134972609
variance: 3.6167928070992342e-06

AL interation 1876/5000.

mae: 0.001994682460444892
max_error: 0.014242823081076494
variance: 3.6146607989991704e-06

AL interation 1877/5000.

mae: 0.0019907637300357237
max_error: 0.014351253737913794
variance: 3.611252321105316e-06

AL interation 1878/5000.

mae: 0.0019909972270970686
max_error: 0.014353471726280986
variance: 3.6104923718428354e-06

AL interation 1879/5000.

mae: 0.001990914692300976
max_error: 0.01435040349861083
variance: 3.610308985651151e-06

AL interation 1880/5000.

mae: 0.0019909204809882793
max_error: 0.014312142366179614
variance: 3.6071978124461522e-06

AL interation 1881/5000.

mae: 0.001992103535010756
max_error: 0.01426480769259797
variance: 3.611231041011042e-06

AL interation 1882/5000.

mae: 0.001988505502918997
max_error: 0.014361394923980697
variance: 3.612855786398392e-06

AL interation 1883/5000.

mae: 0.001988336102386711
max_error: 0.014140488636257942
variance: 3.5983293575701476e-06

AL interation 1884/5000.

mae: 0.0019905805460330157
max_error: 0.014211751744369394
variance: 3.6073389614566714e-06

AL interation 1885/5000.

mae: 0.0019846582898208
max_error: 0.014305821581729106
variance: 3.5974516568104867e-06

AL interation 1886/5000.

mae: 0.0019850822929356584
max_error: 0.014308469644674915
variance: 3.5996372774904455e-06

AL interation 1887/5000.

mae: 0.001985592635019202
max_error: 0.014310340926385834
variance: 3.5957456989830483e-06

AL interation 1888/5000.

mae: 0.0019833978446149557
max_error: 0.014251811224312405
variance: 3.584401821208712e-06

AL interation 1889/5000.

mae: 0.001984037901924239
max_error: 0.014201709031112841
variance: 3.5897968050246966e-06

AL interation 1890/5000.

mae: 0.001983742558089034
max_error: 0.014010116441568243
variance: 3.5834398087924995e-06

AL interation 1891/5000.

mae: 0.001984041871412046
max_error: 0.014224654571080464
variance: 3.595416771624514e-06

AL interation 1892/5000.

mae: 0.0019840473306248895
max_error: 0.014231459686925518
variance: 3.595616611488567e-06

AL interation 1893/5000.

mae: 0.0019827471532198617
max_error: 0.014369399830684415
variance: 3.596415376614916e-06

AL interation 1894/5000.

mae: 0.001973480292905151
max_error: 0.013810825037580798
variance: 3.554739072616519e-06

AL interation 1895/5000.

mae: 0.001971409882536136
max_error: 0.013794957665595575
variance: 3.5505733068841244e-06

AL interation 1896/5000.

mae: 0.00197122015540117
max_error: 0.013824791456499952
variance: 3.5560659397015228e-06

AL interation 1897/5000.

mae: 0.0019689050318147565
max_error: 0.01383967779656814
variance: 3.545536695294732e-06

AL interation 1898/5000.

mae: 0.00196566634379451
max_error: 0.013949580292319297
variance: 3.5491617082875853e-06

AL interation 1899/5000.

mae: 0.0019577819886653744
max_error: 0.014127744236247963
variance: 3.541757023014511e-06

AL interation 1900/5000.

mae: 0.001952993576436711
max_error: 0.013944437398095033
variance: 3.5141948447883375e-06

AL interation 1901/5000.

mae: 0.001949108108056862
max_error: 0.013788378540994017
variance: 3.48725619275668e-06

AL interation 1902/5000.

mae: 0.0019498013126803926
max_error: 0.013782260872176266
variance: 3.4890199650429982e-06

AL interation 1903/5000.

mae: 0.0019496389252171866
max_error: 0.01502911961688369
variance: 3.518668635221994e-06

AL interation 1904/5000.

mae: 0.0019467786670311399
max_error: 0.015346103280535317
variance: 3.516580835347918e-06

AL interation 1905/5000.

mae: 0.0019463111482382375
max_error: 0.0152697345456545
variance: 3.5151763041968617e-06

AL interation 1906/5000.

mae: 0.0019439365712978544
max_error: 0.015384901778816129
variance: 3.518994170192379e-06

AL interation 1907/5000.

mae: 0.0019431989777358466
max_error: 0.015448351527084014
variance: 3.5157193328305174e-06

AL interation 1908/5000.

mae: 0.001942535800792939
max_error: 0.01534944434206409
variance: 3.5139418828341136e-06

AL interation 1909/5000.

mae: 0.0019422914285123626
max_error: 0.01540913873577665
variance: 3.515114870798782e-06

AL interation 1910/5000.

mae: 0.0019424089962976723
max_error: 0.0153865833326563
variance: 3.511561144137916e-06

AL interation 1911/5000.

mae: 0.0019507470028047465
max_error: 0.015433117672728258
variance: 3.519800361514427e-06

AL interation 1912/5000.

mae: 0.0019466780648308487
max_error: 0.015553578405160806
variance: 3.494691073566088e-06

AL interation 1913/5000.

mae: 0.0019417941621250065
max_error: 0.015619660791344359
variance: 3.4635818373172586e-06

AL interation 1914/5000.

mae: 0.0019397317848297462
max_error: 0.01536651801689004
variance: 3.4514258710199045e-06

AL interation 1915/5000.

mae: 0.001940623768934529
max_error: 0.015343817371103796
variance: 3.4536278186227168e-06

AL interation 1916/5000.

mae: 0.0019401436814032423
max_error: 0.01534995720248844
variance: 3.4596264313021504e-06

AL interation 1917/5000.

mae: 0.001940857910349223
max_error: 0.015132494640056393
variance: 3.4433494479774e-06

AL interation 1918/5000.

mae: 0.0019427870371164317
max_error: 0.015082166324646096
variance: 3.448183341485298e-06

AL interation 1919/5000.

mae: 0.0019427665944767797
max_error: 0.014978008997786674
variance: 3.44499208057844e-06

AL interation 1920/5000.

mae: 0.0019440396326381234
max_error: 0.014881074404911487
variance: 3.442842299421765e-06

AL interation 1921/5000.

mae: 0.0019390697387971158
max_error: 0.015534459123955457
variance: 3.461025794952399e-06

AL interation 1922/5000.

mae: 0.0019305383564906151
max_error: 0.01517098492149671
variance: 3.461277739938032e-06

AL interation 1923/5000.

mae: 0.001929992946760649
max_error: 0.015281603094990714
variance: 3.459644166475849e-06

AL interation 1924/5000.

mae: 0.0019285335112326722
max_error: 0.015374785571111715
variance: 3.463973741398749e-06

AL interation 1925/5000.

mae: 0.001930312713296189
max_error: 0.015431404293849482
variance: 3.471360984780456e-06

AL interation 1926/5000.

mae: 0.0019306620256566021
max_error: 0.015415142834172002
variance: 3.471844371723154e-06

AL interation 1927/5000.

mae: 0.001921080248665021
max_error: 0.015202309679807513
variance: 3.4342533041150422e-06

AL interation 1928/5000.

mae: 0.0019214440837904477
max_error: 0.015138603694140329
variance: 3.437297709457142e-06

AL interation 1929/5000.

mae: 0.0019200824231129445
max_error: 0.01494383981298597
variance: 3.4310257825956285e-06

AL interation 1930/5000.

mae: 0.001920070297991515
max_error: 0.01494478576023539
variance: 3.430853842476715e-06

AL interation 1931/5000.

mae: 0.0019196284486106378
max_error: 0.015134263934669434
variance: 3.433571549881002e-06

AL interation 1932/5000.

mae: 0.0019163178436492673
max_error: 0.014950329617931857
variance: 3.427171479263608e-06

AL interation 1933/5000.

mae: 0.001915005216274949
max_error: 0.014838761000646628
variance: 3.4209704358197385e-06

AL interation 1934/5000.

mae: 0.001915967531507704
max_error: 0.014765738602363854
variance: 3.4166730448098684e-06

AL interation 1935/5000.

mae: 0.0019171850248521879
max_error: 0.014740043703568517
variance: 3.4195668526162418e-06

AL interation 1936/5000.

mae: 0.0019160042730491113
max_error: 0.014670777271021507
variance: 3.40864205081497e-06

AL interation 1937/5000.

mae: 0.001916049617833778
max_error: 0.014667861853013164
variance: 3.408636830538203e-06

AL interation 1938/5000.

mae: 0.001916342734668433
max_error: 0.014484553341389983
variance: 3.411103574355014e-06

AL interation 1939/5000.

mae: 0.0019153442154447476
max_error: 0.014576537700122572
variance: 3.409612776021256e-06

AL interation 1940/5000.

mae: 0.001915481513909981
max_error: 0.014640051629612572
variance: 3.408297339947322e-06

AL interation 1941/5000.

mae: 0.0019149818064643114
max_error: 0.01467701298497559
variance: 3.40629525216801e-06

AL interation 1942/5000.

mae: 0.0019149844440498782
max_error: 0.014676578508442617
variance: 3.4062925729984046e-06

AL interation 1943/5000.

mae: 0.0019112261219470384
max_error: 0.014652391377239837
variance: 3.3871645995166486e-06

AL interation 1944/5000.

mae: 0.001911789130897887
max_error: 0.014459961514148745
variance: 3.3777064555154603e-06

AL interation 1945/5000.

mae: 0.0019107539569213259
max_error: 0.01447183713571576
variance: 3.375247205131376e-06

AL interation 1946/5000.

mae: 0.0019095598807170973
max_error: 0.014319052687824296
variance: 3.3768391092619148e-06

AL interation 1947/5000.

mae: 0.0019117100395042144
max_error: 0.014367673653396196
variance: 3.3844959458593386e-06

AL interation 1948/5000.

mae: 0.001911325971243059
max_error: 0.014421669257899339
variance: 3.3768195942574833e-06

AL interation 1949/5000.

mae: 0.0019117846626650135
max_error: 0.014383953334800026
variance: 3.3712306817228815e-06

AL interation 1950/5000.

mae: 0.0019127058873118585
max_error: 0.014363766132191813
variance: 3.3738197535441663e-06

AL interation 1951/5000.

mae: 0.0019100830330899044
max_error: 0.014193736454217287
variance: 3.3637824531936517e-06

AL interation 1952/5000.

mae: 0.0019103363354161047
max_error: 0.014161488672471023
variance: 3.3669823314462954e-06

AL interation 1953/5000.

mae: 0.001908731601524778
max_error: 0.014240546749533678
variance: 3.3692458844338815e-06

AL interation 1954/5000.

mae: 0.0019059517336281716
max_error: 0.014235177191949333
variance: 3.3377580131760826e-06

AL interation 1955/5000.

mae: 0.0019063283811265137
max_error: 0.01425803130496206
variance: 3.336258386234399e-06

AL interation 1956/5000.

mae: 0.0019062539681972339
max_error: 0.014260334625760152
variance: 3.3356053163406145e-06

AL interation 1957/5000.

mae: 0.0019057134628628774
max_error: 0.01430181126579555
variance: 3.326548601472706e-06

AL interation 1958/5000.

mae: 0.0019056227185947137
max_error: 0.014292579341599776
variance: 3.3266101890032755e-06

AL interation 1959/5000.

mae: 0.0019056986613131812
max_error: 0.014289256491792912
variance: 3.3258137980661675e-06

AL interation 1960/5000.

mae: 0.0019055295941425357
max_error: 0.014228652683414111
variance: 3.322005165245595e-06

AL interation 1961/5000.

mae: 0.0019043485712736583
max_error: 0.014156341648231319
variance: 3.3109284692932006e-06

AL interation 1962/5000.

mae: 0.0019002976047186168
max_error: 0.014228246008315182
variance: 3.3040277200159177e-06

AL interation 1963/5000.

mae: 0.0019002022025870248
max_error: 0.014211994145625795
variance: 3.3038173692676483e-06

AL interation 1964/5000.

mae: 0.0018949285791086368
max_error: 0.014142007073132845
variance: 3.304524627924365e-06

AL interation 1965/5000.

mae: 0.0018929224550283835
max_error: 0.014117034196715395
variance: 3.3169714938953697e-06

AL interation 1966/5000.

mae: 0.0018917666475790611
max_error: 0.014054086773285235
variance: 3.3147345545511935e-06

AL interation 1967/5000.

mae: 0.001891227411689215
max_error: 0.014037308793376724
variance: 3.305409456997028e-06

AL interation 1968/5000.

mae: 0.0018907317164685083
max_error: 0.013958712225758063
variance: 3.3048967848241754e-06

AL interation 1969/5000.

mae: 0.001892751591342858
max_error: 0.01387175764193671
variance: 3.3111117589842278e-06

AL interation 1970/5000.

mae: 0.0018995750644826331
max_error: 0.014070557846025622
variance: 3.306246356942519e-06

AL interation 1971/5000.

mae: 0.0019002505809485228
max_error: 0.01408201616959559
variance: 3.3097622138888024e-06

AL interation 1972/5000.

mae: 0.0018999422894885357
max_error: 0.014062242234103906
variance: 3.3070289347912423e-06

AL interation 1973/5000.

mae: 0.0018990372394946462
max_error: 0.013977389885440061
variance: 3.2957536215292703e-06

AL interation 1974/5000.

mae: 0.0019036633196865295
max_error: 0.014133320358268975
variance: 3.285683018212973e-06

AL interation 1975/5000.

mae: 0.0019025941244508432
max_error: 0.014056483357308025
variance: 3.2804886444371644e-06

AL interation 1976/5000.

mae: 0.0018949250444184145
max_error: 0.014009131476086623
variance: 3.2403643202353503e-06

AL interation 1977/5000.

mae: 0.0018950954818301399
max_error: 0.014016878937582078
variance: 3.240684198628269e-06

AL interation 1978/5000.

mae: 0.0018896679589988708
max_error: 0.014113929414634185
variance: 3.2253963779419434e-06

AL interation 1979/5000.

mae: 0.0018902218650155192
max_error: 0.01411113501762884
variance: 3.2271332618016763e-06

AL interation 1980/5000.

mae: 0.0018901246870154864
max_error: 0.014098626962550043
variance: 3.226226471322091e-06

AL interation 1981/5000.

mae: 0.0018894482083196636
max_error: 0.014284630234215001
variance: 3.2350150035638413e-06

AL interation 1982/5000.

mae: 0.001888283056144246
max_error: 0.01424242829762079
variance: 3.23139177218842e-06

AL interation 1983/5000.

mae: 0.0018857099913830097
max_error: 0.014221068836377526
variance: 3.2033266054712495e-06

AL interation 1984/5000.

mae: 0.001885149070141779
max_error: 0.014201976694494078
variance: 3.202036303683916e-06

AL interation 1985/5000.

mae: 0.0018844894545409262
max_error: 0.014194550837601128
variance: 3.197340849240828e-06

AL interation 1986/5000.

mae: 0.0018840804812343777
max_error: 0.014206222026587056
variance: 3.195016272247582e-06

AL interation 1987/5000.

mae: 0.001883607305273472
max_error: 0.01419542727762746
variance: 3.1956199697865813e-06

AL interation 1988/5000.

mae: 0.0018809610758298732
max_error: 0.014289118634223996
variance: 3.1713629267194137e-06

AL interation 1989/5000.

mae: 0.0018788004257867216
max_error: 0.014284538557149062
variance: 3.165003324286495e-06

AL interation 1990/5000.

mae: 0.0018773864862887421
max_error: 0.014263493213547918
variance: 3.152003174502052e-06

AL interation 1991/5000.

mae: 0.0018771936376297163
max_error: 0.014263913800277805
variance: 3.151762285510735e-06

AL interation 1992/5000.

mae: 0.0018772013888446965
max_error: 0.01421358593597688
variance: 3.1583322976571253e-06

AL interation 1993/5000.

mae: 0.0018764319987940325
max_error: 0.014204285588675702
variance: 3.1537872055849095e-06

AL interation 1994/5000.

mae: 0.0018760876954529522
max_error: 0.01422530866057059
variance: 3.154690477033523e-06

AL interation 1995/5000.

mae: 0.0018760245545645375
max_error: 0.014170503019158787
variance: 3.1577467973018835e-06

AL interation 1996/5000.

mae: 0.0018696045377546398
max_error: 0.013957806463622546
variance: 3.121472296458148e-06

AL interation 1997/5000.

mae: 0.0018679997549243127
max_error: 0.013949430061074963
variance: 3.1060736417936574e-06

AL interation 1998/5000.

mae: 0.0018666221865059924
max_error: 0.013919983714913542
variance: 3.1067971139575488e-06

AL interation 1999/5000.

mae: 0.0018667631205917133
max_error: 0.013910295908317494
variance: 3.1071977217562647e-06

AL interation 2000/5000.

mae: 0.0018671156964401234
max_error: 0.01392108181698859
variance: 3.1076557098315658e-06

AL interation 2001/5000.

mae: 0.0018649635065985423
max_error: 0.013445912577481067
variance: 3.0859839673805047e-06

AL interation 2002/5000.

mae: 0.0018652543393645829
max_error: 0.013464389267937804
variance: 3.0877878937057516e-06

AL interation 2003/5000.

mae: 0.001866312679739167
max_error: 0.013442403766021016
variance: 3.0945423192134295e-06

AL interation 2004/5000.

mae: 0.0018677697026651004
max_error: 0.013351043175134691
variance: 3.0943229626785456e-06

AL interation 2005/5000.

mae: 0.001867324869348522
max_error: 0.013350989660466439
variance: 3.091813206797357e-06

AL interation 2006/5000.

mae: 0.0018672086987453441
max_error: 0.013345547375138267
variance: 3.092138078283328e-06

AL interation 2007/5000.

mae: 0.0018666245900321884
max_error: 0.013560637255068286
variance: 3.0796482023593167e-06

AL interation 2008/5000.

mae: 0.0018683064213746547
max_error: 0.013577413343227818
variance: 3.079190801535796e-06

AL interation 2009/5000.

mae: 0.001866455417855832
max_error: 0.013739036285187467
variance: 3.0815752431735197e-06

AL interation 2010/5000.

mae: 0.0018668422130413093
max_error: 0.013723123191084596
variance: 3.081269785964955e-06

AL interation 2011/5000.

mae: 0.0018646936608129182
max_error: 0.013523680730941123
variance: 3.0591561083126753e-06

AL interation 2012/5000.

mae: 0.0018633919739868361
max_error: 0.013368693629672634
variance: 3.06888886733176e-06

AL interation 2013/5000.

mae: 0.0018605716281826971
max_error: 0.013310686224940582
variance: 3.064101086546048e-06

AL interation 2014/5000.

mae: 0.0018601322734930364
max_error: 0.01322044711378112
variance: 3.059957458581854e-06

AL interation 2015/5000.

mae: 0.0018578930700105048
max_error: 0.013237405471954844
variance: 3.063738005796056e-06

AL interation 2016/5000.

mae: 0.0018455714551691928
max_error: 0.013155441940398305
variance: 3.0430545436386528e-06

AL interation 2017/5000.

mae: 0.0018450662826053304
max_error: 0.01318632930451713
variance: 3.0361353723967087e-06

AL interation 2018/5000.

mae: 0.0018449166831251205
max_error: 0.013252538306915085
variance: 3.0324092618704183e-06

AL interation 2019/5000.

mae: 0.0018455753285506944
max_error: 0.013241074017059873
variance: 3.0303188324079185e-06

AL interation 2020/5000.

mae: 0.0018413254568122284
max_error: 0.013293838876052178
variance: 3.0222040701830186e-06

AL interation 2021/5000.

mae: 0.001843301008079834
max_error: 0.013265642779515474
variance: 3.0360078802572833e-06

AL interation 2022/5000.

mae: 0.0018420529662753324
max_error: 0.013391568854785874
variance: 3.0251993494170315e-06

AL interation 2023/5000.

mae: 0.0018422509614820228
max_error: 0.013449230178594007
variance: 3.026513641289395e-06

AL interation 2024/5000.

mae: 0.0018421826226958729
max_error: 0.013444665461065597
variance: 3.026592423425331e-06

AL interation 2025/5000.

mae: 0.0018413835117617055
max_error: 0.013479806946634199
variance: 3.0324822971119297e-06

AL interation 2026/5000.

mae: 0.001841351804914666
max_error: 0.013480183353749453
variance: 3.031842094131765e-06

AL interation 2027/5000.

mae: 0.0018422029371085956
max_error: 0.013431038203634671
variance: 3.0295443698996492e-06

AL interation 2028/5000.

mae: 0.001839714751554311
max_error: 0.013799336373267579
variance: 3.025112742800568e-06

AL interation 2029/5000.

mae: 0.0018360639720494873
max_error: 0.013425130096948124
variance: 3.020429895475798e-06

AL interation 2030/5000.

mae: 0.0018372474877660352
max_error: 0.013227656103481422
variance: 3.016107208237423e-06

AL interation 2031/5000.

mae: 0.0018358564367817964
max_error: 0.013259204837595462
variance: 3.0162459284996073e-06

AL interation 2032/5000.

mae: 0.0018349239655344718
max_error: 0.013163741945390939
variance: 3.0080458758254894e-06

AL interation 2033/5000.

mae: 0.0018346703289425933
max_error: 0.013175653466532822
variance: 3.0063659759450567e-06

AL interation 2034/5000.

mae: 0.0018319393340934767
max_error: 0.013098545072352863
variance: 3.012760503760663e-06

AL interation 2035/5000.

mae: 0.0018294975340077144
max_error: 0.012912313233755413
variance: 3.0378602994316677e-06

AL interation 2036/5000.

mae: 0.0018323649348549226
max_error: 0.012819142049920629
variance: 3.0549223325249862e-06

AL interation 2037/5000.

mae: 0.0018316921537089002
max_error: 0.0128103075458057
variance: 3.052072155368128e-06

AL interation 2038/5000.

mae: 0.001826851234230162
max_error: 0.01294833682004537
variance: 3.0469374080368012e-06

AL interation 2039/5000.

mae: 0.0018268579067416794
max_error: 0.012774109620295349
variance: 3.0469136740713916e-06

AL interation 2040/5000.

mae: 0.001824948704614144
max_error: 0.013059301787507138
variance: 3.013616416473376e-06

AL interation 2041/5000.

mae: 0.0018246696074711508
max_error: 0.012232292114276788
variance: 2.9928155254845616e-06

AL interation 2042/5000.

mae: 0.001824499257300886
max_error: 0.012180231247839401
variance: 2.9895463614918655e-06

AL interation 2043/5000.

mae: 0.0018247126203850713
max_error: 0.012181863841760787
variance: 2.990442543561092e-06

AL interation 2044/5000.

mae: 0.001818165752875757
max_error: 0.012313544064454618
variance: 2.9701340283356185e-06

AL interation 2045/5000.

mae: 0.0018181010907710516
max_error: 0.012312090488194372
variance: 2.9698568842312684e-06

AL interation 2046/5000.

mae: 0.0018202529933478218
max_error: 0.01232940247246006
variance: 2.9785816216769613e-06

AL interation 2047/5000.

mae: 0.0018197371764181298
max_error: 0.012240970483617275
variance: 2.9760306099945945e-06

AL interation 2048/5000.

mae: 0.0018183637891779653
max_error: 0.01228130497293023
variance: 2.9753421080217285e-06

AL interation 2049/5000.

mae: 0.0018184390696942502
max_error: 0.012252278471351019
variance: 2.975706495157173e-06

AL interation 2050/5000.

mae: 0.0018178665079603888
max_error: 0.012220221256939112
variance: 2.9742269486666837e-06

AL interation 2051/5000.

mae: 0.0018176411985941741
max_error: 0.012264389004485565
variance: 2.968599917780707e-06

AL interation 2052/5000.

mae: 0.0018178174382455837
max_error: 0.012190680090498063
variance: 2.969737026094439e-06

AL interation 2053/5000.

mae: 0.0018174150052218466
max_error: 0.012238762768902234
variance: 2.970502784156105e-06

AL interation 2054/5000.

mae: 0.0018165930994055088
max_error: 0.012216556153362035
variance: 2.9724067323867523e-06

AL interation 2055/5000.

mae: 0.0018163780270779172
max_error: 0.012382800296109053
variance: 2.9581994528774423e-06

AL interation 2056/5000.

mae: 0.0018172637219513491
max_error: 0.012607916693013976
variance: 2.9591755092342664e-06

AL interation 2057/5000.

mae: 0.001816188607173899
max_error: 0.012520357862740639
variance: 2.958764062027637e-06

AL interation 2058/5000.

mae: 0.001816080309598874
max_error: 0.012662166676818742
variance: 2.9605108978295285e-06

AL interation 2059/5000.

mae: 0.0018116146111387935
max_error: 0.012990199282285175
variance: 2.967074390469554e-06

AL interation 2060/5000.

mae: 0.0018101596566602893
max_error: 0.013105712545439019
variance: 2.957453394298624e-06

AL interation 2061/5000.

mae: 0.0018126614939201317
max_error: 0.013083221541819512
variance: 2.9639690522479667e-06

AL interation 2062/5000.

mae: 0.0018131148491029308
max_error: 0.013123709983119625
variance: 2.95807933417042e-06

AL interation 2063/5000.

mae: 0.0018089864457851946
max_error: 0.012944300307935919
variance: 2.9260302243669617e-06

AL interation 2064/5000.

mae: 0.0018094795644565237
max_error: 0.012932362418723642
variance: 2.925530457782728e-06

AL interation 2065/5000.

mae: 0.0018098842767858515
max_error: 0.012905873414638336
variance: 2.925819694315269e-06

AL interation 2066/5000.

mae: 0.0018092227609186012
max_error: 0.01288892134289199
variance: 2.935310875030581e-06

AL interation 2067/5000.

mae: 0.0018067036922366241
max_error: 0.012968898057806655
variance: 2.95749036218016e-06

AL interation 2068/5000.

mae: 0.0018059960035261612
max_error: 0.0129910273153655
variance: 2.9616629034138774e-06

AL interation 2069/5000.

mae: 0.0018063971711289924
max_error: 0.01303519913017226
variance: 2.9650335981116666e-06

AL interation 2070/5000.

mae: 0.001804873650105037
max_error: 0.013041940632319893
variance: 2.9627134169431233e-06

AL interation 2071/5000.

mae: 0.0018034371879339234
max_error: 0.012992105990633718
variance: 2.958630622745196e-06

AL interation 2072/5000.

mae: 0.0018024830308140736
max_error: 0.013116172105583246
variance: 2.953088200454867e-06

AL interation 2073/5000.

mae: 0.0018002350135366215
max_error: 0.013087427249047323
variance: 2.955418392113028e-06

AL interation 2074/5000.

mae: 0.0018033234437853025
max_error: 0.01310626062877418
variance: 2.9789074749973523e-06

AL interation 2075/5000.

mae: 0.001803483682610022
max_error: 0.012848420248701586
variance: 2.948714413822375e-06

AL interation 2076/5000.

mae: 0.0018036770197722945
max_error: 0.013058695511062979
variance: 2.953861330481329e-06

AL interation 2077/5000.

mae: 0.0018033018468941008
max_error: 0.013121838264851249
variance: 2.9542406386139975e-06

AL interation 2078/5000.

mae: 0.0018033514855578688
max_error: 0.013126173149430542
variance: 2.9535438123909733e-06

AL interation 2079/5000.

mae: 0.0018037393668500954
max_error: 0.013207781585151679
variance: 2.9516417237579866e-06

AL interation 2080/5000.

mae: 0.0018031775666349859
max_error: 0.013468775627188734
variance: 2.9476481199755834e-06

AL interation 2081/5000.

mae: 0.0018028722176941302
max_error: 0.013466691108988016
variance: 2.947248724049854e-06

AL interation 2082/5000.

mae: 0.001797627115859541
max_error: 0.013065054370599682
variance: 2.921841004183842e-06

AL interation 2083/5000.

mae: 0.001799752584349335
max_error: 0.013350876191907446
variance: 2.9147268361633285e-06

AL interation 2084/5000.

mae: 0.0017979341592836136
max_error: 0.013556861280449084
variance: 2.9200231713533964e-06

AL interation 2085/5000.

mae: 0.001796101000827548
max_error: 0.013899458126616082
variance: 2.8973608432708226e-06

AL interation 2086/5000.

mae: 0.0017895134101318035
max_error: 0.013796171448120731
variance: 2.886085217380022e-06

AL interation 2087/5000.

mae: 0.001787024825903245
max_error: 0.01366490607142623
variance: 2.881585145661519e-06

AL interation 2088/5000.

mae: 0.0017862459713542194
max_error: 0.013656057924890774
variance: 2.8844203843073096e-06

AL interation 2089/5000.

mae: 0.001785283829495711
max_error: 0.01367952199325373
variance: 2.882494180110359e-06

AL interation 2090/5000.

mae: 0.0017854381612833095
max_error: 0.013673900202775258
variance: 2.883373370519623e-06

AL interation 2091/5000.

mae: 0.0017854370344630298
max_error: 0.013674652893314487
variance: 2.8833930273859637e-06

AL interation 2092/5000.

mae: 0.0017859901132969754
max_error: 0.013705580289752106
variance: 2.880501248122747e-06

AL interation 2093/5000.

mae: 0.001785456024161249
max_error: 0.013728085823458969
variance: 2.8737696025756846e-06

AL interation 2094/5000.

mae: 0.001785801705324957
max_error: 0.013727752897466416
variance: 2.873666379838562e-06

AL interation 2095/5000.

mae: 0.0017845614415955425
max_error: 0.013673402272615931
variance: 2.8754144936756443e-06

AL interation 2096/5000.

mae: 0.0017839747638827249
max_error: 0.013852991387466318
variance: 2.8667393170337024e-06

AL interation 2097/5000.

mae: 0.0017842793964573502
max_error: 0.01390419412018673
variance: 2.8687225741207468e-06

AL interation 2098/5000.

mae: 0.0017807776496856604
max_error: 0.013698361506612855
variance: 2.8502635211709577e-06

AL interation 2099/5000.

mae: 0.0017801496259671693
max_error: 0.013746445858487277
variance: 2.852089347585355e-06

AL interation 2100/5000.

mae: 0.0017770667079312261
max_error: 0.01353409961120633
variance: 2.8666009717209115e-06

AL interation 2101/5000.

mae: 0.0017765546239015748
max_error: 0.013488578717442579
variance: 2.864560122858684e-06

AL interation 2102/5000.

mae: 0.0017774027967952862
max_error: 0.013542593913371093
variance: 2.8704564240736476e-06

AL interation 2103/5000.

mae: 0.0017775486432601612
max_error: 0.013533500596167869
variance: 2.870820747870039e-06

AL interation 2104/5000.

mae: 0.001778758662412656
max_error: 0.013461301297866157
variance: 2.853882975897104e-06

AL interation 2105/5000.

mae: 0.0017791246841870815
max_error: 0.013445045236949227
variance: 2.854700180934319e-06

AL interation 2106/5000.

mae: 0.0017788613049260675
max_error: 0.013571404027970857
variance: 2.844348666217779e-06

AL interation 2107/5000.

mae: 0.001777736519240534
max_error: 0.013765330228125094
variance: 2.836833497013771e-06

AL interation 2108/5000.

mae: 0.0017762429704298484
max_error: 0.013653068401254131
variance: 2.813686377196379e-06

AL interation 2109/5000.

mae: 0.0017759109439812164
max_error: 0.0137690120809566
variance: 2.8142914481472963e-06

AL interation 2110/5000.

mae: 0.0017757152345902797
max_error: 0.013760554740656517
variance: 2.8128435239578964e-06

AL interation 2111/5000.

mae: 0.001775163295573293
max_error: 0.01373569843963196
variance: 2.8130840777160816e-06

AL interation 2112/5000.

mae: 0.0017751324010705503
max_error: 0.01373865860477963
variance: 2.812714794723035e-06

AL interation 2113/5000.

mae: 0.0017750757709472965
max_error: 0.013830220055751852
variance: 2.8090016108313093e-06

AL interation 2114/5000.

mae: 0.0017736776162837486
max_error: 0.013841860147294938
variance: 2.7965591986952294e-06

AL interation 2115/5000.

mae: 0.0017736689158900844
max_error: 0.013844151710145525
variance: 2.7966279436382333e-06

AL interation 2116/5000.

mae: 0.001773605340163158
max_error: 0.013831411013597972
variance: 2.7958967028464433e-06

AL interation 2117/5000.

mae: 0.0017731177707555616
max_error: 0.013812599752782262
variance: 2.7941383989937554e-06

AL interation 2118/5000.

mae: 0.0017732999659565395
max_error: 0.013795163575196057
variance: 2.795336634066349e-06

AL interation 2119/5000.

mae: 0.0017732814008995775
max_error: 0.01379272547455912
variance: 2.7953730689279713e-06

AL interation 2120/5000.

mae: 0.001772945029044422
max_error: 0.01374774217219965
variance: 2.792480868265599e-06

AL interation 2121/5000.

mae: 0.0017728009172860767
max_error: 0.013587476007160149
variance: 2.7884214871637153e-06

AL interation 2122/5000.

mae: 0.0017767313487274806
max_error: 0.013557317744925967
variance: 2.7952790773596747e-06

AL interation 2123/5000.

mae: 0.0017816235886029973
max_error: 0.01315804817386379
variance: 2.7944370659695956e-06

AL interation 2124/5000.

mae: 0.0017811528737702246
max_error: 0.013138538130078814
variance: 2.793175127629539e-06

AL interation 2125/5000.

mae: 0.0017798692328242396
max_error: 0.012927401845445274
variance: 2.7912127433008583e-06

AL interation 2126/5000.

mae: 0.0017800609921669094
max_error: 0.012957238481249078
variance: 2.7880727401069238e-06

AL interation 2127/5000.

mae: 0.0017800006719871817
max_error: 0.012972583665032289
variance: 2.78870531039507e-06

AL interation 2128/5000.

mae: 0.0017800841207335908
max_error: 0.013020250748013495
variance: 2.789536697523373e-06

AL interation 2129/5000.

mae: 0.0017774620390391647
max_error: 0.013009046151637449
variance: 2.7792832461207227e-06

AL interation 2130/5000.

mae: 0.0017776577141976305
max_error: 0.013002410871195025
variance: 2.779542921767219e-06

AL interation 2131/5000.

mae: 0.0017773176844320916
max_error: 0.01305165113262774
variance: 2.778608723566047e-06

AL interation 2132/5000.

mae: 0.0017783692117573082
max_error: 0.012982226098756655
variance: 2.771549911715426e-06

AL interation 2133/5000.

mae: 0.0017784865833982621
max_error: 0.012908018010421074
variance: 2.7702045572425306e-06

AL interation 2134/5000.

mae: 0.0017804553398045756
max_error: 0.01297962306671252
variance: 2.785202537357208e-06

AL interation 2135/5000.

mae: 0.0017779880216985476
max_error: 0.012920092607600964
variance: 2.7884298411929854e-06

AL interation 2136/5000.

mae: 0.0017734967560509177
max_error: 0.012671432506976998
variance: 2.785910530330971e-06

AL interation 2137/5000.

mae: 0.001774364861680624
max_error: 0.012770380451911478
variance: 2.7886906556736578e-06

AL interation 2138/5000.

mae: 0.001774617758102977
max_error: 0.01276458381289558
variance: 2.788659368413521e-06

AL interation 2139/5000.

mae: 0.0017756865187920994
max_error: 0.012775472690918832
variance: 2.790055086520177e-06

AL interation 2140/5000.

mae: 0.001774359911620195
max_error: 0.012784465003278456
variance: 2.7926157597115e-06

AL interation 2141/5000.

mae: 0.0017744202210869845
max_error: 0.012786197830791934
variance: 2.792451137984136e-06

AL interation 2142/5000.

mae: 0.0017740258394787817
max_error: 0.012804169271475985
variance: 2.7898527159961064e-06

AL interation 2143/5000.

mae: 0.0017575523572695602
max_error: 0.012720449978587567
variance: 2.7507107880131035e-06

AL interation 2144/5000.

mae: 0.0017592253748825897
max_error: 0.012897226048153243
variance: 2.7555883924354136e-06

AL interation 2145/5000.

mae: 0.0017585484152068602
max_error: 0.01288585788825003
variance: 2.752380352543288e-06

AL interation 2146/5000.

mae: 0.0017552628501534854
max_error: 0.012964998828465468
variance: 2.74155964071234e-06

AL interation 2147/5000.

mae: 0.0017538620655013803
max_error: 0.012892354270661599
variance: 2.73606857435733e-06

AL interation 2148/5000.

mae: 0.0017529092471049808
max_error: 0.012915760677060462
variance: 2.738233977467992e-06

AL interation 2149/5000.

mae: 0.0017535715660369534
max_error: 0.012918131431433721
variance: 2.7365764992892408e-06

AL interation 2150/5000.

mae: 0.0017450285969052856
max_error: 0.012886652131783194
variance: 2.726535260741819e-06

AL interation 2151/5000.

mae: 0.001747245672358986
max_error: 0.01295949050654599
variance: 2.730227485748908e-06

AL interation 2152/5000.

mae: 0.0017472794358727698
max_error: 0.012961746708242572
variance: 2.730770134836865e-06

AL interation 2153/5000.

mae: 0.001747246987255494
max_error: 0.012960371610461152
variance: 2.7309199529407295e-06

AL interation 2154/5000.

mae: 0.0017445398839190604
max_error: 0.012961639693457983
variance: 2.719384333823597e-06

AL interation 2155/5000.

mae: 0.0017440735484124162
max_error: 0.013173260949770338
variance: 2.721502287468219e-06

AL interation 2156/5000.

mae: 0.0017440816004454973
max_error: 0.013172467259209952
variance: 2.721601500911989e-06

AL interation 2157/5000.

mae: 0.0017440252840133326
max_error: 0.013175417805541656
variance: 2.7211247491826423e-06

AL interation 2158/5000.

mae: 0.0017455756140216181
max_error: 0.01313747917265573
variance: 2.7158450083539316e-06

AL interation 2159/5000.

mae: 0.0017425885372604171
max_error: 0.012620074519873015
variance: 2.6976507187577508e-06

AL interation 2160/5000.

mae: 0.0017422196690622513
max_error: 0.012443674947462569
variance: 2.693422100444897e-06

AL interation 2161/5000.

mae: 0.0017424777460228144
max_error: 0.012696608659098274
variance: 2.69607307203904e-06

AL interation 2162/5000.

mae: 0.0017402096932046334
max_error: 0.012461820210774022
variance: 2.691814692359717e-06

AL interation 2163/5000.

mae: 0.001739865388504768
max_error: 0.012486721084314922
variance: 2.6866701244240066e-06

AL interation 2164/5000.

mae: 0.0017414234605012098
max_error: 0.012858649818554113
variance: 2.6904164642721624e-06

AL interation 2165/5000.

mae: 0.001738640932544513
max_error: 0.012797223201232555
variance: 2.683796536821916e-06

AL interation 2166/5000.

mae: 0.0017383399127566008
max_error: 0.012837675095397572
variance: 2.681439733867428e-06

AL interation 2167/5000.

mae: 0.001737734615437148
max_error: 0.01286550542954501
variance: 2.680547917964837e-06

AL interation 2168/5000.

mae: 0.0017377535996183724
max_error: 0.012867927799561585
variance: 2.6805068261145303e-06

AL interation 2169/5000.

mae: 0.0017391194317087867
max_error: 0.012893499429083022
variance: 2.6864664454640137e-06

AL interation 2170/5000.

mae: 0.0017387446421134882
max_error: 0.012959455606505799
variance: 2.692701835078593e-06

AL interation 2171/5000.

mae: 0.0017387581333759953
max_error: 0.012959621789377707
variance: 2.6926935239169195e-06

AL interation 2172/5000.

mae: 0.0017394453980432445
max_error: 0.01287336068435252
variance: 2.693911293728631e-06

AL interation 2173/5000.

mae: 0.001742137818685478
max_error: 0.012835175731197523
variance: 2.697364046948408e-06

AL interation 2174/5000.

mae: 0.0017417604962520273
max_error: 0.012869466868323798
variance: 2.7097583825806533e-06

AL interation 2175/5000.

mae: 0.0017416986804628322
max_error: 0.01287861356195208
variance: 2.709627219407451e-06

AL interation 2176/5000.

mae: 0.0017416620272542786
max_error: 0.012834848211241479
variance: 2.7088358024095505e-06

AL interation 2177/5000.

mae: 0.001741784743234348
max_error: 0.012833188477998192
variance: 2.708842911566436e-06

AL interation 2178/5000.

mae: 0.0017422394638133482
max_error: 0.012780545906025509
variance: 2.7060770199221245e-06

AL interation 2179/5000.

mae: 0.001742922820536478
max_error: 0.012756841039845312
variance: 2.7064820340691997e-06

AL interation 2180/5000.

mae: 0.0017365020991210259
max_error: 0.012818441930903646
variance: 2.6890370595939178e-06

AL interation 2181/5000.

mae: 0.0017360429350264895
max_error: 0.01272139766751934
variance: 2.6808818573174148e-06

AL interation 2182/5000.

mae: 0.0017376937442368217
max_error: 0.012808543252504023
variance: 2.6880512580207673e-06

AL interation 2183/5000.

mae: 0.0017378224498297641
max_error: 0.0128307640852654
variance: 2.688068640857529e-06

AL interation 2184/5000.

mae: 0.0017379943611549606
max_error: 0.012779725410837273
variance: 2.6909180314192845e-06

AL interation 2185/5000.

mae: 0.0017380786048152004
max_error: 0.012858075425356219
variance: 2.684005047108797e-06

AL interation 2186/5000.

mae: 0.0017374600248722346
max_error: 0.013039549323366373
variance: 2.6703880714993127e-06

AL interation 2187/5000.

mae: 0.0017357072210397746
max_error: 0.013238779070888995
variance: 2.65577033153138e-06

AL interation 2188/5000.

mae: 0.0017360199295799249
max_error: 0.013253887887913152
variance: 2.6478536277128694e-06

AL interation 2189/5000.

mae: 0.0017351654753483673
max_error: 0.013267345979329548
variance: 2.647487945483866e-06

AL interation 2190/5000.

mae: 0.0017348493073859573
max_error: 0.013298280688104569
variance: 2.6453383278883374e-06

AL interation 2191/5000.

mae: 0.0017348419014633692
max_error: 0.013350017796255997
variance: 2.64300472428325e-06

AL interation 2192/5000.

mae: 0.0017348783705210735
max_error: 0.013399458874118864
variance: 2.6455750586450233e-06

AL interation 2193/5000.

mae: 0.0017334867845065674
max_error: 0.013397312422966934
variance: 2.6468629439592673e-06

AL interation 2194/5000.

mae: 0.0017300055243213138
max_error: 0.013357202804400004
variance: 2.645709915394147e-06

AL interation 2195/5000.

mae: 0.0017288298549065077
max_error: 0.013427828618659987
variance: 2.6541772739783057e-06

AL interation 2196/5000.

mae: 0.0017291786256128036
max_error: 0.013258374461656786
variance: 2.647187507616137e-06

AL interation 2197/5000.

mae: 0.0017293275876199914
max_error: 0.013304868209161214
variance: 2.654497870926536e-06

AL interation 2198/5000.

mae: 0.0017306620785630003
max_error: 0.013457178478347487
variance: 2.6469736054579442e-06

AL interation 2199/5000.

mae: 0.0017268876993057347
max_error: 0.013716006031245342
variance: 2.6050927937638656e-06

AL interation 2200/5000.

mae: 0.0017248628823781473
max_error: 0.013837230440913117
variance: 2.582016706522417e-06

AL interation 2201/5000.

mae: 0.0017244104740411785
max_error: 0.013954043655758142
variance: 2.5830439780680266e-06

AL interation 2202/5000.

mae: 0.0017241842322537196
max_error: 0.013976420630569919
variance: 2.5849070692035667e-06

AL interation 2203/5000.

mae: 0.0017251305297468207
max_error: 0.013837786091244197
variance: 2.5834095391577066e-06

AL interation 2204/5000.

mae: 0.001725097437670229
max_error: 0.013854991620974033
variance: 2.583367912380708e-06

AL interation 2205/5000.

mae: 0.0017248162695095743
max_error: 0.013800470411297283
variance: 2.582318175251607e-06

AL interation 2206/5000.

mae: 0.0017249046748802357
max_error: 0.013862927260561264
variance: 2.577566351818917e-06

AL interation 2207/5000.

mae: 0.001723773098363381
max_error: 0.01422191704295983
variance: 2.584475928187603e-06

AL interation 2208/5000.

mae: 0.0017237478258348346
max_error: 0.014487341677522636
variance: 2.6100803080930126e-06

AL interation 2209/5000.

mae: 0.0017237296796402007
max_error: 0.014467914259512327
variance: 2.610129882458564e-06

AL interation 2210/5000.

mae: 0.0017214748411161053
max_error: 0.014755922244148678
variance: 2.5974137174490266e-06

AL interation 2211/5000.

mae: 0.0017200821988817552
max_error: 0.014653136537162936
variance: 2.581735860787874e-06

AL interation 2212/5000.

mae: 0.0017184217221883956
max_error: 0.01474874666564574
variance: 2.578761088709869e-06

AL interation 2213/5000.

mae: 0.00171932966755503
max_error: 0.01481782633891271
variance: 2.5833235583698307e-06

AL interation 2214/5000.

mae: 0.0017196721404125128
max_error: 0.01471975773711165
variance: 2.582087018383597e-06

AL interation 2215/5000.

mae: 0.0017196047353518224
max_error: 0.014716991432578652
variance: 2.5819622831946597e-06

AL interation 2216/5000.

mae: 0.0017182134872409734
max_error: 0.014847958858808852
variance: 2.5791270564911956e-06

AL interation 2217/5000.

mae: 0.0017186642679898796
max_error: 0.014862149551845505
variance: 2.578191014610185e-06

AL interation 2218/5000.

mae: 0.0017183176967173494
max_error: 0.014850724042844377
variance: 2.577361486019496e-06

AL interation 2219/5000.

mae: 0.0017182089027573965
max_error: 0.014839162255157134
variance: 2.5760166193737565e-06

AL interation 2220/5000.

mae: 0.001718431166604205
max_error: 0.014856098967356957
variance: 2.576519843345824e-06

AL interation 2221/5000.

mae: 0.0017166441588296949
max_error: 0.014988678090958274
variance: 2.5691295988505775e-06

AL interation 2222/5000.

mae: 0.0017163038683020205
max_error: 0.01482742862390296
variance: 2.565843778057367e-06

AL interation 2223/5000.

mae: 0.001716410162331158
max_error: 0.014918033592039137
variance: 2.5701931562299514e-06

AL interation 2224/5000.

mae: 0.0017170118740305043
max_error: 0.014920467137926607
variance: 2.56904205581115e-06

AL interation 2225/5000.

mae: 0.0017168810003322507
max_error: 0.014919466359060607
variance: 2.5689679859274233e-06

AL interation 2226/5000.

mae: 0.0017139354208402437
max_error: 0.015045768033814966
variance: 2.5698357597965906e-06

AL interation 2227/5000.

mae: 0.001712540299698958
max_error: 0.014990343033787212
variance: 2.5622240382237916e-06

AL interation 2228/5000.

mae: 0.0017113662501105865
max_error: 0.014974715557400486
variance: 2.5502799359083112e-06

AL interation 2229/5000.

mae: 0.0017111107574737617
max_error: 0.014964762847739621
variance: 2.550541465657283e-06

AL interation 2230/5000.

mae: 0.001710881275490465
max_error: 0.015004558013970382
variance: 2.549355539453619e-06

AL interation 2231/5000.

mae: 0.0017089217184475273
max_error: 0.015072367144966847
variance: 2.5484495711809258e-06

AL interation 2232/5000.

mae: 0.0017068324220817885
max_error: 0.01509093070308154
variance: 2.542670058271267e-06

AL interation 2233/5000.

mae: 0.001706983310126816
max_error: 0.015119866182430997
variance: 2.543441517563307e-06

AL interation 2234/5000.

mae: 0.0017073794671305224
max_error: 0.015269670364432386
variance: 2.5557531911946248e-06

AL interation 2235/5000.

mae: 0.0017107709463844004
max_error: 0.01566105694473663
variance: 2.5625306268546655e-06

AL interation 2236/5000.

mae: 0.0017081611704588796
max_error: 0.015832309485631413
variance: 2.5529737647028324e-06

AL interation 2237/5000.

mae: 0.0017052745212422452
max_error: 0.01574388666449522
variance: 2.5451191438235753e-06

AL interation 2238/5000.

mae: 0.0017100899154111175
max_error: 0.015843621868043556
variance: 2.5452022311133986e-06

AL interation 2239/5000.

mae: 0.0017096229384624168
max_error: 0.015591833978760405
variance: 2.5367734752159583e-06

AL interation 2240/5000.

mae: 0.0017093085260466978
max_error: 0.01558389200909005
variance: 2.537241422438493e-06

AL interation 2241/5000.

mae: 0.0017096940866113074
max_error: 0.015177133469478576
variance: 2.546117302211593e-06

AL interation 2242/5000.

mae: 0.0017081457547501486
max_error: 0.015177407802184462
variance: 2.5416204433179085e-06

AL interation 2243/5000.

mae: 0.001708676399889555
max_error: 0.015135729807298048
variance: 2.5417764296775606e-06

AL interation 2244/5000.

mae: 0.0017100917165244027
max_error: 0.015001057900008163
variance: 2.5352844390994058e-06

AL interation 2245/5000.

mae: 0.0017097315323580916
max_error: 0.01500610990296991
variance: 2.53523556409434e-06

AL interation 2246/5000.

mae: 0.0017098676120695018
max_error: 0.014980579106122605
variance: 2.535218847358453e-06

AL interation 2247/5000.

mae: 0.0017081180138602576
max_error: 0.015018588752354844
variance: 2.5297663087852996e-06

AL interation 2248/5000.

mae: 0.0017097988175391948
max_error: 0.014978350029196008
variance: 2.533390864578059e-06

AL interation 2249/5000.

mae: 0.0017073612937574582
max_error: 0.014881435932693421
variance: 2.5259727194082795e-06

AL interation 2250/5000.

mae: 0.0017073884410328901
max_error: 0.014717622243551887
variance: 2.5254439754831857e-06

AL interation 2251/5000.

mae: 0.0017046891210584364
max_error: 0.01494256093246804
variance: 2.515027884248472e-06

AL interation 2252/5000.

mae: 0.0016999577373044304
max_error: 0.014793751795878052
variance: 2.4954370960828425e-06

AL interation 2253/5000.

mae: 0.0016963360376785204
max_error: 0.014803937845499604
variance: 2.4832922577832596e-06

AL interation 2254/5000.

mae: 0.0016968926672088856
max_error: 0.01475573947209341
variance: 2.484985502563996e-06

AL interation 2255/5000.

mae: 0.0016965344305972395
max_error: 0.014779688985072426
variance: 2.482934040569033e-06

AL interation 2256/5000.

mae: 0.0016967914003480473
max_error: 0.014803806092459126
variance: 2.4853586966040565e-06

AL interation 2257/5000.

mae: 0.0016961961451697788
max_error: 0.01489635276629997
variance: 2.4878836190887592e-06

AL interation 2258/5000.

mae: 0.0016967808774006699
max_error: 0.014887310788253671
variance: 2.4906220967802766e-06

AL interation 2259/5000.

mae: 0.0016967415306444308
max_error: 0.014885282804243616
variance: 2.4904765016270423e-06

AL interation 2260/5000.

mae: 0.0016966550624738376
max_error: 0.014882028632200672
variance: 2.4889995811322027e-06

AL interation 2261/5000.

mae: 0.0016950280508217475
max_error: 0.014906214570146403
variance: 2.487037798309547e-06

AL interation 2262/5000.

mae: 0.0016945199405136008
max_error: 0.014863647555102943
variance: 2.483657483322896e-06

AL interation 2263/5000.

mae: 0.0016948307111761096
max_error: 0.014862154761431157
variance: 2.4850320529438354e-06

AL interation 2264/5000.

mae: 0.0016947749166301947
max_error: 0.014857427644528798
variance: 2.4853643110894405e-06

AL interation 2265/5000.

mae: 0.0016950633773240042
max_error: 0.014839792876955471
variance: 2.4864899336550737e-06

AL interation 2266/5000.

mae: 0.001691900100955536
max_error: 0.014696365009513102
variance: 2.487328700050322e-06

AL interation 2267/5000.

mae: 0.001690041914097492
max_error: 0.01467065128053946
variance: 2.4762004293856442e-06

AL interation 2268/5000.

mae: 0.0016899970889107862
max_error: 0.014559988985638483
variance: 2.4736712178178105e-06

AL interation 2269/5000.

mae: 0.0016901708886944108
max_error: 0.014537172412019572
variance: 2.4741556980012748e-06

AL interation 2270/5000.

mae: 0.0016899917209411796
max_error: 0.01450802499857673
variance: 2.473028944821117e-06

AL interation 2271/5000.

mae: 0.0016900807495439949
max_error: 0.014505055534755229
variance: 2.473557123302212e-06

AL interation 2272/5000.

mae: 0.0016886301702188577
max_error: 0.014456344875725335
variance: 2.4700738632182033e-06

AL interation 2273/5000.

mae: 0.0016893319930859434
max_error: 0.014457653922363534
variance: 2.4709761248129063e-06

AL interation 2274/5000.

mae: 0.0016835914129005687
max_error: 0.01423531190630456
variance: 2.44179824227475e-06

AL interation 2275/5000.

mae: 0.001684479223672497
max_error: 0.014166981307425885
variance: 2.429330656428542e-06

AL interation 2276/5000.

mae: 0.0016837605543250902
max_error: 0.014117573582552723
variance: 2.4267917355755504e-06

AL interation 2277/5000.

mae: 0.0016833007197155894
max_error: 0.014171253036693088
variance: 2.4252261845860407e-06

AL interation 2278/5000.

mae: 0.001684168308871449
max_error: 0.014159912729155621
variance: 2.421401770103095e-06

AL interation 2279/5000.

mae: 0.0016842308337190843
max_error: 0.014196420166626922
variance: 2.421768592627043e-06

AL interation 2280/5000.

mae: 0.0016827440465949622
max_error: 0.014172265413435525
variance: 2.4152814727124255e-06

AL interation 2281/5000.

mae: 0.0016827660792569077
max_error: 0.014170216736602015
variance: 2.4152609032191246e-06

AL interation 2282/5000.

mae: 0.001682808478823972
max_error: 0.014147845990009955
variance: 2.4139052010661126e-06

AL interation 2283/5000.

mae: 0.0016820862201302588
max_error: 0.014094458520048647
variance: 2.4094849069080744e-06

AL interation 2284/5000.

mae: 0.0016805552244559293
max_error: 0.013988350043291575
variance: 2.392825266182627e-06

AL interation 2285/5000.

mae: 0.0016808967240840502
max_error: 0.01395244950799679
variance: 2.3904995270387334e-06

AL interation 2286/5000.

mae: 0.0016827662686691837
max_error: 0.014054210905669606
variance: 2.395247252150145e-06

AL interation 2287/5000.

mae: 0.0016830363203098387
max_error: 0.014080951796131558
variance: 2.394952860155992e-06

AL interation 2288/5000.

mae: 0.0016842326931518982
max_error: 0.013978601788039668
variance: 2.3899568070611965e-06

AL interation 2289/5000.

mae: 0.0016846457147075852
max_error: 0.013903037388445227
variance: 2.389921295961621e-06

AL interation 2290/5000.

mae: 0.0016842522691767955
max_error: 0.013965214462587028
variance: 2.3896511973874465e-06

AL interation 2291/5000.

mae: 0.0016843824662637417
max_error: 0.013975735992062255
variance: 2.390767527318953e-06

AL interation 2292/5000.

mae: 0.0016834314124098456
max_error: 0.013888235165723017
variance: 2.3820818644824398e-06

AL interation 2293/5000.

mae: 0.0016834593368603237
max_error: 0.014028559080543346
variance: 2.386842416319651e-06

AL interation 2294/5000.

mae: 0.001683517035397017
max_error: 0.014038811254067696
variance: 2.3867032997312107e-06

AL interation 2295/5000.

mae: 0.001683729654318995
max_error: 0.01406534363013634
variance: 2.3868594116134185e-06

AL interation 2296/5000.

mae: 0.001683494763015915
max_error: 0.014080367580390885
variance: 2.389056134705704e-06

AL interation 2297/5000.

mae: 0.0016817140531047699
max_error: 0.014062149397432222
variance: 2.3820453269261426e-06

AL interation 2298/5000.

mae: 0.001681774293135277
max_error: 0.014061630359719857
variance: 2.3819347084790367e-06

AL interation 2299/5000.

mae: 0.0016817965951186125
max_error: 0.014063697095480165
variance: 2.381913231675904e-06

AL interation 2300/5000.

mae: 0.0016813289704614362
max_error: 0.014045575813725009
variance: 2.380969966309418e-06

AL interation 2301/5000.

mae: 0.001681325229586946
max_error: 0.014037786479093484
variance: 2.3805041949729402e-06

AL interation 2302/5000.

mae: 0.001683087152094231
max_error: 0.013874253583708196
variance: 2.382011682919763e-06

AL interation 2303/5000.

mae: 0.0016837656316683934
max_error: 0.014048295348402462
variance: 2.388546130016277e-06

AL interation 2304/5000.

mae: 0.0016852934815960907
max_error: 0.014174889050991624
variance: 2.385250943517151e-06

AL interation 2305/5000.

mae: 0.0016862637502308643
max_error: 0.014033614343134104
variance: 2.3838571953946797e-06

AL interation 2306/5000.

mae: 0.0016818985542313386
max_error: 0.014158426745780162
variance: 2.3819397707767056e-06

AL interation 2307/5000.

mae: 0.0016807333143515279
max_error: 0.01414303212914092
variance: 2.379675197522511e-06

AL interation 2308/5000.

mae: 0.001680532650651003
max_error: 0.014140493649392738
variance: 2.3794395494783384e-06

AL interation 2309/5000.

mae: 0.0016812068458466455
max_error: 0.014123198378001689
variance: 2.380200389204147e-06

AL interation 2310/5000.

mae: 0.0016811325175449384
max_error: 0.01413222360679356
variance: 2.3798937391605484e-06

AL interation 2311/5000.

mae: 0.001677975818483901
max_error: 0.014297302745035267
variance: 2.376583603528177e-06

AL interation 2312/5000.

mae: 0.0016779656356675332
max_error: 0.01426901882769016
variance: 2.376772643613034e-06

AL interation 2313/5000.

mae: 0.0016783759344580177
max_error: 0.014312122604678734
variance: 2.3774885203245127e-06

AL interation 2314/5000.

mae: 0.0016763887005745346
max_error: 0.014268150413045078
variance: 2.3727149458303003e-06

AL interation 2315/5000.

mae: 0.0016725047429554253
max_error: 0.014183051976942807
variance: 2.3798659461681947e-06

AL interation 2316/5000.

mae: 0.0016712611737393674
max_error: 0.014342991829835228
variance: 2.3881178669100127e-06

AL interation 2317/5000.

mae: 0.0016718277837298957
max_error: 0.014302149173090584
variance: 2.3842601992261946e-06

AL interation 2318/5000.

mae: 0.0016716031653922982
max_error: 0.014286335563156172
variance: 2.383333206328212e-06

AL interation 2319/5000.

mae: 0.0016712183036797796
max_error: 0.014292368729002192
variance: 2.3842697322481333e-06

AL interation 2320/5000.

mae: 0.0016698967291613371
max_error: 0.014250020894905902
variance: 2.3796398743466805e-06

AL interation 2321/5000.

mae: 0.0016699010898264532
max_error: 0.01414974488398002
variance: 2.3773916448151177e-06

AL interation 2322/5000.

mae: 0.0016696141571464977
max_error: 0.013796890203593648
variance: 2.357932126358764e-06

AL interation 2323/5000.

mae: 0.001667803571728655
max_error: 0.01372857404021488
variance: 2.3444487872369625e-06

AL interation 2324/5000.

mae: 0.0016681503259524107
max_error: 0.013795748867778457
variance: 2.3520947445092064e-06

AL interation 2325/5000.

mae: 0.0016690138229159858
max_error: 0.013798642559777363
variance: 2.354385641889064e-06

AL interation 2326/5000.

mae: 0.0016673165438496655
max_error: 0.01391636426524201
variance: 2.3533357919286055e-06

AL interation 2327/5000.

mae: 0.0016654491660528948
max_error: 0.013955271910162992
variance: 2.353606634436422e-06

AL interation 2328/5000.

mae: 0.0016658641608428297
max_error: 0.01395471931573411
variance: 2.3544613304658395e-06

AL interation 2329/5000.

mae: 0.0016655024996171052
max_error: 0.013927075726314797
variance: 2.3575757529665372e-06

AL interation 2330/5000.

mae: 0.00166563618739292
max_error: 0.013912879547206103
variance: 2.357612536197449e-06

AL interation 2331/5000.

mae: 0.0016666465853741102
max_error: 0.013974931489428855
variance: 2.355602827755436e-06

AL interation 2332/5000.

mae: 0.0016642220974817975
max_error: 0.013851730565875187
variance: 2.353136365835807e-06

AL interation 2333/5000.

mae: 0.0016638489393817509
max_error: 0.013855470291673555
variance: 2.354172791042544e-06

AL interation 2334/5000.

mae: 0.0016638674485084267
max_error: 0.013843016282407916
variance: 2.357194095562678e-06

AL interation 2335/5000.

mae: 0.0016611733387071582
max_error: 0.013951713879578165
variance: 2.3577615219997223e-06

AL interation 2336/5000.

mae: 0.0016623593520635042
max_error: 0.014032169687197893
variance: 2.3476729935479996e-06

AL interation 2337/5000.

mae: 0.001663437918768068
max_error: 0.014026317197931348
variance: 2.3548071630773097e-06

AL interation 2338/5000.

mae: 0.0016619463570359586
max_error: 0.014171005130265257
variance: 2.348971442897686e-06

AL interation 2339/5000.

mae: 0.0016611990225983391
max_error: 0.01413360040714906
variance: 2.3458598465445944e-06

AL interation 2340/5000.

mae: 0.0016598848027715577
max_error: 0.014294713755589328
variance: 2.3516739121307134e-06

AL interation 2341/5000.

mae: 0.001660465880720949
max_error: 0.014260473302783794
variance: 2.353455840725422e-06

AL interation 2342/5000.

mae: 0.0016600354957081436
max_error: 0.014277919404776185
variance: 2.3519080367180275e-06

AL interation 2343/5000.

mae: 0.0016600987538413392
max_error: 0.014445729399085394
variance: 2.3537510535681423e-06

AL interation 2344/5000.

mae: 0.0016606807484176897
max_error: 0.014449925472945324
variance: 2.3530272860804e-06

AL interation 2345/5000.

mae: 0.0016581147167817108
max_error: 0.01488875368340814
variance: 2.358658031511933e-06

AL interation 2346/5000.

mae: 0.0016532221999041212
max_error: 0.014763786186449579
variance: 2.354981158104923e-06

AL interation 2347/5000.

mae: 0.0016529220688244095
max_error: 0.01476981019914092
variance: 2.354680449637673e-06

AL interation 2348/5000.

mae: 0.0016527685410655977
max_error: 0.014800947528783581
variance: 2.3548155593679127e-06

AL interation 2349/5000.

mae: 0.0016495987541720752
max_error: 0.015412872458909987
variance: 2.3727905105221645e-06

AL interation 2350/5000.

mae: 0.0016493175856076051
max_error: 0.015405842093969113
variance: 2.373325461729909e-06

AL interation 2351/5000.

mae: 0.0016500326363957356
max_error: 0.015269396031726501
variance: 2.3750199922582402e-06

AL interation 2352/5000.

mae: 0.0016495424014083256
max_error: 0.015303798330933205
variance: 2.365570054533425e-06

AL interation 2353/5000.

mae: 0.0016496106068725567
max_error: 0.015298746662665508
variance: 2.3652675944032343e-06

AL interation 2354/5000.

mae: 0.0016496516442093708
max_error: 0.015312925874241046
variance: 2.3607551230037353e-06

AL interation 2355/5000.

mae: 0.0016500926286444155
max_error: 0.015324509780839435
variance: 2.374465882304897e-06

AL interation 2356/5000.

mae: 0.0016472089489625434
max_error: 0.01535569003863202
variance: 2.3583308023343346e-06

AL interation 2357/5000.

mae: 0.0016456374781382694
max_error: 0.015438380234627402
variance: 2.3564689139393083e-06

AL interation 2358/5000.

mae: 0.0016456467106345373
max_error: 0.015460905609870679
variance: 2.357210254192364e-06

AL interation 2359/5000.

mae: 0.0016478918977909417
max_error: 0.01535180686005333
variance: 2.360473020385173e-06

AL interation 2360/5000.

mae: 0.0016473735969248083
max_error: 0.015402507697217516
variance: 2.3621646629700835e-06

AL interation 2361/5000.

mae: 0.0016487118700570136
max_error: 0.01538866796727234
variance: 2.371490138044349e-06

AL interation 2362/5000.

mae: 0.0016487179399864544
max_error: 0.01543142555419763
variance: 2.372028704150698e-06

AL interation 2363/5000.

mae: 0.001648871333209172
max_error: 0.015304243677746854
variance: 2.3769682388404126e-06

AL interation 2364/5000.

mae: 0.0016491375729137871
max_error: 0.015302623700335971
variance: 2.3782367324233528e-06

AL interation 2365/5000.

mae: 0.001648630134955056
max_error: 0.015327549297580845
variance: 2.377498836433929e-06

AL interation 2366/5000.

mae: 0.0016467226910908722
max_error: 0.015259380399584188
variance: 2.365975899108576e-06

AL interation 2367/5000.

mae: 0.0016451776524500018
max_error: 0.015361146497525624
variance: 2.3632532410227225e-06

AL interation 2368/5000.

mae: 0.001645567590531755
max_error: 0.015374533124486334
variance: 2.3599968810067774e-06

AL interation 2369/5000.

mae: 0.0016430923363559486
max_error: 0.01548156930039113
variance: 2.3598817782026037e-06

AL interation 2370/5000.

mae: 0.0016440085901576822
max_error: 0.01550239895550476
variance: 2.3614974829628267e-06

AL interation 2371/5000.

mae: 0.0016438786280541535
max_error: 0.015292908929041005
variance: 2.3654119963326774e-06

AL interation 2372/5000.

mae: 0.0016433196122879964
max_error: 0.015271814429070218
variance: 2.3656745870503357e-06

AL interation 2373/5000.

mae: 0.0016434568629474598
max_error: 0.015238901416523731
variance: 2.3651228310534808e-06

AL interation 2374/5000.

mae: 0.001643176059355028
max_error: 0.015265954372807755
variance: 2.3657686157517236e-06

AL interation 2375/5000.

mae: 0.0016423880607844695
max_error: 0.015170202494118712
variance: 2.3639067675844104e-06

AL interation 2376/5000.

mae: 0.0016423460999712915
max_error: 0.015140002846237621
variance: 2.365101117837724e-06

AL interation 2377/5000.

mae: 0.0016450569585003906
max_error: 0.015143073722356348
variance: 2.3709048608412908e-06

AL interation 2378/5000.

mae: 0.0016453420366715364
max_error: 0.015179931293459958
variance: 2.3718320735202935e-06

AL interation 2379/5000.

mae: 0.0016450970077457896
max_error: 0.015167514813583693
variance: 2.3716893156973355e-06

AL interation 2380/5000.

mae: 0.0016439551423409284
max_error: 0.014969096393542713
variance: 2.360573749027571e-06

AL interation 2381/5000.

mae: 0.0016442031043970929
max_error: 0.014996781819718308
variance: 2.3601016327544273e-06

AL interation 2382/5000.

mae: 0.001644165591638739
max_error: 0.014980494181145332
variance: 2.3556140439686247e-06

AL interation 2383/5000.

mae: 0.001644236144941715
max_error: 0.015008448192020296
variance: 2.352624539978691e-06

AL interation 2384/5000.

mae: 0.0016431952331695356
max_error: 0.014822213552179164
variance: 2.339757482282283e-06

AL interation 2385/5000.

mae: 0.0016406286624833229
max_error: 0.014045928304767585
variance: 2.3176352214897598e-06

AL interation 2386/5000.

mae: 0.0016395561574299791
max_error: 0.014017575629623025
variance: 2.3176938532832113e-06

AL interation 2387/5000.

mae: 0.0016397259639725234
max_error: 0.014060258783501922
variance: 2.3180508736979482e-06

AL interation 2388/5000.

mae: 0.0016357789575249626
max_error: 0.014008599979206338
variance: 2.3091820972189123e-06

AL interation 2389/5000.

mae: 0.001635082246842103
max_error: 0.01398799705748388
variance: 2.3064721047878316e-06

AL interation 2390/5000.

mae: 0.0016350975956920593
max_error: 0.013792555311738397
variance: 2.3024624391414687e-06

AL interation 2391/5000.

mae: 0.001634516923197225
max_error: 0.013752542980000726
variance: 2.296926527352114e-06

AL interation 2392/5000.

mae: 0.0016349805614627258
max_error: 0.013825474021359696
variance: 2.298296411037408e-06

AL interation 2393/5000.

mae: 0.001634895487168251
max_error: 0.013840168952810927
variance: 2.2982680211113844e-06

AL interation 2394/5000.

mae: 0.0016352005513044787
max_error: 0.013855409348252579
variance: 2.299608548541998e-06

AL interation 2395/5000.

mae: 0.001636333091699271
max_error: 0.013791195602607331
variance: 2.2977567000148954e-06

AL interation 2396/5000.

mae: 0.001637286905192923
max_error: 0.013676106003913446
variance: 2.2925969415091525e-06

AL interation 2397/5000.

mae: 0.0016377112281252266
max_error: 0.013603758217868744
variance: 2.292409627410583e-06

AL interation 2398/5000.

mae: 0.0016379469755165702
max_error: 0.013624889475977398
variance: 2.2940268513978858e-06

AL interation 2399/5000.

mae: 0.0016351275345123212
max_error: 0.013823823732309393
variance: 2.2914850847286483e-06

AL interation 2400/5000.

mae: 0.0016354230252554772
max_error: 0.013691501653738669
variance: 2.2888385980295797e-06

AL interation 2401/5000.

mae: 0.0016353746787781348
max_error: 0.013688720797290443
variance: 2.28875015043795e-06

AL interation 2402/5000.

mae: 0.001635394529165751
max_error: 0.013716044855755172
variance: 2.2901313631329624e-06

AL interation 2403/5000.

mae: 0.0016358799989457111
max_error: 0.013674469000761746
variance: 2.288876745357533e-06

AL interation 2404/5000.

mae: 0.0016232759088970852
max_error: 0.013534945506762597
variance: 2.233233417063533e-06

AL interation 2405/5000.

mae: 0.0016197630324704733
max_error: 0.013227027802713565
variance: 2.2311213658131745e-06

AL interation 2406/5000.

mae: 0.0016184622901610054
max_error: 0.013216656958320527
variance: 2.2278616477406683e-06

AL interation 2407/5000.

mae: 0.0016183332803093437
max_error: 0.013209932256359025
variance: 2.227716826298387e-06

AL interation 2408/5000.

mae: 0.0016152765618980994
max_error: 0.013201801933973911
variance: 2.2187356919150154e-06

AL interation 2409/5000.

mae: 0.001613295280762941
max_error: 0.013335739478861797
variance: 2.217801957402297e-06

AL interation 2410/5000.

mae: 0.0016160222624148446
max_error: 0.014013287922352902
variance: 2.24108883402345e-06

AL interation 2411/5000.

mae: 0.0016162270358954628
max_error: 0.014015464103067643
variance: 2.2352008799934423e-06

AL interation 2412/5000.

mae: 0.0016161611087845812
max_error: 0.014016299463037285
variance: 2.235730709017346e-06

AL interation 2413/5000.

mae: 0.0016161264195625337
max_error: 0.013855948584023281
variance: 2.23448522452149e-06

AL interation 2414/5000.

mae: 0.0016180412552039343
max_error: 0.013943426112746238
variance: 2.232256110022057e-06

AL interation 2415/5000.

mae: 0.001617037465410249
max_error: 0.014278801272666897
variance: 2.2399197558618722e-06

AL interation 2416/5000.

mae: 0.001616357458915445
max_error: 0.014275704843385029
variance: 2.239612788019081e-06

AL interation 2417/5000.

mae: 0.0016158076334850194
max_error: 0.014285161543739378
variance: 2.2402843035581933e-06

AL interation 2418/5000.

mae: 0.0016141036277613238
max_error: 0.014140225966912112
variance: 2.232060113270317e-06

AL interation 2419/5000.

mae: 0.0016122874712491467
max_error: 0.014079825426961179
variance: 2.227773599671175e-06

AL interation 2420/5000.

mae: 0.0016118597082931956
max_error: 0.01405312753013277
variance: 2.213675231630062e-06

AL interation 2421/5000.

mae: 0.0016144621324374385
max_error: 0.014051559808649472
variance: 2.2156371099969055e-06

AL interation 2422/5000.

mae: 0.0016145868531220913
max_error: 0.014066368914427585
variance: 2.215588611691461e-06

AL interation 2423/5000.

mae: 0.0016170308403588934
max_error: 0.014299481828857097
variance: 2.2233262508457286e-06

AL interation 2424/5000.

mae: 0.0016167754286752825
max_error: 0.014325863927297178
variance: 2.2227101355064045e-06

AL interation 2425/5000.

mae: 0.0016160464612648866
max_error: 0.014270533005401376
variance: 2.2195599873067912e-06

AL interation 2426/5000.

mae: 0.0016154698887103224
max_error: 0.01432156781629601
variance: 2.2176065610767837e-06

AL interation 2427/5000.

mae: 0.0016123684163367217
max_error: 0.014223281641534413
variance: 2.214715436098887e-06

AL interation 2428/5000.

mae: 0.00161158751747098
max_error: 0.01421897542422812
variance: 2.20591674252458e-06

AL interation 2429/5000.

mae: 0.0016112296481978774
max_error: 0.014209173385097529
variance: 2.205575681793706e-06

AL interation 2430/5000.

mae: 0.00161383070460397
max_error: 0.014302912712082616
variance: 2.2175702618110232e-06

AL interation 2431/5000.

mae: 0.0016144945600690334
max_error: 0.014438206742852344
variance: 2.219483373291133e-06

AL interation 2432/5000.

mae: 0.0016146576526925856
max_error: 0.01442666405455384
variance: 2.219140482758831e-06

AL interation 2433/5000.

mae: 0.0016152112313320686
max_error: 0.014341858301122556
variance: 2.215773649983658e-06

AL interation 2434/5000.

mae: 0.001614973687030215
max_error: 0.014262801259974367
variance: 2.2175440164843906e-06

AL interation 2435/5000.

mae: 0.0016149414560914011
max_error: 0.014314966958409059
variance: 2.218184779765039e-06

AL interation 2436/5000.

mae: 0.0016149965019121738
max_error: 0.014313050747659872
variance: 2.218418277926839e-06

AL interation 2437/5000.

mae: 0.0016119833739212481
max_error: 0.014286443523815251
variance: 2.2171594535218806e-06

AL interation 2438/5000.

mae: 0.0016118087251088583
max_error: 0.014290200304458267
variance: 2.2173896217682776e-06

AL interation 2439/5000.

mae: 0.0016095854131208398
max_error: 0.014240670518120169
variance: 2.203726747595395e-06

AL interation 2440/5000.

mae: 0.0016093626398333072
max_error: 0.014239059490137151
variance: 2.203394726239395e-06

AL interation 2441/5000.

mae: 0.0016095739172160392
max_error: 0.014527750388879213
variance: 2.2040936563227188e-06

AL interation 2442/5000.

mae: 0.001610270500437764
max_error: 0.014479065479463316
variance: 2.204927904742784e-06

AL interation 2443/5000.

mae: 0.0016092275886630887
max_error: 0.014495055400402634
variance: 2.201192882120257e-06

AL interation 2444/5000.

mae: 0.0016092937932126006
max_error: 0.014451459754127427
variance: 2.2025329915434403e-06

AL interation 2445/5000.

mae: 0.0016087945613180636
max_error: 0.014413581671760767
variance: 2.202520465026084e-06

AL interation 2446/5000.

mae: 0.0016090770468017582
max_error: 0.014510698381855036
variance: 2.2039207163539894e-06

AL interation 2447/5000.

mae: 0.0016094233429203087
max_error: 0.014640599800259224
variance: 2.205392584574528e-06

AL interation 2448/5000.

mae: 0.0016085375997909068
max_error: 0.014593829064324382
variance: 2.2026850764336734e-06

AL interation 2449/5000.

mae: 0.0016088560743601193
max_error: 0.014529837977534044
variance: 2.2112452196220563e-06

AL interation 2450/5000.

mae: 0.0016081433871204353
max_error: 0.014566797804945963
variance: 2.2100483166026313e-06

AL interation 2451/5000.

mae: 0.0016077205100327775
max_error: 0.014505314762573107
variance: 2.2094487571823443e-06

AL interation 2452/5000.

mae: 0.0016074149503128865
max_error: 0.014395370400961838
variance: 2.2028638983397536e-06

AL interation 2453/5000.

mae: 0.0016073985635903227
max_error: 0.01439039900105854
variance: 2.2027383581841654e-06

AL interation 2454/5000.

mae: 0.0016076501888519488
max_error: 0.014645920955445035
variance: 2.2032227224345897e-06

AL interation 2455/5000.

mae: 0.0016038404099244872
max_error: 0.014592605819416349
variance: 2.2017417355669246e-06

AL interation 2456/5000.

mae: 0.0016051802556785334
max_error: 0.015500808420256362
variance: 2.2255578715189513e-06

AL interation 2457/5000.

mae: 0.0016041406622143769
max_error: 0.015581094712615595
variance: 2.2240059692896194e-06

AL interation 2458/5000.

mae: 0.0016040284558503117
max_error: 0.015583328227876336
variance: 2.2241686558521072e-06

AL interation 2459/5000.

mae: 0.001605358618909122
max_error: 0.015588764976200764
variance: 2.2256508527653876e-06

AL interation 2460/5000.

mae: 0.0016082024982988514
max_error: 0.015622132641510689
variance: 2.229938510973706e-06

AL interation 2461/5000.

mae: 0.0016073655390637213
max_error: 0.01562595241375675
variance: 2.2319968867472164e-06

AL interation 2462/5000.

mae: 0.001607572407443513
max_error: 0.015598589247019845
variance: 2.2301377133510227e-06

AL interation 2463/5000.

mae: 0.0016046405146826147
max_error: 0.015591853900332353
variance: 2.2274099269516918e-06

AL interation 2464/5000.

mae: 0.0016067078362411848
max_error: 0.01564108497950656
variance: 2.233295087641622e-06

AL interation 2465/5000.

mae: 0.0016053266671706297
max_error: 0.015559593581201625
variance: 2.2351543942536463e-06

AL interation 2466/5000.

mae: 0.0016038010431639123
max_error: 0.015526363271419541
variance: 2.21928821724562e-06

AL interation 2467/5000.

mae: 0.001603169782126315
max_error: 0.015372601161288912
variance: 2.2261972477375847e-06

AL interation 2468/5000.

mae: 0.001603224875631895
max_error: 0.015456659390110872
variance: 2.2308605543534037e-06

AL interation 2469/5000.

mae: 0.0016046199747434002
max_error: 0.015590976401654189
variance: 2.223521021041323e-06

AL interation 2470/5000.

mae: 0.0016025239743048588
max_error: 0.015795234123288537
variance: 2.2175321034939803e-06

AL interation 2471/5000.

mae: 0.0016030390015785087
max_error: 0.01582597242486372
variance: 2.2173462219505787e-06

AL interation 2472/5000.

mae: 0.0016023198513821625
max_error: 0.015750040620332584
variance: 2.2151521190967532e-06

AL interation 2473/5000.

mae: 0.001602144794117521
max_error: 0.015751926022858243
variance: 2.2140028973465874e-06

AL interation 2474/5000.

mae: 0.0016027779677842773
max_error: 0.01572698959353147
variance: 2.215060434269767e-06

AL interation 2475/5000.

mae: 0.0016006305835117019
max_error: 0.015487388907786226
variance: 2.2147060002355043e-06

AL interation 2476/5000.

mae: 0.0015971798363052586
max_error: 0.015562937020149548
variance: 2.211254902043827e-06

AL interation 2477/5000.

mae: 0.0016005364118600483
max_error: 0.015546953036391642
variance: 2.209255144989253e-06

AL interation 2478/5000.

mae: 0.0016004215193697747
max_error: 0.015537789515292388
variance: 2.208386696467048e-06

AL interation 2479/5000.

mae: 0.0016006323581668766
max_error: 0.015548800854958245
variance: 2.206409949760419e-06

AL interation 2480/5000.

mae: 0.001600502213756954
max_error: 0.015577808200760046
variance: 2.2060948744772287e-06

AL interation 2481/5000.

mae: 0.001596637187266424
max_error: 0.01576172871136805
variance: 2.208821931418832e-06

AL interation 2482/5000.

mae: 0.0015966255871799149
max_error: 0.015766626356708002
variance: 2.209101879598706e-06

AL interation 2483/5000.

mae: 0.0015978519781792784
max_error: 0.01568848566421366
variance: 2.2128948766710395e-06

AL interation 2484/5000.

mae: 0.001597735770633335
max_error: 0.015647045765945222
variance: 2.2118220852620374e-06

AL interation 2485/5000.

mae: 0.001597653597695171
max_error: 0.015653243690394447
variance: 2.2118358963338897e-06

AL interation 2486/5000.

mae: 0.001597832020018359
max_error: 0.015644652588889585
variance: 2.211751994507796e-06

AL interation 2487/5000.

mae: 0.0015999124091067643
max_error: 0.015668829326386913
variance: 2.208186375330545e-06

AL interation 2488/5000.

mae: 0.0015990141540260083
max_error: 0.0157505026927538
variance: 2.2028120699657433e-06

AL interation 2489/5000.

mae: 0.0015973214845134863
max_error: 0.015595440745528322
variance: 2.1947983103478702e-06

AL interation 2490/5000.

mae: 0.0015977159583517278
max_error: 0.015595615974234533
variance: 2.193737597087653e-06

AL interation 2491/5000.

mae: 0.001598446057611909
max_error: 0.015602486857460462
variance: 2.1953238804415504e-06

AL interation 2492/5000.

mae: 0.0015983242298143524
max_error: 0.01560730574055924
variance: 2.195409787752302e-06

AL interation 2493/5000.

mae: 0.001598583064032937
max_error: 0.015637149013855378
variance: 2.199048304051751e-06

AL interation 2494/5000.

mae: 0.001597139373778191
max_error: 0.015987429449523916
variance: 2.205618215676279e-06

AL interation 2495/5000.

mae: 0.0015943973812704826
max_error: 0.01593885191505251
variance: 2.1949589115452324e-06

AL interation 2496/5000.

mae: 0.001592506226009391
max_error: 0.01552108706709987
variance: 2.1893575879638152e-06

AL interation 2497/5000.

mae: 0.0015905942390654674
max_error: 0.015419119723446784
variance: 2.18920159737545e-06

AL interation 2498/5000.

mae: 0.001589676918594705
max_error: 0.015473448531338363
variance: 2.1776605794336455e-06

AL interation 2499/5000.

mae: 0.00158970128240162
max_error: 0.015470993814233225
variance: 2.1772550000026247e-06

AL interation 2500/5000.

mae: 0.001581656098950589
max_error: 0.015693934242335672
variance: 2.153239201659845e-06

AL interation 2501/5000.

mae: 0.001581695495851818
max_error: 0.01570788074604934
variance: 2.1525511370851442e-06

AL interation 2502/5000.

mae: 0.0015817752755647235
max_error: 0.015728810300061014
variance: 2.1577438367345905e-06

AL interation 2503/5000.

mae: 0.0015818253605393692
max_error: 0.015730687035102164
variance: 2.1577138557588514e-06

AL interation 2504/5000.

mae: 0.0015800120167059504
max_error: 0.015957896053805598
variance: 2.159185922958194e-06

AL interation 2505/5000.

mae: 0.0015798222786770567
max_error: 0.016034502963520936
variance: 2.1576509799810758e-06

AL interation 2506/5000.

mae: 0.00158009198435866
max_error: 0.01602988556442142
variance: 2.1581085688601013e-06

AL interation 2507/5000.

mae: 0.0015794441830130383
max_error: 0.016139375202328665
variance: 2.1628123568936276e-06

AL interation 2508/5000.

mae: 0.0015791054051724131
max_error: 0.016109876709379023
variance: 2.1634306510221442e-06

AL interation 2509/5000.

mae: 0.0015784699132764218
max_error: 0.01599976444049389
variance: 2.1507714324450535e-06

AL interation 2510/5000.

mae: 0.0015765840815797675
max_error: 0.01598313648628391
variance: 2.152843822283404e-06

AL interation 2511/5000.

mae: 0.0015759589085464541
max_error: 0.015860163055549492
variance: 2.149681491372225e-06

AL interation 2512/5000.

mae: 0.0015760236228379654
max_error: 0.015885080921179906
variance: 2.1505776343562843e-06

AL interation 2513/5000.

mae: 0.0015738765912660711
max_error: 0.01569596301578713
variance: 2.147921740523948e-06

AL interation 2514/5000.

mae: 0.0015738812192130354
max_error: 0.01569603989355528
variance: 2.147929204862616e-06

AL interation 2515/5000.

mae: 0.0015731048086672673
max_error: 0.0156485373081523
variance: 2.147646092154494e-06

AL interation 2516/5000.

mae: 0.001572985933189102
max_error: 0.01563442253609537
variance: 2.146784442502258e-06

AL interation 2517/5000.

mae: 0.0015729389403163624
max_error: 0.015630040534233558
variance: 2.1463362546756406e-06

AL interation 2518/5000.

mae: 0.001574884135402499
max_error: 0.015553834104139241
variance: 2.1471123984928525e-06

AL interation 2519/5000.

mae: 0.0015694019151005704
max_error: 0.015514612801780459
variance: 2.129018478780808e-06

AL interation 2520/5000.

mae: 0.0015665142502193704
max_error: 0.015387097522761906
variance: 2.110397756592656e-06

AL interation 2521/5000.

mae: 0.0015665917061178335
max_error: 0.015417577835250995
variance: 2.10849268051706e-06

AL interation 2522/5000.

mae: 0.0015675881046081485
max_error: 0.015462462180948933
variance: 2.1136532923508704e-06

AL interation 2523/5000.

mae: 0.001570082144130538
max_error: 0.015446987150426139
variance: 2.099566934091988e-06

AL interation 2524/5000.

mae: 0.0015695879251316001
max_error: 0.01544094775999838
variance: 2.0990793029467864e-06

AL interation 2525/5000.

mae: 0.0015690986445561067
max_error: 0.015425538276758743
variance: 2.09396598282724e-06

AL interation 2526/5000.

mae: 0.0015694603756046491
max_error: 0.015540595810307423
variance: 2.0967202912623894e-06

AL interation 2527/5000.

mae: 0.001571132086900434
max_error: 0.015465887232494424
variance: 2.099843473677239e-06

AL interation 2528/5000.

mae: 0.001569996430323954
max_error: 0.01546567215154937
variance: 2.0998983524451895e-06

AL interation 2529/5000.

mae: 0.0015694651712010455
max_error: 0.015427889184138621
variance: 2.099256775342945e-06

AL interation 2530/5000.

mae: 0.001566930281183886
max_error: 0.015289079736248823
variance: 2.083984460951705e-06

AL interation 2531/5000.

mae: 0.0015665170304282583
max_error: 0.015269561245077057
variance: 2.0834006602182458e-06

AL interation 2532/5000.

mae: 0.0015655548881895812
max_error: 0.015233055606586277
variance: 2.0698581128925093e-06

AL interation 2533/5000.

mae: 0.0015636271731755188
max_error: 0.015184297117230017
variance: 2.061356728831738e-06

AL interation 2534/5000.

mae: 0.001553107732798253
max_error: 0.015136417220674048
variance: 2.038049995858838e-06

AL interation 2535/5000.

mae: 0.0015519711344545613
max_error: 0.015050375086502754
variance: 2.0225008453279272e-06

AL interation 2536/5000.

mae: 0.0015518427480005813
max_error: 0.015037908090562269
variance: 2.021965954844216e-06

AL interation 2537/5000.

mae: 0.0015515201385014733
max_error: 0.015032878360216273
variance: 2.0216361991267284e-06

AL interation 2538/5000.

mae: 0.0015514576291670893
max_error: 0.01502495064323739
variance: 2.0213918770995576e-06

AL interation 2539/5000.

mae: 0.0015463687029814537
max_error: 0.015050366045215924
variance: 2.01258138325955e-06

AL interation 2540/5000.

mae: 0.0015431885964462709
max_error: 0.014905917580108508
variance: 2.003340860760361e-06

AL interation 2541/5000.

mae: 0.0015435604476865593
max_error: 0.014841010054624348
variance: 2.003208948605709e-06

AL interation 2542/5000.

mae: 0.0015439003795299868
max_error: 0.01487294250910054
variance: 2.008260908559808e-06

AL interation 2543/5000.

mae: 0.0015439140096891607
max_error: 0.014880545282721869
variance: 2.0049022590634986e-06

AL interation 2544/5000.

mae: 0.0015435981742830337
max_error: 0.014847724023638875
variance: 2.0047460777429227e-06

AL interation 2545/5000.

mae: 0.0015426279085741044
max_error: 0.014833245990303112
variance: 1.9964827825834324e-06

AL interation 2546/5000.

mae: 0.0015425907572844152
max_error: 0.01483313756489224
variance: 1.99609101750574e-06

AL interation 2547/5000.

mae: 0.0015411268902958
max_error: 0.0148062260595907
variance: 1.9963618746918138e-06

AL interation 2548/5000.

mae: 0.001542894735590835
max_error: 0.014977613882365404
variance: 2.0125089011392414e-06

AL interation 2549/5000.

mae: 0.0015428448345483048
max_error: 0.015016358212960768
variance: 2.0166793110675226e-06

AL interation 2550/5000.

mae: 0.001542285564843951
max_error: 0.015017175392131321
variance: 2.0162113232262166e-06

AL interation 2551/5000.

mae: 0.0015434723050757385
max_error: 0.015102387853403343
variance: 2.0203914723305285e-06

AL interation 2552/5000.

mae: 0.0015439004694026153
max_error: 0.015135224339246633
variance: 2.0228384638884162e-06

AL interation 2553/5000.

mae: 0.0015438725982994583
max_error: 0.015136939995500143
variance: 2.022394316871228e-06

AL interation 2554/5000.

mae: 0.0015413579037040109
max_error: 0.014850921166726039
variance: 2.019367700302122e-06

AL interation 2555/5000.

mae: 0.001540597788746709
max_error: 0.014899203488312196
variance: 2.0208955617117955e-06

AL interation 2556/5000.

mae: 0.0015403275126336666
max_error: 0.014887735962474835
variance: 2.0210572556284807e-06

AL interation 2557/5000.

mae: 0.0015403209749674715
max_error: 0.014888458239511237
variance: 2.0210210280731665e-06

AL interation 2558/5000.

mae: 0.0015297121997846263
max_error: 0.015027299441499054
variance: 1.9896179035959434e-06

AL interation 2559/5000.

mae: 0.0015296974997654617
max_error: 0.0150300354052888
variance: 1.98966887084275e-06

AL interation 2560/5000.

mae: 0.0015294850937771116
max_error: 0.015001593668785063
variance: 1.988200380944999e-06

AL interation 2561/5000.

mae: 0.0015296859646241501
max_error: 0.015015238650448737
variance: 1.989032183271671e-06

AL interation 2562/5000.

mae: 0.0015299759159661335
max_error: 0.014990014175054966
variance: 1.9894239584653165e-06

AL interation 2563/5000.

mae: 0.0015278244954279217
max_error: 0.015422327842316008
variance: 1.993133816093868e-06

AL interation 2564/5000.

mae: 0.001527968603340014
max_error: 0.015434199502124102
variance: 1.993143322363797e-06

AL interation 2565/5000.

mae: 0.0015281119046239838
max_error: 0.01527732887007005
variance: 1.990518866522738e-06

AL interation 2566/5000.

mae: 0.001527728217020922
max_error: 0.015313061894630664
variance: 1.9932430001741474e-06

AL interation 2567/5000.

mae: 0.0015279202232786702
max_error: 0.015256425498591852
variance: 1.993786622206297e-06

AL interation 2568/5000.

mae: 0.0015283400780053853
max_error: 0.014972459417549544
variance: 1.9962927393345237e-06

AL interation 2569/5000.

mae: 0.0015267763732208551
max_error: 0.014946823024729383
variance: 1.992175630477781e-06

AL interation 2570/5000.

mae: 0.0015271904415321842
max_error: 0.014969834888688638
variance: 1.9930038886065983e-06

AL interation 2571/5000.

mae: 0.0015281941017228746
max_error: 0.015019147484053974
variance: 1.9976855649473213e-06

AL interation 2572/5000.

mae: 0.0015270339166172562
max_error: 0.01484242145124881
variance: 1.989903985938722e-06

AL interation 2573/5000.

mae: 0.0015274486697326212
max_error: 0.014800636310610571
variance: 1.9893176250623798e-06

AL interation 2574/5000.

mae: 0.0015275880357230563
max_error: 0.014849638140731258
variance: 1.9905548182819653e-06

AL interation 2575/5000.

mae: 0.0015271439117368574
max_error: 0.014969837397075025
variance: 1.9871910883045423e-06

AL interation 2576/5000.

mae: 0.0015261303275692626
max_error: 0.015145813313210965
variance: 1.9901966951546627e-06

AL interation 2577/5000.

mae: 0.0015249059919296996
max_error: 0.015234501337545225
variance: 1.989089339656057e-06

AL interation 2578/5000.

mae: 0.0015249958580807288
max_error: 0.015225369670588407
variance: 1.9923674152599127e-06

AL interation 2579/5000.

mae: 0.001522362219333445
max_error: 0.015066273115735385
variance: 1.9813618451561295e-06

AL interation 2580/5000.

mae: 0.0015223001307340383
max_error: 0.015055317193400697
variance: 1.981016027316077e-06

AL interation 2581/5000.

mae: 0.001522239419383368
max_error: 0.015084391479831538
variance: 1.979208543106784e-06

AL interation 2582/5000.

mae: 0.0015222236740028165
max_error: 0.01507416278582241
variance: 1.9782134914051324e-06

AL interation 2583/5000.

mae: 0.001522014435021447
max_error: 0.015076408670211094
variance: 1.977709627666862e-06

AL interation 2584/5000.

mae: 0.0015219614775660376
max_error: 0.015087370155015378
variance: 1.9777717921820546e-06

AL interation 2585/5000.

mae: 0.0015218552893311425
max_error: 0.015008063293862506
variance: 1.9739694189389473e-06

AL interation 2586/5000.

mae: 0.0015216463935948923
max_error: 0.015037775248856633
variance: 1.9743810205214948e-06

AL interation 2587/5000.

mae: 0.0015214735567205934
max_error: 0.01501567770355905
variance: 1.972972978092864e-06

AL interation 2588/5000.

mae: 0.001521588884656012
max_error: 0.015037026108984719
variance: 1.973406650510535e-06

AL interation 2589/5000.

mae: 0.0015217711887398765
max_error: 0.014916959788024542
variance: 1.9719698395669965e-06

AL interation 2590/5000.

mae: 0.0015209537728414944
max_error: 0.014871381512421067
variance: 1.971578532926472e-06

AL interation 2591/5000.

mae: 0.0015192975132304128
max_error: 0.014809412617978523
variance: 1.9710742351470507e-06

AL interation 2592/5000.

mae: 0.0015185070290708608
max_error: 0.014718226326294825
variance: 1.9703920333376794e-06

AL interation 2593/5000.

mae: 0.0015217259673781882
max_error: 0.01431677284745092
variance: 1.966430000379964e-06

AL interation 2594/5000.

mae: 0.0015217285734752295
max_error: 0.014317396880869637
variance: 1.966403251428751e-06

AL interation 2595/5000.

mae: 0.0015214506463898942
max_error: 0.014391772778253653
variance: 1.9665013115622765e-06

AL interation 2596/5000.

mae: 0.001520259663871002
max_error: 0.014468338604274322
variance: 1.9675247786803382e-06

AL interation 2597/5000.

mae: 0.0015196073250253904
max_error: 0.01446092546939326
variance: 1.9656298805057492e-06

AL interation 2598/5000.

mae: 0.0015179639882098854
max_error: 0.014430351171540678
variance: 1.9685362760716367e-06

AL interation 2599/5000.

mae: 0.0015171796860322501
max_error: 0.014403802479137084
variance: 1.9661187808304104e-06

AL interation 2600/5000.

mae: 0.0015186087023912479
max_error: 0.014225356610040762
variance: 1.9593163166393243e-06

AL interation 2601/5000.

mae: 0.001519749413534555
max_error: 0.014165877566483687
variance: 1.9647174120812153e-06

AL interation 2602/5000.

mae: 0.0015140654144843212
max_error: 0.014210351369911223
variance: 1.9525011778619004e-06

AL interation 2603/5000.

mae: 0.0015141709357149012
max_error: 0.01419791444823204
variance: 1.9516120763836465e-06

AL interation 2604/5000.

mae: 0.0015144295768104712
max_error: 0.01419324442940706
variance: 1.952056488409733e-06

AL interation 2605/5000.

mae: 0.0015136285821527053
max_error: 0.014163356145218131
variance: 1.9505235512845236e-06

AL interation 2606/5000.

mae: 0.001514151524593217
max_error: 0.01419253772655793
variance: 1.9509390434506936e-06

AL interation 2607/5000.

mae: 0.0015146059780881843
max_error: 0.014212345629857737
variance: 1.952043889126855e-06

AL interation 2608/5000.

mae: 0.0015145982641670344
max_error: 0.01422021877260704
variance: 1.9522121897100777e-06

AL interation 2609/5000.

mae: 0.001513520644187338
max_error: 0.014208600396159454
variance: 1.945618909335728e-06

AL interation 2610/5000.

mae: 0.0015111650737135278
max_error: 0.014306344792203163
variance: 1.940336991378559e-06

AL interation 2611/5000.

mae: 0.0015057762355627346
max_error: 0.014309319960375433
variance: 1.9413992015787206e-06

AL interation 2612/5000.

mae: 0.001507141692451114
max_error: 0.014267714312154567
variance: 1.941116385693309e-06

AL interation 2613/5000.

mae: 0.0015075668243371184
max_error: 0.014318825631562504
variance: 1.9411685039768458e-06

AL interation 2614/5000.

mae: 0.00150484676472297
max_error: 0.014074079184865695
variance: 1.9312962352346765e-06

AL interation 2615/5000.

mae: 0.0015048512545263292
max_error: 0.014076169891268364
variance: 1.9312281205239307e-06

AL interation 2616/5000.

mae: 0.001503663076790872
max_error: 0.01410073854822258
variance: 1.936695472548864e-06

AL interation 2617/5000.

mae: 0.0015028695910768875
max_error: 0.014024151494595571
variance: 1.932949412934629e-06

AL interation 2618/5000.

mae: 0.0015012154630303484
max_error: 0.01405920168144803
variance: 1.9223184290886166e-06

AL interation 2619/5000.

mae: 0.0015010651739012246
max_error: 0.014111006630628253
variance: 1.9230864991545057e-06

AL interation 2620/5000.

mae: 0.0015009636531740397
max_error: 0.014113262457613018
variance: 1.9227800683607456e-06

AL interation 2621/5000.

mae: 0.0014970137178434016
max_error: 0.01472861779438972
variance: 1.926337459723462e-06

AL interation 2622/5000.

mae: 0.0014970097375799013
max_error: 0.014728557800481212
variance: 1.926330065895352e-06

AL interation 2623/5000.

mae: 0.0014967502265944858
max_error: 0.014742063789526583
variance: 1.9256222956170126e-06

AL interation 2624/5000.

mae: 0.0014967538223127123
max_error: 0.014741769928150461
variance: 1.9255854526834683e-06

AL interation 2625/5000.

mae: 0.0014948135949889548
max_error: 0.01477045618412376
variance: 1.918513691111373e-06

AL interation 2626/5000.

mae: 0.0014923943169997075
max_error: 0.014757380655282759
variance: 1.914206024105747e-06

AL interation 2627/5000.

mae: 0.0014912980905237418
max_error: 0.014800758608544129
variance: 1.9160800453782994e-06

AL interation 2628/5000.

mae: 0.0014893097387075613
max_error: 0.01496100370604836
variance: 1.914977843735368e-06

AL interation 2629/5000.

mae: 0.0014886335891269482
max_error: 0.015015296592537197
variance: 1.914546418495027e-06

AL interation 2630/5000.

mae: 0.001488943714925881
max_error: 0.015014673301266157
variance: 1.9163699398030913e-06

AL interation 2631/5000.

mae: 0.0014889972437113102
max_error: 0.014961200888137682
variance: 1.9150965409817364e-06

AL interation 2632/5000.

mae: 0.0014886670189071082
max_error: 0.014894934045514674
variance: 1.9165642380223016e-06

AL interation 2633/5000.

mae: 0.001488436592614562
max_error: 0.014871345525534707
variance: 1.9115262066882594e-06

AL interation 2634/5000.

mae: 0.0014894896105888621
max_error: 0.014830162275757175
variance: 1.9109553629053013e-06

AL interation 2635/5000.

mae: 0.0014897753870673114
max_error: 0.014826586591880186
variance: 1.9114354873550276e-06

AL interation 2636/5000.

mae: 0.0014899200613272114
max_error: 0.014866159532175516
variance: 1.9033656082332538e-06

AL interation 2637/5000.

mae: 0.00149052489504993
max_error: 0.014887296851156862
variance: 1.9056485748851988e-06

AL interation 2638/5000.

mae: 0.001489657285962494
max_error: 0.014970466892918921
variance: 1.9035507343544444e-06

AL interation 2639/5000.

mae: 0.0014883558916080801
max_error: 0.014888812076605973
variance: 1.8995611549961998e-06

AL interation 2640/5000.

mae: 0.0014879111898962946
max_error: 0.014778172206206364
variance: 1.8975269662636642e-06

AL interation 2641/5000.

mae: 0.0014865130823882283
max_error: 0.014853850590952788
variance: 1.895134207934813e-06

AL interation 2642/5000.

mae: 0.0014864015608454793
max_error: 0.014867761186906137
variance: 1.8949518639483737e-06

AL interation 2643/5000.

mae: 0.001486538110847505
max_error: 0.014772658612855594
variance: 1.8956159860243527e-06

AL interation 2644/5000.

mae: 0.0014867144248573822
max_error: 0.01494082786848594
variance: 1.9031294667610858e-06

AL interation 2645/5000.

mae: 0.0014834272571961264
max_error: 0.01509452852405957
variance: 1.90122163646894e-06

AL interation 2646/5000.

mae: 0.0014833600091305925
max_error: 0.015087005756868166
variance: 1.9010157330419486e-06

AL interation 2647/5000.

mae: 0.0014828227830457764
max_error: 0.01508770652981184
variance: 1.8971836458792866e-06

AL interation 2648/5000.

mae: 0.0014782355534571252
max_error: 0.01490413988722139
variance: 1.8859177493041813e-06

AL interation 2649/5000.

mae: 0.0014782308697595
max_error: 0.014907058770404547
variance: 1.8858437586234039e-06

AL interation 2650/5000.

mae: 0.0014776640266295545
max_error: 0.014882431640216964
variance: 1.8851444220040848e-06

AL interation 2651/5000.

mae: 0.0014773682155137067
max_error: 0.014881780734867789
variance: 1.8875950484679694e-06

AL interation 2652/5000.

mae: 0.0014744455249592649
max_error: 0.014689571542476187
variance: 1.8838023589766228e-06

AL interation 2653/5000.

mae: 0.0014737175930540616
max_error: 0.014525574175422662
variance: 1.882456537373467e-06

AL interation 2654/5000.

mae: 0.001475050894040578
max_error: 0.014436813076827093
variance: 1.8808870399691395e-06

AL interation 2655/5000.

mae: 0.0014764376088160134
max_error: 0.014571725012501702
variance: 1.8728160274549025e-06

AL interation 2656/5000.

mae: 0.0014767398226204023
max_error: 0.014575530065485509
variance: 1.8744743654138218e-06

AL interation 2657/5000.

mae: 0.0014762644403626837
max_error: 0.014524494486977346
variance: 1.875194284285019e-06

AL interation 2658/5000.

mae: 0.0014758985204625789
max_error: 0.01454928190469218
variance: 1.8753603820507647e-06

AL interation 2659/5000.

mae: 0.0014758728615888686
max_error: 0.014542840041031013
variance: 1.8753154838207368e-06

AL interation 2660/5000.

mae: 0.0014755268604758386
max_error: 0.014557484677425236
variance: 1.8748391740172062e-06

AL interation 2661/5000.

mae: 0.0014757970798127645
max_error: 0.014527660296153044
variance: 1.8762355131309366e-06

AL interation 2662/5000.

mae: 0.0014760016850104876
max_error: 0.014413856451938045
variance: 1.8780436970686102e-06

AL interation 2663/5000.

mae: 0.0014730997863534867
max_error: 0.014237368886824697
variance: 1.8699861740671072e-06

AL interation 2664/5000.

mae: 0.0014707642948396825
max_error: 0.014336303260279237
variance: 1.8708936788571822e-06

AL interation 2665/5000.

mae: 0.0014664108877186664
max_error: 0.01413392964968807
variance: 1.8645196504470308e-06

AL interation 2666/5000.

mae: 0.001466768403551214
max_error: 0.014064176379179116
variance: 1.8637855401754179e-06

AL interation 2667/5000.

mae: 0.0014669148907541967
max_error: 0.014017333969604806
variance: 1.8621801363418363e-06

AL interation 2668/5000.

mae: 0.0014669478501773484
max_error: 0.014014183563631377
variance: 1.8620545830509863e-06

AL interation 2669/5000.

mae: 0.001466780426261721
max_error: 0.013980713934870437
variance: 1.8627529731506308e-06

AL interation 2670/5000.

mae: 0.001459628360372335
max_error: 0.014410320845854585
variance: 1.854464416766751e-06

AL interation 2671/5000.

mae: 0.0014595138398253767
max_error: 0.014399315154150827
variance: 1.853927252929432e-06

AL interation 2672/5000.

mae: 0.0014552212820276508
max_error: 0.014516360690322472
variance: 1.8466215892607605e-06

AL interation 2673/5000.

mae: 0.0014544720379426508
max_error: 0.014542831111612031
variance: 1.8485596549225425e-06

AL interation 2674/5000.

mae: 0.001454330141995797
max_error: 0.01443168744117429
variance: 1.8457320304233167e-06

AL interation 2675/5000.

mae: 0.0014542272232388315
max_error: 0.01441920397337526
variance: 1.8462169340421562e-06

AL interation 2676/5000.

mae: 0.0014563108294605627
max_error: 0.01454728040152986
variance: 1.8474021774672063e-06

AL interation 2677/5000.

mae: 0.001456669921421053
max_error: 0.014574147631719825
variance: 1.8435088304655825e-06

AL interation 2678/5000.

mae: 0.0014564086116083672
max_error: 0.01457561258939677
variance: 1.8407557534117003e-06

AL interation 2679/5000.

mae: 0.0014561287954729777
max_error: 0.01451244985764788
variance: 1.8301503557993042e-06

AL interation 2680/5000.

mae: 0.0014561644066934604
max_error: 0.014518894508000812
variance: 1.8307026867918753e-06

AL interation 2681/5000.

mae: 0.0014529700523262363
max_error: 0.014461374188613263
variance: 1.828661115599034e-06

AL interation 2682/5000.

mae: 0.001448701150803572
max_error: 0.014562889273292967
variance: 1.8184544958315414e-06

AL interation 2683/5000.

mae: 0.0014491124714422767
max_error: 0.014573181522791856
variance: 1.8202967716478754e-06

AL interation 2684/5000.

mae: 0.0014489599799535427
max_error: 0.014555450425177696
variance: 1.8197108164563934e-06

AL interation 2685/5000.

mae: 0.0014464276473172505
max_error: 0.014610745358368149
variance: 1.8111766635979109e-06

AL interation 2686/5000.

mae: 0.001447556210957373
max_error: 0.014619951271015452
variance: 1.811018434279285e-06

AL interation 2687/5000.

mae: 0.0014446161826735988
max_error: 0.014720200933879823
variance: 1.8040727824100744e-06

AL interation 2688/5000.

mae: 0.0014445269641855704
max_error: 0.01470360636631085
variance: 1.8037403525209677e-06

AL interation 2689/5000.

mae: 0.00144622283687886
max_error: 0.0146316562222637
variance: 1.8035718190045396e-06

AL interation 2690/5000.

mae: 0.0014461505207636947
max_error: 0.014639673669080366
variance: 1.8034958330519538e-06

AL interation 2691/5000.

mae: 0.0014423083355436575
max_error: 0.014454324993494083
variance: 1.7808838275238414e-06

AL interation 2692/5000.

mae: 0.0014333664278392462
max_error: 0.014307922630905523
variance: 1.7588120691005554e-06

AL interation 2693/5000.

mae: 0.0014335010341369526
max_error: 0.014306258970464114
variance: 1.7590733788506676e-06

AL interation 2694/5000.

mae: 0.0014333247971489982
max_error: 0.014161801502268645
variance: 1.7537326899938254e-06

AL interation 2695/5000.

mae: 0.0014353949060023298
max_error: 0.014167299812470446
variance: 1.7525223897149263e-06

AL interation 2696/5000.

mae: 0.0014352039075465656
max_error: 0.014173542062053457
variance: 1.7524432965977089e-06

AL interation 2697/5000.

mae: 0.0014353885012742466
max_error: 0.014202019052390824
variance: 1.7499237512130648e-06

AL interation 2698/5000.

mae: 0.0014353496567928233
max_error: 0.014167502531563514
variance: 1.7484515345709392e-06

AL interation 2699/5000.

mae: 0.0014348577727687371
max_error: 0.014067900634472608
variance: 1.7511305557589104e-06

AL interation 2700/5000.

mae: 0.001433852709796156
max_error: 0.01405710485232703
variance: 1.7505153633003811e-06

AL interation 2701/5000.

mae: 0.0014339083295453747
max_error: 0.014061438625503797
variance: 1.7506669008950356e-06

AL interation 2702/5000.

mae: 0.0014346405381311343
max_error: 0.014114205509031308
variance: 1.752716657496595e-06

AL interation 2703/5000.

mae: 0.0014340840004715574
max_error: 0.01405441052520473
variance: 1.7530548239866707e-06

AL interation 2704/5000.

mae: 0.0014309188975003054
max_error: 0.014103677771345247
variance: 1.7556134735792024e-06

AL interation 2705/5000.

mae: 0.0014323718624464164
max_error: 0.01397957176413911
variance: 1.7535909771128288e-06

AL interation 2706/5000.

mae: 0.0014301062246586298
max_error: 0.014036559778105584
variance: 1.7556391887567886e-06

AL interation 2707/5000.

mae: 0.00143016824998449
max_error: 0.014026263865162036
variance: 1.755968147899195e-06

AL interation 2708/5000.

mae: 0.0014282924790550169
max_error: 0.0139364446131367
variance: 1.7518521319037062e-06

AL interation 2709/5000.

mae: 0.0014241344230604227
max_error: 0.013481893402058631
variance: 1.7322047293008886e-06

AL interation 2710/5000.

mae: 0.0014245806713506681
max_error: 0.013426379578959313
variance: 1.730263435658216e-06

AL interation 2711/5000.

mae: 0.0014239835921275698
max_error: 0.013422394653389347
variance: 1.73086013485022e-06

AL interation 2712/5000.

mae: 0.0014238889791176918
max_error: 0.013538103588871309
variance: 1.7364425753024394e-06

AL interation 2713/5000.

mae: 0.0014237007235724378
max_error: 0.013545524845540058
variance: 1.7385389531581562e-06

AL interation 2714/5000.

mae: 0.0014232196083712552
max_error: 0.013539771171053872
variance: 1.7373595275421237e-06

AL interation 2715/5000.

mae: 0.0014214159277307773
max_error: 0.013595270083897049
variance: 1.7281085961709095e-06

AL interation 2716/5000.

mae: 0.0014211392808501841
max_error: 0.013635178656841163
variance: 1.728900406925789e-06

AL interation 2717/5000.

mae: 0.0014181081064107276
max_error: 0.013562426285716356
variance: 1.7215598754555508e-06

AL interation 2718/5000.

mae: 0.0014180891436817546
max_error: 0.0135832962441782
variance: 1.7231719837868934e-06

AL interation 2719/5000.

mae: 0.0014138344979728573
max_error: 0.01358471229650604
variance: 1.715009443272489e-06

AL interation 2720/5000.

mae: 0.0014138383145709669
max_error: 0.013599051255368977
variance: 1.7149254376024176e-06

AL interation 2721/5000.

mae: 0.0014128186282850947
max_error: 0.01359131953540782
variance: 1.7146068942335317e-06

AL interation 2722/5000.

mae: 0.001410662522540406
max_error: 0.013345091245355434
variance: 1.7102400168915772e-06

AL interation 2723/5000.

mae: 0.0014103759974150307
max_error: 0.013383016770603717
variance: 1.7113179852651395e-06

AL interation 2724/5000.

mae: 0.0014097379541135524
max_error: 0.013348198581297765
variance: 1.7094230131913331e-06

AL interation 2725/5000.

mae: 0.0014104989754150665
max_error: 0.01337408335712098
variance: 1.7118425145478545e-06

AL interation 2726/5000.

mae: 0.0014103170802000024
max_error: 0.013313360146639752
variance: 1.713689646934272e-06

AL interation 2727/5000.

mae: 0.0014098140963660626
max_error: 0.013292805355376913
variance: 1.7137418059007375e-06

AL interation 2728/5000.

mae: 0.0014097361986241594
max_error: 0.01328017353262112
variance: 1.7132420708007493e-06

AL interation 2729/5000.

mae: 0.0014098285451236733
max_error: 0.013260689329399611
variance: 1.7121486904664612e-06

AL interation 2730/5000.

mae: 0.0014099379950575895
max_error: 0.01317608899444167
variance: 1.7068705792808541e-06

AL interation 2731/5000.

mae: 0.0014093952384446311
max_error: 0.013196054753279896
variance: 1.707171731203487e-06

AL interation 2732/5000.

mae: 0.0014095076608846284
max_error: 0.013160724023691728
variance: 1.7056909226016567e-06

AL interation 2733/5000.

mae: 0.0014094404042189126
max_error: 0.013158796415154939
variance: 1.7057918155824373e-06

AL interation 2734/5000.

mae: 0.0014125550144417503
max_error: 0.012959220070115407
variance: 1.7009626828903884e-06

AL interation 2735/5000.

mae: 0.0014123099842736338
max_error: 0.012998695687201689
variance: 1.6991935187974785e-06

AL interation 2736/5000.

mae: 0.0014123073501259569
max_error: 0.012997649979297421
variance: 1.6992385097910523e-06

AL interation 2737/5000.

mae: 0.0014121323579320234
max_error: 0.01289783467836969
variance: 1.702383524430334e-06

AL interation 2738/5000.

mae: 0.0014119439297819553
max_error: 0.012900159867058392
variance: 1.7027643571011775e-06

AL interation 2739/5000.

mae: 0.0014109575644970392
max_error: 0.012843476559282863
variance: 1.699163676807945e-06

AL interation 2740/5000.

mae: 0.0014113840362924748
max_error: 0.01284025736640615
variance: 1.698278858900263e-06

AL interation 2741/5000.

mae: 0.0014115919275982378
max_error: 0.01289938687295944
variance: 1.701764573270209e-06

AL interation 2742/5000.

mae: 0.0014116221719386885
max_error: 0.012902742078949814
variance: 1.7015215817873048e-06

AL interation 2743/5000.

mae: 0.0014120570707100342
max_error: 0.012855501054218621
variance: 1.7015962488628903e-06

AL interation 2744/5000.

mae: 0.001411941923575796
max_error: 0.012855642953581992
variance: 1.7018551373596688e-06

AL interation 2745/5000.

mae: 0.0014119263063093969
max_error: 0.012824478222682956
variance: 1.7026511424242934e-06

AL interation 2746/5000.

mae: 0.0014110584308109537
max_error: 0.012567958501676912
variance: 1.690948206271007e-06

AL interation 2747/5000.

mae: 0.001410758737476499
max_error: 0.01253402621478017
variance: 1.690479001009267e-06

AL interation 2748/5000.

mae: 0.0014108930487291217
max_error: 0.01254211726518406
variance: 1.6907704322396981e-06

AL interation 2749/5000.

mae: 0.0014131123513570856
max_error: 0.01252685051986191
variance: 1.6917778244892745e-06

AL interation 2750/5000.

mae: 0.0014131999911742243
max_error: 0.012542665039291023
variance: 1.692106701310776e-06

AL interation 2751/5000.

mae: 0.0014125373859515094
max_error: 0.012500889626608114
variance: 1.6916844807251657e-06

AL interation 2752/5000.

mae: 0.0014123345162679471
max_error: 0.01249575051588181
variance: 1.691460632297185e-06

AL interation 2753/5000.

mae: 0.001412417775072754
max_error: 0.012490318242271314
variance: 1.6916820245216495e-06

AL interation 2754/5000.

mae: 0.0014135015709325672
max_error: 0.012420653829394723
variance: 1.6915802981187955e-06

AL interation 2755/5000.

mae: 0.001416144081683342
max_error: 0.01248681887773273
variance: 1.6923684035499517e-06

AL interation 2756/5000.

mae: 0.001416140253541016
max_error: 0.01248457026485994
variance: 1.6922752664217842e-06

AL interation 2757/5000.

mae: 0.0014159250923585205
max_error: 0.012459030431273277
variance: 1.6916839109896724e-06

AL interation 2758/5000.

mae: 0.0014122559929955968
max_error: 0.012314690864513977
variance: 1.6823551413489371e-06

AL interation 2759/5000.

mae: 0.0014142420187099561
max_error: 0.012240099769769586
variance: 1.6876175354862983e-06

AL interation 2760/5000.

mae: 0.0014140097075132872
max_error: 0.012168960658527794
variance: 1.6883345899401058e-06

AL interation 2761/5000.

mae: 0.0014140353070779383
max_error: 0.01214299344974279
variance: 1.6869450052671641e-06

AL interation 2762/5000.

mae: 0.0014135787022341903
max_error: 0.012008519157461706
variance: 1.682302944135665e-06

AL interation 2763/5000.

mae: 0.0014135738644054073
max_error: 0.011938770307097002
variance: 1.681343720046253e-06

AL interation 2764/5000.

mae: 0.0014139377515875822
max_error: 0.011947444601901225
variance: 1.6831220193901344e-06

AL interation 2765/5000.

mae: 0.001411875279681226
max_error: 0.011713448975569918
variance: 1.6797030948450865e-06

AL interation 2766/5000.

mae: 0.001410539478741157
max_error: 0.011796490243796143
variance: 1.6761436198271237e-06

AL interation 2767/5000.

mae: 0.0014101024955707545
max_error: 0.011734998084648396
variance: 1.674040663287385e-06

AL interation 2768/5000.

mae: 0.0014090758416432437
max_error: 0.01181630314931681
variance: 1.6801946898025922e-06

AL interation 2769/5000.

mae: 0.0014082400466986656
max_error: 0.011827428292235709
variance: 1.6805724763849955e-06

AL interation 2770/5000.

mae: 0.00140813847732079
max_error: 0.011824595841972041
variance: 1.680418208311886e-06

AL interation 2771/5000.

mae: 0.001407433282414786
max_error: 0.01185205426554603
variance: 1.6717767974046084e-06

AL interation 2772/5000.

mae: 0.0014060539267256899
max_error: 0.011891238033058471
variance: 1.6717170667295894e-06

AL interation 2773/5000.

mae: 0.001406444967884454
max_error: 0.011871259468534845
variance: 1.6774646306793709e-06

AL interation 2774/5000.

mae: 0.0014069255359145246
max_error: 0.011761432548155426
variance: 1.673622235624389e-06

AL interation 2775/5000.

mae: 0.001405373920607417
max_error: 0.011915069653696264
variance: 1.672011468046108e-06

AL interation 2776/5000.

mae: 0.0014031943073587172
max_error: 0.011849458349388442
variance: 1.6650848960669213e-06

AL interation 2777/5000.

mae: 0.0014033921707723494
max_error: 0.01179023302938731
variance: 1.6643586373586584e-06

AL interation 2778/5000.

mae: 0.001402787449900643
max_error: 0.011748718692615512
variance: 1.6640755813909662e-06

AL interation 2779/5000.

mae: 0.0014029486051667845
max_error: 0.011761848980313516
variance: 1.6641272073325193e-06

AL interation 2780/5000.

mae: 0.0014024610022333945
max_error: 0.011819232398920576
variance: 1.6640834404991186e-06

AL interation 2781/5000.

mae: 0.001401692942500631
max_error: 0.011999861168078496
variance: 1.6667739490202895e-06

AL interation 2782/5000.

mae: 0.0014016870541991011
max_error: 0.012008849114863551
variance: 1.6661070343706052e-06

AL interation 2783/5000.

mae: 0.0014015787425923918
max_error: 0.012026840753605939
variance: 1.6643869917815777e-06

AL interation 2784/5000.

mae: 0.0014012915175335365
max_error: 0.012087026398148737
variance: 1.6646882447394117e-06

AL interation 2785/5000.

mae: 0.0014004757248349052
max_error: 0.012192677377242944
variance: 1.6636447550484067e-06

AL interation 2786/5000.

mae: 0.0014006719492981575
max_error: 0.012226555196320987
variance: 1.6653273043686731e-06

AL interation 2787/5000.

mae: 0.00140055837239197
max_error: 0.012225079311974696
variance: 1.6643402730589693e-06

AL interation 2788/5000.

mae: 0.001399444100011351
max_error: 0.012396962743878248
variance: 1.67242824824323e-06

AL interation 2789/5000.

mae: 0.0013998050043919647
max_error: 0.012408804313963628
variance: 1.6724577398497866e-06

AL interation 2790/5000.

mae: 0.0013988181993499892
max_error: 0.01242047610685404
variance: 1.671078150572897e-06

AL interation 2791/5000.

mae: 0.0013996043983361232
max_error: 0.012474567576646223
variance: 1.6731687507973753e-06

AL interation 2792/5000.

mae: 0.0014011585886892135
max_error: 0.012556887979371822
variance: 1.6733269765666682e-06

AL interation 2793/5000.

mae: 0.0014020256187195629
max_error: 0.012598168394106324
variance: 1.674888292419023e-06

AL interation 2794/5000.

mae: 0.0014010938088986223
max_error: 0.012758673603457282
variance: 1.6738841191070949e-06

AL interation 2795/5000.

mae: 0.0013970568292816098
max_error: 0.012858087005952257
variance: 1.6613668060929008e-06

AL interation 2796/5000.

mae: 0.0013969495740175262
max_error: 0.012854180857175379
variance: 1.6609862440131558e-06

AL interation 2797/5000.

mae: 0.0013975782430306937
max_error: 0.012948757530466537
variance: 1.6618714572081222e-06

AL interation 2798/5000.

mae: 0.001396789431635625
max_error: 0.01302191271497577
variance: 1.6651882437267974e-06

AL interation 2799/5000.

mae: 0.0013963549420614072
max_error: 0.013017977054914809
variance: 1.6639571211339914e-06

AL interation 2800/5000.

mae: 0.0013967473640423122
max_error: 0.013057168440354872
variance: 1.6645955900341888e-06

AL interation 2801/5000.

mae: 0.0013967436315842862
max_error: 0.013041557465840015
variance: 1.6639778591378717e-06

AL interation 2802/5000.

mae: 0.0013966581007371134
max_error: 0.013036632763032685
variance: 1.6636547982049544e-06

AL interation 2803/5000.

mae: 0.0013963073446311683
max_error: 0.012915903402245021
variance: 1.6599672515741842e-06

AL interation 2804/5000.

mae: 0.0013963093165430109
max_error: 0.012915764358695014
variance: 1.6599660123378744e-06

AL interation 2805/5000.

mae: 0.0013951059625705966
max_error: 0.012741110562274116
variance: 1.6544932392216115e-06

AL interation 2806/5000.

mae: 0.0013950958924060614
max_error: 0.012726775623377762
variance: 1.6545267079668773e-06

AL interation 2807/5000.

mae: 0.0013950520147482167
max_error: 0.012622344785995665
variance: 1.6547239060411441e-06

AL interation 2808/5000.

mae: 0.0013949105788069573
max_error: 0.012622945045222878
variance: 1.6547468977270435e-06

AL interation 2809/5000.

mae: 0.0013950349193492001
max_error: 0.012761498697727802
variance: 1.6561453852775197e-06

AL interation 2810/5000.

mae: 0.0013931232228915178
max_error: 0.012541608592073317
variance: 1.656516598246212e-06

AL interation 2811/5000.

mae: 0.0013933933193438861
max_error: 0.012572409670610796
variance: 1.6583995679105897e-06

AL interation 2812/5000.

mae: 0.001393874027675338
max_error: 0.012587836803504615
variance: 1.659730986401978e-06

AL interation 2813/5000.

mae: 0.0013935589738102864
max_error: 0.01262024815332552
variance: 1.6602883016224731e-06

AL interation 2814/5000.

mae: 0.0013938007895740157
max_error: 0.012633547104996978
variance: 1.661066129744482e-06

AL interation 2815/5000.

mae: 0.0013935959620466748
max_error: 0.012627941634491435
variance: 1.6600182123713286e-06

AL interation 2816/5000.

mae: 0.0013926144987899535
max_error: 0.012339242310190457
variance: 1.6583018423714796e-06

AL interation 2817/5000.

mae: 0.0013925866838517323
max_error: 0.012321632666498772
variance: 1.6580012392095913e-06

AL interation 2818/5000.

mae: 0.0013923496119468838
max_error: 0.01232123185582168
variance: 1.65800899551307e-06

AL interation 2819/5000.

mae: 0.001390364087040325
max_error: 0.012297355837290525
variance: 1.6530055656865645e-06

AL interation 2820/5000.

mae: 0.001390722181467936
max_error: 0.012279676002435735
variance: 1.652261120501898e-06

AL interation 2821/5000.

mae: 0.00139041208470735
max_error: 0.012301232300160336
variance: 1.6516404697026822e-06

AL interation 2822/5000.

mae: 0.0013908698775539961
max_error: 0.012378976547552156
variance: 1.6499045658394738e-06

AL interation 2823/5000.

mae: 0.0013898622673868886
max_error: 0.01230877101443184
variance: 1.645528648898497e-06

AL interation 2824/5000.

mae: 0.0013902613866039247
max_error: 0.012383659390252433
variance: 1.6458818957109087e-06

AL interation 2825/5000.

mae: 0.0013904380920730546
max_error: 0.012374243682643282
variance: 1.646469932984206e-06

AL interation 2826/5000.

mae: 0.0013848851244338222
max_error: 0.01242200878004951
variance: 1.6381573222383492e-06

AL interation 2827/5000.

mae: 0.0013846294112836405
max_error: 0.012402946695146966
variance: 1.6382280212195358e-06

AL interation 2828/5000.

mae: 0.001384668527802205
max_error: 0.012352977950286004
variance: 1.6389022641781667e-06

AL interation 2829/5000.

mae: 0.0013848024909084416
max_error: 0.012314778023210238
variance: 1.6427231239009888e-06

AL interation 2830/5000.

mae: 0.0013847187819037573
max_error: 0.012237821601956966
variance: 1.6458620266091265e-06

AL interation 2831/5000.

mae: 0.0013845869714932634
max_error: 0.012223571733557037
variance: 1.6455088654795672e-06

AL interation 2832/5000.

mae: 0.0013844956911143527
max_error: 0.012228071476783953
variance: 1.6449227379009192e-06

AL interation 2833/5000.

mae: 0.0013832068653036914
max_error: 0.01216875792852079
variance: 1.6416605963109516e-06

AL interation 2834/5000.

mae: 0.0013832627822494032
max_error: 0.01224177372023405
variance: 1.6410039096169641e-06

AL interation 2835/5000.

mae: 0.001383234505115979
max_error: 0.012233923907842836
variance: 1.6407381201843891e-06

AL interation 2836/5000.

mae: 0.0013796446719434243
max_error: 0.01218218435496965
variance: 1.629543356815171e-06

AL interation 2837/5000.

mae: 0.0013795193361083875
max_error: 0.012176374706541537
variance: 1.6291336671804496e-06

AL interation 2838/5000.

mae: 0.0013745792805329984
max_error: 0.012059792765285238
variance: 1.6271673891437875e-06

AL interation 2839/5000.

mae: 0.001373251582008379
max_error: 0.011992184814516804
variance: 1.6163270918111848e-06

AL interation 2840/5000.

mae: 0.001373503953058389
max_error: 0.012094511794202845
variance: 1.6223779319428468e-06

AL interation 2841/5000.

mae: 0.0013731306120744193
max_error: 0.012103751329050283
variance: 1.6217548807139006e-06

AL interation 2842/5000.

mae: 0.0013722025804099758
max_error: 0.012096031312466948
variance: 1.621256308301867e-06

AL interation 2843/5000.

mae: 0.0013710246252758224
max_error: 0.011929285972655634
variance: 1.6153238451421612e-06

AL interation 2844/5000.

mae: 0.0013710274422865042
max_error: 0.011928724559766124
variance: 1.6154263132119055e-06

AL interation 2845/5000.

mae: 0.0013703843177408999
max_error: 0.011924433614694863
variance: 1.615896840554484e-06

AL interation 2846/5000.

mae: 0.0013727573854921502
max_error: 0.01191114193170506
variance: 1.6181183254460777e-06

AL interation 2847/5000.

mae: 0.0013709109017108858
max_error: 0.01189768739095598
variance: 1.6195095642397574e-06

AL interation 2848/5000.

mae: 0.0013714877569991587
max_error: 0.011594654743021238
variance: 1.6252701008522046e-06

AL interation 2849/5000.

mae: 0.0013714677722346095
max_error: 0.011709296361004817
variance: 1.6282270002299447e-06

AL interation 2850/5000.

mae: 0.0013714674620969162
max_error: 0.011708794145306456
variance: 1.6282199741546104e-06

AL interation 2851/5000.

mae: 0.0013715407904701352
max_error: 0.011702704343406367
variance: 1.6277490030367975e-06

AL interation 2852/5000.

mae: 0.0013712656369161778
max_error: 0.011689744276736747
variance: 1.6265615605463002e-06

AL interation 2853/5000.

mae: 0.0013698813957589665
max_error: 0.011773179923693533
variance: 1.628830586369576e-06

AL interation 2854/5000.

mae: 0.0013698159553305232
max_error: 0.011758827609810396
variance: 1.6285142129096444e-06

AL interation 2855/5000.

mae: 0.0013703813373940649
max_error: 0.01173675956488296
variance: 1.6277118152543279e-06

AL interation 2856/5000.

mae: 0.001370435335217735
max_error: 0.011736024460333283
variance: 1.6278674487925662e-06

AL interation 2857/5000.

mae: 0.0013700222463985483
max_error: 0.011074803505835007
variance: 1.6273117214885135e-06

AL interation 2858/5000.

mae: 0.001370956695122004
max_error: 0.011084266056059278
variance: 1.6282445565969473e-06

AL interation 2859/5000.

mae: 0.0013693462538658424
max_error: 0.011296971189949545
variance: 1.6249501655388994e-06

AL interation 2860/5000.

mae: 0.0013698979605269415
max_error: 0.011317350354147493
variance: 1.6253453465803765e-06

AL interation 2861/5000.

mae: 0.001370739788380888
max_error: 0.011358997768184054
variance: 1.6292105860521773e-06

AL interation 2862/5000.

mae: 0.0013706090310161016
max_error: 0.011344813427058398
variance: 1.6280483774641012e-06

AL interation 2863/5000.

mae: 0.001370565095980055
max_error: 0.011406760799218318
variance: 1.6277578969358779e-06

AL interation 2864/5000.

mae: 0.001370553070344613
max_error: 0.011424241753047681
variance: 1.6291294300791326e-06

AL interation 2865/5000.

mae: 0.001370657748018857
max_error: 0.011424339658333338
variance: 1.6301851443796988e-06

AL interation 2866/5000.

mae: 0.0013705500041069172
max_error: 0.011375176478395588
variance: 1.6297217172043915e-06

AL interation 2867/5000.

mae: 0.0013711976593240253
max_error: 0.011263157472058083
variance: 1.6276752634409792e-06

AL interation 2868/5000.

mae: 0.0013722976576527799
max_error: 0.011345570272169425
variance: 1.6270316084984056e-06

AL interation 2869/5000.

mae: 0.0013726790254377193
max_error: 0.01138118396011123
variance: 1.6304796569256999e-06

AL interation 2870/5000.

mae: 0.0013732916306344123
max_error: 0.011420313274356886
variance: 1.6313114558301396e-06

AL interation 2871/5000.

mae: 0.0013737909160981873
max_error: 0.01138618712684547
variance: 1.6309906100622615e-06

AL interation 2872/5000.

mae: 0.001373748148103914
max_error: 0.011380935296983807
variance: 1.6315454104595149e-06

AL interation 2873/5000.

mae: 0.0013738879593729507
max_error: 0.011431582626755699
variance: 1.6342015374508211e-06

AL interation 2874/5000.

mae: 0.0013736288812760905
max_error: 0.011434800557253766
variance: 1.6331937243112272e-06

AL interation 2875/5000.

mae: 0.0013736473479802954
max_error: 0.011499650818223017
variance: 1.6347315782669153e-06

AL interation 2876/5000.

mae: 0.001374372942732407
max_error: 0.011444222122008796
variance: 1.6322172926209879e-06

AL interation 2877/5000.

mae: 0.0013733337224957722
max_error: 0.011667987453620299
variance: 1.6348553967309145e-06

AL interation 2878/5000.

mae: 0.0013733252250513032
max_error: 0.011620773240792914
variance: 1.6356694063676462e-06

AL interation 2879/5000.

mae: 0.0013696560839016457
max_error: 0.01165671802846191
variance: 1.6243769175988746e-06

AL interation 2880/5000.

mae: 0.0013694094485490495
max_error: 0.01174965857899224
variance: 1.623240357142613e-06

AL interation 2881/5000.

mae: 0.0013692002130092078
max_error: 0.011707208255756996
variance: 1.6202685301420349e-06

AL interation 2882/5000.

mae: 0.001368936234001012
max_error: 0.011682857371852151
variance: 1.6207418693475174e-06

AL interation 2883/5000.

mae: 0.001368020868050735
max_error: 0.011522411694386392
variance: 1.611600684136863e-06

AL interation 2884/5000.

mae: 0.0013675603617757587
max_error: 0.011513779469169094
variance: 1.6093725270057166e-06

AL interation 2885/5000.

mae: 0.001363648621608263
max_error: 0.011411410368964425
variance: 1.595612008998579e-06

AL interation 2886/5000.

mae: 0.0013636838876354886
max_error: 0.011362860057488433
variance: 1.5965862180316357e-06

AL interation 2887/5000.

mae: 0.0013636928994901609
max_error: 0.011374705141861341
variance: 1.5935672832786504e-06

AL interation 2888/5000.

mae: 0.00136286347499572
max_error: 0.011374622268704115
variance: 1.5905231225365264e-06

AL interation 2889/5000.

mae: 0.001363870111765209
max_error: 0.0113709964989539
variance: 1.5975437906037073e-06

AL interation 2890/5000.

mae: 0.0013631247281291508
max_error: 0.011395487270419835
variance: 1.5969166217189367e-06

AL interation 2891/5000.

mae: 0.0013628348128713697
max_error: 0.01140255874452123
variance: 1.5968493539245402e-06

AL interation 2892/5000.

mae: 0.0013627536969079302
max_error: 0.011504228436024277
variance: 1.5982149455392825e-06

AL interation 2893/5000.

mae: 0.001362820740298048
max_error: 0.01149434502258373
variance: 1.5973611032031104e-06

AL interation 2894/5000.

mae: 0.0013580710223741336
max_error: 0.011121935915070935
variance: 1.5686371799922957e-06

AL interation 2895/5000.

mae: 0.0013598545787690455
max_error: 0.010971077621434233
variance: 1.568997469928715e-06

AL interation 2896/5000.

mae: 0.0013596969405625715
max_error: 0.010980798781019985
variance: 1.5684172084512507e-06

AL interation 2897/5000.

mae: 0.0013599094667033568
max_error: 0.011085469659519731
variance: 1.569687337775044e-06

AL interation 2898/5000.

mae: 0.0013592990037777782
max_error: 0.011187533533302485
variance: 1.5681980779279608e-06

AL interation 2899/5000.

mae: 0.0013574521714635921
max_error: 0.011031023173927679
variance: 1.5620353690532533e-06

AL interation 2900/5000.

mae: 0.001357432487215192
max_error: 0.011033257140297792
variance: 1.5625765259591851e-06

AL interation 2901/5000.

mae: 0.0013538296327233184
max_error: 0.01079403122093936
variance: 1.5550669130259843e-06

AL interation 2902/5000.

mae: 0.0013513053134474832
max_error: 0.010720910408053896
variance: 1.547082598168935e-06

AL interation 2903/5000.

mae: 0.0013513526111819374
max_error: 0.010751268002422876
variance: 1.54913392260022e-06

AL interation 2904/5000.

mae: 0.0013513150258959285
max_error: 0.01079070369269175
variance: 1.5495145158503992e-06

AL interation 2905/5000.

mae: 0.0013500084275974587
max_error: 0.01072061466948071
variance: 1.5410822999408584e-06

AL interation 2906/5000.

mae: 0.0013493742292039314
max_error: 0.010658543285899214
variance: 1.5402041782897234e-06

AL interation 2907/5000.

mae: 0.0013467834954590217
max_error: 0.010550787706961273
variance: 1.5326583724562252e-06

AL interation 2908/5000.

mae: 0.0013452574270077094
max_error: 0.010261214809361263
variance: 1.5296315335387287e-06

AL interation 2909/5000.

mae: 0.0013453808278509314
max_error: 0.010202602881690837
variance: 1.5288955786715562e-06

AL interation 2910/5000.

mae: 0.0013434534099196753
max_error: 0.010240282461381867
variance: 1.5119445001291593e-06

AL interation 2911/5000.

mae: 0.0013430349269292492
max_error: 0.010231262209345005
variance: 1.511404802610163e-06

AL interation 2912/5000.

mae: 0.0013426601263408883
max_error: 0.010248883909298456
variance: 1.5099914298576294e-06

AL interation 2913/5000.

mae: 0.0013424265206886047
max_error: 0.01020636613793613
variance: 1.5061573855580085e-06

AL interation 2914/5000.

mae: 0.001340636601928054
max_error: 0.010263283495078213
variance: 1.5021292177174022e-06

AL interation 2915/5000.

mae: 0.0013409118430654416
max_error: 0.010246864598229877
variance: 1.5002467610361185e-06

AL interation 2916/5000.

mae: 0.0013406363741351015
max_error: 0.010242064488920732
variance: 1.4990707352995674e-06

AL interation 2917/5000.

mae: 0.0013405017366176252
max_error: 0.010258041473207413
variance: 1.4986845035000814e-06

AL interation 2918/5000.

mae: 0.001340764520024095
max_error: 0.01022836356969492
variance: 1.4985261985502047e-06

AL interation 2919/5000.

mae: 0.0013422752342248715
max_error: 0.01033532541441673
variance: 1.5011404840331122e-06

AL interation 2920/5000.

mae: 0.0013405022799270227
max_error: 0.0102356176412286
variance: 1.496310553017362e-06

AL interation 2921/5000.

mae: 0.0013404749003802863
max_error: 0.010189582686507492
variance: 1.4951387267985242e-06

AL interation 2922/5000.

mae: 0.0013413848006748595
max_error: 0.01021100157777255
variance: 1.4980739472158523e-06

AL interation 2923/5000.

mae: 0.0013398362343923509
max_error: 0.010185632198044914
variance: 1.5001964182370504e-06

AL interation 2924/5000.

mae: 0.0013399095266640871
max_error: 0.010212702827629982
variance: 1.499319492462089e-06

AL interation 2925/5000.

mae: 0.0013396768022439574
max_error: 0.010232744634777191
variance: 1.497658620179959e-06

AL interation 2926/5000.

mae: 0.0013396676713282431
max_error: 0.010240640569463721
variance: 1.497729955783131e-06

AL interation 2927/5000.

mae: 0.0013394808500570435
max_error: 0.010212996849077172
variance: 1.4970213092472308e-06

AL interation 2928/5000.

mae: 0.001338789536852346
max_error: 0.010199622809523134
variance: 1.4962503768961886e-06

AL interation 2929/5000.

mae: 0.0013388158932293663
max_error: 0.01018390204080788
variance: 1.494905891703284e-06

AL interation 2930/5000.

mae: 0.0013402479140841024
max_error: 0.01014245395163016
variance: 1.4972473817184968e-06

AL interation 2931/5000.

mae: 0.0013400806722183916
max_error: 0.010130183049113839
variance: 1.4972862732946024e-06

AL interation 2932/5000.

mae: 0.0013403471271822127
max_error: 0.010141591430510744
variance: 1.4982131675365284e-06

AL interation 2933/5000.

mae: 0.0013404369180007052
max_error: 0.010083578852572828
variance: 1.497750426133506e-06

AL interation 2934/5000.

mae: 0.001339431307545965
max_error: 0.009936758729963913
variance: 1.493979572773479e-06

AL interation 2935/5000.

mae: 0.0013397576763873075
max_error: 0.009922512230332359
variance: 1.4934310069850023e-06

AL interation 2936/5000.

mae: 0.0013399353730919757
max_error: 0.009920494941979996
variance: 1.4937290120059534e-06

AL interation 2937/5000.

mae: 0.0013394171718691724
max_error: 0.00997893685962481
variance: 1.4929550696300965e-06

AL interation 2938/5000.

mae: 0.0013391822746871185
max_error: 0.009960166140444926
variance: 1.496634596491339e-06

AL interation 2939/5000.

mae: 0.0013377335577060877
max_error: 0.009979295811717748
variance: 1.496444854241627e-06

AL interation 2940/5000.

mae: 0.0013378845093802738
max_error: 0.00994857481236977
variance: 1.4955282040217384e-06

AL interation 2941/5000.

mae: 0.0013368882710774416
max_error: 0.009976137158446363
variance: 1.4945796735462165e-06

AL interation 2942/5000.

mae: 0.0013355897855171861
max_error: 0.010066377790280967
variance: 1.495561952139781e-06

AL interation 2943/5000.

mae: 0.00133561143188399
max_error: 0.010061812461572117
variance: 1.4956151959191359e-06

AL interation 2944/5000.

mae: 0.001335517025907393
max_error: 0.010065307758850395
variance: 1.49547499698056e-06

AL interation 2945/5000.

mae: 0.0013355230598590423
max_error: 0.010065552012747503
variance: 1.4954969679640542e-06

AL interation 2946/5000.

mae: 0.001334226625653173
max_error: 0.010139435724340728
variance: 1.4918588627499332e-06

AL interation 2947/5000.

mae: 0.0013349673742350206
max_error: 0.010237274536848417
variance: 1.4940482599465168e-06

AL interation 2948/5000.

mae: 0.0013347864110173759
max_error: 0.01028808791852498
variance: 1.4951905161397969e-06

AL interation 2949/5000.

mae: 0.00133246245740429
max_error: 0.010242577676763176
variance: 1.4881718288750338e-06

AL interation 2950/5000.

mae: 0.0013299783874854256
max_error: 0.010151617350857123
variance: 1.4854017835358212e-06

AL interation 2951/5000.

mae: 0.001329993427952104
max_error: 0.010152779947020463
variance: 1.4855459652205682e-06

AL interation 2952/5000.

mae: 0.0013300349529108645
max_error: 0.010152893204576685
variance: 1.485884362410716e-06

AL interation 2953/5000.

mae: 0.0013294278564599154
max_error: 0.010098515767822391
variance: 1.4838518245137967e-06

AL interation 2954/5000.

mae: 0.0013293051874197772
max_error: 0.010118860422153375
variance: 1.4840376930683974e-06

AL interation 2955/5000.

mae: 0.001329133990401715
max_error: 0.010076964133986621
variance: 1.4830473437840954e-06

AL interation 2956/5000.

mae: 0.0013291367613710464
max_error: 0.01007700582522375
variance: 1.4830585709827576e-06

AL interation 2957/5000.

mae: 0.0013293907487804972
max_error: 0.010111099158166326
variance: 1.483754941575257e-06

AL interation 2958/5000.

mae: 0.0013294086363112002
max_error: 0.010144819918423309
variance: 1.4832679714502535e-06

AL interation 2959/5000.

mae: 0.0013285909788091886
max_error: 0.010119514763573534
variance: 1.477637197007114e-06

AL interation 2960/5000.

mae: 0.00132862271855538
max_error: 0.010122516066985554
variance: 1.4776435452551548e-06

AL interation 2961/5000.

mae: 0.0013280047197522435
max_error: 0.01015753152569232
variance: 1.4761077345636084e-06

AL interation 2962/5000.

mae: 0.0013280439242489592
max_error: 0.010159625226151547
variance: 1.4761268539536378e-06

AL interation 2963/5000.

mae: 0.001327656722932261
max_error: 0.010174733257372282
variance: 1.4776175420956691e-06

AL interation 2964/5000.

mae: 0.0013276896744773695
max_error: 0.010167190330321318
variance: 1.4776547624610429e-06

AL interation 2965/5000.

mae: 0.0013278069353336833
max_error: 0.010155422749448917
variance: 1.47773780293853e-06

AL interation 2966/5000.

mae: 0.0013278217647102793
max_error: 0.010156265931072994
variance: 1.4778812455470115e-06

AL interation 2967/5000.

mae: 0.001325489918080166
max_error: 0.010088696601087577
variance: 1.4651769692872748e-06

AL interation 2968/5000.

mae: 0.0013242207125649657
max_error: 0.010142172764972202
variance: 1.4599738193290124e-06

AL interation 2969/5000.

mae: 0.0013247168450679966
max_error: 0.010099563738549477
variance: 1.4637017803557038e-06

AL interation 2970/5000.

mae: 0.0013253564992501197
max_error: 0.010205433680312126
variance: 1.4668717065664517e-06

AL interation 2971/5000.

mae: 0.0013253816005753833
max_error: 0.010277054117977968
variance: 1.4689562919481888e-06

AL interation 2972/5000.

mae: 0.0013234148091205498
max_error: 0.010320134219000465
variance: 1.4626846729347755e-06

AL interation 2973/5000.

mae: 0.001323023727441978
max_error: 0.010338876038076705
variance: 1.4620899095785928e-06

AL interation 2974/5000.

mae: 0.001323126936544213
max_error: 0.010335899734855047
variance: 1.4619851235636446e-06

AL interation 2975/5000.

mae: 0.0013229716567375364
max_error: 0.010353963682064204
variance: 1.462789207728857e-06

AL interation 2976/5000.

mae: 0.0013229879655136756
max_error: 0.010416859693577862
variance: 1.4632469332732475e-06

AL interation 2977/5000.

mae: 0.0013218823531069574
max_error: 0.01040715214003285
variance: 1.4603062862724464e-06

AL interation 2978/5000.

mae: 0.0013198752326607063
max_error: 0.010224363641100354
variance: 1.46205868256873e-06

AL interation 2979/5000.

mae: 0.0013198425248228886
max_error: 0.010210590107817552
variance: 1.462325711415913e-06

AL interation 2980/5000.

mae: 0.0013203895654760344
max_error: 0.010193643413003883
variance: 1.4609015739709754e-06

AL interation 2981/5000.

mae: 0.0013203914578725745
max_error: 0.01019775230633968
variance: 1.461028153810245e-06

AL interation 2982/5000.

mae: 0.0013191629037009988
max_error: 0.010190007471464924
variance: 1.458324614287314e-06

AL interation 2983/5000.

mae: 0.0013189296227137674
max_error: 0.010324652326744399
variance: 1.4604022352823512e-06

AL interation 2984/5000.

mae: 0.0013190303822066198
max_error: 0.010313459109966061
variance: 1.4606047337355024e-06

AL interation 2985/5000.

mae: 0.001319931277140313
max_error: 0.010311827272744267
variance: 1.460245936294639e-06

AL interation 2986/5000.

mae: 0.0013201109141382404
max_error: 0.01031422943015059
variance: 1.460510212771656e-06

AL interation 2987/5000.

mae: 0.0013173603746772643
max_error: 0.010276965118464432
variance: 1.453733515738881e-06

AL interation 2988/5000.

mae: 0.0013170219625053506
max_error: 0.010305303518180153
variance: 1.4529880425712807e-06

AL interation 2989/5000.

mae: 0.0013175137724492742
max_error: 0.010337682344470522
variance: 1.455493873752284e-06

AL interation 2990/5000.

mae: 0.0013175124385725212
max_error: 0.010318924372768379
variance: 1.455714228827995e-06

AL interation 2991/5000.

mae: 0.0013168328369993106
max_error: 0.010448130755321472
variance: 1.459839384434099e-06

AL interation 2992/5000.

mae: 0.0013170364091265583
max_error: 0.010432601475258707
variance: 1.460005183107259e-06

AL interation 2993/5000.

mae: 0.0013170120710019545
max_error: 0.010331666037018294
variance: 1.4601431450449733e-06

AL interation 2994/5000.

mae: 0.0013160222959577369
max_error: 0.009993623292757547
variance: 1.4550997624452543e-06

AL interation 2995/5000.

mae: 0.0013161590794679796
max_error: 0.010012253498643986
variance: 1.4558125561445721e-06

AL interation 2996/5000.

mae: 0.0013166991141988548
max_error: 0.009969974582418217
variance: 1.4569745181005285e-06

AL interation 2997/5000.

mae: 0.0013176320669463166
max_error: 0.01004037091297505
variance: 1.4606097681945227e-06

AL interation 2998/5000.

mae: 0.0013176808976922984
max_error: 0.010061834391308366
variance: 1.4607949457992845e-06

AL interation 2999/5000.

mae: 0.0013171057607332841
max_error: 0.01005409718163719
variance: 1.4578893591212402e-06

AL interation 3000/5000.

mae: 0.0013161819343004027
max_error: 0.010180206698350958
variance: 1.4551203460252013e-06

AL interation 3001/5000.

mae: 0.0013145838930795435
max_error: 0.010165241421418614
variance: 1.4528112703245967e-06

AL interation 3002/5000.

mae: 0.0013130827493478138
max_error: 0.009990915588787175
variance: 1.4479854582146258e-06

AL interation 3003/5000.

mae: 0.0013131142996062408
max_error: 0.009987311574150226
variance: 1.4480681957322628e-06

AL interation 3004/5000.

mae: 0.001312200333823057
max_error: 0.010008806993937469
variance: 1.4470672475976e-06

AL interation 3005/5000.

mae: 0.0013120959428042625
max_error: 0.010003862384110107
variance: 1.446697373058497e-06

AL interation 3006/5000.

mae: 0.0013115005991039652
max_error: 0.010054398042484536
variance: 1.4453642961226926e-06

AL interation 3007/5000.

mae: 0.0013101481578260063
max_error: 0.010017315629738732
variance: 1.4447487253413085e-06

AL interation 3008/5000.

mae: 0.001310137556333757
max_error: 0.010003813897128566
variance: 1.444209986834418e-06

AL interation 3009/5000.

mae: 0.00131017773522035
max_error: 0.009997912062317482
variance: 1.4439767098755978e-06

AL interation 3010/5000.

mae: 0.0013083368737325145
max_error: 0.010069499874589383
variance: 1.4420399180600626e-06

AL interation 3011/5000.

mae: 0.001306707674194513
max_error: 0.009993923426009133
variance: 1.4419209572332079e-06

AL interation 3012/5000.

mae: 0.0013067551991234722
max_error: 0.009972799327442772
variance: 1.441305244936272e-06

AL interation 3013/5000.

mae: 0.0013052513901402564
max_error: 0.009789361944058328
variance: 1.4359586003305869e-06

AL interation 3014/5000.

mae: 0.001304934907819188
max_error: 0.009769317393875099
variance: 1.4369180651594499e-06

AL interation 3015/5000.

mae: 0.001305146443315607
max_error: 0.009770033682798385
variance: 1.4370662160460064e-06

AL interation 3016/5000.

mae: 0.0013048939169075311
max_error: 0.009711971802971675
variance: 1.4360349640204953e-06

AL interation 3017/5000.

mae: 0.001304319643962117
max_error: 0.009764522945260978
variance: 1.4335741510220282e-06

AL interation 3018/5000.

mae: 0.0013043602617772195
max_error: 0.009768735477337032
variance: 1.4338343664559334e-06

AL interation 3019/5000.

mae: 0.001303253819780366
max_error: 0.009994209487558692
variance: 1.4309389143329524e-06

AL interation 3020/5000.

mae: 0.00130407927316719
max_error: 0.009980885899494751
variance: 1.4313375634946676e-06

AL interation 3021/5000.

mae: 0.001304026329559747
max_error: 0.009978830441468745
variance: 1.4313837036291037e-06

AL interation 3022/5000.

mae: 0.001303867631158937
max_error: 0.009988622512537404
variance: 1.431154412583152e-06

AL interation 3023/5000.

mae: 0.0013040866437859222
max_error: 0.009960247165508918
variance: 1.4318535499600038e-06

AL interation 3024/5000.

mae: 0.0012997289518416437
max_error: 0.00979434638247767
variance: 1.4235133690719914e-06

AL interation 3025/5000.

mae: 0.0012998621779752285
max_error: 0.009803368831853732
variance: 1.423796717892469e-06

AL interation 3026/5000.

mae: 0.0012997955689270384
max_error: 0.009823273043366498
variance: 1.4234643376120985e-06

AL interation 3027/5000.

mae: 0.0012996066257574058
max_error: 0.009854365218416206
variance: 1.4235179260775842e-06

AL interation 3028/5000.

mae: 0.0012996364577147687
max_error: 0.00985666362066695
variance: 1.4236543389466823e-06

AL interation 3029/5000.

mae: 0.0012980449732394846
max_error: 0.009824584200032405
variance: 1.4217289310650211e-06

AL interation 3030/5000.

mae: 0.0012972216971438683
max_error: 0.009788225861484534
variance: 1.4215219901344546e-06

AL interation 3031/5000.

mae: 0.001297921147037414
max_error: 0.009824708342421218
variance: 1.4220152726126005e-06

AL interation 3032/5000.

mae: 0.0012957986382843955
max_error: 0.009909971477100044
variance: 1.4178068846316212e-06

AL interation 3033/5000.

mae: 0.0012958207947904156
max_error: 0.009903586984364665
variance: 1.4174257855991503e-06

AL interation 3034/5000.

mae: 0.0012961923398133878
max_error: 0.00990130227546615
variance: 1.4177822940138174e-06

AL interation 3035/5000.

mae: 0.001296190470460715
max_error: 0.009917154462527833
variance: 1.4172566819966408e-06

AL interation 3036/5000.

mae: 0.0012961919361368928
max_error: 0.009917210734784021
variance: 1.4172625768464336e-06

AL interation 3037/5000.

mae: 0.0012950844323395359
max_error: 0.009838016781941405
variance: 1.413989712544824e-06

AL interation 3038/5000.

mae: 0.0012944968335677914
max_error: 0.009810005858525983
variance: 1.4134799830232125e-06

AL interation 3039/5000.

mae: 0.001294183244868691
max_error: 0.009802921505979612
variance: 1.412216070747654e-06

AL interation 3040/5000.

mae: 0.001293781533395304
max_error: 0.009764862717929645
variance: 1.407668838171285e-06

AL interation 3041/5000.

mae: 0.0012935441921345047
max_error: 0.009731617630677647
variance: 1.4076474554238574e-06

AL interation 3042/5000.

mae: 0.0012925510071972895
max_error: 0.00970256327673269
variance: 1.4032699070909355e-06

AL interation 3043/5000.

mae: 0.0012921483335085213
max_error: 0.009714748264741502
variance: 1.4026506994751475e-06

AL interation 3044/5000.

mae: 0.0012919611617589909
max_error: 0.00972016384730523
variance: 1.4029032233945309e-06

AL interation 3045/5000.

mae: 0.001291991832788881
max_error: 0.009743794644236914
variance: 1.4024765178800363e-06

AL interation 3046/5000.

mae: 0.0012930748300304913
max_error: 0.009643937801229185
variance: 1.405749168689436e-06

AL interation 3047/5000.

mae: 0.001294423514531445
max_error: 0.009601280346032581
variance: 1.4049826319727054e-06

AL interation 3048/5000.

mae: 0.0012951456405244244
max_error: 0.009704282963866717
variance: 1.4049393271449802e-06

AL interation 3049/5000.

mae: 0.0012945368484688516
max_error: 0.009742119587826892
variance: 1.4020902551591173e-06

AL interation 3050/5000.

mae: 0.0012932977979471616
max_error: 0.00965339689537359
variance: 1.3999126340161078e-06

AL interation 3051/5000.

mae: 0.00129310812744734
max_error: 0.009644327457863255
variance: 1.4010232452774613e-06

AL interation 3052/5000.

mae: 0.0012932053574413657
max_error: 0.00964986836152093
variance: 1.400478547382706e-06

AL interation 3053/5000.

mae: 0.0012949070535687498
max_error: 0.009643075512940413
variance: 1.403380141993359e-06

AL interation 3054/5000.

mae: 0.0012949981134079281
max_error: 0.00963350180791167
variance: 1.4035228697303826e-06

AL interation 3055/5000.

mae: 0.0012951348905362466
max_error: 0.009651257531004376
variance: 1.4043827063672582e-06

AL interation 3056/5000.

mae: 0.0012949636412786277
max_error: 0.0095734819824429
variance: 1.403786504112314e-06

AL interation 3057/5000.

mae: 0.001294826990956608
max_error: 0.009618223883080645
variance: 1.4037357150101333e-06

AL interation 3058/5000.

mae: 0.001294410244606297
max_error: 0.009623481693779468
variance: 1.4031178351655623e-06

AL interation 3059/5000.

mae: 0.0012935579416352993
max_error: 0.009626076533095329
variance: 1.4001127227734335e-06

AL interation 3060/5000.

mae: 0.0012931931028497274
max_error: 0.009570622109094984
variance: 1.398664067182692e-06

AL interation 3061/5000.

mae: 0.001292835416548769
max_error: 0.009655412131905905
variance: 1.395208430331328e-06

AL interation 3062/5000.

mae: 0.0012938542787687766
max_error: 0.00974546008183097
variance: 1.401099025965857e-06

AL interation 3063/5000.

mae: 0.001293815068501317
max_error: 0.009722751599838375
variance: 1.4007836349187624e-06

AL interation 3064/5000.

mae: 0.0012936216513899127
max_error: 0.00970864621012879
variance: 1.3917962501621726e-06

AL interation 3065/5000.

mae: 0.0012925484681236413
max_error: 0.00980311351850105
variance: 1.392448346949804e-06

AL interation 3066/5000.

mae: 0.0012919268358109548
max_error: 0.009727391419801279
variance: 1.395914351285688e-06

AL interation 3067/5000.

mae: 0.0012905641770703368
max_error: 0.009732600801726221
variance: 1.3908249046986417e-06

AL interation 3068/5000.

mae: 0.0012904516554744986
max_error: 0.009721761793116457
variance: 1.3895691635615768e-06

AL interation 3069/5000.

mae: 0.00129046098670824
max_error: 0.009724557914523757
variance: 1.3896331301931766e-06

AL interation 3070/5000.

mae: 0.0012905218153309761
max_error: 0.009910961342029623
variance: 1.3890573499817918e-06

AL interation 3071/5000.

mae: 0.0012893339554902923
max_error: 0.010285145506713889
variance: 1.3918992990751086e-06

AL interation 3072/5000.

mae: 0.001288291363664939
max_error: 0.010279453132170602
variance: 1.3906429289151369e-06

AL interation 3073/5000.

mae: 0.0012893437208358592
max_error: 0.010237136337309494
variance: 1.3926121198891185e-06

AL interation 3074/5000.

mae: 0.0012872508368291164
max_error: 0.010116092851603753
variance: 1.3874203318200895e-06

AL interation 3075/5000.

mae: 0.0012863840174904908
max_error: 0.010112056237630895
variance: 1.3871795784843263e-06

AL interation 3076/5000.

mae: 0.0012873450446659262
max_error: 0.010084184168590582
variance: 1.3884488469428775e-06

AL interation 3077/5000.

mae: 0.0012875812201855296
max_error: 0.010083307808599784
variance: 1.3886360239321554e-06

AL interation 3078/5000.

mae: 0.0012876498421255747
max_error: 0.010108583888722933
variance: 1.3895900751442852e-06

AL interation 3079/5000.

mae: 0.0012875955514773524
max_error: 0.010116253693922772
variance: 1.3900613869826098e-06

AL interation 3080/5000.

mae: 0.001287583545274174
max_error: 0.01011540028230229
variance: 1.3901130385304105e-06

AL interation 3081/5000.

mae: 0.0012876832136544181
max_error: 0.01016007815451303
variance: 1.390588236339905e-06

AL interation 3082/5000.

mae: 0.0012878399301571334
max_error: 0.01016985875867249
variance: 1.3908111227782513e-06

AL interation 3083/5000.

mae: 0.0012863620496473232
max_error: 0.010151264626983902
variance: 1.3900072068394254e-06

AL interation 3084/5000.

mae: 0.0012863094855438248
max_error: 0.010158430077353842
variance: 1.3899321144434195e-06

AL interation 3085/5000.

mae: 0.0012864302649850288
max_error: 0.010187863697865396
variance: 1.389107665706193e-06

AL interation 3086/5000.

mae: 0.001286202615199727
max_error: 0.010212630097157671
variance: 1.394350474299704e-06

AL interation 3087/5000.

mae: 0.0012864493215456606
max_error: 0.010167339662075392
variance: 1.3942335985581672e-06

AL interation 3088/5000.

mae: 0.0012863103064373717
max_error: 0.01016258940762782
variance: 1.3955374806767165e-06

AL interation 3089/5000.

mae: 0.0012858809627459779
max_error: 0.010174916829782887
variance: 1.392634101001889e-06

AL interation 3090/5000.

mae: 0.0012843901763153554
max_error: 0.010106524952789187
variance: 1.3895227529527492e-06

AL interation 3091/5000.

mae: 0.00128655996676207
max_error: 0.01040955985627079
variance: 1.3977651846619784e-06

AL interation 3092/5000.

mae: 0.0012865480068048783
max_error: 0.010420365832032985
variance: 1.3962641487552369e-06

AL interation 3093/5000.

mae: 0.0012862500772162094
max_error: 0.010373992516178987
variance: 1.3935439228822422e-06

AL interation 3094/5000.

mae: 0.001287531751700044
max_error: 0.01027270680606307
variance: 1.3947992238411624e-06

AL interation 3095/5000.

mae: 0.0012875290419397062
max_error: 0.010264096525133937
variance: 1.3950059842966012e-06

AL interation 3096/5000.

mae: 0.0012864039640762713
max_error: 0.01015143687800446
variance: 1.3953700227558436e-06

AL interation 3097/5000.

mae: 0.0012865449693081246
max_error: 0.01014510579079797
variance: 1.3961978394806452e-06

AL interation 3098/5000.

mae: 0.0012877263363125166
max_error: 0.010037428020950756
variance: 1.3914251260216512e-06

AL interation 3099/5000.

mae: 0.001287827243781976
max_error: 0.00998804775554163
variance: 1.3920449554564297e-06

AL interation 3100/5000.

mae: 0.0012880285306519
max_error: 0.010121607663677423
variance: 1.3897113915218444e-06

AL interation 3101/5000.

mae: 0.001281670253332777
max_error: 0.009935218889950193
variance: 1.3754212419052155e-06

AL interation 3102/5000.

mae: 0.0012815099167837617
max_error: 0.010069238885989762
variance: 1.377741453116149e-06

AL interation 3103/5000.

mae: 0.0012819614792679204
max_error: 0.010070632944916724
variance: 1.3770230546595559e-06

AL interation 3104/5000.

mae: 0.0012815034355489843
max_error: 0.010115259419762879
variance: 1.3766203919870353e-06

AL interation 3105/5000.

mae: 0.0012815839819977554
max_error: 0.010126800078069209
variance: 1.3763793982928397e-06

AL interation 3106/5000.

mae: 0.0012811131154076066
max_error: 0.010220951260635047
variance: 1.374726753328941e-06

AL interation 3107/5000.

mae: 0.0012811416106860633
max_error: 0.010169045743168681
variance: 1.3764534114687622e-06

AL interation 3108/5000.

mae: 0.0012810727541627785
max_error: 0.010170417683184496
variance: 1.3765393325270004e-06

AL interation 3109/5000.

mae: 0.0012794900005392265
max_error: 0.010302902117473423
variance: 1.3798312720493617e-06

AL interation 3110/5000.

mae: 0.0012786804965480769
max_error: 0.010296245751305833
variance: 1.3762057865939114e-06

AL interation 3111/5000.

mae: 0.0012787571137314443
max_error: 0.010296761849531322
variance: 1.3761893222305832e-06

AL interation 3112/5000.

mae: 0.0012788419941980466
max_error: 0.010302996923201135
variance: 1.3762683553868035e-06

AL interation 3113/5000.

mae: 0.0012785524572609575
max_error: 0.010224183735772385
variance: 1.377510067811814e-06

AL interation 3114/5000.

mae: 0.0012778279353979087
max_error: 0.010268622418152518
variance: 1.3761165995054834e-06

AL interation 3115/5000.

mae: 0.0012776782782884767
max_error: 0.010264693706631078
variance: 1.3766646958591625e-06

AL interation 3116/5000.

mae: 0.001275923224593498
max_error: 0.010042661137049436
variance: 1.3830453237334985e-06

AL interation 3117/5000.

mae: 0.001276263260793712
max_error: 0.010029628630945808
variance: 1.3818385027774824e-06

AL interation 3118/5000.

mae: 0.0012762288987642023
max_error: 0.010137844254131778
variance: 1.3820419792822525e-06

AL interation 3119/5000.

mae: 0.0012762576932582306
max_error: 0.010108814012710354
variance: 1.3827498986071283e-06

AL interation 3120/5000.

mae: 0.0012719251577154864
max_error: 0.009794744319151505
variance: 1.3697289522393988e-06

AL interation 3121/5000.

mae: 0.00127162273175054
max_error: 0.009831255380049697
variance: 1.370800226494316e-06

AL interation 3122/5000.

mae: 0.0012718419928551157
max_error: 0.009845969039815827
variance: 1.3715150722361216e-06

AL interation 3123/5000.

mae: 0.0012720844592404319
max_error: 0.00994937703035248
variance: 1.3744694162805207e-06

AL interation 3124/5000.

mae: 0.0012714665229577803
max_error: 0.009973066020393162
variance: 1.374695934497748e-06

AL interation 3125/5000.

mae: 0.0012730753404421194
max_error: 0.00999540286102274
variance: 1.374646717725958e-06

AL interation 3126/5000.

mae: 0.001272553708504347
max_error: 0.010049174341475009
variance: 1.3725026452107847e-06

AL interation 3127/5000.

mae: 0.0012723152610415128
max_error: 0.010057064637294388
variance: 1.3729103569869104e-06

AL interation 3128/5000.

mae: 0.0012734671915904984
max_error: 0.010052678078864119
variance: 1.3748345910914207e-06

AL interation 3129/5000.

mae: 0.0012734571977334782
max_error: 0.010071626942590228
variance: 1.373914351535469e-06

AL interation 3130/5000.

mae: 0.0012732422925046194
max_error: 0.010061452461741283
variance: 1.3739024991289705e-06

AL interation 3131/5000.

mae: 0.0012722977191715473
max_error: 0.010207032208199962
variance: 1.3690720642010645e-06

AL interation 3132/5000.

mae: 0.0012721720996050863
max_error: 0.010221418726359843
variance: 1.3682218185319372e-06

AL interation 3133/5000.

mae: 0.0012725355431275603
max_error: 0.01021056480203697
variance: 1.368967908282551e-06

AL interation 3134/5000.

mae: 0.0012712438239677794
max_error: 0.01020492193310929
variance: 1.369538932135433e-06

AL interation 3135/5000.

mae: 0.0012711167228517297
max_error: 0.01018762949934171
variance: 1.3682472457009452e-06

AL interation 3136/5000.

mae: 0.0012711189530709816
max_error: 0.010187539975959226
variance: 1.368267551951234e-06

AL interation 3137/5000.

mae: 0.0012727068146041348
max_error: 0.010259706445140182
variance: 1.369428396272709e-06

AL interation 3138/5000.

mae: 0.001272995927915872
max_error: 0.010250509882098413
variance: 1.3695312073535223e-06

AL interation 3139/5000.

mae: 0.0012701403049513828
max_error: 0.010311412732335157
variance: 1.368546511963954e-06

AL interation 3140/5000.

mae: 0.0012687688521928068
max_error: 0.010220540329100913
variance: 1.3649617772871975e-06

AL interation 3141/5000.

mae: 0.0012681849444634281
max_error: 0.010158705210415064
variance: 1.3627342073672546e-06

AL interation 3142/5000.

mae: 0.0012662848492454941
max_error: 0.009840979420914664
variance: 1.3520461962703793e-06

AL interation 3143/5000.

mae: 0.001266246160556875
max_error: 0.009842754303463153
variance: 1.3511855757456085e-06

AL interation 3144/5000.

mae: 0.0012664549515047838
max_error: 0.00978345917792467
variance: 1.3511345675411852e-06

AL interation 3145/5000.

mae: 0.0012630908752898904
max_error: 0.009715223734019673
variance: 1.3451983614034263e-06

AL interation 3146/5000.

mae: 0.001263514080488676
max_error: 0.00968977789125347
variance: 1.3440708727537394e-06

AL interation 3147/5000.

mae: 0.0012630476794429342
max_error: 0.009751596770001925
variance: 1.3446699276530589e-06

AL interation 3148/5000.

mae: 0.0012642029980279403
max_error: 0.009816535870413645
variance: 1.3483597697163637e-06

AL interation 3149/5000.

mae: 0.0012639281290648795
max_error: 0.009805634841541178
variance: 1.3483995680070662e-06

AL interation 3150/5000.

mae: 0.001263546537725233
max_error: 0.009799596335142269
variance: 1.3475322074091972e-06

AL interation 3151/5000.

mae: 0.0012578082278714646
max_error: 0.009511690243016346
variance: 1.3298720224987767e-06

AL interation 3152/5000.

mae: 0.0012586757414937892
max_error: 0.009561469129039324
variance: 1.3318432993875855e-06

AL interation 3153/5000.

mae: 0.0012582028289270966
max_error: 0.009586921622030786
variance: 1.3302620215036862e-06

AL interation 3154/5000.

mae: 0.001258193784940886
max_error: 0.009587041879058233
variance: 1.3302447894418136e-06

AL interation 3155/5000.

mae: 0.0012576556768253795
max_error: 0.009572415792717948
variance: 1.3267656468493429e-06

AL interation 3156/5000.

mae: 0.0012575985787889295
max_error: 0.00957763761653041
variance: 1.3270828563146882e-06

AL interation 3157/5000.

mae: 0.0012579633124332758
max_error: 0.009569742998792208
variance: 1.3272735314396662e-06

AL interation 3158/5000.

mae: 0.0012579519017690472
max_error: 0.009570713742505177
variance: 1.3275623748794e-06

AL interation 3159/5000.

mae: 0.0012579444858056377
max_error: 0.009552110137519776
variance: 1.326172693097043e-06

AL interation 3160/5000.

mae: 0.0012574909635086442
max_error: 0.009550957131068571
variance: 1.3254045564993992e-06

AL interation 3161/5000.

mae: 0.0012574793235526158
max_error: 0.00952186168251501
variance: 1.32529919258631e-06

AL interation 3162/5000.

mae: 0.0012581203690751864
max_error: 0.00979964167891012
variance: 1.3270950273517434e-06

AL interation 3163/5000.

mae: 0.0012573052353054663
max_error: 0.010010899486587732
variance: 1.3293545363184056e-06

AL interation 3164/5000.

mae: 0.0012585004282982483
max_error: 0.01001994460784772
variance: 1.3297506340161358e-06

AL interation 3165/5000.

mae: 0.0012585610712467314
max_error: 0.010070864771478227
variance: 1.3311842152122695e-06

AL interation 3166/5000.

mae: 0.0012584723505624424
max_error: 0.010058719306471176
variance: 1.3307724157139698e-06

AL interation 3167/5000.

mae: 0.0012590084639341513
max_error: 0.01009664348930528
variance: 1.3276315458808247e-06

AL interation 3168/5000.

mae: 0.0012590026777415915
max_error: 0.010095563460708945
variance: 1.3275878263060591e-06

AL interation 3169/5000.

mae: 0.0012566486956720837
max_error: 0.010108854321515537
variance: 1.3230291271242061e-06

AL interation 3170/5000.

mae: 0.001255304690325829
max_error: 0.009980311360777705
variance: 1.3137523803996065e-06

AL interation 3171/5000.

mae: 0.001255163187155631
max_error: 0.009988985975724063
variance: 1.3135681233619218e-06

AL interation 3172/5000.

mae: 0.001254660506806431
max_error: 0.009844201142186648
variance: 1.313152299384918e-06

AL interation 3173/5000.

mae: 0.0012541681945685923
max_error: 0.009846209233728587
variance: 1.3093670523400986e-06

AL interation 3174/5000.

mae: 0.0012519249526021668
max_error: 0.009881400581434718
variance: 1.306036867132271e-06

AL interation 3175/5000.

mae: 0.001250836993658595
max_error: 0.009768712630830123
variance: 1.3070134642501497e-06

AL interation 3176/5000.

mae: 0.001250377153595764
max_error: 0.009772235169293708
variance: 1.306083056482421e-06

AL interation 3177/5000.

mae: 0.0012481413238901952
max_error: 0.009701412540380261
variance: 1.3004389993280103e-06

AL interation 3178/5000.

mae: 0.0012480226861562188
max_error: 0.00969719979002548
variance: 1.3003761110688089e-06

AL interation 3179/5000.

mae: 0.0012457088013043177
max_error: 0.009945577008693363
variance: 1.2940689689764093e-06

AL interation 3180/5000.

mae: 0.0012425463896088332
max_error: 0.009907011719406
variance: 1.2896975909879787e-06

AL interation 3181/5000.

mae: 0.001242344940754265
max_error: 0.009796758187803789
variance: 1.2885232196513223e-06

AL interation 3182/5000.

mae: 0.0012419223256647455
max_error: 0.009988229523514747
variance: 1.2859235284829268e-06

AL interation 3183/5000.

mae: 0.0012418238469699646
max_error: 0.00998656817500887
variance: 1.2857030769155532e-06

AL interation 3184/5000.

mae: 0.0012410131165834174
max_error: 0.009974306440199143
variance: 1.2882436344413826e-06

AL interation 3185/5000.

mae: 0.0012409256266346347
max_error: 0.009987017538151122
variance: 1.2878966197807188e-06

AL interation 3186/5000.

mae: 0.0012409109944146622
max_error: 0.00998386348328495
variance: 1.2876996987927565e-06

AL interation 3187/5000.

mae: 0.0012393774980982925
max_error: 0.010044977918369113
variance: 1.2851131339745934e-06

AL interation 3188/5000.

mae: 0.0012389687122167743
max_error: 0.009904085838570609
variance: 1.2902695077143185e-06

AL interation 3189/5000.

mae: 0.0012386293684694466
max_error: 0.009853211295194342
variance: 1.2896184685009245e-06

AL interation 3190/5000.

mae: 0.0012379542471362584
max_error: 0.009827025400227285
variance: 1.289032913756517e-06

AL interation 3191/5000.

mae: 0.0012365938255925358
max_error: 0.009929022015057853
variance: 1.290616966960041e-06

AL interation 3192/5000.

mae: 0.0012362844093104287
max_error: 0.009941507616531453
variance: 1.2898554505245778e-06

AL interation 3193/5000.

mae: 0.0012361662141220223
max_error: 0.00994728001205658
variance: 1.2893911639809577e-06

AL interation 3194/5000.

mae: 0.0012364174683270903
max_error: 0.009948032171450905
variance: 1.2896257409753672e-06

AL interation 3195/5000.

mae: 0.0012362149242762825
max_error: 0.009875191235551029
variance: 1.2893646806591302e-06

AL interation 3196/5000.

mae: 0.0012362108818797424
max_error: 0.009876302230622969
variance: 1.2893902522718685e-06

AL interation 3197/5000.

mae: 0.0012369570480186666
max_error: 0.009928016404955997
variance: 1.291591328643279e-06

AL interation 3198/5000.

mae: 0.001236936933342804
max_error: 0.009928545716320514
variance: 1.291585026687038e-06

AL interation 3199/5000.

mae: 0.0012367752304426175
max_error: 0.009910249564200058
variance: 1.2909639339429786e-06

AL interation 3200/5000.

mae: 0.0012382874399654612
max_error: 0.009886841091429233
variance: 1.289775713651735e-06

AL interation 3201/5000.

mae: 0.0012365867980579425
max_error: 0.009881450596367358
variance: 1.2914735098534977e-06

AL interation 3202/5000.

mae: 0.0012355534042471845
max_error: 0.00989646348716633
variance: 1.292235295123852e-06

AL interation 3203/5000.

mae: 0.0012317939447793833
max_error: 0.00987216232715582
variance: 1.278484728155052e-06

AL interation 3204/5000.

mae: 0.0012284446723870132
max_error: 0.00991336760307604
variance: 1.2841416254320853e-06

AL interation 3205/5000.

mae: 0.0012284322712521317
max_error: 0.009913333493386745
variance: 1.2840506856086741e-06

AL interation 3206/5000.

mae: 0.0012285313431329996
max_error: 0.009884114513624809
variance: 1.2837527136548594e-06

AL interation 3207/5000.

mae: 0.001228234228101428
max_error: 0.009821986945098615
variance: 1.2807740291217684e-06

AL interation 3208/5000.

mae: 0.0012285003102897464
max_error: 0.009835421462412341
variance: 1.2811806387638924e-06

AL interation 3209/5000.

mae: 0.0012286461180938204
max_error: 0.009852947832769132
variance: 1.2817097048154475e-06

AL interation 3210/5000.

mae: 0.001224978993388504
max_error: 0.009864832920357003
variance: 1.2802484747405475e-06

AL interation 3211/5000.

mae: 0.0012255424258892163
max_error: 0.009860347699941485
variance: 1.280825754220081e-06

AL interation 3212/5000.

mae: 0.0012255326309223164
max_error: 0.00986123947041051
variance: 1.2808007306641162e-06

AL interation 3213/5000.

mae: 0.0012248947782563847
max_error: 0.00982908104742819
variance: 1.2816416629555134e-06

AL interation 3214/5000.

mae: 0.0012251366811105982
max_error: 0.009874451576251886
variance: 1.2842958230231762e-06

AL interation 3215/5000.

mae: 0.0012253300212687465
max_error: 0.009864339668638422
variance: 1.2847150095289224e-06

AL interation 3216/5000.

mae: 0.0012249404584727017
max_error: 0.009873075008727028
variance: 1.2841310994694269e-06

AL interation 3217/5000.

mae: 0.001224951563483046
max_error: 0.009862900513326167
variance: 1.2840412817880727e-06

AL interation 3218/5000.

mae: 0.001224295129485654
max_error: 0.009885415280223242
variance: 1.2835984707599142e-06

AL interation 3219/5000.

mae: 0.0012205290525134842
max_error: 0.009854101130258641
variance: 1.2691889162832977e-06

AL interation 3220/5000.

mae: 0.0012203505247771317
max_error: 0.009850755805018707
variance: 1.268605055889401e-06

AL interation 3221/5000.

mae: 0.0012179457051825012
max_error: 0.009804169150811504
variance: 1.2659674985293565e-06

AL interation 3222/5000.

mae: 0.0012181679108070967
max_error: 0.009811593807171448
variance: 1.2665279462119935e-06

AL interation 3223/5000.

mae: 0.0012181837551779608
max_error: 0.00984435261307226
variance: 1.2635697739783836e-06

AL interation 3224/5000.

mae: 0.0012183610429638066
max_error: 0.009846496575846686
variance: 1.2669420476481929e-06

AL interation 3225/5000.

mae: 0.0012160946643452917
max_error: 0.00989672539253661
variance: 1.2611310840439822e-06

AL interation 3226/5000.

mae: 0.0012169654682593319
max_error: 0.009996012935516774
variance: 1.2615827433618937e-06

AL interation 3227/5000.

mae: 0.0012169004771103574
max_error: 0.010010773474277812
variance: 1.2626964132046832e-06

AL interation 3228/5000.

mae: 0.001216764673537
max_error: 0.010025320434579044
variance: 1.2632924234006684e-06

AL interation 3229/5000.

mae: 0.0012138382355242356
max_error: 0.009994255617129966
variance: 1.2619428619974013e-06

AL interation 3230/5000.

mae: 0.0012145996849458243
max_error: 0.01004264233597496
variance: 1.262426270879149e-06

AL interation 3231/5000.

mae: 0.0012144680934961798
max_error: 0.010015073979957378
variance: 1.2616173051808457e-06

AL interation 3232/5000.

mae: 0.0012157315148178896
max_error: 0.01010774194401165
variance: 1.2585709528410154e-06

AL interation 3233/5000.

mae: 0.001215963729880059
max_error: 0.010106377658303245
variance: 1.2587032702020319e-06

AL interation 3234/5000.

mae: 0.0012157756842298114
max_error: 0.010062981053124531
variance: 1.259592997909695e-06

AL interation 3235/5000.

mae: 0.001215649567681794
max_error: 0.010066364227895974
variance: 1.2595919217728454e-06

AL interation 3236/5000.

mae: 0.0012153147592116511
max_error: 0.010063104838991421
variance: 1.264725501545032e-06

AL interation 3237/5000.

mae: 0.0012146999809674525
max_error: 0.01010677397971449
variance: 1.265299535617656e-06

AL interation 3238/5000.

mae: 0.0012168418909004686
max_error: 0.009973046200684621
variance: 1.2712298777203463e-06

AL interation 3239/5000.

mae: 0.001216309692129471
max_error: 0.009947332842784817
variance: 1.2694252680773928e-06

AL interation 3240/5000.

mae: 0.001216183914150861
max_error: 0.009947362899765722
variance: 1.269819381941955e-06

AL interation 3241/5000.

mae: 0.0012156170060325167
max_error: 0.009921063703586697
variance: 1.269567715856636e-06

AL interation 3242/5000.

mae: 0.00121670696729052
max_error: 0.010199283837209805
variance: 1.2694047592602336e-06

AL interation 3243/5000.

mae: 0.0012168414706802651
max_error: 0.010194149463131907
variance: 1.2693164394623844e-06

AL interation 3244/5000.

mae: 0.001216755629612635
max_error: 0.010193752399572986
variance: 1.2692926188224133e-06

AL interation 3245/5000.

mae: 0.0012164693321292362
max_error: 0.01019709583306394
variance: 1.267793320947223e-06

AL interation 3246/5000.

mae: 0.0012142619247060794
max_error: 0.01011868087334733
variance: 1.2658553000883064e-06

AL interation 3247/5000.

mae: 0.0012138736600318225
max_error: 0.010105958330314024
variance: 1.2646783498210382e-06

AL interation 3248/5000.

mae: 0.0012139259717960159
max_error: 0.010124307298610802
variance: 1.2646052957393678e-06

AL interation 3249/5000.

mae: 0.0012140759608601003
max_error: 0.010131077235200792
variance: 1.2652455095765988e-06

AL interation 3250/5000.

mae: 0.0012123306478761151
max_error: 0.010036969904831494
variance: 1.2605701953476886e-06

AL interation 3251/5000.

mae: 0.0012120804261776356
max_error: 0.010083015700729447
variance: 1.2615288335080919e-06

AL interation 3252/5000.

mae: 0.001211877542476941
max_error: 0.010068862617117702
variance: 1.2609985160490601e-06

AL interation 3253/5000.

mae: 0.0012118277318149922
max_error: 0.010074930103655788
variance: 1.2607255534598547e-06

AL interation 3254/5000.

mae: 0.001212403461096983
max_error: 0.010064711632367107
variance: 1.2619282331180395e-06

AL interation 3255/5000.

mae: 0.001212800125683316
max_error: 0.010070875270685065
variance: 1.2628973884439211e-06

AL interation 3256/5000.

mae: 0.0012128749817265998
max_error: 0.010063902742331265
variance: 1.2627088959858949e-06

AL interation 3257/5000.

mae: 0.0012092181778461963
max_error: 0.009968663622203167
variance: 1.258560727555513e-06

AL interation 3258/5000.

mae: 0.001208872391589466
max_error: 0.009967862277335371
variance: 1.2592003354737817e-06

AL interation 3259/5000.

mae: 0.00120874731895492
max_error: 0.009945325333319488
variance: 1.262632860045216e-06

AL interation 3260/5000.

mae: 0.0012080676571076766
max_error: 0.009704032161607756
variance: 1.2572807587343425e-06

AL interation 3261/5000.

mae: 0.001208174249702097
max_error: 0.009676635721916682
variance: 1.257683550794979e-06

AL interation 3262/5000.

mae: 0.001207579174349121
max_error: 0.00962218301538087
variance: 1.2575746121393742e-06

AL interation 3263/5000.

mae: 0.0012079327788787851
max_error: 0.009636438071538578
variance: 1.2586273466725183e-06

AL interation 3264/5000.

mae: 0.0012073940211657828
max_error: 0.00965442012056883
variance: 1.2576882639883576e-06

AL interation 3265/5000.

mae: 0.00120729681559078
max_error: 0.009680192268206156
variance: 1.2575030151300707e-06

AL interation 3266/5000.

mae: 0.001207193510077559
max_error: 0.009681348054073169
variance: 1.2574708476794842e-06

AL interation 3267/5000.

mae: 0.0012061205611516926
max_error: 0.009654335472077946
variance: 1.255304285864246e-06

AL interation 3268/5000.

mae: 0.0012063216839969756
max_error: 0.009579137744367472
variance: 1.2558606635463028e-06

AL interation 3269/5000.

mae: 0.0012057831502288536
max_error: 0.0095280480945803
variance: 1.2550208507817467e-06

AL interation 3270/5000.

mae: 0.0012055134625916252
max_error: 0.00952637004047574
variance: 1.2551989895236443e-06

AL interation 3271/5000.

mae: 0.0012055268508893277
max_error: 0.009529504020974855
variance: 1.2552016857163664e-06

AL interation 3272/5000.

mae: 0.0012052650061068562
max_error: 0.00952080161187041
variance: 1.2541320064604154e-06

AL interation 3273/5000.

mae: 0.001205349070216471
max_error: 0.009524186387352529
variance: 1.2536774951176103e-06

AL interation 3274/5000.

mae: 0.0012029763456484943
max_error: 0.009461958323299768
variance: 1.2567892204583685e-06

AL interation 3275/5000.

mae: 0.001203631232447151
max_error: 0.0094047017973935
variance: 1.256215401814868e-06

AL interation 3276/5000.

mae: 0.001204346204945068
max_error: 0.009412635319677065
variance: 1.2538707412654479e-06

AL interation 3277/5000.

mae: 0.0012015182375607765
max_error: 0.009503248204055126
variance: 1.252940056121008e-06

AL interation 3278/5000.

mae: 0.0012015455391147043
max_error: 0.009492099516137387
variance: 1.2525414261775125e-06

AL interation 3279/5000.

mae: 0.0012010847109922907
max_error: 0.009557457718983642
variance: 1.253716881081023e-06

AL interation 3280/5000.

mae: 0.0012010696079705668
max_error: 0.009557085350024863
variance: 1.2534127275811707e-06

AL interation 3281/5000.

mae: 0.0011997356786869204
max_error: 0.009566354119669995
variance: 1.253774914232605e-06

AL interation 3282/5000.

mae: 0.0012022989357392362
max_error: 0.009766055727595813
variance: 1.260907752346708e-06

AL interation 3283/5000.

mae: 0.0012030101828022454
max_error: 0.009777917051906115
variance: 1.2615200945844855e-06

AL interation 3284/5000.

mae: 0.0012029497226212697
max_error: 0.009774061332791462
variance: 1.2611504267510877e-06

AL interation 3285/5000.

mae: 0.0012021322845575924
max_error: 0.0097915937203652
variance: 1.2649476263848875e-06

AL interation 3286/5000.

mae: 0.0012024178264582587
max_error: 0.009815301969865686
variance: 1.263529569733936e-06

AL interation 3287/5000.

mae: 0.0012016600377255599
max_error: 0.009828348605879
variance: 1.2603700393570867e-06

AL interation 3288/5000.

mae: 0.0012015331672419053
max_error: 0.009851020911810338
variance: 1.2599504300611674e-06

AL interation 3289/5000.

mae: 0.0012017276624974329
max_error: 0.009850500666289008
variance: 1.2601051627054274e-06

AL interation 3290/5000.

mae: 0.0012018403073243463
max_error: 0.009838041331022396
variance: 1.2604787686905109e-06

AL interation 3291/5000.

mae: 0.0012016514311726496
max_error: 0.00983345677923353
variance: 1.2601256975842337e-06

AL interation 3292/5000.

mae: 0.0012018816249710653
max_error: 0.009876303452983848
variance: 1.2614365362120997e-06

AL interation 3293/5000.

mae: 0.0012020862222998404
max_error: 0.009866745449471637
variance: 1.2611351048336305e-06

AL interation 3294/5000.

mae: 0.0012015760135345773
max_error: 0.009875351423033862
variance: 1.2604787925198245e-06

AL interation 3295/5000.

mae: 0.0012014592793302655
max_error: 0.009864918893072172
variance: 1.2612225809899395e-06

AL interation 3296/5000.

mae: 0.0012010187577589022
max_error: 0.009893731044940068
variance: 1.2620032709198995e-06

AL interation 3297/5000.

mae: 0.001200959943511407
max_error: 0.009891136394799105
variance: 1.261956571507087e-06

AL interation 3298/5000.

mae: 0.0012014197609587426
max_error: 0.009881618947474635
variance: 1.2627407122745698e-06

AL interation 3299/5000.

mae: 0.0012012848503691203
max_error: 0.009844450896707713
variance: 1.2649616051720685e-06

AL interation 3300/5000.

mae: 0.0012013327773802303
max_error: 0.00985366674103716
variance: 1.2650254914189834e-06

AL interation 3301/5000.

mae: 0.0012014346808846312
max_error: 0.009856228300122893
variance: 1.2653175181724936e-06

AL interation 3302/5000.

mae: 0.0012014529203952407
max_error: 0.009787321634576074
variance: 1.2649582027674141e-06

AL interation 3303/5000.

mae: 0.001200242199170134
max_error: 0.009792542483410216
variance: 1.2642454802108014e-06

AL interation 3304/5000.

mae: 0.0011987261934164053
max_error: 0.009779711594092078
variance: 1.260177626909275e-06

AL interation 3305/5000.

mae: 0.0011991900543771407
max_error: 0.00979534835460072
variance: 1.2614752042625533e-06

AL interation 3306/5000.

mae: 0.0011997420169691396
max_error: 0.009879873954560026
variance: 1.2620553042971233e-06

AL interation 3307/5000.

mae: 0.0012000711998161934
max_error: 0.009873571258140146
variance: 1.2631195552614426e-06

AL interation 3308/5000.

mae: 0.0011991712089529755
max_error: 0.009907967139952234
variance: 1.2629246381342452e-06

AL interation 3309/5000.

mae: 0.0011962084595943453
max_error: 0.01002944463652966
variance: 1.2634487151521276e-06

AL interation 3310/5000.

mae: 0.0011950520841946856
max_error: 0.010116224822922959
variance: 1.2604036351822368e-06

AL interation 3311/5000.

mae: 0.001194125943439758
max_error: 0.010120421507963329
variance: 1.2606434163787042e-06

AL interation 3312/5000.

mae: 0.0011942400098123472
max_error: 0.010132880886885687
variance: 1.259487406096379e-06

AL interation 3313/5000.

mae: 0.001194144971521382
max_error: 0.010115755349033861
variance: 1.259568511966129e-06

AL interation 3314/5000.

mae: 0.0011948180012095692
max_error: 0.01013614905787108
variance: 1.2602690215575052e-06

AL interation 3315/5000.

mae: 0.0011945525464361708
max_error: 0.00999996059363184
variance: 1.2569363384631793e-06

AL interation 3316/5000.

mae: 0.0011948035390614677
max_error: 0.009962146670659422
variance: 1.256728706982762e-06

AL interation 3317/5000.

mae: 0.0011940486391367813
max_error: 0.009915823762639775
variance: 1.2538811593577708e-06

AL interation 3318/5000.

mae: 0.0011938996700055213
max_error: 0.009888515376587748
variance: 1.2530436734729165e-06

AL interation 3319/5000.

mae: 0.0011924800080532806
max_error: 0.009843621357504162
variance: 1.248956655031395e-06

AL interation 3320/5000.

mae: 0.0011913926880324653
max_error: 0.009819784207138582
variance: 1.2484783332545421e-06

AL interation 3321/5000.

mae: 0.001191753787491507
max_error: 0.009696336468550726
variance: 1.2466885058109229e-06

AL interation 3322/5000.

mae: 0.0011902604770239122
max_error: 0.00976705105676956
variance: 1.245215469231646e-06

AL interation 3323/5000.

mae: 0.001192203193093519
max_error: 0.009809943554500933
variance: 1.2477241555207624e-06

AL interation 3324/5000.

mae: 0.0011900222086205759
max_error: 0.009822924241234432
variance: 1.2375725889315426e-06

AL interation 3325/5000.

mae: 0.001191119416699621
max_error: 0.009826934006923693
variance: 1.2412361011343954e-06

AL interation 3326/5000.

mae: 0.0011905517293835147
max_error: 0.009763499647306162
variance: 1.2427173168377271e-06

AL interation 3327/5000.

mae: 0.0011905660377460664
max_error: 0.009766213790499023
variance: 1.2423753456053217e-06

AL interation 3328/5000.

mae: 0.0011906201730762405
max_error: 0.00976180180987285
variance: 1.2428528229016672e-06

AL interation 3329/5000.

mae: 0.0011906516642611678
max_error: 0.009762141917235567
variance: 1.2429003575721768e-06

AL interation 3330/5000.

mae: 0.0011915222758616438
max_error: 0.009848627296378254
variance: 1.2440003214304366e-06

AL interation 3331/5000.

mae: 0.0011922871469951133
max_error: 0.009630787963033072
variance: 1.2466185232340325e-06

AL interation 3332/5000.

mae: 0.0011904346534620345
max_error: 0.009629002530346042
variance: 1.244394170247208e-06

AL interation 3333/5000.

mae: 0.0011901273833336745
max_error: 0.009579516516168951
variance: 1.2475463617897444e-06

AL interation 3334/5000.

mae: 0.0011901096005076397
max_error: 0.009591381958671263
variance: 1.2476554066547424e-06

AL interation 3335/5000.

mae: 0.001190162212273208
max_error: 0.009603113960110932
variance: 1.2478162875761222e-06

AL interation 3336/5000.

mae: 0.0011882592400261273
max_error: 0.00939197112711554
variance: 1.2447940427906452e-06

AL interation 3337/5000.

mae: 0.0011869460048656037
max_error: 0.009335679465948488
variance: 1.240921153346965e-06

AL interation 3338/5000.

mae: 0.0011866133572711987
max_error: 0.009315064007751062
variance: 1.2399785669352128e-06

AL interation 3339/5000.

mae: 0.0011861176731190427
max_error: 0.009305499659603811
variance: 1.241486256838341e-06

AL interation 3340/5000.

mae: 0.0011878110944080619
max_error: 0.009256299226763076
variance: 1.2437379469228992e-06

AL interation 3341/5000.

mae: 0.0011874013064625615
max_error: 0.009308167105700704
variance: 1.2429020583804826e-06

AL interation 3342/5000.

mae: 0.0011889833596578684
max_error: 0.008941855860030046
variance: 1.240991173775384e-06

AL interation 3343/5000.

mae: 0.0011890263862351276
max_error: 0.008953898763138568
variance: 1.2413104398141212e-06

AL interation 3344/5000.

mae: 0.0011903519871611934
max_error: 0.008971779283456272
variance: 1.2418127532443357e-06

AL interation 3345/5000.

mae: 0.0011903373118775562
max_error: 0.009018931861646706
variance: 1.2456743491320925e-06

AL interation 3346/5000.

mae: 0.0011902754514467233
max_error: 0.009018067303259159
variance: 1.2457289731762294e-06

AL interation 3347/5000.

mae: 0.0011900648978471508
max_error: 0.009089211245736806
variance: 1.2477965753198554e-06

AL interation 3348/5000.

mae: 0.0011904382359944066
max_error: 0.009053598219907144
variance: 1.2461831098787883e-06

AL interation 3349/5000.

mae: 0.0011903525676398203
max_error: 0.009052670760866022
variance: 1.2460382838021788e-06

AL interation 3350/5000.

mae: 0.0011906215401168083
max_error: 0.009095120822166791
variance: 1.245286192766405e-06

AL interation 3351/5000.

mae: 0.001190357211954506
max_error: 0.009250074876035796
variance: 1.2425132235198408e-06

AL interation 3352/5000.

mae: 0.0011905988492353571
max_error: 0.009262789262720617
variance: 1.243638620375022e-06

AL interation 3353/5000.

mae: 0.0011907807064326335
max_error: 0.009241761294106254
variance: 1.2455050331444516e-06

AL interation 3354/5000.

mae: 0.001190802124569018
max_error: 0.009291481434047455
variance: 1.2468911845680687e-06

AL interation 3355/5000.

mae: 0.0011901366380479886
max_error: 0.00925892236045911
variance: 1.249013275031987e-06

AL interation 3356/5000.

mae: 0.0011896111817404744
max_error: 0.009328452691988787
variance: 1.2525015500678393e-06

AL interation 3357/5000.

mae: 0.001189540456199211
max_error: 0.009321576962975087
variance: 1.252429727619578e-06

AL interation 3358/5000.

mae: 0.0011881220052036951
max_error: 0.009330893186415778
variance: 1.2507282283165407e-06

AL interation 3359/5000.

mae: 0.001188454248713242
max_error: 0.009327115618361859
variance: 1.2515078406413222e-06

AL interation 3360/5000.

mae: 0.0011884264664422518
max_error: 0.009331434153864393
variance: 1.2512944543758164e-06

AL interation 3361/5000.

mae: 0.0011883286868669529
max_error: 0.009327878808107926
variance: 1.2510688069769474e-06

AL interation 3362/5000.

mae: 0.0011880816539587614
max_error: 0.009321675086539472
variance: 1.2498924328199111e-06

AL interation 3363/5000.

mae: 0.0011885641840608514
max_error: 0.009479328840825474
variance: 1.2503781838588347e-06

AL interation 3364/5000.

mae: 0.001188282542851084
max_error: 0.009536799330817303
variance: 1.247157106705301e-06

AL interation 3365/5000.

mae: 0.0011874966059567669
max_error: 0.009582389287970727
variance: 1.246450902485716e-06

AL interation 3366/5000.

mae: 0.0011868862258443188
max_error: 0.009569179241225356
variance: 1.2425329995714638e-06

AL interation 3367/5000.

mae: 0.0011875807678070488
max_error: 0.009567875105858548
variance: 1.2422550345187252e-06

AL interation 3368/5000.

mae: 0.0011875710005624569
max_error: 0.00956463878901559
variance: 1.2423657913104535e-06

AL interation 3369/5000.

mae: 0.0011872828490631945
max_error: 0.00958321104189963
variance: 1.2417996552950155e-06

AL interation 3370/5000.

mae: 0.001185781339253481
max_error: 0.009555991036904743
variance: 1.2406127772342018e-06

AL interation 3371/5000.

mae: 0.0011855651151081474
max_error: 0.009552192259434378
variance: 1.2425374547745736e-06

AL interation 3372/5000.

mae: 0.0011855066180341965
max_error: 0.009510471358225914
variance: 1.242657794982954e-06

AL interation 3373/5000.

mae: 0.0011852745351070553
max_error: 0.009539114475046517
variance: 1.2431276723185693e-06

AL interation 3374/5000.

mae: 0.0011845141821031574
max_error: 0.009570849713782081
variance: 1.2427560885747395e-06

AL interation 3375/5000.

mae: 0.0011845430597950326
max_error: 0.009558021778502734
variance: 1.23971498619128e-06

AL interation 3376/5000.

mae: 0.001184274473826008
max_error: 0.009582903414411703
variance: 1.2415488114469471e-06

AL interation 3377/5000.

mae: 0.0011840076908238189
max_error: 0.009594412604201352
variance: 1.2411628871336186e-06

AL interation 3378/5000.

mae: 0.0011819402333530888
max_error: 0.009679366437921999
variance: 1.231214151753935e-06

AL interation 3379/5000.

mae: 0.0011823232755659775
max_error: 0.009694381533336127
variance: 1.2313056961206722e-06

AL interation 3380/5000.

mae: 0.001181787207798152
max_error: 0.009705516637041
variance: 1.231422915357298e-06

AL interation 3381/5000.

mae: 0.0011817862510824853
max_error: 0.009704834603326162
variance: 1.2313889378555496e-06

AL interation 3382/5000.

mae: 0.0011817449656846292
max_error: 0.009750655448442558
variance: 1.2343487929531032e-06

AL interation 3383/5000.

mae: 0.0011810469772462965
max_error: 0.009784340229089139
variance: 1.233100929394273e-06

AL interation 3384/5000.

mae: 0.0011813272587505707
max_error: 0.009690624061477138
variance: 1.2336171862835826e-06

AL interation 3385/5000.

mae: 0.001180953127032808
max_error: 0.009708858848171076
variance: 1.2338736936566582e-06

AL interation 3386/5000.

mae: 0.0011811487780041716
max_error: 0.009732025046105264
variance: 1.2337505776123251e-06

AL interation 3387/5000.

mae: 0.0011814195265260423
max_error: 0.00967177132042707
variance: 1.2325284839045703e-06

AL interation 3388/5000.

mae: 0.0011807451570894046
max_error: 0.009715350050100824
variance: 1.2312469530735537e-06

AL interation 3389/5000.

mae: 0.0011805998717618422
max_error: 0.009736191288538976
variance: 1.2321574643666432e-06

AL interation 3390/5000.

mae: 0.0011805160592884931
max_error: 0.009737573225720553
variance: 1.2324090895256586e-06

AL interation 3391/5000.

mae: 0.0011794075200023144
max_error: 0.009753365357028088
variance: 1.2295379895189187e-06

AL interation 3392/5000.

mae: 0.00117931519794638
max_error: 0.009771947970875772
variance: 1.2304799861411144e-06

AL interation 3393/5000.

mae: 0.0011793562158945862
max_error: 0.00976621007794165
variance: 1.2309493831529274e-06

AL interation 3394/5000.

mae: 0.0011793853511971974
max_error: 0.009764200116478605
variance: 1.2309100059765182e-06

AL interation 3395/5000.

mae: 0.001179289804075779
max_error: 0.009765052553120768
variance: 1.230065373206608e-06

AL interation 3396/5000.

mae: 0.0011788477771515317
max_error: 0.009709965768706752
variance: 1.229203236698064e-06

AL interation 3397/5000.

mae: 0.001178266526166226
max_error: 0.009660613479354652
variance: 1.2298912973557997e-06

AL interation 3398/5000.

mae: 0.0011786788260496905
max_error: 0.009687104156910209
variance: 1.2295569694258193e-06

AL interation 3399/5000.

mae: 0.0011785552797837226
max_error: 0.009707725865155226
variance: 1.2303101454478324e-06

AL interation 3400/5000.

mae: 0.0011735655523580136
max_error: 0.009910387172567425
variance: 1.2234760213398605e-06

AL interation 3401/5000.

mae: 0.0011735668710471147
max_error: 0.009912096062180353
variance: 1.223168342962071e-06

AL interation 3402/5000.

mae: 0.0011735592315235408
max_error: 0.009886304407700663
variance: 1.2244150292010594e-06

AL interation 3403/5000.

mae: 0.0011735592201257531
max_error: 0.009886301621008897
variance: 1.2244150537699036e-06

AL interation 3404/5000.

mae: 0.00117266372344875
max_error: 0.009907047420711024
variance: 1.2245112808977623e-06

AL interation 3405/5000.

mae: 0.001171642103011436
max_error: 0.009919343287037918
variance: 1.2232157808648419e-06

AL interation 3406/5000.

mae: 0.0011715448656632362
max_error: 0.009914890502841445
variance: 1.2216769989840887e-06

AL interation 3407/5000.

mae: 0.0011715476979052256
max_error: 0.009909755895932904
variance: 1.221414832353556e-06

AL interation 3408/5000.

mae: 0.0011687178537249565
max_error: 0.010044815793662565
variance: 1.222370694619216e-06

AL interation 3409/5000.

mae: 0.001168332306393495
max_error: 0.010085953133966541
variance: 1.2218385274785645e-06

AL interation 3410/5000.

mae: 0.0011683892766432109
max_error: 0.01009435394735192
variance: 1.2219697954715976e-06

AL interation 3411/5000.

mae: 0.0011688754357510333
max_error: 0.010079890245833667
variance: 1.2215824470525023e-06

AL interation 3412/5000.

mae: 0.0011686113690293496
max_error: 0.010045967956102686
variance: 1.2227497705821413e-06

AL interation 3413/5000.

mae: 0.0011682271258496258
max_error: 0.010165323310502572
variance: 1.222937244815959e-06

AL interation 3414/5000.

mae: 0.0011682030393676541
max_error: 0.01016165953114978
variance: 1.222256702028096e-06

AL interation 3415/5000.

mae: 0.0011678854628544286
max_error: 0.010143988063646248
variance: 1.2193189034079044e-06

AL interation 3416/5000.

mae: 0.0011678387845413453
max_error: 0.010126780198334018
variance: 1.2189571437405511e-06

AL interation 3417/5000.

mae: 0.0011672567786135915
max_error: 0.010132211315067252
variance: 1.2170976351754709e-06

AL interation 3418/5000.

mae: 0.0011672182390948364
max_error: 0.010158519176911796
variance: 1.216634950527754e-06

AL interation 3419/5000.

mae: 0.0011661713500634506
max_error: 0.010280727041390492
variance: 1.2150037607666746e-06

AL interation 3420/5000.

mae: 0.001166131347854389
max_error: 0.010303818049578695
variance: 1.2162730114547323e-06

AL interation 3421/5000.

mae: 0.001166113746507108
max_error: 0.010302977814717451
variance: 1.216948263782414e-06

AL interation 3422/5000.

mae: 0.0011660009363104109
max_error: 0.010337854833778692
variance: 1.2179086449922403e-06

AL interation 3423/5000.

mae: 0.0011663721747936506
max_error: 0.010312915768736275
variance: 1.2193986450782866e-06

AL interation 3424/5000.

mae: 0.0011644943757919465
max_error: 0.010315539318980882
variance: 1.2153149231423662e-06

AL interation 3425/5000.

mae: 0.0011641095800823678
max_error: 0.010273332638462307
variance: 1.21293344717655e-06

AL interation 3426/5000.

mae: 0.00116331843408625
max_error: 0.010209695570665644
variance: 1.2107386350034673e-06

AL interation 3427/5000.

mae: 0.0011636241353990045
max_error: 0.010221552238363074
variance: 1.2108688110353075e-06

AL interation 3428/5000.

mae: 0.001163396180768359
max_error: 0.010210707212536363
variance: 1.21050455631317e-06

AL interation 3429/5000.

mae: 0.001163287622545795
max_error: 0.010207371535216225
variance: 1.210863578463529e-06

AL interation 3430/5000.

mae: 0.0011616118927222487
max_error: 0.010193776626692852
variance: 1.2107038825877799e-06

AL interation 3431/5000.

mae: 0.0011616717798315222
max_error: 0.010264635431667557
variance: 1.2073431203678533e-06

AL interation 3432/5000.

mae: 0.0011616723133911365
max_error: 0.010321005782316206
variance: 1.2052924613151342e-06

AL interation 3433/5000.

mae: 0.0011613577891575915
max_error: 0.010265828441333724
variance: 1.2047115165286707e-06

AL interation 3434/5000.

mae: 0.0011611656521617988
max_error: 0.010267913643474458
variance: 1.20429588261929e-06

AL interation 3435/5000.

mae: 0.0011596522709669444
max_error: 0.010179916203924222
variance: 1.2002732931739846e-06

AL interation 3436/5000.

mae: 0.001160529170857444
max_error: 0.010181035697314655
variance: 1.199154078310928e-06

AL interation 3437/5000.

mae: 0.0011601764034376175
max_error: 0.010199662949162303
variance: 1.199166273444399e-06

AL interation 3438/5000.

mae: 0.001160268765624096
max_error: 0.010189418080699397
variance: 1.198823906041392e-06

AL interation 3439/5000.

mae: 0.0011599879776549643
max_error: 0.010200594824709697
variance: 1.2012601148408712e-06

AL interation 3440/5000.

mae: 0.0011594299059534024
max_error: 0.010188251890212996
variance: 1.19962174972391e-06

AL interation 3441/5000.

mae: 0.0011600406339448454
max_error: 0.010205925176705932
variance: 1.2016197451118704e-06

AL interation 3442/5000.

mae: 0.0011610177115517217
max_error: 0.01012201400953927
variance: 1.2018458222272654e-06

AL interation 3443/5000.

mae: 0.0011610171512957095
max_error: 0.010122738600330194
variance: 1.2016085360116043e-06

AL interation 3444/5000.

mae: 0.001161013065008774
max_error: 0.010122474293893902
variance: 1.2015908854327698e-06

AL interation 3445/5000.

mae: 0.001160964100322417
max_error: 0.010101553594722645
variance: 1.2007338573684825e-06

AL interation 3446/5000.

mae: 0.0011617326953291922
max_error: 0.0100933700632595
variance: 1.2005186608484474e-06

AL interation 3447/5000.

mae: 0.0011617446033324087
max_error: 0.010094607274368173
variance: 1.2003759047287861e-06

AL interation 3448/5000.

mae: 0.0011625182926891285
max_error: 0.010057319985207869
variance: 1.2008445390104559e-06

AL interation 3449/5000.

mae: 0.0011591606271867932
max_error: 0.010140485373995034
variance: 1.1947034977349235e-06

AL interation 3450/5000.

mae: 0.001160036925386521
max_error: 0.010127778154128464
variance: 1.194580026875884e-06

AL interation 3451/5000.

mae: 0.0011590177570997185
max_error: 0.010012739028752549
variance: 1.1949174844477711e-06

AL interation 3452/5000.

mae: 0.0011588709328370897
max_error: 0.01001217212251504
variance: 1.1942212409286227e-06

AL interation 3453/5000.

mae: 0.0011590159045608743
max_error: 0.010012977119913558
variance: 1.1947326628789602e-06

AL interation 3454/5000.

mae: 0.0011556918800533823
max_error: 0.010055819398985477
variance: 1.1906312192893201e-06

AL interation 3455/5000.

mae: 0.0011560329804415233
max_error: 0.010039292017609114
variance: 1.1922055889093258e-06

AL interation 3456/5000.

mae: 0.0011562853459936378
max_error: 0.010046228901046561
variance: 1.1927979057897546e-06

AL interation 3457/5000.

mae: 0.0011561439734568922
max_error: 0.01005075245120679
variance: 1.192547966098751e-06

AL interation 3458/5000.

mae: 0.0011572010075415165
max_error: 0.010096420704940101
variance: 1.1930652206516929e-06

AL interation 3459/5000.

mae: 0.0011559232655754385
max_error: 0.010087413549626945
variance: 1.189923948741932e-06

AL interation 3460/5000.

mae: 0.0011557952030971138
max_error: 0.010037639211077476
variance: 1.190535185021327e-06

AL interation 3461/5000.

mae: 0.001156223784158101
max_error: 0.010031007299403427
variance: 1.1911146889335413e-06

AL interation 3462/5000.

mae: 0.0011562268442330606
max_error: 0.010033350768935634
variance: 1.1911344029448633e-06

AL interation 3463/5000.

mae: 0.0011562660909557963
max_error: 0.010011764945375035
variance: 1.1894975203767445e-06

AL interation 3464/5000.

mae: 0.0011529099232284352
max_error: 0.010021821999544045
variance: 1.1924038037018237e-06

AL interation 3465/5000.

mae: 0.0011525258047213355
max_error: 0.010067627761600306
variance: 1.1938532843359202e-06

AL interation 3466/5000.

mae: 0.0011526597485053572
max_error: 0.010070877713587834
variance: 1.1944200819825803e-06

AL interation 3467/5000.

mae: 0.0011531141690156801
max_error: 0.010061998003948247
variance: 1.1951049822132525e-06

AL interation 3468/5000.

mae: 0.0011522058324808313
max_error: 0.008971959028713172
variance: 1.1862187955116865e-06

AL interation 3469/5000.

mae: 0.0011522026852062483
max_error: 0.008971706654847367
variance: 1.186175620170144e-06

AL interation 3470/5000.

mae: 0.0011522097864908574
max_error: 0.008969779137260048
variance: 1.186191416296119e-06

AL interation 3471/5000.

mae: 0.0011522052799755329
max_error: 0.008965555371105438
variance: 1.1865898342843671e-06

AL interation 3472/5000.

mae: 0.0011527478838561365
max_error: 0.008937899077864131
variance: 1.1878474161632075e-06

AL interation 3473/5000.

mae: 0.001150781868804188
max_error: 0.008969594997324748
variance: 1.184733310201761e-06

AL interation 3474/5000.

mae: 0.0011506824029092967
max_error: 0.008958553906268207
variance: 1.1844729696652173e-06

AL interation 3475/5000.

mae: 0.0011510627969473716
max_error: 0.008955035456892801
variance: 1.1855676761638884e-06

AL interation 3476/5000.

mae: 0.0011490106677183576
max_error: 0.009036070285219466
variance: 1.1818400311235877e-06

AL interation 3477/5000.

mae: 0.0011497975992197098
max_error: 0.009072238808585098
variance: 1.1825087261724373e-06

AL interation 3478/5000.

mae: 0.00114970086626181
max_error: 0.00897628435268416
variance: 1.1825312893719586e-06

AL interation 3479/5000.

mae: 0.0011493204629650791
max_error: 0.008979931848443812
variance: 1.1827105333875687e-06

AL interation 3480/5000.

mae: 0.0011493451692940653
max_error: 0.0089810219615174
variance: 1.1827480068916527e-06

AL interation 3481/5000.

mae: 0.0011493270589699022
max_error: 0.008979303947853623
variance: 1.1826862754421573e-06

AL interation 3482/5000.

mae: 0.0011488901020338745
max_error: 0.008978452311566798
variance: 1.1779746926655753e-06

AL interation 3483/5000.

mae: 0.0011497034563353738
max_error: 0.009039096152264392
variance: 1.1794480715027307e-06

AL interation 3484/5000.

mae: 0.0011505282015050397
max_error: 0.009062090419320157
variance: 1.1806734107431343e-06

AL interation 3485/5000.

mae: 0.001150161625002511
max_error: 0.009099470840737922
variance: 1.1834232473108659e-06

AL interation 3486/5000.

mae: 0.0011500370527965061
max_error: 0.009104964246944292
variance: 1.183089372271797e-06

AL interation 3487/5000.

mae: 0.001149359783316868
max_error: 0.009042977337230695
variance: 1.1796549472474192e-06

AL interation 3488/5000.

mae: 0.0011491620538690767
max_error: 0.009085599183890736
variance: 1.180675801000477e-06

AL interation 3489/5000.

mae: 0.0011489893196639969
max_error: 0.00912447894734214
variance: 1.1814653333687098e-06

AL interation 3490/5000.

mae: 0.001149186111550989
max_error: 0.009114802927797427
variance: 1.1812472845306018e-06

AL interation 3491/5000.

mae: 0.0011489765677724791
max_error: 0.009104800188652007
variance: 1.1823184418111424e-06

AL interation 3492/5000.

mae: 0.0011492386702093428
max_error: 0.009114163851336343
variance: 1.1829897923286858e-06

AL interation 3493/5000.

mae: 0.0011491134304978915
max_error: 0.009097672922507627
variance: 1.1817740911126863e-06

AL interation 3494/5000.

mae: 0.0011476361337845447
max_error: 0.009063370376679813
variance: 1.1797118823984149e-06

AL interation 3495/5000.

mae: 0.0011475156757369406
max_error: 0.00906388029034133
variance: 1.1792784689340505e-06

AL interation 3496/5000.

mae: 0.0011472295854746334
max_error: 0.009047233306773705
variance: 1.1786035118983004e-06

AL interation 3497/5000.

mae: 0.0011472727465334173
max_error: 0.009062286506377859
variance: 1.1792704077599976e-06

AL interation 3498/5000.

mae: 0.0011474698419369816
max_error: 0.009054956211912213
variance: 1.1796746425371655e-06

AL interation 3499/5000.

mae: 0.001146393324897872
max_error: 0.008937103742937325
variance: 1.1835490657297142e-06

AL interation 3500/5000.

mae: 0.001146769789836071
max_error: 0.008940832249209052
variance: 1.1850047793281795e-06

AL interation 3501/5000.

mae: 0.0011449537861344652
max_error: 0.00891400462933234
variance: 1.182807717182502e-06

AL interation 3502/5000.

mae: 0.0011443300876371723
max_error: 0.008815402685286244
variance: 1.1816814386346255e-06

AL interation 3503/5000.

mae: 0.0011443908493483832
max_error: 0.008819172562652966
variance: 1.1817379617733745e-06

AL interation 3504/5000.

mae: 0.0011441912932405103
max_error: 0.00882075218760292
variance: 1.1811528882710777e-06

AL interation 3505/5000.

mae: 0.0011440720841692383
max_error: 0.008808084876363864
variance: 1.1810504900371642e-06

AL interation 3506/5000.

mae: 0.0011441014594511217
max_error: 0.008788591901975451
variance: 1.1810698403970597e-06

AL interation 3507/5000.

mae: 0.001143392775393295
max_error: 0.008854297591824434
variance: 1.1793533944206791e-06

AL interation 3508/5000.

mae: 0.0011435388637410142
max_error: 0.008843457841066993
variance: 1.1790550669476472e-06

AL interation 3509/5000.

mae: 0.0011435244582789891
max_error: 0.008855875557856052
variance: 1.1791755075217633e-06

AL interation 3510/5000.

mae: 0.0011434331484015275
max_error: 0.00886264107793977
variance: 1.1788099063866072e-06

AL interation 3511/5000.

mae: 0.0011436525488916231
max_error: 0.008806417861705995
variance: 1.1747269989107796e-06

AL interation 3512/5000.

mae: 0.0011442718267244344
max_error: 0.008810419987639762
variance: 1.1741126923652825e-06

AL interation 3513/5000.

mae: 0.0011431899652352513
max_error: 0.00889832647771982
variance: 1.1747600369951109e-06

AL interation 3514/5000.

mae: 0.0011430790367812733
max_error: 0.008895453376680962
variance: 1.1742260551187075e-06

AL interation 3515/5000.

mae: 0.0011435995636948065
max_error: 0.00887291295475734
variance: 1.1750185243674368e-06

AL interation 3516/5000.

mae: 0.0011435964032662014
max_error: 0.0088719759714877
variance: 1.1750257572468173e-06

AL interation 3517/5000.

mae: 0.001142609643189644
max_error: 0.008828187294056988
variance: 1.16996323699539e-06

AL interation 3518/5000.

mae: 0.00114214731233551
max_error: 0.008809160766759305
variance: 1.1707802596127052e-06

AL interation 3519/5000.

mae: 0.0011436457520294426
max_error: 0.00891655049599649
variance: 1.1780765157836368e-06

AL interation 3520/5000.

mae: 0.0011435679532123687
max_error: 0.008913797011700808
variance: 1.1778980840662232e-06

AL interation 3521/5000.

mae: 0.0011439574157147945
max_error: 0.008910393828045926
variance: 1.1783137391573594e-06

AL interation 3522/5000.

mae: 0.0011438412276447707
max_error: 0.008905001368475496
variance: 1.1777887781999768e-06

AL interation 3523/5000.

mae: 0.0011427310735980427
max_error: 0.00898296322520764
variance: 1.174943294614959e-06

AL interation 3524/5000.

mae: 0.0011412043861500933
max_error: 0.008976963281384087
variance: 1.1721035581844704e-06

AL interation 3525/5000.

mae: 0.0011411518349113976
max_error: 0.00898468845662137
variance: 1.172040656043637e-06

AL interation 3526/5000.

mae: 0.001141873953612958
max_error: 0.008921383740016608
variance: 1.1767007562061205e-06

AL interation 3527/5000.

mae: 0.001141899755997656
max_error: 0.008927650187615654
variance: 1.177256884392435e-06

AL interation 3528/5000.

mae: 0.0011404854557495129
max_error: 0.009023907003211207
variance: 1.1749738364645518e-06

AL interation 3529/5000.

mae: 0.0011401912119463305
max_error: 0.009012124695800594
variance: 1.1741908906955266e-06

AL interation 3530/5000.

mae: 0.001140071649413585
max_error: 0.009012116692247218
variance: 1.1739977848336413e-06

AL interation 3531/5000.

mae: 0.0011397775479090341
max_error: 0.008978620438938378
variance: 1.1736766516053238e-06

AL interation 3532/5000.

mae: 0.0011389956348530177
max_error: 0.00912519473604334
variance: 1.1754635080566383e-06

AL interation 3533/5000.

mae: 0.0011385133710246009
max_error: 0.009119473112150445
variance: 1.1748493177093185e-06

AL interation 3534/5000.

mae: 0.00113960200900965
max_error: 0.009082691618459648
variance: 1.1758593078481605e-06

AL interation 3535/5000.

mae: 0.001138838580817719
max_error: 0.009044390671988367
variance: 1.1742591060788183e-06

AL interation 3536/5000.

mae: 0.0011391993561583149
max_error: 0.009051354083567276
variance: 1.174611695238023e-06

AL interation 3537/5000.

mae: 0.0011385218163741228
max_error: 0.009052803468875936
variance: 1.172454856598401e-06

AL interation 3538/5000.

mae: 0.0011391303974733092
max_error: 0.009092240599784418
variance: 1.1731349988148713e-06

AL interation 3539/5000.

mae: 0.0011391262941860987
max_error: 0.009080710215130239
variance: 1.172965948245562e-06

AL interation 3540/5000.

mae: 0.0011389818965490122
max_error: 0.009067340366527787
variance: 1.172493932173109e-06

AL interation 3541/5000.

mae: 0.0011376591858761457
max_error: 0.008943198472479708
variance: 1.1692054224374374e-06

AL interation 3542/5000.

mae: 0.0011372223882463004
max_error: 0.0089438361228531
variance: 1.1688484988768882e-06

AL interation 3543/5000.

mae: 0.0011372612892701
max_error: 0.008930268630138016
variance: 1.168630143722924e-06

AL interation 3544/5000.

mae: 0.001137126768167036
max_error: 0.008935956944696954
variance: 1.1683777634725504e-06

AL interation 3545/5000.

mae: 0.0011349196914879941
max_error: 0.008799928988082684
variance: 1.1649036662348875e-06

AL interation 3546/5000.

mae: 0.0011367286400090961
max_error: 0.008545686394427321
variance: 1.1686039094033505e-06

AL interation 3547/5000.

mae: 0.0011360322173068198
max_error: 0.008509363990015117
variance: 1.1661625888860722e-06

AL interation 3548/5000.

mae: 0.0011364534201256903
max_error: 0.008533270278348937
variance: 1.1683615634504834e-06

AL interation 3549/5000.

mae: 0.0011363558819766696
max_error: 0.00855517764830438
variance: 1.1696543355879891e-06

AL interation 3550/5000.

mae: 0.0011343894387528053
max_error: 0.008652262074974715
variance: 1.166384532389454e-06

AL interation 3551/5000.

mae: 0.0011348449197839728
max_error: 0.008651862799524679
variance: 1.165272313448065e-06

AL interation 3552/5000.

mae: 0.001135023385221757
max_error: 0.00868840244038438
variance: 1.1669189584794619e-06

AL interation 3553/5000.

mae: 0.0011340472014780972
max_error: 0.00868778369294887
variance: 1.1655067250406267e-06

AL interation 3554/5000.

mae: 0.0011338068823515642
max_error: 0.008802157002719468
variance: 1.1643589824532013e-06

AL interation 3555/5000.

mae: 0.001134450971869228
max_error: 0.0087946367184486
variance: 1.1641257203934442e-06

AL interation 3556/5000.

mae: 0.0011338079603710866
max_error: 0.008759206020840793
variance: 1.1633287539635258e-06

AL interation 3557/5000.

mae: 0.0011321890600693224
max_error: 0.008730100109460182
variance: 1.1589637425690715e-06

AL interation 3558/5000.

mae: 0.0011292068209313585
max_error: 0.008663323276778101
variance: 1.1486278100816595e-06

AL interation 3559/5000.

mae: 0.0011300159007287221
max_error: 0.008693582543855882
variance: 1.1513768055278054e-06

AL interation 3560/5000.

mae: 0.0011296189108479667
max_error: 0.008754248779951013
variance: 1.1504520296689409e-06

AL interation 3561/5000.

mae: 0.001129517877372564
max_error: 0.00877288404990395
variance: 1.149538439164631e-06

AL interation 3562/5000.

mae: 0.0011296314500086736
max_error: 0.008745588716919883
variance: 1.150809199749125e-06

AL interation 3563/5000.

mae: 0.001129942874079461
max_error: 0.008711185209904215
variance: 1.1504821017000721e-06

AL interation 3564/5000.

mae: 0.0011301111421398674
max_error: 0.008704501631655148
variance: 1.1505899375617597e-06

AL interation 3565/5000.

mae: 0.0011300907376544274
max_error: 0.008703114834133885
variance: 1.1504434691757844e-06

AL interation 3566/5000.

mae: 0.0011303868431250521
max_error: 0.008689720654729172
variance: 1.1504519487560976e-06

AL interation 3567/5000.

mae: 0.0011300459395388316
max_error: 0.008661185993332765
variance: 1.1478508989417294e-06

AL interation 3568/5000.

mae: 0.0011296430504107776
max_error: 0.008642060993224732
variance: 1.1482190245085572e-06

AL interation 3569/5000.

mae: 0.001127353861256779
max_error: 0.008599872517152107
variance: 1.1455421205644397e-06

AL interation 3570/5000.

mae: 0.001127076626368762
max_error: 0.008604866719906568
variance: 1.1446783166707713e-06

AL interation 3571/5000.

mae: 0.0011270194814542265
max_error: 0.008620182756203576
variance: 1.1468783198933108e-06

AL interation 3572/5000.

mae: 0.0011264297607767731
max_error: 0.008614729178589187
variance: 1.1470291096852147e-06

AL interation 3573/5000.

mae: 0.0011255709203514925
max_error: 0.008703825127668097
variance: 1.1480721990390964e-06

AL interation 3574/5000.

mae: 0.001125879482579876
max_error: 0.008710809755939408
variance: 1.1495325082947634e-06

AL interation 3575/5000.

mae: 0.001125928648185436
max_error: 0.008711128675713553
variance: 1.1494970088075088e-06

AL interation 3576/5000.

mae: 0.0011255954667385595
max_error: 0.008815831248284667
variance: 1.1500306517002247e-06

AL interation 3577/5000.

mae: 0.0011250922885683394
max_error: 0.008845645095789223
variance: 1.1506554270186765e-06

AL interation 3578/5000.

mae: 0.0011253626806073953
max_error: 0.008842947374432697
variance: 1.1501466885048975e-06

AL interation 3579/5000.

mae: 0.0011257648242062714
max_error: 0.008886161862392328
variance: 1.1496137019726956e-06

AL interation 3580/5000.

mae: 0.0011257597828989675
max_error: 0.00888641720484884
variance: 1.1496325064393252e-06

AL interation 3581/5000.

mae: 0.0011258053307092268
max_error: 0.008923835839595995
variance: 1.149401248208172e-06

AL interation 3582/5000.

mae: 0.001126288285840019
max_error: 0.008948192602474592
variance: 1.1489894668837836e-06

AL interation 3583/5000.

mae: 0.0011247151010275048
max_error: 0.008982949051642208
variance: 1.1478616218942873e-06

AL interation 3584/5000.

mae: 0.0011245071202665713
max_error: 0.008990527034256957
variance: 1.1478296620933664e-06

AL interation 3585/5000.

mae: 0.0011245495499933895
max_error: 0.00898563120244944
variance: 1.1483840983305222e-06

AL interation 3586/5000.

mae: 0.0011245748707005988
max_error: 0.008992080378448009
variance: 1.148213903880743e-06

AL interation 3587/5000.

mae: 0.0011239425135554483
max_error: 0.008973184556452907
variance: 1.1456837789484153e-06

AL interation 3588/5000.

mae: 0.0011227849798051467
max_error: 0.008944983177570975
variance: 1.1433579079957592e-06

AL interation 3589/5000.

mae: 0.0011228781860927483
max_error: 0.00895169649993477
variance: 1.1432234220726568e-06

AL interation 3590/5000.

mae: 0.0011227790387347341
max_error: 0.008935699928770191
variance: 1.1427764174550928e-06

AL interation 3591/5000.

mae: 0.0011229649176257225
max_error: 0.008935395953812986
variance: 1.1428286719032577e-06

AL interation 3592/5000.

mae: 0.0011228010724571504
max_error: 0.008875644989529974
variance: 1.1426706440944045e-06

AL interation 3593/5000.

mae: 0.0011220044162455452
max_error: 0.008875818535670987
variance: 1.1423670667683072e-06

AL interation 3594/5000.

mae: 0.0011221206934615112
max_error: 0.00890573791366478
variance: 1.143169749173637e-06

AL interation 3595/5000.

mae: 0.0011219547941700512
max_error: 0.008909499205401517
variance: 1.1441012752143083e-06

AL interation 3596/5000.

mae: 0.001122181944228032
max_error: 0.008921407255911618
variance: 1.1454824657728355e-06

AL interation 3597/5000.

mae: 0.00112175557158389
max_error: 0.008958908487329609
variance: 1.145106234864904e-06

AL interation 3598/5000.

mae: 0.0011214951554329674
max_error: 0.008976282906587585
variance: 1.1453516464569203e-06

AL interation 3599/5000.

mae: 0.0011208144782731324
max_error: 0.008970544853582396
variance: 1.1432047455053668e-06

AL interation 3600/5000.

mae: 0.001118341031438831
max_error: 0.008933294788221247
variance: 1.1369041085707521e-06

AL interation 3601/5000.

mae: 0.0011149518689744582
max_error: 0.009027699697981006
variance: 1.1335159125077092e-06

AL interation 3602/5000.

mae: 0.0011149242059564132
max_error: 0.009027154030263773
variance: 1.1333728658352532e-06

AL interation 3603/5000.

mae: 0.0011141531569774088
max_error: 0.00902470689288748
variance: 1.1323877362143969e-06

AL interation 3604/5000.

mae: 0.0011141760569662437
max_error: 0.0090563300964277
variance: 1.1318117868580269e-06

AL interation 3605/5000.

mae: 0.0011138531457809222
max_error: 0.009034944296217873
variance: 1.1318120632350584e-06

AL interation 3606/5000.

mae: 0.0011135949358385916
max_error: 0.009037019312017947
variance: 1.1312260703063273e-06

AL interation 3607/5000.

mae: 0.0011135792470840897
max_error: 0.009034961874931469
variance: 1.131150900937666e-06

AL interation 3608/5000.

mae: 0.0011127104636070727
max_error: 0.009004502286188654
variance: 1.1293730036690135e-06

AL interation 3609/5000.

mae: 0.0011127081487684336
max_error: 0.0090150801170239
variance: 1.1294293927059705e-06

AL interation 3610/5000.

mae: 0.0011113418743707371
max_error: 0.009146262649665005
variance: 1.1300488018665262e-06

AL interation 3611/5000.

mae: 0.0011109938657409657
max_error: 0.009171733652692637
variance: 1.129978226550456e-06

AL interation 3612/5000.

mae: 0.0011109333693402731
max_error: 0.009169703427687637
variance: 1.1295312593961052e-06

AL interation 3613/5000.

mae: 0.0011102308376584914
max_error: 0.00917019816370157
variance: 1.1266443389627743e-06

AL interation 3614/5000.

mae: 0.0011099783071995262
max_error: 0.009192768737193546
variance: 1.1257370860187346e-06

AL interation 3615/5000.

mae: 0.0011104127847529526
max_error: 0.009156730307950056
variance: 1.1249637316382805e-06

AL interation 3616/5000.

mae: 0.001110349793097157
max_error: 0.009152824501143186
variance: 1.124932412026897e-06

AL interation 3617/5000.

mae: 0.001111049545305832
max_error: 0.00916656441950181
variance: 1.1271303623908064e-06

AL interation 3618/5000.

mae: 0.0011107368686871268
max_error: 0.009184590880977339
variance: 1.1243783581712006e-06

AL interation 3619/5000.

mae: 0.0011103058006883657
max_error: 0.009213616654960788
variance: 1.122835835615436e-06

AL interation 3620/5000.

mae: 0.0011101921808631232
max_error: 0.009226682179360068
variance: 1.123271674877204e-06

AL interation 3621/5000.

mae: 0.0011074560617635144
max_error: 0.009205170243149041
variance: 1.1198121999529755e-06

AL interation 3622/5000.

mae: 0.0011076949495163718
max_error: 0.00919965982575377
variance: 1.118937402346198e-06

AL interation 3623/5000.

mae: 0.0011077013257072394
max_error: 0.00920011803646048
variance: 1.1189692382882072e-06

AL interation 3624/5000.

mae: 0.0011077741163098836
max_error: 0.009222676531862817
variance: 1.1181901893022392e-06

AL interation 3625/5000.

mae: 0.0011070949726572508
max_error: 0.009224982384694158
variance: 1.1163966482096234e-06

AL interation 3626/5000.

mae: 0.0011065819329869556
max_error: 0.009209544577970519
variance: 1.115030586211422e-06

AL interation 3627/5000.

mae: 0.001106488729470584
max_error: 0.009227792548699654
variance: 1.115302809325482e-06

AL interation 3628/5000.

mae: 0.0010985150554888605
max_error: 0.009277530951294466
variance: 1.1074131433016184e-06

AL interation 3629/5000.

mae: 0.0010977629288872776
max_error: 0.009263740043024882
variance: 1.106366415163076e-06

AL interation 3630/5000.

mae: 0.001096153094924375
max_error: 0.009199642378007411
variance: 1.1023236764814848e-06

AL interation 3631/5000.

mae: 0.001096232562390469
max_error: 0.009198786681736237
variance: 1.1023874158726688e-06

AL interation 3632/5000.

mae: 0.0010959623345679576
max_error: 0.00920150524143537
variance: 1.1029919090189255e-06

AL interation 3633/5000.

mae: 0.001095558737578358
max_error: 0.0092834291554027
variance: 1.1000024423493122e-06

AL interation 3634/5000.

mae: 0.0010948226617774708
max_error: 0.00943309134709125
variance: 1.0996844932382996e-06

AL interation 3635/5000.

mae: 0.0010940949717542026
max_error: 0.009415211343366536
variance: 1.0974982790169088e-06

AL interation 3636/5000.

mae: 0.0010928700506237874
max_error: 0.009241975252734846
variance: 1.0955008501390301e-06

AL interation 3637/5000.

mae: 0.0010929609320237431
max_error: 0.009239041892215027
variance: 1.0955549832488242e-06

AL interation 3638/5000.

mae: 0.0010927331628226965
max_error: 0.009201661740007694
variance: 1.094085736434878e-06

AL interation 3639/5000.

mae: 0.001092741219376876
max_error: 0.009448306444028276
variance: 1.0956330007747946e-06

AL interation 3640/5000.

mae: 0.0010925144579086918
max_error: 0.009424857385965879
variance: 1.0946480822673338e-06

AL interation 3641/5000.

mae: 0.001092705035994186
max_error: 0.009452334217712632
variance: 1.0949215385987573e-06

AL interation 3642/5000.

mae: 0.001095022539713682
max_error: 0.009485570093602291
variance: 1.0912200475131324e-06

AL interation 3643/5000.

mae: 0.0010948258755070128
max_error: 0.009549167260047398
variance: 1.0903414737166705e-06

AL interation 3644/5000.

mae: 0.0010942255915342685
max_error: 0.009609806109438068
variance: 1.0893865929645469e-06

AL interation 3645/5000.

mae: 0.0010944117653580178
max_error: 0.009632467035771697
variance: 1.0899599044664907e-06

AL interation 3646/5000.

mae: 0.0010944104858663195
max_error: 0.00963281105759961
variance: 1.0899261521352918e-06

AL interation 3647/5000.

mae: 0.0010931640979597432
max_error: 0.009546484992824844
variance: 1.0861564386970317e-06

AL interation 3648/5000.

mae: 0.0010933041659163792
max_error: 0.009524101673378027
variance: 1.0856401038151116e-06

AL interation 3649/5000.

mae: 0.0010929277312006888
max_error: 0.009550162596497103
variance: 1.0879490885420263e-06

AL interation 3650/5000.

mae: 0.0010927145687701341
max_error: 0.009536902556646965
variance: 1.0876091964201826e-06

AL interation 3651/5000.

mae: 0.001092649072156746
max_error: 0.009540800738250255
variance: 1.087716608903002e-06

AL interation 3652/5000.

mae: 0.0010927747885325517
max_error: 0.009546437931930996
variance: 1.0882178802794564e-06

AL interation 3653/5000.

mae: 0.0010928090657444046
max_error: 0.0095892830631783
variance: 1.0885055093928264e-06

AL interation 3654/5000.

mae: 0.0010927128309895125
max_error: 0.009589915489414125
variance: 1.0886405297021018e-06

AL interation 3655/5000.

mae: 0.0010927079116663664
max_error: 0.009592933076419285
variance: 1.0888747374676137e-06

AL interation 3656/5000.

mae: 0.0010911886150897772
max_error: 0.009676858926468412
variance: 1.0896358203644802e-06

AL interation 3657/5000.

mae: 0.0010905604242498158
max_error: 0.009520687546682893
variance: 1.0870005276905549e-06

AL interation 3658/5000.

mae: 0.001089234183951703
max_error: 0.009571551074259332
variance: 1.0857221689087583e-06

AL interation 3659/5000.

mae: 0.0010893161627036534
max_error: 0.009662337635745644
variance: 1.086763513861538e-06

AL interation 3660/5000.

mae: 0.0010892741005582138
max_error: 0.009668409364167019
variance: 1.0864608754907236e-06

AL interation 3661/5000.

mae: 0.0010892396902554538
max_error: 0.009667788797742105
variance: 1.0865306283530618e-06

AL interation 3662/5000.

mae: 0.0010883268641673567
max_error: 0.009614897053324967
variance: 1.085089872811877e-06

AL interation 3663/5000.

mae: 0.0010881754132606148
max_error: 0.009611940249669715
variance: 1.0851362226083733e-06

AL interation 3664/5000.

mae: 0.0010879437197145307
max_error: 0.009645696429288364
variance: 1.086193741723559e-06

AL interation 3665/5000.

mae: 0.0010880846647796716
max_error: 0.009673135738921701
variance: 1.0870287885361172e-06

AL interation 3666/5000.

mae: 0.001086805942427418
max_error: 0.009700410058940179
variance: 1.0823147602933163e-06

AL interation 3667/5000.

mae: 0.001086310565588974
max_error: 0.009769192305611796
variance: 1.0842865388041682e-06

AL interation 3668/5000.

mae: 0.0010845083755239102
max_error: 0.009751069146659574
variance: 1.082328924016513e-06

AL interation 3669/5000.

mae: 0.001083632402585863
max_error: 0.009672521837273962
variance: 1.0779959093582697e-06

AL interation 3670/5000.

mae: 0.0010835099078776694
max_error: 0.009675583123680553
variance: 1.078118317055372e-06

AL interation 3671/5000.

mae: 0.0010833758608832795
max_error: 0.009677487154476694
variance: 1.0778831018844605e-06

AL interation 3672/5000.

mae: 0.001082362369133989
max_error: 0.00969414691462589
variance: 1.074474599151519e-06

AL interation 3673/5000.

mae: 0.001080443473591913
max_error: 0.009796337230000063
variance: 1.0713171906326721e-06

AL interation 3674/5000.

mae: 0.001080663155912589
max_error: 0.009775441378224059
variance: 1.070260461088945e-06

AL interation 3675/5000.

mae: 0.0010742312286438392
max_error: 0.009939505564034334
variance: 1.0545416031098532e-06

AL interation 3676/5000.

mae: 0.0010744095222125908
max_error: 0.009937074855770334
variance: 1.0549252195464126e-06

AL interation 3677/5000.

mae: 0.0010741930040849184
max_error: 0.009941477654137998
variance: 1.0543675039869918e-06

AL interation 3678/5000.

mae: 0.0010740828421648984
max_error: 0.009941538495695568
variance: 1.0535970410956276e-06

AL interation 3679/5000.

mae: 0.0010740783195087714
max_error: 0.009939741174093797
variance: 1.053389821788542e-06

AL interation 3680/5000.

mae: 0.0010741075490605
max_error: 0.009945283009074046
variance: 1.0534614139195718e-06

AL interation 3681/5000.

mae: 0.001073515774553016
max_error: 0.009926018499754719
variance: 1.0523798228741964e-06

AL interation 3682/5000.

mae: 0.0010742707840836374
max_error: 0.009909119055009796
variance: 1.052895153024456e-06

AL interation 3683/5000.

mae: 0.0010743066565937626
max_error: 0.009903314747134573
variance: 1.0530877973480363e-06

AL interation 3684/5000.

mae: 0.001074431584438571
max_error: 0.009917905486872769
variance: 1.0536701808963993e-06

AL interation 3685/5000.

mae: 0.001074691887721201
max_error: 0.009999605876146234
variance: 1.0538609200333658e-06

AL interation 3686/5000.

mae: 0.0010694345251213236
max_error: 0.010095242183524533
variance: 1.051773334641852e-06

AL interation 3687/5000.

mae: 0.0010694008352766105
max_error: 0.010098043310790672
variance: 1.0521307950086032e-06

AL interation 3688/5000.

mae: 0.0010691363257019474
max_error: 0.009909164355121902
variance: 1.0497987924952127e-06

AL interation 3689/5000.

mae: 0.0010689802230199347
max_error: 0.00993795619251614
variance: 1.050851868058999e-06

AL interation 3690/5000.

mae: 0.0010680602773763895
max_error: 0.00991621312823554
variance: 1.0497817442588911e-06

AL interation 3691/5000.

mae: 0.0010677138655910312
max_error: 0.009784807791220373
variance: 1.044832611557821e-06

AL interation 3692/5000.

mae: 0.0010679063863381088
max_error: 0.00978091035176476
variance: 1.0449249048324702e-06

AL interation 3693/5000.

mae: 0.0010674283759753963
max_error: 0.009787938519366435
variance: 1.044555682283949e-06

AL interation 3694/5000.

mae: 0.0010673684319672248
max_error: 0.009782226412426098
variance: 1.0442352065833991e-06

AL interation 3695/5000.

mae: 0.001067599371601318
max_error: 0.009819179735131911
variance: 1.0452884927234847e-06

AL interation 3696/5000.

mae: 0.0010671111280225888
max_error: 0.009825888531850069
variance: 1.0461308372502518e-06

AL interation 3697/5000.

mae: 0.0010671631524073746
max_error: 0.009826250001424341
variance: 1.0462681717763882e-06

AL interation 3698/5000.

mae: 0.0010658421029056627
max_error: 0.009806857275179937
variance: 1.0424102899289727e-06

AL interation 3699/5000.

mae: 0.0010656779654636922
max_error: 0.009808026012251503
variance: 1.0421003265664347e-06

AL interation 3700/5000.

mae: 0.0010649144789686034
max_error: 0.009750832736244774
variance: 1.0403152274671131e-06

AL interation 3701/5000.

mae: 0.0010651579620716803
max_error: 0.009724683861350059
variance: 1.040706697442647e-06

AL interation 3702/5000.

mae: 0.0010644032176478505
max_error: 0.009686072202384821
variance: 1.0387370621639848e-06

AL interation 3703/5000.

mae: 0.0010639371717388712
max_error: 0.009715508849694743
variance: 1.0363546586660447e-06

AL interation 3704/5000.

mae: 0.001064168543643973
max_error: 0.009717167200506083
variance: 1.0373890765295413e-06

AL interation 3705/5000.

mae: 0.0010644345619202796
max_error: 0.009718733044792316
variance: 1.0387464325652124e-06

AL interation 3706/5000.

mae: 0.001064533175901488
max_error: 0.009707143666673801
variance: 1.0400219901055203e-06

AL interation 3707/5000.

mae: 0.0010645790886983377
max_error: 0.009638132649342879
variance: 1.0387788792503953e-06

AL interation 3708/5000.

mae: 0.001064859472745411
max_error: 0.00964478690548276
variance: 1.039574255755579e-06

AL interation 3709/5000.

mae: 0.0010649129515632012
max_error: 0.009648760044001392
variance: 1.0397935884522938e-06

AL interation 3710/5000.

mae: 0.0010649610184482298
max_error: 0.00971008974556753
variance: 1.0384769337732104e-06

AL interation 3711/5000.

mae: 0.0010642385027404089
max_error: 0.009703905516289524
variance: 1.0383264264403235e-06

AL interation 3712/5000.

mae: 0.0010652670338786266
max_error: 0.009728707465910702
variance: 1.0399257238710815e-06

AL interation 3713/5000.

mae: 0.0010652345149246684
max_error: 0.009724856883622124
variance: 1.0398907321286406e-06

AL interation 3714/5000.

mae: 0.001065184022299036
max_error: 0.00978828165352752
variance: 1.0404156519967186e-06

AL interation 3715/5000.

mae: 0.0010642452701076764
max_error: 0.009755588855114183
variance: 1.0376256848891286e-06

AL interation 3716/5000.

mae: 0.0010621286789701118
max_error: 0.009788659086552798
variance: 1.0349168765788181e-06

AL interation 3717/5000.

mae: 0.0010622155509699951
max_error: 0.009793054550755187
variance: 1.0350485960007676e-06

AL interation 3718/5000.

mae: 0.0010620739934738596
max_error: 0.009798865188713535
variance: 1.0352740340917488e-06

AL interation 3719/5000.

mae: 0.0010600390258896368
max_error: 0.009791803697225987
variance: 1.033369732468127e-06

AL interation 3720/5000.

mae: 0.0010587512495794727
max_error: 0.00989271991966234
variance: 1.0336248116811795e-06

AL interation 3721/5000.

mae: 0.0010609779381766202
max_error: 0.009837430907282396
variance: 1.0337919544849488e-06

AL interation 3722/5000.

mae: 0.0010609607808091824
max_error: 0.009833727022851235
variance: 1.0337695682842065e-06

AL interation 3723/5000.

mae: 0.0010606959591059422
max_error: 0.009862002936642966
variance: 1.0338771541749317e-06

AL interation 3724/5000.

mae: 0.001060725188403012
max_error: 0.009855953661826788
variance: 1.0339252839681914e-06

AL interation 3725/5000.

mae: 0.0010609093602542998
max_error: 0.009881147261694423
variance: 1.034287173260059e-06

AL interation 3726/5000.

mae: 0.001060043098425922
max_error: 0.009942091221091687
variance: 1.035178501959091e-06

AL interation 3727/5000.

mae: 0.0010596523901103866
max_error: 0.00995040260568203
variance: 1.035184650391478e-06

AL interation 3728/5000.

mae: 0.0010596422945809536
max_error: 0.009950853642294533
variance: 1.0351825139320632e-06

AL interation 3729/5000.

mae: 0.0010600452667076752
max_error: 0.00992139211120957
variance: 1.03554624769805e-06

AL interation 3730/5000.

mae: 0.0010584014659016248
max_error: 0.00998296501893492
variance: 1.036510883392983e-06

AL interation 3731/5000.

mae: 0.0010553872744076217
max_error: 0.009931811704518623
variance: 1.0288931604640362e-06

AL interation 3732/5000.

mae: 0.0010553898497037153
max_error: 0.009932178383678547
variance: 1.0289044859206171e-06

AL interation 3733/5000.

mae: 0.001055531013142172
max_error: 0.009994682570322766
variance: 1.0297579800347568e-06

AL interation 3734/5000.

mae: 0.0010552776705753785
max_error: 0.00994394065310189
variance: 1.0290060797634017e-06

AL interation 3735/5000.

mae: 0.0010556309001431147
max_error: 0.00992672681422846
variance: 1.0325258058435783e-06

AL interation 3736/5000.

mae: 0.001055792359611587
max_error: 0.009929658792316332
variance: 1.0316979992235225e-06

AL interation 3737/5000.

mae: 0.001055381557306646
max_error: 0.0099466850861063
variance: 1.0320482399656178e-06

AL interation 3738/5000.

mae: 0.0010552147927610348
max_error: 0.009933441679095267
variance: 1.031736312142157e-06

AL interation 3739/5000.

mae: 0.0010549711341345757
max_error: 0.009925972966811969
variance: 1.0302960667532251e-06

AL interation 3740/5000.

mae: 0.0010536836397541265
max_error: 0.009898446811348549
variance: 1.0237972098457338e-06

AL interation 3741/5000.

mae: 0.0010536718908624608
max_error: 0.009897454487145296
variance: 1.023770998250869e-06

AL interation 3742/5000.

mae: 0.0010535344029158297
max_error: 0.009893807209664374
variance: 1.0236746559041773e-06

AL interation 3743/5000.

mae: 0.001053528163770352
max_error: 0.009895613684420823
variance: 1.0234949419237699e-06

AL interation 3744/5000.

mae: 0.0010533897378409165
max_error: 0.009924149946527905
variance: 1.0240052683854859e-06

AL interation 3745/5000.

mae: 0.0010536615251558032
max_error: 0.009931069251251756
variance: 1.0242441026460477e-06

AL interation 3746/5000.

mae: 0.0010530258503595178
max_error: 0.009912648069075658
variance: 1.0244138340439287e-06

AL interation 3747/5000.

mae: 0.0010531661250051912
max_error: 0.009905577373501728
variance: 1.0241983507469349e-06

AL interation 3748/5000.

mae: 0.0010547951114549506
max_error: 0.009883061973596341
variance: 1.0249708822009386e-06

AL interation 3749/5000.

mae: 0.0010548474514926057
max_error: 0.009881858137305244
variance: 1.0250480195978055e-06

AL interation 3750/5000.

mae: 0.0010548906234380412
max_error: 0.009876193927993882
variance: 1.0247708327646403e-06

AL interation 3751/5000.

mae: 0.0010555824097455116
max_error: 0.009839579104664153
variance: 1.0234172363330973e-06

AL interation 3752/5000.

mae: 0.001053947878184772
max_error: 0.009757482815984986
variance: 1.0165272359374867e-06

AL interation 3753/5000.

mae: 0.0010538174695948327
max_error: 0.009761285158674582
variance: 1.015899519597868e-06

AL interation 3754/5000.

mae: 0.0010539402824342689
max_error: 0.00973268577035924
variance: 1.015121387391211e-06

AL interation 3755/5000.

mae: 0.001054010973773984
max_error: 0.009730494266477763
variance: 1.015397550077739e-06

AL interation 3756/5000.

mae: 0.00105159589748655
max_error: 0.009639027475714101
variance: 1.0114242495607728e-06

AL interation 3757/5000.

mae: 0.0010515627765344106
max_error: 0.00964028717680776
variance: 1.0113708221804805e-06

AL interation 3758/5000.

mae: 0.0010516679084148564
max_error: 0.00962165938653925
variance: 1.0112328924168531e-06

AL interation 3759/5000.

mae: 0.0010511833139444206
max_error: 0.009634973792344681
variance: 1.0089888583612492e-06

AL interation 3760/5000.

mae: 0.00105097572480463
max_error: 0.009630561695303186
variance: 1.0092094279287475e-06

AL interation 3761/5000.

mae: 0.0010503962549801144
max_error: 0.009591772517524078
variance: 1.0049369715864167e-06

AL interation 3762/5000.

mae: 0.0010496712983158432
max_error: 0.00960872648829536
variance: 1.003855676147387e-06

AL interation 3763/5000.

mae: 0.0010491661016712897
max_error: 0.00960556581230776
variance: 1.0027230368335508e-06

AL interation 3764/5000.

mae: 0.0010494313469207556
max_error: 0.009618926886105328
variance: 1.0033324889895468e-06

AL interation 3765/5000.

mae: 0.001048882059583775
max_error: 0.009675591389168403
variance: 1.004016659724806e-06

AL interation 3766/5000.

mae: 0.0010484665763278826
max_error: 0.009712235600090935
variance: 1.0051986349361436e-06

AL interation 3767/5000.

mae: 0.0010486482872483975
max_error: 0.009712411096188589
variance: 1.0051096660352192e-06

AL interation 3768/5000.

mae: 0.0010484952039078053
max_error: 0.009702541972728795
variance: 1.0048102557070632e-06

AL interation 3769/5000.

mae: 0.0010488245119922794
max_error: 0.009699544729301124
variance: 1.0058477576320321e-06

AL interation 3770/5000.

mae: 0.0010487840030764346
max_error: 0.009703228983198642
variance: 1.005929159696461e-06

AL interation 3771/5000.

mae: 0.001049475719983093
max_error: 0.009654470273744664
variance: 1.0032474028329703e-06

AL interation 3772/5000.

mae: 0.001048751017890936
max_error: 0.009640571826821542
variance: 1.0002172910111943e-06

AL interation 3773/5000.

mae: 0.0010454435783585723
max_error: 0.00962902718129044
variance: 1.000189813992422e-06

AL interation 3774/5000.

mae: 0.0010456390871995608
max_error: 0.009638196939704358
variance: 1.0004079192143337e-06

AL interation 3775/5000.

mae: 0.00104370994699093
max_error: 0.009644365336498595
variance: 1.0000571590936055e-06

AL interation 3776/5000.

mae: 0.0010413537398208065
max_error: 0.009777333534657373
variance: 9.977180261960968e-07

AL interation 3777/5000.

mae: 0.0010410448445963994
max_error: 0.009774558164281189
variance: 9.989645768368875e-07

AL interation 3778/5000.

mae: 0.0010412073394290928
max_error: 0.009726546273668646
variance: 9.997778854918484e-07

AL interation 3779/5000.

mae: 0.0010407211824849582
max_error: 0.009879527764496743
variance: 1.0033856900802663e-06

AL interation 3780/5000.

mae: 0.0010407645515770128
max_error: 0.009879082999759703
variance: 1.0090681953288465e-06

AL interation 3781/5000.

mae: 0.0010403495813379778
max_error: 0.010043080275863758
variance: 1.0086377683481635e-06

AL interation 3782/5000.

mae: 0.0010398044576040775
max_error: 0.010050710718132905
variance: 1.006977666056065e-06

AL interation 3783/5000.

mae: 0.0010397290175096713
max_error: 0.010072117138406611
variance: 1.0073989872766491e-06

AL interation 3784/5000.

mae: 0.0010391478566371007
max_error: 0.010213978404863155
variance: 1.006953145119015e-06

AL interation 3785/5000.

mae: 0.001039096611815694
max_error: 0.010195598739301204
variance: 1.0058902952595964e-06

AL interation 3786/5000.

mae: 0.0010387289463396883
max_error: 0.010176913905524998
variance: 1.0056016951475894e-06

AL interation 3787/5000.

mae: 0.0010387230711321536
max_error: 0.010153290151720284
variance: 1.0036318450263525e-06

AL interation 3788/5000.

mae: 0.0010390146816926062
max_error: 0.010158931201658561
variance: 1.003178007512044e-06

AL interation 3789/5000.

mae: 0.0010388921105486588
max_error: 0.010149598127100035
variance: 1.0032871928434275e-06

AL interation 3790/5000.

mae: 0.0010385003831079303
max_error: 0.010153346016522846
variance: 1.0029554385674434e-06

AL interation 3791/5000.

mae: 0.0010378706297578901
max_error: 0.010116670766365132
variance: 1.0022984364232253e-06

AL interation 3792/5000.

mae: 0.001037836632066501
max_error: 0.010128905798410415
variance: 1.0027552519447513e-06

AL interation 3793/5000.

mae: 0.0010375315950323057
max_error: 0.010120384516994818
variance: 1.0010156950205028e-06

AL interation 3794/5000.

mae: 0.0010362038305956958
max_error: 0.010058730249511427
variance: 9.928649544635976e-07

AL interation 3795/5000.

mae: 0.0010360429876554917
max_error: 0.010051808179923682
variance: 9.927718564546776e-07

AL interation 3796/5000.

mae: 0.001036036715845512
max_error: 0.010050121394669986
variance: 9.925684842497246e-07

AL interation 3797/5000.

mae: 0.0010370096016349634
max_error: 0.01007181348359154
variance: 9.930289107711124e-07

AL interation 3798/5000.

mae: 0.0010369410494167823
max_error: 0.010052505231215036
variance: 9.932259057076852e-07

AL interation 3799/5000.

mae: 0.0010370650673930868
max_error: 0.009938830966348178
variance: 9.96811070313569e-07

AL interation 3800/5000.

mae: 0.0010370305130545604
max_error: 0.00996282297091966
variance: 9.962411301924942e-07

AL interation 3801/5000.

mae: 0.0010366201864035248
max_error: 0.00989716164440324
variance: 9.915049015749154e-07

AL interation 3802/5000.

mae: 0.001036603154419936
max_error: 0.009896758163449704
variance: 9.914730839032686e-07

AL interation 3803/5000.

mae: 0.001036975857635298
max_error: 0.009814666807869799
variance: 9.935068795412494e-07

AL interation 3804/5000.

mae: 0.0010360898008484583
max_error: 0.009892297521219007
variance: 9.884149547912264e-07

AL interation 3805/5000.

mae: 0.0010357518894443273
max_error: 0.009857483839368797
variance: 9.886704599671687e-07

AL interation 3806/5000.

mae: 0.001035499679493114
max_error: 0.009658265063990257
variance: 9.836283290018702e-07

AL interation 3807/5000.

mae: 0.0010354974720621613
max_error: 0.009658401124397642
variance: 9.83620243115523e-07

AL interation 3808/5000.

mae: 0.0010353150702194398
max_error: 0.00965223402272386
variance: 9.826565255463982e-07

AL interation 3809/5000.

mae: 0.0010340041621293495
max_error: 0.00941644861268287
variance: 9.78507345272425e-07

AL interation 3810/5000.

mae: 0.0010340022890977707
max_error: 0.009416667604455142
variance: 9.784644714893034e-07

AL interation 3811/5000.

mae: 0.0010335783549717235
max_error: 0.009443938577533117
variance: 9.772812997347233e-07

AL interation 3812/5000.

mae: 0.0010334651692965053
max_error: 0.009452736287130392
variance: 9.764238753988746e-07

AL interation 3813/5000.

mae: 0.0010333860872651713
max_error: 0.009457030644625775
variance: 9.765301522144876e-07

AL interation 3814/5000.

mae: 0.0010309888563306232
max_error: 0.009394068349138252
variance: 9.712929733644657e-07

AL interation 3815/5000.

mae: 0.0010308279409300667
max_error: 0.009379690140121966
variance: 9.734123112861342e-07

AL interation 3816/5000.

mae: 0.0010313802578248215
max_error: 0.00935953716361837
variance: 9.742430792794989e-07

AL interation 3817/5000.

mae: 0.001031320351382419
max_error: 0.00934281151239702
variance: 9.740373530007469e-07

AL interation 3818/5000.

mae: 0.001031266948020857
max_error: 0.009464525841394789
variance: 9.752933982798351e-07

AL interation 3819/5000.

mae: 0.001031039881401739
max_error: 0.009513736460576183
variance: 9.744485728848692e-07

AL interation 3820/5000.

mae: 0.0010304867084641955
max_error: 0.00952528777088446
variance: 9.740456884942849e-07

AL interation 3821/5000.

mae: 0.0010303153383238168
max_error: 0.009543466852846905
variance: 9.739719899180997e-07

AL interation 3822/5000.

mae: 0.001030183325179678
max_error: 0.009570324536980479
variance: 9.753727812159727e-07

AL interation 3823/5000.

mae: 0.0010301364733604716
max_error: 0.009561506978570833
variance: 9.75457619110742e-07

AL interation 3824/5000.

mae: 0.0010294440363923059
max_error: 0.00963449389928428
variance: 9.759793146999217e-07

AL interation 3825/5000.

mae: 0.0010294695604061417
max_error: 0.009612260522771976
variance: 9.755976516730705e-07

AL interation 3826/5000.

mae: 0.00102816110787262
max_error: 0.009598930604624911
variance: 9.751499350005027e-07

AL interation 3827/5000.

mae: 0.0010279517168664824
max_error: 0.009587329206624418
variance: 9.74756686700331e-07

AL interation 3828/5000.

mae: 0.001028414157604857
max_error: 0.009606419325791649
variance: 9.749014748076915e-07

AL interation 3829/5000.

mae: 0.0010284446840532837
max_error: 0.009607117090126849
variance: 9.749389959745932e-07

AL interation 3830/5000.

mae: 0.001028187515128593
max_error: 0.009605460194507032
variance: 9.75933623274118e-07

AL interation 3831/5000.

mae: 0.001028672610060312
max_error: 0.009620302507755696
variance: 9.77557294604987e-07

AL interation 3832/5000.

mae: 0.0010290329665140234
max_error: 0.00963115048034524
variance: 9.782659454712506e-07

AL interation 3833/5000.

mae: 0.0010288616521565927
max_error: 0.00963515592411568
variance: 9.782902617958185e-07

AL interation 3834/5000.

mae: 0.0010288832778087454
max_error: 0.009641671646022587
variance: 9.782797607450162e-07

AL interation 3835/5000.

mae: 0.001027998975432638
max_error: 0.009672551799667417
variance: 9.781704007482621e-07

AL interation 3836/5000.

mae: 0.0010284585107692692
max_error: 0.009637525048674433
variance: 9.779127634567858e-07

AL interation 3837/5000.

mae: 0.0010276250086171785
max_error: 0.00965568490755686
variance: 9.755700750643002e-07

AL interation 3838/5000.

mae: 0.0010276526603965976
max_error: 0.009650579542721971
variance: 9.753627710435588e-07

AL interation 3839/5000.

mae: 0.0010275420261750697
max_error: 0.009641266709877527
variance: 9.755792942607094e-07

AL interation 3840/5000.

mae: 0.001027493396857608
max_error: 0.009634634136091336
variance: 9.75007023612484e-07

AL interation 3841/5000.

mae: 0.0010275653772405348
max_error: 0.009608556507373578
variance: 9.73986954498003e-07

AL interation 3842/5000.

mae: 0.0010272430933582655
max_error: 0.009601693736840389
variance: 9.735391947902345e-07

AL interation 3843/5000.

mae: 0.001026354229507888
max_error: 0.009496001095612883
variance: 9.69828299762326e-07

AL interation 3844/5000.

mae: 0.0010263271749090563
max_error: 0.00953861032576242
variance: 9.70207599868086e-07

AL interation 3845/5000.

mae: 0.0010264579518752725
max_error: 0.009510170804787776
variance: 9.724312200663197e-07

AL interation 3846/5000.

mae: 0.0010266423619350463
max_error: 0.009510979134574882
variance: 9.732040468200021e-07

AL interation 3847/5000.

mae: 0.0010259942069997124
max_error: 0.009469562040976598
variance: 9.741765587914771e-07

AL interation 3848/5000.

mae: 0.0010266595515313385
max_error: 0.009472468029343872
variance: 9.767525673190173e-07

AL interation 3849/5000.

mae: 0.0010249241494466332
max_error: 0.00939757517153339
variance: 9.753610004767809e-07

AL interation 3850/5000.

mae: 0.001024938347852185
max_error: 0.009399429929544567
variance: 9.753985002503354e-07

AL interation 3851/5000.

mae: 0.0010246864341315813
max_error: 0.009396670508067473
variance: 9.75279885986928e-07

AL interation 3852/5000.

mae: 0.0010247080512417598
max_error: 0.00939732223014289
variance: 9.753240589744128e-07

AL interation 3853/5000.

mae: 0.0010247120969579554
max_error: 0.009396709841894335
variance: 9.753296781744819e-07

AL interation 3854/5000.

mae: 0.001024258889412522
max_error: 0.009421214757821872
variance: 9.73969573266454e-07

AL interation 3855/5000.

mae: 0.0010248823450747296
max_error: 0.009425753791219904
variance: 9.753365208509222e-07

AL interation 3856/5000.

mae: 0.0010247617342338344
max_error: 0.009415208804057329
variance: 9.751720172358013e-07

AL interation 3857/5000.

mae: 0.0010264098643992838
max_error: 0.009385155621203012
variance: 9.764406380537081e-07

AL interation 3858/5000.

mae: 0.0010250107911924716
max_error: 0.009396783678312204
variance: 9.742889290938497e-07

AL interation 3859/5000.

mae: 0.0010249341466460463
max_error: 0.009388238779138192
variance: 9.732821686572014e-07

AL interation 3860/5000.

mae: 0.0010250462320182123
max_error: 0.009383209229781642
variance: 9.729697905402598e-07

AL interation 3861/5000.

mae: 0.0010249826927938557
max_error: 0.009374831779496162
variance: 9.727607806309104e-07

AL interation 3862/5000.

mae: 0.0010245465118478023
max_error: 0.009365360534502543
variance: 9.720060138304155e-07

AL interation 3863/5000.

mae: 0.0010246002212570603
max_error: 0.009361382055431022
variance: 9.719503766362697e-07

AL interation 3864/5000.

mae: 0.001023126388644414
max_error: 0.009414630976607441
variance: 9.67913408384035e-07

AL interation 3865/5000.

mae: 0.001024353931841688
max_error: 0.00938386958114279
variance: 9.656753424414935e-07

AL interation 3866/5000.

mae: 0.00102457193999453
max_error: 0.009405971946762293
variance: 9.666093656410618e-07

AL interation 3867/5000.

mae: 0.001024229290479525
max_error: 0.009274197296690545
variance: 9.6703280123175e-07

AL interation 3868/5000.

mae: 0.0010231799363809842
max_error: 0.009283311626859359
variance: 9.652929309543517e-07

AL interation 3869/5000.

mae: 0.0010231435124496784
max_error: 0.00928621838647814
variance: 9.654332282250636e-07

AL interation 3870/5000.

mae: 0.0010233029510927736
max_error: 0.009195740311042755
variance: 9.654566295015862e-07

AL interation 3871/5000.

mae: 0.0010231131970704155
max_error: 0.009225630788932904
variance: 9.651589990988275e-07

AL interation 3872/5000.

mae: 0.0010233433095645523
max_error: 0.009224563376847073
variance: 9.646774867508347e-07

AL interation 3873/5000.

mae: 0.0010237175372003549
max_error: 0.009236593838068075
variance: 9.650799298373552e-07

AL interation 3874/5000.

mae: 0.0010235178070051917
max_error: 0.00925183961771836
variance: 9.65014341552225e-07

AL interation 3875/5000.

mae: 0.001023495799414377
max_error: 0.009251828631022363
variance: 9.651331061415713e-07

AL interation 3876/5000.

mae: 0.0010234485882874651
max_error: 0.009359700494314893
variance: 9.642296939917266e-07

AL interation 3877/5000.

mae: 0.0010244093753053675
max_error: 0.009341849208794883
variance: 9.656835677641261e-07

AL interation 3878/5000.

mae: 0.001023430282390109
max_error: 0.009311745676313876
variance: 9.646528752818685e-07

AL interation 3879/5000.

mae: 0.0010232771816909008
max_error: 0.009312604865044705
variance: 9.645931814641565e-07

AL interation 3880/5000.

mae: 0.0010234890362253281
max_error: 0.009302110154749244
variance: 9.64847403456454e-07

AL interation 3881/5000.

mae: 0.0010229185253365358
max_error: 0.009203052692100755
variance: 9.637676286195278e-07

AL interation 3882/5000.

mae: 0.0010227641322508134
max_error: 0.009224815357811167
variance: 9.63766640792988e-07

AL interation 3883/5000.

mae: 0.0010224917658815684
max_error: 0.009238583827027469
variance: 9.62019188048848e-07

AL interation 3884/5000.

mae: 0.0010222985976961355
max_error: 0.009186992325339816
variance: 9.63509241554635e-07

AL interation 3885/5000.

mae: 0.001022679287207211
max_error: 0.009163193279164261
variance: 9.637720365892183e-07

AL interation 3886/5000.

mae: 0.0010216482477280807
max_error: 0.00912024484387075
variance: 9.617507864162797e-07

AL interation 3887/5000.

mae: 0.0010219536163867816
max_error: 0.009086846874197363
variance: 9.61400767957406e-07

AL interation 3888/5000.

mae: 0.0010219611454385814
max_error: 0.009083988339625648
variance: 9.616064943683718e-07

AL interation 3889/5000.

mae: 0.0010213435315736205
max_error: 0.009118181033045403
variance: 9.617220386561311e-07

AL interation 3890/5000.

mae: 0.0010212604017633567
max_error: 0.009107558906180202
variance: 9.61933800251574e-07

AL interation 3891/5000.

mae: 0.0010210315579388407
max_error: 0.009047366640515975
variance: 9.614116437047083e-07

AL interation 3892/5000.

mae: 0.0010206906698904277
max_error: 0.009072957740499987
variance: 9.590495017324223e-07

AL interation 3893/5000.

mae: 0.001020653559929997
max_error: 0.009065931551958784
variance: 9.588925587409848e-07

AL interation 3894/5000.

mae: 0.0010210979494959247
max_error: 0.009120276305111474
variance: 9.590627054658185e-07

AL interation 3895/5000.

mae: 0.001021236261103695
max_error: 0.009110250151934451
variance: 9.58696991993913e-07

AL interation 3896/5000.

mae: 0.0010207599077939448
max_error: 0.009117382714975975
variance: 9.586696402888903e-07

AL interation 3897/5000.

mae: 0.0010207829694481917
max_error: 0.009121658402364119
variance: 9.588598634087392e-07

AL interation 3898/5000.

mae: 0.0010189690041361246
max_error: 0.008881416439180612
variance: 9.522667765403935e-07

AL interation 3899/5000.

mae: 0.0010179003925250073
max_error: 0.008864293578881188
variance: 9.489502228092684e-07

AL interation 3900/5000.

mae: 0.0010170061936014463
max_error: 0.008829838936435408
variance: 9.489384701346153e-07

AL interation 3901/5000.

mae: 0.0010167570847943353
max_error: 0.008807101336060441
variance: 9.483061772812343e-07

AL interation 3902/5000.

mae: 0.0010168621248294585
max_error: 0.008816901803584187
variance: 9.48703851366089e-07

AL interation 3903/5000.

mae: 0.0010169766694598365
max_error: 0.008806833478956833
variance: 9.489707973186681e-07

AL interation 3904/5000.

mae: 0.0010173211372930381
max_error: 0.008845096750519588
variance: 9.520243532927989e-07

AL interation 3905/5000.

mae: 0.0010170927278613817
max_error: 0.00887401916224917
variance: 9.528196156646676e-07

AL interation 3906/5000.

mae: 0.0010167309516009482
max_error: 0.008873957447576686
variance: 9.529252697576729e-07

AL interation 3907/5000.

mae: 0.0010167156332327068
max_error: 0.008874142416971154
variance: 9.529536464810687e-07

AL interation 3908/5000.

mae: 0.001016731756230911
max_error: 0.008874627592376783
variance: 9.531823840887358e-07

AL interation 3909/5000.

mae: 0.001013870275763111
max_error: 0.008887045745723299
variance: 9.444216754274204e-07

AL interation 3910/5000.

mae: 0.0010143586130416224
max_error: 0.008851556884110323
variance: 9.473024859204957e-07

AL interation 3911/5000.

mae: 0.0010143863165549191
max_error: 0.008841087450491614
variance: 9.447990319219474e-07

AL interation 3912/5000.

mae: 0.0010148232180445121
max_error: 0.008871804418959073
variance: 9.464684535210919e-07

AL interation 3913/5000.

mae: 0.0010148637226329812
max_error: 0.00888509248579794
variance: 9.46363327010981e-07

AL interation 3914/5000.

mae: 0.0010153570051834322
max_error: 0.008955389979746542
variance: 9.443359207782063e-07

AL interation 3915/5000.

mae: 0.0010154374797630226
max_error: 0.008956486713941558
variance: 9.444443214703218e-07

AL interation 3916/5000.

mae: 0.0010147003099291395
max_error: 0.008937219017752795
variance: 9.420838955998529e-07

AL interation 3917/5000.

mae: 0.0010131460804204836
max_error: 0.008903454077881179
variance: 9.413691342770893e-07

AL interation 3918/5000.

mae: 0.0010112455000535192
max_error: 0.008791907943304977
variance: 9.304159874921383e-07

AL interation 3919/5000.

mae: 0.001012533889373117
max_error: 0.008777510278378031
variance: 9.292668665049218e-07

AL interation 3920/5000.

mae: 0.001012446384638679
max_error: 0.008770367761826492
variance: 9.293957775482209e-07

AL interation 3921/5000.

mae: 0.0010126111054578359
max_error: 0.008783218092503375
variance: 9.296924625490119e-07

AL interation 3922/5000.

mae: 0.0010113775475301737
max_error: 0.00884055770256964
variance: 9.298284224502366e-07

AL interation 3923/5000.

mae: 0.0010095915838446673
max_error: 0.008925992317017517
variance: 9.293856199064379e-07

AL interation 3924/5000.

mae: 0.0010091647502486012
max_error: 0.008865014960974804
variance: 9.297658803439296e-07

AL interation 3925/5000.

mae: 0.0010089286809907207
max_error: 0.008957080519394367
variance: 9.304013604328767e-07

AL interation 3926/5000.

mae: 0.0010089287871542184
max_error: 0.008956998621215462
variance: 9.304008796956078e-07

AL interation 3927/5000.

mae: 0.001007848740161535
max_error: 0.008963104241047404
variance: 9.272249598173904e-07

AL interation 3928/5000.

mae: 0.001007554753425211
max_error: 0.00894198853893613
variance: 9.270636162677412e-07

AL interation 3929/5000.

mae: 0.0010076567057003558
max_error: 0.008855897312969319
variance: 9.272008980093478e-07

AL interation 3930/5000.

mae: 0.0010046140944104992
max_error: 0.00890256012462487
variance: 9.217473702194041e-07

AL interation 3931/5000.

mae: 0.0010046335775759873
max_error: 0.00890599127706082
variance: 9.219332095951098e-07

AL interation 3932/5000.

mae: 0.0010051853110699086
max_error: 0.008882760410415358
variance: 9.219013768394178e-07

AL interation 3933/5000.

mae: 0.0010038715764421795
max_error: 0.008832567231365829
variance: 9.175921992161354e-07

AL interation 3934/5000.

mae: 0.0010015972003375282
max_error: 0.008813066166112549
variance: 9.191952182030877e-07

AL interation 3935/5000.

mae: 0.0010017530223776702
max_error: 0.00881771733656933
variance: 9.18792767209181e-07

AL interation 3936/5000.

mae: 0.0010005273068591123
max_error: 0.008752878593440983
variance: 9.15774768032874e-07

AL interation 3937/5000.

mae: 0.001000318346165841
max_error: 0.008748717014896101
variance: 9.147634984872533e-07

AL interation 3938/5000.

mae: 0.0009998083793516343
max_error: 0.008749614198677591
variance: 9.143646117543573e-07

AL interation 3939/5000.

mae: 0.0009999343138279073
max_error: 0.008740831768591306
variance: 9.141428835021045e-07

AL interation 3940/5000.

mae: 0.0009998447646921704
max_error: 0.008749977676416165
variance: 9.140739229559163e-07

AL interation 3941/5000.

mae: 0.0009998428327753573
max_error: 0.008754875225349679
variance: 9.139377743183229e-07

AL interation 3942/5000.

mae: 0.0009985550362780486
max_error: 0.00874821321303898
variance: 9.128113145854103e-07

AL interation 3943/5000.

mae: 0.00099842862933383
max_error: 0.00883550659455068
variance: 9.135167905393717e-07

AL interation 3944/5000.

mae: 0.0009985243442060892
max_error: 0.008820746012133895
variance: 9.127841274411217e-07

AL interation 3945/5000.

mae: 0.0009988123135026398
max_error: 0.00878031286811165
variance: 9.118688171214725e-07

AL interation 3946/5000.

mae: 0.0009991362837781707
max_error: 0.008796822532531223
variance: 9.121670508321802e-07

AL interation 3947/5000.

mae: 0.0009991636355071024
max_error: 0.008786418276940822
variance: 9.119355298674941e-07

AL interation 3948/5000.

mae: 0.000997909363664803
max_error: 0.008772438455707743
variance: 9.127258150452451e-07

AL interation 3949/5000.

mae: 0.0009979460629801907
max_error: 0.008773524465141236
variance: 9.127698660497648e-07

AL interation 3950/5000.

mae: 0.000997997253372887
max_error: 0.00877257204228954
variance: 9.125886473230004e-07

AL interation 3951/5000.

mae: 0.0009980227910418762
max_error: 0.008772478240643977
variance: 9.123746893896136e-07

AL interation 3952/5000.

mae: 0.0009982144507812336
max_error: 0.00877019970175752
variance: 9.141452962814231e-07

AL interation 3953/5000.

mae: 0.0009984215128679352
max_error: 0.008727857004487305
variance: 9.142192938855145e-07

AL interation 3954/5000.

mae: 0.0009984273818881774
max_error: 0.00872776110736595
variance: 9.142324089429959e-07

AL interation 3955/5000.

mae: 0.000998637099601183
max_error: 0.008745168406676385
variance: 9.148143927514272e-07

AL interation 3956/5000.

mae: 0.0009985517873046775
max_error: 0.008750250612138188
variance: 9.14769097004847e-07

AL interation 3957/5000.

mae: 0.0009970868740201695
max_error: 0.008741556279346696
variance: 9.116312482107736e-07

AL interation 3958/5000.

mae: 0.000997093269499601
max_error: 0.008741994190131663
variance: 9.116234598440998e-07

AL interation 3959/5000.

mae: 0.0009971143816101175
max_error: 0.008746391793465591
variance: 9.117451066226633e-07

AL interation 3960/5000.

mae: 0.0009969673422820051
max_error: 0.008744331693378626
variance: 9.114429117837197e-07

AL interation 3961/5000.

mae: 0.000996938149070047
max_error: 0.00874887221834797
variance: 9.111251350239143e-07

AL interation 3962/5000.

mae: 0.0009954256441069447
max_error: 0.008704632467924966
variance: 9.058998097685155e-07

AL interation 3963/5000.

mae: 0.0009951869836313564
max_error: 0.008730074476261507
variance: 9.059856966437949e-07

AL interation 3964/5000.

mae: 0.0009951298335608954
max_error: 0.008744754455619841
variance: 9.063086200965302e-07

AL interation 3965/5000.

mae: 0.0009946197790459336
max_error: 0.008730442035812302
variance: 9.055939131560838e-07

AL interation 3966/5000.

mae: 0.0009947347928291493
max_error: 0.008704910271262634
variance: 9.055572772747023e-07

AL interation 3967/5000.

mae: 0.000994727606325796
max_error: 0.008698488576555974
variance: 9.055613790441778e-07

AL interation 3968/5000.

mae: 0.000994406236953182
max_error: 0.008708430241313181
variance: 9.048546719737918e-07

AL interation 3969/5000.

mae: 0.0009943713670718354
max_error: 0.008709141960935085
variance: 9.047619925308582e-07

AL interation 3970/5000.

mae: 0.0009944408009414474
max_error: 0.0087090416400315
variance: 9.058530503374566e-07

AL interation 3971/5000.

mae: 0.000992929858680327
max_error: 0.008833492391204345
variance: 9.042047291194606e-07

AL interation 3972/5000.

mae: 0.0009930363363173456
max_error: 0.00882111711507605
variance: 9.046178294453945e-07

AL interation 3973/5000.

mae: 0.0009936194551828522
max_error: 0.008747980244152131
variance: 9.019177928667961e-07

AL interation 3974/5000.

mae: 0.000993673316692366
max_error: 0.008753761261687032
variance: 9.020512662232684e-07

AL interation 3975/5000.

mae: 0.0009936444350078092
max_error: 0.00875436476599134
variance: 9.021395630395999e-07

AL interation 3976/5000.

mae: 0.0009937096175217448
max_error: 0.008737881396882585
variance: 9.030240973107919e-07

AL interation 3977/5000.

mae: 0.0009935467458990388
max_error: 0.008750524420975125
variance: 9.023730448804495e-07

AL interation 3978/5000.

mae: 0.0009932324651108502
max_error: 0.008743652606426622
variance: 9.030370282603929e-07

AL interation 3979/5000.

mae: 0.0009938114633869192
max_error: 0.008725201993001974
variance: 9.040218589973113e-07

AL interation 3980/5000.

mae: 0.000992778037781136
max_error: 0.008772996739935479
variance: 9.010128238312218e-07

AL interation 3981/5000.

mae: 0.000992794455938565
max_error: 0.008765524797127
variance: 9.011788869735733e-07

AL interation 3982/5000.

mae: 0.000991950624707897
max_error: 0.008799619621640886
variance: 8.986750907157286e-07

AL interation 3983/5000.

mae: 0.0009891946729776464
max_error: 0.008748628844841733
variance: 8.970480149705404e-07

AL interation 3984/5000.

mae: 0.0009886045287594244
max_error: 0.0086811686760484
variance: 8.959592831846294e-07

AL interation 3985/5000.

mae: 0.0009884079876173928
max_error: 0.008697917053723359
variance: 8.962676902596452e-07

AL interation 3986/5000.

mae: 0.0009883469686637909
max_error: 0.008693949717780924
variance: 8.962545240771858e-07

AL interation 3987/5000.

mae: 0.000988221653873552
max_error: 0.00869259457795124
variance: 8.960743196999367e-07

AL interation 3988/5000.

mae: 0.0009883041471157412
max_error: 0.00868114971126488
variance: 8.962114893993122e-07

AL interation 3989/5000.

mae: 0.000987731847084433
max_error: 0.008709348699994734
variance: 8.962932986974113e-07

AL interation 3990/5000.

mae: 0.0009877386559792286
max_error: 0.00871216520863527
variance: 8.962224110800901e-07

AL interation 3991/5000.

mae: 0.0009872924780920584
max_error: 0.008703837453140295
variance: 8.969139568301354e-07

AL interation 3992/5000.

mae: 0.0009872952073510532
max_error: 0.008704732934347703
variance: 8.969314333112124e-07

AL interation 3993/5000.

mae: 0.0009870888085661137
max_error: 0.008732586566111422
variance: 8.981372394773846e-07

AL interation 3994/5000.

mae: 0.000987540210687257
max_error: 0.008707574668733287
variance: 9.007469520334344e-07

AL interation 3995/5000.

mae: 0.000987024354663845
max_error: 0.008632634466266609
variance: 8.995240806634336e-07

AL interation 3996/5000.

mae: 0.0009857048902103998
max_error: 0.00861797883953841
variance: 8.977919957797016e-07

AL interation 3997/5000.

mae: 0.0009857482413581239
max_error: 0.008614828881036374
variance: 8.978479196386406e-07

AL interation 3998/5000.

mae: 0.0009842736832188165
max_error: 0.008581554202464758
variance: 8.928424480097159e-07

AL interation 3999/5000.

mae: 0.0009832137148696348
max_error: 0.00863323012708861
variance: 8.896309410096189e-07

AL interation 4000/5000.

mae: 0.0009805930345291927
max_error: 0.008756733301197528
variance: 8.883804062961739e-07

AL interation 4001/5000.

mae: 0.0009805493611829662
max_error: 0.008758482288612868
variance: 8.883836386925847e-07

AL interation 4002/5000.

mae: 0.000980438952782606
max_error: 0.008757539237194578
variance: 8.882868817929861e-07

AL interation 4003/5000.

mae: 0.0009795724298319328
max_error: 0.008808860677163466
variance: 8.847397160121938e-07

AL interation 4004/5000.

mae: 0.0009796155513949998
max_error: 0.008771074861215311
variance: 8.831069400597919e-07

AL interation 4005/5000.

mae: 0.000979506769697764
max_error: 0.008765576547375531
variance: 8.821744742143434e-07

AL interation 4006/5000.

mae: 0.0009782814993322972
max_error: 0.008724577806788147
variance: 8.81185388176989e-07

AL interation 4007/5000.

mae: 0.0009783895452264914
max_error: 0.008734895314773894
variance: 8.815053780231155e-07

AL interation 4008/5000.

mae: 0.0009787551735544184
max_error: 0.008747069075980107
variance: 8.830599898107151e-07

AL interation 4009/5000.

mae: 0.0009781728522539198
max_error: 0.008766608209043625
variance: 8.821353315958575e-07

AL interation 4010/5000.

mae: 0.0009782289737013344
max_error: 0.008763086605540593
variance: 8.819448995679669e-07

AL interation 4011/5000.

mae: 0.0009778598492594028
max_error: 0.008769003970883205
variance: 8.822422215101549e-07

AL interation 4012/5000.

mae: 0.0009759475178570938
max_error: 0.008784464260315872
variance: 8.782826643503173e-07

AL interation 4013/5000.

mae: 0.0009765640768100638
max_error: 0.008798303626463166
variance: 8.785919321948613e-07

AL interation 4014/5000.

mae: 0.0009749987589148078
max_error: 0.00871766663294693
variance: 8.791020207192464e-07

AL interation 4015/5000.

mae: 0.0009750574908839553
max_error: 0.008727878057470662
variance: 8.7939529169515e-07

AL interation 4016/5000.

mae: 0.0009747448154612357
max_error: 0.008734014119909261
variance: 8.781195113617856e-07

AL interation 4017/5000.

mae: 0.0009747988947874547
max_error: 0.00874268925144861
variance: 8.786574413799214e-07

AL interation 4018/5000.

mae: 0.0009746349393581113
max_error: 0.008745600292968447
variance: 8.784840375007041e-07

AL interation 4019/5000.

mae: 0.0009748907071707436
max_error: 0.008745000583076035
variance: 8.785185287501709e-07

AL interation 4020/5000.

mae: 0.0009741305258221474
max_error: 0.008736914363908
variance: 8.785338479794516e-07

AL interation 4021/5000.

mae: 0.0009741762556150207
max_error: 0.008744121112613357
variance: 8.78603680165947e-07

AL interation 4022/5000.

mae: 0.0009738289704237104
max_error: 0.008768686062467168
variance: 8.77536117700177e-07

AL interation 4023/5000.

mae: 0.000973444001810094
max_error: 0.008759973576161428
variance: 8.766064435415063e-07

AL interation 4024/5000.

mae: 0.0009734342499950799
max_error: 0.008829645908917882
variance: 8.768386361204969e-07

AL interation 4025/5000.

mae: 0.0009729586366174772
max_error: 0.0087063779374148
variance: 8.745435562149854e-07

AL interation 4026/5000.

mae: 0.0009723043830326787
max_error: 0.008724750436158502
variance: 8.728464254026413e-07

AL interation 4027/5000.

mae: 0.0009726008062998517
max_error: 0.008794633360594162
variance: 8.738793358216037e-07

AL interation 4028/5000.

mae: 0.0009727892686487394
max_error: 0.008770468290094868
variance: 8.73692201281649e-07

AL interation 4029/5000.

mae: 0.0009715241196518036
max_error: 0.008782251317825285
variance: 8.719907253375199e-07

AL interation 4030/5000.

mae: 0.0009702955389793715
max_error: 0.008748546164497384
variance: 8.696914626079949e-07

AL interation 4031/5000.

mae: 0.000970221302200116
max_error: 0.00876809264991607
variance: 8.707116227151424e-07

AL interation 4032/5000.

mae: 0.0009704358285025592
max_error: 0.008781174745308817
variance: 8.705436812896669e-07

AL interation 4033/5000.

mae: 0.0009704258924039096
max_error: 0.008782661041550455
variance: 8.705506434196475e-07

AL interation 4034/5000.

mae: 0.0009703894571284763
max_error: 0.008774730367804295
variance: 8.708638811203857e-07

AL interation 4035/5000.

mae: 0.0009702968621377295
max_error: 0.008785985037320643
variance: 8.711548434805027e-07

AL interation 4036/5000.

mae: 0.000970273443574115
max_error: 0.008799301389444736
variance: 8.712108611367677e-07

AL interation 4037/5000.

mae: 0.0009700897662996795
max_error: 0.008807099575278698
variance: 8.710875870470094e-07

AL interation 4038/5000.

mae: 0.0009691108576180341
max_error: 0.008855623733325046
variance: 8.75505069979955e-07

AL interation 4039/5000.

mae: 0.0009679488115925778
max_error: 0.008816717736408464
variance: 8.734814570103634e-07

AL interation 4040/5000.

mae: 0.0009671467849420879
max_error: 0.00881621568078117
variance: 8.743463520275182e-07

AL interation 4041/5000.

mae: 0.0009672512530951281
max_error: 0.008901993640392902
variance: 8.744523127206018e-07

AL interation 4042/5000.

mae: 0.0009661058854389922
max_error: 0.008920249767470523
variance: 8.729848918745469e-07

AL interation 4043/5000.

mae: 0.0009658381997369361
max_error: 0.00892448082777264
variance: 8.742587493600166e-07

AL interation 4044/5000.

mae: 0.0009658378420344889
max_error: 0.008924493960876134
variance: 8.742550380334041e-07

AL interation 4045/5000.

mae: 0.0009646889569494306
max_error: 0.008927484688683762
variance: 8.723735380660753e-07

AL interation 4046/5000.

mae: 0.0009647618073649937
max_error: 0.00893707426621404
variance: 8.725488957422053e-07

AL interation 4047/5000.

mae: 0.0009639482473594399
max_error: 0.008998472438179306
variance: 8.72424165879224e-07

AL interation 4048/5000.

mae: 0.0009639928375872841
max_error: 0.009000430540254456
variance: 8.725201255571975e-07

AL interation 4049/5000.

mae: 0.0009643193347537817
max_error: 0.009009768049509148
variance: 8.72617442607776e-07

AL interation 4050/5000.

mae: 0.0009641874125800314
max_error: 0.009059497131602257
variance: 8.717696649876785e-07

AL interation 4051/5000.

mae: 0.0009641424516530606
max_error: 0.00905721895651368
variance: 8.718231768511239e-07

AL interation 4052/5000.

mae: 0.0009641619096773866
max_error: 0.009053547959410935
variance: 8.72047276612083e-07

AL interation 4053/5000.

mae: 0.0009636522368464285
max_error: 0.009043282856509904
variance: 8.706378763475096e-07

AL interation 4054/5000.

mae: 0.000963809219241739
max_error: 0.009043936441230471
variance: 8.717425399034431e-07

AL interation 4055/5000.

mae: 0.0009631814852345997
max_error: 0.00906295002096158
variance: 8.691085948458782e-07

AL interation 4056/5000.

mae: 0.0009632139844979974
max_error: 0.009048558733411483
variance: 8.690347152265976e-07

AL interation 4057/5000.

mae: 0.0009611019330641284
max_error: 0.00901946361955197
variance: 8.661935195889545e-07

AL interation 4058/5000.

mae: 0.0009609513555733429
max_error: 0.009009577790493495
variance: 8.661299670640141e-07

AL interation 4059/5000.

mae: 0.0009601283976435297
max_error: 0.009005125537441927
variance: 8.64033271084252e-07

AL interation 4060/5000.

mae: 0.0009599764519061864
max_error: 0.009007417427710607
variance: 8.637047214826331e-07

AL interation 4061/5000.

mae: 0.000960238237476915
max_error: 0.009123964917307603
variance: 8.644975740845463e-07

AL interation 4062/5000.

mae: 0.0009587065270698076
max_error: 0.009095636056372314
variance: 8.630076204106922e-07

AL interation 4063/5000.

mae: 0.0009583179379178546
max_error: 0.009068541678061592
variance: 8.606079071720845e-07

AL interation 4064/5000.

mae: 0.0009584787646172117
max_error: 0.009015967136292602
variance: 8.604421632557497e-07

AL interation 4065/5000.

mae: 0.0009582205648439412
max_error: 0.008999635041618603
variance: 8.597350743523012e-07

AL interation 4066/5000.

mae: 0.0009577500097848315
max_error: 0.008973128335128422
variance: 8.616303243953659e-07

AL interation 4067/5000.

mae: 0.0009576689987743521
max_error: 0.008953900489359512
variance: 8.616671546318711e-07

AL interation 4068/5000.

mae: 0.0009586132247286515
max_error: 0.008753457083003013
variance: 8.613300832677206e-07

AL interation 4069/5000.

mae: 0.0009587185422269614
max_error: 0.008733448519706144
variance: 8.611443485543271e-07

AL interation 4070/5000.

mae: 0.0009588078067963579
max_error: 0.008760861162954825
variance: 8.614582079961399e-07

AL interation 4071/5000.

mae: 0.0009588077590042303
max_error: 0.008760807342696353
variance: 8.614586193585171e-07

AL interation 4072/5000.

mae: 0.0009582325117598884
max_error: 0.008759692556850496
variance: 8.619961907387008e-07

AL interation 4073/5000.

mae: 0.0009563803460241615
max_error: 0.008636913500595256
variance: 8.588697000635828e-07

AL interation 4074/5000.

mae: 0.0009564032923171908
max_error: 0.008634721421913127
variance: 8.589320710398924e-07

AL interation 4075/5000.

mae: 0.0009563751408841199
max_error: 0.008637093638753868
variance: 8.589406120439094e-07

AL interation 4076/5000.

mae: 0.0009563767428135179
max_error: 0.008637141179860919
variance: 8.589376657105966e-07

AL interation 4077/5000.

mae: 0.0009564583853589283
max_error: 0.008645667190648965
variance: 8.588626183595528e-07

AL interation 4078/5000.

mae: 0.0009568332023245602
max_error: 0.008655752759295865
variance: 8.58642859325402e-07

AL interation 4079/5000.

mae: 0.0009565270682714981
max_error: 0.008621712635431322
variance: 8.587625104336578e-07

AL interation 4080/5000.

mae: 0.0009566973517148654
max_error: 0.008609626775069046
variance: 8.594496729220365e-07

AL interation 4081/5000.

mae: 0.0009567075647719321
max_error: 0.008605783439634251
variance: 8.5952738578488e-07

AL interation 4082/5000.

mae: 0.0009567877816252803
max_error: 0.008548064759452245
variance: 8.581184166733791e-07

AL interation 4083/5000.

mae: 0.000956236420031928
max_error: 0.00850384490149736
variance: 8.551497761554131e-07

AL interation 4084/5000.

mae: 0.000956695713719455
max_error: 0.008602364634498372
variance: 8.549082064611269e-07

AL interation 4085/5000.

mae: 0.0009563406815832423
max_error: 0.00858479660928424
variance: 8.535433015529998e-07

AL interation 4086/5000.

mae: 0.0009562052114943072
max_error: 0.008605811932284269
variance: 8.533865202970601e-07

AL interation 4087/5000.

mae: 0.0009560801847601397
max_error: 0.008608686968727852
variance: 8.529252639181562e-07

AL interation 4088/5000.

mae: 0.0009560814709820988
max_error: 0.008608868482042453
variance: 8.529402230915061e-07

AL interation 4089/5000.

mae: 0.0009562593171558546
max_error: 0.00863984288116626
variance: 8.534803262697886e-07

AL interation 4090/5000.

mae: 0.0009562727437751165
max_error: 0.008643959377877763
variance: 8.532250843055399e-07

AL interation 4091/5000.

mae: 0.0009562723352773901
max_error: 0.008645511892609647
variance: 8.531143384565819e-07

AL interation 4092/5000.

mae: 0.0009557541389940526
max_error: 0.008623096529845498
variance: 8.524294519283374e-07

AL interation 4093/5000.

mae: 0.0009560511208064782
max_error: 0.008624080617664731
variance: 8.526506010427971e-07

AL interation 4094/5000.

mae: 0.000955919003753479
max_error: 0.00862724191210873
variance: 8.525702993801641e-07

AL interation 4095/5000.

mae: 0.0009560657723905024
max_error: 0.008646742111523054
variance: 8.524478039282907e-07

AL interation 4096/5000.

mae: 0.0009556982585436345
max_error: 0.008585695321016829
variance: 8.519141695981278e-07

AL interation 4097/5000.

mae: 0.0009556373248551608
max_error: 0.008594620308940648
variance: 8.520576833640176e-07

AL interation 4098/5000.

mae: 0.0009556583255853184
max_error: 0.00859689709432132
variance: 8.520202482589426e-07

AL interation 4099/5000.

mae: 0.0009552872295762426
max_error: 0.008598719605288352
variance: 8.505001314611729e-07

AL interation 4100/5000.

mae: 0.0009550482974063925
max_error: 0.008617688383310451
variance: 8.483411695253676e-07

AL interation 4101/5000.

mae: 0.0009551019870104938
max_error: 0.00861984913899505
variance: 8.484505838721747e-07

AL interation 4102/5000.

mae: 0.0009553142418417338
max_error: 0.008640274651043
variance: 8.489074149110914e-07

AL interation 4103/5000.

mae: 0.0009529472595504558
max_error: 0.00848994882653642
variance: 8.444708609584153e-07

AL interation 4104/5000.

mae: 0.0009526073184797497
max_error: 0.008478396279315348
variance: 8.437162949420556e-07

AL interation 4105/5000.

mae: 0.0009531966312042641
max_error: 0.008424941484918236
variance: 8.442032455624346e-07

AL interation 4106/5000.

mae: 0.0009531618257133232
max_error: 0.008478289919366944
variance: 8.45201659433562e-07

AL interation 4107/5000.

mae: 0.0009530543918954209
max_error: 0.008443828481176752
variance: 8.437635296082837e-07

AL interation 4108/5000.

mae: 0.000953592933769869
max_error: 0.008449155537164188
variance: 8.454651025331769e-07

AL interation 4109/5000.

mae: 0.0009528468710686866
max_error: 0.008412255619987263
variance: 8.476554305510296e-07

AL interation 4110/5000.

mae: 0.0009528607119709705
max_error: 0.008426673148278496
variance: 8.47264568415559e-07

AL interation 4111/5000.

mae: 0.0009526946182286338
max_error: 0.008415394526309683
variance: 8.48509593662302e-07

AL interation 4112/5000.

mae: 0.0009528397997137291
max_error: 0.008425011435974739
variance: 8.490180642583026e-07

AL interation 4113/5000.

mae: 0.0009533044177032935
max_error: 0.008487415163472178
variance: 8.488573527129982e-07

AL interation 4114/5000.

mae: 0.0009501163007016658
max_error: 0.008400430297115236
variance: 8.453901269143558e-07

AL interation 4115/5000.

mae: 0.0009501025661784297
max_error: 0.00840128300296783
variance: 8.455516247834717e-07

AL interation 4116/5000.

mae: 0.000950173687799179
max_error: 0.008405615522860899
variance: 8.455025746390363e-07

AL interation 4117/5000.

mae: 0.0009501947006438059
max_error: 0.008408784820858273
variance: 8.453989043515597e-07

AL interation 4118/5000.

mae: 0.0009503757263100851
max_error: 0.0084052066795266
variance: 8.454587381493681e-07

AL interation 4119/5000.

mae: 0.0009503635911050878
max_error: 0.008391139619561727
variance: 8.459831563714909e-07

AL interation 4120/5000.

mae: 0.0009504132926213061
max_error: 0.008385797553273733
variance: 8.45830915224125e-07

AL interation 4121/5000.

mae: 0.0009502730377325861
max_error: 0.008377225347430794
variance: 8.455205076621708e-07

AL interation 4122/5000.

mae: 0.0009502753821952865
max_error: 0.008377514355743187
variance: 8.455255292108131e-07

AL interation 4123/5000.

mae: 0.0009498324965006759
max_error: 0.008356201926289941
variance: 8.439494975281796e-07

AL interation 4124/5000.

mae: 0.0009495975124018515
max_error: 0.008345299987922772
variance: 8.431731257814135e-07

AL interation 4125/5000.

mae: 0.0009497843140698023
max_error: 0.00833244190835103
variance: 8.442886840515056e-07

AL interation 4126/5000.

mae: 0.0009499481285474758
max_error: 0.008295447592900018
variance: 8.436341840521289e-07

AL interation 4127/5000.

mae: 0.0009502001818418648
max_error: 0.00830845693963056
variance: 8.43129480448303e-07

AL interation 4128/5000.

mae: 0.0009503149344682242
max_error: 0.008291712589198141
variance: 8.416068828422607e-07

AL interation 4129/5000.

mae: 0.0009503236692589781
max_error: 0.008287163485874771
variance: 8.414605807132706e-07

AL interation 4130/5000.

mae: 0.0009497475938906064
max_error: 0.008279099556602887
variance: 8.396051496570635e-07

AL interation 4131/5000.

mae: 0.0009495359139036737
max_error: 0.008227007963796495
variance: 8.388972021871064e-07

AL interation 4132/5000.

mae: 0.0009488552327302387
max_error: 0.008216370040827314
variance: 8.384116233376687e-07

AL interation 4133/5000.

mae: 0.0009470428041977357
max_error: 0.008325750442963908
variance: 8.355587786052555e-07

AL interation 4134/5000.

mae: 0.0009460844954519417
max_error: 0.008436623034867807
variance: 8.311788077666274e-07

AL interation 4135/5000.

mae: 0.0009460932631309333
max_error: 0.008439539908067673
variance: 8.312956380943858e-07

AL interation 4136/5000.

mae: 0.0009450237518994982
max_error: 0.00844088884878147
variance: 8.299150163227608e-07

AL interation 4137/5000.

mae: 0.0009454522188088959
max_error: 0.008412096211031894
variance: 8.303395190428101e-07

AL interation 4138/5000.

mae: 0.0009454819966349532
max_error: 0.008458115718894987
variance: 8.301103189918965e-07

AL interation 4139/5000.

mae: 0.0009451863981930728
max_error: 0.00846891353103274
variance: 8.292800351293288e-07

AL interation 4140/5000.

mae: 0.0009449559541089912
max_error: 0.00848329251857649
variance: 8.315329015806363e-07

AL interation 4141/5000.

mae: 0.0009448167236732843
max_error: 0.008482826573526836
variance: 8.308019762936792e-07

AL interation 4142/5000.

mae: 0.0009448048041722359
max_error: 0.008474037973428494
variance: 8.308160218111868e-07

AL interation 4143/5000.

mae: 0.0009453037982530077
max_error: 0.008442046009804471
variance: 8.355955697640092e-07

AL interation 4144/5000.

mae: 0.0009451571937397603
max_error: 0.008346704727955512
variance: 8.332316046405394e-07

AL interation 4145/5000.

mae: 0.0009452522599858639
max_error: 0.008339511949088774
variance: 8.336363520608755e-07

AL interation 4146/5000.

mae: 0.0009449279921800553
max_error: 0.00834296372886456
variance: 8.335193146463696e-07

AL interation 4147/5000.

mae: 0.0009450296698132661
max_error: 0.008328022302521276
variance: 8.336905798738467e-07

AL interation 4148/5000.

mae: 0.0009441473107217462
max_error: 0.008263263347544125
variance: 8.329014472059545e-07

AL interation 4149/5000.

mae: 0.0009429272488850984
max_error: 0.008269002404631465
variance: 8.323468855521642e-07

AL interation 4150/5000.

mae: 0.0009429290379630402
max_error: 0.00826854728620674
variance: 8.32321980313762e-07

AL interation 4151/5000.

mae: 0.000942396789155282
max_error: 0.008254572892838041
variance: 8.311794485271645e-07

AL interation 4152/5000.

mae: 0.0009424052961794587
max_error: 0.0082670719766611
variance: 8.311408380660992e-07

AL interation 4153/5000.

mae: 0.00094198725264323
max_error: 0.008268140785730793
variance: 8.313380790417572e-07

AL interation 4154/5000.

mae: 0.0009412474580885828
max_error: 0.008252777695815894
variance: 8.311483570763402e-07

AL interation 4155/5000.

mae: 0.0009414759495684848
max_error: 0.008242273730502347
variance: 8.313865660378515e-07

AL interation 4156/5000.

mae: 0.0009404705700671912
max_error: 0.008241396664743661
variance: 8.307824311793879e-07

AL interation 4157/5000.

mae: 0.0009404069647516735
max_error: 0.008240300534453127
variance: 8.306895579358122e-07

AL interation 4158/5000.

mae: 0.0009402334401047483
max_error: 0.008257181345470599
variance: 8.310860844363396e-07

AL interation 4159/5000.

mae: 0.0009388032145952821
max_error: 0.008360232312043081
variance: 8.285966653545695e-07

AL interation 4160/5000.

mae: 0.0009390726231513327
max_error: 0.008337461336850538
variance: 8.288294869142889e-07

AL interation 4161/5000.

mae: 0.000939130004281651
max_error: 0.00834585634402174
variance: 8.295891556318803e-07

AL interation 4162/5000.

mae: 0.0009391559516016059
max_error: 0.00834978624152427
variance: 8.297895725530024e-07

AL interation 4163/5000.

mae: 0.0009391403819472544
max_error: 0.008349975758392247
variance: 8.29789095373681e-07

AL interation 4164/5000.

mae: 0.0009388599900421468
max_error: 0.008340856466020341
variance: 8.305725695288711e-07

AL interation 4165/5000.

mae: 0.000939806253815732
max_error: 0.008353376919330913
variance: 8.324442663110487e-07

AL interation 4166/5000.

mae: 0.0009395641989576689
max_error: 0.008337034281794331
variance: 8.31747085558341e-07

AL interation 4167/5000.

mae: 0.0009385727788703661
max_error: 0.008332390802024747
variance: 8.302530094379274e-07

AL interation 4168/5000.

mae: 0.0009386335843764755
max_error: 0.008389752509174286
variance: 8.306401384571531e-07

AL interation 4169/5000.

mae: 0.0009387138838155806
max_error: 0.008383735474126297
variance: 8.304582766952244e-07

AL interation 4170/5000.

mae: 0.0009387357258328848
max_error: 0.008380202611078857
variance: 8.306158089595647e-07

AL interation 4171/5000.

mae: 0.0009376600113582754
max_error: 0.008367528453163686
variance: 8.297170417076195e-07

AL interation 4172/5000.

mae: 0.000937800081869682
max_error: 0.00837578478785872
variance: 8.298410044082153e-07

AL interation 4173/5000.

mae: 0.0009379437472498466
max_error: 0.008390423337914399
variance: 8.31232162719533e-07

AL interation 4174/5000.

mae: 0.0009374918108751444
max_error: 0.008335749900652445
variance: 8.300888413901007e-07

AL interation 4175/5000.

mae: 0.0009372444545206236
max_error: 0.008346261360202334
variance: 8.307162698109164e-07

AL interation 4176/5000.

mae: 0.0009372853793338436
max_error: 0.008324938293299056
variance: 8.298372158953688e-07

AL interation 4177/5000.

mae: 0.0009367258847178164
max_error: 0.008319800215758733
variance: 8.318216738030633e-07

AL interation 4178/5000.

mae: 0.0009362813436819124
max_error: 0.008368620268811355
variance: 8.340790728460183e-07

AL interation 4179/5000.

mae: 0.000936089824780538
max_error: 0.008339628691828693
variance: 8.337344721717232e-07

AL interation 4180/5000.

mae: 0.0009360526775153631
max_error: 0.008331838891535881
variance: 8.337152287693456e-07

AL interation 4181/5000.

mae: 0.0009364079647048129
max_error: 0.008350831221832777
variance: 8.337588050266304e-07

AL interation 4182/5000.

mae: 0.0009365362973203446
max_error: 0.008353334973435267
variance: 8.337901574460395e-07

AL interation 4183/5000.

mae: 0.0009365383991334965
max_error: 0.008352665417987737
variance: 8.33820792668486e-07

AL interation 4184/5000.

mae: 0.0009355752633455268
max_error: 0.00826003977090295
variance: 8.335981518319272e-07

AL interation 4185/5000.

mae: 0.00093390644122519
max_error: 0.008243446796768694
variance: 8.323211291193114e-07

AL interation 4186/5000.

mae: 0.000933864300890491
max_error: 0.008175146698704339
variance: 8.331334139412875e-07

AL interation 4187/5000.

mae: 0.0009336950936713038
max_error: 0.008173484979124623
variance: 8.345113374623834e-07

AL interation 4188/5000.

mae: 0.0009335042179318407
max_error: 0.008169405662556528
variance: 8.345570496851667e-07

AL interation 4189/5000.

mae: 0.0009329821430828815
max_error: 0.00816038707671396
variance: 8.340817660032253e-07

AL interation 4190/5000.

mae: 0.0009322565533111629
max_error: 0.008107402585665113
variance: 8.32611147126676e-07

AL interation 4191/5000.

mae: 0.0009322169108136223
max_error: 0.008110935805234476
variance: 8.326705120778434e-07

AL interation 4192/5000.

mae: 0.0009300577686854012
max_error: 0.008200433409001562
variance: 8.20301321459321e-07

AL interation 4193/5000.

mae: 0.0009301147161941117
max_error: 0.00821161149906402
variance: 8.206249015295855e-07

AL interation 4194/5000.

mae: 0.0009305979385344472
max_error: 0.008255913575339946
variance: 8.215393073793575e-07

AL interation 4195/5000.

mae: 0.0009309098061985423
max_error: 0.008352298345926101
variance: 8.189223997873661e-07

AL interation 4196/5000.

mae: 0.0009309717282458223
max_error: 0.008383827056604787
variance: 8.204996538735155e-07

AL interation 4197/5000.

mae: 0.0009305603589973544
max_error: 0.008366923217181466
variance: 8.202649117326753e-07

AL interation 4198/5000.

mae: 0.0009309022870647823
max_error: 0.008357604774573701
variance: 8.194201711276914e-07

AL interation 4199/5000.

mae: 0.0009309156558219912
max_error: 0.008359043544260203
variance: 8.194939785421304e-07

AL interation 4200/5000.

mae: 0.0009309733731297456
max_error: 0.00837891021183168
variance: 8.197867954220167e-07

AL interation 4201/5000.

mae: 0.0009309756016200482
max_error: 0.008383555117688957
variance: 8.207056154993721e-07

AL interation 4202/5000.

mae: 0.0009310467269706351
max_error: 0.008380438883250463
variance: 8.225907648372595e-07

AL interation 4203/5000.

mae: 0.0009310804316291979
max_error: 0.008379112556212931
variance: 8.225547763841122e-07

AL interation 4204/5000.

mae: 0.0009309494277722479
max_error: 0.008378810778594925
variance: 8.224575705954611e-07

AL interation 4205/5000.

mae: 0.0009309115755977473
max_error: 0.008375537565370905
variance: 8.226312566865492e-07

AL interation 4206/5000.

mae: 0.0009277601416079051
max_error: 0.008321248626089073
variance: 8.167786049356689e-07

AL interation 4207/5000.

mae: 0.0009278314739412963
max_error: 0.008414146583163529
variance: 8.147978173081495e-07

AL interation 4208/5000.

mae: 0.0009278969511306059
max_error: 0.00840272372988693
variance: 8.14563799133247e-07

AL interation 4209/5000.

mae: 0.000927986881648394
max_error: 0.00841036187739519
variance: 8.143885706753876e-07

AL interation 4210/5000.

mae: 0.0009266658814076436
max_error: 0.008419698669968056
variance: 8.120501747643868e-07

AL interation 4211/5000.

mae: 0.0009267297600790698
max_error: 0.00843997708398092
variance: 8.122216095783673e-07

AL interation 4212/5000.

mae: 0.0009265959572767315
max_error: 0.008454709886791534
variance: 8.126724147993689e-07

AL interation 4213/5000.

mae: 0.0009267384157210472
max_error: 0.008440567913567065
variance: 8.118432103683584e-07

AL interation 4214/5000.

mae: 0.0009266322922039762
max_error: 0.008445695979389711
variance: 8.117575172195546e-07

AL interation 4215/5000.

mae: 0.000926508117976482
max_error: 0.008448647922705277
variance: 8.118630364393354e-07

AL interation 4216/5000.

mae: 0.0009223224159632082
max_error: 0.008437273287199787
variance: 8.069213200642675e-07

AL interation 4217/5000.

mae: 0.0009223239941666179
max_error: 0.008425503399848822
variance: 8.059685540475755e-07

AL interation 4218/5000.

mae: 0.0009236194434042773
max_error: 0.00835606975851988
variance: 8.061420972266956e-07

AL interation 4219/5000.

mae: 0.0009225859148264135
max_error: 0.00830517094982497
variance: 8.032954051397613e-07

AL interation 4220/5000.

mae: 0.0009211735495655376
max_error: 0.00814880920916039
variance: 7.993033357155029e-07

AL interation 4221/5000.

mae: 0.000920454427859113
max_error: 0.008235280589360627
variance: 7.979045928731744e-07

AL interation 4222/5000.

mae: 0.0009204863887889587
max_error: 0.008240300330726313
variance: 7.979888590345063e-07

AL interation 4223/5000.

mae: 0.0009199669104609712
max_error: 0.008224555078413687
variance: 7.97138885400856e-07

AL interation 4224/5000.

mae: 0.0009200264819419317
max_error: 0.008222074355217046
variance: 7.970447117879068e-07

AL interation 4225/5000.

mae: 0.0009201091273289421
max_error: 0.008226844523960608
variance: 7.973197600587795e-07

AL interation 4226/5000.

mae: 0.0009199385348993019
max_error: 0.008207611497709877
variance: 7.965989963187929e-07

AL interation 4227/5000.

mae: 0.0009200805797418071
max_error: 0.00818742439696507
variance: 7.970574792607691e-07

AL interation 4228/5000.

mae: 0.0009197386723344607
max_error: 0.008189362879420514
variance: 7.964781889520053e-07

AL interation 4229/5000.

mae: 0.0009197812221673303
max_error: 0.008199377565688337
variance: 7.958283644382714e-07

AL interation 4230/5000.

mae: 0.0009197869856925536
max_error: 0.008182841263987939
variance: 7.95438112824751e-07

AL interation 4231/5000.

mae: 0.0009192811260854796
max_error: 0.008202767376133124
variance: 7.959692892412465e-07

AL interation 4232/5000.

mae: 0.0009191867458612251
max_error: 0.008236300467615365
variance: 7.956504458235344e-07

AL interation 4233/5000.

mae: 0.0009187907091527449
max_error: 0.0081353906844015
variance: 7.953702560615957e-07

AL interation 4234/5000.

mae: 0.0009190968814618828
max_error: 0.008143910721628345
variance: 7.971770608269403e-07

AL interation 4235/5000.

mae: 0.0009182204375811125
max_error: 0.008061765880484018
variance: 7.957368104874145e-07

AL interation 4236/5000.

mae: 0.0009181714340265899
max_error: 0.008041438492000452
variance: 7.964398041419678e-07

AL interation 4237/5000.

mae: 0.0009178993680934582
max_error: 0.007995655838385574
variance: 7.93507851459095e-07

AL interation 4238/5000.

mae: 0.0009180297975062786
max_error: 0.007990334683199762
variance: 7.932187178448698e-07

AL interation 4239/5000.

mae: 0.0009180146974731543
max_error: 0.007989112373252283
variance: 7.934836481174188e-07

AL interation 4240/5000.

mae: 0.0009176539770678573
max_error: 0.007948761556690442
variance: 7.937808135187358e-07

AL interation 4241/5000.

mae: 0.0009177693923284096
max_error: 0.00795317895062908
variance: 7.942227159247754e-07

AL interation 4242/5000.

mae: 0.0009175911125685161
max_error: 0.007900704831627081
variance: 7.938444192771056e-07

AL interation 4243/5000.

mae: 0.0009175800078237445
max_error: 0.00789994851766096
variance: 7.938318412655595e-07

AL interation 4244/5000.

mae: 0.0009174394769825085
max_error: 0.007846160469853203
variance: 7.930066070212413e-07

AL interation 4245/5000.

mae: 0.000917202745137729
max_error: 0.007846391859857249
variance: 7.927888485334567e-07

AL interation 4246/5000.

mae: 0.0009168384608656198
max_error: 0.007773713272399618
variance: 7.922466770747222e-07

AL interation 4247/5000.

mae: 0.0009169130747150121
max_error: 0.00774473498131556
variance: 7.907365584467286e-07

AL interation 4248/5000.

mae: 0.000917405169155245
max_error: 0.007628384029885638
variance: 7.880467403755975e-07

AL interation 4249/5000.

mae: 0.0009171015299798455
max_error: 0.00760996433928085
variance: 7.870810563326787e-07

AL interation 4250/5000.

mae: 0.0009171580382562752
max_error: 0.007610400736666634
variance: 7.871073109020097e-07

AL interation 4251/5000.

mae: 0.0009157791880543301
max_error: 0.007627933335243142
variance: 7.853248810554823e-07

AL interation 4252/5000.

mae: 0.0009159034274325677
max_error: 0.007615782165885321
variance: 7.853947275311437e-07

AL interation 4253/5000.

mae: 0.0009158275107056397
max_error: 0.007621827395269065
variance: 7.851409361313635e-07

AL interation 4254/5000.

mae: 0.0009157017810193793
max_error: 0.007643453920536558
variance: 7.851644978082613e-07

AL interation 4255/5000.

mae: 0.000914726957244966
max_error: 0.007678560590647976
variance: 7.814566931056597e-07

AL interation 4256/5000.

mae: 0.0009139279429246017
max_error: 0.007653967439182452
variance: 7.804369483892934e-07

AL interation 4257/5000.

mae: 0.0009137106210346246
max_error: 0.007634830186361796
variance: 7.798072846520899e-07

AL interation 4258/5000.

mae: 0.0009136943472858547
max_error: 0.007636108004589914
variance: 7.797669160914377e-07

AL interation 4259/5000.

mae: 0.0009136634082251476
max_error: 0.0076325740719767055
variance: 7.79935874000113e-07

AL interation 4260/5000.

mae: 0.0009136548827746083
max_error: 0.007630927893842454
variance: 7.796909975534154e-07

AL interation 4261/5000.

mae: 0.0009139329651497974
max_error: 0.0075799671958520776
variance: 7.783314785376528e-07

AL interation 4262/5000.

mae: 0.0009135446201198647
max_error: 0.007544611302364501
variance: 7.770841794381096e-07

AL interation 4263/5000.

mae: 0.0009135398069092844
max_error: 0.007544899095591973
variance: 7.767280483355557e-07

AL interation 4264/5000.

mae: 0.0009128067941510381
max_error: 0.007512879476053058
variance: 7.761454741219097e-07

AL interation 4265/5000.

mae: 0.0009129741136257507
max_error: 0.007590586092192098
variance: 7.770621719106091e-07

AL interation 4266/5000.

mae: 0.000912994223750502
max_error: 0.007733083357379655
variance: 7.754072054248257e-07

AL interation 4267/5000.

mae: 0.0009115125425987571
max_error: 0.007745036795313354
variance: 7.733037379015905e-07

AL interation 4268/5000.

mae: 0.0009107387213307447
max_error: 0.007736595971437055
variance: 7.709217847502173e-07

AL interation 4269/5000.

mae: 0.0009106849913814585
max_error: 0.007737535690466757
variance: 7.709398797619053e-07

AL interation 4270/5000.

mae: 0.0009106494843426845
max_error: 0.0077586790848727105
variance: 7.715778064044191e-07

AL interation 4271/5000.

mae: 0.0009075869821199376
max_error: 0.007794712224495015
variance: 7.617124636698683e-07

AL interation 4272/5000.

mae: 0.0009071906500375917
max_error: 0.007801090241628117
variance: 7.613484148612272e-07

AL interation 4273/5000.

mae: 0.0009080006011945443
max_error: 0.007782682359902537
variance: 7.602490283780074e-07

AL interation 4274/5000.

mae: 0.0009078707159069382
max_error: 0.007818107047569356
variance: 7.61166611278825e-07

AL interation 4275/5000.

mae: 0.0009085943734889952
max_error: 0.007857418355342816
variance: 7.619582413714491e-07

AL interation 4276/5000.

mae: 0.0009086607046956488
max_error: 0.007855518995711464
variance: 7.603810781363844e-07

AL interation 4277/5000.

mae: 0.0009067897266313594
max_error: 0.007862702854254167
variance: 7.580052130454546e-07

AL interation 4278/5000.

mae: 0.0009067215702807516
max_error: 0.007874080320107169
variance: 7.579455397862693e-07

AL interation 4279/5000.

mae: 0.0009064784965876243
max_error: 0.008086605868811603
variance: 7.610683625618975e-07

AL interation 4280/5000.

mae: 0.0009064987117153578
max_error: 0.008084767765467404
variance: 7.611092505054751e-07

AL interation 4281/5000.

mae: 0.0009052789273373492
max_error: 0.008145075005813851
variance: 7.564357250533154e-07

AL interation 4282/5000.

mae: 0.0009049270358582362
max_error: 0.00814757201987959
variance: 7.556118540597477e-07

AL interation 4283/5000.

mae: 0.0009053920512051264
max_error: 0.008137111972246203
variance: 7.551998542262793e-07

AL interation 4284/5000.

mae: 0.0009048712766370954
max_error: 0.008109927670375328
variance: 7.558768241921536e-07

AL interation 4285/5000.

mae: 0.0009040503337646442
max_error: 0.0080902117460937
variance: 7.55500741901389e-07

AL interation 4286/5000.

mae: 0.0009041585631730414
max_error: 0.008091655732641811
variance: 7.56137596047666e-07

AL interation 4287/5000.

mae: 0.0009041220361223168
max_error: 0.008087101587079815
variance: 7.562062486780801e-07

AL interation 4288/5000.

mae: 0.0009039975296127522
max_error: 0.008116942690321594
variance: 7.554855767604356e-07

AL interation 4289/5000.

mae: 0.0009031293092602937
max_error: 0.008127149105348508
variance: 7.549134784671374e-07

AL interation 4290/5000.

mae: 0.0009030113964308839
max_error: 0.008130201034873608
variance: 7.548869640770254e-07

AL interation 4291/5000.

mae: 0.0009030511831524564
max_error: 0.008129198939059279
variance: 7.548540003978025e-07

AL interation 4292/5000.

mae: 0.0009012593006391398
max_error: 0.008009309398403275
variance: 7.528272656211262e-07

AL interation 4293/5000.

mae: 0.0009009420140801012
max_error: 0.007773022442052024
variance: 7.49780010238762e-07

AL interation 4294/5000.

mae: 0.0009006216293037142
max_error: 0.007755086435281555
variance: 7.483274742751631e-07

AL interation 4295/5000.

mae: 0.0009009818382801313
max_error: 0.0077710548484901665
variance: 7.485263406470989e-07

AL interation 4296/5000.

mae: 0.0009008533882479242
max_error: 0.007768796915115672
variance: 7.489126581998411e-07

AL interation 4297/5000.

mae: 0.0009007939372058899
max_error: 0.007759570942653227
variance: 7.484964409886634e-07

AL interation 4298/5000.

mae: 0.0009005459117370265
max_error: 0.007743304178802646
variance: 7.483819976372528e-07

AL interation 4299/5000.

mae: 0.0009004768293898451
max_error: 0.007744810345684527
variance: 7.484260639300501e-07

AL interation 4300/5000.

mae: 0.0008997091083110718
max_error: 0.007731016003162949
variance: 7.469792532334112e-07

AL interation 4301/5000.

mae: 0.0008989474013251311
max_error: 0.007707414484684705
variance: 7.47654544313148e-07

AL interation 4302/5000.

mae: 0.0008988755036216389
max_error: 0.007698013328990783
variance: 7.469122895854442e-07

AL interation 4303/5000.

mae: 0.0008947566645611005
max_error: 0.007735046621746733
variance: 7.420561861068801e-07

AL interation 4304/5000.

mae: 0.0008943329185140101
max_error: 0.007701333894146956
variance: 7.397997069393097e-07

AL interation 4305/5000.

mae: 0.0008934259130010105
max_error: 0.007567863793155993
variance: 7.408737795250401e-07

AL interation 4306/5000.

mae: 0.0008935995584270131
max_error: 0.007531364817623398
variance: 7.397871913371195e-07

AL interation 4307/5000.

mae: 0.0008932311250509883
max_error: 0.007505450272219605
variance: 7.404228430408176e-07

AL interation 4308/5000.

mae: 0.0008933350146317025
max_error: 0.00752578909850854
variance: 7.392726905747718e-07

AL interation 4309/5000.

mae: 0.0008931998069238034
max_error: 0.007513475718951668
variance: 7.386504366324217e-07

AL interation 4310/5000.

mae: 0.0008941552490032336
max_error: 0.007502020771426032
variance: 7.394205108057921e-07

AL interation 4311/5000.

mae: 0.0008942331148364247
max_error: 0.0075025732494395925
variance: 7.398364212736898e-07

AL interation 4312/5000.

mae: 0.0008940002768449631
max_error: 0.0075133057307539275
variance: 7.390354130565439e-07

AL interation 4313/5000.

mae: 0.0008935401581429687
max_error: 0.007575954934509355
variance: 7.354589132439237e-07

AL interation 4314/5000.

mae: 0.0008937807835636704
max_error: 0.007554049427199061
variance: 7.354848936931481e-07

AL interation 4315/5000.

mae: 0.0008933117129863604
max_error: 0.007524788152295514
variance: 7.345732842364878e-07

AL interation 4316/5000.

mae: 0.0008927843194142043
max_error: 0.0074966468800994335
variance: 7.332311921975887e-07

AL interation 4317/5000.

mae: 0.0008919796787586165
max_error: 0.0074566807870724006
variance: 7.318859003850324e-07

AL interation 4318/5000.

mae: 0.0008914454926016334
max_error: 0.007471611277651391
variance: 7.312534034808861e-07

AL interation 4319/5000.

mae: 0.0008914667603212366
max_error: 0.007504296705519664
variance: 7.316241312088735e-07

AL interation 4320/5000.

mae: 0.0008914509880651167
max_error: 0.007499575009205728
variance: 7.315847683114898e-07

AL interation 4321/5000.

mae: 0.0008913709356820618
max_error: 0.00750289426468953
variance: 7.312237295803543e-07

AL interation 4322/5000.

mae: 0.0008914350247205221
max_error: 0.0074993227808590746
variance: 7.315299262664028e-07

AL interation 4323/5000.

mae: 0.0008915508717145713
max_error: 0.007498967779611121
variance: 7.319175874748691e-07

AL interation 4324/5000.

mae: 0.0008916489565599477
max_error: 0.007462158957423526
variance: 7.310459306353642e-07

AL interation 4325/5000.

mae: 0.0008915014556159804
max_error: 0.007463012078005704
variance: 7.31229651892314e-07

AL interation 4326/5000.

mae: 0.0008918979954369206
max_error: 0.0075392977942101425
variance: 7.319664400784868e-07

AL interation 4327/5000.

mae: 0.0008917464610121897
max_error: 0.007519230368416174
variance: 7.319688817015827e-07

AL interation 4328/5000.

mae: 0.0008908389407743016
max_error: 0.007630828358742292
variance: 7.346285735134786e-07

AL interation 4329/5000.

mae: 0.0008908550104515598
max_error: 0.007645814539500861
variance: 7.342229459847361e-07

AL interation 4330/5000.

mae: 0.0008910786264195849
max_error: 0.007633550680111512
variance: 7.335905967879356e-07

AL interation 4331/5000.

mae: 0.0008909497917993577
max_error: 0.007667138705073739
variance: 7.339254457800038e-07

AL interation 4332/5000.

mae: 0.00089091702146834
max_error: 0.007665722432648181
variance: 7.339807780706983e-07

AL interation 4333/5000.

mae: 0.0008909885495077106
max_error: 0.007666772688025958
variance: 7.343602802622735e-07

AL interation 4334/5000.

mae: 0.0008909868884047682
max_error: 0.007670183431400801
variance: 7.347059247976013e-07

AL interation 4335/5000.

mae: 0.0008913117128231534
max_error: 0.0076941146744502475
variance: 7.348010901539778e-07

AL interation 4336/5000.

mae: 0.0008913362118601072
max_error: 0.007695176782362978
variance: 7.348211357805329e-07

AL interation 4337/5000.

mae: 0.0008913333559994499
max_error: 0.007695271493503242
variance: 7.348278668304612e-07

AL interation 4338/5000.

mae: 0.0008901416601074743
max_error: 0.007726607311269618
variance: 7.357538283893944e-07

AL interation 4339/5000.

mae: 0.0008879597978566381
max_error: 0.007639836750968243
variance: 7.352665669072259e-07

AL interation 4340/5000.

mae: 0.0008881974668520343
max_error: 0.007673853526284802
variance: 7.344935346911197e-07

AL interation 4341/5000.

mae: 0.0008881878474239785
max_error: 0.007671696932447958
variance: 7.344307250200809e-07

AL interation 4342/5000.

mae: 0.0008871643027468963
max_error: 0.007631715479874401
variance: 7.320691897839614e-07

AL interation 4343/5000.

mae: 0.0008866336522660277
max_error: 0.007574535176900099
variance: 7.29696254055787e-07

AL interation 4344/5000.

mae: 0.000886718023182766
max_error: 0.007573268876512884
variance: 7.298793608288475e-07

AL interation 4345/5000.

mae: 0.000886896717601303
max_error: 0.007647921220268472
variance: 7.301158015596025e-07

AL interation 4346/5000.

mae: 0.0008864784103552666
max_error: 0.007597995949254255
variance: 7.28850466829501e-07

AL interation 4347/5000.

mae: 0.0008856627634722827
max_error: 0.00761412866813771
variance: 7.291462424212631e-07

AL interation 4348/5000.

mae: 0.0008856961170804425
max_error: 0.0076158926658536075
variance: 7.291718787656526e-07

AL interation 4349/5000.

mae: 0.0008855271231277584
max_error: 0.007619872119903448
variance: 7.292281282705923e-07

AL interation 4350/5000.

mae: 0.0008852615013247487
max_error: 0.007595582288558944
variance: 7.291077571105996e-07

AL interation 4351/5000.

mae: 0.0008852765959945827
max_error: 0.007596981164169847
variance: 7.290816526474965e-07

AL interation 4352/5000.

mae: 0.0008842151937215022
max_error: 0.007710389303611009
variance: 7.301905396103679e-07

AL interation 4353/5000.

mae: 0.0008838428150429536
max_error: 0.0076657941808662144
variance: 7.294405319246641e-07

AL interation 4354/5000.

mae: 0.0008838663826145421
max_error: 0.007676601750063128
variance: 7.296900416594098e-07

AL interation 4355/5000.

mae: 0.0008823297827575516
max_error: 0.007474807380276616
variance: 7.23973896969439e-07

AL interation 4356/5000.

mae: 0.0008821187215253304
max_error: 0.007474875301340944
variance: 7.241730482196222e-07

AL interation 4357/5000.

mae: 0.0008822477420508221
max_error: 0.007476626675270381
variance: 7.245759811645229e-07

AL interation 4358/5000.

mae: 0.0008811980310556465
max_error: 0.007467053610525909
variance: 7.238287847198314e-07

AL interation 4359/5000.

mae: 0.0008806612004873387
max_error: 0.007447989211868844
variance: 7.235635942388698e-07

AL interation 4360/5000.

mae: 0.0008804773990914328
max_error: 0.007471352129869047
variance: 7.238327875224118e-07

AL interation 4361/5000.

mae: 0.0008796143711269906
max_error: 0.007527356143327779
variance: 7.238653257100499e-07

AL interation 4362/5000.

mae: 0.0008782076834886539
max_error: 0.007568890969196218
variance: 7.240409306368394e-07

AL interation 4363/5000.

mae: 0.0008782177462308028
max_error: 0.007523470498199458
variance: 7.234585666299543e-07

AL interation 4364/5000.

mae: 0.0008782788839589558
max_error: 0.007546038219516049
variance: 7.233455065078584e-07

AL interation 4365/5000.

mae: 0.0008781656226083214
max_error: 0.00754257421613147
variance: 7.232198359829099e-07

AL interation 4366/5000.

mae: 0.000878219585775696
max_error: 0.007562691176644876
variance: 7.232715923721236e-07

AL interation 4367/5000.

mae: 0.0008773980983050933
max_error: 0.007586735815493739
variance: 7.232121979789959e-07

AL interation 4368/5000.

mae: 0.0008769011876183868
max_error: 0.007601531642649206
variance: 7.228184073076443e-07

AL interation 4369/5000.

mae: 0.0008750475232309328
max_error: 0.007606236000356148
variance: 7.2248469924607e-07

AL interation 4370/5000.

mae: 0.0008747641518639284
max_error: 0.007570185100121307
variance: 7.220593337078208e-07

AL interation 4371/5000.

mae: 0.0008746987861031812
max_error: 0.007572738837552606
variance: 7.219871745898762e-07

AL interation 4372/5000.

mae: 0.0008743146927845374
max_error: 0.007521199497205089
variance: 7.196094141237156e-07

AL interation 4373/5000.

mae: 0.0008744002037847168
max_error: 0.007538647272667731
variance: 7.206531261479738e-07

AL interation 4374/5000.

mae: 0.0008733721527569287
max_error: 0.007562314085589605
variance: 7.155550822977052e-07

AL interation 4375/5000.

mae: 0.0008733960577410471
max_error: 0.007572830114440876
variance: 7.1573231139866e-07

AL interation 4376/5000.

mae: 0.000872305809683894
max_error: 0.007630377511304687
variance: 7.136007054570628e-07

AL interation 4377/5000.

mae: 0.0008725867589373593
max_error: 0.007579363436889253
variance: 7.132714323680838e-07

AL interation 4378/5000.

mae: 0.0008721664410322774
max_error: 0.007603715906952857
variance: 7.12307879634563e-07

AL interation 4379/5000.

mae: 0.0008728363522059226
max_error: 0.0076256438023847295
variance: 7.145149157721366e-07

AL interation 4380/5000.

mae: 0.0008728618107152216
max_error: 0.007624684176334995
variance: 7.145014595921443e-07

AL interation 4381/5000.

mae: 0.0008734714887868904
max_error: 0.007629203877513646
variance: 7.158920562832086e-07

AL interation 4382/5000.

mae: 0.0008741748870470474
max_error: 0.0076650437968055485
variance: 7.169805050434178e-07

AL interation 4383/5000.

mae: 0.0008742132158549794
max_error: 0.007686433111302904
variance: 7.18106959206709e-07

AL interation 4384/5000.

mae: 0.0008743621857001927
max_error: 0.007672344921957119
variance: 7.183267783372318e-07

AL interation 4385/5000.

mae: 0.0008744648751444401
max_error: 0.00763567505600804
variance: 7.18206844553557e-07

AL interation 4386/5000.

mae: 0.0008745234591215194
max_error: 0.007646521704373299
variance: 7.18547756846367e-07

AL interation 4387/5000.

mae: 0.0008744974767050735
max_error: 0.0076319283525663195
variance: 7.18015977660807e-07

AL interation 4388/5000.

mae: 0.000874765716285765
max_error: 0.007652074584257207
variance: 7.193217161785203e-07

AL interation 4389/5000.

mae: 0.0008746432460739015
max_error: 0.007620588386998861
variance: 7.192628542611962e-07

AL interation 4390/5000.

mae: 0.0008747326910715856
max_error: 0.0076401553942559985
variance: 7.193565302452053e-07

AL interation 4391/5000.

mae: 0.0008752627766716615
max_error: 0.007664477167054429
variance: 7.200381717605318e-07

AL interation 4392/5000.

mae: 0.0008742977742340372
max_error: 0.007612071834955714
variance: 7.18794962975336e-07

AL interation 4393/5000.

mae: 0.0008743358826841359
max_error: 0.007602419906106661
variance: 7.18765175882324e-07

AL interation 4394/5000.

mae: 0.0008738724304275821
max_error: 0.007598455622428446
variance: 7.190143193071864e-07

AL interation 4395/5000.

mae: 0.0008737375236032676
max_error: 0.007573874017907656
variance: 7.184674955214205e-07

AL interation 4396/5000.

mae: 0.0008735580485472383
max_error: 0.007519049240727327
variance: 7.179789730218133e-07

AL interation 4397/5000.

mae: 0.0008734154441353894
max_error: 0.00757424213043123
variance: 7.193558433065399e-07

AL interation 4398/5000.

mae: 0.0008736891739563362
max_error: 0.007572090928078978
variance: 7.196228887372365e-07

AL interation 4399/5000.

mae: 0.0008735666758911975
max_error: 0.007573854860311258
variance: 7.192626460699544e-07

AL interation 4400/5000.

mae: 0.0008734693275009704
max_error: 0.007568339844510774
variance: 7.194331438092236e-07

AL interation 4401/5000.

mae: 0.0008733687746880606
max_error: 0.007579813265692792
variance: 7.178382990145226e-07

AL interation 4402/5000.

mae: 0.0008734500326154376
max_error: 0.007589334307340323
variance: 7.181084279261373e-07

AL interation 4403/5000.

mae: 0.0008734041007173801
max_error: 0.007592260239107418
variance: 7.181555325468318e-07

AL interation 4404/5000.

mae: 0.0008732581976209986
max_error: 0.007605076438267133
variance: 7.187706977457712e-07

AL interation 4405/5000.

mae: 0.0008732004566218166
max_error: 0.0076069788683525985
variance: 7.185709734600846e-07

AL interation 4406/5000.

mae: 0.0008731376792520677
max_error: 0.00760604115021124
variance: 7.18747088754631e-07

AL interation 4407/5000.

mae: 0.0008740193695548442
max_error: 0.007565113473901874
variance: 7.198421373497876e-07

AL interation 4408/5000.

mae: 0.0008731720394289369
max_error: 0.007559960698927171
variance: 7.17204346544719e-07

AL interation 4409/5000.

mae: 0.0008732747696531078
max_error: 0.007524836893935571
variance: 7.173872978181452e-07

AL interation 4410/5000.

mae: 0.0008733570007379967
max_error: 0.007514714625358465
variance: 7.170959143575612e-07

AL interation 4411/5000.

mae: 0.0008732736537858728
max_error: 0.007513947324696346
variance: 7.173950654340921e-07

AL interation 4412/5000.

mae: 0.0008732104327900743
max_error: 0.007524467770053889
variance: 7.17267591930831e-07

AL interation 4413/5000.

mae: 0.0008727428494539708
max_error: 0.0075301140368537745
variance: 7.169793554502353e-07

AL interation 4414/5000.

mae: 0.0008717943477340669
max_error: 0.007620587404744583
variance: 7.189636138548583e-07

AL interation 4415/5000.

mae: 0.0008719119244951799
max_error: 0.007592636849949486
variance: 7.194982692877552e-07

AL interation 4416/5000.

mae: 0.0008711431218825965
max_error: 0.00760529123544984
variance: 7.155955454081356e-07

AL interation 4417/5000.

mae: 0.0008709342060164999
max_error: 0.007613500720253796
variance: 7.151126805030796e-07

AL interation 4418/5000.

mae: 0.0008709230376252891
max_error: 0.007614213644046686
variance: 7.151371855213949e-07

AL interation 4419/5000.

mae: 0.000870447341806539
max_error: 0.007607022756928927
variance: 7.144001823853626e-07

AL interation 4420/5000.

mae: 0.000870274429355959
max_error: 0.0075954778239974985
variance: 7.134470774513623e-07

AL interation 4421/5000.

mae: 0.0008692698516078963
max_error: 0.007553322901003412
variance: 7.113534004522214e-07

AL interation 4422/5000.

mae: 0.0008693617716980953
max_error: 0.007539031224951032
variance: 7.108781169851348e-07

AL interation 4423/5000.

mae: 0.0008695626318085488
max_error: 0.0075393325696495594
variance: 7.113557797575447e-07

AL interation 4424/5000.

mae: 0.0008686584856077388
max_error: 0.007538412113717641
variance: 7.085980754001984e-07

AL interation 4425/5000.

mae: 0.0008685193494538907
max_error: 0.007543601886936813
variance: 7.09436251034172e-07

AL interation 4426/5000.

mae: 0.000868519627853857
max_error: 0.007543613339294097
variance: 7.094363480464244e-07

AL interation 4427/5000.

mae: 0.000868777936189872
max_error: 0.007548909472461673
variance: 7.099136212449269e-07

AL interation 4428/5000.

mae: 0.0008681348943155172
max_error: 0.007508216358473874
variance: 7.091200866581354e-07

AL interation 4429/5000.

mae: 0.0008678635081359971
max_error: 0.0074924640630342765
variance: 7.095067824698355e-07

AL interation 4430/5000.

mae: 0.000867909997525203
max_error: 0.007496631040339707
variance: 7.094761364419876e-07

AL interation 4431/5000.

mae: 0.0008664096037273339
max_error: 0.007458472102371161
variance: 7.084404013519164e-07

AL interation 4432/5000.

mae: 0.000866102178406436
max_error: 0.007471399376299814
variance: 7.074169542727449e-07

AL interation 4433/5000.

mae: 0.0008661070438975003
max_error: 0.00747652646714414
variance: 7.074709834115446e-07

AL interation 4434/5000.

mae: 0.0008670228366408992
max_error: 0.007499012730477261
variance: 7.075581087214555e-07

AL interation 4435/5000.

mae: 0.0008671651858394398
max_error: 0.007490692767532892
variance: 7.078257110665648e-07

AL interation 4436/5000.

mae: 0.000867472362128865
max_error: 0.0075201349736744305
variance: 7.072236175383748e-07

AL interation 4437/5000.

mae: 0.0008674847617703563
max_error: 0.00752065720189421
variance: 7.072366369610152e-07

AL interation 4438/5000.

mae: 0.000867608941131948
max_error: 0.00753006263221323
variance: 7.073291318496958e-07

AL interation 4439/5000.

mae: 0.0008674849938252009
max_error: 0.007527948762799497
variance: 7.076070586864977e-07

AL interation 4440/5000.

mae: 0.0008680226531696463
max_error: 0.007547879444246064
variance: 7.087804094548122e-07

AL interation 4441/5000.

mae: 0.0008678190422579064
max_error: 0.0075481258591025835
variance: 7.080801787899522e-07

AL interation 4442/5000.

mae: 0.0008668956034853182
max_error: 0.007428952185364324
variance: 7.074772422125931e-07

AL interation 4443/5000.

mae: 0.0008664527016753709
max_error: 0.007448770140399574
variance: 7.068852486889512e-07

AL interation 4444/5000.

mae: 0.0008661667652695541
max_error: 0.007435313409587252
variance: 7.059036136430298e-07

AL interation 4445/5000.

mae: 0.0008659610033200807
max_error: 0.007439896258802037
variance: 7.064735839721857e-07

AL interation 4446/5000.

mae: 0.0008654148240129871
max_error: 0.007419545740049216
variance: 7.068188742547749e-07

AL interation 4447/5000.

mae: 0.0008653523787115774
max_error: 0.007405367605315405
variance: 7.063601079946392e-07

AL interation 4448/5000.

mae: 0.0008653245274963411
max_error: 0.007396336424790206
variance: 7.061857146432232e-07

AL interation 4449/5000.

mae: 0.0008646056495144876
max_error: 0.007352701990384958
variance: 7.072249014347463e-07

AL interation 4450/5000.

mae: 0.000864216157689043
max_error: 0.007343775176195777
variance: 7.068965310591266e-07

AL interation 4451/5000.

mae: 0.0008635498743296921
max_error: 0.007330107551752008
variance: 7.056614267949103e-07

AL interation 4452/5000.

mae: 0.0008632692155697442
max_error: 0.0073537614134693285
variance: 7.059079946134154e-07

AL interation 4453/5000.

mae: 0.0008622724576071051
max_error: 0.007399865387924365
variance: 7.03827384877467e-07

AL interation 4454/5000.

mae: 0.0008623335426482299
max_error: 0.007417310587698012
variance: 7.030150525165409e-07

AL interation 4455/5000.

mae: 0.0008623297509138865
max_error: 0.007433075164954062
variance: 7.039357075573212e-07

AL interation 4456/5000.

mae: 0.0008623907069895722
max_error: 0.007443812084602541
variance: 7.044514793754288e-07

AL interation 4457/5000.

mae: 0.0008622331581027538
max_error: 0.007485601990993018
variance: 7.047204755689519e-07

AL interation 4458/5000.

mae: 0.0008620940448436159
max_error: 0.007359759669270716
variance: 7.028553403097219e-07

AL interation 4459/5000.

mae: 0.0008616162803455154
max_error: 0.0073580254738772055
variance: 6.997289414907745e-07

AL interation 4460/5000.

mae: 0.0008615563943058078
max_error: 0.007350920101089287
variance: 6.995840313153226e-07

AL interation 4461/5000.

mae: 0.0008617710045191416
max_error: 0.007350106481680996
variance: 7.000967882935073e-07

AL interation 4462/5000.

mae: 0.0008614935782543399
max_error: 0.007370408753558877
variance: 7.000321417251289e-07

AL interation 4463/5000.

mae: 0.000861477131378706
max_error: 0.007373226957497536
variance: 7.000325739947407e-07

AL interation 4464/5000.

mae: 0.0008619437409988677
max_error: 0.0073215647626057034
variance: 7.001471030182674e-07

AL interation 4465/5000.

mae: 0.0008593207526564583
max_error: 0.00732804233666684
variance: 6.987791561285448e-07

AL interation 4466/5000.

mae: 0.0008594233787980556
max_error: 0.007337736829867936
variance: 6.993693189088999e-07

AL interation 4467/5000.

mae: 0.0008586298524505765
max_error: 0.007358721753917052
variance: 6.993401543949644e-07

AL interation 4468/5000.

mae: 0.0008588710867379633
max_error: 0.007352985141551471
variance: 6.997344506824365e-07

AL interation 4469/5000.

mae: 0.0008592260121686196
max_error: 0.007360749170402414
variance: 7.006338580592336e-07

AL interation 4470/5000.

mae: 0.0008598439214829341
max_error: 0.007404538466289523
variance: 6.991526559596004e-07

AL interation 4471/5000.

mae: 0.0008598431026357503
max_error: 0.00740451276760723
variance: 6.991505583276302e-07

AL interation 4472/5000.

mae: 0.0008598802984843133
max_error: 0.007387260606265045
variance: 6.981774105360033e-07

AL interation 4473/5000.

mae: 0.0008576214199783863
max_error: 0.007043872747090063
variance: 6.909117461038849e-07

AL interation 4474/5000.

mae: 0.0008571760186159736
max_error: 0.007059312954879715
variance: 6.908050504666006e-07

AL interation 4475/5000.

mae: 0.0008574128049458523
max_error: 0.007058012959532789
variance: 6.918360966505965e-07

AL interation 4476/5000.

mae: 0.000857288860063818
max_error: 0.007072776677887305
variance: 6.912867727901426e-07

AL interation 4477/5000.

mae: 0.0008574888075963827
max_error: 0.007075980514855473
variance: 6.920259371346841e-07

AL interation 4478/5000.

mae: 0.0008574630387984144
max_error: 0.007073959268382168
variance: 6.919556152990719e-07

AL interation 4479/5000.

mae: 0.0008574617358817705
max_error: 0.007073955615851446
variance: 6.919521819890723e-07

AL interation 4480/5000.

mae: 0.000857228628455232
max_error: 0.007042358780381619
variance: 6.921487391805508e-07

AL interation 4481/5000.

mae: 0.0008575051615425765
max_error: 0.007041551541988156
variance: 6.919259996490331e-07

AL interation 4482/5000.

mae: 0.0008553991522203433
max_error: 0.006982854674788541
variance: 6.918949167641497e-07

AL interation 4483/5000.

mae: 0.0008545745416176943
max_error: 0.00704008176944626
variance: 6.927299815781728e-07

AL interation 4484/5000.

mae: 0.0008545968573080245
max_error: 0.0070451565752591705
variance: 6.928206761371828e-07

AL interation 4485/5000.

mae: 0.0008546117726091325
max_error: 0.007041207505608327
variance: 6.927234884535094e-07

AL interation 4486/5000.

mae: 0.0008546124777585646
max_error: 0.007041360140647157
variance: 6.927209876667032e-07

AL interation 4487/5000.

mae: 0.0008541578936437873
max_error: 0.007032506346149603
variance: 6.92858381849395e-07

AL interation 4488/5000.

mae: 0.000854308663343545
max_error: 0.0070268178860715125
variance: 6.928320229152379e-07

AL interation 4489/5000.

mae: 0.0008542590464685418
max_error: 0.00703807353056618
variance: 6.931983142327609e-07

AL interation 4490/5000.

mae: 0.0008555168863776998
max_error: 0.00704159129600157
variance: 6.928037844245984e-07

AL interation 4491/5000.

mae: 0.0008551874641016184
max_error: 0.007036280225293012
variance: 6.92259853012223e-07

AL interation 4492/5000.

mae: 0.0008552245883311116
max_error: 0.007044210291496711
variance: 6.921471670457965e-07

AL interation 4493/5000.

mae: 0.0008552984760463005
max_error: 0.0070232668695098255
variance: 6.922611308378511e-07

AL interation 4494/5000.

mae: 0.0008548588925123114
max_error: 0.007057396291202167
variance: 6.911378901321065e-07

AL interation 4495/5000.

mae: 0.0008548360367985879
max_error: 0.007056314021610888
variance: 6.911394182161315e-07

AL interation 4496/5000.

mae: 0.0008548463750075825
max_error: 0.007059967570967274
variance: 6.91253333524623e-07

AL interation 4497/5000.

mae: 0.0008548280042277839
max_error: 0.007100023085513385
variance: 6.880598999780267e-07

AL interation 4498/5000.

mae: 0.0008548538672412178
max_error: 0.007096256118529709
variance: 6.883619485790022e-07

AL interation 4499/5000.

mae: 0.0008537142687973755
max_error: 0.007039368229015963
variance: 6.880158739268082e-07

AL interation 4500/5000.

mae: 0.0008536790714979361
max_error: 0.007045066657155985
variance: 6.880981919310183e-07

AL interation 4501/5000.

mae: 0.0008536266935279855
max_error: 0.0070434756817121524
variance: 6.877367206865968e-07

AL interation 4502/5000.

mae: 0.0008539848431946667
max_error: 0.007051159442198696
variance: 6.884711344421962e-07

AL interation 4503/5000.

mae: 0.000853990439766676
max_error: 0.007050443982734578
variance: 6.883964679447231e-07

AL interation 4504/5000.

mae: 0.0008540919573415522
max_error: 0.007043733410682762
variance: 6.882882473253244e-07

AL interation 4505/5000.

mae: 0.000853936456248448
max_error: 0.00703536502624047
variance: 6.88148512552923e-07

AL interation 4506/5000.

mae: 0.0008542620779535355
max_error: 0.007038596104393946
variance: 6.881569741392642e-07

AL interation 4507/5000.

mae: 0.0008544966526860663
max_error: 0.007067130489303963
variance: 6.890644947561175e-07

AL interation 4508/5000.

mae: 0.0008536572989423804
max_error: 0.0070631774033245165
variance: 6.881421953961766e-07

AL interation 4509/5000.

mae: 0.0008536138153713182
max_error: 0.007081465653755004
variance: 6.879413679334119e-07

AL interation 4510/5000.

mae: 0.0008536040059107108
max_error: 0.007075619363604346
variance: 6.879391744570523e-07

AL interation 4511/5000.

mae: 0.0008537220285534204
max_error: 0.0070425552294182125
variance: 6.866474907429542e-07

AL interation 4512/5000.

mae: 0.0008536675403256596
max_error: 0.0070421115415229
variance: 6.863008710404913e-07

AL interation 4513/5000.

mae: 0.0008538134008986162
max_error: 0.007059962972562062
variance: 6.868934148037767e-07

AL interation 4514/5000.

mae: 0.0008542472833905776
max_error: 0.007072468029946322
variance: 6.844947198256755e-07

AL interation 4515/5000.

mae: 0.0008540592006920633
max_error: 0.007039017033093842
variance: 6.83096215447549e-07

AL interation 4516/5000.

mae: 0.0008543040121212471
max_error: 0.007034890517388703
variance: 6.838943872969707e-07

AL interation 4517/5000.

mae: 0.000854221831191353
max_error: 0.0070322728461178485
variance: 6.83711749648487e-07

AL interation 4518/5000.

mae: 0.0008543096453104226
max_error: 0.007032582379906671
variance: 6.839022117287894e-07

AL interation 4519/5000.

mae: 0.0008542997810654924
max_error: 0.007029450021946104
variance: 6.837578679191924e-07

AL interation 4520/5000.

mae: 0.0008541837293605568
max_error: 0.00704013108406798
variance: 6.834256193885091e-07

AL interation 4521/5000.

mae: 0.0008542862737567703
max_error: 0.007041757973638596
variance: 6.837785741317082e-07

AL interation 4522/5000.

mae: 0.0008543129263825904
max_error: 0.007016988751274766
variance: 6.824039190732126e-07

AL interation 4523/5000.

mae: 0.0008546674414519657
max_error: 0.00703242236704682
variance: 6.82043481218928e-07

AL interation 4524/5000.

mae: 0.0008542590154766004
max_error: 0.007019153421424562
variance: 6.807725018814738e-07

AL interation 4525/5000.

mae: 0.0008543370047327699
max_error: 0.0070169024147617165
variance: 6.807565254208293e-07

AL interation 4526/5000.

mae: 0.0008543318574220394
max_error: 0.007016650433797622
variance: 6.807565106384481e-07

AL interation 4527/5000.

mae: 0.0008544543846792294
max_error: 0.007022105888609076
variance: 6.809001060655845e-07

AL interation 4528/5000.

mae: 0.0008543332214376278
max_error: 0.0069917050896037836
variance: 6.801364322229451e-07

AL interation 4529/5000.

mae: 0.0008542497243979597
max_error: 0.00698616012596176
variance: 6.794456273464506e-07

AL interation 4530/5000.

mae: 0.00085394174630801
max_error: 0.006959826499951305
variance: 6.790184196786669e-07

AL interation 4531/5000.

mae: 0.0008541372672352737
max_error: 0.006974419495236361
variance: 6.799089441764075e-07

AL interation 4532/5000.

mae: 0.000854371060977428
max_error: 0.0069848710008955095
variance: 6.818895113972375e-07

AL interation 4533/5000.

mae: 0.0008547688778553493
max_error: 0.0070047346998762805
variance: 6.816949470436085e-07

AL interation 4534/5000.

mae: 0.000854756828731297
max_error: 0.006966573597310344
variance: 6.814850528037834e-07

AL interation 4535/5000.

mae: 0.0008548295148129909
max_error: 0.006964840493310476
variance: 6.815032140553741e-07

AL interation 4536/5000.

mae: 0.0008547765895482371
max_error: 0.006961887196666794
variance: 6.815071429227232e-07

AL interation 4537/5000.

mae: 0.0008543358817823901
max_error: 0.006955171895242529
variance: 6.817528690431043e-07

AL interation 4538/5000.

mae: 0.0008544659186572972
max_error: 0.006955115244636545
variance: 6.813782091409161e-07

AL interation 4539/5000.

mae: 0.0008544909565162016
max_error: 0.006953259919100674
variance: 6.813687199906332e-07

AL interation 4540/5000.

mae: 0.0008549546216263479
max_error: 0.006933927394129569
variance: 6.803373501755053e-07

AL interation 4541/5000.

mae: 0.0008553178750962616
max_error: 0.006956759290915215
variance: 6.796626910850342e-07

AL interation 4542/5000.

mae: 0.0008553171591711362
max_error: 0.006956691973755369
variance: 6.796593657074164e-07

AL interation 4543/5000.

mae: 0.0008534033716168779
max_error: 0.007031326549622463
variance: 6.78625148282134e-07

AL interation 4544/5000.

mae: 0.0008531368142757856
max_error: 0.007024860959063517
variance: 6.775241152888581e-07

AL interation 4545/5000.

mae: 0.0008529794664427755
max_error: 0.007028036972769769
variance: 6.772370242583442e-07

AL interation 4546/5000.

mae: 0.0008527258435706244
max_error: 0.007048118790407898
variance: 6.782228630602339e-07

AL interation 4547/5000.

mae: 0.0008525757593824892
max_error: 0.00704737466367078
variance: 6.775677921860109e-07

AL interation 4548/5000.

mae: 0.0008526187492825557
max_error: 0.007050453878036933
variance: 6.776928449418295e-07

AL interation 4549/5000.

mae: 0.0008513993978431245
max_error: 0.007089218644978246
variance: 6.765193080884638e-07

AL interation 4550/5000.

mae: 0.0008513184122375606
max_error: 0.007091906347341137
variance: 6.737498729781262e-07

AL interation 4551/5000.

mae: 0.000851336088780954
max_error: 0.007091686176863732
variance: 6.739710927530262e-07

AL interation 4552/5000.

mae: 0.0008503816539041509
max_error: 0.007100410792190814
variance: 6.736917621652228e-07

AL interation 4553/5000.

mae: 0.0008504285680210159
max_error: 0.007102689447492594
variance: 6.735845016853045e-07

AL interation 4554/5000.

mae: 0.0008491063974006465
max_error: 0.00708030730675091
variance: 6.731696476728059e-07

AL interation 4555/5000.

mae: 0.0008491068678795273
max_error: 0.0070792852238810156
variance: 6.731882671908462e-07

AL interation 4556/5000.

mae: 0.0008490487742228652
max_error: 0.007077113510604249
variance: 6.733963969262587e-07

AL interation 4557/5000.

mae: 0.0008489735591483623
max_error: 0.007067955102684209
variance: 6.735040636639222e-07

AL interation 4558/5000.

mae: 0.0008471224381582942
max_error: 0.007024823153187754
variance: 6.75050093554987e-07

AL interation 4559/5000.

mae: 0.0008462305557459331
max_error: 0.0070056881704658736
variance: 6.721722283099935e-07

AL interation 4560/5000.

mae: 0.0008466942896975525
max_error: 0.007011107201833511
variance: 6.715507806842652e-07

AL interation 4561/5000.

mae: 0.0008466939858935802
max_error: 0.007007427284406731
variance: 6.715685035128693e-07

AL interation 4562/5000.

mae: 0.0008464505880756406
max_error: 0.0070146887555893045
variance: 6.710346968462551e-07

AL interation 4563/5000.

mae: 0.0008459261906373286
max_error: 0.007055964397295611
variance: 6.716934643260238e-07

AL interation 4564/5000.

mae: 0.0008460460972482906
max_error: 0.007041986598778749
variance: 6.71257265406042e-07

AL interation 4565/5000.

mae: 0.0008461157424389967
max_error: 0.007042020170047181
variance: 6.715331253156976e-07

AL interation 4566/5000.

mae: 0.00084248574222147
max_error: 0.006879876960738329
variance: 6.670822848064471e-07

AL interation 4567/5000.

mae: 0.0008429682502392097
max_error: 0.006881265082483878
variance: 6.677824026306429e-07

AL interation 4568/5000.

mae: 0.0008430883886840093
max_error: 0.006877976466057589
variance: 6.680911547702751e-07

AL interation 4569/5000.

mae: 0.0008430231917418496
max_error: 0.006874293856526492
variance: 6.682791428145345e-07

AL interation 4570/5000.

mae: 0.0008429898597896681
max_error: 0.006874579197756248
variance: 6.68257763300331e-07

AL interation 4571/5000.

mae: 0.0008430186781006342
max_error: 0.006878765187138924
variance: 6.682722407999548e-07

AL interation 4572/5000.

mae: 0.0008434493859585928
max_error: 0.006885002800117945
variance: 6.683826351155066e-07

AL interation 4573/5000.

mae: 0.0008434329626998079
max_error: 0.006885972932650475
variance: 6.683688694942832e-07

AL interation 4574/5000.

mae: 0.0008431002774141234
max_error: 0.00683108788143727
variance: 6.668630373130177e-07

AL interation 4575/5000.

mae: 0.0008430892138258059
max_error: 0.006838393175712554
variance: 6.667625438201876e-07

AL interation 4576/5000.

mae: 0.000843802717629842
max_error: 0.006816099372372264
variance: 6.692238927767298e-07

AL interation 4577/5000.

mae: 0.0008438880586581945
max_error: 0.006824698739364976
variance: 6.692126596907682e-07

AL interation 4578/5000.

mae: 0.0008431993170279384
max_error: 0.006918107730598422
variance: 6.702116221682236e-07

AL interation 4579/5000.

mae: 0.0008434430640827486
max_error: 0.006900827280333033
variance: 6.697040247101344e-07

AL interation 4580/5000.

mae: 0.0008438211781467544
max_error: 0.006877377269120188
variance: 6.705830342226253e-07

AL interation 4581/5000.

mae: 0.0008437761001123362
max_error: 0.0068824943773506675
variance: 6.705485978748505e-07

AL interation 4582/5000.

mae: 0.000843688499398013
max_error: 0.006879976634081686
variance: 6.701405919754073e-07

AL interation 4583/5000.

mae: 0.0008436821880868592
max_error: 0.006878535717987688
variance: 6.701200152844628e-07

AL interation 4584/5000.

mae: 0.0008430370287360348
max_error: 0.006907499995577382
variance: 6.681865860280493e-07

AL interation 4585/5000.

mae: 0.000841020565535473
max_error: 0.006889215819683159
variance: 6.669491726772033e-07

AL interation 4586/5000.

mae: 0.0008414731974262396
max_error: 0.006915530906553613
variance: 6.669037751324845e-07

AL interation 4587/5000.

mae: 0.0008413086833825218
max_error: 0.006910326108481968
variance: 6.671070311473119e-07

AL interation 4588/5000.

mae: 0.0008405758647168114
max_error: 0.006877595053083496
variance: 6.665087875022879e-07

AL interation 4589/5000.

mae: 0.0008396370092759753
max_error: 0.0068830055206490215
variance: 6.664459106306444e-07

AL interation 4590/5000.

mae: 0.0008396617187554512
max_error: 0.006884724021801958
variance: 6.665089281129386e-07

AL interation 4591/5000.

mae: 0.0008396003592706621
max_error: 0.006891108892887132
variance: 6.66522753721245e-07

AL interation 4592/5000.

mae: 0.0008391917546914556
max_error: 0.006891457855090266
variance: 6.659080222276849e-07

AL interation 4593/5000.

mae: 0.0008412570309001239
max_error: 0.0069900503258395474
variance: 6.683205159813979e-07

AL interation 4594/5000.

mae: 0.0008400690668377138
max_error: 0.00695740574519732
variance: 6.64478838984038e-07

AL interation 4595/5000.

mae: 0.000840002857122272
max_error: 0.006959075977647444
variance: 6.642344567112686e-07

AL interation 4596/5000.

mae: 0.0008397898425419044
max_error: 0.006956723813345889
variance: 6.647622501844173e-07

AL interation 4597/5000.

mae: 0.0008375482149394884
max_error: 0.00691499770982773
variance: 6.657052124746243e-07

AL interation 4598/5000.

mae: 0.0008375383631337172
max_error: 0.006942431838979246
variance: 6.657937253090956e-07

AL interation 4599/5000.

mae: 0.0008373008087255584
max_error: 0.006935163193702465
variance: 6.650484489981594e-07

AL interation 4600/5000.

mae: 0.000837358226381184
max_error: 0.006928971288289176
variance: 6.649984349121123e-07

AL interation 4601/5000.

mae: 0.0008379428891967109
max_error: 0.006951539402507478
variance: 6.655698660285414e-07

AL interation 4602/5000.

mae: 0.0008380130569867106
max_error: 0.006954061613214435
variance: 6.659333716355209e-07

AL interation 4603/5000.

mae: 0.0008378283720649051
max_error: 0.0069402479675773066
variance: 6.662007727303823e-07

AL interation 4604/5000.

mae: 0.00083782779608282
max_error: 0.006946139572391985
variance: 6.663434006016322e-07

AL interation 4605/5000.

mae: 0.0008375596425939876
max_error: 0.006943374744878383
variance: 6.674112874638558e-07

AL interation 4606/5000.

mae: 0.000837464276078208
max_error: 0.006947946869331645
variance: 6.673890854701849e-07

AL interation 4607/5000.

mae: 0.0008375748229864258
max_error: 0.006976841588766547
variance: 6.680261486318322e-07

AL interation 4608/5000.

mae: 0.0008367128129430058
max_error: 0.006978610868827673
variance: 6.651805363249711e-07

AL interation 4609/5000.

mae: 0.0008369624691622449
max_error: 0.006951858154934598
variance: 6.639599952584962e-07

AL interation 4610/5000.

mae: 0.0008370340159335683
max_error: 0.006949770006031031
variance: 6.640615392699129e-07

AL interation 4611/5000.

mae: 0.0008366451182118908
max_error: 0.006926584381290013
variance: 6.65037241957312e-07

AL interation 4612/5000.

mae: 0.0008366809250001097
max_error: 0.006930734434718033
variance: 6.650319013195493e-07

AL interation 4613/5000.

mae: 0.0008364747500254453
max_error: 0.006889682266773889
variance: 6.638983339723506e-07

AL interation 4614/5000.

mae: 0.0008363076340801854
max_error: 0.00690129324721056
variance: 6.637745778609903e-07

AL interation 4615/5000.

mae: 0.0008362871032550174
max_error: 0.006901826895045815
variance: 6.636488177739926e-07

AL interation 4616/5000.

mae: 0.0008364302697718813
max_error: 0.006916116002685158
variance: 6.640150087596041e-07

AL interation 4617/5000.

mae: 0.0008362870373957776
max_error: 0.006928753431566292
variance: 6.637661266366063e-07

AL interation 4618/5000.

mae: 0.0008363369913595306
max_error: 0.0069307431440392975
variance: 6.637783411897357e-07

AL interation 4619/5000.

mae: 0.0008362557006566931
max_error: 0.006941270399693167
variance: 6.636524988273585e-07

AL interation 4620/5000.

mae: 0.0008366110912193108
max_error: 0.006943487405806081
variance: 6.644694077397406e-07

AL interation 4621/5000.

mae: 0.000835980513404138
max_error: 0.006926283760549268
variance: 6.651998352851673e-07

AL interation 4622/5000.

mae: 0.0008347224951157842
max_error: 0.006926066631422145
variance: 6.63489656336997e-07

AL interation 4623/5000.

mae: 0.0008339012256565184
max_error: 0.00695636214732076
variance: 6.621936407889833e-07

AL interation 4624/5000.

mae: 0.0008342370479722377
max_error: 0.006991014324739808
variance: 6.617485634378541e-07

AL interation 4625/5000.

mae: 0.0008340764880804272
max_error: 0.007016677893261658
variance: 6.624441498823733e-07

AL interation 4626/5000.

mae: 0.0008340426392132941
max_error: 0.0070033833508205134
variance: 6.619660334935406e-07

AL interation 4627/5000.

mae: 0.0008342866392886208
max_error: 0.007000283319939626
variance: 6.619979132674546e-07

AL interation 4628/5000.

mae: 0.0008344930500988994
max_error: 0.007004082439379999
variance: 6.620802247137259e-07

AL interation 4629/5000.

mae: 0.0008344888155133958
max_error: 0.007004154209425906
variance: 6.620742553685678e-07

AL interation 4630/5000.

mae: 0.0008342542811315071
max_error: 0.00699952015929739
variance: 6.615856270601e-07

AL interation 4631/5000.

mae: 0.0008342521166305232
max_error: 0.006997250162385171
variance: 6.615079264614692e-07

AL interation 4632/5000.

mae: 0.0008333616396057551
max_error: 0.00699528761106194
variance: 6.599111284320729e-07

AL interation 4633/5000.

mae: 0.0008332648088544374
max_error: 0.007018762353254715
variance: 6.595857991305595e-07

AL interation 4634/5000.

mae: 0.0008332763853240977
max_error: 0.0070200429363467265
variance: 6.595519994653778e-07

AL interation 4635/5000.

mae: 0.0008330790755935595
max_error: 0.007011719400907168
variance: 6.590616412034457e-07

AL interation 4636/5000.

mae: 0.0008323586250589869
max_error: 0.006970843776798574
variance: 6.567610911998925e-07

AL interation 4637/5000.

mae: 0.000832319992497105
max_error: 0.006974006890231976
variance: 6.569700312341805e-07

AL interation 4638/5000.

mae: 0.0008322896976824268
max_error: 0.006976075132115511
variance: 6.568936500188891e-07

AL interation 4639/5000.

mae: 0.0008323357148401556
max_error: 0.006980577894864837
variance: 6.569926749925988e-07

AL interation 4640/5000.

mae: 0.0008304473324460559
max_error: 0.006916958085639635
variance: 6.555146401053608e-07

AL interation 4641/5000.

mae: 0.0008287372973481979
max_error: 0.0069598430454789195
variance: 6.517328168172826e-07

AL interation 4642/5000.

mae: 0.0008286447035443416
max_error: 0.006908165978529723
variance: 6.518762750575528e-07

AL interation 4643/5000.

mae: 0.0008283706032088957
max_error: 0.0069111016164242756
variance: 6.51842819796079e-07

AL interation 4644/5000.

mae: 0.0008283588831527595
max_error: 0.006888404353958322
variance: 6.521415238333027e-07

AL interation 4645/5000.

mae: 0.0008283761742795832
max_error: 0.006883183003083104
variance: 6.525046387822189e-07

AL interation 4646/5000.

mae: 0.0008279379019495536
max_error: 0.006859759534563636
variance: 6.491724253593658e-07

AL interation 4647/5000.

mae: 0.0008280992431100458
max_error: 0.006834903306298656
variance: 6.48715926713664e-07

AL interation 4648/5000.

mae: 0.0008277575790498304
max_error: 0.006832540861068992
variance: 6.483309263880326e-07

AL interation 4649/5000.

mae: 0.0008265043531537231
max_error: 0.00688993608855526
variance: 6.46173885465432e-07

AL interation 4650/5000.

mae: 0.0008265300582424971
max_error: 0.006892734720167937
variance: 6.458065006378066e-07

AL interation 4651/5000.

mae: 0.0008260671685829948
max_error: 0.006885790335218189
variance: 6.460161339104092e-07

AL interation 4652/5000.

mae: 0.0008259589649233022
max_error: 0.006900377284182468
variance: 6.456913736553981e-07

AL interation 4653/5000.

mae: 0.0008259390761440955
max_error: 0.0068915284173272084
variance: 6.45651854522118e-07

AL interation 4654/5000.

mae: 0.0008251078130961105
max_error: 0.0068306417342682835
variance: 6.421833987275536e-07

AL interation 4655/5000.

mae: 0.0008246194155171907
max_error: 0.006825460746767931
variance: 6.410357763157749e-07

AL interation 4656/5000.

mae: 0.0008246094090154656
max_error: 0.006822857678344008
variance: 6.411061059814519e-07

AL interation 4657/5000.

mae: 0.0008232110369644943
max_error: 0.00684303945308784
variance: 6.393451291515233e-07

AL interation 4658/5000.

mae: 0.000823377815119784
max_error: 0.006839733359811362
variance: 6.397986815012999e-07

AL interation 4659/5000.

mae: 0.0008229772199538274
max_error: 0.006823745578003582
variance: 6.384927376548892e-07

AL interation 4660/5000.

mae: 0.000822586336880704
max_error: 0.006851400634332094
variance: 6.38807515932825e-07

AL interation 4661/5000.

mae: 0.0008228107814338728
max_error: 0.006847314980404917
variance: 6.391146971929552e-07

AL interation 4662/5000.

mae: 0.0008228102072571346
max_error: 0.006852071404864546
variance: 6.385570757614104e-07

AL interation 4663/5000.

mae: 0.0008221891340126604
max_error: 0.006860627239802852
variance: 6.375731787662925e-07

AL interation 4664/5000.

mae: 0.0008222252296745864
max_error: 0.006861057700007223
variance: 6.376429261715551e-07

AL interation 4665/5000.

mae: 0.0008222240941822747
max_error: 0.006875603336084168
variance: 6.36842036749771e-07

AL interation 4666/5000.

mae: 0.0008225630708166136
max_error: 0.006839181449322496
variance: 6.371905357560347e-07

AL interation 4667/5000.

mae: 0.0008215290669486421
max_error: 0.006813211737608071
variance: 6.366509172886074e-07

AL interation 4668/5000.

mae: 0.0008217802586050311
max_error: 0.006793365908379201
variance: 6.36469624215914e-07

AL interation 4669/5000.

mae: 0.0008205636139136914
max_error: 0.006884802181957639
variance: 6.343241125520434e-07

AL interation 4670/5000.

mae: 0.0008203628707933603
max_error: 0.006931601752512506
variance: 6.344526607063322e-07

AL interation 4671/5000.

mae: 0.0008188107700689216
max_error: 0.006957338851862005
variance: 6.336860815051751e-07

AL interation 4672/5000.

mae: 0.0008177756055956707
max_error: 0.006981800526773441
variance: 6.338242369444352e-07

AL interation 4673/5000.

mae: 0.0008175440393479221
max_error: 0.007053704122881754
variance: 6.344972467186269e-07

AL interation 4674/5000.

mae: 0.0008177041482040295
max_error: 0.0070926485841482645
variance: 6.346805808732604e-07

AL interation 4675/5000.

mae: 0.0008176267808566991
max_error: 0.007083690024956013
variance: 6.339363168338284e-07

AL interation 4676/5000.

mae: 0.0008171993308706078
max_error: 0.00711882579162193
variance: 6.338749105653713e-07

AL interation 4677/5000.

mae: 0.0008170314017461351
max_error: 0.007161215506130247
variance: 6.339133988688926e-07

AL interation 4678/5000.

mae: 0.000816849993935648
max_error: 0.007160393904996454
variance: 6.335195832751901e-07

AL interation 4679/5000.

mae: 0.000816394292151017
max_error: 0.007162482279454707
variance: 6.323239970329506e-07

AL interation 4680/5000.

mae: 0.0008163828020096844
max_error: 0.007164755717894877
variance: 6.323979587237745e-07

AL interation 4681/5000.

mae: 0.000815968866869298
max_error: 0.0070545625621889485
variance: 6.313765222971375e-07

AL interation 4682/5000.

mae: 0.0008155878324268998
max_error: 0.0070513867376575945
variance: 6.310743397670033e-07

AL interation 4683/5000.

mae: 0.0008148420994966728
max_error: 0.007051563798086136
variance: 6.295048962653226e-07

AL interation 4684/5000.

mae: 0.0008147803515475971
max_error: 0.00704800411585893
variance: 6.294015150409471e-07

AL interation 4685/5000.

mae: 0.0008144216860364395
max_error: 0.007001724245128571
variance: 6.279880949900703e-07

AL interation 4686/5000.

mae: 0.0008130610059388346
max_error: 0.007040670918286196
variance: 6.269884053505526e-07

AL interation 4687/5000.

mae: 0.0008133931983593357
max_error: 0.007041800430670264
variance: 6.279632004809828e-07

AL interation 4688/5000.

mae: 0.0008133850017266013
max_error: 0.007037084293187945
variance: 6.277986411800818e-07

AL interation 4689/5000.

mae: 0.000813400403241758
max_error: 0.007040469454295817
variance: 6.278388276440198e-07

AL interation 4690/5000.

mae: 0.0008133968191086752
max_error: 0.007040897171464167
variance: 6.278279594808682e-07

AL interation 4691/5000.

mae: 0.0008136152749029862
max_error: 0.0067980022704432486
variance: 6.259898946078312e-07

AL interation 4692/5000.

mae: 0.0008137276560191822
max_error: 0.0068053969134780345
variance: 6.260398365851141e-07

AL interation 4693/5000.

mae: 0.0008137230678721607
max_error: 0.006806872041124734
variance: 6.259653256284725e-07

AL interation 4694/5000.

mae: 0.0008138487144724422
max_error: 0.006808116346292081
variance: 6.259468215907391e-07

AL interation 4695/5000.

mae: 0.0008138164713509469
max_error: 0.006808744872614625
variance: 6.259408964714001e-07

AL interation 4696/5000.

mae: 0.0008143602179752634
max_error: 0.006869115088193212
variance: 6.264084962246949e-07

AL interation 4697/5000.

mae: 0.0008143019232747975
max_error: 0.006871034966025036
variance: 6.265394608310528e-07

AL interation 4698/5000.

mae: 0.000814324872088946
max_error: 0.0068710069681401365
variance: 6.265648446608527e-07

AL interation 4699/5000.

mae: 0.000814036128735097
max_error: 0.0068849768649670295
variance: 6.265323254217503e-07

AL interation 4700/5000.

mae: 0.000813269197081354
max_error: 0.006880843669932801
variance: 6.264212611722349e-07

AL interation 4701/5000.

mae: 0.0008132724140123174
max_error: 0.006888175012136344
variance: 6.2655771802362e-07

AL interation 4702/5000.

mae: 0.0008125333462676281
max_error: 0.006822558971180115
variance: 6.266010916408717e-07

AL interation 4703/5000.

mae: 0.0008103324146240994
max_error: 0.006871218236483401
variance: 6.23973862764397e-07

AL interation 4704/5000.

mae: 0.0008102674345173
max_error: 0.006848360804724507
variance: 6.238373096643955e-07

AL interation 4705/5000.

mae: 0.0008102440321945323
max_error: 0.0068490488883981016
variance: 6.237603953752727e-07

AL interation 4706/5000.

mae: 0.0008108472135236298
max_error: 0.00689293299910787
variance: 6.245466414232267e-07

AL interation 4707/5000.

mae: 0.0008108385017212641
max_error: 0.0068798521751887165
variance: 6.252716497016466e-07

AL interation 4708/5000.

mae: 0.00081084198359531
max_error: 0.006883552785438951
variance: 6.254587086417151e-07

AL interation 4709/5000.

mae: 0.000810385266448975
max_error: 0.006873451722640311
variance: 6.260708622023501e-07

AL interation 4710/5000.

mae: 0.0008115482084331233
max_error: 0.0068909512119716965
variance: 6.276165186175465e-07

AL interation 4711/5000.

mae: 0.0008116674692073502
max_error: 0.006902425015141489
variance: 6.258339252444064e-07

AL interation 4712/5000.

mae: 0.0008116626640130562
max_error: 0.006896867485920666
variance: 6.256846923186192e-07

AL interation 4713/5000.

mae: 0.0008118061430295711
max_error: 0.006904138837853679
variance: 6.26056351387512e-07

AL interation 4714/5000.

mae: 0.0008117755721914364
max_error: 0.006892218607390532
variance: 6.261864795051933e-07

AL interation 4715/5000.

mae: 0.0008119182076452489
max_error: 0.006891253469802905
variance: 6.261614904577632e-07

AL interation 4716/5000.

mae: 0.0008119238073477391
max_error: 0.006891751076182118
variance: 6.26138539153163e-07

AL interation 4717/5000.

mae: 0.0008114335063128238
max_error: 0.0068746745855605695
variance: 6.241890231689909e-07

AL interation 4718/5000.

mae: 0.0008114524744141818
max_error: 0.006867768803203944
variance: 6.239669180626977e-07

AL interation 4719/5000.

mae: 0.0008116594457060274
max_error: 0.006942072282981826
variance: 6.260599565936306e-07

AL interation 4720/5000.

mae: 0.0008115458992224376
max_error: 0.006935527289897436
variance: 6.254829779905391e-07

AL interation 4721/5000.

mae: 0.0008114170990947969
max_error: 0.006936159083124949
variance: 6.256219582131671e-07

AL interation 4722/5000.

mae: 0.0008117927836801755
max_error: 0.006936196616152301
variance: 6.253284817628314e-07

AL interation 4723/5000.

mae: 0.0008120760399770007
max_error: 0.006939284739928553
variance: 6.26039407538882e-07

AL interation 4724/5000.

mae: 0.0008116157492659113
max_error: 0.0067813428831868805
variance: 6.279978498153983e-07

AL interation 4725/5000.

mae: 0.0008116206758313638
max_error: 0.006781466719985474
variance: 6.280042006139618e-07

AL interation 4726/5000.

mae: 0.0008120631896335909
max_error: 0.006798527194405324
variance: 6.284358046302465e-07

AL interation 4727/5000.

mae: 0.0008115844364856458
max_error: 0.006820151682404685
variance: 6.291723336427067e-07

AL interation 4728/5000.

mae: 0.0008117152429767885
max_error: 0.006823470792369335
variance: 6.295017858678099e-07

AL interation 4729/5000.

mae: 0.000811968614442776
max_error: 0.006808650750826928
variance: 6.294496022164806e-07

AL interation 4730/5000.

mae: 0.0008115347717075565
max_error: 0.006810138989749248
variance: 6.290938258578411e-07

AL interation 4731/5000.

mae: 0.0008109802503331594
max_error: 0.006826851420555613
variance: 6.293097207333795e-07

AL interation 4732/5000.

mae: 0.0008103644945786073
max_error: 0.00680754115273885
variance: 6.280739559688915e-07

AL interation 4733/5000.

mae: 0.0008102320181997129
max_error: 0.0067995854315086035
variance: 6.278558035674824e-07

AL interation 4734/5000.

mae: 0.0008102004526981545
max_error: 0.0067976752452523215
variance: 6.277929483919583e-07

AL interation 4735/5000.

mae: 0.0008086728996195234
max_error: 0.006898899633597466
variance: 6.272842975665662e-07

AL interation 4736/5000.

mae: 0.0008081821765681525
max_error: 0.006878355836306582
variance: 6.266459952872089e-07

AL interation 4737/5000.

mae: 0.00080798580022838
max_error: 0.006916620293850428
variance: 6.271019247520346e-07

AL interation 4738/5000.

mae: 0.0008082337668583932
max_error: 0.0068794743328908226
variance: 6.272846844248897e-07

AL interation 4739/5000.

mae: 0.0008082084795969422
max_error: 0.006880012622787035
variance: 6.271159895901626e-07

AL interation 4740/5000.

mae: 0.0008081374235771364
max_error: 0.0068689439776790095
variance: 6.269824947238337e-07

AL interation 4741/5000.

mae: 0.0008078454975493514
max_error: 0.0068649819204438245
variance: 6.268986945384341e-07

AL interation 4742/5000.

mae: 0.0008078329230556847
max_error: 0.00686745866369165
variance: 6.268251265813447e-07

AL interation 4743/5000.

mae: 0.0008053009570103313
max_error: 0.0068230597589717945
variance: 6.278386367785291e-07

AL interation 4744/5000.

mae: 0.0008053499580246353
max_error: 0.0068220037428545766
variance: 6.277009339796596e-07

AL interation 4745/5000.

mae: 0.0008051628570601678
max_error: 0.006809627608163282
variance: 6.275553330161793e-07

AL interation 4746/5000.

mae: 0.0008052738671558473
max_error: 0.006806982128182426
variance: 6.277784168512515e-07

AL interation 4747/5000.

mae: 0.0008051902784782215
max_error: 0.006801963099860586
variance: 6.275493252146222e-07

AL interation 4748/5000.

mae: 0.0008051707691765842
max_error: 0.0068328087945701554
variance: 6.266370738182416e-07

AL interation 4749/5000.

mae: 0.000805232868321582
max_error: 0.006846007840067614
variance: 6.267308694019332e-07

AL interation 4750/5000.

mae: 0.0008051910954627601
max_error: 0.006845146344858222
variance: 6.266671377052564e-07

AL interation 4751/5000.

mae: 0.0008051200647596488
max_error: 0.006822791838203557
variance: 6.268398644177436e-07

AL interation 4752/5000.

mae: 0.0008051220328625277
max_error: 0.006823828363849316
variance: 6.268415917098435e-07

AL interation 4753/5000.

mae: 0.0008051943511454738
max_error: 0.0068024205102119595
variance: 6.265446176210614e-07

AL interation 4754/5000.

mae: 0.0008054285238622469
max_error: 0.006792399472033139
variance: 6.265277036880764e-07

AL interation 4755/5000.

mae: 0.0008052979610320108
max_error: 0.006793713917431887
variance: 6.257341655901347e-07

AL interation 4756/5000.

mae: 0.0008052184827656674
max_error: 0.006779131348594092
variance: 6.251123509314573e-07

AL interation 4757/5000.

mae: 0.0008053451296809726
max_error: 0.0067687044574995525
variance: 6.248711103305077e-07

AL interation 4758/5000.

mae: 0.000804911535284191
max_error: 0.006738582516845781
variance: 6.244831071937168e-07

AL interation 4759/5000.

mae: 0.0008061612500587217
max_error: 0.006748203995812219
variance: 6.273627503513337e-07

AL interation 4760/5000.

mae: 0.0008060930102838029
max_error: 0.006735233910148963
variance: 6.277558247954169e-07

AL interation 4761/5000.

mae: 0.0008063681055891721
max_error: 0.006739613847457804
variance: 6.275722680857743e-07

AL interation 4762/5000.

mae: 0.000806324970562855
max_error: 0.006747837509465171
variance: 6.276253705340175e-07

AL interation 4763/5000.

mae: 0.000806353071763624
max_error: 0.0067479365279723424
variance: 6.276001188477911e-07

AL interation 4764/5000.

mae: 0.0008066958606377739
max_error: 0.006774189645511797
variance: 6.268788765937611e-07

AL interation 4765/5000.

mae: 0.0008066201365227244
max_error: 0.006784210268961033
variance: 6.262872291927365e-07

AL interation 4766/5000.

mae: 0.0008065328973143551
max_error: 0.006803264546761056
variance: 6.253440848081878e-07

AL interation 4767/5000.

mae: 0.0008064230839563606
max_error: 0.006801702435041079
variance: 6.251734305074335e-07

AL interation 4768/5000.

mae: 0.0008066407023288775
max_error: 0.006799144448450534
variance: 6.267859064428016e-07

AL interation 4769/5000.

mae: 0.0008066244407855265
max_error: 0.006799735845561372
variance: 6.26823179823613e-07

AL interation 4770/5000.

mae: 0.0008049982752199867
max_error: 0.006785861671232851
variance: 6.249470227828538e-07

AL interation 4771/5000.

mae: 0.0008045911361714388
max_error: 0.006789188930270029
variance: 6.243589037066088e-07

AL interation 4772/5000.

mae: 0.0008044155244078865
max_error: 0.0067907755183114205
variance: 6.235198247197528e-07

AL interation 4773/5000.

mae: 0.0008044225129160623
max_error: 0.0067941047200292815
variance: 6.233311529350497e-07

AL interation 4774/5000.

mae: 0.0008039341433286609
max_error: 0.00677316634755698
variance: 6.228643996096971e-07

AL interation 4775/5000.

mae: 0.0008041933720160159
max_error: 0.006769865281967213
variance: 6.224440775840794e-07

AL interation 4776/5000.

mae: 0.0008038640486165605
max_error: 0.006773482178687118
variance: 6.213737796204477e-07

AL interation 4777/5000.

mae: 0.0008039620276940696
max_error: 0.0067571986219263636
variance: 6.21768310946253e-07

AL interation 4778/5000.

mae: 0.0008042853586402998
max_error: 0.006788527731259819
variance: 6.23007936087953e-07

AL interation 4779/5000.

mae: 0.0008043097335084894
max_error: 0.0067854274457204156
variance: 6.234083536204396e-07

AL interation 4780/5000.

mae: 0.0008043179505475564
max_error: 0.006788890270399861
variance: 6.233895173033658e-07

AL interation 4781/5000.

mae: 0.0008043284667910484
max_error: 0.006789575447328389
variance: 6.235055406992854e-07

AL interation 4782/5000.

mae: 0.0008039760689953255
max_error: 0.0067969465962960385
variance: 6.237460786404228e-07

AL interation 4783/5000.

mae: 0.0008041034686575585
max_error: 0.0067891514336224645
variance: 6.237489108083396e-07

AL interation 4784/5000.

mae: 0.0008023898586252471
max_error: 0.006843013863544911
variance: 6.249555835151449e-07

AL interation 4785/5000.

mae: 0.0008020745420481035
max_error: 0.006781834264984354
variance: 6.237524054837527e-07

AL interation 4786/5000.

mae: 0.0008021570966084255
max_error: 0.006794198438001331
variance: 6.234020757962182e-07

AL interation 4787/5000.

mae: 0.000802385460977348
max_error: 0.006800749943067785
variance: 6.23550855704525e-07

AL interation 4788/5000.

mae: 0.0008028505466036222
max_error: 0.006761281845683698
variance: 6.241299376269534e-07

AL interation 4789/5000.

mae: 0.0008028170963989397
max_error: 0.006766211350623053
variance: 6.242133126759047e-07

AL interation 4790/5000.

mae: 0.0008027415248516263
max_error: 0.006765391277440358
variance: 6.241368573332832e-07

AL interation 4791/5000.

mae: 0.000802635546878264
max_error: 0.00674075870483648
variance: 6.238057025654311e-07

AL interation 4792/5000.

mae: 0.0008028612733360206
max_error: 0.006738159645465203
variance: 6.247829607539155e-07

AL interation 4793/5000.

mae: 0.0008029127981099009
max_error: 0.006745859427610412
variance: 6.244450003998712e-07

AL interation 4794/5000.

mae: 0.0008031476133191972
max_error: 0.0066735312684613746
variance: 6.248648206722925e-07

AL interation 4795/5000.

mae: 0.0008024695727026483
max_error: 0.006682326216832735
variance: 6.244888600486395e-07

AL interation 4796/5000.

mae: 0.0008024590434752099
max_error: 0.006686038956104312
variance: 6.245484969484966e-07

AL interation 4797/5000.

mae: 0.0008024415174368187
max_error: 0.006674094554909971
variance: 6.245163621477721e-07

AL interation 4798/5000.

mae: 0.000802324211335872
max_error: 0.006652552503510378
variance: 6.233315055322739e-07

AL interation 4799/5000.

mae: 0.0008024176978133255
max_error: 0.006659292143012863
variance: 6.234751415999864e-07

AL interation 4800/5000.

mae: 0.0008015415071340612
max_error: 0.00669695791657432
variance: 6.216250460123698e-07

AL interation 4801/5000.

mae: 0.0008017636431113715
max_error: 0.006759901005352731
variance: 6.208047131464128e-07

AL interation 4802/5000.

mae: 0.0008009403653677509
max_error: 0.006754648795322282
variance: 6.170206233115277e-07

AL interation 4803/5000.

mae: 0.0008009283454639445
max_error: 0.006789015777030727
variance: 6.174314232554649e-07

AL interation 4804/5000.

mae: 0.0008006287489206443
max_error: 0.006778124774427852
variance: 6.167626950710436e-07

AL interation 4805/5000.

mae: 0.0007993648581677917
max_error: 0.006769114468625048
variance: 6.171681134039079e-07

AL interation 4806/5000.

mae: 0.000799299858982522
max_error: 0.006784928980778204
variance: 6.173694576058793e-07

AL interation 4807/5000.

mae: 0.0007995645672654064
max_error: 0.006780721345421625
variance: 6.176691342526169e-07

AL interation 4808/5000.

mae: 0.0007992800630318015
max_error: 0.00676075784394925
variance: 6.176010755677076e-07

AL interation 4809/5000.

mae: 0.0007998545321970597
max_error: 0.0067574101685750065
variance: 6.18996010167251e-07

AL interation 4810/5000.

mae: 0.0007998612485971535
max_error: 0.00675384899477649
variance: 6.189569182029956e-07

AL interation 4811/5000.

mae: 0.0008000596598221819
max_error: 0.006756081736966735
variance: 6.194156567250392e-07

AL interation 4812/5000.

mae: 0.0007994933401887465
max_error: 0.0068046732812945265
variance: 6.20243924353809e-07

AL interation 4813/5000.

mae: 0.0007992226971746277
max_error: 0.0068136362060613465
variance: 6.188536217282531e-07

AL interation 4814/5000.

mae: 0.0007985930333843499
max_error: 0.0068087618819845375
variance: 6.190570061591331e-07

AL interation 4815/5000.

mae: 0.0007985555748118713
max_error: 0.006797587080654921
variance: 6.185981320904104e-07

AL interation 4816/5000.

mae: 0.0007985050429469993
max_error: 0.006802864900237182
variance: 6.181200967273212e-07

AL interation 4817/5000.

mae: 0.0007985172505450464
max_error: 0.006804555519920541
variance: 6.181855044660075e-07

AL interation 4818/5000.

mae: 0.0007985241588339705
max_error: 0.006804392291087424
variance: 6.181970675333291e-07

AL interation 4819/5000.

mae: 0.0007984839350137918
max_error: 0.006803594416851411
variance: 6.181567621768186e-07

AL interation 4820/5000.

mae: 0.0007984397817190256
max_error: 0.006803724896599306
variance: 6.181217158561408e-07

AL interation 4821/5000.

mae: 0.0007983546753885094
max_error: 0.006807624242355814
variance: 6.180799768351414e-07

AL interation 4822/5000.

mae: 0.0007986559938090068
max_error: 0.006792694683099398
variance: 6.188456775447708e-07

AL interation 4823/5000.

mae: 0.0007999385052626167
max_error: 0.0068098770098004024
variance: 6.202608796682997e-07

AL interation 4824/5000.

mae: 0.0007997534418182113
max_error: 0.006804062784794951
variance: 6.231867332017552e-07

AL interation 4825/5000.

mae: 0.0007983352587862101
max_error: 0.006793608317821054
variance: 6.213271614772772e-07

AL interation 4826/5000.

mae: 0.0007978051540585511
max_error: 0.006822193066909676
variance: 6.208715948851097e-07

AL interation 4827/5000.

mae: 0.0007976865803721012
max_error: 0.006771933603886282
variance: 6.194738692431635e-07

AL interation 4828/5000.

mae: 0.0007976525313915773
max_error: 0.006771357464458561
variance: 6.197750041691852e-07

AL interation 4829/5000.

mae: 0.0007977094431826118
max_error: 0.006776857891964028
variance: 6.2029531587993e-07

AL interation 4830/5000.

mae: 0.0007976737587769094
max_error: 0.0067754947776847985
variance: 6.192842296210881e-07

AL interation 4831/5000.

mae: 0.0007974766985253155
max_error: 0.006765870701201493
variance: 6.193145688622788e-07

AL interation 4832/5000.

mae: 0.0007974695868115304
max_error: 0.006763800982298562
variance: 6.190810004291441e-07

AL interation 4833/5000.

mae: 0.0007975239576517197
max_error: 0.006764590867533116
variance: 6.188646064782381e-07

AL interation 4834/5000.

mae: 0.0007972654432242053
max_error: 0.006757307255611522
variance: 6.180170993914628e-07

AL interation 4835/5000.

mae: 0.000797052035822162
max_error: 0.006802411498938454
variance: 6.17482180497946e-07

AL interation 4836/5000.

mae: 0.0007970031343766096
max_error: 0.0068045690313738305
variance: 6.174829334664878e-07

AL interation 4837/5000.

mae: 0.0007969910636966233
max_error: 0.0068057443168072496
variance: 6.174895715021014e-07

AL interation 4838/5000.

mae: 0.0007983914907217695
max_error: 0.006825072461651871
variance: 6.225465760792588e-07

AL interation 4839/5000.

mae: 0.0007982416011982423
max_error: 0.006814420597947901
variance: 6.223732634435436e-07

AL interation 4840/5000.

mae: 0.0007979455674185374
max_error: 0.006806422938097967
variance: 6.223389649509198e-07

AL interation 4841/5000.

mae: 0.0007979477018061516
max_error: 0.006806330220570089
variance: 6.221848367196437e-07

AL interation 4842/5000.

mae: 0.000798262115597936
max_error: 0.006809592221543426
variance: 6.214967542458934e-07

AL interation 4843/5000.

mae: 0.0007984203891319339
max_error: 0.006794432792958105
variance: 6.2151850558885e-07

AL interation 4844/5000.

mae: 0.0007984584419164093
max_error: 0.006795323639380513
variance: 6.214417983433129e-07

AL interation 4845/5000.

mae: 0.0007983801526906973
max_error: 0.006808472306147451
variance: 6.213724158747041e-07

AL interation 4846/5000.

mae: 0.0007981841147729938
max_error: 0.006786975918657845
variance: 6.201379936275679e-07

AL interation 4847/5000.

mae: 0.0007975424911055598
max_error: 0.006822998013376491
variance: 6.205270126735305e-07

AL interation 4848/5000.

mae: 0.0007975410433809884
max_error: 0.006815921446104767
variance: 6.202737478066313e-07

AL interation 4849/5000.

mae: 0.0007975925960554377
max_error: 0.006819816047936911
variance: 6.207664559401798e-07

AL interation 4850/5000.

mae: 0.0007975236122811112
max_error: 0.006814727010350907
variance: 6.205463686257929e-07

AL interation 4851/5000.

mae: 0.0007965868628516546
max_error: 0.006807123561884509
variance: 6.221841403551759e-07

AL interation 4852/5000.

mae: 0.0007965070738082432
max_error: 0.006819377773354063
variance: 6.220937730042963e-07

AL interation 4853/5000.

mae: 0.0007965798717032157
max_error: 0.006814289685280528
variance: 6.223736967267302e-07

AL interation 4854/5000.

mae: 0.0007966142566929193
max_error: 0.0068112267399556
variance: 6.22413599920199e-07

AL interation 4855/5000.

mae: 0.0007974106609044612
max_error: 0.006857776876131538
variance: 6.245188722769053e-07

AL interation 4856/5000.

mae: 0.0007973254096359597
max_error: 0.006876298837596551
variance: 6.242639141100076e-07

AL interation 4857/5000.

mae: 0.0007974151953512774
max_error: 0.006869719738460844
variance: 6.242275346855351e-07

AL interation 4858/5000.

mae: 0.0007970854846380462
max_error: 0.006879342316096881
variance: 6.235222673887279e-07

AL interation 4859/5000.

mae: 0.0007971421367847142
max_error: 0.0068787958298344165
variance: 6.233888497130923e-07

AL interation 4860/5000.

mae: 0.0007971719407978527
max_error: 0.0068790214718319476
variance: 6.230533708839577e-07

AL interation 4861/5000.

mae: 0.000797450519902668
max_error: 0.006862147976789856
variance: 6.24210405301877e-07

AL interation 4862/5000.

mae: 0.00079746832296496
max_error: 0.006862268164695706
variance: 6.242070891695866e-07

AL interation 4863/5000.

mae: 0.0007974500458376497
max_error: 0.006866402894956991
variance: 6.240232514759206e-07

AL interation 4864/5000.

mae: 0.0007975229132880486
max_error: 0.006865138184366515
variance: 6.238280736107453e-07

AL interation 4865/5000.

mae: 0.0007974974838089111
max_error: 0.006865865176223451
variance: 6.238747136037283e-07

AL interation 4866/5000.

mae: 0.0007973236574998737
max_error: 0.006860377958219033
variance: 6.232732608913843e-07

AL interation 4867/5000.

mae: 0.0007970227255018472
max_error: 0.006857401214801939
variance: 6.235967659929545e-07

AL interation 4868/5000.

mae: 0.0007966535655095868
max_error: 0.006619954165216768
variance: 6.219551406724697e-07

AL interation 4869/5000.

mae: 0.0007966388576887767
max_error: 0.006620582094910787
variance: 6.219274459108732e-07

AL interation 4870/5000.

mae: 0.000796645653667838
max_error: 0.00662650278172805
variance: 6.217474430148599e-07

AL interation 4871/5000.

mae: 0.0007967607524451524
max_error: 0.006625008292758139
variance: 6.21256318578322e-07

AL interation 4872/5000.

mae: 0.0007962865790159413
max_error: 0.006634545778069878
variance: 6.212320285231066e-07

AL interation 4873/5000.

mae: 0.0007958466646405213
max_error: 0.0066699683429760626
variance: 6.21169896715076e-07

AL interation 4874/5000.

mae: 0.00079591168323077
max_error: 0.006730729923219769
variance: 6.223609796736921e-07

AL interation 4875/5000.

mae: 0.0007959596759292254
max_error: 0.006736821806043736
variance: 6.226808118361098e-07

AL interation 4876/5000.

mae: 0.000795994157889254
max_error: 0.006734459593644715
variance: 6.227238678959236e-07

AL interation 4877/5000.

mae: 0.0007959601442798885
max_error: 0.006735567547366372
variance: 6.231058418475732e-07

AL interation 4878/5000.

mae: 0.000795758862574985
max_error: 0.006730334489475354
variance: 6.23093850184513e-07

AL interation 4879/5000.

mae: 0.0007957694973365506
max_error: 0.00672998604386521
variance: 6.231013261392415e-07

AL interation 4880/5000.

mae: 0.0007956052713861937
max_error: 0.006698391987811192
variance: 6.229165243120172e-07

AL interation 4881/5000.

mae: 0.0007954269959964222
max_error: 0.006716207883073366
variance: 6.227933375715877e-07

AL interation 4882/5000.

mae: 0.000795274163522663
max_error: 0.006701891439661267
variance: 6.217367458433799e-07

AL interation 4883/5000.

mae: 0.0007944174407111859
max_error: 0.006683704536044388
variance: 6.208295937240895e-07

AL interation 4884/5000.

mae: 0.000794573560767276
max_error: 0.006685496779027744
variance: 6.209335264637305e-07

AL interation 4885/5000.

mae: 0.0007945716675467338
max_error: 0.006683330493615358
variance: 6.209411004108783e-07

AL interation 4886/5000.

mae: 0.0007943697373266332
max_error: 0.006682063691187068
variance: 6.208564928339247e-07

AL interation 4887/5000.

mae: 0.0007946704052465065
max_error: 0.0066421521096344804
variance: 6.209952040844472e-07

AL interation 4888/5000.

mae: 0.0007949953959523555
max_error: 0.006643266784521984
variance: 6.218688566805341e-07

AL interation 4889/5000.

mae: 0.0007948077346763967
max_error: 0.00671891659112589
variance: 6.21055052871157e-07

AL interation 4890/5000.

mae: 0.0007943091154511421
max_error: 0.006704976634864579
variance: 6.195588982558128e-07

AL interation 4891/5000.

mae: 0.0007943757209486649
max_error: 0.006701736832837923
variance: 6.195658608211781e-07

AL interation 4892/5000.

mae: 0.0007943829910282147
max_error: 0.006699523857605527
variance: 6.195499816548565e-07

AL interation 4893/5000.

mae: 0.0007940010170577808
max_error: 0.006681338176349527
variance: 6.196335632172329e-07

AL interation 4894/5000.

mae: 0.0007928729818877401
max_error: 0.006744262273059576
variance: 6.189199214126589e-07

AL interation 4895/5000.

mae: 0.0007929009731105907
max_error: 0.006748177524059429
variance: 6.19122978160313e-07

AL interation 4896/5000.

mae: 0.0007928020065846795
max_error: 0.006762108050679672
variance: 6.19351576474753e-07

AL interation 4897/5000.

mae: 0.0007928582343020025
max_error: 0.006797021478632814
variance: 6.200752189517735e-07

AL interation 4898/5000.

mae: 0.0007928319931570513
max_error: 0.006794809507482569
variance: 6.199304408151757e-07

AL interation 4899/5000.

mae: 0.0007939924672318739
max_error: 0.006868023692732095
variance: 6.211072705808483e-07

AL interation 4900/5000.

mae: 0.0007948333092854228
max_error: 0.006889023779876879
variance: 6.222834374953009e-07

AL interation 4901/5000.

mae: 0.0007949096800166445
max_error: 0.006885775719638332
variance: 6.22365184010636e-07

AL interation 4902/5000.

mae: 0.0007940278424666758
max_error: 0.006865587738502654
variance: 6.231502422861782e-07

AL interation 4903/5000.

mae: 0.0007941680749781881
max_error: 0.006877082063510898
variance: 6.233172645046519e-07

AL interation 4904/5000.

mae: 0.0007941813755960539
max_error: 0.0068942621855967445
variance: 6.236110579461895e-07

AL interation 4905/5000.

mae: 0.0007940238934415902
max_error: 0.006894096417454421
variance: 6.22989943279205e-07

AL interation 4906/5000.

mae: 0.0007934961379132802
max_error: 0.00690300018140988
variance: 6.2477179673792e-07

AL interation 4907/5000.

mae: 0.0007934242770597848
max_error: 0.006902346254719305
variance: 6.248365379826524e-07

AL interation 4908/5000.

mae: 0.0007927609677353758
max_error: 0.006931625217475812
variance: 6.239053152264844e-07

AL interation 4909/5000.

mae: 0.0007928031415922306
max_error: 0.006943500395209412
variance: 6.234732411703993e-07

AL interation 4910/5000.

mae: 0.000792670268461734
max_error: 0.006952414672923624
variance: 6.237708858733171e-07

AL interation 4911/5000.

mae: 0.0007922034021230502
max_error: 0.0069760765891260235
variance: 6.243785691176397e-07

AL interation 4912/5000.

mae: 0.0007921921924726121
max_error: 0.006979937008509296
variance: 6.242921433419951e-07

AL interation 4913/5000.

mae: 0.0007922287949641032
max_error: 0.0069808321986783994
variance: 6.243328764163237e-07

AL interation 4914/5000.

mae: 0.0007922454139825277
max_error: 0.006978969022384263
variance: 6.2439698246452e-07

AL interation 4915/5000.

mae: 0.000792059548512043
max_error: 0.006966074577576364
variance: 6.248270665328074e-07

AL interation 4916/5000.

mae: 0.0007918924105633778
max_error: 0.007032661500488757
variance: 6.255607325445698e-07

AL interation 4917/5000.

mae: 0.0007919265557284234
max_error: 0.00703250473998196
variance: 6.253462686874574e-07

AL interation 4918/5000.

mae: 0.0007920913553844003
max_error: 0.007041437069347012
variance: 6.250962198626584e-07

AL interation 4919/5000.

mae: 0.0007922729462889038
max_error: 0.007051748490994214
variance: 6.251644685498437e-07

AL interation 4920/5000.

mae: 0.0007922782921878025
max_error: 0.007077214131641085
variance: 6.260011550539685e-07

AL interation 4921/5000.

mae: 0.0007915333510336495
max_error: 0.0071588399423490046
variance: 6.241500622830561e-07

AL interation 4922/5000.

mae: 0.0007900243516742193
max_error: 0.0072238959019159665
variance: 6.217976533063718e-07

AL interation 4923/5000.

mae: 0.0007899540904763853
max_error: 0.007223268474263023
variance: 6.216747085390242e-07

AL interation 4924/5000.

mae: 0.0007899502172112988
max_error: 0.0072201607308670646
variance: 6.215354803166376e-07

AL interation 4925/5000.

mae: 0.0007899729801692957
max_error: 0.0072225571693707025
variance: 6.215800739960002e-07

AL interation 4926/5000.

mae: 0.0007897529355377628
max_error: 0.007211475609437912
variance: 6.217570300876986e-07

AL interation 4927/5000.

mae: 0.0007897728095622369
max_error: 0.007220693833005498
variance: 6.224334442087166e-07

AL interation 4928/5000.

mae: 0.00079041106396744
max_error: 0.0072167546441050945
variance: 6.216331069652948e-07

AL interation 4929/5000.

mae: 0.0007898365422615826
max_error: 0.007232339148686151
variance: 6.22338449454031e-07

AL interation 4930/5000.

mae: 0.0007898257576189281
max_error: 0.007231582485474064
variance: 6.223361766537349e-07

AL interation 4931/5000.

mae: 0.0007900440106868701
max_error: 0.007236585266582551
variance: 6.218955767414238e-07

AL interation 4932/5000.

mae: 0.0007899575009887485
max_error: 0.007248957253978006
variance: 6.2149743962047e-07

AL interation 4933/5000.

mae: 0.0007894079856450844
max_error: 0.007246580227729282
variance: 6.194565300972518e-07

AL interation 4934/5000.

mae: 0.0007889122624228548
max_error: 0.007247542662298656
variance: 6.176572174837799e-07

AL interation 4935/5000.

mae: 0.0007887740160931571
max_error: 0.007247175924931071
variance: 6.175901191073879e-07

AL interation 4936/5000.

mae: 0.0007889162074452543
max_error: 0.007247702958920854
variance: 6.179433842764324e-07

AL interation 4937/5000.

mae: 0.0007887919406566652
max_error: 0.007251700821143459
variance: 6.179910334144942e-07

AL interation 4938/5000.

mae: 0.0007886966061705608
max_error: 0.007253207286339602
variance: 6.185843046204935e-07

AL interation 4939/5000.

mae: 0.0007885348932613851
max_error: 0.007262907090989756
variance: 6.166894630688035e-07

AL interation 4940/5000.

mae: 0.0007885358373650889
max_error: 0.00726561994633812
variance: 6.167832018152146e-07

AL interation 4941/5000.

mae: 0.0007884098955064473
max_error: 0.007258008414282813
variance: 6.166739407239074e-07

AL interation 4942/5000.

mae: 0.0007885536832573052
max_error: 0.0072641850983927725
variance: 6.17124065903857e-07

AL interation 4943/5000.

mae: 0.0007880207797252296
max_error: 0.0072501447994000046
variance: 6.170695033512398e-07

AL interation 4944/5000.

mae: 0.0007880224423324762
max_error: 0.007250098495205748
variance: 6.170709104270752e-07

AL interation 4945/5000.

mae: 0.0007878993241893114
max_error: 0.00727505078066315
variance: 6.172334126588329e-07

AL interation 4946/5000.

mae: 0.0007879865726763455
max_error: 0.007279318908331334
variance: 6.173415578777756e-07

AL interation 4947/5000.

mae: 0.0007868278556925361
max_error: 0.007273779081515386
variance: 6.174276928986179e-07

AL interation 4948/5000.

mae: 0.0007866510695557735
max_error: 0.007279342868059757
variance: 6.172909082225355e-07

AL interation 4949/5000.

mae: 0.0007866508884062568
max_error: 0.007279549374288763
variance: 6.17290139419333e-07

AL interation 4950/5000.

mae: 0.0007855641618434674
max_error: 0.007344358431510045
variance: 6.17416850590712e-07

AL interation 4951/5000.

mae: 0.0007856066887197813
max_error: 0.007335595391850802
variance: 6.173489032203006e-07

AL interation 4952/5000.

mae: 0.0007855099451280694
max_error: 0.007348497498242068
variance: 6.176876286458226e-07

AL interation 4953/5000.

mae: 0.0007847389692669822
max_error: 0.007315051114346716
variance: 6.173041604742104e-07

AL interation 4954/5000.

mae: 0.0007847074466071718
max_error: 0.007315500353797688
variance: 6.17345632881902e-07

AL interation 4955/5000.

mae: 0.0007842985913157464
max_error: 0.007252451852764352
variance: 6.163734093214128e-07

AL interation 4956/5000.

mae: 0.0007843699495451802
max_error: 0.0072641894930711715
variance: 6.159906918496897e-07

AL interation 4957/5000.

mae: 0.0007841798815125003
max_error: 0.007266665166753228
variance: 6.156510604930282e-07

AL interation 4958/5000.

mae: 0.0007812952250906165
max_error: 0.007252816778418492
variance: 6.161374525355038e-07

AL interation 4959/5000.

mae: 0.0007812944369989055
max_error: 0.0072527343127148924
variance: 6.161707060211722e-07

AL interation 4960/5000.

mae: 0.0007813310119981907
max_error: 0.0072553309710201574
variance: 6.161866627682418e-07

AL interation 4961/5000.

mae: 0.0007811231378591401
max_error: 0.007253654706801171
variance: 6.156438396490945e-07

AL interation 4962/5000.

mae: 0.0007810682822400849
max_error: 0.007265020283739432
variance: 6.153296854498365e-07

AL interation 4963/5000.

mae: 0.0007805100889563619
max_error: 0.0072675157334742835
variance: 6.144210395219613e-07

AL interation 4964/5000.

mae: 0.0007803778032821355
max_error: 0.007273738532603602
variance: 6.135705859906333e-07

AL interation 4965/5000.

mae: 0.000780482127045616
max_error: 0.007278763090653229
variance: 6.135968368532952e-07

AL interation 4966/5000.

mae: 0.0007805626907202168
max_error: 0.007224887120173662
variance: 6.129387645269303e-07

AL interation 4967/5000.

mae: 0.0007805446924785429
max_error: 0.007222653226563125
variance: 6.129563346111845e-07

AL interation 4968/5000.

mae: 0.000779969466590046
max_error: 0.007188514389781631
variance: 6.120008297662744e-07

AL interation 4969/5000.

mae: 0.0007801955269933387
max_error: 0.007200835358162294
variance: 6.121554722197877e-07

AL interation 4970/5000.

mae: 0.0007798635467188433
max_error: 0.007273800451002899
variance: 6.122699453656598e-07

AL interation 4971/5000.

mae: 0.0007792630356543668
max_error: 0.007277135699041537
variance: 6.118812686237939e-07

AL interation 4972/5000.

mae: 0.000778428914266442
max_error: 0.0073332779847987695
variance: 6.116833425681034e-07

AL interation 4973/5000.

mae: 0.0007784389245207422
max_error: 0.007358724496953073
variance: 6.095429518257737e-07

AL interation 4974/5000.

mae: 0.00077849790698383
max_error: 0.007357342465184047
variance: 6.095662272585194e-07

AL interation 4975/5000.

mae: 0.0007779592556262287
max_error: 0.007323796604396193
variance: 6.068888981494225e-07

AL interation 4976/5000.

mae: 0.0007774535422013286
max_error: 0.007308044490855536
variance: 6.056158338281096e-07

AL interation 4977/5000.

mae: 0.0007775296763311417
max_error: 0.007328910416617873
variance: 6.05070208825904e-07

AL interation 4978/5000.

mae: 0.0007776251378554662
max_error: 0.0073297200851811795
variance: 6.050790106047521e-07

AL interation 4979/5000.

mae: 0.0007775765105070604
max_error: 0.007331744125622208
variance: 6.050220239663653e-07

AL interation 4980/5000.

mae: 0.0007757890335587945
max_error: 0.007289530365596875
variance: 6.01429333088982e-07

AL interation 4981/5000.

mae: 0.0007761299886360575
max_error: 0.007303573196622892
variance: 6.007639013083888e-07

AL interation 4982/5000.

mae: 0.000776179958856119
max_error: 0.00728037868066167
variance: 6.003817671830495e-07

AL interation 4983/5000.

mae: 0.0007752923610905782
max_error: 0.007327933029955602
variance: 6.006543288029261e-07

AL interation 4984/5000.

mae: 0.0007750579279263548
max_error: 0.007378466782029136
variance: 6.004909814463814e-07

AL interation 4985/5000.

mae: 0.0007751410759938153
max_error: 0.007376279701929889
variance: 6.005313018469161e-07

AL interation 4986/5000.

mae: 0.0007750880366538696
max_error: 0.007374884638920776
variance: 6.004762937756876e-07

AL interation 4987/5000.

mae: 0.0007757458492988008
max_error: 0.00739723783590307
variance: 6.012031948917994e-07

AL interation 4988/5000.

mae: 0.0007757106515718987
max_error: 0.00739889908254554
variance: 6.01213151456946e-07

AL interation 4989/5000.

mae: 0.0007751969903547433
max_error: 0.007357462780419155
variance: 6.014124274974371e-07

AL interation 4990/5000.

mae: 0.000774847720096659
max_error: 0.007379887849310762
variance: 6.015367644116082e-07

AL interation 4991/5000.

mae: 0.0007749036968161818
max_error: 0.0073779934809863335
variance: 6.015739336529799e-07

AL interation 4992/5000.

mae: 0.0007744245743933789
max_error: 0.007361517336903489
variance: 6.009951930138716e-07

AL interation 4993/5000.

mae: 0.0007743343040265244
max_error: 0.007365042771198205
variance: 6.010676612367341e-07

AL interation 4994/5000.

mae: 0.0007741178041496823
max_error: 0.007378635613349616
variance: 6.025620483635752e-07

AL interation 4995/5000.

mae: 0.0007740499891369837
max_error: 0.007441557032507262
variance: 6.021134707658536e-07

AL interation 4996/5000.

mae: 0.000774292474804497
max_error: 0.007459854610715411
variance: 6.028260387582015e-07

AL interation 4997/5000.

mae: 0.0007746547986207589
max_error: 0.00747374845923332
variance: 6.026506233162342e-07

AL interation 4998/5000.

mae: 0.0007746930743451231
max_error: 0.007461127146598301
variance: 6.024769726017597e-07

AL interation 4999/5000.

mae: 0.0007744732158680563
max_error: 0.007468103713108576
variance: 6.030831282918005e-07
[2024-06-22 15:33:48,808][__main__][INFO] - Experiment run time: 2231.802494764328
submitit INFO (2024-06-22 15:33:48,810) - Job completed successfully
[2024-06-22 15:33:48,810][submitit][INFO] - Job completed successfully
submitit INFO (2024-06-22 15:33:48,818) - Exiting after successful completion
[2024-06-22 15:33:48,818][submitit][INFO] - Exiting after successful completion
