submitit INFO (2024-07-01 17:28:17,495) - Starting with JobEnvironment(job_id=489624_2, hostname=gpu21003.pleiades.uni-wuppertal.de, local_rank=0(1), node=0(1), global_rank=0(1))
submitit INFO (2024-07-01 17:28:17,495) - Loading pickle: /beegfs/holzenkamp/dev/active_learning/active/../../experiments/benzene/candidate_based_al/rmd17_full_rmd17_energy/GPR_soap_atomistic_atomistic_sum1/combinations3_1000/.submitit/489624_2/489624_2_submitted.pkl
[2024-07-01 17:28:25,889][__main__][INFO] - Running on host: gpu21003.pleiades.uni-wuppertal.de
[2024-07-01 17:28:25,889][__main__][INFO] - Init trajectory.
[2024-07-01 17:28:27,701][__main__][INFO] - Run experiment

AL interation 0/1000.

mae: 0.007340602678849791
max_error: 0.0715137979177598
variance: 4.8821868713113366e-05

AL interation 1/1000.

mae: 0.007296954434934378
max_error: 0.07502397074586042
variance: 4.905395529061739e-05

AL interation 2/1000.

mae: 0.006922057371981282
max_error: 0.10725886774434912
variance: 4.722009618741877e-05

AL interation 3/1000.

mae: 0.006915888249435739
max_error: 0.10584849600400048
variance: 4.6716475820403455e-05

AL interation 4/1000.

mae: 0.006921776833238255
max_error: 0.10799022663104552
variance: 4.706348862223377e-05

AL interation 5/1000.

mae: 0.006921556070427869
max_error: 0.1076233851881625
variance: 4.711749345481935e-05

AL interation 6/1000.

mae: 0.006894128308779728
max_error: 0.12242797346971201
variance: 4.914474563651676e-05

AL interation 7/1000.

mae: 0.006819787151616765
max_error: 0.1249352416880356
variance: 4.793102584021385e-05

AL interation 8/1000.

mae: 0.006816781865089979
max_error: 0.12451609379331785
variance: 4.7828675395189215e-05

AL interation 9/1000.

mae: 0.006727117676378839
max_error: 0.13474573472467455
variance: 4.8401372773973954e-05

AL interation 10/1000.

mae: 0.006700357742268352
max_error: 0.1376034698141666
variance: 5.016514624121404e-05

AL interation 11/1000.

mae: 0.006681163018340158
max_error: 0.14170529441162216
variance: 5.141121471209137e-05

AL interation 12/1000.

mae: 0.006684334832567401
max_error: 0.1433132996708082
variance: 5.1491587494691376e-05

AL interation 13/1000.

mae: 0.006637632479283639
max_error: 0.13633947124890256
variance: 5.146610093760268e-05

AL interation 14/1000.

mae: 0.006620678560877423
max_error: 0.12835385968628543
variance: 4.9872949392270914e-05

AL interation 15/1000.

mae: 0.006588645460673433
max_error: 0.13769258492811787
variance: 5.274352898499408e-05

AL interation 16/1000.

mae: 0.0065483744980801934
max_error: 0.14681416611256282
variance: 5.177215861699912e-05

AL interation 17/1000.

mae: 0.006550767934275428
max_error: 0.14615025375223922
variance: 5.168467024891285e-05

AL interation 18/1000.

mae: 0.00654764218593482
max_error: 0.14418338670930098
variance: 5.127198173617647e-05

AL interation 19/1000.

mae: 0.006405930900365092
max_error: 0.13889981110241933
variance: 4.9342619781786416e-05

AL interation 20/1000.

mae: 0.00640789741192566
max_error: 0.13937189059925004
variance: 4.941829965684005e-05

AL interation 21/1000.

mae: 0.006430702767572257
max_error: 0.14019728492257855
variance: 4.962321175322967e-05

AL interation 22/1000.

mae: 0.006430296182687926
max_error: 0.14036296339600085
variance: 4.963210904528374e-05

AL interation 23/1000.

mae: 0.006437775399794191
max_error: 0.1299346513214914
variance: 4.8071431695575454e-05

AL interation 24/1000.

mae: 0.006412521344792367
max_error: 0.1333802040126102
variance: 4.848290625159605e-05

AL interation 25/1000.

mae: 0.006389208182322363
max_error: 0.1292561937980281
variance: 4.705522538429066e-05

AL interation 26/1000.

mae: 0.006428229282217217
max_error: 0.12543137165903318
variance: 4.757309204474209e-05

AL interation 27/1000.

mae: 0.006460268565133447
max_error: 0.12302183526753652
variance: 4.8112560371461665e-05

AL interation 28/1000.

mae: 0.006469922421442789
max_error: 0.12903669538627582
variance: 4.9346544140638714e-05

AL interation 29/1000.

mae: 0.006405846276121338
max_error: 0.1563160160831103
variance: 5.2128323565056285e-05

AL interation 30/1000.

mae: 0.00637455238149596
max_error: 0.1576895441785382
variance: 5.187536684341593e-05

AL interation 31/1000.

mae: 0.006380355799913559
max_error: 0.15692055956878903
variance: 5.194159667482733e-05

AL interation 32/1000.

mae: 0.006410728136230319
max_error: 0.1518453359412888
variance: 5.1566189843898855e-05

AL interation 33/1000.

mae: 0.006436593982986779
max_error: 0.14816432438510674
variance: 5.093594402852823e-05

AL interation 34/1000.

mae: 0.00646521069022765
max_error: 0.15708974730932823
variance: 5.307559439948551e-05

AL interation 35/1000.

mae: 0.00646163464230267
max_error: 0.1766359382409064
variance: 5.702062932265556e-05

AL interation 36/1000.

mae: 0.006402610691162408
max_error: 0.19493960651288944
variance: 6.165996276497549e-05

AL interation 37/1000.

mae: 0.006328561614989667
max_error: 0.1706678940781785
variance: 6.11785715509309e-05

AL interation 38/1000.

mae: 0.0063407715585690316
max_error: 0.17114717866479623
variance: 6.130565869305957e-05

AL interation 39/1000.

mae: 0.006286046121595973
max_error: 0.17080328809515777
variance: 5.7465550210700304e-05

AL interation 40/1000.

mae: 0.006342331387719242
max_error: 0.1594178421464676
variance: 5.591592123699454e-05

AL interation 41/1000.

mae: 0.006351906380862602
max_error: 0.16642013283399137
variance: 5.807403027099727e-05

AL interation 42/1000.

mae: 0.0064042851347585385
max_error: 0.1799546344072951
variance: 6.105233027123932e-05

AL interation 43/1000.

mae: 0.006382741865147182
max_error: 0.16237539115081745
variance: 5.760197493570013e-05

AL interation 44/1000.

mae: 0.006306416357178023
max_error: 0.16719571160047053
variance: 5.773561342363632e-05

AL interation 45/1000.

mae: 0.006196956783829649
max_error: 0.15315747304248362
variance: 5.348214354746301e-05

AL interation 46/1000.

mae: 0.006196949587726749
max_error: 0.15310618216881267
variance: 5.347061072791829e-05

AL interation 47/1000.

mae: 0.006035163484776604
max_error: 0.14474202981637063
variance: 4.783346027034159e-05

AL interation 48/1000.

mae: 0.005960615820454223
max_error: 0.1278812098707931
variance: 4.3635210085909584e-05

AL interation 49/1000.

mae: 0.00597144267267322
max_error: 0.12974470851895603
variance: 4.422093545797963e-05

AL interation 50/1000.

mae: 0.006038366020548892
max_error: 0.13328241380349937
variance: 4.5772111791950474e-05

AL interation 51/1000.

mae: 0.006020730802204525
max_error: 0.12929084604093077
variance: 4.503979114955542e-05

AL interation 52/1000.

mae: 0.0061202005959776215
max_error: 0.12693088802461716
variance: 4.614276899316623e-05

AL interation 53/1000.

mae: 0.006005337644506653
max_error: 0.11322956681669893
variance: 4.343120610929958e-05

AL interation 54/1000.

mae: 0.006043648391183524
max_error: 0.11851731761544215
variance: 4.4166843217553754e-05

AL interation 55/1000.

mae: 0.006073858993411704
max_error: 0.13261978716309386
variance: 4.6520608400797564e-05

AL interation 56/1000.

mae: 0.006077134084211139
max_error: 0.1335682809976788
variance: 4.659867878613303e-05

AL interation 57/1000.

mae: 0.005984949030384996
max_error: 0.12533946263556572
variance: 4.4321023104038266e-05

AL interation 58/1000.

mae: 0.005983064420228402
max_error: 0.12520488861900958
variance: 4.434133310803012e-05

AL interation 59/1000.

mae: 0.005980926128866486
max_error: 0.11194178663845378
variance: 4.186427235822516e-05

AL interation 60/1000.

mae: 0.005968340481278574
max_error: 0.10652196911814826
variance: 4.04259848412108e-05

AL interation 61/1000.

mae: 0.005981337679734679
max_error: 0.11110996365732717
variance: 4.1612857550512217e-05

AL interation 62/1000.

mae: 0.006103058152084486
max_error: 0.11052261785789597
variance: 4.328140741092392e-05

AL interation 63/1000.

mae: 0.006127973802596898
max_error: 0.1058803454898225
variance: 4.290008080807499e-05

AL interation 64/1000.

mae: 0.006052071365095799
max_error: 0.1195313043817805
variance: 4.229842830885867e-05

AL interation 65/1000.

mae: 0.0060015442480007555
max_error: 0.11916595282218623
variance: 4.236028620679621e-05

AL interation 66/1000.

mae: 0.005945508178972886
max_error: 0.11299407160095143
variance: 4.124740862167464e-05

AL interation 67/1000.

mae: 0.0059526518264001425
max_error: 0.11848868317156303
variance: 4.263798046200433e-05

AL interation 68/1000.

mae: 0.005866796443071507
max_error: 0.09325452711618709
variance: 3.8453591969968615e-05

AL interation 69/1000.

mae: 0.005871650783674341
max_error: 0.0933402534965353
variance: 3.860381012102732e-05

AL interation 70/1000.

mae: 0.0058639613747755
max_error: 0.09165052887237835
variance: 3.7945546131954686e-05

AL interation 71/1000.

mae: 0.0058381743826630556
max_error: 0.08947950652054715
variance: 3.736607804098754e-05

AL interation 72/1000.

mae: 0.005839465778522936
max_error: 0.08937637628241646
variance: 3.7357916588309485e-05

AL interation 73/1000.

mae: 0.005824727462483679
max_error: 0.09088509510456788
variance: 3.871611769782811e-05

AL interation 74/1000.

mae: 0.0057550355777739245
max_error: 0.07281120424795517
variance: 3.361772142796204e-05

AL interation 75/1000.

mae: 0.005747903315027543
max_error: 0.07166375127326319
variance: 3.305952040021193e-05

AL interation 76/1000.

mae: 0.005599127003223657
max_error: 0.06468882575336465
variance: 3.3032509753332764e-05

AL interation 77/1000.

mae: 0.005591911126969535
max_error: 0.06413312699351081
variance: 3.2721430489782745e-05

AL interation 78/1000.

mae: 0.005576201589099583
max_error: 0.06321560289416084
variance: 3.225454819315697e-05

AL interation 79/1000.

mae: 0.005475763168141384
max_error: 0.05928007816601166
variance: 3.103949373164064e-05

AL interation 80/1000.

mae: 0.005470989173756607
max_error: 0.05987878703217575
variance: 3.075387966657673e-05

AL interation 81/1000.

mae: 0.005414693532387901
max_error: 0.05944493739571044
variance: 2.930285269420835e-05

AL interation 82/1000.

mae: 0.005391029882576732
max_error: 0.06038901842384803
variance: 2.9004560765344884e-05

AL interation 83/1000.

mae: 0.005343861986781121
max_error: 0.056240639888528676
variance: 2.7814720946138565e-05

AL interation 84/1000.

mae: 0.005349629757894036
max_error: 0.056010009494457336
variance: 2.7760146858777806e-05

AL interation 85/1000.

mae: 0.005328515904620872
max_error: 0.05478162551935384
variance: 2.733782363334092e-05

AL interation 86/1000.

mae: 0.005334380813480494
max_error: 0.054920601664889546
variance: 2.729201972090722e-05

AL interation 87/1000.

mae: 0.005303549736500827
max_error: 0.05194898578974971
variance: 2.7124530448476823e-05

AL interation 88/1000.

mae: 0.0052056335990382655
max_error: 0.05491442396942148
variance: 2.562136180071501e-05

AL interation 89/1000.

mae: 0.0051521397419655845
max_error: 0.05668114475611219
variance: 2.5184230169446648e-05

AL interation 90/1000.

mae: 0.005152122956738822
max_error: 0.05667982181239495
variance: 2.5184677673180194e-05

AL interation 91/1000.

mae: 0.005170719700823611
max_error: 0.05979117681908974
variance: 2.516849795447985e-05

AL interation 92/1000.

mae: 0.00523620475860298
max_error: 0.06360667758326599
variance: 2.6686103590116365e-05

AL interation 93/1000.

mae: 0.005157987964388667
max_error: 0.05387087031976989
variance: 2.714474359694394e-05

AL interation 94/1000.

mae: 0.005129216067480229
max_error: 0.05084886220993212
variance: 2.6459058146168245e-05

AL interation 95/1000.

mae: 0.004953347171143833
max_error: 0.07136744289437047
variance: 2.4208261698235482e-05

AL interation 96/1000.

mae: 0.00499113217255308
max_error: 0.07160023488813749
variance: 2.4513782200252453e-05

AL interation 97/1000.

mae: 0.004973300473478048
max_error: 0.07284976186474523
variance: 2.4465294913468714e-05

AL interation 98/1000.

mae: 0.00493279470584821
max_error: 0.0708990768134754
variance: 2.3864463460772486e-05

AL interation 99/1000.

mae: 0.004827112385361943
max_error: 0.07407265557685605
variance: 2.278224532462675e-05

AL interation 100/1000.

mae: 0.004809048270877611
max_error: 0.0767176228646349
variance: 2.307965873547874e-05

AL interation 101/1000.

mae: 0.004795343564446739
max_error: 0.07488524174095801
variance: 2.2768026285016914e-05

AL interation 102/1000.

mae: 0.004769226560263633
max_error: 0.07577831652724853
variance: 2.24320477316121e-05

AL interation 103/1000.

mae: 0.00477341938814061
max_error: 0.07369649951124302
variance: 2.2542038231585126e-05

AL interation 104/1000.

mae: 0.0047686187734316265
max_error: 0.0720617608703833
variance: 2.237186239950558e-05

AL interation 105/1000.

mae: 0.0047624581600330205
max_error: 0.07001111102999857
variance: 2.2152009956799e-05

AL interation 106/1000.

mae: 0.004761992248871139
max_error: 0.0700084444206368
variance: 2.214485703511381e-05

AL interation 107/1000.

mae: 0.004615984579773794
max_error: 0.07543439004348329
variance: 2.271765575225659e-05

AL interation 108/1000.

mae: 0.004622036276641666
max_error: 0.07497451296785584
variance: 2.2723517706974843e-05

AL interation 109/1000.

mae: 0.0046129070900033185
max_error: 0.07297698506863526
variance: 2.2643997026957844e-05

AL interation 110/1000.

mae: 0.0046270861182210864
max_error: 0.07774426677042356
variance: 2.3024058700277585e-05

AL interation 111/1000.

mae: 0.004630123334755808
max_error: 0.07980884267726651
variance: 2.29950422630935e-05

AL interation 112/1000.

mae: 0.0046945896325169085
max_error: 0.07817305047774425
variance: 2.403810530396182e-05

AL interation 113/1000.

mae: 0.004674132028714666
max_error: 0.0715001847665917
variance: 2.3359412532367673e-05

AL interation 114/1000.

mae: 0.004673617731550621
max_error: 0.07146013836154452
variance: 2.3351675083774747e-05

AL interation 115/1000.

mae: 0.004649190981948778
max_error: 0.06745436746405176
variance: 2.2785783149422095e-05

AL interation 116/1000.

mae: 0.004655043904126615
max_error: 0.06702423752994946
variance: 2.2850670341806925e-05

AL interation 117/1000.

mae: 0.004719313075248465
max_error: 0.08132285886222235
variance: 2.4824538836517223e-05

AL interation 118/1000.

mae: 0.0047145514397116135
max_error: 0.08096117461809627
variance: 2.4650472706319044e-05

AL interation 119/1000.

mae: 0.004713128638427406
max_error: 0.08100868743622414
variance: 2.464312878816927e-05

AL interation 120/1000.

mae: 0.004731154396827151
max_error: 0.08335820241609326
variance: 2.5088825403067958e-05

AL interation 121/1000.

mae: 0.004736280004878609
max_error: 0.0829126420967441
variance: 2.506565489093183e-05

AL interation 122/1000.

mae: 0.004733630338146213
max_error: 0.0796142193094056
variance: 2.4746187045864735e-05

AL interation 123/1000.

mae: 0.004737860966527478
max_error: 0.08336037006938568
variance: 2.5194517791453383e-05

AL interation 124/1000.

mae: 0.00471192125725338
max_error: 0.08239693968334905
variance: 2.5118759222873405e-05

AL interation 125/1000.

mae: 0.004701712293918718
max_error: 0.08039171812833956
variance: 2.5162270978070102e-05

AL interation 126/1000.

mae: 0.004628107659454144
max_error: 0.07777466374227515
variance: 2.3866478513690967e-05

AL interation 127/1000.

mae: 0.004628309864835501
max_error: 0.07777788844668976
variance: 2.386776698847047e-05

AL interation 128/1000.

mae: 0.004617515005047608
max_error: 0.076640543814392
variance: 2.366578328098102e-05

AL interation 129/1000.

mae: 0.004594379133050097
max_error: 0.07887402205506078
variance: 2.3631102023765786e-05

AL interation 130/1000.

mae: 0.004569575299145072
max_error: 0.07711357442440203
variance: 2.333192074201024e-05

AL interation 131/1000.

mae: 0.004468960159595554
max_error: 0.06922931788267306
variance: 2.2210686291640327e-05

AL interation 132/1000.

mae: 0.004492126888088933
max_error: 0.06813249486276618
variance: 2.262008404077349e-05

AL interation 133/1000.

mae: 0.0044987236297001805
max_error: 0.06969884369300416
variance: 2.2809672635320768e-05

AL interation 134/1000.

mae: 0.004489312057943607
max_error: 0.0712718661479812
variance: 2.2990247325068234e-05

AL interation 135/1000.

mae: 0.004500297960546959
max_error: 0.07218966778145841
variance: 2.3186816529316733e-05

AL interation 136/1000.

mae: 0.004415560659504081
max_error: 0.06902069359330198
variance: 2.1970915163020704e-05

AL interation 137/1000.

mae: 0.004428505169093114
max_error: 0.06690495184284373
variance: 2.2231662722935934e-05

AL interation 138/1000.

mae: 0.004468996547316238
max_error: 0.07031857041420153
variance: 2.308014672049832e-05

AL interation 139/1000.

mae: 0.0044515800971666976
max_error: 0.06978613679075352
variance: 2.2828894260380108e-05

AL interation 140/1000.

mae: 0.0044552859792083834
max_error: 0.06928117881307116
variance: 2.3239015686830773e-05

AL interation 141/1000.

mae: 0.004455540941958134
max_error: 0.06805239751247427
variance: 2.2944234736789216e-05

AL interation 142/1000.

mae: 0.004452201706331834
max_error: 0.0672714302154418
variance: 2.2893427153867147e-05

AL interation 143/1000.

mae: 0.004451653390304273
max_error: 0.06820190365669987
variance: 2.2993098856050927e-05

AL interation 144/1000.

mae: 0.004456726125424211
max_error: 0.06875057395791373
variance: 2.3228106665235193e-05

AL interation 145/1000.

mae: 0.004340083288961068
max_error: 0.06820918328139669
variance: 2.1293090283635115e-05

AL interation 146/1000.

mae: 0.004261321632698128
max_error: 0.059442432180730975
variance: 1.9826078844175264e-05

AL interation 147/1000.

mae: 0.00426647159409913
max_error: 0.05930742847522197
variance: 1.9723097954422033e-05

AL interation 148/1000.

mae: 0.004266950570316112
max_error: 0.05752231290352938
variance: 1.9702676818278233e-05

AL interation 149/1000.

mae: 0.004275715977524669
max_error: 0.058872049286947004
variance: 2.0031307746212125e-05

AL interation 150/1000.

mae: 0.004336545302107879
max_error: 0.06120018619367329
variance: 2.0963450585802823e-05

AL interation 151/1000.

mae: 0.004347607521635837
max_error: 0.06337151681782416
variance: 2.143347326102626e-05

AL interation 152/1000.

mae: 0.004328646354923876
max_error: 0.06003176030480972
variance: 2.1211612357256483e-05

AL interation 153/1000.

mae: 0.004272411915085286
max_error: 0.05919184598860738
variance: 2.1127733619939102e-05

AL interation 154/1000.

mae: 0.004283923177558791
max_error: 0.059549876537857926
variance: 2.1123364649152512e-05

AL interation 155/1000.

mae: 0.004313816451587627
max_error: 0.06343635074608756
variance: 2.182373024263053e-05

AL interation 156/1000.

mae: 0.004312035932762228
max_error: 0.06228175848536921
variance: 2.1568880702755133e-05

AL interation 157/1000.

mae: 0.004282813265306686
max_error: 0.06656271515203116
variance: 2.2334869622315873e-05

AL interation 158/1000.

mae: 0.004277487311904224
max_error: 0.06664208735128341
variance: 2.1919256155899533e-05

AL interation 159/1000.

mae: 0.004219478175777113
max_error: 0.06405336985153554
variance: 2.0267868588386407e-05

AL interation 160/1000.

mae: 0.0042228208440774325
max_error: 0.06328507715625165
variance: 2.008414204002809e-05

AL interation 161/1000.

mae: 0.0042347788543102075
max_error: 0.06330917536070046
variance: 2.100103609145476e-05

AL interation 162/1000.

mae: 0.004195387112473327
max_error: 0.06345509893981216
variance: 2.0526452950709058e-05

AL interation 163/1000.

mae: 0.00419225985799676
max_error: 0.06342495412354765
variance: 2.045729742307407e-05

AL interation 164/1000.

mae: 0.004192242634931972
max_error: 0.06342503142332134
variance: 2.045669758661568e-05

AL interation 165/1000.

mae: 0.0041968399986708396
max_error: 0.0625108521689981
variance: 2.0465224384045688e-05

AL interation 166/1000.

mae: 0.004195682420554477
max_error: 0.06265638831791875
variance: 2.0607649306984655e-05

AL interation 167/1000.

mae: 0.004188814059194555
max_error: 0.061748687343424535
variance: 2.0486718133390797e-05

AL interation 168/1000.

mae: 0.004137847495335336
max_error: 0.06094897322145698
variance: 1.9389722455230433e-05

AL interation 169/1000.

mae: 0.004135643360132235
max_error: 0.0610476740894228
variance: 1.939956820191442e-05

AL interation 170/1000.

mae: 0.004128138639100143
max_error: 0.0643120853255823
variance: 2.0100770520249473e-05

AL interation 171/1000.

mae: 0.0041243159256437135
max_error: 0.06306901742027549
variance: 1.953567255969545e-05

AL interation 172/1000.

mae: 0.004119533335365304
max_error: 0.06283478001387266
variance: 1.9416659656350108e-05

AL interation 173/1000.

mae: 0.004095795575544799
max_error: 0.06205262295225111
variance: 1.9046081296170283e-05

AL interation 174/1000.

mae: 0.004088807699431527
max_error: 0.06099228135099111
variance: 1.8875293235475305e-05

AL interation 175/1000.

mae: 0.004087491258891532
max_error: 0.0636102370244771
variance: 1.8761306175286068e-05

AL interation 176/1000.

mae: 0.004061577012735142
max_error: 0.06239868142256455
variance: 1.8256624837069952e-05

AL interation 177/1000.

mae: 0.00402448962035286
max_error: 0.06275780159012356
variance: 1.807087227238774e-05

AL interation 178/1000.

mae: 0.004018434866235111
max_error: 0.06343012051911501
variance: 1.830117888010891e-05

AL interation 179/1000.

mae: 0.004007850270217205
max_error: 0.061969299384145415
variance: 1.8058533823705674e-05

AL interation 180/1000.

mae: 0.0039691799592174
max_error: 0.0611796189823508
variance: 1.7745642101481767e-05

AL interation 181/1000.

mae: 0.003967381398412726
max_error: 0.06104702856646327
variance: 1.7745360434869597e-05

AL interation 182/1000.

mae: 0.003971666864888903
max_error: 0.06117234803059546
variance: 1.7805427643443457e-05

AL interation 183/1000.

mae: 0.0039596627016444475
max_error: 0.06022442847279308
variance: 1.799722752116092e-05

AL interation 184/1000.

mae: 0.003938821295982962
max_error: 0.06044715298594383
variance: 1.7917902648040353e-05

AL interation 185/1000.

mae: 0.003947937324698615
max_error: 0.06052060817273741
variance: 1.7890819116312362e-05

AL interation 186/1000.

mae: 0.003933284086371714
max_error: 0.06015910428504867
variance: 1.7751424100645275e-05

AL interation 187/1000.

mae: 0.003936445516814274
max_error: 0.06008493848457874
variance: 1.7711235322938745e-05

AL interation 188/1000.

mae: 0.003940490554887049
max_error: 0.05973361383621523
variance: 1.7637232217689926e-05

AL interation 189/1000.

mae: 0.003944302476054084
max_error: 0.059430653889648966
variance: 1.766846620113089e-05

AL interation 190/1000.

mae: 0.003962038763720557
max_error: 0.06034091623405402
variance: 1.791447752890732e-05

AL interation 191/1000.

mae: 0.003934968402076265
max_error: 0.059043716222731746
variance: 1.7510836908064775e-05

AL interation 192/1000.

mae: 0.003931610649568029
max_error: 0.058018878791699535
variance: 1.750918467457315e-05

AL interation 193/1000.

mae: 0.003931340174781553
max_error: 0.05696603651995247
variance: 1.7371560860702943e-05

AL interation 194/1000.

mae: 0.0038941373463148923
max_error: 0.0567551536278188
variance: 1.6863130429911982e-05

AL interation 195/1000.

mae: 0.00385744053385406
max_error: 0.053501384498304105
variance: 1.6274118603134086e-05

AL interation 196/1000.

mae: 0.0038319406467426233
max_error: 0.052209650797522045
variance: 1.617914707957545e-05

AL interation 197/1000.

mae: 0.0038358484374020918
max_error: 0.05222106601831911
variance: 1.625754554128961e-05

AL interation 198/1000.

mae: 0.003827953897661246
max_error: 0.05147524613676069
variance: 1.6030071302519957e-05

AL interation 199/1000.

mae: 0.0038327699264136756
max_error: 0.051552477923905826
variance: 1.603360111239461e-05

AL interation 200/1000.

mae: 0.0037727628604707205
max_error: 0.049350661158314324
variance: 1.5312265833536985e-05

AL interation 201/1000.

mae: 0.003761216866980249
max_error: 0.0483857555573195
variance: 1.5214801594852123e-05

AL interation 202/1000.

mae: 0.0036649997628201165
max_error: 0.03850542654072342
variance: 1.3795336724320777e-05

AL interation 203/1000.

mae: 0.0036186762702936906
max_error: 0.03541190892246959
variance: 1.3164822153017893e-05

AL interation 204/1000.

mae: 0.0036302447238895186
max_error: 0.038090338164693094
variance: 1.3243003979843585e-05

AL interation 205/1000.

mae: 0.00360258038738084
max_error: 0.03822737017435429
variance: 1.3086261356877719e-05

AL interation 206/1000.

mae: 0.0035790231693308672
max_error: 0.037851687220609165
variance: 1.2902347924313806e-05

AL interation 207/1000.

mae: 0.003582915513741682
max_error: 0.037499073127037263
variance: 1.2942322325847693e-05

AL interation 208/1000.

mae: 0.003580775915856066
max_error: 0.03742457011503575
variance: 1.291668345239758e-05

AL interation 209/1000.

mae: 0.0035036484958682196
max_error: 0.035034143531447626
variance: 1.1904163067233287e-05

AL interation 210/1000.

mae: 0.0035228068205206
max_error: 0.03500046737281082
variance: 1.2012727589665722e-05

AL interation 211/1000.

mae: 0.0035187656889675055
max_error: 0.035073335448032594
variance: 1.1983876020955261e-05

AL interation 212/1000.

mae: 0.003511583786461415
max_error: 0.03452889358413813
variance: 1.19238201399351e-05

AL interation 213/1000.

mae: 0.0035145479651337154
max_error: 0.030261226163929678
variance: 1.2140202410408805e-05

AL interation 214/1000.

mae: 0.003511938949764954
max_error: 0.029308359769856906
variance: 1.2052763044524581e-05

AL interation 215/1000.

mae: 0.0035109926426066525
max_error: 0.029992469407261524
variance: 1.20511003230357e-05

AL interation 216/1000.

mae: 0.003506575501227417
max_error: 0.02984975120762101
variance: 1.2046761187512384e-05

AL interation 217/1000.

mae: 0.0034911313947550296
max_error: 0.028399659486240125
variance: 1.18218740187406e-05

AL interation 218/1000.

mae: 0.003482948068010046
max_error: 0.028861812481409288
variance: 1.1677350759695184e-05

AL interation 219/1000.

mae: 0.003486945076826487
max_error: 0.02832428661895392
variance: 1.1684643474742642e-05

AL interation 220/1000.

mae: 0.0034630796440196718
max_error: 0.0287019928709924
variance: 1.1520742857061151e-05

AL interation 221/1000.

mae: 0.003452748244945724
max_error: 0.02838602771771548
variance: 1.1309770324818986e-05

AL interation 222/1000.

mae: 0.003452482824996878
max_error: 0.028451169075196958
variance: 1.1313008087289525e-05

AL interation 223/1000.

mae: 0.0034340985743565398
max_error: 0.02795139437330363
variance: 1.1051912096153686e-05

AL interation 224/1000.

mae: 0.0034340242085063436
max_error: 0.027962621466940618
variance: 1.1050239236616988e-05

AL interation 225/1000.

mae: 0.0034260465770894373
max_error: 0.028550869019454694
variance: 1.1135155210010935e-05

AL interation 226/1000.

mae: 0.0034170439063782396
max_error: 0.029020086096352316
variance: 1.1141160561156122e-05

AL interation 227/1000.

mae: 0.0034299116126721855
max_error: 0.0297908151314914
variance: 1.1277134998124725e-05

AL interation 228/1000.

mae: 0.0033718022250022843
max_error: 0.03421437291217444
variance: 1.0988033951147365e-05

AL interation 229/1000.

mae: 0.0033805259737191592
max_error: 0.03434200415176747
variance: 1.1084483204101849e-05

AL interation 230/1000.

mae: 0.0033821065075953813
max_error: 0.034253890791660524
variance: 1.109358003275392e-05

AL interation 231/1000.

mae: 0.0033825010654381913
max_error: 0.03417941525367496
variance: 1.1135829770891123e-05

AL interation 232/1000.

mae: 0.003377280302384861
max_error: 0.034220053979879594
variance: 1.1233261545486131e-05

AL interation 233/1000.

mae: 0.0033668779612517027
max_error: 0.03502059651327727
variance: 1.114250043209532e-05

AL interation 234/1000.

mae: 0.0033593075088101613
max_error: 0.035737537013119436
variance: 1.1044506009095076e-05

AL interation 235/1000.

mae: 0.0033618723053732537
max_error: 0.0358520361387491
variance: 1.1054486297238012e-05

AL interation 236/1000.

mae: 0.003329552308734492
max_error: 0.03595265669537184
variance: 1.0843718988487558e-05

AL interation 237/1000.

mae: 0.003333230221136546
max_error: 0.03556048607242701
variance: 1.0959404642924034e-05

AL interation 238/1000.

mae: 0.0033380379757500123
max_error: 0.035659376697367406
variance: 1.1051778821169018e-05

AL interation 239/1000.

mae: 0.0033355876860359786
max_error: 0.03532421512318251
variance: 1.1039721012527073e-05

AL interation 240/1000.

mae: 0.0033251979546839723
max_error: 0.03399173280013201
variance: 1.0900966110358747e-05

AL interation 241/1000.

mae: 0.003350389352803177
max_error: 0.03491607138676045
variance: 1.1176022089938309e-05

AL interation 242/1000.

mae: 0.0033288479018392537
max_error: 0.03268903417301772
variance: 1.135854435382955e-05

AL interation 243/1000.

mae: 0.00332819472371466
max_error: 0.03265442715746758
variance: 1.1516186392719762e-05

AL interation 244/1000.

mae: 0.0033064088844048456
max_error: 0.03392403030557034
variance: 1.1587746524829373e-05

AL interation 245/1000.

mae: 0.003292524090588813
max_error: 0.0327681500257313
variance: 1.1569069654516039e-05

AL interation 246/1000.

mae: 0.003296968217996437
max_error: 0.03291177393657563
variance: 1.159697847670674e-05

AL interation 247/1000.

mae: 0.0032739940936371567
max_error: 0.033754172900444246
variance: 1.1517101437378632e-05

AL interation 248/1000.

mae: 0.0032554122482915775
max_error: 0.03416688953711855
variance: 1.1138874935142488e-05

AL interation 249/1000.

mae: 0.00324849180984711
max_error: 0.03796252449228632
variance: 1.11572066261454e-05

AL interation 250/1000.

mae: 0.0032494595216494416
max_error: 0.038701907072208996
variance: 1.119282561813379e-05

AL interation 251/1000.

mae: 0.003247462951824673
max_error: 0.039144887860857125
variance: 1.1173935651554796e-05

AL interation 252/1000.

mae: 0.0032343829629735412
max_error: 0.043416291747234936
variance: 1.1221560601089045e-05

AL interation 253/1000.

mae: 0.003233283945438416
max_error: 0.048557201672338124
variance: 1.1410311373851622e-05

AL interation 254/1000.

mae: 0.00323358977976568
max_error: 0.04803445776178705
variance: 1.138304769350343e-05

AL interation 255/1000.

mae: 0.0032324640304459535
max_error: 0.04020979934557545
variance: 1.1055920925446138e-05

AL interation 256/1000.

mae: 0.0032378022466555195
max_error: 0.04357494441046583
variance: 1.1346861833131957e-05

AL interation 257/1000.

mae: 0.0032380932242622295
max_error: 0.04459509001299011
variance: 1.1385107317724738e-05

AL interation 258/1000.

mae: 0.0032432155530605087
max_error: 0.04488396764918434
variance: 1.1434302999689744e-05

AL interation 259/1000.

mae: 0.0032436417053922926
max_error: 0.04381610014661419
variance: 1.1378567519337126e-05

AL interation 260/1000.

mae: 0.003196902140247403
max_error: 0.043094682779155846
variance: 1.1101138590986819e-05

AL interation 261/1000.

mae: 0.0032195454272750793
max_error: 0.037600944915539
variance: 1.1042522712707518e-05

AL interation 262/1000.

mae: 0.003216453397971236
max_error: 0.03782796224368212
variance: 1.101901157689397e-05

AL interation 263/1000.

mae: 0.003217536520226531
max_error: 0.03690618106884358
variance: 1.082832926437056e-05

AL interation 264/1000.

mae: 0.003266974473638584
max_error: 0.035115828903144575
variance: 1.109602750795603e-05

AL interation 265/1000.

mae: 0.0032670901357023468
max_error: 0.03533301798415778
variance: 1.1133880480180312e-05

AL interation 266/1000.

mae: 0.0032888028964725893
max_error: 0.035491772161549306
variance: 1.141156464694287e-05

AL interation 267/1000.

mae: 0.0032804313063006705
max_error: 0.035576124841099954
variance: 1.1269052179872414e-05

AL interation 268/1000.

mae: 0.0032616649651990882
max_error: 0.03484154136640427
variance: 1.094889212816853e-05

AL interation 269/1000.

mae: 0.0032616642341108675
max_error: 0.03483417833012936
variance: 1.0948654307023009e-05

AL interation 270/1000.

mae: 0.003289865206304967
max_error: 0.03140002226245997
variance: 1.0778570206800938e-05

AL interation 271/1000.

mae: 0.0033117307177280963
max_error: 0.03090326411438582
variance: 1.0928571423227515e-05

AL interation 272/1000.

mae: 0.0031937185623273764
max_error: 0.02736572285903094
variance: 1.0092550391348585e-05

AL interation 273/1000.

mae: 0.0032028810233232434
max_error: 0.026891384439295507
variance: 1.0111529593252817e-05

AL interation 274/1000.

mae: 0.0032053779513862538
max_error: 0.027077951634055353
variance: 1.013235964535484e-05

AL interation 275/1000.

mae: 0.0031981818181038763
max_error: 0.029049919152384973
variance: 1.0130156140693124e-05

AL interation 276/1000.

mae: 0.0032033140789599203
max_error: 0.028542491772896028
variance: 1.0132519528651401e-05

AL interation 277/1000.

mae: 0.003211735066505753
max_error: 0.027448458762592054
variance: 1.0034668306697647e-05

AL interation 278/1000.

mae: 0.0031945465174294443
max_error: 0.026981169523423887
variance: 9.94176963114831e-06

AL interation 279/1000.

mae: 0.003197602151988576
max_error: 0.02669080549640057
variance: 1.0172579452016543e-05

AL interation 280/1000.

mae: 0.00319781321400842
max_error: 0.026677325533455587
variance: 1.0178646576431262e-05

AL interation 281/1000.

mae: 0.0031551073702557916
max_error: 0.025985337028032518
variance: 9.879638345329515e-06

AL interation 282/1000.

mae: 0.003147360551458405
max_error: 0.02621546031696198
variance: 9.81372902173398e-06

AL interation 283/1000.

mae: 0.003147282254703896
max_error: 0.026217282915240503
variance: 9.813265379631001e-06

AL interation 284/1000.

mae: 0.0031394475343086013
max_error: 0.027247721494859434
variance: 9.777147571437176e-06

AL interation 285/1000.

mae: 0.0031359617151456407
max_error: 0.02738906226841209
variance: 9.882541806189087e-06

AL interation 286/1000.

mae: 0.003122344835914191
max_error: 0.02875789457721112
variance: 9.858850851588051e-06

AL interation 287/1000.

mae: 0.0031157059366141767
max_error: 0.028223960360264755
variance: 9.854675369354782e-06

AL interation 288/1000.

mae: 0.003115655266335125
max_error: 0.027944768478846527
variance: 9.838193054150905e-06

AL interation 289/1000.

mae: 0.0030942575993321954
max_error: 0.02697523606730101
variance: 9.669373103937104e-06

AL interation 290/1000.

mae: 0.0030925107023022065
max_error: 0.027006839567548013
variance: 9.66430106360954e-06

AL interation 291/1000.

mae: 0.003087700589875567
max_error: 0.026385421098893858
variance: 9.623012679672791e-06

AL interation 292/1000.

mae: 0.003085966123605431
max_error: 0.026652106249457574
variance: 9.627152486356271e-06

AL interation 293/1000.

mae: 0.0030868520149570033
max_error: 0.026428267525261617
variance: 9.65684445516902e-06

AL interation 294/1000.

mae: 0.003053668708771511
max_error: 0.023671068988733168
variance: 9.245463938478426e-06

AL interation 295/1000.

mae: 0.0030320160193668924
max_error: 0.021903749720877386
variance: 9.33728021724147e-06

AL interation 296/1000.

mae: 0.003031815406916394
max_error: 0.021681080272173858
variance: 9.323927007776331e-06

AL interation 297/1000.

mae: 0.002990918126632096
max_error: 0.023842496138058777
variance: 9.131726626250693e-06

AL interation 298/1000.

mae: 0.0029794633301871726
max_error: 0.022731493392711855
variance: 8.990454556275697e-06

AL interation 299/1000.

mae: 0.00297952717991393
max_error: 0.02272842934144137
variance: 8.991297524703953e-06

AL interation 300/1000.

mae: 0.0029623584789342204
max_error: 0.022717929251484748
variance: 8.86321981859167e-06

AL interation 301/1000.

mae: 0.002960180399059027
max_error: 0.02240206550595758
variance: 8.893448445515144e-06

AL interation 302/1000.

mae: 0.002960048138694219
max_error: 0.02315861432998645
variance: 8.941432635570377e-06

AL interation 303/1000.

mae: 0.002959222213645262
max_error: 0.025283412348471757
variance: 8.916588075113704e-06

AL interation 304/1000.

mae: 0.0029293026759924035
max_error: 0.021947990802800632
variance: 8.674633648819711e-06

AL interation 305/1000.

mae: 0.002917335254671343
max_error: 0.023108241313821054
variance: 8.55773793933288e-06

AL interation 306/1000.

mae: 0.002904465789772985
max_error: 0.022868079997351742
variance: 8.439571312489072e-06

AL interation 307/1000.

mae: 0.002856781744003456
max_error: 0.02265221700326947
variance: 8.121960578587917e-06

AL interation 308/1000.

mae: 0.0028562667018968567
max_error: 0.022757270218789927
variance: 8.109137026149182e-06

AL interation 309/1000.

mae: 0.0028684614733667786
max_error: 0.022682594712023274
variance: 8.157517798757312e-06

AL interation 310/1000.

mae: 0.0028343124611919846
max_error: 0.03246522931567597
variance: 8.49856572449895e-06

AL interation 311/1000.

mae: 0.0028343601878650588
max_error: 0.03244323124363291
variance: 8.498473697468494e-06

AL interation 312/1000.

mae: 0.0028154411023924696
max_error: 0.03804273488185572
variance: 8.700623691658459e-06

AL interation 313/1000.

mae: 0.0028227179416926446
max_error: 0.040897867681451316
variance: 8.743895397603819e-06

AL interation 314/1000.

mae: 0.0028230688590947465
max_error: 0.04131985459662246
variance: 8.742425305375835e-06

AL interation 315/1000.

mae: 0.0028193760295143876
max_error: 0.0410905916169213
variance: 8.714584122447555e-06

AL interation 316/1000.

mae: 0.002804341278803804
max_error: 0.040992829522110696
variance: 8.706414080428921e-06

AL interation 317/1000.

mae: 0.0027976249454886785
max_error: 0.03754456275328266
variance: 8.47890044859539e-06

AL interation 318/1000.

mae: 0.002763089816506181
max_error: 0.03172614452614653
variance: 8.188739413266821e-06

AL interation 319/1000.

mae: 0.0027566445749471315
max_error: 0.030737240139387723
variance: 8.080385618872084e-06

AL interation 320/1000.

mae: 0.0027495778003140004
max_error: 0.028161505509160634
variance: 7.991182103947871e-06

AL interation 321/1000.

mae: 0.0027487563224804037
max_error: 0.030782054916016932
variance: 8.033038914733414e-06

AL interation 322/1000.

mae: 0.00274358182422111
max_error: 0.03482001534848678
variance: 8.035007451357163e-06

AL interation 323/1000.

mae: 0.0027411873197106616
max_error: 0.035816906291984196
variance: 8.00253474702516e-06

AL interation 324/1000.

mae: 0.0027386166862188475
max_error: 0.035284405380480166
variance: 7.958403986026336e-06

AL interation 325/1000.

mae: 0.0027410493912648237
max_error: 0.03547767670079338
variance: 7.967674104691448e-06

AL interation 326/1000.

mae: 0.0027130029864501923
max_error: 0.036951065801076766
variance: 7.746287733257493e-06

AL interation 327/1000.

mae: 0.0027111334809487744
max_error: 0.03773525943233835
variance: 7.72209448096337e-06

AL interation 328/1000.

mae: 0.0026757406538381475
max_error: 0.029223121916402306
variance: 7.2506163044361605e-06

AL interation 329/1000.

mae: 0.0026747107947359527
max_error: 0.028532033563351433
variance: 7.220641251622799e-06

AL interation 330/1000.

mae: 0.0026652555373941596
max_error: 0.02882450613378751
variance: 7.117748787360168e-06

AL interation 331/1000.

mae: 0.0026600896132131313
max_error: 0.0320565420361163
variance: 7.1379231657141275e-06

AL interation 332/1000.

mae: 0.0026435826891784016
max_error: 0.02690807734597911
variance: 6.86268081970346e-06

AL interation 333/1000.

mae: 0.0026417904466043184
max_error: 0.028373701129567053
variance: 6.909859725550884e-06

AL interation 334/1000.

mae: 0.0026110278526230105
max_error: 0.02853217981009948
variance: 6.8185181315694745e-06

AL interation 335/1000.

mae: 0.0026002118083379173
max_error: 0.025441475018851634
variance: 6.7023025309356434e-06

AL interation 336/1000.

mae: 0.002596155561919659
max_error: 0.020705973137410183
variance: 6.563757968206929e-06

AL interation 337/1000.

mae: 0.0025940149020452735
max_error: 0.020598847525434394
variance: 6.5458422740769325e-06

AL interation 338/1000.

mae: 0.002554505198831066
max_error: 0.020205863159389992
variance: 6.3922692715245165e-06

AL interation 339/1000.

mae: 0.0025481609591433882
max_error: 0.01913517468074133
variance: 6.267551681828527e-06

AL interation 340/1000.

mae: 0.0025676882181533073
max_error: 0.019433740400017996
variance: 6.424446343012098e-06

AL interation 341/1000.

mae: 0.0025657698949244153
max_error: 0.01941087340401282
variance: 6.412647601761358e-06

AL interation 342/1000.

mae: 0.002524881698164791
max_error: 0.019614121051745315
variance: 6.231643063371099e-06

AL interation 343/1000.

mae: 0.0025268140727694116
max_error: 0.019914135100407293
variance: 6.280019620854864e-06

AL interation 344/1000.

mae: 0.0025314375371362986
max_error: 0.020099797049624613
variance: 6.259719589590738e-06

AL interation 345/1000.

mae: 0.0025314561415252686
max_error: 0.0201842950154969
variance: 6.257973503842315e-06

AL interation 346/1000.

mae: 0.00251833720587274
max_error: 0.02006973302559345
variance: 6.230571288782019e-06

AL interation 347/1000.

mae: 0.002518695710602515
max_error: 0.02015206520081847
variance: 6.2305695524607205e-06

AL interation 348/1000.

mae: 0.002525110283273534
max_error: 0.02089862315551727
variance: 6.2994262605734245e-06

AL interation 349/1000.

mae: 0.002525848953111563
max_error: 0.021174960067583015
variance: 6.296413206517782e-06

AL interation 350/1000.

mae: 0.00250459410410258
max_error: 0.02147047151447623
variance: 6.303769928518726e-06

AL interation 351/1000.

mae: 0.002481587944586863
max_error: 0.021527875444007805
variance: 6.189147510394934e-06

AL interation 352/1000.

mae: 0.0024790412183556326
max_error: 0.021447966570121935
variance: 6.192977439146515e-06

AL interation 353/1000.

mae: 0.002467128056327965
max_error: 0.02141727855996578
variance: 6.117620839624096e-06

AL interation 354/1000.

mae: 0.002446622105010647
max_error: 0.020600908665073803
variance: 5.931572306739498e-06

AL interation 355/1000.

mae: 0.002432081144714175
max_error: 0.020000756481749704
variance: 5.77116163714278e-06

AL interation 356/1000.

mae: 0.002436670618039898
max_error: 0.019842712903482607
variance: 5.824482226866384e-06

AL interation 357/1000.

mae: 0.0024372752055287494
max_error: 0.018395515430711384
variance: 5.937793093937686e-06

AL interation 358/1000.

mae: 0.002436602648030203
max_error: 0.01865612835808861
variance: 5.945787315257305e-06

AL interation 359/1000.

mae: 0.002436545918378215
max_error: 0.01865030107273924
variance: 5.945416521085612e-06

AL interation 360/1000.

mae: 0.002435485087576126
max_error: 0.01982500617577898
variance: 5.951578141642256e-06

AL interation 361/1000.

mae: 0.0024404241926959005
max_error: 0.020780248839400883
variance: 5.970361860799383e-06

AL interation 362/1000.

mae: 0.0024448108456617775
max_error: 0.024445669997476216
variance: 6.024404838621727e-06

AL interation 363/1000.

mae: 0.0024387552694170155
max_error: 0.016684981292200973
variance: 5.889569526516335e-06

AL interation 364/1000.

mae: 0.002438689055166833
max_error: 0.016495873449457576
variance: 5.883789020935585e-06

AL interation 365/1000.

mae: 0.0024384136267981377
max_error: 0.016503198301506927
variance: 5.882290054435378e-06

AL interation 366/1000.

mae: 0.0024307486193192746
max_error: 0.016920387042773655
variance: 5.890965503629603e-06

AL interation 367/1000.

mae: 0.0024168453379470522
max_error: 0.017784665567887714
variance: 5.8078840030750094e-06

AL interation 368/1000.

mae: 0.0024204530166889527
max_error: 0.01753355865002959
variance: 5.8032466562906e-06

AL interation 369/1000.

mae: 0.0024190828133187096
max_error: 0.017686587056232383
variance: 5.78389385100734e-06

AL interation 370/1000.

mae: 0.002420092292610207
max_error: 0.017420408545149257
variance: 5.798889148102975e-06

AL interation 371/1000.

mae: 0.002366221595199022
max_error: 0.017681732071650913
variance: 5.516673580058569e-06

AL interation 372/1000.

mae: 0.0023632352727636315
max_error: 0.01761393644483178
variance: 5.497570966089898e-06

AL interation 373/1000.

mae: 0.0024084246809397882
max_error: 0.0184681993596314
variance: 5.70104404439287e-06

AL interation 374/1000.

mae: 0.0024082842261377666
max_error: 0.018464788856363157
variance: 5.704747896516954e-06

AL interation 375/1000.

mae: 0.0024076507038571435
max_error: 0.018573143581306795
variance: 5.708212265286334e-06

AL interation 376/1000.

mae: 0.0024100381406751696
max_error: 0.018916278208052972
variance: 5.800348799831572e-06

AL interation 377/1000.

mae: 0.0023981026379742616
max_error: 0.019363326082384447
variance: 5.731154942832879e-06

AL interation 378/1000.

mae: 0.002399369707317419
max_error: 0.019383282462513307
variance: 5.7423232754750185e-06

AL interation 379/1000.

mae: 0.002396186801592194
max_error: 0.01915097522214637
variance: 5.7282846878902646e-06

AL interation 380/1000.

mae: 0.0023954153578151817
max_error: 0.019121602239465574
variance: 5.742533091739633e-06

AL interation 381/1000.

mae: 0.002394750167482016
max_error: 0.01900147652850137
variance: 5.7352259636490754e-06

AL interation 382/1000.

mae: 0.0023902227413182117
max_error: 0.019003165947651723
variance: 5.72284815565697e-06

AL interation 383/1000.

mae: 0.002389686772266941
max_error: 0.020116178380703786
variance: 5.905433103953967e-06

AL interation 384/1000.

mae: 0.0023898344600247583
max_error: 0.02012608672157512
variance: 5.907100780369144e-06

AL interation 385/1000.

mae: 0.0023947440888514395
max_error: 0.019627690544439247
variance: 5.949077680831791e-06

AL interation 386/1000.

mae: 0.002376569489281792
max_error: 0.02085830649957643
variance: 5.902277718235006e-06

AL interation 387/1000.

mae: 0.0023737049212622877
max_error: 0.020795856664335588
variance: 5.89083308668988e-06

AL interation 388/1000.

mae: 0.0023720565872454246
max_error: 0.021080621580040315
variance: 5.914081938036408e-06

AL interation 389/1000.

mae: 0.00234787770613093
max_error: 0.019969038727140287
variance: 5.668376863489005e-06

AL interation 390/1000.

mae: 0.002345515901351064
max_error: 0.01996860752478824
variance: 5.646113084049726e-06

AL interation 391/1000.

mae: 0.002336924061031823
max_error: 0.020763454089319566
variance: 5.69643648294337e-06

AL interation 392/1000.

mae: 0.0023302895013093804
max_error: 0.020287401104724267
variance: 5.567547634962122e-06

AL interation 393/1000.

mae: 0.002304203964730732
max_error: 0.019773096839344362
variance: 5.452771839021443e-06

AL interation 394/1000.

mae: 0.0023078778019225868
max_error: 0.019823089303827146
variance: 5.457161216872752e-06

AL interation 395/1000.

mae: 0.002300391419600601
max_error: 0.019705104703461984
variance: 5.447754472909141e-06

AL interation 396/1000.

mae: 0.0022948110355437167
max_error: 0.01973728189841495
variance: 5.376758250703459e-06

AL interation 397/1000.

mae: 0.0022944520313330943
max_error: 0.019690223100042203
variance: 5.3691168399289425e-06

AL interation 398/1000.

mae: 0.002297742084700985
max_error: 0.018967142390465597
variance: 5.388226093798976e-06

AL interation 399/1000.

mae: 0.0022938699927954075
max_error: 0.019110332304990152
variance: 5.373433607438022e-06

AL interation 400/1000.

mae: 0.0022840747048667254
max_error: 0.018560118103778223
variance: 5.314227148317984e-06

AL interation 401/1000.

mae: 0.0023172024618252182
max_error: 0.02055796262993681
variance: 5.559509401961223e-06

AL interation 402/1000.

mae: 0.0023174699201481417
max_error: 0.020042899336658593
variance: 5.551138339727534e-06

AL interation 403/1000.

mae: 0.002296199419279219
max_error: 0.030971156705163594
variance: 5.757719911667057e-06

AL interation 404/1000.

mae: 0.0022876283322921156
max_error: 0.026595654238008137
variance: 5.585859047950016e-06

AL interation 405/1000.

mae: 0.002283055017120205
max_error: 0.02629332178457844
variance: 5.542658711513399e-06

AL interation 406/1000.

mae: 0.0022856457366215183
max_error: 0.02561977626010048
variance: 5.54310551854364e-06

AL interation 407/1000.

mae: 0.0022861993929755046
max_error: 0.02590486900135147
variance: 5.569193586805789e-06

AL interation 408/1000.

mae: 0.0022829096876630503
max_error: 0.023138969477258797
variance: 5.5785924345775855e-06

AL interation 409/1000.

mae: 0.002284607256405252
max_error: 0.02393516552820074
variance: 5.602133671811703e-06

AL interation 410/1000.

mae: 0.0022854609747355427
max_error: 0.023306666214011784
variance: 5.598189532108216e-06

AL interation 411/1000.

mae: 0.002283440903205701
max_error: 0.02323586800321209
variance: 5.580980431668399e-06

AL interation 412/1000.

mae: 0.0022885204812973826
max_error: 0.024648764442645188
variance: 5.6059386544973886e-06

AL interation 413/1000.

mae: 0.0022873278061570092
max_error: 0.027973769504569646
variance: 5.6620415408398125e-06

AL interation 414/1000.

mae: 0.002280667748910673
max_error: 0.025112001497291203
variance: 5.540783979526765e-06

AL interation 415/1000.

mae: 0.0022698764600363576
max_error: 0.026652002047740098
variance: 5.436287035433851e-06

AL interation 416/1000.

mae: 0.0022663826626876473
max_error: 0.025990516219280835
variance: 5.409349599920752e-06

AL interation 417/1000.

mae: 0.0022663667681035804
max_error: 0.026337787780903454
variance: 5.419304029516971e-06

AL interation 418/1000.

mae: 0.002247736555019401
max_error: 0.02742419977857935
variance: 5.393606345222667e-06

AL interation 419/1000.

mae: 0.0022485375986516375
max_error: 0.027293048139654275
variance: 5.3958230846935476e-06

AL interation 420/1000.

mae: 0.002248146910351352
max_error: 0.027425297807894822
variance: 5.398548526267706e-06

AL interation 421/1000.

mae: 0.0022383777193699644
max_error: 0.02769950152560341
variance: 5.326504639380467e-06

AL interation 422/1000.

mae: 0.0022427715201365573
max_error: 0.03312146318330633
variance: 5.454554861558493e-06

AL interation 423/1000.

mae: 0.002244836128111274
max_error: 0.031171355668448086
variance: 5.409837578508941e-06

AL interation 424/1000.

mae: 0.0022323635363609355
max_error: 0.03083249488099682
variance: 5.341653579145045e-06

AL interation 425/1000.

mae: 0.002230081387948303
max_error: 0.030716911230229016
variance: 5.3257488637291645e-06

AL interation 426/1000.

mae: 0.002221086187641049
max_error: 0.028559356268488045
variance: 5.2520804219981725e-06

AL interation 427/1000.

mae: 0.0022127418381833195
max_error: 0.025900084797285672
variance: 5.239680473237275e-06

AL interation 428/1000.

mae: 0.0022255069318380264
max_error: 0.029763584297143098
variance: 5.358384702642504e-06

AL interation 429/1000.

mae: 0.002226940283871045
max_error: 0.029008356194935914
variance: 5.347765948534375e-06

AL interation 430/1000.

mae: 0.0022269727777156734
max_error: 0.02901599862798321
variance: 5.348443267774912e-06

AL interation 431/1000.

mae: 0.002227099142100087
max_error: 0.028557140652083035
variance: 5.336630012556074e-06

AL interation 432/1000.

mae: 0.0022318441141424045
max_error: 0.026896701466284867
variance: 5.329838260460503e-06

AL interation 433/1000.

mae: 0.002234250641070503
max_error: 0.026072639312587853
variance: 5.368161209092531e-06

AL interation 434/1000.

mae: 0.0022334602782402724
max_error: 0.026481792602680798
variance: 5.362957647678744e-06

AL interation 435/1000.

mae: 0.0022250322498193783
max_error: 0.02741135404630768
variance: 5.324453173258796e-06

AL interation 436/1000.

mae: 0.0022228945236429354
max_error: 0.0244606652222501
variance: 5.278242260999303e-06

AL interation 437/1000.

mae: 0.0022146085669583044
max_error: 0.022823044370852585
variance: 5.155920560817004e-06

AL interation 438/1000.

mae: 0.002214471175743711
max_error: 0.01584115744117298
variance: 4.926819285194907e-06

AL interation 439/1000.

mae: 0.002216461190124392
max_error: 0.016124443422995682
variance: 4.976769632328904e-06

AL interation 440/1000.

mae: 0.002224850262526161
max_error: 0.022612936135374184
variance: 5.122051263392295e-06

AL interation 441/1000.

mae: 0.002219807568547367
max_error: 0.020504979688666936
variance: 5.081828880649643e-06

AL interation 442/1000.

mae: 0.002219128583021302
max_error: 0.02229487178101408
variance: 5.100648892499815e-06

AL interation 443/1000.

mae: 0.0022206346036600737
max_error: 0.022294382836662407
variance: 5.110466719094255e-06

AL interation 444/1000.

mae: 0.002220904090363547
max_error: 0.02230936781688797
variance: 5.113335574380093e-06

AL interation 445/1000.

mae: 0.002217273294747429
max_error: 0.0218264053501116
variance: 5.091798786343791e-06

AL interation 446/1000.

mae: 0.002214797949301101
max_error: 0.022102902915321465
variance: 5.028583934301742e-06

AL interation 447/1000.

mae: 0.002214912294674832
max_error: 0.02218002946301567
variance: 5.031367095216378e-06

AL interation 448/1000.

mae: 0.002213083049264242
max_error: 0.02173266773297655
variance: 5.0220263825957985e-06

AL interation 449/1000.

mae: 0.002216517263835158
max_error: 0.02104817916824686
variance: 5.033393671328337e-06

AL interation 450/1000.

mae: 0.002216480230612433
max_error: 0.02069759209825861
variance: 5.021917306066338e-06

AL interation 451/1000.

mae: 0.0022182821708529444
max_error: 0.021121342007063504
variance: 5.039559579521048e-06

AL interation 452/1000.

mae: 0.002214461424071487
max_error: 0.01651151298210607
variance: 4.897964970647377e-06

AL interation 453/1000.

mae: 0.002218882987465804
max_error: 0.019480043362818833
variance: 4.9798771423661036e-06

AL interation 454/1000.

mae: 0.0022111808941463096
max_error: 0.023590593870721932
variance: 5.0617613303012325e-06

AL interation 455/1000.

mae: 0.0022005369690778027
max_error: 0.023637252200387593
variance: 5.0528983514368505e-06

AL interation 456/1000.

mae: 0.002200647313589798
max_error: 0.02369553622975218
variance: 5.054330481461746e-06

AL interation 457/1000.

mae: 0.002197504718390519
max_error: 0.020223605718456383
variance: 4.941247289947282e-06

AL interation 458/1000.

mae: 0.002168502287218871
max_error: 0.016974813366687158
variance: 4.793338293502472e-06

AL interation 459/1000.

mae: 0.0021645412009029313
max_error: 0.017088176744437078
variance: 4.7767252799964515e-06

AL interation 460/1000.

mae: 0.0021681126867597413
max_error: 0.017096280182158807
variance: 4.845262588617967e-06

AL interation 461/1000.

mae: 0.0021708644110476597
max_error: 0.019915740277610894
variance: 4.776862930995141e-06

AL interation 462/1000.

mae: 0.0021723562682218474
max_error: 0.016760582841925498
variance: 4.6956233978062894e-06

AL interation 463/1000.

mae: 0.0021724069287702152
max_error: 0.016352665416889067
variance: 4.687643791455361e-06

AL interation 464/1000.

mae: 0.002170957152903611
max_error: 0.01601221185774193
variance: 4.628498364503834e-06

AL interation 465/1000.

mae: 0.002169252785291974
max_error: 0.01573851897046552
variance: 4.6507853793244145e-06

AL interation 466/1000.

mae: 0.0021708656052260265
max_error: 0.015611541053658584
variance: 4.650040012427088e-06

AL interation 467/1000.

mae: 0.002119858696767551
max_error: 0.015490327092265943
variance: 4.44210114310517e-06

AL interation 468/1000.

mae: 0.00212021384331365
max_error: 0.015738450052595
variance: 4.4561145683381e-06

AL interation 469/1000.

mae: 0.0021174282838283035
max_error: 0.015157793710386613
variance: 4.428294516759291e-06

AL interation 470/1000.

mae: 0.002117072934144744
max_error: 0.01572391099307424
variance: 4.466937761853902e-06

AL interation 471/1000.

mae: 0.0021128024667259526
max_error: 0.014501644177471462
variance: 4.433895921960556e-06

AL interation 472/1000.

mae: 0.0021101367159571966
max_error: 0.014643291821812454
variance: 4.413083065063137e-06

AL interation 473/1000.

mae: 0.0021107184744068946
max_error: 0.014437312139307323
variance: 4.415209847807034e-06

AL interation 474/1000.

mae: 0.002108454165496369
max_error: 0.014551711147760216
variance: 4.4065739635724104e-06

AL interation 475/1000.

mae: 0.0021063020231849804
max_error: 0.014573885006939236
variance: 4.408492466647923e-06

AL interation 476/1000.

mae: 0.002060037512069357
max_error: 0.014727225406204525
variance: 4.3813398950778104e-06

AL interation 477/1000.

mae: 0.0020578849661651477
max_error: 0.015036037769277755
variance: 4.36562874739266e-06

AL interation 478/1000.

mae: 0.0020514623153167124
max_error: 0.015573798325021926
variance: 4.318253059669514e-06

AL interation 479/1000.

mae: 0.0020513510489363397
max_error: 0.015561881121357146
variance: 4.316098505123906e-06

AL interation 480/1000.

mae: 0.0020364417911087
max_error: 0.014090048292018764
variance: 4.203831814543201e-06

AL interation 481/1000.

mae: 0.0020359133404026578
max_error: 0.014110537388660305
variance: 4.2016422652764496e-06

AL interation 482/1000.

mae: 0.002035591843658949
max_error: 0.01412769607577502
variance: 4.200460481690189e-06

AL interation 483/1000.

mae: 0.0020250204123622097
max_error: 0.013951914962490264
variance: 4.089236640781508e-06

AL interation 484/1000.

mae: 0.0020289335690749795
max_error: 0.013771878201623622
variance: 4.100236580715099e-06

AL interation 485/1000.

mae: 0.0020315974627110336
max_error: 0.013550055790801707
variance: 4.107069216316018e-06

AL interation 486/1000.

mae: 0.002033130221443571
max_error: 0.013970325762784341
variance: 4.115078765462629e-06

AL interation 487/1000.

mae: 0.0020417044863688715
max_error: 0.014334771428366366
variance: 4.156916969743974e-06

AL interation 488/1000.

mae: 0.0020395398721739185
max_error: 0.014334192145724955
variance: 4.138917756206512e-06

AL interation 489/1000.

mae: 0.0020439936188622596
max_error: 0.015025075171251956
variance: 4.183418557693084e-06

AL interation 490/1000.

mae: 0.0020434346200672734
max_error: 0.014901592973728839
variance: 4.175341679464626e-06

AL interation 491/1000.

mae: 0.0020433323625302364
max_error: 0.014878831450005237
variance: 4.174576952951272e-06

AL interation 492/1000.

mae: 0.0020413982993486572
max_error: 0.015051690507789317
variance: 4.172790819408818e-06

AL interation 493/1000.

mae: 0.00204089057037163
max_error: 0.015059174615998927
variance: 4.172703120910343e-06

AL interation 494/1000.

mae: 0.0020399864401852027
max_error: 0.015101803112884227
variance: 4.1719525565763774e-06

AL interation 495/1000.

mae: 0.002028496226840616
max_error: 0.015534536559243861
variance: 4.142873740986561e-06

AL interation 496/1000.

mae: 0.002022458300429207
max_error: 0.01566090026881284
variance: 4.116743682803473e-06

AL interation 497/1000.

mae: 0.0020075936043394906
max_error: 0.015198696050902072
variance: 4.051977461818341e-06

AL interation 498/1000.

mae: 0.00200562010982776
max_error: 0.015201754514237109
variance: 4.0415662453937626e-06

AL interation 499/1000.

mae: 0.002005854708646439
max_error: 0.015231754277010623
variance: 4.041416031247784e-06

AL interation 500/1000.

mae: 0.002019564118153539
max_error: 0.014233469609280291
variance: 4.033451446301343e-06

AL interation 501/1000.

mae: 0.0020066875225193143
max_error: 0.014118482936282817
variance: 3.959106583931225e-06

AL interation 502/1000.

mae: 0.0020092585630318354
max_error: 0.014104555938502017
variance: 3.9939697837004475e-06

AL interation 503/1000.

mae: 0.0020043179073654755
max_error: 0.014525094647069636
variance: 3.980505458624662e-06

AL interation 504/1000.

mae: 0.0020035163894817744
max_error: 0.014775262791772548
variance: 3.9833935535261265e-06

AL interation 505/1000.

mae: 0.0020029042606092844
max_error: 0.014681046474834147
variance: 3.980899661584638e-06

AL interation 506/1000.

mae: 0.002000417944705987
max_error: 0.014564254898687068
variance: 3.978043740035969e-06

AL interation 507/1000.

mae: 0.0019927549177718904
max_error: 0.015716883931418124
variance: 3.992530637069028e-06

AL interation 508/1000.

mae: 0.001992196432847777
max_error: 0.015696445126195613
variance: 3.991229670524506e-06

AL interation 509/1000.

mae: 0.0019847525622408283
max_error: 0.01507809112445102
variance: 3.923977288082299e-06

AL interation 510/1000.

mae: 0.0019752886390497224
max_error: 0.014875833938276628
variance: 3.800549310077857e-06

AL interation 511/1000.

mae: 0.0019761843326359667
max_error: 0.014957963550841669
variance: 3.8056942385857892e-06

AL interation 512/1000.

mae: 0.0019726133142185065
max_error: 0.01484330097810016
variance: 3.804331798051979e-06

AL interation 513/1000.

mae: 0.0019738022344990896
max_error: 0.01461126940921531
variance: 3.774195167015688e-06

AL interation 514/1000.

mae: 0.0019594453052068275
max_error: 0.014196486274158815
variance: 3.790500583521297e-06

AL interation 515/1000.

mae: 0.001955794893977327
max_error: 0.01382222125903354
variance: 3.7870578261070724e-06

AL interation 516/1000.

mae: 0.001960539050625812
max_error: 0.013351419071113924
variance: 3.773122410074329e-06

AL interation 517/1000.

mae: 0.001960184019665576
max_error: 0.013371969635045389
variance: 3.769923914432507e-06

AL interation 518/1000.

mae: 0.001959672603687977
max_error: 0.013317148263013223
variance: 3.7672692936981117e-06

AL interation 519/1000.

mae: 0.0019550850455161708
max_error: 0.013206726933276514
variance: 3.7065725878203167e-06

AL interation 520/1000.

mae: 0.001957702075220368
max_error: 0.012819803897400561
variance: 3.703991684147957e-06

AL interation 521/1000.

mae: 0.001951805614477962
max_error: 0.012814711425562564
variance: 3.7009934629717903e-06

AL interation 522/1000.

mae: 0.0019531183214694465
max_error: 0.012776368875165645
variance: 3.7120306105937575e-06

AL interation 523/1000.

mae: 0.0019530779960859946
max_error: 0.012778713945408526
variance: 3.7110403727260682e-06

AL interation 524/1000.

mae: 0.0019520304697316533
max_error: 0.013573916275163356
variance: 3.7106742509720502e-06

AL interation 525/1000.

mae: 0.00194353573304943
max_error: 0.012478397514314565
variance: 3.6779634568674085e-06

AL interation 526/1000.

mae: 0.0019454101259643722
max_error: 0.012478522602577868
variance: 3.6716067446068182e-06

AL interation 527/1000.

mae: 0.001946392921298866
max_error: 0.013367244328946981
variance: 3.6923474544094424e-06

AL interation 528/1000.

mae: 0.001956254609845928
max_error: 0.012677768388130062
variance: 3.7326455889298777e-06

AL interation 529/1000.

mae: 0.0019584206614645153
max_error: 0.01894891941174137
variance: 3.845638071013644e-06

AL interation 530/1000.

mae: 0.0019598817473470264
max_error: 0.020502842303358193
variance: 3.880983246745698e-06

AL interation 531/1000.

mae: 0.0019500020150981072
max_error: 0.01940530472620594
variance: 3.8105070213972404e-06

AL interation 532/1000.

mae: 0.0019658194794274094
max_error: 0.022407495688639756
variance: 3.914467725973082e-06

AL interation 533/1000.

mae: 0.0019586694376530433
max_error: 0.022696255978189583
variance: 3.902826168699634e-06

AL interation 534/1000.

mae: 0.0019595702894439457
max_error: 0.023471779461942788
variance: 3.9045788139861776e-06

AL interation 535/1000.

mae: 0.0019596362146385216
max_error: 0.0238821667544471
variance: 3.918290461456691e-06

AL interation 536/1000.

mae: 0.0019450956207329
max_error: 0.030355879377566453
variance: 4.0578061682447585e-06

AL interation 537/1000.

mae: 0.0019405789108241152
max_error: 0.030153098788105126
variance: 4.030266431261091e-06

AL interation 538/1000.

mae: 0.0019397900800013305
max_error: 0.03051384658738243
variance: 4.049424251782074e-06

AL interation 539/1000.

mae: 0.0019492438168745138
max_error: 0.031220591899000283
variance: 4.032043873469618e-06

AL interation 540/1000.

mae: 0.0019484601438034589
max_error: 0.031112759646021004
variance: 4.029357894905919e-06

AL interation 541/1000.

mae: 0.0019447441698603144
max_error: 0.02976776779814827
variance: 3.978612525210075e-06

AL interation 542/1000.

mae: 0.00194206498510448
max_error: 0.03152055972441303
variance: 4.021766026828726e-06

AL interation 543/1000.

mae: 0.0019384355301199322
max_error: 0.03283964590355026
variance: 4.020509453862295e-06

AL interation 544/1000.

mae: 0.0019102521633012658
max_error: 0.02745702796801197
variance: 3.7426346624057586e-06

AL interation 545/1000.

mae: 0.0019093510380689624
max_error: 0.027249156769357796
variance: 3.725375974900317e-06

AL interation 546/1000.

mae: 0.0019092399120499977
max_error: 0.027244662206612702
variance: 3.724021208710845e-06

AL interation 547/1000.

mae: 0.0018846628243372834
max_error: 0.02720540509744751
variance: 3.6640861755916954e-06

AL interation 548/1000.

mae: 0.001885900892425525
max_error: 0.027153707381330605
variance: 3.66952534080797e-06

AL interation 549/1000.

mae: 0.0018740757097802999
max_error: 0.030351947333656426
variance: 3.7154888742348055e-06

AL interation 550/1000.

mae: 0.0018702075191795303
max_error: 0.026362913932644005
variance: 3.583067297207347e-06

AL interation 551/1000.

mae: 0.0018691121018600825
max_error: 0.027818815123282548
variance: 3.608968342181199e-06

AL interation 552/1000.

mae: 0.0018693467435341518
max_error: 0.027843746628605004
variance: 3.607182574891826e-06

AL interation 553/1000.

mae: 0.001862962448788494
max_error: 0.027131020363412972
variance: 3.5494002893536044e-06

AL interation 554/1000.

mae: 0.001861893072436942
max_error: 0.027428708311163064
variance: 3.5528967641143935e-06

AL interation 555/1000.

mae: 0.0018604597061321329
max_error: 0.027011295121155854
variance: 3.5326220364974643e-06

AL interation 556/1000.

mae: 0.0018629538863151537
max_error: 0.02650061928852665
variance: 3.5277837895994705e-06

AL interation 557/1000.

mae: 0.0018684886940936848
max_error: 0.026258043285452004
variance: 3.558840956339155e-06

AL interation 558/1000.

mae: 0.0018615177462615975
max_error: 0.025073112260542985
variance: 3.509522370888423e-06

AL interation 559/1000.

mae: 0.0018726507780629617
max_error: 0.02409808830543625
variance: 3.5322451394760124e-06

AL interation 560/1000.

mae: 0.0018739174859829291
max_error: 0.024018285136662598
variance: 3.5314445141345826e-06

AL interation 561/1000.

mae: 0.0018738254710515322
max_error: 0.024071815695606347
variance: 3.5283754523996537e-06

AL interation 562/1000.

mae: 0.0018782462161652802
max_error: 0.026194875400506135
variance: 3.5782501928286657e-06

AL interation 563/1000.

mae: 0.0018791622200469648
max_error: 0.025029943596564408
variance: 3.5538248984717614e-06

AL interation 564/1000.

mae: 0.001883354840663742
max_error: 0.029688514109693642
variance: 3.7608096087809485e-06

AL interation 565/1000.

mae: 0.0018832051529116144
max_error: 0.029657329704605218
variance: 3.758944998436007e-06

AL interation 566/1000.

mae: 0.001881561830075043
max_error: 0.03025292911752331
variance: 3.7730623535500315e-06

AL interation 567/1000.

mae: 0.0018812770232134427
max_error: 0.030418866585932847
variance: 3.777087468515477e-06

AL interation 568/1000.

mae: 0.0018811509845563705
max_error: 0.030351245116435166
variance: 3.769449898441152e-06

AL interation 569/1000.

mae: 0.0018846886353749142
max_error: 0.030095032688223
variance: 3.7674310003312076e-06

AL interation 570/1000.

mae: 0.0018668820532457176
max_error: 0.022490565937005158
variance: 3.5085672724204104e-06

AL interation 571/1000.

mae: 0.0018625624761079962
max_error: 0.02202807487174141
variance: 3.476850644462628e-06

AL interation 572/1000.

mae: 0.0018588956985104233
max_error: 0.02028438010438549
variance: 3.4370454702802026e-06

AL interation 573/1000.

mae: 0.0018576332899820046
max_error: 0.018706127341829415
variance: 3.39141392777538e-06

AL interation 574/1000.

mae: 0.001860865348436164
max_error: 0.019537995841346856
variance: 3.4097684795406743e-06

AL interation 575/1000.

mae: 0.0018492037007981708
max_error: 0.019835426744066353
variance: 3.412943211401927e-06

AL interation 576/1000.

mae: 0.0018483464990831635
max_error: 0.01979179055615532
variance: 3.4070450232683283e-06

AL interation 577/1000.

mae: 0.001842238159698354
max_error: 0.01919635878130066
variance: 3.3785216363927498e-06

AL interation 578/1000.

mae: 0.0018423152615705475
max_error: 0.01927981832250225
variance: 3.3797219139011433e-06

AL interation 579/1000.

mae: 0.0018425007027963148
max_error: 0.019319071706377144
variance: 3.381237538566741e-06

AL interation 580/1000.

mae: 0.0018394773704021646
max_error: 0.019158349644385453
variance: 3.3643401234715925e-06

AL interation 581/1000.

mae: 0.0018367011793643541
max_error: 0.017490295033894654
variance: 3.2807278599982268e-06

AL interation 582/1000.

mae: 0.00183823919450424
max_error: 0.017339668508611794
variance: 3.2778766836301233e-06

AL interation 583/1000.

mae: 0.001833386002430416
max_error: 0.017330684971057053
variance: 3.2401366922913516e-06

AL interation 584/1000.

mae: 0.0018374249022472214
max_error: 0.01802111909910309
variance: 3.280978824404956e-06

AL interation 585/1000.

mae: 0.0018298642809122612
max_error: 0.01798159190639126
variance: 3.2629286413300398e-06

AL interation 586/1000.

mae: 0.0018364130356785609
max_error: 0.01967735150083172
variance: 3.3090856404702115e-06

AL interation 587/1000.

mae: 0.0018427313983756903
max_error: 0.02507724360748398
variance: 3.448672389555622e-06

AL interation 588/1000.

mae: 0.0018503899349752828
max_error: 0.025259902041398163
variance: 3.486606345607974e-06

AL interation 589/1000.

mae: 0.0018493118084888921
max_error: 0.023940640773616906
variance: 3.464675005765725e-06

AL interation 590/1000.

mae: 0.0018444570744613885
max_error: 0.02378598534687626
variance: 3.4521524634162568e-06

AL interation 591/1000.

mae: 0.001844581022294733
max_error: 0.02354734511300194
variance: 3.443374884487192e-06

AL interation 592/1000.

mae: 0.0018465607715497754
max_error: 0.02350626447423565
variance: 3.442818164746572e-06

AL interation 593/1000.

mae: 0.0018464820151875756
max_error: 0.023473353397093888
variance: 3.442305312149802e-06

AL interation 594/1000.

mae: 0.0018465631437211414
max_error: 0.024217027511440392
variance: 3.454682514178732e-06

AL interation 595/1000.

mae: 0.0018422814547911913
max_error: 0.023170150157056923
variance: 3.4164765592280518e-06

AL interation 596/1000.

mae: 0.0018447035706067256
max_error: 0.024712438967071648
variance: 3.4484361811674933e-06

AL interation 597/1000.

mae: 0.001842651751207086
max_error: 0.02657432415708172
variance: 3.4799972522966846e-06

AL interation 598/1000.

mae: 0.0018426733665401116
max_error: 0.026549346085630532
variance: 3.4796006866555517e-06

AL interation 599/1000.

mae: 0.0018480329301028178
max_error: 0.026537909444414254
variance: 3.4824673971591722e-06

AL interation 600/1000.

mae: 0.0018414214519661982
max_error: 0.02623484962805378
variance: 3.4144183881820796e-06

AL interation 601/1000.

mae: 0.0018330463199063161
max_error: 0.021909333106123086
variance: 3.2699785365176224e-06

AL interation 602/1000.

mae: 0.0018324646977862357
max_error: 0.021901640381656762
variance: 3.2700893389859158e-06

AL interation 603/1000.

mae: 0.0018335502505005933
max_error: 0.018710724350057717
variance: 3.2341123358617294e-06

AL interation 604/1000.

mae: 0.0018355206480800918
max_error: 0.019026517208658333
variance: 3.2489411617728676e-06

AL interation 605/1000.

mae: 0.0018541512346919263
max_error: 0.019209345143281098
variance: 3.3076744957826928e-06

AL interation 606/1000.

mae: 0.001853249630483333
max_error: 0.01952070397510397
variance: 3.3051903514885216e-06

AL interation 607/1000.

mae: 0.0018615892914203868
max_error: 0.02380869005992281
variance: 3.4337313229824944e-06

AL interation 608/1000.

mae: 0.0018627373204217292
max_error: 0.025794403899453755
variance: 3.486578125917615e-06

AL interation 609/1000.

mae: 0.0018632417125809299
max_error: 0.026097175937138672
variance: 3.490328079548589e-06

AL interation 610/1000.

mae: 0.00186229098140484
max_error: 0.026923281412564393
variance: 3.504512359956839e-06

AL interation 611/1000.

mae: 0.0018633104622313114
max_error: 0.029009680535637017
variance: 3.557861968620681e-06

AL interation 612/1000.

mae: 0.0018598432784237957
max_error: 0.028813789870582696
variance: 3.5381838204914176e-06

AL interation 613/1000.

mae: 0.0018600597175509393
max_error: 0.02883081537856924
variance: 3.541196323288537e-06

AL interation 614/1000.

mae: 0.001859081221858105
max_error: 0.02882659555598366
variance: 3.533056755912484e-06

AL interation 615/1000.

mae: 0.001850513972058252
max_error: 0.02307309610023367
variance: 3.353147192730426e-06

AL interation 616/1000.

mae: 0.0018516213680395595
max_error: 0.023870409971095796
variance: 3.372608278775084e-06

AL interation 617/1000.

mae: 0.00184761988775972
max_error: 0.024575436759732838
variance: 3.3754684127216813e-06

AL interation 618/1000.

mae: 0.0018384350706610348
max_error: 0.022223223272703763
variance: 3.2922366457384914e-06

AL interation 619/1000.

mae: 0.0018399255305002952
max_error: 0.023777858626090165
variance: 3.3342511560796366e-06

AL interation 620/1000.

mae: 0.00184044940014428
max_error: 0.023612962376319047
variance: 3.3379535037195838e-06

AL interation 621/1000.

mae: 0.0018418032752078944
max_error: 0.02353049283101427
variance: 3.3563246910091592e-06

AL interation 622/1000.

mae: 0.0018422570105203705
max_error: 0.023853896457694646
variance: 3.3630986370070093e-06

AL interation 623/1000.

mae: 0.0018357310408464401
max_error: 0.02315280799939501
variance: 3.3332830293460596e-06

AL interation 624/1000.

mae: 0.0018370612807975704
max_error: 0.023381925459943886
variance: 3.3340982973883253e-06

AL interation 625/1000.

mae: 0.0018367962468819315
max_error: 0.023417829807840462
variance: 3.335268286043564e-06

AL interation 626/1000.

mae: 0.0018381482539489298
max_error: 0.023592199936501856
variance: 3.342081672636397e-06

AL interation 627/1000.

mae: 0.00183514556082082
max_error: 0.022492874220006343
variance: 3.316493272678868e-06

AL interation 628/1000.

mae: 0.001836517168435421
max_error: 0.022696292299769993
variance: 3.3340843929637593e-06

AL interation 629/1000.

mae: 0.0018299495758410558
max_error: 0.02263746111839282
variance: 3.2876108806394313e-06

AL interation 630/1000.

mae: 0.0018297552008316416
max_error: 0.022561176951967354
variance: 3.2867114046010127e-06

AL interation 631/1000.

mae: 0.001828761582725747
max_error: 0.022286752045147296
variance: 3.2776022416216825e-06

AL interation 632/1000.

mae: 0.0018273178032513898
max_error: 0.01645806878059375
variance: 3.1134457442227917e-06

AL interation 633/1000.

mae: 0.0018316417006444682
max_error: 0.017360182285301562
variance: 3.135172996275307e-06

AL interation 634/1000.

mae: 0.0018337097709054434
max_error: 0.01733875138870644
variance: 3.1358646105125876e-06

AL interation 635/1000.

mae: 0.001821897294095834
max_error: 0.01669130408390629
variance: 3.079883098439636e-06

AL interation 636/1000.

mae: 0.0018223932406835957
max_error: 0.016819174207739707
variance: 3.0830233381787156e-06

AL interation 637/1000.

mae: 0.0018221088650298043
max_error: 0.016848350215695973
variance: 3.08164043571992e-06

AL interation 638/1000.

mae: 0.0018232128830122747
max_error: 0.016459941204630013
variance: 3.0843178610084303e-06

AL interation 639/1000.

mae: 0.0018209161765244063
max_error: 0.015860800903283234
variance: 3.0648973288612166e-06

AL interation 640/1000.

mae: 0.0018209843712393196
max_error: 0.015389074377708312
variance: 3.0630845214467993e-06

AL interation 641/1000.

mae: 0.0018213140277912316
max_error: 0.016366935607038613
variance: 3.0848600053221986e-06

AL interation 642/1000.

mae: 0.0017972103665697431
max_error: 0.017208040498189803
variance: 3.038908791116309e-06

AL interation 643/1000.

mae: 0.0017975642223418617
max_error: 0.01769247212632763
variance: 3.0458109079339906e-06

AL interation 644/1000.

mae: 0.0017987431184301385
max_error: 0.019169218644492503
variance: 3.05734561838407e-06

AL interation 645/1000.

mae: 0.0017892513312408483
max_error: 0.018542355198405858
variance: 3.020408440980289e-06

AL interation 646/1000.

mae: 0.0017867699131202245
max_error: 0.01969091667979228
variance: 3.0341980719199646e-06

AL interation 647/1000.

mae: 0.0017859927417448488
max_error: 0.020438428308807488
variance: 3.0352828708085415e-06

AL interation 648/1000.

mae: 0.001783037882387987
max_error: 0.022761263749089267
variance: 3.0761882355756695e-06

AL interation 649/1000.

mae: 0.0017822697233877988
max_error: 0.020437062757082458
variance: 3.0715540849177693e-06

AL interation 650/1000.

mae: 0.0017875882453909071
max_error: 0.023039214817799802
variance: 3.13514673702363e-06

AL interation 651/1000.

mae: 0.0017879527304194198
max_error: 0.02261241913492995
variance: 3.1270964778153437e-06

AL interation 652/1000.

mae: 0.001786517568396448
max_error: 0.022854194200590427
variance: 3.1159152550528752e-06

AL interation 653/1000.

mae: 0.0017738376605102532
max_error: 0.025289539054028864
variance: 3.149592248321469e-06

AL interation 654/1000.

mae: 0.0017471534848391458
max_error: 0.016040356403209444
variance: 2.8838682413527968e-06

AL interation 655/1000.

mae: 0.0017465053671721763
max_error: 0.01477599543704855
variance: 2.8528186450316128e-06

AL interation 656/1000.

mae: 0.0017484314281437038
max_error: 0.01564459708333743
variance: 2.9239965762324247e-06

AL interation 657/1000.

mae: 0.0017493482691643295
max_error: 0.015165808096753608
variance: 2.9121172401194735e-06

AL interation 658/1000.

mae: 0.001750788946708134
max_error: 0.01496162621606345
variance: 2.9127875763249537e-06

AL interation 659/1000.

mae: 0.001750629565746749
max_error: 0.01510409630554932
variance: 2.906309923899955e-06

AL interation 660/1000.

mae: 0.001748652806371755
max_error: 0.01517269903979468
variance: 2.9069233158765707e-06

AL interation 661/1000.

mae: 0.0017502306217247678
max_error: 0.014658020522801962
variance: 2.876716875977592e-06

AL interation 662/1000.

mae: 0.0017314585777576212
max_error: 0.014158234645037737
variance: 2.8011196770487902e-06

AL interation 663/1000.

mae: 0.0017250359667477825
max_error: 0.013127493152751413
variance: 2.7772962329527244e-06

AL interation 664/1000.

mae: 0.001725008953987981
max_error: 0.013094290338813153
variance: 2.775727359188026e-06

AL interation 665/1000.

mae: 0.0017302347211370942
max_error: 0.013846284889041272
variance: 2.826470566520144e-06

AL interation 666/1000.

mae: 0.0017232241991787306
max_error: 0.013786841595901933
variance: 2.791654775672996e-06

AL interation 667/1000.

mae: 0.0017275578505295925
max_error: 0.013456949677674857
variance: 2.820919250875091e-06

AL interation 668/1000.

mae: 0.0017273878614143996
max_error: 0.01341786241846421
variance: 2.820237167415789e-06

AL interation 669/1000.

mae: 0.0017291486166641334
max_error: 0.013256226845442143
variance: 2.8415006648263388e-06

AL interation 670/1000.

mae: 0.001729269149729589
max_error: 0.013249415617792693
variance: 2.8417122493178264e-06

AL interation 671/1000.

mae: 0.0017311536638817415
max_error: 0.012319016449509945
variance: 2.8277743736944204e-06

AL interation 672/1000.

mae: 0.0017308865598870398
max_error: 0.01249899919366726
variance: 2.832820610943487e-06

AL interation 673/1000.

mae: 0.0017214627158427902
max_error: 0.013575957917964843
variance: 2.7925436083559158e-06

AL interation 674/1000.

mae: 0.0017225204423521063
max_error: 0.013695952196030703
variance: 2.801301138433241e-06

AL interation 675/1000.

mae: 0.0017224183266521323
max_error: 0.013885312194361177
variance: 2.8136772993229726e-06

AL interation 676/1000.

mae: 0.0017233591564456674
max_error: 0.013793745373732236
variance: 2.828407764449203e-06

AL interation 677/1000.

mae: 0.0017248704218884327
max_error: 0.013823971215060737
variance: 2.8326362012953038e-06

AL interation 678/1000.

mae: 0.0017207860988145498
max_error: 0.013892149222556327
variance: 2.81898761580469e-06

AL interation 679/1000.

mae: 0.0017177715919924027
max_error: 0.013541417926717259
variance: 2.798441030902411e-06

AL interation 680/1000.

mae: 0.0017113532157628341
max_error: 0.014482742878499266
variance: 2.7953141916833583e-06

AL interation 681/1000.

mae: 0.0017105963076717785
max_error: 0.014792898412451905
variance: 2.8007137679930667e-06

AL interation 682/1000.

mae: 0.0017102961947431936
max_error: 0.014771212988307525
variance: 2.7979412445730767e-06

AL interation 683/1000.

mae: 0.0017104445100412705
max_error: 0.014750306146197545
variance: 2.8036014600855964e-06

AL interation 684/1000.

mae: 0.001713043979499048
max_error: 0.014417002627851616
variance: 2.8271582887942366e-06

AL interation 685/1000.

mae: 0.0017140274101275282
max_error: 0.014299993675194855
variance: 2.8260414631003407e-06

AL interation 686/1000.

mae: 0.0017125601584630204
max_error: 0.014471212348325935
variance: 2.8274169342026307e-06

AL interation 687/1000.

mae: 0.0017063353492176249
max_error: 0.014264578877373424
variance: 2.795996810662374e-06

AL interation 688/1000.

mae: 0.0017063021829089849
max_error: 0.014305169407634821
variance: 2.7980111152253827e-06

AL interation 689/1000.

mae: 0.001703396600241831
max_error: 0.014059475569411006
variance: 2.7861312202591362e-06

AL interation 690/1000.

mae: 0.0016953146540117814
max_error: 0.012520392697297211
variance: 2.729300077980576e-06

AL interation 691/1000.

mae: 0.0016952129065548433
max_error: 0.012542074818156834
variance: 2.7290041921819647e-06

AL interation 692/1000.

mae: 0.0016948889448767659
max_error: 0.012382658004753466
variance: 2.7267276451812205e-06

AL interation 693/1000.

mae: 0.0016948652548244355
max_error: 0.01239743716269004
variance: 2.7267604708817662e-06

AL interation 694/1000.

mae: 0.0016855093938331436
max_error: 0.01282689258641767
variance: 2.6987405635771686e-06

AL interation 695/1000.

mae: 0.0016857971419133194
max_error: 0.012642963071812119
variance: 2.689451368383844e-06

AL interation 696/1000.

mae: 0.0016701367338691853
max_error: 0.016716811612241145
variance: 2.7451854483818998e-06

AL interation 697/1000.

mae: 0.0016698836319046677
max_error: 0.016747819182455714
variance: 2.7439956161564712e-06

AL interation 698/1000.

mae: 0.0016672600111160138
max_error: 0.015939021172926005
variance: 2.727998362339479e-06

AL interation 699/1000.

mae: 0.0016646009918968047
max_error: 0.0165788017138766
variance: 2.713143545628213e-06

AL interation 700/1000.

mae: 0.0016630342352264053
max_error: 0.016955375943325635
variance: 2.7123117216685825e-06

AL interation 701/1000.

mae: 0.0016632885393055403
max_error: 0.01692280247061717
variance: 2.7114486335309598e-06

AL interation 702/1000.

mae: 0.0016639040926884263
max_error: 0.017271926665671344
variance: 2.715715570708107e-06

AL interation 703/1000.

mae: 0.0016641523405805856
max_error: 0.018533128119997855
variance: 2.7418396192737216e-06

AL interation 704/1000.

mae: 0.0016680318748240098
max_error: 0.017793996531509038
variance: 2.6917524929961373e-06

AL interation 705/1000.

mae: 0.0016631309857939413
max_error: 0.015820162642739888
variance: 2.6479181185402698e-06

AL interation 706/1000.

mae: 0.0016662004749941845
max_error: 0.01586362979560363
variance: 2.6606414710976627e-06

AL interation 707/1000.

mae: 0.0016596920321790094
max_error: 0.012002096224932757
variance: 2.569934918362468e-06

AL interation 708/1000.

mae: 0.0016384869794264887
max_error: 0.011603652771555062
variance: 2.5087179593734456e-06

AL interation 709/1000.

mae: 0.0016383858962180967
max_error: 0.011590367455028172
variance: 2.508463846306745e-06

AL interation 710/1000.

mae: 0.0016386649577380013
max_error: 0.011619144391261216
variance: 2.510067671628604e-06

AL interation 711/1000.

mae: 0.001639254666029956
max_error: 0.01253145727514493
variance: 2.5182188960002272e-06

AL interation 712/1000.

mae: 0.0016342685768504454
max_error: 0.011654658514999028
variance: 2.4887574721116136e-06

AL interation 713/1000.

mae: 0.0016302983282103015
max_error: 0.010991184990416514
variance: 2.446959645572407e-06

AL interation 714/1000.

mae: 0.0016304494853147844
max_error: 0.010986405442963587
variance: 2.446603550563116e-06

AL interation 715/1000.

mae: 0.0016324256299922128
max_error: 0.010991373117576586
variance: 2.4441130541186343e-06

AL interation 716/1000.

mae: 0.0016334478959188347
max_error: 0.010998321715305792
variance: 2.4458109616282225e-06

AL interation 717/1000.

mae: 0.0016308672997356554
max_error: 0.011074030324380146
variance: 2.4299610186019692e-06

AL interation 718/1000.

mae: 0.001630568014086748
max_error: 0.01094527265013312
variance: 2.454696422899319e-06

AL interation 719/1000.

mae: 0.0016268456206071278
max_error: 0.010917352530668722
variance: 2.4326420877174383e-06

AL interation 720/1000.

mae: 0.001659689973638706
max_error: 0.012389301594339486
variance: 2.5814309919232526e-06

AL interation 721/1000.

mae: 0.0016596728884287586
max_error: 0.012224555753164168
variance: 2.576933462414874e-06

AL interation 722/1000.

mae: 0.0016595198850709494
max_error: 0.012044235870234843
variance: 2.5698928785467364e-06

AL interation 723/1000.

mae: 0.0016584409960296398
max_error: 0.011291393423562113
variance: 2.549393661916241e-06

AL interation 724/1000.

mae: 0.0016549623845521638
max_error: 0.012725656425573106
variance: 2.575723779493107e-06

AL interation 725/1000.

mae: 0.0016559044163195723
max_error: 0.011679443172397441
variance: 2.5483600904803023e-06

AL interation 726/1000.

mae: 0.001655307575394204
max_error: 0.01145613693188352
variance: 2.547454007930871e-06

AL interation 727/1000.

mae: 0.0016543311907032602
max_error: 0.011480292354463018
variance: 2.54488522660708e-06

AL interation 728/1000.

mae: 0.001656340511936378
max_error: 0.01128359270933288
variance: 2.532127931489648e-06

AL interation 729/1000.

mae: 0.0016569232373885826
max_error: 0.012933581408105965
variance: 2.565372558183841e-06

AL interation 730/1000.

mae: 0.0016490352574201098
max_error: 0.014243970314964827
variance: 2.558661772822893e-06

AL interation 731/1000.

mae: 0.0016560419527777413
max_error: 0.01677385494531336
variance: 2.596349098084333e-06

AL interation 732/1000.

mae: 0.0016554421351356724
max_error: 0.017012652863741096
variance: 2.599575849770712e-06

AL interation 733/1000.

mae: 0.0016535648213257446
max_error: 0.016926305407650943
variance: 2.5970201272250987e-06

AL interation 734/1000.

mae: 0.0016478505851264345
max_error: 0.01758959357812273
variance: 2.5886268006452908e-06

AL interation 735/1000.

mae: 0.0016472970616041493
max_error: 0.017843303542576905
variance: 2.605909909850871e-06

AL interation 736/1000.

mae: 0.0016504992532891266
max_error: 0.017803028963498946
variance: 2.624785238665319e-06

AL interation 737/1000.

mae: 0.0016476889867544742
max_error: 0.01729624838753807
variance: 2.5864615907880794e-06

AL interation 738/1000.

mae: 0.0016460342511327327
max_error: 0.01731531628593075
variance: 2.5872369689368077e-06

AL interation 739/1000.

mae: 0.0016443498445287332
max_error: 0.01810414790361392
variance: 2.6047306673170827e-06

AL interation 740/1000.

mae: 0.0016425880285632958
max_error: 0.01911764339729416
variance: 2.6250835371622716e-06

AL interation 741/1000.

mae: 0.0016384742978270879
max_error: 0.021107482530169364
variance: 2.643245333579638e-06

AL interation 742/1000.

mae: 0.0016387871926708613
max_error: 0.020846528273068543
variance: 2.63996229463995e-06

AL interation 743/1000.

mae: 0.0016395509976637186
max_error: 0.020966415565453644
variance: 2.6458138755368636e-06

AL interation 744/1000.

mae: 0.0016387466317637517
max_error: 0.020766197510056372
variance: 2.6242525839416923e-06

AL interation 745/1000.

mae: 0.0016350565123975686
max_error: 0.022200556511052127
variance: 2.6348901202222887e-06

AL interation 746/1000.

mae: 0.0016265040830485305
max_error: 0.025166772112243052
variance: 2.721437449080963e-06

AL interation 747/1000.

mae: 0.0016204598583517509
max_error: 0.02719519430957007
variance: 2.75396880805322e-06

AL interation 748/1000.

mae: 0.0016195711404579924
max_error: 0.026047670554362412
variance: 2.717994002063496e-06

AL interation 749/1000.

mae: 0.0016199846338786302
max_error: 0.02615140219404566
variance: 2.719876577127814e-06

AL interation 750/1000.

mae: 0.0016292622444452718
max_error: 0.0288473524078654
variance: 2.7843297512242014e-06

AL interation 751/1000.

mae: 0.0016288744720741306
max_error: 0.028549179823130544
variance: 2.7790125359125758e-06

AL interation 752/1000.

mae: 0.0016279739397250523
max_error: 0.028293481950640853
variance: 2.7694144787167003e-06

AL interation 753/1000.

mae: 0.0016280271398391051
max_error: 0.028182395423755224
variance: 2.7666634268368154e-06

AL interation 754/1000.

mae: 0.0016286356991586219
max_error: 0.02916139112039673
variance: 2.8102534799580683e-06

AL interation 755/1000.

mae: 0.001628383895240404
max_error: 0.02908388342893886
variance: 2.809109937986393e-06

AL interation 756/1000.

mae: 0.0016282880891249078
max_error: 0.029442640875458892
variance: 2.8148925715198696e-06

AL interation 757/1000.

mae: 0.001625709378829015
max_error: 0.030617720719419594
variance: 2.847657226412806e-06

AL interation 758/1000.

mae: 0.001614035707869334
max_error: 0.030328616073347803
variance: 2.805987378844204e-06

AL interation 759/1000.

mae: 0.0016141021567391363
max_error: 0.030227223450310703
variance: 2.8030128682631615e-06

AL interation 760/1000.

mae: 0.0016227134766231756
max_error: 0.030400037862818863
variance: 2.84047102928993e-06

AL interation 761/1000.

mae: 0.0016166628686314652
max_error: 0.03483562210294622
variance: 2.9538420172569253e-06

AL interation 762/1000.

mae: 0.0016168295731604303
max_error: 0.034874780259087856
variance: 2.9555793385830644e-06

AL interation 763/1000.

mae: 0.0016054758159043559
max_error: 0.03513077859952318
variance: 2.9265969956674877e-06

AL interation 764/1000.

mae: 0.001605070781564791
max_error: 0.035267568116069015
variance: 2.928887496114902e-06

AL interation 765/1000.

mae: 0.0016066878325327707
max_error: 0.03636063895373809
variance: 2.965455288796277e-06

AL interation 766/1000.

mae: 0.0016068797987209109
max_error: 0.036426834102712746
variance: 2.96891448597603e-06

AL interation 767/1000.

mae: 0.0015957804618101363
max_error: 0.036808861313147645
variance: 2.9546498972666613e-06

AL interation 768/1000.

mae: 0.0015830754956024436
max_error: 0.036177178971229296
variance: 2.8779207574747664e-06

AL interation 769/1000.

mae: 0.0015818214449500375
max_error: 0.03663412869627791
variance: 2.8964346759689147e-06

AL interation 770/1000.

mae: 0.0015809766225667091
max_error: 0.03792386888653709
variance: 2.949574426926336e-06

AL interation 771/1000.

mae: 0.0015831908605198257
max_error: 0.03879324793069827
variance: 3.000347502088071e-06

AL interation 772/1000.

mae: 0.0015830666389098802
max_error: 0.03883615989889222
variance: 3.001525060659971e-06

AL interation 773/1000.

mae: 0.0015844864741447963
max_error: 0.03990612625329959
variance: 3.0546105061087147e-06

AL interation 774/1000.

mae: 0.0015798926640081846
max_error: 0.03961826818249392
variance: 3.020434708599298e-06

AL interation 775/1000.

mae: 0.0015708625918323378
max_error: 0.04034622133895027
variance: 3.041137899990684e-06

AL interation 776/1000.

mae: 0.0015705918401927193
max_error: 0.04280035958345252
variance: 3.150996616613563e-06

AL interation 777/1000.

mae: 0.0015707256944924666
max_error: 0.04282308862730133
variance: 3.1510809801160717e-06

AL interation 778/1000.

mae: 0.0015709410973040576
max_error: 0.042755668789141055
variance: 3.1497767553251577e-06

AL interation 779/1000.

mae: 0.0015735814312638468
max_error: 0.043780501738183375
variance: 3.1993595960085696e-06

AL interation 780/1000.

mae: 0.0015593524956457258
max_error: 0.04068870543687808
variance: 3.034102257386528e-06

AL interation 781/1000.

mae: 0.0015640484521372855
max_error: 0.039923895422361966
variance: 3.0280434971172325e-06

AL interation 782/1000.

mae: 0.001558689631582638
max_error: 0.04085464564104768
variance: 3.045418320137148e-06

AL interation 783/1000.

mae: 0.001557393246229367
max_error: 0.040855296693735
variance: 3.042046522777933e-06

AL interation 784/1000.

mae: 0.001550784642182407
max_error: 0.04176560903852078
variance: 3.069972428230994e-06

AL interation 785/1000.

mae: 0.0015499906986233328
max_error: 0.04210368571057188
variance: 3.0794054019489565e-06

AL interation 786/1000.

mae: 0.0015551421570844468
max_error: 0.04176442142761516
variance: 3.0934685180067543e-06

AL interation 787/1000.

mae: 0.001555391379656612
max_error: 0.04178728097303974
variance: 3.094365385223231e-06

AL interation 788/1000.

mae: 0.0015533015654673364
max_error: 0.03776826259399968
variance: 2.8967590855510433e-06

AL interation 789/1000.

mae: 0.0015519960010815339
max_error: 0.037919881647212605
variance: 2.9024204389920744e-06

AL interation 790/1000.

mae: 0.001523033369267859
max_error: 0.02640677673753089
variance: 2.4430720187341708e-06

AL interation 791/1000.

mae: 0.00152677847958239
max_error: 0.028211126201313164
variance: 2.4959894448892433e-06

AL interation 792/1000.

mae: 0.0015270633530662962
max_error: 0.02819794702645595
variance: 2.4951990998083283e-06

AL interation 793/1000.

mae: 0.0015278627747147765
max_error: 0.028180683187201794
variance: 2.4910461048095275e-06

AL interation 794/1000.

mae: 0.001527793340862445
max_error: 0.02837817735689896
variance: 2.4960789300337663e-06

AL interation 795/1000.

mae: 0.001533044675496967
max_error: 0.02854448386187869
variance: 2.5051112902246145e-06

AL interation 796/1000.

mae: 0.0015320287399609215
max_error: 0.0284915165784696
variance: 2.50616875260414e-06

AL interation 797/1000.

mae: 0.0015285052256547083
max_error: 0.026161475815570157
variance: 2.4206308123711403e-06

AL interation 798/1000.

mae: 0.0015285682940457265
max_error: 0.02551025498269155
variance: 2.4045523653652573e-06

AL interation 799/1000.

mae: 0.0015288019039482066
max_error: 0.025470493196735333
variance: 2.401805452036077e-06

AL interation 800/1000.

mae: 0.0015293855098453548
max_error: 0.025723711713908415
variance: 2.4100203439540064e-06

AL interation 801/1000.

mae: 0.0015329055990746384
max_error: 0.02525925052304956
variance: 2.4019603067261993e-06

AL interation 802/1000.

mae: 0.0015320233383599772
max_error: 0.02443854683497193
variance: 2.3777330078842928e-06

AL interation 803/1000.

mae: 0.0015272799270132965
max_error: 0.024187140962567355
variance: 2.3612395274438485e-06

AL interation 804/1000.

mae: 0.0015296323899828082
max_error: 0.024596085752818908
variance: 2.3885594603970444e-06

AL interation 805/1000.

mae: 0.0015328506298401409
max_error: 0.02802656635594758
variance: 2.507418898582413e-06

AL interation 806/1000.

mae: 0.0015298915148096058
max_error: 0.03179859752253833
variance: 2.612477712155537e-06

AL interation 807/1000.

mae: 0.001529839595345038
max_error: 0.03152670819963532
variance: 2.604570410004986e-06

AL interation 808/1000.

mae: 0.0015291387803627004
max_error: 0.031584309453137394
variance: 2.6030672373112488e-06

AL interation 809/1000.

mae: 0.0015292893533278402
max_error: 0.03165950699894893
variance: 2.605880739278219e-06

AL interation 810/1000.

mae: 0.0015297844088354396
max_error: 0.03171816355734336
variance: 2.6014637476797582e-06

AL interation 811/1000.

mae: 0.0015281885284066448
max_error: 0.03123349607176351
variance: 2.5808746498422777e-06

AL interation 812/1000.

mae: 0.0015269489244883517
max_error: 0.03088143006152677
variance: 2.5695259954563653e-06

AL interation 813/1000.

mae: 0.0015236400264958547
max_error: 0.02754888496838248
variance: 2.469142221687741e-06

AL interation 814/1000.

mae: 0.0015236752539749432
max_error: 0.028330306634416047
variance: 2.4903273910572603e-06

AL interation 815/1000.

mae: 0.001523337142219134
max_error: 0.02977486831787246
variance: 2.5322134939142613e-06

AL interation 816/1000.

mae: 0.0015230459883623553
max_error: 0.029472486271515663
variance: 2.518724274276788e-06

AL interation 817/1000.

mae: 0.0015218922070716872
max_error: 0.029940254326902505
variance: 2.5247931596688437e-06

AL interation 818/1000.

mae: 0.001521762692003904
max_error: 0.02969393021612632
variance: 2.5184343651400717e-06

AL interation 819/1000.

mae: 0.0015200915477498712
max_error: 0.02887726322933304
variance: 2.4878575227351642e-06

AL interation 820/1000.

mae: 0.0015174373483177988
max_error: 0.028351596362881537
variance: 2.462651457061568e-06

AL interation 821/1000.

mae: 0.0015166230267541323
max_error: 0.028540413167320366
variance: 2.4658635560760486e-06

AL interation 822/1000.

mae: 0.001519512285480232
max_error: 0.030151729278259154
variance: 2.5186049539626847e-06

AL interation 823/1000.

mae: 0.001519853975390106
max_error: 0.03004505396074819
variance: 2.5161083464041405e-06

AL interation 824/1000.

mae: 0.001521650295573636
max_error: 0.034091660792000766
variance: 2.6620940089194354e-06

AL interation 825/1000.

mae: 0.001518612647260852
max_error: 0.033954641355194326
variance: 2.6643425724491035e-06

AL interation 826/1000.

mae: 0.0015216180717043245
max_error: 0.03501622080057132
variance: 2.7041179234203752e-06

AL interation 827/1000.

mae: 0.0015212306030871333
max_error: 0.03477179356104898
variance: 2.683759786234374e-06

AL interation 828/1000.

mae: 0.001516187800167245
max_error: 0.03524694805219042
variance: 2.702555276465504e-06

AL interation 829/1000.

mae: 0.001516034029878938
max_error: 0.03525357950547914
variance: 2.7023777834703093e-06

AL interation 830/1000.

mae: 0.0015160240022205472
max_error: 0.03524407236818661
variance: 2.7020120354409567e-06

AL interation 831/1000.

mae: 0.0015185901813163762
max_error: 0.035393229899455037
variance: 2.7119325570064735e-06

AL interation 832/1000.

mae: 0.0015106209595851397
max_error: 0.03581134746036696
variance: 2.7012304115037813e-06

AL interation 833/1000.

mae: 0.001510810274490723
max_error: 0.036052668040611024
variance: 2.710101592793326e-06

AL interation 834/1000.

mae: 0.0015036945232559447
max_error: 0.03397017942461389
variance: 2.604335665304851e-06

AL interation 835/1000.

mae: 0.0015036743763976118
max_error: 0.034020293659523304
variance: 2.6061842920640458e-06

AL interation 836/1000.

mae: 0.0015036216880753273
max_error: 0.03377296395319718
variance: 2.5990656973531198e-06

AL interation 837/1000.

mae: 0.0014982969127767946
max_error: 0.028643294684115972
variance: 2.4209161836571594e-06

AL interation 838/1000.

mae: 0.0015049477705697427
max_error: 0.0322559602018373
variance: 2.5567710768858312e-06

AL interation 839/1000.

mae: 0.0015052685712198582
max_error: 0.0326073065325545
variance: 2.5688455964545925e-06

AL interation 840/1000.

mae: 0.0015050665676744758
max_error: 0.03140000513940322
variance: 2.544528669226005e-06

AL interation 841/1000.

mae: 0.0015003999967584604
max_error: 0.028541113987557765
variance: 2.4697107187186066e-06

AL interation 842/1000.

mae: 0.0014897306856692012
max_error: 0.027657044159241195
variance: 2.4412275350140142e-06

AL interation 843/1000.

mae: 0.0014896561798959738
max_error: 0.026979731434948917
variance: 2.4145725727760988e-06

AL interation 844/1000.

mae: 0.0014924565425499167
max_error: 0.027462087610729213
variance: 2.435113122368018e-06

AL interation 845/1000.

mae: 0.0014889671888449812
max_error: 0.027346727477379318
variance: 2.4230698925586527e-06

AL interation 846/1000.

mae: 0.0014854995667510594
max_error: 0.02811926223057526
variance: 2.4467315244105173e-06

AL interation 847/1000.

mae: 0.001496811791219443
max_error: 0.02956493924557435
variance: 2.525792391812802e-06

AL interation 848/1000.

mae: 0.00149687867089051
max_error: 0.029559933619566436
variance: 2.5258985729267342e-06

AL interation 849/1000.

mae: 0.001500071675437539
max_error: 0.030148019354783173
variance: 2.5415793322499526e-06

AL interation 850/1000.

mae: 0.0014998725491277582
max_error: 0.030005884628735657
variance: 2.537579130185791e-06

AL interation 851/1000.

mae: 0.0014990219288174558
max_error: 0.029713067498050805
variance: 2.5260716397722865e-06

AL interation 852/1000.

mae: 0.0014957686318184643
max_error: 0.027490542542182084
variance: 2.4685525781956753e-06

AL interation 853/1000.

mae: 0.0014923416902374812
max_error: 0.026621633481227036
variance: 2.4311850094522744e-06

AL interation 854/1000.

mae: 0.0014921283732728626
max_error: 0.026627234455190774
variance: 2.431382755479047e-06

AL interation 855/1000.

mae: 0.001492488529134789
max_error: 0.02683664978667366
variance: 2.4384896804609323e-06

AL interation 856/1000.

mae: 0.0014917074283239344
max_error: 0.02658258126302826
variance: 2.4295539944193747e-06

AL interation 857/1000.

mae: 0.001495249330941988
max_error: 0.028419197808943863
variance: 2.5101106291849202e-06

AL interation 858/1000.

mae: 0.0014949754994577234
max_error: 0.027443717505775567
variance: 2.474808940895507e-06

AL interation 859/1000.

mae: 0.0014907884257836486
max_error: 0.0269816306345092
variance: 2.46748348583128e-06

AL interation 860/1000.

mae: 0.0014849134100804805
max_error: 0.027005481805645104
variance: 2.461257056271305e-06

AL interation 861/1000.

mae: 0.001485474310735299
max_error: 0.028283079426728364
variance: 2.5092622634490544e-06

AL interation 862/1000.

mae: 0.0014873237456695279
max_error: 0.026978236895047303
variance: 2.470351824698156e-06

AL interation 863/1000.

mae: 0.0014879514125204878
max_error: 0.02675176345928776
variance: 2.457024350357358e-06

AL interation 864/1000.

mae: 0.0014852085237926076
max_error: 0.027242505263529893
variance: 2.4692921483719213e-06

AL interation 865/1000.

mae: 0.001484255351833781
max_error: 0.027187791924916382
variance: 2.4650791677075383e-06

AL interation 866/1000.

mae: 0.0014844389969566692
max_error: 0.02820107461138832
variance: 2.515261147652482e-06

AL interation 867/1000.

mae: 0.001485683468710704
max_error: 0.0324326579384433
variance: 2.6509943293539892e-06

AL interation 868/1000.

mae: 0.0014874791131078383
max_error: 0.0321278379224168
variance: 2.639682744712722e-06

AL interation 869/1000.

mae: 0.0014870094440175307
max_error: 0.031718264605842705
variance: 2.6219125255001986e-06

AL interation 870/1000.

mae: 0.0014871980590050952
max_error: 0.031589101340614434
variance: 2.6157004562401035e-06

AL interation 871/1000.

mae: 0.001497027536092901
max_error: 0.032970651324831124
variance: 2.676657200377633e-06

AL interation 872/1000.

mae: 0.0014958226381831992
max_error: 0.0321588397882806
variance: 2.64878464152073e-06

AL interation 873/1000.

mae: 0.0014953722403415668
max_error: 0.03205859781428444
variance: 2.6445585822156228e-06

AL interation 874/1000.

mae: 0.0014955299542034482
max_error: 0.03244650856777298
variance: 2.6613213676190777e-06

AL interation 875/1000.

mae: 0.001489195158347684
max_error: 0.027797338824711915
variance: 2.513551428679767e-06

AL interation 876/1000.

mae: 0.0014800392641882354
max_error: 0.028190692227326508
variance: 2.5021877565439883e-06

AL interation 877/1000.

mae: 0.001478616079067251
max_error: 0.028880643930278893
variance: 2.5207363009211003e-06

AL interation 878/1000.

mae: 0.0014645742648954183
max_error: 0.032594098981462594
variance: 2.5771260719599624e-06

AL interation 879/1000.

mae: 0.0014708520720614615
max_error: 0.033491817574940796
variance: 2.632609196788865e-06

AL interation 880/1000.

mae: 0.0014645033214301293
max_error: 0.031553034942589875
variance: 2.548425754451571e-06

AL interation 881/1000.

mae: 0.0014504169913798252
max_error: 0.0273882944993602
variance: 2.400625275625442e-06

AL interation 882/1000.

mae: 0.0014521845903700524
max_error: 0.027386778306208726
variance: 2.4093197989661334e-06

AL interation 883/1000.

mae: 0.0014526951173247653
max_error: 0.02758634024485218
variance: 2.4158049972260223e-06

AL interation 884/1000.

mae: 0.001451362395232536
max_error: 0.027321114476762887
variance: 2.405407455871845e-06

AL interation 885/1000.

mae: 0.0014498845847310804
max_error: 0.026345762696109887
variance: 2.3526131633516886e-06

AL interation 886/1000.

mae: 0.0014498907584556946
max_error: 0.026843632843338128
variance: 2.368415207961021e-06

AL interation 887/1000.

mae: 0.001446658254070826
max_error: 0.025982295434914704
variance: 2.3378404112347345e-06

AL interation 888/1000.

mae: 0.001442037574859569
max_error: 0.028450419466935273
variance: 2.3954030873470364e-06

AL interation 889/1000.

mae: 0.0014421867482551534
max_error: 0.02854290166123974
variance: 2.398918349086398e-06

AL interation 890/1000.

mae: 0.0014421612551623185
max_error: 0.028554098021231766
variance: 2.399107018184964e-06

AL interation 891/1000.

mae: 0.0014380969370040475
max_error: 0.027347126316271897
variance: 2.3555481883057014e-06

AL interation 892/1000.

mae: 0.0014380202560269027
max_error: 0.027562079291783448
variance: 2.3604220564863365e-06

AL interation 893/1000.

mae: 0.0014436587632835655
max_error: 0.03023134478553402
variance: 2.449031585260791e-06

AL interation 894/1000.

mae: 0.0014438006257150846
max_error: 0.030196258138857957
variance: 2.4477246000104386e-06

AL interation 895/1000.

mae: 0.0014460708247015647
max_error: 0.03275534630938637
variance: 2.5246292369325525e-06

AL interation 896/1000.

mae: 0.001450869122972108
max_error: 0.03258322858437168
variance: 2.5292971963391648e-06

AL interation 897/1000.

mae: 0.0014496569018110678
max_error: 0.03197615527733433
variance: 2.5084783333100283e-06

AL interation 898/1000.

mae: 0.0014420809520452166
max_error: 0.03378698163851368
variance: 2.5568460893406055e-06

AL interation 899/1000.

mae: 0.0014469174342493715
max_error: 0.03495152414961922
variance: 2.6120010490094694e-06

AL interation 900/1000.

mae: 0.0014470552970242351
max_error: 0.03505264156683552
variance: 2.6157317872396824e-06

AL interation 901/1000.

mae: 0.0014454667943509776
max_error: 0.03473917701467144
variance: 2.6017701179888328e-06

AL interation 902/1000.

mae: 0.0014457938181394638
max_error: 0.03453910284861195
variance: 2.5952703465937203e-06

AL interation 903/1000.

mae: 0.0014439954628314808
max_error: 0.03423102879150974
variance: 2.572770883366004e-06

AL interation 904/1000.

mae: 0.0014429975195953376
max_error: 0.033691472645841714
variance: 2.5472176321605457e-06

AL interation 905/1000.

mae: 0.0014414059560713213
max_error: 0.03265945547445881
variance: 2.503137344839875e-06

AL interation 906/1000.

mae: 0.0014397328673330775
max_error: 0.03330809370800125
variance: 2.5215511640627376e-06

AL interation 907/1000.

mae: 0.0014402025321051041
max_error: 0.03241489761694538
variance: 2.488423420171106e-06

AL interation 908/1000.

mae: 0.0014324390773354026
max_error: 0.03272736379130947
variance: 2.498340234317243e-06

AL interation 909/1000.

mae: 0.0014333534029365182
max_error: 0.03304271147771942
variance: 2.5098139919009565e-06

AL interation 910/1000.

mae: 0.0014339132546165275
max_error: 0.03323008054121601
variance: 2.5220273814526128e-06

AL interation 911/1000.

mae: 0.001431063158960569
max_error: 0.032961544852696534
variance: 2.512044079839185e-06

AL interation 912/1000.

mae: 0.0014312500690957677
max_error: 0.03315965765341389
variance: 2.5161182594939966e-06

AL interation 913/1000.

mae: 0.0014316562930534928
max_error: 0.0335784026347028
variance: 2.5317311120668915e-06

AL interation 914/1000.

mae: 0.0014303115940274439
max_error: 0.0325196062140094
variance: 2.4879924859039704e-06

AL interation 915/1000.

mae: 0.0014290631092053446
max_error: 0.03231574342771637
variance: 2.4913227312405876e-06

AL interation 916/1000.

mae: 0.0014285854639638274
max_error: 0.03254014001413452
variance: 2.4989758332300957e-06

AL interation 917/1000.

mae: 0.0014317318023777262
max_error: 0.031448208998881455
variance: 2.4719009861984433e-06

AL interation 918/1000.

mae: 0.001432435396191977
max_error: 0.03208807789906132
variance: 2.4862743909533575e-06

AL interation 919/1000.

mae: 0.0014302149288187137
max_error: 0.029577075775705453
variance: 2.3963748435840592e-06

AL interation 920/1000.

mae: 0.0014323820579766108
max_error: 0.030463573794804688
variance: 2.4173891261743245e-06

AL interation 921/1000.

mae: 0.0014323583250834418
max_error: 0.030465717699371453
variance: 2.417130306061351e-06

AL interation 922/1000.

mae: 0.0014333327553104028
max_error: 0.028445746090255852
variance: 2.376833691082567e-06

AL interation 923/1000.

mae: 0.0014352219587290165
max_error: 0.03193829887732136
variance: 2.4930896889001955e-06

AL interation 924/1000.

mae: 0.0014353525961969353
max_error: 0.03205987558885681
variance: 2.4975580405491707e-06

AL interation 925/1000.

mae: 0.0014347503823055377
max_error: 0.031882408346973534
variance: 2.489648530355082e-06

AL interation 926/1000.

mae: 0.0014383472521249132
max_error: 0.03249630266054737
variance: 2.506980290642336e-06

AL interation 927/1000.

mae: 0.0014397007095303708
max_error: 0.03329366007073986
variance: 2.5412759475408795e-06

AL interation 928/1000.

mae: 0.001439573751388707
max_error: 0.0338819933049308
variance: 2.5636487570051996e-06

AL interation 929/1000.

mae: 0.0014382229479642775
max_error: 0.03328986027463543
variance: 2.5323807192976496e-06

AL interation 930/1000.

mae: 0.0014381293299111349
max_error: 0.03228851341827976
variance: 2.4941771895118814e-06

AL interation 931/1000.

mae: 0.0014376980957385968
max_error: 0.03173656695707905
variance: 2.4748631570913943e-06

AL interation 932/1000.

mae: 0.0014392874349514386
max_error: 0.03215773710235226
variance: 2.49131747516428e-06

AL interation 933/1000.

mae: 0.001437306893184541
max_error: 0.033521560292683716
variance: 2.5319082031912516e-06

AL interation 934/1000.

mae: 0.0014377107564614562
max_error: 0.03356398576124775
variance: 2.5345865281040657e-06

AL interation 935/1000.

mae: 0.0014383562806806367
max_error: 0.03367183105274307
variance: 2.538145333755614e-06

AL interation 936/1000.

mae: 0.0014388698688426302
max_error: 0.033771735887967225
variance: 2.54328659959262e-06

AL interation 937/1000.

mae: 0.0014373796638456043
max_error: 0.03370194071158039
variance: 2.5352394557395584e-06

AL interation 938/1000.

mae: 0.0014338073362587238
max_error: 0.03423669682069885
variance: 2.54885455978617e-06

AL interation 939/1000.

mae: 0.0014450184568449913
max_error: 0.05375767805799114
variance: 3.4143793348950094e-06

AL interation 940/1000.

mae: 0.0014430322760108538
max_error: 0.05636328392847645
variance: 3.5524247374691655e-06

AL interation 941/1000.

mae: 0.0014429131431616042
max_error: 0.05646748216076958
variance: 3.5557602302680095e-06

AL interation 942/1000.

mae: 0.0014401207536766378
max_error: 0.055509793844066735
variance: 3.4930666344725977e-06

AL interation 943/1000.

mae: 0.0014401253916630594
max_error: 0.05550881968065369
variance: 3.4929687192125824e-06

AL interation 944/1000.

mae: 0.0014375858477587826
max_error: 0.05383687959238159
variance: 3.387696130012508e-06

AL interation 945/1000.

mae: 0.0014327906060634633
max_error: 0.0528440748266803
variance: 3.3240265795457758e-06

AL interation 946/1000.

mae: 0.001426798476665681
max_error: 0.051072995450340386
variance: 3.23181754479202e-06

AL interation 947/1000.

mae: 0.0014276172090421824
max_error: 0.0513279990218507
variance: 3.2487023784367783e-06

AL interation 948/1000.

mae: 0.0014275306292720416
max_error: 0.05133023419602978
variance: 3.2485378188055238e-06

AL interation 949/1000.

mae: 0.0014274500897290636
max_error: 0.05186235279961693
variance: 3.276804591042338e-06

AL interation 950/1000.

mae: 0.0014339095732429996
max_error: 0.05394155838712322
variance: 3.4069866881243395e-06

AL interation 951/1000.

mae: 0.001433896817445202
max_error: 0.054008524205528374
variance: 3.412269692674107e-06

AL interation 952/1000.

mae: 0.0014344287450676347
max_error: 0.05413269185646641
variance: 3.420256382956702e-06

AL interation 953/1000.

mae: 0.001433943837937477
max_error: 0.053399117004119034
variance: 3.388983531659164e-06

AL interation 954/1000.

mae: 0.0014344112161852535
max_error: 0.05378468827530014
variance: 3.412197529366094e-06

AL interation 955/1000.

mae: 0.0014342360251221181
max_error: 0.05394181356950867
variance: 3.418326069194471e-06

AL interation 956/1000.

mae: 0.0014294411920382118
max_error: 0.05350339905544388
variance: 3.381844490646587e-06

AL interation 957/1000.

mae: 0.001426951048227238
max_error: 0.05409854398294556
variance: 3.397959560288781e-06

AL interation 958/1000.

mae: 0.0014260100195097039
max_error: 0.0535328959040271
variance: 3.364982281892497e-06

AL interation 959/1000.

mae: 0.0014273260099334948
max_error: 0.05537574113532173
variance: 3.466739633812296e-06

AL interation 960/1000.

mae: 0.0014267867236703751
max_error: 0.05546915837749111
variance: 3.4781957389929174e-06

AL interation 961/1000.

mae: 0.0014271050971456135
max_error: 0.055303463052950974
variance: 3.4692519515189757e-06

AL interation 962/1000.

mae: 0.0014279868945468478
max_error: 0.05553187363966572
variance: 3.487667168546954e-06

AL interation 963/1000.

mae: 0.0014222571036507361
max_error: 0.054598623227320786
variance: 3.4056467880575046e-06

AL interation 964/1000.

mae: 0.001421476978782266
max_error: 0.05433944919332134
variance: 3.3892611456484104e-06

AL interation 965/1000.

mae: 0.0014191071532786736
max_error: 0.05380413429065811
variance: 3.3679317748346004e-06

AL interation 966/1000.

mae: 0.0014177615802855143
max_error: 0.05370214143022167
variance: 3.3575354735982995e-06

AL interation 967/1000.

mae: 0.001418096788688672
max_error: 0.054148030739270325
variance: 3.379176675249101e-06

AL interation 968/1000.

mae: 0.0014180439549845688
max_error: 0.05414068819209206
variance: 3.3793554379045154e-06

AL interation 969/1000.

mae: 0.0014169173331965794
max_error: 0.05319088631495106
variance: 3.342888211926687e-06

AL interation 970/1000.

mae: 0.001416163710867295
max_error: 0.05208837733789551
variance: 3.269102610676056e-06

AL interation 971/1000.

mae: 0.0014159022081121292
max_error: 0.052223849382244225
variance: 3.275079902130192e-06

AL interation 972/1000.

mae: 0.001416747026347366
max_error: 0.05220879920943844
variance: 3.272567184496258e-06

AL interation 973/1000.

mae: 0.0014185852532982608
max_error: 0.05334263787790405
variance: 3.341424569226251e-06

AL interation 974/1000.

mae: 0.0014198810057750961
max_error: 0.05319345490261185
variance: 3.3341609013821e-06

AL interation 975/1000.

mae: 0.0014207754802755517
max_error: 0.05351174370571243
variance: 3.3496119455113103e-06

AL interation 976/1000.

mae: 0.0014175555984829772
max_error: 0.053851598214350815
variance: 3.35705417103465e-06

AL interation 977/1000.

mae: 0.0014183433187836272
max_error: 0.053893692132078286
variance: 3.36193652625372e-06

AL interation 978/1000.

mae: 0.0014162957405542329
max_error: 0.05361384273692238
variance: 3.3387406677406974e-06

AL interation 979/1000.

mae: 0.0014164283484042245
max_error: 0.05349236847087013
variance: 3.3298298426685977e-06

AL interation 980/1000.

mae: 0.0014160894462247598
max_error: 0.053852810796342965
variance: 3.347895220156528e-06

AL interation 981/1000.

mae: 0.0014166051624106332
max_error: 0.05384098299964535
variance: 3.349248508406934e-06

AL interation 982/1000.

mae: 0.0014151383058524517
max_error: 0.05357167245074379
variance: 3.3230411170503444e-06

AL interation 983/1000.

mae: 0.0014129793276306372
max_error: 0.053852352585636254
variance: 3.333226317564934e-06

AL interation 984/1000.

mae: 0.0014131786751459003
max_error: 0.05385775798185932
variance: 3.3352695157204173e-06

AL interation 985/1000.

mae: 0.0014131575517512829
max_error: 0.053840070303522225
variance: 3.334540486292256e-06

AL interation 986/1000.

mae: 0.0014158034988295185
max_error: 0.05551320248468983
variance: 3.422956331908777e-06

AL interation 987/1000.

mae: 0.0014155329782834089
max_error: 0.055325788717709656
variance: 3.40810813287253e-06

AL interation 988/1000.

mae: 0.0014154358776604567
max_error: 0.055300073038779374
variance: 3.406198436755501e-06

AL interation 989/1000.

mae: 0.0014170591025858812
max_error: 0.056503164853893395
variance: 3.4782788433388583e-06

AL interation 990/1000.

mae: 0.001416229325457607
max_error: 0.05653861471637356
variance: 3.4792871202721654e-06

AL interation 991/1000.

mae: 0.0014153863898500277
max_error: 0.05704766818507778
variance: 3.507752764912379e-06

AL interation 992/1000.

mae: 0.0014144425178028541
max_error: 0.05731395566090214
variance: 3.5216796380970595e-06

AL interation 993/1000.

mae: 0.0014119994581988067
max_error: 0.056158437665544625
variance: 3.4424385209432362e-06

AL interation 994/1000.

mae: 0.0014123592714349797
max_error: 0.05640200832112896
variance: 3.461247661312347e-06

AL interation 995/1000.

mae: 0.001412242523173518
max_error: 0.05648248949273693
variance: 3.4644868843665e-06

AL interation 996/1000.

mae: 0.0014131630178699198
max_error: 0.05638013155385124
variance: 3.462460296306421e-06

AL interation 997/1000.

mae: 0.0014145588946494173
max_error: 0.056745927121482964
variance: 3.487634701037458e-06

AL interation 998/1000.

mae: 0.0014145272682162613
max_error: 0.05666029014810192
variance: 3.483185003994386e-06

AL interation 999/1000.

mae: 0.0014166379558564585
max_error: 0.05683746681734192
variance: 3.509886009678543e-06
[2024-07-01 17:55:48,569][__main__][INFO] - Experiment run time: 1640.8675875663757
submitit INFO (2024-07-01 17:55:48,571) - Job completed successfully
[2024-07-01 17:55:48,571][submitit][INFO] - Job completed successfully
submitit INFO (2024-07-01 17:55:48,618) - Exiting after successful completion
[2024-07-01 17:55:48,618][submitit][INFO] - Exiting after successful completion
